episode_index,timesteps_at_end,wall_clock_s,train_day,train_scenario_seed,scenario_seed_in_eval_seeds,rejected_eval_seed_draws,episode_reward_raw,episode_length
0,96,0.85,2022-01-24,100,False,,-12582.253142,96
1,192,1.71,2022-02-07,335459,False,,-22767.113972,96
2,288,2.47,2022-02-21,97816,False,,-9174.03239,96
3,384,3.13,2022-03-19,380245,False,,-9207.205378,96
4,480,3.95,2022-04-13,133854,False,,-29382.673956,96
5,576,5.3,2022-04-27,832032,False,,-23919.020883,96
6,672,6.82,2022-05-09,650746,False,,-24379.489024,96
7,768,8.27,2022-06-04,974794,False,,-21842.392661,96
8,864,9.5,2022-06-22,187684,False,,-16008.917694,96
9,960,11.0,2022-07-26,856150,False,,-50430.184644,96
10,1056,12.48,2022-08-03,618699,False,,-16208.218004,96
11,1152,14.06,2022-08-17,37907,False,,-40325.333192,96
12,1248,15.6,2022-09-07,11213,False,,-25764.649039,96
13,1344,17.11,2022-09-29,968840,False,,-32368.325547,96
14,1440,18.56,2022-10-12,341146,False,,-26607.417056,96
15,1536,20.14,2022-10-26,670136,False,,-19192.8219,96
16,1632,21.74,2022-11-23,801227,False,,-32175.485004,96
17,1728,23.2,2022-12-07,125664,False,,-20847.201779,96
18,1824,24.52,2022-12-17,410656,False,,-24925.352034,96
19,1920,26.09,2022-12-28,667106,False,,-24366.429947,96
20,2016,27.62,2022-01-24,294488,False,,-35084.960723,96
21,2112,29.08,2022-02-07,149868,False,,-27873.209875,96
22,2208,30.61,2022-02-21,360162,False,,-29609.117678,96
23,2304,32.01,2022-03-19,803589,False,,-50870.214917,96
24,2400,33.36,2022-04-13,196343,False,,-16758.173127,96
25,2496,34.85,2022-04-27,357461,False,,-33209.605737,96
26,2592,36.35,2022-05-09,203289,False,,-13888.324637,96
27,2688,37.82,2022-06-04,819610,False,,-12545.795512,96
28,2784,39.37,2022-06-22,532102,False,,-27215.279314,96
29,2880,40.92,2022-07-26,87755,False,,-21965.293351,96
30,2976,42.53,2022-08-03,699963,False,,-35604.18681,96
31,3072,44.11,2022-08-17,493293,False,,-54115.598557,96
32,3168,45.8,2022-09-07,184890,False,,-19402.176097,96
33,3264,47.28,2022-09-29,760659,False,,-34881.212219,96
34,3360,48.74,2022-10-12,298057,False,,-11703.720199,96
35,3456,50.19,2022-10-26,505369,False,,-22846.223065,96
36,3552,51.75,2022-11-23,472083,False,,-26291.066224,96
37,3648,53.23,2022-12-07,329073,False,,-17592.178811,96
38,3744,54.77,2022-12-17,598635,False,,-23448.678172,96
39,3840,56.24,2022-12-28,486978,False,,-32948.612156,96
40,3936,57.48,2022-01-24,919887,False,,-36382.154509,96
41,4032,59.04,2022-02-07,499030,False,,-26780.483672,96
42,4128,60.56,2022-02-21,154976,False,,-28054.690826,96
43,4224,62.05,2022-03-19,166998,False,,-31872.75061,96
44,4320,63.58,2022-04-13,182474,False,,-24164.907928,96
45,4416,64.95,2022-04-27,689314,False,,-24071.564319,96
46,4512,66.45,2022-05-09,83313,False,,-41408.462205,96
47,4608,67.97,2022-06-04,484498,False,,-21913.878122,96
48,4704,69.43,2022-06-22,319598,False,,-30799.275963,96
49,4800,71.02,2022-07-26,956163,False,,-21398.688523,96
50,4896,72.68,2022-08-03,369921,False,,-21455.946536,96
51,4992,74.31,2022-08-17,257252,False,,-21216.106907,96
52,5088,75.63,2022-09-07,720011,False,,-36273.68791,96
53,5184,77.32,2022-09-29,258663,False,,-19707.877082,96
54,5280,78.9,2022-10-12,576627,False,,-43981.505977,96
55,5376,80.38,2022-10-26,397402,False,,-24410.410576,96
56,5472,81.85,2022-11-23,251700,False,,-19233.059749,96
57,5568,83.37,2022-12-07,51926,False,,-21373.887984,96
58,5664,84.84,2022-12-17,309702,False,,-16159.263519,96
59,5760,86.38,2022-12-28,521285,False,,-21489.662595,96
60,5856,87.88,2022-01-24,511549,False,,-32758.609894,96
61,5952,89.39,2022-02-07,437244,False,,-28781.189846,96
62,6048,90.98,2022-02-21,56407,False,,-26434.499862,96
63,6144,92.58,2022-03-19,489219,False,,-25899.287243,96
64,6240,94.03,2022-04-13,680626,False,,-30061.709464,96
65,6336,95.6,2022-04-27,86879,False,,-23087.515728,96
66,6432,97.2,2022-05-09,487746,False,,-13964.097033,96
67,6528,98.78,2022-06-04,559922,False,,-41434.877319,96
68,6624,100.32,2022-06-22,125800,False,,-27991.205282,96
69,6720,101.77,2022-07-26,947998,False,,-15374.486714,96
70,6816,103.25,2022-08-03,465347,False,,-17382.907226,96
71,6912,104.59,2022-08-17,355590,False,,-18348.004325,96
72,7008,106.15,2022-09-07,676187,False,,-20579.103057,96
73,7104,107.7,2022-09-29,879176,False,,-12722.682679,96
74,7200,109.41,2022-10-12,41941,False,,-19827.651803,96
75,7296,111.13,2022-10-26,1704,False,,-24353.868556,96
76,7392,112.75,2022-11-23,986401,False,,-22269.249384,96
77,7488,114.48,2022-12-07,263585,False,,-24725.778449,96
78,7584,115.97,2022-12-17,448873,False,,-7778.942433,96
79,7680,117.51,2022-12-28,727280,False,,-10581.131184,96
80,7776,119.06,2022-01-24,886520,False,,-15116.928517,96
81,7872,120.44,2022-02-07,352037,False,,-23972.074032,96
82,7968,121.83,2022-02-21,608672,False,,-21555.479741,96
83,8064,123.28,2022-03-19,608952,False,,-28016.184755,96
84,8160,124.75,2022-04-13,442069,False,,-38156.979804,96
85,8256,126.15,2022-04-27,160009,False,,-28639.026647,96
86,8352,127.68,2022-05-09,528904,False,,-31329.69759,96
87,8448,129.12,2022-06-04,510069,False,,-9466.543258,96
88,8544,130.63,2022-06-22,344714,False,,-24689.127194,96
89,8640,132.15,2022-07-26,84710,False,,-30454.247407,96
90,8736,133.75,2022-08-03,252596,False,,-11232.942924,96
91,8832,135.23,2022-08-17,962215,False,,-26013.380352,96
92,8928,136.76,2022-09-07,338198,False,,-11551.337596,96
93,9024,138.23,2022-09-29,903851,False,,-22676.421755,96
94,9120,139.71,2022-10-12,809108,False,,-13133.641335,96
95,9216,141.18,2022-10-26,828144,False,,-17032.869456,96
96,9312,142.6,2022-11-23,50494,False,,-27515.768165,96
97,9408,144.17,2022-12-07,813097,False,,-52207.375399,96
98,9504,145.6,2022-12-17,976789,False,,-9811.441426,96
99,9600,147.18,2022-12-28,275292,False,,-21167.837484,96
100,9696,148.87,2022-01-24,428642,False,,-31412.132024,96
101,9792,150.47,2022-02-07,876885,False,,-20972.575755,96
102,9888,151.93,2022-02-21,661396,False,,-31125.519338,96
103,9984,153.45,2022-03-19,108152,False,,-18600.082661,96
104,10080,170.56,2022-04-13,454070,False,,-20330.933473,96
105,10176,172.12,2022-04-27,681323,False,,-15645.288953,96
106,10272,173.53,2022-05-09,738999,False,,-17508.505147,96
107,10368,175.39,2022-06-04,944245,False,,-17916.32136,96
108,10464,177.13,2022-06-22,172294,False,,-23141.374607,96
109,10560,178.68,2022-07-26,276128,False,,-18853.857249,96
110,10656,180.15,2022-08-03,653210,False,,-13399.069207,96
111,10752,181.67,2022-08-17,12506,False,,-23202.089515,96
112,10848,183.19,2022-09-07,550536,False,,-19627.246451,96
113,10944,184.87,2022-09-29,732069,False,,-18658.730057,96
114,11040,186.39,2022-10-12,619858,False,,-38401.710467,96
115,11136,187.81,2022-10-26,614130,False,,-19623.139317,96
116,11232,189.38,2022-11-23,503641,False,,-8851.779304,96
117,11328,190.8,2022-12-07,362121,False,,-16137.801758,96
118,11424,192.52,2022-12-17,747460,False,,-12258.89987,96
119,11520,194.13,2022-12-28,108848,False,,-37664.914381,96
120,11616,195.72,2022-01-24,145003,False,,-45935.31758,96
121,11712,197.23,2022-02-07,679206,False,,-32622.583032,96
122,11808,198.74,2022-02-21,739912,False,,-39038.225189,96
123,11904,200.33,2022-03-19,883368,False,,-14238.531773,96
124,12000,202.11,2022-04-13,712072,False,,-15623.535801,96
125,12096,203.69,2022-04-27,450254,False,,-24753.957165,96
126,12192,205.3,2022-05-09,4690,False,,-13378.983249,96
127,12288,207.06,2022-06-04,338125,False,,-13759.801896,96
128,12384,208.87,2022-06-22,527351,False,,-15635.238334,96
129,12480,210.47,2022-07-26,973393,False,,-31228.983464,96
130,12576,212.01,2022-08-03,8632,False,,-20268.124536,96
131,12672,213.56,2022-08-17,931426,False,,-10875.760048,96
132,12768,215.0,2022-09-07,559782,False,,-24038.796293,96
133,12864,216.53,2022-09-29,162219,False,,-28174.210971,96
134,12960,218.41,2022-10-12,851994,False,,-25828.789313,96
135,13056,219.78,2022-10-26,295218,False,,-28380.281977,96
136,13152,221.23,2022-11-23,336613,False,,-20464.166849,96
137,13248,222.52,2022-12-07,53035,False,,-17875.298789,96
138,13344,223.92,2022-12-17,263694,False,,-27998.328259,96
139,13440,225.33,2022-12-28,438060,False,,-22818.437516,96
140,13536,226.81,2022-01-24,415813,False,,-21353.382056,96
141,13632,228.14,2022-02-07,166077,False,,-23439.673001,96
142,13728,229.69,2022-02-21,120520,False,,-22009.139918,96
143,13824,231.18,2022-03-19,600284,False,,-23535.501759,96
144,13920,232.5,2022-04-13,36522,False,,-35692.291261,96
145,14016,233.96,2022-04-27,272474,False,,-19232.759127,96
146,14112,235.57,2022-05-09,823668,False,,-18314.188806,96
147,14208,237.27,2022-06-04,387781,False,,-10143.958973,96
148,14304,238.74,2022-06-22,264876,False,,-14912.742777,96
149,14400,240.47,2022-07-26,294098,False,,-12277.035322,96
150,14496,241.97,2022-08-03,419960,False,,-21582.423976,96
151,14592,243.29,2022-08-17,559782,False,,-17042.409915,96
152,14688,244.86,2022-09-07,984538,False,,-36009.345942,96
153,14784,246.23,2022-09-29,494270,False,,-17864.705847,96
154,14880,247.7,2022-10-12,760037,False,,-17527.183331,96
155,14976,249.29,2022-10-26,371230,False,,-25583.336131,96
156,15072,250.83,2022-11-23,58918,False,,-14818.745935,96
157,15168,252.36,2022-12-07,612213,False,,-16809.235726,96
158,15264,253.85,2022-12-17,153384,False,,-22666.575567,96
159,15360,255.36,2022-12-28,22722,False,,-21017.237265,96
160,15456,256.84,2022-01-24,185925,False,,-31014.909684,96
161,15552,258.34,2022-02-07,664842,False,,-21008.662854,96
162,15648,259.78,2022-02-21,496920,False,,-22908.34555,96
163,15744,261.35,2022-03-19,465262,False,,-23883.329352,96
164,15840,262.81,2022-04-13,91155,False,,-16647.421357,96
165,15936,264.35,2022-04-27,79791,False,,-16957.416462,96
166,16032,265.97,2022-05-09,622733,False,,-8520.760328,96
167,16128,267.5,2022-06-04,464326,False,,-13021.778855,96
168,16224,268.99,2022-06-22,798773,False,,-17931.384531,96
169,16320,270.38,2022-07-26,518230,False,,-25887.279026,96
170,16416,271.75,2022-08-03,963555,False,,-20953.708851,96
171,16512,273.12,2022-08-17,100342,False,,-16938.033315,96
172,16608,274.55,2022-09-07,346073,False,,-30134.245602,96
173,16704,275.9,2022-09-29,19704,False,,-30919.63342,96
174,16800,277.25,2022-10-12,466088,False,,-29503.242852,96
175,16896,278.63,2022-10-26,381296,False,,-23773.788021,96
176,16992,279.97,2022-11-23,515444,False,,-15277.930172,96
177,17088,281.19,2022-12-07,229900,False,,-19595.911358,96
178,17184,282.5,2022-12-17,48544,False,,-55504.498664,96
179,17280,283.7,2022-12-28,751960,False,,-22876.58255,96
180,17376,285.15,2022-01-24,610332,False,,-21708.463386,96
181,17472,286.52,2022-02-07,130199,False,,-16581.523693,96
182,17568,287.99,2022-02-21,485936,False,,-37236.352991,96
183,17664,289.45,2022-03-19,550199,False,,-30813.919526,96
184,17760,290.72,2022-04-13,425836,False,,-28674.09418,96
185,17856,292.09,2022-04-27,341083,False,,-19984.585299,96
186,17952,293.47,2022-05-09,977733,False,,-17120.275104,96
187,18048,294.74,2022-06-04,536265,False,,-36612.976757,96
188,18144,296.22,2022-06-22,827297,False,,-22052.378279,96
189,18240,297.65,2022-07-26,785207,False,,-19068.554185,96
190,18336,299.09,2022-08-03,240927,False,,-19693.902852,96
191,18432,300.44,2022-08-17,882722,False,,-30163.725947,96
192,18528,301.8,2022-09-07,186474,False,,-24447.533237,96
193,18624,303.27,2022-09-29,96435,False,,-25488.782489,96
194,18720,304.61,2022-10-12,173262,False,,-15983.015766,96
195,18816,306.06,2022-10-26,317634,False,,-35842.802914,96
196,18912,307.46,2022-11-23,982838,False,,-22485.299611,96
197,19008,309.02,2022-12-07,832980,False,,-30000.345487,96
198,19104,310.58,2022-12-17,640259,False,,-13099.749495,96
199,19200,311.88,2022-12-28,869569,False,,-18326.496163,96
200,19296,313.24,2022-01-24,125667,False,,-14761.44443,96
201,19392,314.79,2022-02-07,692245,False,,-22018.986132,96
202,19488,316.24,2022-02-21,193675,False,,-16368.540545,96
203,19584,317.66,2022-03-19,901066,False,,-26918.937564,96
204,19680,318.95,2022-04-13,879682,False,,-19104.97418,96
205,19776,320.28,2022-04-27,72211,False,,-24973.94731,96
206,19872,321.72,2022-05-09,268275,False,,-21400.004712,96
207,19968,323.04,2022-06-04,589357,False,,-7845.503038,96
208,20064,337.74,2022-06-22,688726,False,,-50004.872647,96
209,20160,339.41,2022-07-26,933933,False,,-16425.063762,96
210,20256,340.95,2022-08-03,246318,False,,-26953.683945,96
211,20352,342.5,2022-08-17,673443,False,,-25655.068903,96
212,20448,343.93,2022-09-07,63953,False,,-40374.606701,96
213,20544,345.3,2022-09-29,372981,False,,-23084.771708,96
214,20640,346.67,2022-10-12,419680,False,,-19913.926526,96
215,20736,348.21,2022-10-26,10164,False,,-29901.612021,96
216,20832,349.47,2022-11-23,679803,False,,-25579.477756,96
217,20928,350.99,2022-12-07,796691,False,,-25857.019026,96
218,21024,352.36,2022-12-17,208089,False,,-16074.573211,96
219,21120,353.83,2022-12-28,75316,False,,-35917.879499,96
220,21216,355.2,2022-01-24,10816,False,,-28934.406709,96
221,21312,356.65,2022-02-07,32572,False,,-29630.022664,96
222,21408,357.91,2022-02-21,761710,False,,-14697.809556,96
223,21504,359.37,2022-03-19,670209,False,,-23407.404165,96
224,21600,360.96,2022-04-13,736690,False,,-31903.381021,96
225,21696,362.27,2022-04-27,339308,False,,-19897.586006,96
226,21792,363.67,2022-05-09,763811,False,,-28419.495871,96
227,21888,365.11,2022-06-04,660134,False,,-16766.447146,96
228,21984,366.68,2022-06-22,856932,False,,-30727.621086,96
229,22080,368.21,2022-07-26,324883,False,,-14040.198217,96
230,22176,369.62,2022-08-03,404345,False,,-20119.8013,96
231,22272,371.01,2022-08-17,781723,False,,-27075.051545,96
232,22368,372.55,2022-09-07,799448,False,,-16906.878167,96
233,22464,373.98,2022-09-29,206995,False,,-19520.715716,96
234,22560,375.57,2022-10-12,594161,False,,-21420.065262,96
235,22656,377.14,2022-10-26,787205,False,,-14692.910792,96
236,22752,378.83,2022-11-23,364719,False,,-22091.066516,96
237,22848,380.38,2022-12-07,867763,False,,-27253.218048,96
238,22944,381.77,2022-12-17,420112,False,,-14734.554401,96
239,23040,383.04,2022-12-28,524841,False,,-15457.913206,96
240,23136,384.58,2022-01-24,426746,False,,-9306.341047,96
241,23232,386.01,2022-02-07,999060,False,,-10938.182632,96
242,23328,387.41,2022-02-21,22204,False,,-20550.875774,96
243,23424,388.78,2022-03-19,511752,False,,-45252.274529,96
244,23520,390.18,2022-04-13,701533,False,,-27834.396097,96
245,23616,391.58,2022-04-27,694285,False,,-36208.046176,96
246,23712,393.06,2022-05-09,66902,False,,-42273.376542,96
247,23808,394.36,2022-06-04,819016,False,,-27748.635687,96
248,23904,395.87,2022-06-22,789954,False,,-29249.704046,96
249,24000,397.37,2022-07-26,757267,False,,-18746.478961,96
250,24096,398.74,2022-08-03,374334,False,,-10362.469024,96
251,24192,400.17,2022-08-17,131087,False,,-17465.705131,96
252,24288,401.65,2022-09-07,21997,False,,-11235.292302,96
253,24384,402.94,2022-09-29,116913,False,,-16512.10325,96
254,24480,404.32,2022-10-12,747677,False,,-14876.832108,96
255,24576,405.68,2022-10-26,5879,False,,-16162.247098,96
256,24672,407.12,2022-11-23,327319,False,,-50211.187583,96
257,24768,408.44,2022-12-07,564975,False,,-27656.276213,96
258,24864,409.89,2022-12-17,417011,False,,-14836.841207,96
259,24960,411.22,2022-12-28,152772,False,,-16828.503809,96
260,25056,412.58,2022-01-24,12589,False,,-14265.037228,96
261,25152,414.0,2022-02-07,585415,False,,-25596.240978,96
262,25248,415.37,2022-02-21,244850,False,,-19716.055227,96
263,25344,416.58,2022-03-19,669452,False,,-36027.614648,96
264,25440,418.07,2022-04-13,231546,False,,-25760.509349,96
265,25536,419.38,2022-04-27,127607,False,,-22863.935174,96
266,25632,420.58,2022-05-09,882293,False,,-9641.389913,96
267,25728,421.9,2022-06-04,918352,False,,-18897.370006,96
268,25824,423.29,2022-06-22,991352,False,,-13448.278581,96
269,25920,424.58,2022-07-26,672620,False,,-28241.521624,96
270,26016,425.77,2022-08-03,437322,False,,-36657.561744,96
271,26112,427.11,2022-08-17,773399,False,,-22387.226304,96
272,26208,428.57,2022-09-07,163642,False,,-15354.560668,96
273,26304,429.98,2022-09-29,691935,False,,-25802.331675,96
274,26400,431.4,2022-10-12,712798,False,,-19973.68125,96
275,26496,432.8,2022-10-26,448106,False,,-15885.241174,96
276,26592,434.18,2022-11-23,523778,False,,-18932.819291,96
277,26688,435.6,2022-12-07,830886,False,,-33427.57731,96
278,26784,437.01,2022-12-17,279223,False,,-13718.874557,96
279,26880,438.37,2022-12-28,955697,False,,-24501.598528,96
280,26976,439.73,2022-01-24,529188,False,,-12294.482994,96
281,27072,440.95,2022-02-07,629828,False,,-18162.495633,96
282,27168,442.4,2022-02-21,86244,False,,-33632.544137,96
283,27264,443.82,2022-03-19,40979,False,,-12670.856363,96
284,27360,445.15,2022-04-13,844386,False,,-30132.884043,96
285,27456,446.61,2022-04-27,207234,False,,-37469.370599,96
286,27552,447.99,2022-05-09,530388,False,,-20842.606064,96
287,27648,449.68,2022-06-04,471256,False,,-23893.100285,96
288,27744,451.12,2022-06-22,260975,False,,-27335.30316,96
289,27840,452.63,2022-07-26,257377,False,,-22608.184052,96
290,27936,454.01,2022-08-03,274336,False,,-28370.227228,96
291,28032,455.49,2022-08-17,744193,False,,-16568.872206,96
292,28128,457.05,2022-09-07,108793,False,,-15351.369768,96
293,28224,458.51,2022-09-29,848912,False,,-28053.256324,96
294,28320,460.15,2022-10-12,910203,False,,-26931.804311,96
295,28416,461.63,2022-10-26,310396,False,,-15564.584656,96
296,28512,463.09,2022-11-23,945724,False,,-17055.566498,96
297,28608,464.56,2022-12-07,172927,False,,-41446.247339,96
298,28704,465.99,2022-12-17,971655,False,,-30063.54296,96
299,28800,467.37,2022-12-28,452059,False,,-51736.218554,96
300,28896,468.73,2022-01-24,73949,False,,-8181.880845,96
301,28992,469.97,2022-02-07,987757,False,,-31780.493584,96
302,29088,471.5,2022-02-21,91689,False,,-16810.920195,96
303,29184,472.92,2022-03-19,728964,False,,-10467.9348,96
304,29280,474.21,2022-04-13,394343,False,,-14098.110675,96
305,29376,475.6,2022-04-27,469145,False,,-12157.522475,96
306,29472,477.04,2022-05-09,162482,False,,-21512.139409,96
307,29568,478.34,2022-06-04,282620,False,,-17904.755667,96
308,29664,479.77,2022-06-22,78736,False,,-16968.709854,96
309,29760,481.14,2022-07-26,509187,False,,-11451.303092,96
310,29856,482.5,2022-08-03,758407,False,,-13811.778232,96
311,29952,483.92,2022-08-17,998518,False,,-13238.847698,96
312,30048,497.73,2022-09-07,900153,False,,-19337.720779,96
313,30144,499.13,2022-09-29,462994,False,,-30178.404551,96
314,30240,500.55,2022-10-12,981262,False,,-21273.203782,96
315,30336,501.96,2022-10-26,730810,False,,-28742.596709,96
316,30432,503.21,2022-11-23,474363,False,,-44983.695087,96
317,30528,504.81,2022-12-07,192323,False,,-15587.026059,96
318,30624,506.3,2022-12-17,113630,False,,-16993.114007,96
319,30720,507.66,2022-12-28,991912,False,,-37976.766691,96
320,30816,509.03,2022-01-24,46056,False,,-13305.327294,96
321,30912,510.41,2022-02-07,601475,False,,-34239.271078,96
322,31008,511.79,2022-02-21,690299,False,,-22900.399389,96
323,31104,513.23,2022-03-19,627704,False,,-14741.001249,96
324,31200,514.63,2022-04-13,160067,False,,-18776.123822,96
325,31296,515.88,2022-04-27,268431,False,,-35627.320576,96
326,31392,517.27,2022-05-09,25009,False,,-32804.317464,96
327,31488,518.66,2022-06-04,141859,False,,-17951.352892,96
328,31584,520.07,2022-06-22,266929,False,,-12184.635809,96
329,31680,521.4,2022-07-26,517672,False,,-21332.32198,96
330,31776,522.7,2022-08-03,701407,False,,-11864.34715,96
331,31872,524.02,2022-08-17,21676,False,,-9857.913125,96
332,31968,525.34,2022-09-07,892424,False,,-14482.104272,96
333,32064,526.71,2022-09-29,27979,False,,-31058.798292,96
334,32160,528.11,2022-10-12,942652,False,,-40617.160281,96
335,32256,529.49,2022-10-26,133789,False,,-45341.400249,96
336,32352,530.82,2022-11-23,131830,False,,-15306.337274,96
337,32448,532.24,2022-12-07,308007,False,,-12422.948856,96
338,32544,533.66,2022-12-17,905552,False,,-13224.073371,96
339,32640,534.88,2022-12-28,565117,False,,-25995.66688,96
340,32736,536.28,2022-01-24,373861,False,,-25913.446233,96
341,32832,537.8,2022-02-07,830357,False,,-32134.613705,96
342,32928,539.08,2022-02-21,408798,False,,-11862.847369,96
343,33024,540.38,2022-03-19,786738,False,,-16392.519187,96
344,33120,541.57,2022-04-13,56172,False,,-36120.093161,96
345,33216,542.95,2022-04-27,880094,False,,-42944.545749,96
346,33312,544.38,2022-05-09,157296,False,,-19896.043662,96
347,33408,545.7,2022-06-04,765689,False,,-46870.847823,96
348,33504,547.12,2022-06-22,230355,False,,-17671.495734,96
349,33600,548.64,2022-07-26,229204,False,,-23318.811662,96
350,33696,550.26,2022-08-03,169463,False,,-14792.859551,96
351,33792,551.67,2022-08-17,683019,False,,-31632.760149,96
352,33888,553.03,2022-09-07,291598,False,,-15446.957084,96
353,33984,554.44,2022-09-29,697513,False,,-14642.132867,96
354,34080,555.89,2022-10-12,383908,False,,-13443.457264,96
355,34176,557.12,2022-10-26,72259,False,,-42006.036687,96
356,34272,558.47,2022-11-23,941948,False,,-35214.946795,96
357,34368,559.88,2022-12-07,86337,False,,-15281.870224,96
358,34464,561.24,2022-12-17,646265,False,,-19787.772488,96
359,34560,562.6,2022-12-28,817524,False,,-31736.771059,96
360,34656,563.98,2022-01-24,138682,False,,-28163.427413,96
361,34752,565.42,2022-02-07,377220,False,,-16921.954501,96
362,34848,566.76,2022-02-21,60697,False,,-15539.721156,96
363,34944,568.02,2022-03-19,600047,False,,-17048.405493,96
364,35040,569.59,2022-04-13,659449,False,,-29824.9497,96
365,35136,570.94,2022-04-27,634332,False,,-37600.714978,96
366,35232,572.34,2022-05-09,887253,False,,-39422.890726,96
367,35328,573.67,2022-06-04,877554,False,,-52300.992284,96
368,35424,575.03,2022-06-22,702434,False,,-17230.82213,96
369,35520,576.38,2022-07-26,776296,False,,-19030.313449,96
370,35616,577.62,2022-08-03,176221,False,,-28923.916432,96
371,35712,579.03,2022-08-17,748604,False,,-17787.556572,96
372,35808,580.37,2022-09-07,840703,False,,-14899.506818,96
373,35904,581.79,2022-09-29,361709,False,,-35215.552047,96
374,36000,583.05,2022-10-12,333714,False,,-10835.150641,96
375,36096,584.47,2022-10-26,810394,False,,-27251.848171,96
376,36192,585.81,2022-11-23,139429,False,,-17169.14499,96
377,36288,586.97,2022-12-07,407098,False,,-15625.520705,96
378,36384,588.31,2022-12-17,567162,False,,-9364.16281,96
379,36480,589.71,2022-12-28,305158,False,,-21789.54919,96
380,36576,590.91,2022-01-24,628933,False,,-33763.647273,96
381,36672,592.12,2022-02-07,878971,False,,-11968.877142,96
382,36768,593.51,2022-02-21,157581,False,,-27562.849855,96
383,36864,594.87,2022-03-19,710963,False,,-12532.921106,96
384,36960,596.28,2022-04-13,189847,False,,-50579.680024,96
385,37056,597.75,2022-04-27,667029,False,,-24689.379316,96
386,37152,599.08,2022-05-09,45944,False,,-12720.189957,96
387,37248,600.27,2022-06-04,180017,False,,-13762.05134,96
388,37344,601.55,2022-06-22,696962,False,,-20670.241634,96
389,37440,602.78,2022-07-26,29617,False,,-18771.566964,96
390,37536,604.16,2022-08-03,870162,False,,-24125.79056,96
391,37632,605.46,2022-08-17,619711,False,,-14674.529852,96
392,37728,606.77,2022-09-07,943222,False,,-30580.577139,96
393,37824,608.23,2022-09-29,638221,False,,-24014.072329,96
394,37920,609.66,2022-10-12,988615,False,,-28354.756529,96
395,38016,610.92,2022-10-26,642958,False,,-27411.949921,96
396,38112,612.38,2022-11-23,548307,False,,-18213.249037,96
397,38208,613.87,2022-12-07,782719,False,,-24218.788043,96
398,38304,615.11,2022-12-17,532083,False,,-20691.253384,96
399,38400,616.38,2022-12-28,305652,False,,-7634.307181,96
400,38496,617.95,2022-01-24,354711,False,,-20778.017016,96
401,38592,619.45,2022-02-07,970900,False,,-21531.139406,96
402,38688,620.94,2022-02-21,658838,False,,-20019.042355,96
403,38784,622.3,2022-03-19,915375,False,,-35028.067813,96
404,38880,623.57,2022-04-13,817715,False,,-15745.449395,96
405,38976,624.97,2022-04-27,102466,False,,-26356.689902,96
406,39072,626.16,2022-05-09,754351,False,,-22828.097694,96
407,39168,627.54,2022-06-04,671420,False,,-11174.578077,96
408,39264,628.89,2022-06-22,824588,False,,-14239.688393,96
409,39360,630.3,2022-07-26,23903,False,,-19075.452811,96
410,39456,631.7,2022-08-03,807913,False,,-25252.076985,96
411,39552,633.11,2022-08-17,478333,False,,-18066.9664,96
412,39648,634.38,2022-09-07,499853,False,,-19890.517303,96
413,39744,635.77,2022-09-29,976645,False,,-15371.609253,96
414,39840,637.18,2022-10-12,404226,False,,-15798.285937,96
415,39936,638.7,2022-10-26,985353,False,,-22895.805082,96
416,40032,654.11,2022-11-23,399703,False,,-25139.959581,96
417,40128,655.57,2022-12-07,113741,False,,-31316.028959,96
418,40224,656.91,2022-12-17,678666,False,,-40711.260248,96
419,40320,658.29,2022-12-28,426277,False,,-31977.552901,96
420,40416,659.84,2022-01-24,165750,False,,-11643.767715,96
421,40512,661.13,2022-02-07,766585,False,,-13744.540299,96
422,40608,662.49,2022-02-21,955795,False,,-15656.369998,96
423,40704,663.85,2022-03-19,943381,False,,-27469.800267,96
424,40800,665.26,2022-04-13,363303,False,,-39912.809906,96
425,40896,666.7,2022-04-27,922875,False,,-38444.036601,96
426,40992,668.04,2022-05-09,774997,False,,-14783.214809,96
427,41088,669.35,2022-06-04,768545,False,,-39947.004207,96
428,41184,670.72,2022-06-22,161300,False,,-25642.951882,96
429,41280,672.09,2022-07-26,518973,False,,-12104.952059,96
430,41376,673.31,2022-08-03,196046,False,,-15935.852682,96
431,41472,674.52,2022-08-17,261629,False,,-36715.648355,96
432,41568,675.89,2022-09-07,391000,False,,-7874.430736,96
433,41664,677.38,2022-09-29,800558,False,,-10785.250223,96
434,41760,678.62,2022-10-12,841210,False,,-22993.365031,96
435,41856,679.93,2022-10-26,6309,False,,-13605.999905,96
436,41952,681.13,2022-11-23,964156,False,,-24293.018168,96
437,42048,682.53,2022-12-07,275001,False,,-31306.644194,96
438,42144,683.93,2022-12-17,217109,False,,-33463.594454,96
439,42240,685.42,2022-12-28,734936,False,,-22506.058493,96
440,42336,686.8,2022-01-24,635483,False,,-36817.259833,96
441,42432,688.17,2022-02-07,736030,False,,-23729.024495,96
442,42528,689.55,2022-02-21,896517,False,,-20207.856777,96
443,42624,690.88,2022-03-19,296441,False,,-18812.949275,96
444,42720,692.28,2022-04-13,458437,False,,-23748.247887,96
445,42816,693.64,2022-04-27,728103,False,,-16959.899995,96
446,42912,695.09,2022-05-09,743025,False,,-22779.992678,96
447,43008,696.55,2022-06-04,498587,False,,-15911.811875,96
448,43104,697.96,2022-06-22,522245,False,,-45352.827246,96
449,43200,699.39,2022-07-26,218909,False,,-13178.204479,96
450,43296,700.68,2022-08-03,580821,False,,-24837.137563,96
451,43392,702.07,2022-08-17,650617,False,,-21010.673113,96
452,43488,703.32,2022-09-07,597931,False,,-28347.651342,96
453,43584,704.62,2022-09-29,141774,False,,-19820.915282,96
454,43680,705.97,2022-10-12,781721,False,,-21700.261481,96
455,43776,707.27,2022-10-26,806762,False,,-28203.377138,96
456,43872,708.79,2022-11-23,780235,False,,-29416.400896,96
457,43968,710.14,2022-12-07,303723,False,,-15957.286608,96
458,44064,711.51,2022-12-17,886841,False,,-15800.720999,96
459,44160,713.01,2022-12-28,750303,False,,-20693.512318,96
460,44256,714.28,2022-01-24,647090,False,,-27101.605516,96
461,44352,715.65,2022-02-07,9177,False,,-10589.499281,96
462,44448,717.2,2022-02-21,276910,False,,-15760.484468,96
463,44544,718.44,2022-03-19,18171,False,,-23688.082077,96
464,44640,719.85,2022-04-13,436095,False,,-13037.66963,96
465,44736,721.24,2022-04-27,438190,False,,-23829.277246,96
466,44832,722.64,2022-05-09,870829,False,,-17875.948145,96
467,44928,724.22,2022-06-04,96957,False,,-17296.520269,96
468,45024,725.59,2022-06-22,970050,False,,-25002.366182,96
469,45120,727.09,2022-07-26,884130,False,,-27154.166372,96
470,45216,728.44,2022-08-03,210041,False,,-15666.796088,96
471,45312,730.17,2022-08-17,390024,False,,-16184.459269,96
472,45408,731.78,2022-09-07,953655,False,,-16640.162735,96
473,45504,733.25,2022-09-29,398224,False,,-28778.804828,96
474,45600,734.86,2022-10-12,26567,False,,-23520.586846,96
475,45696,736.47,2022-10-26,195105,False,,-21724.330096,96
476,45792,738.08,2022-11-23,10248,False,,-20459.163137,96
477,45888,739.54,2022-12-07,336529,False,,-21958.057859,96
478,45984,741.18,2022-12-17,994199,False,,-13080.972359,96
479,46080,742.77,2022-12-28,813319,False,,-25656.221703,96
480,46176,744.24,2022-01-24,778245,False,,-15549.77214,96
481,46272,745.63,2022-02-07,927653,False,,-19562.175334,96
482,46368,747.21,2022-02-21,314568,False,,-16750.67137,96
483,46464,748.83,2022-03-19,747974,False,,-15365.133959,96
484,46560,750.42,2022-04-13,308199,False,,-29707.832972,96
485,46656,752.14,2022-04-27,722014,False,,-13119.125595,96
486,46752,753.71,2022-05-09,443426,False,,-26306.733859,96
487,46848,755.32,2022-06-04,83291,False,,-13080.057446,96
488,46944,757.07,2022-06-22,650969,False,,-27461.272266,96
489,47040,759.0,2022-07-26,57961,False,,-28268.007308,96
490,47136,760.54,2022-08-03,702545,False,,-27874.987568,96
491,47232,762.19,2022-08-17,816805,False,,-19115.792078,96
492,47328,763.73,2022-09-07,872954,False,,-22721.543685,96
493,47424,765.04,2022-09-29,612787,False,,-33597.256556,96
494,47520,766.5,2022-10-12,620838,False,,-12729.635347,96
495,47616,767.77,2022-10-26,729951,False,,-21955.774492,96
496,47712,768.98,2022-11-23,555635,False,,-25717.201558,96
497,47808,770.41,2022-12-07,275875,False,,-26241.50642,96
498,47904,771.78,2022-12-17,485464,False,,-19589.479924,96
499,48000,773.3,2022-12-28,357746,False,,-23673.498158,96
500,48096,774.79,2022-01-24,329235,False,,-20994.508554,96
501,48192,776.56,2022-02-07,977649,False,,-28524.788114,96
502,48288,777.94,2022-02-21,347027,False,,-7842.069176,96
503,48384,779.26,2022-03-19,664473,False,,-20002.859457,96
504,48480,780.69,2022-04-13,990614,False,,-22706.565033,96
505,48576,782.24,2022-04-27,253353,False,,-9753.593908,96
506,48672,783.53,2022-05-09,163469,False,,-16436.857278,96
507,48768,784.99,2022-06-04,87958,False,,-32385.070766,96
508,48864,786.46,2022-06-22,156318,False,,-16688.919489,96
509,48960,787.97,2022-07-26,618728,False,,-27505.748834,96
510,49056,789.38,2022-08-03,890385,False,,-19439.68617,96
511,49152,790.62,2022-08-17,884419,False,,-31359.666161,96
512,49248,792.11,2022-09-07,913293,False,,-27600.656952,96
513,49344,793.45,2022-09-29,839268,False,,-24744.347659,96
514,49440,794.62,2022-10-12,715962,False,,-43516.614394,96
515,49536,795.84,2022-10-26,501613,False,,-27815.90447,96
516,49632,797.36,2022-11-23,794608,False,,-6291.507119,96
517,49728,798.89,2022-12-07,621956,False,,-23226.945207,96
518,49824,800.46,2022-12-17,965994,False,,-32430.710883,96
519,49920,801.93,2022-12-28,674092,False,,-17445.558035,96
520,50016,817.12,2022-01-24,125951,False,,-33781.096765,96
521,50112,818.57,2022-02-07,631365,False,,-19844.787469,96
522,50208,820.02,2022-02-21,639972,False,,-13170.741708,96
523,50304,821.43,2022-03-19,100234,False,,-31822.429538,96
524,50400,822.79,2022-04-13,642725,False,,-30513.6687,96
525,50496,824.11,2022-04-27,862722,False,,-22022.49275,96
526,50592,825.59,2022-05-09,307861,False,,-12179.602707,96
527,50688,827.06,2022-06-04,179158,False,,-21591.580215,96
528,50784,828.5,2022-06-22,940382,False,,-27247.161519,96
529,50880,829.98,2022-07-26,322908,False,,-26101.896777,96
530,50976,831.46,2022-08-03,646804,False,,-11616.135554,96
531,51072,832.89,2022-08-17,437371,False,,-19690.708511,96
532,51168,834.32,2022-09-07,946816,False,,-23641.947518,96
533,51264,835.8,2022-09-29,796372,False,,-11728.387271,96
534,51360,837.28,2022-10-12,652097,False,,-24154.244466,96
535,51456,838.69,2022-10-26,746978,False,,-37367.858839,96
536,51552,840.19,2022-11-23,522991,False,,-14386.660424,96
537,51648,841.64,2022-12-07,191424,False,,-41952.923385,96
538,51744,843.08,2022-12-17,307220,False,,-19029.474041,96
539,51840,844.53,2022-12-28,19493,False,,-30436.374898,96
540,51936,845.93,2022-01-24,617519,False,,-29056.323676,96
541,52032,847.51,2022-02-07,380832,False,,-15681.716754,96
542,52128,848.97,2022-02-21,724210,False,,-11351.799777,96
543,52224,850.7,2022-03-19,761080,False,,-24116.700229,96
544,52320,852.05,2022-04-13,223835,False,,-22019.850024,96
545,52416,853.53,2022-04-27,75246,False,,-24265.328363,96
546,52512,855.19,2022-05-09,653532,False,,-19417.518711,96
547,52608,856.83,2022-06-04,805197,False,,-13615.977746,96
548,52704,858.34,2022-06-22,130332,False,,-21068.007924,96
549,52800,859.77,2022-07-26,632671,False,,-35953.05023,96
550,52896,861.31,2022-08-03,677925,False,,-13328.068642,96
551,52992,862.66,2022-08-17,225282,False,,-18181.395268,96
552,53088,864.12,2022-09-07,914640,False,,-28296.447409,96
553,53184,865.64,2022-09-29,651977,False,,-25778.673269,96
554,53280,867.1,2022-10-12,9846,False,,-22081.823555,96
555,53376,868.63,2022-10-26,956137,False,,-19877.42463,96
556,53472,870.1,2022-11-23,779927,False,,-34591.466039,96
557,53568,871.59,2022-12-07,781559,False,,-15731.434922,96
558,53664,873.23,2022-12-17,153822,False,,-15497.01758,96
559,53760,874.72,2022-12-28,801817,False,,-32001.9907,96
560,53856,876.23,2022-01-24,911751,False,,-14372.297229,96
561,53952,877.83,2022-02-07,88564,False,,-24344.157741,96
562,54048,879.4,2022-02-21,329489,False,,-21411.349336,96
563,54144,880.92,2022-03-19,995871,False,,-22785.873935,96
564,54240,882.49,2022-04-13,996932,False,,-22105.811724,96
565,54336,883.96,2022-04-27,304525,False,,-17845.45699,96
566,54432,885.53,2022-05-09,485874,False,,-19841.423446,96
567,54528,887.07,2022-06-04,732209,False,,-33379.075774,96
568,54624,888.65,2022-06-22,152236,False,,-17247.489931,96
569,54720,890.26,2022-07-26,837992,False,,-24719.948028,96
570,54816,891.62,2022-08-03,370967,False,,-16968.587031,96
571,54912,893.2,2022-08-17,699404,False,,-26514.198242,96
572,55008,894.66,2022-09-07,988128,False,,-27624.473552,96
573,55104,896.01,2022-09-29,771569,False,,-14377.941581,96
574,55200,897.27,2022-10-12,38261,False,,-26010.544026,96
575,55296,898.77,2022-10-26,760702,False,,-23447.359282,96
576,55392,900.29,2022-11-23,561772,False,,-53873.561302,96
577,55488,901.87,2022-12-07,622796,False,,-27384.954438,96
578,55584,903.19,2022-12-17,824244,False,,-7824.340162,96
579,55680,904.59,2022-12-28,457401,False,,-19148.71533,96
580,55776,905.98,2022-01-24,151909,False,,-24311.97831,96
581,55872,907.26,2022-02-07,234861,False,,-27385.6729,96
582,55968,908.74,2022-02-21,202449,False,,-22719.497417,96
583,56064,910.3,2022-03-19,845315,False,,-31367.488889,96
584,56160,911.79,2022-04-13,833082,False,,-19392.91814,96
585,56256,913.22,2022-04-27,908397,False,,-17224.683751,96
586,56352,914.68,2022-05-09,463492,False,,-22329.180643,96
587,56448,916.12,2022-06-04,129809,False,,-39203.304151,96
588,56544,917.55,2022-06-22,252207,False,,-17702.608557,96
589,56640,919.06,2022-07-26,611767,False,,-21765.563869,96
590,56736,920.67,2022-08-03,404788,False,,-15298.085039,96
591,56832,921.99,2022-08-17,706446,False,,-15916.106292,96
592,56928,923.31,2022-09-07,666403,False,,-9572.687859,96
593,57024,924.79,2022-09-29,358179,False,,-16693.738143,96
594,57120,926.07,2022-10-12,543304,False,,-12726.518185,96
595,57216,927.55,2022-10-26,495795,False,,-18825.809892,96
596,57312,929.09,2022-11-23,795739,False,,-17559.917513,96
597,57408,930.63,2022-12-07,134287,False,,-14317.210916,96
598,57504,932.12,2022-12-17,822699,False,,-23463.652776,96
599,57600,933.67,2022-12-28,549490,False,,-31372.402443,96
600,57696,935.03,2022-01-24,13049,False,,-17859.979406,96
601,57792,936.48,2022-02-07,439027,False,,-42401.086725,96
602,57888,937.89,2022-02-21,178298,False,,-28092.750485,96
603,57984,939.47,2022-03-19,989875,False,,-17147.031996,96
604,58080,940.94,2022-04-13,46650,False,,-14526.397719,96
605,58176,942.42,2022-04-27,58720,False,,-24062.795032,96
606,58272,944.11,2022-05-09,521180,False,,-16618.228363,96
607,58368,945.7,2022-06-04,570845,False,,-37283.818423,96
608,58464,947.29,2022-06-22,48649,False,,-29771.997307,96
609,58560,948.77,2022-07-26,638061,False,,-24600.83088,96
610,58656,950.24,2022-08-03,719147,False,,-23387.474349,96
611,58752,951.73,2022-08-17,340915,False,,-14571.301028,96
612,58848,953.38,2022-09-07,989060,False,,-40210.691272,96
613,58944,954.77,2022-09-29,228630,False,,-14433.246296,96
614,59040,956.31,2022-10-12,405417,False,,-18885.446444,96
615,59136,957.88,2022-10-26,254355,False,,-27973.975165,96
616,59232,959.3,2022-11-23,370693,False,,-25604.524815,96
617,59328,960.63,2022-12-07,194061,False,,-21035.951421,96
618,59424,961.94,2022-12-17,310979,False,,-15832.884458,96
619,59520,963.39,2022-12-28,98144,False,,-13876.748973,96
620,59616,965.04,2022-01-24,777148,False,,-26494.86217,96
621,59712,966.5,2022-02-07,877959,False,,-52385.760644,96
622,59808,967.92,2022-02-21,517818,False,,-27549.184018,96
623,59904,969.45,2022-03-19,782231,False,,-16345.532641,96
624,60000,970.88,2022-04-13,221466,False,,-23168.051845,96
625,60096,987.27,2022-04-27,567618,False,,-12143.40853,96
626,60192,988.95,2022-05-09,552019,False,,-11164.685124,96
627,60288,990.71,2022-06-04,90959,False,,-19058.95704,96
628,60384,992.26,2022-06-22,826761,False,,-39320.522068,96
629,60480,993.82,2022-07-26,722230,False,,-21909.605812,96
630,60576,995.19,2022-08-03,516583,False,,-33086.521162,96
631,60672,996.87,2022-08-17,103523,False,,-29801.66309,96
632,60768,998.32,2022-09-07,83195,False,,-22593.525252,96
633,60864,999.76,2022-09-29,985421,False,,-24661.747205,96
634,60960,1001.3,2022-10-12,323675,False,,-23346.823222,96
635,61056,1002.91,2022-10-26,441246,False,,-34094.426311,96
636,61152,1004.41,2022-11-23,566861,False,,-25519.890126,96
637,61248,1005.78,2022-12-07,814164,False,,-31646.8759,96
638,61344,1007.27,2022-12-17,660680,False,,-18821.00224,96
639,61440,1008.74,2022-12-28,430240,False,,-22146.457776,96
640,61536,1010.18,2022-01-24,801576,False,,-21684.864452,96
641,61632,1011.46,2022-02-07,798126,False,,-27549.20394,96
642,61728,1012.89,2022-02-21,975606,False,,-8694.116315,96
643,61824,1014.33,2022-03-19,403313,False,,-19967.222381,96
644,61920,1016.05,2022-04-13,699723,False,,-22320.516987,96
645,62016,1017.51,2022-04-27,359963,False,,-21050.24816,96
646,62112,1019.08,2022-05-09,860813,False,,-14496.760199,96
647,62208,1020.66,2022-06-04,506770,False,,-15816.99262,96
648,62304,1022.15,2022-06-22,475647,False,,-22027.389194,96
649,62400,1024.0,2022-07-26,278531,False,,-28921.098848,96
650,62496,1025.85,2022-08-03,744202,False,,-29321.206388,96
651,62592,1027.38,2022-08-17,450050,False,,-11652.629011,96
652,62688,1028.77,2022-09-07,758001,False,,-29512.712594,96
653,62784,1030.28,2022-09-29,272350,False,,-24079.921975,96
654,62880,1031.82,2022-10-12,121665,False,,-15143.153026,96
655,62976,1033.33,2022-10-26,87092,False,,-32307.180005,96
656,63072,1034.66,2022-11-23,915867,False,,-15080.997805,96
657,63168,1036.33,2022-12-07,233059,False,,-27725.674573,96
658,63264,1037.93,2022-12-17,428871,False,,-21882.762329,96
659,63360,1039.47,2022-12-28,825004,False,,-19240.82656,96
660,63456,1040.82,2022-01-24,984915,False,,-28754.081059,96
661,63552,1042.14,2022-02-07,306747,False,,-24633.357109,96
662,63648,1043.56,2022-02-21,291323,False,,-17882.908526,96
663,63744,1044.92,2022-03-19,749279,False,,-32383.347872,96
664,63840,1046.83,2022-04-13,5569,False,,-37822.731195,96
665,63936,1048.48,2022-04-27,154469,False,,-9787.724286,96
666,64032,1049.91,2022-05-09,62849,False,,-10318.105531,96
667,64128,1051.6,2022-06-04,443403,False,,-25544.749992,96
668,64224,1053.22,2022-06-22,859107,False,,-14040.521781,96
669,64320,1054.59,2022-07-26,126635,False,,-35586.203498,96
670,64416,1056.22,2022-08-03,892624,False,,-23746.417388,96
671,64512,1057.66,2022-08-17,346899,False,,-14397.130337,96
672,64608,1059.53,2022-09-07,868428,False,,-30670.418745,96
673,64704,1061.57,2022-09-29,575016,False,,-21393.098936,96
674,64800,1063.32,2022-10-12,139705,False,,-24738.075643,96
675,64896,1064.84,2022-10-26,106316,False,,-16449.113846,96
676,64992,1066.53,2022-11-23,621740,False,,-32947.92485,96
677,65088,1068.29,2022-12-07,903341,False,,-21840.60323,96
678,65184,1069.88,2022-12-17,374010,False,,-27849.849828,96
679,65280,1071.44,2022-12-28,77454,False,,-12696.632223,96
680,65376,1072.82,2022-01-24,458374,False,,-11151.895021,96
681,65472,1074.35,2022-02-07,148538,False,,-25379.32582,96
682,65568,1075.86,2022-02-21,520153,False,,-13373.244953,96
683,65664,1077.46,2022-03-19,83547,False,,-17658.619847,96
684,65760,1078.83,2022-04-13,573659,False,,-33426.930759,96
685,65856,1080.1,2022-04-27,678579,False,,-7350.495772,96
686,65952,1081.66,2022-05-09,952523,False,,-27250.063113,96
687,66048,1083.67,2022-06-04,547183,False,,-40509.390083,96
688,66144,1085.65,2022-06-22,669441,False,,-32328.653988,96
689,66240,1087.4,2022-07-26,50006,False,,-27640.88652,96
690,66336,1089.23,2022-08-03,63071,False,,-25547.475762,96
691,66432,1090.98,2022-08-17,500432,False,,-36275.959837,96
692,66528,1092.56,2022-09-07,321672,False,,-22504.845984,96
693,66624,1094.14,2022-09-29,735521,False,,-26046.906749,96
694,66720,1095.71,2022-10-12,16749,False,,-23225.954078,96
695,66816,1097.6,2022-10-26,336647,False,,-23859.030188,96
696,66912,1099.27,2022-11-23,678266,False,,-15977.553167,96
697,67008,1100.68,2022-12-07,243302,False,,-18048.115472,96
698,67104,1102.02,2022-12-17,163204,False,,-22121.186117,96
699,67200,1103.49,2022-12-28,422375,False,,-8210.057864,96
700,67296,1104.88,2022-01-24,593344,False,,-33015.839548,96
701,67392,1106.46,2022-02-07,619955,False,,-54045.902406,96
702,67488,1108.11,2022-02-21,167647,False,,-29686.091101,96
703,67584,1109.91,2022-03-19,984634,False,,-19827.256415,96
704,67680,1111.29,2022-04-13,722100,False,,-30549.264757,96
705,67776,1112.9,2022-04-27,366864,False,,-11570.942367,96
706,67872,1114.21,2022-05-09,157057,False,,-18923.541494,96
707,67968,1115.44,2022-06-04,827213,False,,-24050.056329,96
708,68064,1116.84,2022-06-22,690570,False,,-12813.610298,96
709,68160,1118.17,2022-07-26,894943,False,,-13351.334464,96
710,68256,1119.61,2022-08-03,554107,False,,-25749.37718,96
711,68352,1121.1,2022-08-17,46016,False,,-14006.064466,96
712,68448,1122.64,2022-09-07,632053,False,,-19303.086007,96
713,68544,1123.92,2022-09-29,250533,False,,-18200.477482,96
714,68640,1125.43,2022-10-12,506312,False,,-24392.208819,96
715,68736,1126.91,2022-10-26,394948,False,,-48708.219461,96
716,68832,1128.25,2022-11-23,921928,False,,-27708.376661,96
717,68928,1129.71,2022-12-07,939363,False,,-12980.694336,96
718,69024,1131.31,2022-12-17,52074,False,,-19602.928606,96
719,69120,1132.72,2022-12-28,877185,False,,-37195.086286,96
720,69216,1134.09,2022-01-24,335597,False,,-14570.220797,96
721,69312,1135.38,2022-02-07,370697,False,,-15325.658817,96
722,69408,1136.67,2022-02-21,213098,False,,-17894.566427,96
723,69504,1138.06,2022-03-19,970475,False,,-20085.676351,96
724,69600,1139.43,2022-04-13,103579,False,,-24841.772643,96
725,69696,1140.78,2022-04-27,312017,False,,-26176.38497,96
726,69792,1142.13,2022-05-09,923648,False,,-23621.295063,96
727,69888,1143.39,2022-06-04,313259,False,,-31719.73831,96
728,69984,1144.9,2022-06-22,389923,False,,-29390.548818,96
729,70080,1158.95,2022-07-26,717990,False,,-18745.56691,96
730,70176,1160.41,2022-08-03,530325,False,,-35634.819172,96
731,70272,1161.9,2022-08-17,871621,False,,-17492.086964,96
732,70368,1163.27,2022-09-07,794965,False,,-22642.70498,96
733,70464,1164.69,2022-09-29,382830,False,,-30352.485664,96
734,70560,1166.07,2022-10-12,45006,False,,-22579.298631,96
735,70656,1167.48,2022-10-26,461873,False,,-12861.378325,96
736,70752,1168.9,2022-11-23,686665,False,,-37421.83452,96
737,70848,1170.36,2022-12-07,755389,False,,-15349.417201,96
738,70944,1171.69,2022-12-17,108988,False,,-19851.760678,96
739,71040,1173.18,2022-12-28,108191,False,,-24213.039785,96
740,71136,1174.44,2022-01-24,845465,False,,-14547.177871,96
741,71232,1175.73,2022-02-07,538421,False,,-16407.047835,96
742,71328,1177.11,2022-02-21,913351,False,,-17753.656402,96
743,71424,1178.48,2022-03-19,586052,False,,-18444.250719,96
744,71520,1179.99,2022-04-13,176551,False,,-25541.261329,96
745,71616,1181.49,2022-04-27,435182,False,,-20893.273802,96
746,71712,1182.86,2022-05-09,501675,False,,-28634.715485,96
747,71808,1184.18,2022-06-04,314953,False,,-10788.455177,96
748,71904,1185.69,2022-06-22,638098,False,,-16139.721093,96
749,72000,1187.14,2022-07-26,590142,False,,-21760.514847,96
750,72096,1188.58,2022-08-03,365137,False,,-43754.947096,96
751,72192,1189.84,2022-08-17,137906,False,,-20792.825676,96
752,72288,1191.22,2022-09-07,7935,False,,-25014.085848,96
753,72384,1192.63,2022-09-29,17015,False,,-14749.332403,96
754,72480,1193.86,2022-10-12,97192,False,,-15767.365547,96
755,72576,1195.22,2022-10-26,487254,False,,-8212.639964,96
756,72672,1196.52,2022-11-23,27274,False,,-30513.092809,96
757,72768,1197.88,2022-12-07,321558,False,,-23418.36934,96
758,72864,1199.37,2022-12-17,711318,False,,-23414.263804,96
759,72960,1200.83,2022-12-28,255736,False,,-49886.813029,96
760,73056,1202.29,2022-01-24,643317,False,,-15808.73303,96
761,73152,1203.62,2022-02-07,91333,False,,-24029.074836,96
762,73248,1205.08,2022-02-21,509553,False,,-19755.06031,96
763,73344,1206.51,2022-03-19,515792,False,,-27683.56258,96
764,73440,1207.93,2022-04-13,228510,False,,-37219.681773,96
765,73536,1209.32,2022-04-27,651712,False,,-11077.896407,96
766,73632,1210.62,2022-05-09,42308,False,,-29324.664169,96
767,73728,1212.07,2022-06-04,655196,False,,-21011.32162,96
768,73824,1213.37,2022-06-22,297805,False,,-24284.334756,96
769,73920,1214.66,2022-07-26,219208,False,,-27617.1256,96
770,74016,1216.03,2022-08-03,2476,False,,-9735.179169,96
771,74112,1217.25,2022-08-17,983934,False,,-30382.147647,96
772,74208,1218.53,2022-09-07,12548,False,,-21125.319714,96
773,74304,1219.87,2022-09-29,441074,False,,-19417.479026,96
774,74400,1220.99,2022-10-12,619466,False,,-39469.705462,96
775,74496,1222.5,2022-10-26,409096,False,,-26327.636971,96
776,74592,1223.99,2022-11-23,942500,False,,-12323.424461,96
777,74688,1225.3,2022-12-07,248146,False,,-14479.403629,96
778,74784,1226.91,2022-12-17,47118,False,,-16456.679467,96
779,74880,1228.32,2022-12-28,919858,False,,-14102.069605,96
780,74976,1229.77,2022-01-24,9926,False,,-35670.507341,96
781,75072,1231.2,2022-02-07,222466,False,,-18634.728647,96
782,75168,1232.53,2022-02-21,672298,False,,-29561.679243,96
783,75264,1233.93,2022-03-19,856578,False,,-13613.643806,96
784,75360,1235.35,2022-04-13,72484,False,,-14838.74313,96
785,75456,1236.84,2022-04-27,478791,False,,-31996.093005,96
786,75552,1238.44,2022-05-09,444224,False,,-19073.635843,96
787,75648,1240.01,2022-06-04,524692,False,,-21282.409557,96
788,75744,1241.4,2022-06-22,822311,False,,-21559.93432,96
789,75840,1242.82,2022-07-26,693154,False,,-18470.988221,96
790,75936,1244.07,2022-08-03,204560,False,,-39776.788786,96
791,76032,1245.37,2022-08-17,322093,False,,-21513.343264,96
792,76128,1246.63,2022-09-07,394766,False,,-22868.899337,96
793,76224,1248.02,2022-09-29,742949,False,,-21631.326275,96
794,76320,1249.51,2022-10-12,403002,False,,-12174.024071,96
795,76416,1251.09,2022-10-26,744112,False,,-14322.912059,96
796,76512,1252.56,2022-11-23,676321,False,,-24901.296169,96
797,76608,1254.07,2022-12-07,186586,False,,-18700.179652,96
798,76704,1255.62,2022-12-17,20229,False,,-13817.960049,96
799,76800,1256.94,2022-12-28,88534,False,,-16643.07813,96
800,76896,1258.28,2022-01-24,609130,False,,-16641.841587,96
801,76992,1259.8,2022-02-07,666160,False,,-23801.806808,96
802,77088,1261.11,2022-02-21,397533,False,,-24924.382302,96
803,77184,1262.44,2022-03-19,444820,False,,-28295.091335,96
804,77280,1263.74,2022-04-13,975749,False,,-32825.185871,96
805,77376,1265.17,2022-04-27,603955,False,,-16612.626396,96
806,77472,1266.59,2022-05-09,24393,False,,-19551.158842,96
807,77568,1268.01,2022-06-04,505057,False,,-10754.932211,96
808,77664,1269.29,2022-06-22,591656,False,,-20620.74493,96
809,77760,1270.79,2022-07-26,511674,False,,-23776.173689,96
810,77856,1272.12,2022-08-03,926338,False,,-17968.34679,96
811,77952,1273.35,2022-08-17,217987,False,,-20859.506171,96
812,78048,1274.65,2022-09-07,649227,False,,-30761.712156,96
813,78144,1276.03,2022-09-29,665851,False,,-50519.25394,96
814,78240,1277.51,2022-10-12,549492,False,,-22487.533562,96
815,78336,1279.04,2022-10-26,474936,False,,-18716.972773,96
816,78432,1280.29,2022-11-23,949022,False,,-32314.885291,96
817,78528,1281.5,2022-12-07,926150,False,,-12547.396111,96
818,78624,1283.07,2022-12-17,698398,False,,-25464.879957,96
819,78720,1284.43,2022-12-28,150771,False,,-16129.342037,96
820,78816,1285.91,2022-01-24,846571,False,,-28175.248662,96
821,78912,1287.18,2022-02-07,966522,False,,-28665.565528,96
822,79008,1288.46,2022-02-21,73205,False,,-13138.614422,96
823,79104,1289.9,2022-03-19,971894,False,,-17970.543748,96
824,79200,1291.24,2022-04-13,598520,False,,-16499.801648,96
825,79296,1292.65,2022-04-27,160625,False,,-14620.135832,96
826,79392,1294.22,2022-05-09,489861,False,,-32345.834667,96
827,79488,1295.43,2022-06-04,389639,False,,-18383.560158,96
828,79584,1296.8,2022-06-22,225880,False,,-18566.612138,96
829,79680,1298.26,2022-07-26,548921,False,,-24873.749983,96
830,79776,1299.62,2022-08-03,71064,False,,-16996.612836,96
831,79872,1301.09,2022-08-17,932555,False,,-17159.888331,96
832,79968,1302.67,2022-09-07,1310,False,,-15261.348525,96
833,80064,1316.9,2022-09-29,122554,False,,-21136.540402,96
834,80160,1318.22,2022-10-12,560358,False,,-25888.62779,96
835,80256,1319.58,2022-10-26,561871,False,,-18843.011705,96
836,80352,1321.0,2022-11-23,384949,False,,-14822.630729,96
837,80448,1322.43,2022-12-07,548463,False,,-35392.272855,96
838,80544,1323.85,2022-12-17,632983,False,,-10044.127876,96
839,80640,1325.15,2022-12-28,526113,False,,-25590.215757,96
840,80736,1326.59,2022-01-24,272808,False,,-15250.787644,96
841,80832,1328.01,2022-02-07,307806,False,,-15138.821833,96
842,80928,1329.3,2022-02-21,860991,False,,-26057.025687,96
843,81024,1330.65,2022-03-19,1551,False,,-21559.274248,96
844,81120,1331.89,2022-04-13,289921,False,,-21598.086172,96
845,81216,1333.3,2022-04-27,688810,False,,-32754.923749,96
846,81312,1334.81,2022-05-09,67281,False,,-20303.254503,96
847,81408,1336.24,2022-06-04,945828,False,,-13839.698868,96
848,81504,1337.77,2022-06-22,683515,False,,-20379.815682,96
849,81600,1339.28,2022-07-26,550996,False,,-20348.294037,96
850,81696,1340.75,2022-08-03,929006,False,,-16287.938075,96
851,81792,1342.42,2022-08-17,290173,False,,-19887.849948,96
852,81888,1343.76,2022-09-07,236487,False,,-26063.032154,96
853,81984,1345.12,2022-09-29,825580,False,,-25196.619941,96
854,82080,1346.71,2022-10-12,989649,False,,-7901.681257,96
855,82176,1348.29,2022-10-26,154307,False,,-19711.618502,96
856,82272,1349.74,2022-11-23,666168,False,,-23694.525974,96
857,82368,1351.29,2022-12-07,178982,False,,-25993.070744,96
858,82464,1352.8,2022-12-17,84072,False,,-8470.69168,96
859,82560,1354.22,2022-12-28,564316,False,,-50749.897272,96
860,82656,1355.75,2022-01-24,577660,False,,-35812.60565,96
861,82752,1357.28,2022-02-07,786389,False,,-16554.656308,96
862,82848,1358.75,2022-02-21,980170,False,,-15209.721149,96
863,82944,1360.29,2022-03-19,600493,False,,-44811.166866,96
864,83040,1361.74,2022-04-13,89004,False,,-25400.086346,96
865,83136,1363.42,2022-04-27,938366,False,,-28741.067765,96
866,83232,1364.99,2022-05-09,887631,False,,-23310.733322,96
867,83328,1366.39,2022-06-04,206145,False,,-21452.058147,96
868,83424,1368.04,2022-06-22,868916,False,,-15181.828973,96
869,83520,1369.55,2022-07-26,53516,False,,-22535.950093,96
870,83616,1370.99,2022-08-03,313613,False,,-25847.302512,96
871,83712,1372.42,2022-08-17,54835,False,,-25186.727233,96
872,83808,1373.89,2022-09-07,293569,False,,-14225.589186,96
873,83904,1375.45,2022-09-29,320032,False,,-26371.373825,96
874,84000,1376.9,2022-10-12,552203,False,,-35253.228614,96
875,84096,1378.25,2022-10-26,12606,False,,-15694.980458,96
876,84192,1379.77,2022-11-23,745202,False,,-14582.006259,96
877,84288,1381.3,2022-12-07,815071,False,,-17348.603693,96
878,84384,1382.52,2022-12-17,166696,False,,-26005.674568,96
879,84480,1383.91,2022-12-28,30545,False,,-15636.004906,96
880,84576,1385.16,2022-01-24,20240,False,,-12977.400633,96
881,84672,1386.41,2022-02-07,960407,False,,-24349.704094,96
882,84768,1387.66,2022-02-21,142387,False,,-23363.068485,96
883,84864,1389.18,2022-03-19,798172,False,,-29402.309438,96
884,84960,1390.49,2022-04-13,971230,False,,-24802.326322,96
885,85056,1391.93,2022-04-27,229811,False,,-23766.428807,96
886,85152,1393.23,2022-05-09,228509,False,,-19923.449848,96
887,85248,1394.56,2022-06-04,726959,False,,-14064.74465,96
888,85344,1395.94,2022-06-22,790520,False,,-24997.778176,96
889,85440,1397.26,2022-07-26,659346,False,,-8394.54849,96
890,85536,1398.76,2022-08-03,971719,False,,-21262.838341,96
891,85632,1400.25,2022-08-17,325279,False,,-20882.916431,96
892,85728,1401.59,2022-09-07,519714,False,,-28234.608802,96
893,85824,1403.04,2022-09-29,84937,False,,-12942.325851,96
894,85920,1404.57,2022-10-12,425395,False,,-21520.544,96
895,86016,1405.78,2022-10-26,763241,False,,-13330.977419,96
896,86112,1407.29,2022-11-23,19869,False,,-22089.366155,96
897,86208,1408.65,2022-12-07,279455,False,,-10818.052045,96
898,86304,1410.21,2022-12-17,401386,False,,-24639.256805,96
899,86400,1411.6,2022-12-28,216941,False,,-24856.862242,96
900,86496,1413.07,2022-01-24,385259,False,,-47458.598067,96
901,86592,1414.58,2022-02-07,269206,False,,-16405.274288,96
902,86688,1416.08,2022-02-21,313047,False,,-22412.637793,96
903,86784,1417.39,2022-03-19,822245,False,,-19357.451324,96
904,86880,1418.87,2022-04-13,69561,False,,-33866.664851,96
905,86976,1420.38,2022-04-27,276868,False,,-20831.850505,96
906,87072,1422.2,2022-05-09,733311,False,,-22111.388495,96
907,87168,1423.68,2022-06-04,337940,False,,-18691.398392,96
908,87264,1425.03,2022-06-22,250777,False,,-22758.173494,96
909,87360,1426.57,2022-07-26,445900,False,,-29103.382971,96
910,87456,1428.03,2022-08-03,287469,False,,-17699.593173,96
911,87552,1429.55,2022-08-17,260375,False,,-31482.668011,96
912,87648,1430.94,2022-09-07,239757,False,,-14878.033776,96
913,87744,1432.32,2022-09-29,415957,False,,-22477.807913,96
914,87840,1433.61,2022-10-12,400831,False,,-24732.457022,96
915,87936,1434.93,2022-10-26,366198,False,,-22216.569651,96
916,88032,1436.41,2022-11-23,379923,False,,-13107.019159,96
917,88128,1437.77,2022-12-07,890312,False,,-39742.814655,96
918,88224,1439.45,2022-12-17,302094,False,,-17380.277849,96
919,88320,1441.25,2022-12-28,979249,False,,-41479.559945,96
920,88416,1442.96,2022-01-24,9507,False,,-24776.509578,96
921,88512,1444.47,2022-02-07,404524,False,,-20087.798846,96
922,88608,1446.07,2022-02-21,946722,False,,-24049.940823,96
923,88704,1447.86,2022-03-19,743136,False,,-22228.309973,96
924,88800,1449.75,2022-04-13,940584,False,,-34234.837898,96
925,88896,1451.24,2022-04-27,613277,False,,-60382.56673,96
926,88992,1452.63,2022-05-09,859372,False,,-25039.081057,96
927,89088,1453.96,2022-06-04,680621,False,,-18597.697012,96
928,89184,1455.4,2022-06-22,410512,False,,-37835.170792,96
929,89280,1457.0,2022-07-26,977812,False,,-22677.879026,96
930,89376,1459.1,2022-08-03,965931,False,,-19731.323756,96
931,89472,1460.75,2022-08-17,164958,False,,-18345.96984,96
932,89568,1462.41,2022-09-07,345193,False,,-28562.675984,96
933,89664,1464.04,2022-09-29,651462,False,,-24736.524911,96
934,89760,1465.61,2022-10-12,756693,False,,-21287.234977,96
935,89856,1467.16,2022-10-26,732758,False,,-21641.142686,96
936,89952,1468.87,2022-11-23,781354,False,,-35969.994183,96
937,90048,1486.21,2022-12-07,456633,False,,-42800.517591,96
938,90144,1487.6,2022-12-17,271995,False,,-25072.445971,96
939,90240,1489.04,2022-12-28,237592,False,,-23326.312341,96
940,90336,1490.4,2022-01-24,524322,False,,-26129.361864,96
941,90432,1491.8,2022-02-07,308857,False,,-9316.849939,96
942,90528,1493.24,2022-02-21,399432,False,,-25994.527178,96
943,90624,1494.73,2022-03-19,960831,False,,-25967.241061,96
944,90720,1496.24,2022-04-13,428098,False,,-14763.235619,96
945,90816,1497.77,2022-04-27,714451,False,,-24057.200986,96
946,90912,1499.1,2022-05-09,20104,False,,-29966.989608,96
947,91008,1500.48,2022-06-04,918307,False,,-23274.582189,96
948,91104,1501.72,2022-06-22,390520,False,,-15514.703209,96
949,91200,1503.06,2022-07-26,750088,False,,-43965.252392,96
950,91296,1504.54,2022-08-03,145713,False,,-14055.422643,96
951,91392,1505.96,2022-08-17,288374,False,,-28259.135643,96
952,91488,1507.41,2022-09-07,873026,False,,-22956.444425,96
953,91584,1508.85,2022-09-29,279387,False,,-26411.927332,96
954,91680,1510.35,2022-10-12,535232,False,,-53733.53825,96
955,91776,1511.8,2022-10-26,53214,False,,-14935.456411,96
956,91872,1513.16,2022-11-23,921421,False,,-15994.231749,96
957,91968,1514.6,2022-12-07,703294,False,,-31472.471309,96
958,92064,1516.17,2022-12-17,98062,False,,-28051.891085,96
959,92160,1518.04,2022-12-28,874004,False,,-29416.193111,96
960,92256,1519.55,2022-01-24,145121,False,,-31505.751382,96
961,92352,1521.04,2022-02-07,237042,False,,-13447.242052,96
962,92448,1522.73,2022-02-21,347383,False,,-9024.651803,96
963,92544,1524.52,2022-03-19,588336,False,,-22524.374819,96
964,92640,1527.04,2022-04-13,837008,False,,-29609.746618,96
965,92736,1528.97,2022-04-27,324706,False,,-28891.45811,96
966,92832,1530.56,2022-05-09,41912,False,,-19643.239045,96
967,92928,1532.08,2022-06-04,421901,False,,-21249.73617,96
968,93024,1533.79,2022-06-22,532417,False,,-22549.077026,96
969,93120,1535.4,2022-07-26,296080,False,,-26955.356555,96
970,93216,1537.18,2022-08-03,817221,False,,-14215.507841,96
971,93312,1538.98,2022-08-17,481852,False,,-16957.354483,96
972,93408,1540.56,2022-09-07,412681,False,,-17955.589006,96
973,93504,1542.14,2022-09-29,721813,False,,-30110.962334,96
974,93600,1543.69,2022-10-12,328494,False,,-27029.647499,96
975,93696,1545.22,2022-10-26,402774,False,,-35014.549872,96
976,93792,1547.05,2022-11-23,540533,False,,-19532.422585,96
977,93888,1548.91,2022-12-07,839121,False,,-17688.457768,96
978,93984,1550.59,2022-12-17,3291,False,,-27743.46856,96
979,94080,1552.33,2022-12-28,267487,False,,-20092.789657,96
980,94176,1553.81,2022-01-24,811264,False,,-25293.4095,96
981,94272,1555.4,2022-02-07,917702,False,,-20528.336545,96
982,94368,1556.94,2022-02-21,620508,False,,-17422.682481,96
983,94464,1558.56,2022-03-19,62651,False,,-20416.136896,96
984,94560,1560.04,2022-04-13,394038,False,,-39330.285264,96
985,94656,1561.63,2022-04-27,452879,False,,-22233.455867,96
986,94752,1563.29,2022-05-09,138856,False,,-45569.17529,96
987,94848,1564.66,2022-06-04,403478,False,,-28591.446412,96
988,94944,1566.33,2022-06-22,50706,False,,-22776.62477,96
989,95040,1567.74,2022-07-26,848333,False,,-9531.41148,96
990,95136,1569.21,2022-08-03,953267,False,,-20987.79582,96
991,95232,1571.0,2022-08-17,551530,False,,-24054.179382,96
992,95328,1572.68,2022-09-07,616583,False,,-20430.389641,96
993,95424,1574.46,2022-09-29,510871,False,,-30586.723289,96
994,95520,1576.37,2022-10-12,200338,False,,-20439.05,96
995,95616,1577.9,2022-10-26,490949,False,,-52148.534484,96
996,95712,1579.36,2022-11-23,603853,False,,-20537.23847,96
997,95808,1580.99,2022-12-07,772956,False,,-27198.90574,96
998,95904,1582.63,2022-12-17,513351,False,,-28312.130572,96
999,96000,1584.17,2022-12-28,167205,False,,-11567.657399,96
1000,96096,1585.6,2022-01-24,102486,False,,-17886.456404,96
1001,96192,1587.19,2022-02-07,171747,False,,-25962.641219,96
1002,96288,1588.89,2022-02-21,463821,False,,-21285.071465,96
1003,96384,1590.57,2022-03-19,264835,False,,-16235.771308,96
1004,96480,1592.42,2022-04-13,934435,False,,-56916.948022,96
1005,96576,1593.95,2022-04-27,506894,False,,-34233.193498,96
1006,96672,1595.64,2022-05-09,15937,False,,-12748.164774,96
1007,96768,1597.52,2022-06-04,599579,False,,-21806.925471,96
1008,96864,1599.06,2022-06-22,330545,False,,-29704.414767,96
1009,96960,1600.82,2022-07-26,97409,False,,-29303.43184,96
1010,97056,1602.29,2022-08-03,963243,False,,-32458.255952,96
1011,97152,1603.68,2022-08-17,936507,False,,-22861.418971,96
1012,97248,1605.19,2022-09-07,937700,False,,-23482.643119,96
1013,97344,1606.89,2022-09-29,492123,False,,-36532.265128,96
1014,97440,1608.41,2022-10-12,948075,False,,-27720.632183,96
1015,97536,1609.74,2022-10-26,605675,False,,-22667.487009,96
1016,97632,1611.24,2022-11-23,526260,False,,-27060.008394,96
1017,97728,1613.01,2022-12-07,708948,False,,-23749.65679,96
1018,97824,1614.39,2022-12-17,787196,False,,-20549.545214,96
1019,97920,1615.79,2022-12-28,349190,False,,-16541.330326,96
1020,98016,1617.42,2022-01-24,53342,False,,-28627.999541,96
1021,98112,1619.06,2022-02-07,701219,False,,-28491.957863,96
1022,98208,1620.63,2022-02-21,211928,False,,-36090.424319,96
1023,98304,1622.13,2022-03-19,15167,False,,-17287.119425,96
1024,98400,1623.72,2022-04-13,446575,False,,-15538.29381,96
1025,98496,1625.13,2022-04-27,740227,False,,-18680.955034,96
1026,98592,1626.7,2022-05-09,90498,False,,-36156.894703,96
1027,98688,1628.21,2022-06-04,686420,False,,-19340.769933,96
1028,98784,1629.77,2022-06-22,949864,False,,-28475.103424,96
1029,98880,1631.49,2022-07-26,201606,False,,-26439.567257,96
1030,98976,1633.1,2022-08-03,914458,False,,-28689.273126,96
1031,99072,1634.82,2022-08-17,655828,False,,-25824.280554,96
1032,99168,1636.64,2022-09-07,514891,False,,-28200.21492,96
1033,99264,1638.42,2022-09-29,700343,False,,-20043.355879,96
1034,99360,1639.93,2022-10-12,345479,False,,-20809.410337,96
1035,99456,1641.55,2022-10-26,613606,False,,-24992.766871,96
1036,99552,1643.25,2022-11-23,181961,False,,-29624.724783,96
1037,99648,1644.78,2022-12-07,999585,False,,-23812.33707,96
1038,99744,1646.21,2022-12-17,348433,False,,-16824.793452,96
1039,99840,1647.65,2022-12-28,945043,False,,-41339.361564,96
1040,99936,1649.14,2022-01-24,281512,False,,-17323.354734,96
1041,100032,1665.86,2022-02-07,536217,False,,-26266.907883,96
1042,100128,1667.63,2022-02-21,727793,False,,-23652.911512,96
1043,100224,1669.23,2022-03-19,163870,False,,-38223.309023,96
1044,100320,1670.69,2022-04-13,114786,False,,-26326.475922,96
1045,100416,1672.23,2022-04-27,109966,False,,-20254.284335,96
1046,100512,1673.53,2022-05-09,679353,False,,-14656.015688,96
1047,100608,1674.99,2022-06-04,549845,False,,-26111.455859,96
1048,100704,1676.76,2022-06-22,136974,False,,-20368.244734,96
1049,100800,1678.17,2022-07-26,866109,False,,-26749.798484,96
1050,100896,1679.61,2022-08-03,304230,False,,-14382.69918,96
1051,100992,1681.12,2022-08-17,284134,False,,-18674.469682,96
1052,101088,1682.7,2022-09-07,337773,False,,-23677.196576,96
1053,101184,1684.6,2022-09-29,586211,False,,-24837.932726,96
1054,101280,1686.61,2022-10-12,228912,False,,-23582.84932,96
1055,101376,1688.19,2022-10-26,416972,False,,-16683.198299,96
1056,101472,1689.57,2022-11-23,206722,False,,-26503.157027,96
1057,101568,1691.1,2022-12-07,904048,False,,-52218.946817,96
1058,101664,1692.71,2022-12-17,991192,False,,-18245.128342,96
1059,101760,1694.07,2022-12-28,348377,False,,-21952.163522,96
1060,101856,1695.6,2022-01-24,302994,False,,-32937.937945,96
1061,101952,1697.0,2022-02-07,336039,False,,-18909.123399,96
1062,102048,1698.23,2022-02-21,143878,False,,-17458.968903,96
1063,102144,1699.6,2022-03-19,338083,False,,-8131.835408,96
1064,102240,1701.17,2022-04-13,151301,False,,-20842.146063,96
1065,102336,1702.93,2022-04-27,718929,False,,-24272.080374,96
1066,102432,1704.38,2022-05-09,909410,False,,-22285.932807,96
1067,102528,1705.87,2022-06-04,629730,False,,-22062.224687,96
1068,102624,1707.27,2022-06-22,840693,False,,-24953.098482,96
1069,102720,1708.73,2022-07-26,24037,False,,-42263.760494,96
1070,102816,1710.14,2022-08-03,158638,False,,-14745.766143,96
1071,102912,1711.5,2022-08-17,124645,False,,-17793.502747,96
1072,103008,1712.91,2022-09-07,383900,False,,-12061.524425,96
1073,103104,1714.19,2022-09-29,7812,False,,-15061.519636,96
1074,103200,1715.55,2022-10-12,934512,False,,-12367.500726,96
1075,103296,1716.98,2022-10-26,900026,False,,-15643.861537,96
1076,103392,1718.46,2022-11-23,572780,False,,-15624.341235,96
1077,103488,1719.88,2022-12-07,152079,False,,-23632.284761,96
1078,103584,1721.28,2022-12-17,697089,False,,-19537.902619,96
1079,103680,1722.56,2022-12-28,962214,False,,-16061.901539,96
1080,103776,1723.97,2022-01-24,765950,False,,-43872.270627,96
1081,103872,1725.3,2022-02-07,376895,False,,-20822.429593,96
1082,103968,1726.7,2022-02-21,658254,False,,-25277.390379,96
1083,104064,1728.2,2022-03-19,28666,False,,-41359.242152,96
1084,104160,1729.96,2022-04-13,669925,False,,-16090.473397,96
1085,104256,1731.6,2022-04-27,890895,False,,-21437.804743,96
1086,104352,1733.26,2022-05-09,286194,False,,-13711.187933,96
1087,104448,1734.72,2022-06-04,551741,False,,-22610.506571,96
1088,104544,1736.1,2022-06-22,954841,False,,-22468.487718,96
1089,104640,1737.36,2022-07-26,272552,False,,-16460.455192,96
1090,104736,1738.69,2022-08-03,173676,False,,-24408.044822,96
1091,104832,1740.19,2022-08-17,428872,False,,-31203.440619,96
1092,104928,1741.64,2022-09-07,296969,False,,-34033.216892,96
1093,105024,1743.07,2022-09-29,54857,False,,-22781.308889,96
1094,105120,1744.43,2022-10-12,617649,False,,-33135.410266,96
1095,105216,1745.96,2022-10-26,455151,False,,-54799.106828,96
1096,105312,1747.33,2022-11-23,904503,False,,-28595.474257,96
1097,105408,1748.74,2022-12-07,744202,False,,-38186.090684,96
1098,105504,1750.0,2022-12-17,186792,False,,-20951.731156,96
1099,105600,1751.36,2022-12-28,727004,False,,-15113.551454,96
1100,105696,1752.77,2022-01-24,789008,False,,-23375.508243,96
1101,105792,1754.29,2022-02-07,440342,False,,-23311.071547,96
1102,105888,1755.73,2022-02-21,976745,False,,-10760.958451,96
1103,105984,1757.1,2022-03-19,739356,False,,-24924.283437,96
1104,106080,1758.49,2022-04-13,625994,False,,-34873.422031,96
1105,106176,1759.95,2022-04-27,387745,False,,-23645.242314,96
1106,106272,1761.27,2022-05-09,591276,False,,-66360.72782,96
1107,106368,1762.75,2022-06-04,515141,False,,-17972.501682,96
1108,106464,1764.14,2022-06-22,218199,False,,-23192.154927,96
1109,106560,1765.59,2022-07-26,803799,False,,-32534.481951,96
1110,106656,1767.1,2022-08-03,355784,False,,-15559.966137,96
1111,106752,1768.62,2022-08-17,491767,False,,-42024.475866,96
1112,106848,1770.06,2022-09-07,187321,False,,-26875.72088,96
1113,106944,1771.43,2022-09-29,781007,False,,-16383.097827,96
1114,107040,1772.83,2022-10-12,264024,False,,-9798.770515,96
1115,107136,1774.29,2022-10-26,687852,False,,-18571.921021,96
1116,107232,1775.68,2022-11-23,882736,False,,-33481.392745,96
1117,107328,1777.04,2022-12-07,407516,False,,-19215.447985,96
1118,107424,1778.54,2022-12-17,84217,False,,-32011.596129,96
1119,107520,1780.08,2022-12-28,16876,False,,-26852.652856,96
1120,107616,1781.44,2022-01-24,782530,False,,-20856.557436,96
1121,107712,1782.88,2022-02-07,652434,False,,-29124.75662,96
1122,107808,1784.07,2022-02-21,720086,False,,-16009.03003,96
1123,107904,1785.39,2022-03-19,716808,False,,-26170.655303,96
1124,108000,1786.85,2022-04-13,735569,False,,-19620.95662,96
1125,108096,1788.52,2022-04-27,117630,False,,-22104.308401,96
1126,108192,1790.2,2022-05-09,439614,False,,-40474.715299,96
1127,108288,1791.72,2022-06-04,593047,False,,-23994.256923,96
1128,108384,1793.1,2022-06-22,410273,False,,-23182.911015,96
1129,108480,1794.58,2022-07-26,559754,False,,-40111.016911,96
1130,108576,1796.08,2022-08-03,890655,False,,-14221.191922,96
1131,108672,1797.54,2022-08-17,270037,False,,-23942.699718,96
1132,108768,1799.08,2022-09-07,899448,False,,-23998.920701,96
1133,108864,1800.4,2022-09-29,954806,False,,-23896.852415,96
1134,108960,1801.88,2022-10-12,96721,False,,-14978.190017,96
1135,109056,1803.35,2022-10-26,909395,False,,-17689.836794,96
1136,109152,1804.78,2022-11-23,788861,False,,-19022.702619,96
1137,109248,1806.44,2022-12-07,833710,False,,-17176.811521,96
1138,109344,1807.92,2022-12-17,151381,False,,-20120.50559,96
1139,109440,1809.39,2022-12-28,169727,False,,-18242.812054,96
1140,109536,1810.83,2022-01-24,43009,False,,-15086.6645,96
1141,109632,1812.38,2022-02-07,349337,False,,-19503.420446,96
1142,109728,1813.86,2022-02-21,286607,False,,-17352.342025,96
1143,109824,1815.21,2022-03-19,189590,False,,-34154.177388,96
1144,109920,1816.93,2022-04-13,796943,False,,-13529.589211,96
1145,110016,1831.44,2022-04-27,437070,False,,-20653.195849,96
1146,110112,1832.9,2022-05-09,320877,False,,-13967.195789,96
1147,110208,1834.58,2022-06-04,822441,False,,-19601.276493,96
1148,110304,1836.2,2022-06-22,305618,False,,-24413.116998,96
1149,110400,1837.63,2022-07-26,935958,False,,-23205.099389,96
1150,110496,1839.0,2022-08-03,907512,False,,-20202.081569,96
1151,110592,1840.48,2022-08-17,437881,False,,-9251.22498,96
1152,110688,1841.88,2022-09-07,357755,False,,-35039.57724,96
1153,110784,1843.43,2022-09-29,404805,False,,-24909.099369,96
1154,110880,1844.94,2022-10-12,893688,False,,-16199.972249,96
1155,110976,1846.51,2022-10-26,550170,False,,-22539.830503,96
1156,111072,1848.1,2022-11-23,328350,False,,-13224.594767,96
1157,111168,1849.65,2022-12-07,592231,False,,-28347.984692,96
1158,111264,1851.18,2022-12-17,839848,False,,-17273.160515,96
1159,111360,1852.62,2022-12-28,436755,False,,-32410.450611,96
1160,111456,1854.48,2022-01-24,481209,False,,-20114.276443,96
1161,111552,1856.06,2022-02-07,636780,False,,-34703.93379,96
1162,111648,1857.74,2022-02-21,618767,False,,-26464.848952,96
1163,111744,1859.44,2022-03-19,82614,False,,-7821.148562,96
1164,111840,1861.01,2022-04-13,284139,False,,-23104.360652,96
1165,111936,1862.72,2022-04-27,138700,False,,-28347.714314,96
1166,112032,1864.37,2022-05-09,783477,False,,-47306.554303,96
1167,112128,1866.04,2022-06-04,804675,False,,-20817.135235,96
1168,112224,1867.62,2022-06-22,163044,False,,-17189.540279,96
1169,112320,1869.3,2022-07-26,345939,False,,-20854.236983,96
1170,112416,1870.81,2022-08-03,139770,False,,-38346.789995,96
1171,112512,1872.36,2022-08-17,346642,False,,-28178.985095,96
1172,112608,1874.17,2022-09-07,571320,False,,-24545.38704,96
1173,112704,1875.95,2022-09-29,919347,False,,-17497.686763,96
1174,112800,1877.68,2022-10-12,697074,False,,-27581.755012,96
1175,112896,1879.41,2022-10-26,618470,False,,-40296.90819,96
1176,112992,1881.14,2022-11-23,492283,False,,-38197.587013,96
1177,113088,1882.92,2022-12-07,366658,False,,-16395.563799,96
1178,113184,1884.68,2022-12-17,687054,False,,-25185.177571,96
1179,113280,1886.3,2022-12-28,706482,False,,-19796.870246,96
1180,113376,1887.91,2022-01-24,762491,False,,-31615.076033,96
1181,113472,1889.48,2022-02-07,530232,False,,-14751.715863,96
1182,113568,1891.17,2022-02-21,996862,False,,-21267.117968,96
1183,113664,1892.84,2022-03-19,397588,False,,-9378.856764,96
1184,113760,1894.51,2022-04-13,685486,False,,-22193.262115,96
1185,113856,1896.14,2022-04-27,415974,False,,-14668.87927,96
1186,113952,1897.77,2022-05-09,822213,False,,-30958.278925,96
1187,114048,1899.39,2022-06-04,378095,False,,-38532.433561,96
1188,114144,1900.98,2022-06-22,89302,False,,-12918.178197,96
1189,114240,1902.5,2022-07-26,549181,False,,-20556.151213,96
1190,114336,1904.15,2022-08-03,635633,False,,-58503.050544,96
1191,114432,1905.86,2022-08-17,473067,False,,-22584.759046,96
1192,114528,1907.46,2022-09-07,702533,False,,-14777.750258,96
1193,114624,1909.13,2022-09-29,773424,False,,-48060.034125,96
1194,114720,1910.74,2022-10-12,562466,False,,-34053.799022,96
1195,114816,1912.39,2022-10-26,707100,False,,-57108.602673,96
1196,114912,1914.05,2022-11-23,252272,False,,-16400.95435,96
1197,115008,1915.62,2022-12-07,927095,False,,-21053.596376,96
1198,115104,1917.26,2022-12-17,559685,False,,-14870.859169,96
1199,115200,1918.94,2022-12-28,750866,False,,-40137.306855,96
1200,115296,1920.66,2022-01-24,932227,False,,-28421.66929,96
1201,115392,1922.25,2022-02-07,787750,False,,-20907.042274,96
1202,115488,1923.87,2022-02-21,290126,False,,-36402.02338,96
1203,115584,1925.5,2022-03-19,660345,False,,-20334.524245,96
1204,115680,1927.18,2022-04-13,392901,False,,-39525.19124,96
1205,115776,1928.68,2022-04-27,500849,False,,-24259.45337,96
1206,115872,1930.28,2022-05-09,128477,False,,-16266.648679,96
1207,115968,1931.86,2022-06-04,171958,False,,-27687.791162,96
1208,116064,1933.49,2022-06-22,392841,False,,-20950.172369,96
1209,116160,1934.99,2022-07-26,162474,False,,-32331.686428,96
1210,116256,1936.58,2022-08-03,850337,False,,-40825.639484,96
1211,116352,1938.17,2022-08-17,653941,False,,-29819.037385,96
1212,116448,1939.75,2022-09-07,624529,False,,-44925.361467,96
1213,116544,1941.4,2022-09-29,667494,False,,-29580.887134,96
1214,116640,1943.1,2022-10-12,359888,False,,-28680.80952,96
1215,116736,1944.71,2022-10-26,293363,False,,-46906.358014,96
1216,116832,1946.32,2022-11-23,793560,False,,-24245.672445,96
1217,116928,1948.17,2022-12-07,19818,False,,-30258.362632,96
1218,117024,1949.85,2022-12-17,940206,False,,-23066.449543,96
1219,117120,1951.46,2022-12-28,510021,False,,-22614.093264,96
1220,117216,1953.0,2022-01-24,262095,False,,-31301.552678,96
1221,117312,1954.78,2022-02-07,217092,False,,-44956.958236,96
1222,117408,1956.34,2022-02-21,271004,False,,-22088.145203,96
1223,117504,1957.77,2022-03-19,178847,False,,-21500.23141,96
1224,117600,1959.12,2022-04-13,371342,False,,-34468.601266,96
1225,117696,1960.45,2022-04-27,85908,False,,-44627.805647,96
1226,117792,1961.89,2022-05-09,752296,False,,-23660.992485,96
1227,117888,1963.18,2022-06-04,587877,False,,-15753.147989,96
1228,117984,1964.72,2022-06-22,558958,False,,-36124.722402,96
1229,118080,1966.47,2022-07-26,184215,False,,-26490.132943,96
1230,118176,1968.1,2022-08-03,127439,False,,-42527.484357,96
1231,118272,1969.56,2022-08-17,485496,False,,-26554.427023,96
1232,118368,1971.04,2022-09-07,433402,False,,-17858.194307,96
1233,118464,1972.62,2022-09-29,969605,False,,-14768.962247,96
1234,118560,1974.12,2022-10-12,734451,False,,-25960.587656,96
1235,118656,1975.6,2022-10-26,864310,False,,-39839.400616,96
1236,118752,1977.16,2022-11-23,827560,False,,-19083.01155,96
1237,118848,1978.65,2022-12-07,804341,False,,-28605.335697,96
1238,118944,1980.11,2022-12-17,90160,False,,-40536.537395,96
1239,119040,1981.66,2022-12-28,907208,False,,-27606.540488,96
1240,119136,1983.09,2022-01-24,17517,False,,-28625.798115,96
1241,119232,1984.67,2022-02-07,422809,False,,-19593.922783,96
1242,119328,1986.1,2022-02-21,981957,False,,-29174.278028,96
1243,119424,1987.56,2022-03-19,449725,False,,-10459.66562,96
1244,119520,1988.98,2022-04-13,138649,False,,-25080.57577,96
1245,119616,1990.51,2022-04-27,798540,False,,-49149.478426,96
1246,119712,1991.88,2022-05-09,79202,False,,-27881.715102,96
1247,119808,1993.44,2022-06-04,943965,False,,-18688.140702,96
1248,119904,1994.99,2022-06-22,714914,False,,-20638.280554,96
1249,120000,1996.38,2022-07-26,7396,False,,-16692.419912,96
1250,120096,2011.89,2022-08-03,225990,False,,-25768.211686,96
1251,120192,2013.4,2022-08-17,143653,False,,-18873.403458,96
1252,120288,2014.81,2022-09-07,284728,False,,-17108.648004,96
1253,120384,2016.15,2022-09-29,355034,False,,-28510.554592,96
1254,120480,2017.6,2022-10-12,740195,False,,-19272.9569,96
1255,120576,2018.98,2022-10-26,750636,False,,-16802.487105,96
1256,120672,2020.45,2022-11-23,299544,False,,-18271.956073,96
1257,120768,2021.89,2022-12-07,970152,False,,-14582.61806,96
1258,120864,2023.4,2022-12-17,877090,False,,-33634.383003,96
1259,120960,2024.83,2022-12-28,888651,False,,-21973.382648,96
1260,121056,2026.25,2022-01-24,265176,False,,-19843.522663,96
1261,121152,2027.64,2022-02-07,86124,False,,-19131.329573,96
1262,121248,2029.17,2022-02-21,353466,False,,-32468.767596,96
1263,121344,2030.71,2022-03-19,136595,False,,-24207.047325,96
1264,121440,2032.06,2022-04-13,577293,False,,-17417.600931,96
1265,121536,2033.58,2022-04-27,31706,False,,-40263.615125,96
1266,121632,2035.08,2022-05-09,597102,False,,-24803.084735,96
1267,121728,2036.52,2022-06-04,880809,False,,-17099.499629,96
1268,121824,2038.0,2022-06-22,803075,False,,-14765.745195,96
1269,121920,2039.34,2022-07-26,243939,False,,-24491.87921,96
1270,122016,2040.83,2022-08-03,764713,False,,-19784.992616,96
1271,122112,2042.44,2022-08-17,360963,False,,-30606.808971,96
1272,122208,2044.23,2022-09-07,437509,False,,-32241.89494,96
1273,122304,2045.73,2022-09-29,756723,False,,-27288.843973,96
1274,122400,2047.18,2022-10-12,539122,False,,-12919.155894,96
1275,122496,2048.6,2022-10-26,494611,False,,-41682.917657,96
1276,122592,2050.08,2022-11-23,402101,False,,-22325.435364,96
1277,122688,2051.66,2022-12-07,904698,False,,-52888.473849,96
1278,122784,2052.91,2022-12-17,959885,False,,-25239.050164,96
1279,122880,2054.42,2022-12-28,531963,False,,-22003.526671,96
1280,122976,2055.93,2022-01-24,760943,False,,-25692.440311,96
1281,123072,2057.48,2022-02-07,349291,False,,-22267.084685,96
1282,123168,2059.1,2022-02-21,776260,False,,-22695.02382,96
1283,123264,2060.67,2022-03-19,454747,False,,-25771.027764,96
1284,123360,2062.14,2022-04-13,6487,False,,-17192.420402,96
1285,123456,2063.7,2022-04-27,366948,False,,-51031.561677,96
1286,123552,2065.08,2022-05-09,718905,False,,-23677.939511,96
1287,123648,2066.44,2022-06-04,839831,False,,-26530.077625,96
1288,123744,2067.93,2022-06-22,721778,False,,-24790.545347,96
1289,123840,2069.58,2022-07-26,324843,False,,-14101.428553,96
1290,123936,2071.03,2022-08-03,191400,False,,-15111.416165,96
1291,124032,2072.4,2022-08-17,652679,False,,-20386.886533,96
1292,124128,2073.96,2022-09-07,105263,False,,-15038.369233,96
1293,124224,2075.45,2022-09-29,498022,False,,-39962.113773,96
1294,124320,2076.86,2022-10-12,562386,False,,-21949.352151,96
1295,124416,2078.33,2022-10-26,850692,False,,-25685.607851,96
1296,124512,2079.89,2022-11-23,518384,False,,-27079.275951,96
1297,124608,2081.39,2022-12-07,105552,False,,-58661.321795,96
1298,124704,2082.89,2022-12-17,104717,False,,-21732.3491,96
1299,124800,2084.32,2022-12-28,247548,False,,-20577.298082,96
1300,124896,2085.81,2022-01-24,102662,False,,-19699.392637,96
1301,124992,2087.25,2022-02-07,732760,False,,-19445.457668,96
1302,125088,2088.58,2022-02-21,221226,False,,-31352.032264,96
1303,125184,2090.08,2022-03-19,219023,False,,-31559.199023,96
1304,125280,2091.49,2022-04-13,951645,False,,-21031.195481,96
1305,125376,2092.76,2022-04-27,429815,False,,-30219.619054,96
1306,125472,2094.26,2022-05-09,600097,False,,-26716.656895,96
1307,125568,2095.63,2022-06-04,861157,False,,-44106.949718,96
1308,125664,2097.1,2022-06-22,427487,False,,-26353.199162,96
1309,125760,2098.54,2022-07-26,942661,False,,-28667.24495,96
1310,125856,2100.01,2022-08-03,560666,False,,-25152.963682,96
1311,125952,2101.47,2022-08-17,432555,False,,-26199.451824,96
1312,126048,2102.99,2022-09-07,884900,False,,-25199.229409,96
1313,126144,2104.44,2022-09-29,310361,False,,-17688.938164,96
1314,126240,2105.88,2022-10-12,1543,False,,-21920.853951,96
1315,126336,2107.31,2022-10-26,775312,False,,-17807.554811,96
1316,126432,2108.89,2022-11-23,550250,False,,-50495.793442,96
1317,126528,2110.44,2022-12-07,418909,False,,-24966.465287,96
1318,126624,2111.98,2022-12-17,869136,False,,-36284.853191,96
1319,126720,2113.39,2022-12-28,652937,False,,-31203.143131,96
1320,126816,2114.88,2022-01-24,399696,False,,-20938.213677,96
1321,126912,2116.21,2022-02-07,880406,False,,-12879.189692,96
1322,127008,2117.74,2022-02-21,845097,False,,-19896.102724,96
1323,127104,2119.33,2022-03-19,386990,False,,-36806.489925,96
1324,127200,2120.77,2022-04-13,746501,False,,-18552.39096,96
1325,127296,2122.38,2022-04-27,668827,False,,-14664.808898,96
1326,127392,2123.84,2022-05-09,597311,False,,-40043.183993,96
1327,127488,2125.25,2022-06-04,176696,False,,-16918.19295,96
1328,127584,2126.62,2022-06-22,565953,False,,-22666.944537,96
1329,127680,2128.19,2022-07-26,986161,False,,-35567.479128,96
1330,127776,2129.71,2022-08-03,206890,False,,-18237.186004,96
1331,127872,2131.29,2022-08-17,555021,False,,-27508.745377,96
1332,127968,2132.83,2022-09-07,430484,False,,-36331.17247,96
1333,128064,2134.34,2022-09-29,525929,False,,-20764.660683,96
1334,128160,2135.94,2022-10-12,248125,False,,-21066.683787,96
1335,128256,2137.53,2022-10-26,947464,False,,-24494.955755,96
1336,128352,2139.03,2022-11-23,22022,False,,-31486.328107,96
1337,128448,2140.45,2022-12-07,317332,False,,-22114.444679,96
1338,128544,2141.91,2022-12-17,57930,False,,-23814.027479,96
1339,128640,2143.35,2022-12-28,154916,False,,-22266.004353,96
1340,128736,2144.91,2022-01-24,813538,False,,-26017.254254,96
1341,128832,2146.48,2022-02-07,853845,False,,-25232.393501,96
1342,128928,2148.01,2022-02-21,946979,False,,-24283.628363,96
1343,129024,2149.58,2022-03-19,860691,False,,-14096.187345,96
1344,129120,2151.16,2022-04-13,695588,False,,-31052.626956,96
1345,129216,2152.64,2022-04-27,355893,False,,-24684.886319,96
1346,129312,2154.06,2022-05-09,969432,False,,-19179.006184,96
1347,129408,2155.56,2022-06-04,1975,False,,-12986.617077,96
1348,129504,2157.12,2022-06-22,862279,False,,-23559.797516,96
1349,129600,2159.03,2022-07-26,847513,False,,-25016.965133,96
1350,129696,2160.66,2022-08-03,281335,False,,-16962.860676,96
1351,129792,2162.21,2022-08-17,805138,False,,-9859.352419,96
1352,129888,2163.74,2022-09-07,215073,False,,-19643.836017,96
1353,129984,2165.24,2022-09-29,670929,False,,-28848.557893,96
1354,130080,2181.35,2022-10-12,550716,False,,-13917.378878,96
1355,130176,2182.83,2022-10-26,598547,False,,-25970.689144,96
1356,130272,2184.28,2022-11-23,183497,False,,-27298.511543,96
1357,130368,2185.79,2022-12-07,300417,False,,-20093.259356,96
1358,130464,2187.32,2022-12-17,738450,False,,-12026.910071,96
1359,130560,2188.72,2022-12-28,193728,False,,-21478.765279,96
1360,130656,2190.13,2022-01-24,806631,False,,-32347.574154,96
1361,130752,2191.63,2022-02-07,463619,False,,-18609.768435,96
1362,130848,2193.14,2022-02-21,831823,False,,-40260.924771,96
1363,130944,2194.64,2022-03-19,976520,False,,-12087.793641,96
1364,131040,2196.25,2022-04-13,657336,False,,-20183.018336,96
1365,131136,2197.66,2022-04-27,489762,False,,-26040.578922,96
1366,131232,2199.05,2022-05-09,612970,False,,-22957.021166,96
1367,131328,2200.58,2022-06-04,673185,False,,-26621.048545,96
1368,131424,2202.01,2022-06-22,487940,False,,-22998.84343,96
1369,131520,2203.49,2022-07-26,376827,False,,-14324.887976,96
1370,131616,2205.14,2022-08-03,425688,False,,-21919.412796,96
1371,131712,2206.59,2022-08-17,912843,False,,-21005.482052,96
1372,131808,2208.06,2022-09-07,210145,False,,-25271.96294,96
1373,131904,2209.51,2022-09-29,688747,False,,-17881.793894,96
1374,132000,2211.0,2022-10-12,69737,False,,-23340.71252,96
1375,132096,2212.46,2022-10-26,855191,False,,-19951.009366,96
1376,132192,2213.99,2022-11-23,922189,False,,-18243.528127,96
1377,132288,2215.53,2022-12-07,211263,False,,-16359.257582,96
1378,132384,2216.94,2022-12-17,198406,False,,-36800.982926,96
1379,132480,2218.39,2022-12-28,14546,False,,-23897.633392,96
1380,132576,2219.78,2022-01-24,274720,False,,-22494.078725,96
1381,132672,2221.4,2022-02-07,256256,False,,-27955.258435,96
1382,132768,2222.93,2022-02-21,387209,False,,-11540.149435,96
1383,132864,2224.36,2022-03-19,639301,False,,-35677.310129,96
1384,132960,2225.81,2022-04-13,748718,False,,-20495.338451,96
1385,133056,2227.35,2022-04-27,209688,False,,-17821.837747,96
1386,133152,2228.79,2022-05-09,729847,False,,-19956.567022,96
1387,133248,2230.38,2022-06-04,385095,False,,-18167.771541,96
1388,133344,2231.84,2022-06-22,545768,False,,-23311.002592,96
1389,133440,2233.48,2022-07-26,100447,False,,-20650.023038,96
1390,133536,2234.99,2022-08-03,98444,False,,-13311.85796,96
1391,133632,2236.44,2022-08-17,433094,False,,-17803.301414,96
1392,133728,2237.79,2022-09-07,517825,False,,-21170.061924,96
1393,133824,2239.37,2022-09-29,152109,False,,-21047.04892,96
1394,133920,2240.79,2022-10-12,125666,False,,-28121.16433,96
1395,134016,2242.23,2022-10-26,526324,False,,-24364.502852,96
1396,134112,2243.75,2022-11-23,577470,False,,-28584.090979,96
1397,134208,2245.12,2022-12-07,788255,False,,-18255.940838,96
1398,134304,2246.77,2022-12-17,235031,False,,-19405.988278,96
1399,134400,2248.44,2022-12-28,511903,False,,-26898.675823,96
1400,134496,2250.06,2022-01-24,460900,False,,-21009.176873,96
1401,134592,2251.51,2022-02-07,350364,False,,-12356.519906,96
1402,134688,2253.01,2022-02-21,949099,False,,-21180.445753,96
1403,134784,2254.54,2022-03-19,886625,False,,-20723.8184,96
1404,134880,2256.06,2022-04-13,550606,False,,-11835.205516,96
1405,134976,2257.4,2022-04-27,871794,False,,-35762.586183,96
1406,135072,2258.77,2022-05-09,483676,False,,-20812.720476,96
1407,135168,2260.61,2022-06-04,286085,False,,-49843.202932,96
1408,135264,2262.01,2022-06-22,52689,False,,-17299.874966,96
1409,135360,2263.44,2022-07-26,257958,False,,-38067.231177,96
1410,135456,2264.84,2022-08-03,665889,False,,-30215.509719,96
1411,135552,2266.54,2022-08-17,170209,False,,-24428.865555,96
1412,135648,2268.28,2022-09-07,784668,False,,-18935.760692,96
1413,135744,2269.69,2022-09-29,650892,False,,-25526.999459,96
1414,135840,2271.14,2022-10-12,709384,False,,-21260.377869,96
1415,135936,2272.64,2022-10-26,395087,False,,-19232.048093,96
1416,136032,2274.16,2022-11-23,77907,False,,-29128.023309,96
1417,136128,2275.69,2022-12-07,747479,False,,-23870.259623,96
1418,136224,2277.11,2022-12-17,508072,False,,-28682.535319,96
1419,136320,2278.51,2022-12-28,239481,False,,-11480.583929,96
1420,136416,2279.99,2022-01-24,989145,False,,-21237.352374,96
1421,136512,2281.59,2022-02-07,958225,False,,-24087.747256,96
1422,136608,2283.04,2022-02-21,907963,False,,-19614.579591,96
1423,136704,2284.45,2022-03-19,75321,False,,-23897.808031,96
1424,136800,2286.09,2022-04-13,757430,False,,-28750.588172,96
1425,136896,2287.82,2022-04-27,357838,False,,-24751.051207,96
1426,136992,2289.39,2022-05-09,413271,False,,-24735.512161,96
1427,137088,2290.96,2022-06-04,49083,False,,-20410.430542,96
1428,137184,2292.69,2022-06-22,974826,False,,-28461.74031,96
1429,137280,2294.26,2022-07-26,280325,False,,-17579.367512,96
1430,137376,2295.79,2022-08-03,254298,False,,-11405.193648,96
1431,137472,2297.38,2022-08-17,328232,False,,-20865.624119,96
1432,137568,2298.81,2022-09-07,38100,False,,-11357.915111,96
1433,137664,2300.31,2022-09-29,86120,False,,-45104.012881,96
1434,137760,2301.74,2022-10-12,74968,False,,-21990.859377,96
1435,137856,2303.27,2022-10-26,154531,False,,-12657.518848,96
1436,137952,2304.91,2022-11-23,897002,False,,-48711.000664,96
1437,138048,2306.49,2022-12-07,831006,False,,-19673.501368,96
1438,138144,2307.94,2022-12-17,391873,False,,-13441.246934,96
1439,138240,2309.42,2022-12-28,611120,False,,-20606.144933,96
1440,138336,2310.88,2022-01-24,92113,False,,-45259.210888,96
1441,138432,2312.45,2022-02-07,202074,False,,-37758.832798,96
1442,138528,2313.92,2022-02-21,436166,False,,-47842.074579,96
1443,138624,2315.5,2022-03-19,309687,False,,-23685.498081,96
1444,138720,2317.04,2022-04-13,585048,False,,-24926.113347,96
1445,138816,2318.52,2022-04-27,757695,False,,-22044.329913,96
1446,138912,2320.12,2022-05-09,743347,False,,-19112.740183,96
1447,139008,2321.64,2022-06-04,204698,False,,-14233.292664,96
1448,139104,2323.23,2022-06-22,712836,False,,-15541.836495,96
1449,139200,2325.02,2022-07-26,512500,False,,-15303.291864,96
1450,139296,2326.85,2022-08-03,703098,False,,-33504.521726,96
1451,139392,2328.54,2022-08-17,282928,False,,-28794.112062,96
1452,139488,2330.24,2022-09-07,309550,False,,-25465.967743,96
1453,139584,2331.66,2022-09-29,57317,False,,-21330.516493,96
1454,139680,2333.27,2022-10-12,452902,False,,-21346.357473,96
1455,139776,2334.74,2022-10-26,747351,False,,-47167.959167,96
1456,139872,2336.33,2022-11-23,583639,False,,-13394.720144,96
1457,139968,2337.77,2022-12-07,408556,False,,-20393.60398,96
1458,140064,2353.99,2022-12-17,463284,False,,-20139.300187,96
1459,140160,2355.57,2022-12-28,51035,False,,-24809.956589,96
1460,140256,2356.9,2022-01-24,478029,False,,-19016.415347,96
1461,140352,2358.58,2022-02-07,857948,False,,-32541.668261,96
1462,140448,2360.05,2022-02-21,349468,False,,-22570.993446,96
1463,140544,2361.55,2022-03-19,640801,False,,-16820.79735,96
1464,140640,2363.0,2022-04-13,216899,False,,-21158.127509,96
1465,140736,2364.44,2022-04-27,510799,False,,-26163.968504,96
1466,140832,2365.98,2022-05-09,656238,False,,-16319.967406,96
1467,140928,2367.39,2022-06-04,432276,False,,-16814.38695,96
1468,141024,2368.84,2022-06-22,973546,False,,-25377.291331,96
1469,141120,2370.26,2022-07-26,87936,False,,-18587.318557,96
1470,141216,2371.67,2022-08-03,790001,False,,-16094.74152,96
1471,141312,2373.19,2022-08-17,107124,False,,-12102.027567,96
1472,141408,2374.72,2022-09-07,557645,False,,-23424.198598,96
1473,141504,2376.29,2022-09-29,30663,False,,-69567.03267,96
1474,141600,2377.85,2022-10-12,150115,False,,-15811.453426,96
1475,141696,2379.39,2022-10-26,621461,False,,-36362.604366,96
1476,141792,2380.99,2022-11-23,122490,False,,-23262.891657,96
1477,141888,2382.32,2022-12-07,897173,False,,-32363.322715,96
1478,141984,2383.86,2022-12-17,97865,False,,-18330.732515,96
1479,142080,2385.42,2022-12-28,209690,False,,-22559.165363,96
1480,142176,2386.75,2022-01-24,139555,False,,-22811.438147,96
1481,142272,2388.27,2022-02-07,836806,False,,-26655.433966,96
1482,142368,2389.82,2022-02-21,901706,False,,-10480.724197,96
1483,142464,2391.32,2022-03-19,983055,False,,-24127.256099,96
1484,142560,2392.77,2022-04-13,58500,False,,-32658.590417,96
1485,142656,2394.22,2022-04-27,655387,False,,-51031.422635,96
1486,142752,2395.88,2022-05-09,906597,False,,-27601.178001,96
1487,142848,2397.27,2022-06-04,143356,False,,-32641.767664,96
1488,142944,2398.9,2022-06-22,355540,False,,-19740.491283,96
1489,143040,2400.39,2022-07-26,471971,False,,-26119.054274,96
1490,143136,2401.8,2022-08-03,609992,False,,-25465.750879,96
1491,143232,2403.25,2022-08-17,172869,False,,-24985.427478,96
1492,143328,2404.74,2022-09-07,654964,False,,-10291.848994,96
1493,143424,2406.2,2022-09-29,328630,False,,-32440.938554,96
1494,143520,2407.74,2022-10-12,656808,False,,-23951.613756,96
1495,143616,2409.28,2022-10-26,694787,False,,-12746.408708,96
1496,143712,2410.92,2022-11-23,104105,False,,-21495.625691,96
1497,143808,2412.51,2022-12-07,543422,False,,-21752.136595,96
1498,143904,2413.86,2022-12-17,105893,False,,-12675.148447,96
1499,144000,2415.5,2022-12-28,152539,False,,-22124.744938,96
1500,144096,2417.03,2022-01-24,292226,False,,-57054.290732,96
1501,144192,2418.73,2022-02-07,360640,False,,-12557.880778,96
1502,144288,2420.32,2022-02-21,149130,False,,-12323.493997,96
1503,144384,2421.83,2022-03-19,736726,False,,-24871.41735,96
1504,144480,2423.35,2022-04-13,452342,False,,-15410.498346,96
1505,144576,2424.68,2022-04-27,358483,False,,-18890.97365,96
1506,144672,2426.07,2022-05-09,256868,False,,-19309.348348,96
1507,144768,2427.54,2022-06-04,548682,False,,-11739.40141,96
1508,144864,2428.98,2022-06-22,796979,False,,-54144.559092,96
1509,144960,2430.48,2022-07-26,564979,False,,-22855.181949,96
1510,145056,2431.87,2022-08-03,280446,False,,-27114.899326,96
1511,145152,2433.4,2022-08-17,985261,False,,-13775.509123,96
1512,145248,2435.05,2022-09-07,126509,False,,-23881.31387,96
1513,145344,2436.52,2022-09-29,951884,False,,-35390.374326,96
1514,145440,2438.05,2022-10-12,478627,False,,-11656.278569,96
1515,145536,2439.57,2022-10-26,937910,False,,-22055.145955,96
1516,145632,2441.12,2022-11-23,810213,False,,-16325.948077,96
1517,145728,2442.68,2022-12-07,271456,False,,-9114.757747,96
1518,145824,2444.18,2022-12-17,140565,False,,-43596.616257,96
1519,145920,2445.73,2022-12-28,333344,False,,-19220.757674,96
1520,146016,2447.31,2022-01-24,26436,False,,-28951.971396,96
1521,146112,2449.01,2022-02-07,89274,False,,-19959.174787,96
1522,146208,2450.69,2022-02-21,388854,False,,-29160.332883,96
1523,146304,2452.49,2022-03-19,257025,False,,-26365.397884,96
1524,146400,2454.05,2022-04-13,246340,False,,-21117.105444,96
1525,146496,2455.6,2022-04-27,32363,False,,-12957.820684,96
1526,146592,2457.2,2022-05-09,452059,False,,-19520.27371,96
1527,146688,2458.63,2022-06-04,847572,False,,-32051.741516,96
1528,146784,2460.2,2022-06-22,825883,False,,-19775.768764,96
1529,146880,2461.7,2022-07-26,273852,False,,-27496.026523,96
1530,146976,2463.18,2022-08-03,76218,False,,-17123.476977,96
1531,147072,2464.73,2022-08-17,994115,False,,-23455.860863,96
1532,147168,2466.17,2022-09-07,790915,False,,-23206.983242,96
1533,147264,2467.63,2022-09-29,80778,False,,-32983.13004,96
1534,147360,2469.06,2022-10-12,904334,False,,-32636.729305,96
1535,147456,2470.58,2022-10-26,194126,False,,-19949.894629,96
1536,147552,2472.13,2022-11-23,22596,False,,-15865.608641,96
1537,147648,2473.76,2022-12-07,815257,False,,-46232.177536,96
1538,147744,2475.25,2022-12-17,436235,False,,-30815.452916,96
1539,147840,2476.75,2022-12-28,108309,False,,-34386.691742,96
1540,147936,2478.23,2022-01-24,344594,False,,-32705.319903,96
1541,148032,2479.58,2022-02-07,739135,False,,-16408.271263,96
1542,148128,2481.0,2022-02-21,663197,False,,-28338.975123,96
1543,148224,2482.49,2022-03-19,889608,False,,-19129.357225,96
1544,148320,2483.92,2022-04-13,565054,False,,-19787.949928,96
1545,148416,2485.32,2022-04-27,681403,False,,-29775.588492,96
1546,148512,2486.82,2022-05-09,46882,False,,-18252.073715,96
1547,148608,2488.26,2022-06-04,643945,False,,-16474.658749,96
1548,148704,2489.72,2022-06-22,572860,False,,-30771.187583,96
1549,148800,2491.22,2022-07-26,327887,False,,-20662.907553,96
1550,148896,2492.66,2022-08-03,98993,False,,-13391.44253,96
1551,148992,2494.15,2022-08-17,518333,False,,-16455.156065,96
1552,149088,2495.7,2022-09-07,563021,False,,-8212.386942,96
1553,149184,2497.18,2022-09-29,687404,False,,-16027.887624,96
1554,149280,2498.78,2022-10-12,27422,False,,-22304.286339,96
1555,149376,2500.21,2022-10-26,119878,False,,-27163.016727,96
1556,149472,2501.66,2022-11-23,812410,False,,-17015.245911,96
1557,149568,2503.08,2022-12-07,351404,False,,-13705.054288,96
1558,149664,2504.6,2022-12-17,676622,False,,-16755.193625,96
1559,149760,2506.05,2022-12-28,682256,False,,-28137.847869,96
1560,149856,2507.4,2022-01-24,302392,False,,-26068.745047,96
1561,149952,2508.73,2022-02-07,408910,False,,-18198.82769,96
1562,150048,2523.41,2022-02-21,981999,False,,-15130.757481,96
1563,150144,2524.95,2022-03-19,926842,False,,-16458.451027,96
1564,150240,2526.43,2022-04-13,111203,False,,-25538.561647,96
1565,150336,2527.98,2022-04-27,122030,False,,-21187.437142,96
1566,150432,2529.49,2022-05-09,748529,False,,-30418.067868,96
1567,150528,2531.03,2022-06-04,548795,False,,-19788.522338,96
1568,150624,2532.42,2022-06-22,25966,False,,-20334.378134,96
1569,150720,2533.81,2022-07-26,962953,False,,-22364.14367,96
1570,150816,2535.36,2022-08-03,647814,False,,-15551.496051,96
1571,150912,2536.83,2022-08-17,762182,False,,-24151.887074,96
1572,151008,2538.32,2022-09-07,983014,False,,-21926.141487,96
1573,151104,2539.79,2022-09-29,965647,False,,-17910.508541,96
1574,151200,2541.23,2022-10-12,373633,False,,-31238.45712,96
1575,151296,2542.62,2022-10-26,297415,False,,-41121.702729,96
1576,151392,2544.19,2022-11-23,448183,False,,-27924.407976,96
1577,151488,2545.74,2022-12-07,11933,False,,-14112.561913,96
1578,151584,2547.26,2022-12-17,999418,False,,-27431.203811,96
1579,151680,2548.86,2022-12-28,285583,False,,-33827.988604,96
1580,151776,2550.4,2022-01-24,520591,False,,-26920.165721,96
1581,151872,2551.91,2022-02-07,702682,False,,-15405.330494,96
1582,151968,2553.45,2022-02-21,785052,False,,-27450.697715,96
1583,152064,2555.06,2022-03-19,831717,False,,-23469.935607,96
1584,152160,2556.7,2022-04-13,827610,False,,-23614.924269,96
1585,152256,2558.13,2022-04-27,726421,False,,-17495.105313,96
1586,152352,2559.66,2022-05-09,857500,False,,-16712.166084,96
1587,152448,2561.18,2022-06-04,344962,False,,-20584.370193,96
1588,152544,2562.93,2022-06-22,423801,False,,-27085.266163,96
1589,152640,2564.43,2022-07-26,562924,False,,-23280.699119,96
1590,152736,2565.95,2022-08-03,107080,False,,-32029.101994,96
1591,152832,2567.48,2022-08-17,926824,False,,-25211.22025,96
1592,152928,2568.97,2022-09-07,521037,False,,-22242.554156,96
1593,153024,2570.47,2022-09-29,988006,False,,-36422.75771,96
1594,153120,2572.1,2022-10-12,407600,False,,-26134.007042,96
1595,153216,2573.62,2022-10-26,241527,False,,-25265.229896,96
1596,153312,2575.02,2022-11-23,227064,False,,-18230.963058,96
1597,153408,2576.46,2022-12-07,104366,False,,-34505.814487,96
1598,153504,2578.01,2022-12-17,81195,False,,-44873.913526,96
1599,153600,2579.55,2022-12-28,509716,False,,-22923.514587,96
1600,153696,2580.99,2022-01-24,37815,False,,-24501.399774,96
1601,153792,2582.48,2022-02-07,983626,False,,-16520.087218,96
1602,153888,2583.72,2022-02-21,729084,False,,-29831.584766,96
1603,153984,2585.16,2022-03-19,313625,False,,-25503.22887,96
1604,154080,2586.4,2022-04-13,845443,False,,-27003.381594,96
1605,154176,2587.79,2022-04-27,241494,False,,-33653.575751,96
1606,154272,2589.29,2022-05-09,811581,False,,-23843.215882,96
1607,154368,2590.79,2022-06-04,834764,False,,-36248.052997,96
1608,154464,2592.09,2022-06-22,91449,False,,-22555.215847,96
1609,154560,2593.48,2022-07-26,342723,False,,-30312.185744,96
1610,154656,2594.85,2022-08-03,196492,False,,-20448.242996,96
1611,154752,2596.2,2022-08-17,508789,False,,-22684.310299,96
1612,154848,2597.7,2022-09-07,855215,False,,-33549.416532,96
1613,154944,2599.12,2022-09-29,630888,False,,-20224.894153,96
1614,155040,2600.27,2022-10-12,279931,False,,-21561.170085,96
1615,155136,2601.68,2022-10-26,251992,False,,-27619.637983,96
1616,155232,2603.16,2022-11-23,562874,False,,-22677.22066,96
1617,155328,2604.44,2022-12-07,406727,False,,-39551.694745,96
1618,155424,2605.86,2022-12-17,431718,False,,-15364.645121,96
1619,155520,2607.33,2022-12-28,293902,False,,-20026.968885,96
1620,155616,2608.96,2022-01-24,912881,False,,-39815.709717,96
1621,155712,2610.46,2022-02-07,1762,False,,-44111.389527,96
1622,155808,2611.95,2022-02-21,94705,False,,-27959.4982,96
1623,155904,2613.33,2022-03-19,852988,False,,-21286.193178,96
1624,156000,2614.65,2022-04-13,858608,False,,-15719.884932,96
1625,156096,2616.12,2022-04-27,303147,False,,-16028.728361,96
1626,156192,2617.54,2022-05-09,783819,False,,-20377.093787,96
1627,156288,2618.87,2022-06-04,572813,False,,-25844.220497,96
1628,156384,2620.37,2022-06-22,799233,False,,-24737.006939,96
1629,156480,2621.86,2022-07-26,423777,False,,-63300.932316,96
1630,156576,2623.37,2022-08-03,852158,False,,-16080.48752,96
1631,156672,2624.91,2022-08-17,914843,False,,-22097.011376,96
1632,156768,2626.35,2022-09-07,247167,False,,-38117.53671,96
1633,156864,2627.76,2022-09-29,809143,False,,-22619.297852,96
1634,156960,2629.27,2022-10-12,409451,False,,-23844.518675,96
1635,157056,2630.52,2022-10-26,752574,False,,-47512.482559,96
1636,157152,2631.86,2022-11-23,207748,False,,-27141.865495,96
1637,157248,2633.36,2022-12-07,689487,False,,-10801.485362,96
1638,157344,2634.83,2022-12-17,573198,False,,-26567.42109,96
1639,157440,2636.36,2022-12-28,472416,False,,-31206.773114,96
1640,157536,2637.84,2022-01-24,49461,False,,-30505.729809,96
1641,157632,2639.21,2022-02-07,144218,False,,-13152.555269,96
1642,157728,2640.61,2022-02-21,255277,False,,-24175.186757,96
1643,157824,2641.99,2022-03-19,122651,False,,-18380.048909,96
1644,157920,2643.42,2022-04-13,354985,False,,-16667.105422,96
1645,158016,2644.79,2022-04-27,413097,False,,-13389.767549,96
1646,158112,2646.13,2022-05-09,981027,False,,-29335.455272,96
1647,158208,2647.27,2022-06-04,37251,False,,-19400.917195,96
1648,158304,2648.79,2022-06-22,344087,False,,-43200.568386,96
1649,158400,2650.27,2022-07-26,883891,False,,-30239.631253,96
1650,158496,2651.82,2022-08-03,799555,False,,-14778.482201,96
1651,158592,2652.97,2022-08-17,472554,False,,-21116.573133,96
1652,158688,2654.33,2022-09-07,531710,False,,-47995.804647,96
1653,158784,2655.76,2022-09-29,916150,False,,-41046.113971,96
1654,158880,2657.07,2022-10-12,806280,False,,-41899.667902,96
1655,158976,2658.5,2022-10-26,604447,False,,-20080.555929,96
1656,159072,2659.7,2022-11-23,936183,False,,-12017.056,96
1657,159168,2661.28,2022-12-07,833899,False,,-41539.213411,96
1658,159264,2662.81,2022-12-17,630321,False,,-11630.579134,96
1659,159360,2664.36,2022-12-28,619881,False,,-20147.346279,96
1660,159456,2665.84,2022-01-24,450298,False,,-23671.443984,96
1661,159552,2667.37,2022-02-07,482042,False,,-31595.390528,96
1662,159648,2668.61,2022-02-21,192879,False,,-46099.378999,96
1663,159744,2669.96,2022-03-19,317525,False,,-20505.439417,96
1664,159840,2671.51,2022-04-13,175128,False,,-21462.29731,96
1665,159936,2673.05,2022-04-27,635047,False,,-15595.530095,96
1666,160032,2687.67,2022-05-09,348973,False,,-15380.548648,96
1667,160128,2688.81,2022-06-04,754521,False,,-29784.699176,96
1668,160224,2690.27,2022-06-22,619561,False,,-24450.990614,96
1669,160320,2691.74,2022-07-26,999160,False,,-15979.651917,96
1670,160416,2693.23,2022-08-03,99850,False,,-12257.990591,96
1671,160512,2694.71,2022-08-17,149208,False,,-25736.522053,96
1672,160608,2696.25,2022-09-07,862757,False,,-29408.133768,96
1673,160704,2697.57,2022-09-29,568461,False,,-19035.392393,96
1674,160800,2699.14,2022-10-12,540118,False,,-14552.328424,96
1675,160896,2700.59,2022-10-26,126986,False,,-20078.362304,96
1676,160992,2702.03,2022-11-23,411320,False,,-36768.506825,96
1677,161088,2703.54,2022-12-07,803257,False,,-43474.968788,96
1678,161184,2704.98,2022-12-17,114701,False,,-18033.871634,96
1679,161280,2706.45,2022-12-28,768603,False,,-17303.038347,96
1680,161376,2707.93,2022-01-24,823958,False,,-15655.681147,96
1681,161472,2709.3,2022-02-07,926227,False,,-23689.617756,96
1682,161568,2710.87,2022-02-21,899796,False,,-21053.925285,96
1683,161664,2712.36,2022-03-19,415850,False,,-19410.097479,96
1684,161760,2713.73,2022-04-13,761761,False,,-30031.653419,96
1685,161856,2715.18,2022-04-27,271456,False,,-14185.422206,96
1686,161952,2716.67,2022-05-09,874420,False,,-22597.2466,96
1687,162048,2718.11,2022-06-04,510603,False,,-20215.159723,96
1688,162144,2719.62,2022-06-22,654583,False,,-22410.940302,96
1689,162240,2721.15,2022-07-26,344808,False,,-23513.58788,96
1690,162336,2722.52,2022-08-03,787612,False,,-20148.107953,96
1691,162432,2723.91,2022-08-17,54871,False,,-29205.606192,96
1692,162528,2725.08,2022-09-07,53071,False,,-27022.934508,96
1693,162624,2726.53,2022-09-29,961362,False,,-24470.054471,96
1694,162720,2727.97,2022-10-12,472190,False,,-37756.562403,96
1695,162816,2729.4,2022-10-26,402921,False,,-36418.127166,96
1696,162912,2730.88,2022-11-23,324275,False,,-31749.312673,96
1697,163008,2732.24,2022-12-07,374756,False,,-27615.886849,96
1698,163104,2733.81,2022-12-17,501314,False,,-17862.314633,96
1699,163200,2735.18,2022-12-28,889332,False,,-20476.721133,96
1700,163296,2736.67,2022-01-24,420888,False,,-21684.394263,96
1701,163392,2738.21,2022-02-07,212736,False,,-19677.142011,96
1702,163488,2739.63,2022-02-21,956621,False,,-15537.959476,96
1703,163584,2741.22,2022-03-19,669127,False,,-14218.562241,96
1704,163680,2742.59,2022-04-13,971551,False,,-25241.66079,96
1705,163776,2744.23,2022-04-27,349857,False,,-20542.441344,96
1706,163872,2745.68,2022-05-09,806532,False,,-34011.05822,96
1707,163968,2747.11,2022-06-04,175248,False,,-25592.763841,96
1708,164064,2748.41,2022-06-22,592436,False,,-48448.057385,96
1709,164160,2749.86,2022-07-26,823031,False,,-19271.373762,96
1710,164256,2751.19,2022-08-03,243050,False,,-39101.046956,96
1711,164352,2752.74,2022-08-17,402275,False,,-21585.944044,96
1712,164448,2754.2,2022-09-07,373536,False,,-32430.362852,96
1713,164544,2755.7,2022-09-29,529700,False,,-25640.478333,96
1714,164640,2757.13,2022-10-12,62790,False,,-9515.45009,96
1715,164736,2758.65,2022-10-26,919484,False,,-18250.413749,96
1716,164832,2760.13,2022-11-23,108391,False,,-16504.478792,96
1717,164928,2761.55,2022-12-07,232532,False,,-40954.440434,96
1718,165024,2763.06,2022-12-17,63386,False,,-17178.962744,96
1719,165120,2764.62,2022-12-28,236740,False,,-13997.952795,96
1720,165216,2765.94,2022-01-24,33671,False,,-26920.95447,96
1721,165312,2767.37,2022-02-07,645487,False,,-23719.165241,96
1722,165408,2768.64,2022-02-21,633766,False,,-44869.138499,96
1723,165504,2769.91,2022-03-19,697846,False,,-19288.900996,96
1724,165600,2771.38,2022-04-13,797204,False,,-33568.766785,96
1725,165696,2772.78,2022-04-27,920001,False,,-16044.992082,96
1726,165792,2774.24,2022-05-09,319875,False,,-39110.781901,96
1727,165888,2775.51,2022-06-04,978591,False,,-22056.854104,96
1728,165984,2776.98,2022-06-22,650561,False,,-19920.786525,96
1729,166080,2778.27,2022-07-26,939178,False,,-17188.755252,96
1730,166176,2779.77,2022-08-03,252789,False,,-15994.741356,96
1731,166272,2780.99,2022-08-17,352800,False,,-14702.028248,96
1732,166368,2782.4,2022-09-07,226214,False,,-34402.904641,96
1733,166464,2783.87,2022-09-29,285371,False,,-34603.837151,96
1734,166560,2785.34,2022-10-12,144263,False,,-18318.72459,96
1735,166656,2786.86,2022-10-26,903835,False,,-15561.713889,96
1736,166752,2788.39,2022-11-23,741699,False,,-33531.81289,96
1737,166848,2789.73,2022-12-07,297821,False,,-14292.617481,96
1738,166944,2791.09,2022-12-17,852240,False,,-6994.097558,96
1739,167040,2792.42,2022-12-28,964109,False,,-19388.086532,96
1740,167136,2793.99,2022-01-24,935234,False,,-21913.679548,96
1741,167232,2795.29,2022-02-07,14946,False,,-22818.554578,96
1742,167328,2796.67,2022-02-21,564473,False,,-26007.871427,96
1743,167424,2798.12,2022-03-19,444528,False,,-20051.669599,96
1744,167520,2799.75,2022-04-13,183553,False,,-58035.727241,96
1745,167616,2801.03,2022-04-27,632874,False,,-15527.834001,96
1746,167712,2802.38,2022-05-09,72344,False,,-24978.928126,96
1747,167808,2803.82,2022-06-04,574894,False,,-34366.103326,96
1748,167904,2805.27,2022-06-22,575602,False,,-26031.116916,96
1749,168000,2806.81,2022-07-26,862550,False,,-23088.597687,96
1750,168096,2808.15,2022-08-03,876213,False,,-24254.051207,96
1751,168192,2809.42,2022-08-17,688195,False,,-27056.924853,96
1752,168288,2810.81,2022-09-07,699316,False,,-18569.443518,96
1753,168384,2812.2,2022-09-29,771218,False,,-35882.844644,96
1754,168480,2813.71,2022-10-12,534118,False,,-21737.053538,96
1755,168576,2815.24,2022-10-26,137146,False,,-20544.071894,96
1756,168672,2816.72,2022-11-23,553643,False,,-18396.068286,96
1757,168768,2818.16,2022-12-07,341733,False,,-33316.953118,96
1758,168864,2819.62,2022-12-17,902823,False,,-27406.197495,96
1759,168960,2821.05,2022-12-28,162385,False,,-23709.882344,96
1760,169056,2822.33,2022-01-24,648785,False,,-16098.335507,96
1761,169152,2823.91,2022-02-07,409823,False,,-16165.609038,96
1762,169248,2825.23,2022-02-21,332891,False,,-25100.53492,96
1763,169344,2826.31,2022-03-19,432930,False,,-23891.185927,96
1764,169440,2827.67,2022-04-13,201206,False,,-54471.882364,96
1765,169536,2828.94,2022-04-27,74605,False,,-11855.266399,96
1766,169632,2830.49,2022-05-09,806664,False,,-27794.496117,96
1767,169728,2831.96,2022-06-04,937829,False,,-23578.257927,96
1768,169824,2833.41,2022-06-22,34639,False,,-26101.037101,96
1769,169920,2834.82,2022-07-26,613937,False,,-11888.500416,96
1770,170016,2850.11,2022-08-03,433137,False,,-9546.97254,96
1771,170112,2851.64,2022-08-17,321179,False,,-33645.945067,96
1772,170208,2853.07,2022-09-07,289148,False,,-22706.198313,96
1773,170304,2854.57,2022-09-29,355043,False,,-26959.704764,96
1774,170400,2856.01,2022-10-12,848636,False,,-19720.746705,96
1775,170496,2857.49,2022-10-26,853233,False,,-31442.938701,96
1776,170592,2858.71,2022-11-23,676506,False,,-37210.343353,96
1777,170688,2860.45,2022-12-07,195877,False,,-30908.575767,96
1778,170784,2862.0,2022-12-17,814417,False,,-21671.485353,96
1779,170880,2863.21,2022-12-28,355380,False,,-17575.242788,96
1780,170976,2864.7,2022-01-24,972473,False,,-11838.541435,96
1781,171072,2866.25,2022-02-07,987449,False,,-34183.138341,96
1782,171168,2868.41,2022-02-21,253004,False,,-19715.86626,96
1783,171264,2870.41,2022-03-19,925558,False,,-32003.581377,96
1784,171360,2872.09,2022-04-13,612079,False,,-23141.260797,96
1785,171456,2873.55,2022-04-27,321267,False,,-28832.47952,96
1786,171552,2875.08,2022-05-09,631346,False,,-35394.333889,96
1787,171648,2876.67,2022-06-04,638585,False,,-27364.700994,96
1788,171744,2878.25,2022-06-22,843928,False,,-31540.224999,96
1789,171840,2879.75,2022-07-26,547372,False,,-20695.317326,96
1790,171936,2881.31,2022-08-03,795278,False,,-39302.226189,96
1791,172032,2882.91,2022-08-17,920815,False,,-18890.652499,96
1792,172128,2885.6,2022-09-07,304144,False,,-14737.456039,96
1793,172224,2887.12,2022-09-29,134857,False,,-17068.969696,96
1794,172320,2888.82,2022-10-12,382577,False,,-23437.50198,96
1795,172416,2890.31,2022-10-26,720642,False,,-27026.648809,96
1796,172512,2891.76,2022-11-23,20876,False,,-31862.040434,96
1797,172608,2893.31,2022-12-07,386653,False,,-34661.783579,96
1798,172704,2894.72,2022-12-17,474836,False,,-25510.494768,96
1799,172800,2896.18,2022-12-28,96171,False,,-16729.902335,96
1800,172896,2897.45,2022-01-24,461088,False,,-32552.919615,96
1801,172992,2898.9,2022-02-07,363354,False,,-18313.967601,96
1802,173088,2900.36,2022-02-21,745429,False,,-24637.18861,96
1803,173184,2902.05,2022-03-19,814076,False,,-26131.350376,96
1804,173280,2903.53,2022-04-13,174519,False,,-18436.526375,96
1805,173376,2905.14,2022-04-27,444602,False,,-36610.346055,96
1806,173472,2906.66,2022-05-09,211480,False,,-19104.128214,96
1807,173568,2908.19,2022-06-04,941355,False,,-48200.806681,96
1808,173664,2910.88,2022-06-22,567624,False,,-28419.226356,96
1809,173760,2912.44,2022-07-26,171787,False,,-29582.124595,96
1810,173856,2913.99,2022-08-03,496888,False,,-32531.880193,96
1811,173952,2915.36,2022-08-17,381085,False,,-34736.695281,96
1812,174048,2916.75,2022-09-07,318404,False,,-20603.431475,96
1813,174144,2918.07,2022-09-29,393345,False,,-25540.245061,96
1814,174240,2919.38,2022-10-12,960356,False,,-15502.389076,96
1815,174336,2920.83,2022-10-26,684897,False,,-32745.855241,96
1816,174432,2922.28,2022-11-23,636824,False,,-16300.410505,96
1817,174528,2923.7,2022-12-07,417012,False,,-22786.788835,96
1818,174624,2924.96,2022-12-17,931071,False,,-37882.74055,96
1819,174720,2926.51,2022-12-28,812776,False,,-20167.586878,96
1820,174816,2927.8,2022-01-24,569126,False,,-40439.831458,96
1821,174912,2929.09,2022-02-07,222884,False,,-20578.676411,96
1822,175008,2930.61,2022-02-21,745856,False,,-31315.365627,96
1823,175104,2931.91,2022-03-19,167573,False,,-21543.188352,96
1824,175200,2933.3,2022-04-13,464846,False,,-22796.265008,96
1825,175296,2934.75,2022-04-27,21879,False,,-24435.078781,96
1826,175392,2936.37,2022-05-09,174633,False,,-20450.799448,96
1827,175488,2937.75,2022-06-04,210413,False,,-25825.538282,96
1828,175584,2939.02,2022-06-22,293886,False,,-16400.0794,96
1829,175680,2940.53,2022-07-26,721130,False,,-24008.010453,96
1830,175776,2941.87,2022-08-03,747674,False,,-12232.021162,96
1831,175872,2943.23,2022-08-17,38697,False,,-18123.96507,96
1832,175968,2944.88,2022-09-07,909208,False,,-31062.374428,96
1833,176064,2946.39,2022-09-29,714453,False,,-47511.031903,96
1834,176160,2947.63,2022-10-12,815956,False,,-31136.090879,96
1835,176256,2949.13,2022-10-26,928827,False,,-23179.453637,96
1836,176352,2950.54,2022-11-23,518293,False,,-10892.672495,96
1837,176448,2952.01,2022-12-07,321480,False,,-24426.201127,96
1838,176544,2953.36,2022-12-17,270117,False,,-31491.813845,96
1839,176640,2954.73,2022-12-28,874243,False,,-24888.790009,96
1840,176736,2955.98,2022-01-24,871630,False,,-25550.604258,96
1841,176832,2957.25,2022-02-07,587970,False,,-11220.285151,96
1842,176928,2958.6,2022-02-21,695626,False,,-25616.792378,96
1843,177024,2960.08,2022-03-19,251797,False,,-19638.776656,96
1844,177120,2961.21,2022-04-13,358281,False,,-19787.186271,96
1845,177216,2962.44,2022-04-27,970825,False,,-27482.212721,96
1846,177312,2963.71,2022-05-09,514463,False,,-31873.680765,96
1847,177408,2965.21,2022-06-04,230240,False,,-25638.002237,96
1848,177504,2966.81,2022-06-22,268783,False,,-23127.998852,96
1849,177600,2968.39,2022-07-26,81640,False,,-24077.836987,96
1850,177696,2970.07,2022-08-03,202298,False,,-18832.312131,96
1851,177792,2971.59,2022-08-17,732129,False,,-32277.144485,96
1852,177888,2972.81,2022-09-07,769823,False,,-31446.209133,96
1853,177984,2974.11,2022-09-29,69232,False,,-30320.425822,96
1854,178080,2975.55,2022-10-12,54192,False,,-31962.396491,96
1855,178176,2976.89,2022-10-26,962015,False,,-29889.774997,96
1856,178272,2978.32,2022-11-23,873230,False,,-27938.80466,96
1857,178368,2979.74,2022-12-07,188350,False,,-34291.962391,96
1858,178464,2980.99,2022-12-17,400108,False,,-31079.233314,96
1859,178560,2982.47,2022-12-28,112748,False,,-20296.172673,96
1860,178656,2983.92,2022-01-24,104533,False,,-8808.060325,96
1861,178752,2985.31,2022-02-07,695110,False,,-26942.76899,96
1862,178848,2986.71,2022-02-21,306702,False,,-32074.539453,96
1863,178944,2987.96,2022-03-19,629073,False,,-22270.201099,96
1864,179040,2989.41,2022-04-13,774217,False,,-24182.141807,96
1865,179136,2990.76,2022-04-27,322262,False,,-11719.883497,96
1866,179232,2992.09,2022-05-09,514285,False,,-25399.9362,96
1867,179328,2993.36,2022-06-04,807912,False,,-17722.561175,96
1868,179424,2994.7,2022-06-22,574630,False,,-16974.898054,96
1869,179520,2996.01,2022-07-26,991365,False,,-25620.529795,96
1870,179616,2997.46,2022-08-03,937568,False,,-16058.876384,96
1871,179712,2998.82,2022-08-17,82172,False,,-25322.509514,96
1872,179808,3000.33,2022-09-07,411627,False,,-13951.658005,96
1873,179904,3001.87,2022-09-29,866038,False,,-23759.620451,96
1874,180000,3003.16,2022-10-12,56282,False,,-25720.179513,96
1875,180096,3017.43,2022-10-26,494579,False,,-24995.712318,96
1876,180192,3018.65,2022-11-23,333304,False,,-35692.898486,96
1877,180288,3019.81,2022-12-07,162852,False,,-7845.067671,96
1878,180384,3021.43,2022-12-17,786719,False,,-41082.692128,96
1879,180480,3022.93,2022-12-28,683212,False,,-29917.329422,96
1880,180576,3024.25,2022-01-24,311381,False,,-15147.959968,96
1881,180672,3025.54,2022-02-07,419960,False,,-20537.521255,96
1882,180768,3026.95,2022-02-21,668374,False,,-21585.801544,96
1883,180864,3028.61,2022-03-19,954581,False,,-9367.757075,96
1884,180960,3030.29,2022-04-13,152557,False,,-20418.462136,96
1885,181056,3031.83,2022-04-27,560190,False,,-12065.610281,96
1886,181152,3033.66,2022-05-09,666826,False,,-23698.216113,96
1887,181248,3035.3,2022-06-04,809203,False,,-26741.454645,96
1888,181344,3036.94,2022-06-22,57331,False,,-23872.490886,96
1889,181440,3038.59,2022-07-26,2520,False,,-50968.242557,96
1890,181536,3040.27,2022-08-03,485395,False,,-30848.601124,96
1891,181632,3041.93,2022-08-17,533354,False,,-16201.026509,96
1892,181728,3043.57,2022-09-07,639680,False,,-15639.216083,96
1893,181824,3045.2,2022-09-29,527660,False,,-23395.150667,96
1894,181920,3046.67,2022-10-12,91950,False,,-20651.988897,96
1895,182016,3048.15,2022-10-26,194598,False,,-22874.0073,96
1896,182112,3049.68,2022-11-23,828105,False,,-31161.690741,96
1897,182208,3051.21,2022-12-07,695069,False,,-22441.067272,96
1898,182304,3052.74,2022-12-17,282166,False,,-22708.422097,96
1899,182400,3054.31,2022-12-28,782117,False,,-37879.162714,96
1900,182496,3055.86,2022-01-24,56097,False,,-20044.659247,96
1901,182592,3057.42,2022-02-07,870589,False,,-19572.229521,96
1902,182688,3058.99,2022-02-21,151903,False,,-27537.808739,96
1903,182784,3060.52,2022-03-19,178073,False,,-16163.743394,96
1904,182880,3062.05,2022-04-13,912631,False,,-13799.782383,96
1905,182976,3063.65,2022-04-27,46402,False,,-29551.814962,96
1906,183072,3065.19,2022-05-09,894374,False,,-24875.472557,96
1907,183168,3066.58,2022-06-04,475509,False,,-49207.691178,96
1908,183264,3068.29,2022-06-22,340086,False,,-18335.91909,96
1909,183360,3069.73,2022-07-26,52896,False,,-31231.057616,96
1910,183456,3071.32,2022-08-03,58087,False,,-37272.463186,96
1911,183552,3072.87,2022-08-17,783700,False,,-19151.600756,96
1912,183648,3074.43,2022-09-07,175894,False,,-29806.253071,96
1913,183744,3076.02,2022-09-29,936527,False,,-22401.746947,96
1914,183840,3077.66,2022-10-12,840159,False,,-16648.438828,96
1915,183936,3079.36,2022-10-26,263184,False,,-21904.011063,96
1916,184032,3080.97,2022-11-23,640148,False,,-36028.674268,96
1917,184128,3082.63,2022-12-07,272829,False,,-26061.40307,96
1918,184224,3084.26,2022-12-17,740245,False,,-29111.327897,96
1919,184320,3085.82,2022-12-28,795691,False,,-22616.888681,96
1920,184416,3087.41,2022-01-24,992204,False,,-24935.442063,96
1921,184512,3089.13,2022-02-07,270026,False,,-42882.785937,96
1922,184608,3090.51,2022-02-21,956557,False,,-26630.371443,96
1923,184704,3092.01,2022-03-19,997707,False,,-16574.997173,96
1924,184800,3093.42,2022-04-13,292487,False,,-19909.774002,96
1925,184896,3094.88,2022-04-27,685404,False,,-52496.942757,96
1926,184992,3096.57,2022-05-09,400751,False,,-35888.833321,96
1927,185088,3098.08,2022-06-04,717006,False,,-41486.047814,96
1928,185184,3099.61,2022-06-22,423581,False,,-51319.698447,96
1929,185280,3101.31,2022-07-26,917050,False,,-29822.483149,96
1930,185376,3102.83,2022-08-03,816734,False,,-37777.459117,96
1931,185472,3104.24,2022-08-17,361167,False,,-20045.361326,96
1932,185568,3105.66,2022-09-07,417552,False,,-17405.494124,96
1933,185664,3107.29,2022-09-29,985555,False,,-13185.601019,96
1934,185760,3108.99,2022-10-12,466742,False,,-41773.464569,96
1935,185856,3110.56,2022-10-26,420260,False,,-40475.776794,96
1936,185952,3112.14,2022-11-23,314733,False,,-35050.855171,96
1937,186048,3113.69,2022-12-07,470257,False,,-29845.600905,96
1938,186144,3115.32,2022-12-17,95525,False,,-55069.20297,96
1939,186240,3116.76,2022-12-28,257425,False,,-28918.929641,96
1940,186336,3118.31,2022-01-24,413095,False,,-23456.418844,96
1941,186432,3119.92,2022-02-07,474105,False,,-22488.403508,96
1942,186528,3121.54,2022-02-21,816008,False,,-17662.17794,96
1943,186624,3123.13,2022-03-19,894281,False,,-15023.088984,96
1944,186720,3124.66,2022-04-13,601860,False,,-20626.592728,96
1945,186816,3126.16,2022-04-27,910557,False,,-26263.638004,96
1946,186912,3127.71,2022-05-09,750927,False,,-14318.588904,96
1947,187008,3129.21,2022-06-04,24414,False,,-12498.554246,96
1948,187104,3130.86,2022-06-22,408098,False,,-28244.877712,96
1949,187200,3132.34,2022-07-26,603388,False,,-25669.464696,96
1950,187296,3133.7,2022-08-03,163103,False,,-21601.050973,96
1951,187392,3135.29,2022-08-17,112925,False,,-27347.510394,96
1952,187488,3136.93,2022-09-07,105533,False,,-30423.55552,96
1953,187584,3138.56,2022-09-29,679295,False,,-29790.0949,96
1954,187680,3140.18,2022-10-12,38420,False,,-9635.959225,96
1955,187776,3141.67,2022-10-26,645379,False,,-19352.209626,96
1956,187872,3143.13,2022-11-23,402876,False,,-24766.642706,96
1957,187968,3144.75,2022-12-07,293009,False,,-16160.193652,96
1958,188064,3146.12,2022-12-17,117758,False,,-17129.229536,96
1959,188160,3147.73,2022-12-28,949228,False,,-27221.429662,96
1960,188256,3149.21,2022-01-24,724852,False,,-30447.102821,96
1961,188352,3151.04,2022-02-07,501273,False,,-29177.354546,96
1962,188448,3152.73,2022-02-21,671087,False,,-16313.535515,96
1963,188544,3154.63,2022-03-19,432215,False,,-11434.438026,96
1964,188640,3156.36,2022-04-13,213244,False,,-25604.309085,96
1965,188736,3157.98,2022-04-27,560438,False,,-22057.292369,96
1966,188832,3159.64,2022-05-09,588413,False,,-60660.019487,96
1967,188928,3161.31,2022-06-04,706501,False,,-29564.499664,96
1968,189024,3162.86,2022-06-22,302522,False,,-13269.571648,96
1969,189120,3164.59,2022-07-26,624042,False,,-21883.222897,96
1970,189216,3166.0,2022-08-03,103896,False,,-22769.743828,96
1971,189312,3167.65,2022-08-17,356098,False,,-23421.136352,96
1972,189408,3169.34,2022-09-07,711336,False,,-16587.514446,96
1973,189504,3170.88,2022-09-29,832724,False,,-17106.838084,96
1974,189600,3172.37,2022-10-12,923656,False,,-34445.822983,96
1975,189696,3173.79,2022-10-26,655442,False,,-21650.174169,96
1976,189792,3175.22,2022-11-23,222463,False,,-22746.07939,96
1977,189888,3176.38,2022-12-07,592832,False,,-38675.323798,96
1978,189984,3177.69,2022-12-17,178659,False,,-39102.821528,96
1979,190080,3193.89,2022-12-28,135505,False,,-44561.904807,96
1980,190176,3195.34,2022-01-24,534078,False,,-21730.703404,96
1981,190272,3196.73,2022-02-07,822353,False,,-34394.97311,96
1982,190368,3198.18,2022-02-21,957429,False,,-34525.549172,96
1983,190464,3199.71,2022-03-19,961416,False,,-24887.688412,96
1984,190560,3201.08,2022-04-13,362357,False,,-22347.917792,96
1985,190656,3202.59,2022-04-27,504342,False,,-28535.939092,96
1986,190752,3204.24,2022-05-09,998502,False,,-15143.617286,96
1987,190848,3205.71,2022-06-04,449124,False,,-18375.712516,96
1988,190944,3207.28,2022-06-22,475231,False,,-27175.687831,96
1989,191040,3208.78,2022-07-26,492724,False,,-14729.792065,96
1990,191136,3210.37,2022-08-03,880539,False,,-14647.982198,96
1991,191232,3211.83,2022-08-17,806666,False,,-31726.814151,96
1992,191328,3213.28,2022-09-07,691684,False,,-21363.65998,96
1993,191424,3214.83,2022-09-29,238108,False,,-26133.338784,96
1994,191520,3216.33,2022-10-12,644199,False,,-22144.397486,96
1995,191616,3217.86,2022-10-26,944956,False,,-31501.046933,96
1996,191712,3219.53,2022-11-23,142453,False,,-15664.863792,96
1997,191808,3221.28,2022-12-07,654385,False,,-34553.830247,96
1998,191904,3222.99,2022-12-17,474068,False,,-22675.517279,96
1999,192000,3224.68,2022-12-28,926398,False,,-48235.368222,96
2000,192096,3226.28,2022-01-24,838605,False,,-19414.271224,96
2001,192192,3228.09,2022-02-07,59314,False,,-36342.228967,96
2002,192288,3229.7,2022-02-21,789800,False,,-22911.360912,96
2003,192384,3231.36,2022-03-19,464328,False,,-30156.288145,96
2004,192480,3232.79,2022-04-13,659287,False,,-13200.89911,96
2005,192576,3234.27,2022-04-27,861409,False,,-23677.859399,96
2006,192672,3235.92,2022-05-09,396901,False,,-19740.236555,96
2007,192768,3237.47,2022-06-04,709871,False,,-21498.443977,96
2008,192864,3239.19,2022-06-22,822072,False,,-16542.617404,96
2009,192960,3240.76,2022-07-26,800525,False,,-22051.968767,96
2010,193056,3242.18,2022-08-03,427089,False,,-15712.460576,96
2011,193152,3243.77,2022-08-17,130199,False,,-39098.517255,96
2012,193248,3245.3,2022-09-07,781327,False,,-30777.654932,96
2013,193344,3246.94,2022-09-29,360835,False,,-28262.2852,96
2014,193440,3248.51,2022-10-12,737188,False,,-37798.733245,96
2015,193536,3249.95,2022-10-26,630167,False,,-23001.68926,96
2016,193632,3251.41,2022-11-23,170868,False,,-35990.902433,96
2017,193728,3253.05,2022-12-07,817470,False,,-15986.855388,96
2018,193824,3254.62,2022-12-17,126124,False,,-22169.693095,96
2019,193920,3256.16,2022-12-28,912666,False,,-15880.386082,96
2020,194016,3257.78,2022-01-24,571880,False,,-37430.926059,96
2021,194112,3259.47,2022-02-07,996870,False,,-26675.681145,96
2022,194208,3260.99,2022-02-21,120410,False,,-27272.290575,96
2023,194304,3262.58,2022-03-19,833376,False,,-23055.611565,96
2024,194400,3264.2,2022-04-13,23634,False,,-22483.649109,96
2025,194496,3265.69,2022-04-27,923804,False,,-23182.84533,96
2026,194592,3267.1,2022-05-09,82243,False,,-20137.274133,96
2027,194688,3268.74,2022-06-04,926947,False,,-19394.974085,96
2028,194784,3270.18,2022-06-22,518022,False,,-23045.296925,96
2029,194880,3271.81,2022-07-26,816426,False,,-20481.054438,96
2030,194976,3273.33,2022-08-03,27366,False,,-15584.164899,96
2031,195072,3274.87,2022-08-17,103516,False,,-30485.660129,96
2032,195168,3276.48,2022-09-07,750140,False,,-19426.230706,96
2033,195264,3278.0,2022-09-29,187923,False,,-8476.737633,96
2034,195360,3279.52,2022-10-12,47506,False,,-30577.505095,96
2035,195456,3280.88,2022-10-26,232044,False,,-13734.13847,96
2036,195552,3282.56,2022-11-23,564142,False,,-27428.588891,96
2037,195648,3284.31,2022-12-07,748059,False,,-19612.54186,96
2038,195744,3285.78,2022-12-17,565973,False,,-15335.996529,96
2039,195840,3287.19,2022-12-28,9506,False,,-32526.180009,96
2040,195936,3288.86,2022-01-24,784124,False,,-15035.368313,96
2041,196032,3290.45,2022-02-07,823183,False,,-26569.418851,96
2042,196128,3292.08,2022-02-21,467302,False,,-19204.161241,96
2043,196224,3293.62,2022-03-19,204887,False,,-15862.287181,96
2044,196320,3295.35,2022-04-13,961989,False,,-21002.027308,96
2045,196416,3296.62,2022-04-27,436917,False,,-32265.125038,96
2046,196512,3298.26,2022-05-09,618274,False,,-41291.795415,96
2047,196608,3299.91,2022-06-04,502718,False,,-20828.137921,96
2048,196704,3301.45,2022-06-22,421475,False,,-44530.197301,96
2049,196800,3303.09,2022-07-26,583540,False,,-18022.771886,96
2050,196896,3304.79,2022-08-03,536001,False,,-23504.602467,96
2051,196992,3306.27,2022-08-17,105485,False,,-21479.939365,96
2052,197088,3307.71,2022-09-07,766769,False,,-17584.307959,96
2053,197184,3309.16,2022-09-29,260483,False,,-32030.141478,96
2054,197280,3310.69,2022-10-12,971094,False,,-26423.394948,96
2055,197376,3312.25,2022-10-26,667040,False,,-26924.586163,96
2056,197472,3314.0,2022-11-23,647507,False,,-16646.856003,96
2057,197568,3315.59,2022-12-07,870303,False,,-11588.828042,96
2058,197664,3317.15,2022-12-17,589553,False,,-14756.938596,96
2059,197760,3318.74,2022-12-28,709562,False,,-42490.968343,96
2060,197856,3320.4,2022-01-24,74612,False,,-22551.90677,96
2061,197952,3321.89,2022-02-07,680905,False,,-12222.29285,96
2062,198048,3323.6,2022-02-21,356709,False,,-15047.198842,96
2063,198144,3325.38,2022-03-19,792864,False,,-33100.267671,96
2064,198240,3326.93,2022-04-13,637314,False,,-25386.712425,96
2065,198336,3328.6,2022-04-27,713804,False,,-22807.872997,96
2066,198432,3330.23,2022-05-09,643794,False,,-22171.659396,96
2067,198528,3331.89,2022-06-04,140300,False,,-20231.139099,96
2068,198624,3333.57,2022-06-22,735530,False,,-10768.587188,96
2069,198720,3335.3,2022-07-26,891214,False,,-12129.92431,96
2070,198816,3336.99,2022-08-03,534432,False,,-13530.713962,96
2071,198912,3338.55,2022-08-17,923905,False,,-18654.425223,96
2072,199008,3340.09,2022-09-07,959894,False,,-22160.059326,96
2073,199104,3341.72,2022-09-29,364150,False,,-21221.566311,96
2074,199200,3343.39,2022-10-12,709344,False,,-29133.409651,96
2075,199296,3345.14,2022-10-26,838165,False,,-22016.849935,96
2076,199392,3346.72,2022-11-23,80068,False,,-15266.716788,96
2077,199488,3348.32,2022-12-07,52368,False,,-25181.957261,96
2078,199584,3350.0,2022-12-17,21497,False,,-8675.757121,96
2079,199680,3351.69,2022-12-28,498993,False,,-33046.487144,96
2080,199776,3353.32,2022-01-24,492460,False,,-20086.153814,96
2081,199872,3354.94,2022-02-07,664589,False,,-16042.811749,96
2082,199968,3356.49,2022-02-21,970883,False,,-24150.601727,96
2083,200064,3373.57,2022-03-19,761221,False,,-30043.091547,96
2084,200160,3375.36,2022-04-13,128070,False,,-21485.691362,96
2085,200256,3376.91,2022-04-27,766568,False,,-26556.63659,96
2086,200352,3378.58,2022-05-09,531821,False,,-23209.148495,96
2087,200448,3380.1,2022-06-04,241134,False,,-28513.950059,96
2088,200544,3381.74,2022-06-22,394599,False,,-25951.730939,96
2089,200640,3383.35,2022-07-26,260459,False,,-24646.252189,96
2090,200736,3384.93,2022-08-03,462285,False,,-31924.716728,96
2091,200832,3386.37,2022-08-17,538305,False,,-19566.268366,96
2092,200928,3387.75,2022-09-07,327643,False,,-22862.794398,96
2093,201024,3389.32,2022-09-29,391673,False,,-35632.597589,96
2094,201120,3390.93,2022-10-12,925221,False,,-18358.576151,96
2095,201216,3392.54,2022-10-26,189435,False,,-9172.069501,96
2096,201312,3394.28,2022-11-23,504721,False,,-23344.324904,96
2097,201408,3395.88,2022-12-07,657788,False,,-14469.445278,96
2098,201504,3397.5,2022-12-17,86702,False,,-18981.958102,96
2099,201600,3399.13,2022-12-28,873231,False,,-27265.890712,96
2100,201696,3400.61,2022-01-24,503944,False,,-25081.126562,96
2101,201792,3402.19,2022-02-07,542420,False,,-26917.94019,96
2102,201888,3403.7,2022-02-21,677206,False,,-42275.443993,96
2103,201984,3405.28,2022-03-19,625702,False,,-12580.414487,96
2104,202080,3406.76,2022-04-13,733474,False,,-51078.304896,96
2105,202176,3408.19,2022-04-27,630559,False,,-38839.462529,96
2106,202272,3409.75,2022-05-09,464748,False,,-17556.96145,96
2107,202368,3411.39,2022-06-04,293646,False,,-28153.850316,96
2108,202464,3413.09,2022-06-22,483135,False,,-24833.295946,96
2109,202560,3414.64,2022-07-26,525233,False,,-19869.138877,96
2110,202656,3416.16,2022-08-03,693890,False,,-10127.762455,96
2111,202752,3417.78,2022-08-17,881255,False,,-22510.9317,96
2112,202848,3419.34,2022-09-07,218908,False,,-20139.899101,96
2113,202944,3420.86,2022-09-29,698465,False,,-27404.498724,96
2114,203040,3422.35,2022-10-12,971657,False,,-23226.348315,96
2115,203136,3423.84,2022-10-26,946462,False,,-12397.54747,96
2116,203232,3425.29,2022-11-23,702631,False,,-29284.745992,96
2117,203328,3426.72,2022-12-07,542508,False,,-35001.984241,96
2118,203424,3428.29,2022-12-17,904201,False,,-17518.901749,96
2119,203520,3429.91,2022-12-28,12814,False,,-16772.686694,96
2120,203616,3431.53,2022-01-24,598855,False,,-20266.999495,96
2121,203712,3433.15,2022-02-07,283789,False,,-19735.15838,96
2122,203808,3434.75,2022-02-21,38103,False,,-22503.357797,96
2123,203904,3436.33,2022-03-19,633646,False,,-43166.437733,96
2124,204000,3437.84,2022-04-13,671692,False,,-35099.041935,96
2125,204096,3439.32,2022-04-27,184233,False,,-23328.381699,96
2126,204192,3440.95,2022-05-09,736463,False,,-21434.295925,96
2127,204288,3442.54,2022-06-04,362535,False,,-41535.954043,96
2128,204384,3444.07,2022-06-22,98350,False,,-17016.370645,96
2129,204480,3445.7,2022-07-26,792776,False,,-10131.301746,96
2130,204576,3447.24,2022-08-03,673732,False,,-21633.127699,96
2131,204672,3448.86,2022-08-17,951168,False,,-22686.894736,96
2132,204768,3450.38,2022-09-07,833301,False,,-18962.002992,96
2133,204864,3451.96,2022-09-29,423879,False,,-15864.847981,96
2134,204960,3453.63,2022-10-12,141823,False,,-41566.820318,96
2135,205056,3455.23,2022-10-26,727735,False,,-38856.073675,96
2136,205152,3457.02,2022-11-23,644781,False,,-27278.369999,96
2137,205248,3458.62,2022-12-07,370958,False,,-12887.657254,96
2138,205344,3460.54,2022-12-17,538362,False,,-28691.633146,96
2139,205440,3462.2,2022-12-28,986552,False,,-15606.647724,96
2140,205536,3464.02,2022-01-24,652841,False,,-8933.199042,96
2141,205632,3465.66,2022-02-07,48819,False,,-29645.325577,96
2142,205728,3467.4,2022-02-21,632940,False,,-22003.564844,96
2143,205824,3469.06,2022-03-19,504262,False,,-12445.716453,96
2144,205920,3470.67,2022-04-13,785437,False,,-29256.364518,96
2145,206016,3472.36,2022-04-27,542349,False,,-20402.248333,96
2146,206112,3474.04,2022-05-09,707510,False,,-23956.296357,96
2147,206208,3475.9,2022-06-04,884702,False,,-11998.707442,96
2148,206304,3477.39,2022-06-22,268446,False,,-20324.329158,96
2149,206400,3478.75,2022-07-26,954659,False,,-26421.326804,96
2150,206496,3480.32,2022-08-03,805450,False,,-16204.329388,96
2151,206592,3481.97,2022-08-17,627387,False,,-36742.217375,96
2152,206688,3483.54,2022-09-07,587070,False,,-30195.14265,96
2153,206784,3485.13,2022-09-29,520671,False,,-9252.292913,96
2154,206880,3486.51,2022-10-12,539422,False,,-36544.361843,96
2155,206976,3488.15,2022-10-26,961759,False,,-20096.911834,96
2156,207072,3489.64,2022-11-23,880135,False,,-20653.944297,96
2157,207168,3491.08,2022-12-07,163422,False,,-23497.162138,96
2158,207264,3492.43,2022-12-17,983814,False,,-32454.544379,96
2159,207360,3493.85,2022-12-28,245010,False,,-22913.44981,96
2160,207456,3495.48,2022-01-24,460505,False,,-11644.156851,96
2161,207552,3496.92,2022-02-07,976250,False,,-22452.788524,96
2162,207648,3498.36,2022-02-21,994427,False,,-22664.9152,96
2163,207744,3500.09,2022-03-19,992542,False,,-13335.637952,96
2164,207840,3501.6,2022-04-13,848311,False,,-36829.07591,96
2165,207936,3503.26,2022-04-27,25331,False,,-24228.901756,96
2166,208032,3504.91,2022-05-09,802450,False,,-45881.753013,96
2167,208128,3506.56,2022-06-04,305705,False,,-20857.792016,96
2168,208224,3507.85,2022-06-22,226180,False,,-22682.63574,96
2169,208320,3509.45,2022-07-26,110509,False,,-18922.063081,96
2170,208416,3511.05,2022-08-03,544379,False,,-19893.264009,96
2171,208512,3512.33,2022-08-17,872582,False,,-23247.592294,96
2172,208608,3513.66,2022-09-07,300287,False,,-22546.617751,96
2173,208704,3515.0,2022-09-29,362056,False,,-10721.011773,96
2174,208800,3516.54,2022-10-12,953374,False,,-23577.763899,96
2175,208896,3517.92,2022-10-26,789135,False,,-19408.580683,96
2176,208992,3519.34,2022-11-23,829449,False,,-30676.307132,96
2177,209088,3520.87,2022-12-07,651211,False,,-31693.946168,96
2178,209184,3522.22,2022-12-17,118185,False,,-25279.789034,96
2179,209280,3523.53,2022-12-28,890870,False,,-29362.632418,96
2180,209376,3525.03,2022-01-24,57313,False,,-39029.496926,96
2181,209472,3526.59,2022-02-07,865600,False,,-31518.412193,96
2182,209568,3527.88,2022-02-21,404952,False,,-36372.231869,96
2183,209664,3529.23,2022-03-19,58643,False,,-17368.26667,96
2184,209760,3530.59,2022-04-13,674189,False,,-11641.242371,96
2185,209856,3532.03,2022-04-27,662868,False,,-32880.173215,96
2186,209952,3533.5,2022-05-09,560186,False,,-13661.422765,96
2187,210048,3547.88,2022-06-04,334841,False,,-14859.585012,96
2188,210144,3549.33,2022-06-22,625690,False,,-26306.306039,96
2189,210240,3550.68,2022-07-26,85947,False,,-38681.856701,96
2190,210336,3552.04,2022-08-03,79200,False,,-23544.957025,96
2191,210432,3553.45,2022-08-17,126789,False,,-28634.127586,96
2192,210528,3554.89,2022-09-07,389612,False,,-30941.02741,96
2193,210624,3556.39,2022-09-29,71597,False,,-40468.238366,96
2194,210720,3557.64,2022-10-12,92120,False,,-28123.18608,96
2195,210816,3559.0,2022-10-26,593762,False,,-23374.456782,96
2196,210912,3560.65,2022-11-23,815191,False,,-25391.977991,96
2197,211008,3562.12,2022-12-07,526295,False,,-18643.161868,96
2198,211104,3563.58,2022-12-17,369988,False,,-27370.706328,96
2199,211200,3564.93,2022-12-28,635269,False,,-12363.07542,96
2200,211296,3566.44,2022-01-24,96478,False,,-19421.21,96
2201,211392,3567.83,2022-02-07,376807,False,,-31115.297403,96
2202,211488,3569.23,2022-02-21,288112,False,,-28900.05144,96
2203,211584,3570.71,2022-03-19,801909,False,,-30798.328779,96
2204,211680,3572.19,2022-04-13,583152,False,,-27770.393325,96
2205,211776,3573.56,2022-04-27,661877,False,,-19691.912041,96
2206,211872,3575.0,2022-05-09,105436,False,,-22226.846047,96
2207,211968,3576.52,2022-06-04,46081,False,,-11616.964001,96
2208,212064,3578.06,2022-06-22,718608,False,,-24253.386224,96
2209,212160,3579.36,2022-07-26,279691,False,,-32900.271112,96
2210,212256,3580.84,2022-08-03,941633,False,,-12563.989839,96
2211,212352,3582.41,2022-08-17,201308,False,,-21969.801739,96
2212,212448,3583.99,2022-09-07,428379,False,,-19656.263469,96
2213,212544,3585.45,2022-09-29,67210,False,,-44499.197468,96
2214,212640,3586.98,2022-10-12,822614,False,,-44686.032306,96
2215,212736,3588.4,2022-10-26,303000,False,,-29463.730944,96
2216,212832,3589.91,2022-11-23,977184,False,,-31553.609284,96
2217,212928,3591.35,2022-12-07,945487,False,,-23236.742546,96
2218,213024,3592.88,2022-12-17,779791,False,,-38137.17955,96
2219,213120,3594.43,2022-12-28,797637,False,,-26869.130377,96
2220,213216,3595.66,2022-01-24,374219,False,,-16602.474027,96
2221,213312,3596.94,2022-02-07,360749,False,,-24371.906305,96
2222,213408,3598.37,2022-02-21,296520,False,,-22394.714508,96
2223,213504,3599.67,2022-03-19,217446,False,,-23056.71594,96
2224,213600,3601.15,2022-04-13,778385,False,,-25677.519404,96
2225,213696,3602.64,2022-04-27,209737,False,,-23524.12869,96
2226,213792,3604.08,2022-05-09,606959,False,,-27981.006396,96
2227,213888,3605.61,2022-06-04,607249,False,,-52848.03785,96
2228,213984,3607.23,2022-06-22,520477,False,,-26967.00913,96
2229,214080,3608.59,2022-07-26,918253,False,,-19075.199432,96
2230,214176,3610.2,2022-08-03,819680,False,,-24915.36486,96
2231,214272,3611.71,2022-08-17,963831,False,,-23001.93671,96
2232,214368,3613.3,2022-09-07,31526,False,,-14473.706324,96
2233,214464,3614.84,2022-09-29,925003,False,,-17618.121172,96
2234,214560,3616.18,2022-10-12,255686,False,,-29996.374174,96
2235,214656,3617.51,2022-10-26,642185,False,,-39059.98292,96
2236,214752,3618.85,2022-11-23,973003,False,,-41216.742692,96
2237,214848,3620.18,2022-12-07,745259,False,,-21875.667805,96
2238,214944,3621.56,2022-12-17,555729,False,,-45851.821739,96
2239,215040,3623.0,2022-12-28,922220,False,,-50544.827357,96
2240,215136,3624.37,2022-01-24,833309,False,,-24582.786909,96
2241,215232,3625.85,2022-02-07,963590,False,,-30027.247727,96
2242,215328,3627.23,2022-02-21,23669,False,,-42675.332576,96
2243,215424,3628.55,2022-03-19,257132,False,,-29328.329648,96
2244,215520,3630.03,2022-04-13,184467,False,,-18917.309312,96
2245,215616,3631.09,2022-04-27,724095,False,,-25952.714454,96
2246,215712,3632.38,2022-05-09,308898,False,,-14947.942102,96
2247,215808,3633.69,2022-06-04,231081,False,,-16953.63671,96
2248,215904,3635.07,2022-06-22,392161,False,,-29345.312348,96
2249,216000,3636.56,2022-07-26,93991,False,,-20081.894031,96
2250,216096,3638.01,2022-08-03,868606,False,,-25417.745323,96
2251,216192,3639.44,2022-08-17,76293,False,,-25980.214377,96
2252,216288,3640.85,2022-09-07,386244,False,,-12192.68631,96
2253,216384,3642.38,2022-09-29,235101,False,,-26803.084334,96
2254,216480,3643.99,2022-10-12,815780,False,,-12239.113998,96
2255,216576,3645.42,2022-10-26,744899,False,,-39648.626496,96
2256,216672,3646.93,2022-11-23,825538,False,,-38516.823629,96
2257,216768,3648.48,2022-12-07,93915,False,,-19038.784532,96
2258,216864,3650.03,2022-12-17,637317,False,,-39540.94677,96
2259,216960,3651.32,2022-12-28,817400,False,,-33255.257189,96
2260,217056,3652.68,2022-01-24,729821,False,,-18400.674485,96
2261,217152,3654.04,2022-02-07,76588,False,,-15082.413731,96
2262,217248,3655.42,2022-02-21,176945,False,,-29366.989179,96
2263,217344,3656.79,2022-03-19,579361,False,,-12959.74324,96
2264,217440,3658.15,2022-04-13,289535,False,,-11678.526013,96
2265,217536,3659.57,2022-04-27,11451,False,,-16764.895992,96
2266,217632,3660.86,2022-05-09,759804,False,,-14511.386677,96
2267,217728,3662.33,2022-06-04,648920,False,,-16272.007046,96
2268,217824,3663.7,2022-06-22,620836,False,,-12726.215611,96
2269,217920,3664.96,2022-07-26,21372,False,,-18043.182675,96
2270,218016,3666.33,2022-08-03,532724,False,,-29299.13241,96
2271,218112,3667.76,2022-08-17,153624,False,,-26846.063761,96
2272,218208,3669.19,2022-09-07,561350,False,,-50789.129407,96
2273,218304,3670.7,2022-09-29,20988,False,,-19535.375242,96
2274,218400,3672.17,2022-10-12,609157,False,,-13353.424354,96
2275,218496,3673.47,2022-10-26,12676,False,,-19088.763539,96
2276,218592,3674.91,2022-11-23,106753,False,,-46067.606608,96
2277,218688,3676.41,2022-12-07,942107,False,,-17081.622851,96
2278,218784,3677.97,2022-12-17,147590,False,,-33903.753387,96
2279,218880,3679.35,2022-12-28,267172,False,,-20921.059651,96
2280,218976,3680.89,2022-01-24,131190,False,,-13260.639568,96
2281,219072,3682.21,2022-02-07,11413,False,,-23966.201417,96
2282,219168,3683.56,2022-02-21,90635,False,,-27381.376491,96
2283,219264,3684.87,2022-03-19,421166,False,,-29800.500197,96
2284,219360,3686.25,2022-04-13,954730,False,,-26097.207275,96
2285,219456,3687.69,2022-04-27,125657,False,,-18951.872808,96
2286,219552,3689.12,2022-05-09,348653,False,,-27871.014413,96
2287,219648,3690.31,2022-06-04,845568,False,,-13661.532911,96
2288,219744,3691.87,2022-06-22,958450,False,,-23451.053715,96
2289,219840,3693.34,2022-07-26,611561,False,,-29553.128535,96
2290,219936,3694.51,2022-08-03,611256,False,,-41663.962791,96
2291,220032,3708.83,2022-08-17,856431,False,,-24555.52106,96
2292,220128,3710.1,2022-09-07,92564,False,,-24553.878938,96
2293,220224,3711.49,2022-09-29,995384,False,,-17305.138043,96
2294,220320,3712.82,2022-10-12,734747,False,,-17357.645851,96
2295,220416,3714.34,2022-10-26,325490,False,,-22503.990291,96
2296,220512,3715.67,2022-11-23,755597,False,,-43564.451858,96
2297,220608,3716.94,2022-12-07,192276,False,,-22111.446447,96
2298,220704,3718.33,2022-12-17,410552,False,,-25701.736699,96
2299,220800,3719.61,2022-12-28,653772,False,,-30598.49213,96
2300,220896,3721.14,2022-01-24,160425,False,,-42355.037109,96
2301,220992,3722.66,2022-02-07,280430,False,,-33760.365265,96
2302,221088,3723.97,2022-02-21,284882,False,,-20098.882634,96
2303,221184,3725.44,2022-03-19,859947,False,,-13493.309852,96
2304,221280,3726.88,2022-04-13,366920,False,,-25561.520149,96
2305,221376,3728.43,2022-04-27,954091,False,,-66565.306083,96
2306,221472,3729.9,2022-05-09,523532,False,,-23997.665015,96
2307,221568,3731.25,2022-06-04,126220,False,,-14499.969904,96
2308,221664,3732.77,2022-06-22,242533,False,,-33782.896974,96
2309,221760,3733.95,2022-07-26,554271,False,,-22536.184063,96
2310,221856,3735.19,2022-08-03,578625,False,,-19925.669568,96
2311,221952,3736.7,2022-08-17,403352,False,,-8796.40796,96
2312,222048,3738.14,2022-09-07,605538,False,,-30281.152328,96
2313,222144,3739.62,2022-09-29,713078,False,,-32228.891773,96
2314,222240,3741.04,2022-10-12,926184,False,,-22377.774131,96
2315,222336,3742.44,2022-10-26,658187,False,,-24323.097694,96
2316,222432,3743.9,2022-11-23,420478,False,,-33251.747552,96
2317,222528,3745.33,2022-12-07,129630,False,,-21645.62182,96
2318,222624,3746.82,2022-12-17,651603,False,,-15107.653212,96
2319,222720,3748.35,2022-12-28,653808,False,,-27714.044283,96
2320,222816,3749.98,2022-01-24,229568,False,,-15437.016179,96
2321,222912,3751.65,2022-02-07,381030,False,,-22610.519038,96
2322,223008,3753.28,2022-02-21,654084,False,,-27057.009208,96
2323,223104,3754.7,2022-03-19,735375,False,,-9490.06814,96
2324,223200,3756.15,2022-04-13,982818,False,,-22614.948197,96
2325,223296,3757.77,2022-04-27,139669,False,,-21976.06746,96
2326,223392,3759.27,2022-05-09,834601,False,,-11579.750771,96
2327,223488,3760.69,2022-06-04,27311,False,,-20071.929929,96
2328,223584,3762.01,2022-06-22,225391,False,,-33963.977651,96
2329,223680,3763.53,2022-07-26,798514,False,,-11390.539145,96
2330,223776,3765.03,2022-08-03,88548,False,,-12466.490298,96
2331,223872,3766.46,2022-08-17,735965,False,,-33105.501709,96
2332,223968,3767.9,2022-09-07,931675,False,,-27150.831979,96
2333,224064,3769.3,2022-09-29,149696,False,,-41957.831067,96
2334,224160,3770.82,2022-10-12,121275,False,,-33062.094657,96
2335,224256,3772.17,2022-10-26,968877,False,,-45952.540412,96
2336,224352,3773.46,2022-11-23,671523,False,,-29351.129796,96
2337,224448,3774.86,2022-12-07,370921,False,,-20761.893244,96
2338,224544,3776.33,2022-12-17,952618,False,,-24619.616577,96
2339,224640,3777.64,2022-12-28,679432,False,,-16437.522299,96
2340,224736,3779.13,2022-01-24,597915,False,,-15526.185285,96
2341,224832,3780.86,2022-02-07,162673,False,,-22690.226538,96
2342,224928,3782.39,2022-02-21,806624,False,,-34097.868439,96
2343,225024,3783.85,2022-03-19,103829,False,,-13672.218183,96
2344,225120,3785.38,2022-04-13,189271,False,,-25880.037251,96
2345,225216,3786.83,2022-04-27,458480,False,,-53761.573542,96
2346,225312,3788.15,2022-05-09,107024,False,,-18526.715538,96
2347,225408,3789.48,2022-06-04,616305,False,,-52134.15606,96
2348,225504,3790.97,2022-06-22,96432,False,,-12912.739412,96
2349,225600,3792.3,2022-07-26,255282,False,,-24967.975914,96
2350,225696,3793.7,2022-08-03,69339,False,,-18778.765521,96
2351,225792,3795.1,2022-08-17,949329,False,,-11582.455978,96
2352,225888,3796.64,2022-09-07,882415,False,,-38704.328289,96
2353,225984,3798.21,2022-09-29,958944,False,,-39980.014034,96
2354,226080,3799.45,2022-10-12,819320,False,,-42700.627942,96
2355,226176,3800.88,2022-10-26,938952,False,,-20973.734802,96
2356,226272,3802.3,2022-11-23,707487,False,,-20022.280217,96
2357,226368,3803.88,2022-12-07,867823,False,,-25036.627167,96
2358,226464,3805.18,2022-12-17,486087,False,,-21665.193546,96
2359,226560,3806.59,2022-12-28,918668,False,,-25510.728466,96
2360,226656,3807.96,2022-01-24,707638,False,,-35578.075272,96
2361,226752,3809.4,2022-02-07,984682,False,,-38597.218297,96
2362,226848,3810.78,2022-02-21,331952,False,,-20097.572984,96
2363,226944,3812.12,2022-03-19,663201,False,,-54273.921908,96
2364,227040,3813.56,2022-04-13,318129,False,,-27470.979489,96
2365,227136,3814.96,2022-04-27,891417,False,,-55571.108162,96
2366,227232,3816.16,2022-05-09,289376,False,,-38933.251769,96
2367,227328,3817.39,2022-06-04,686419,False,,-26458.949879,96
2368,227424,3818.89,2022-06-22,140230,False,,-15772.575274,96
2369,227520,3820.21,2022-07-26,997868,False,,-36092.94992,96
2370,227616,3821.6,2022-08-03,86488,False,,-34251.546046,96
2371,227712,3822.9,2022-08-17,83870,False,,-23480.176875,96
2372,227808,3824.47,2022-09-07,714910,False,,-21256.324625,96
2373,227904,3825.72,2022-09-29,198895,False,,-30756.302997,96
2374,228000,3827.1,2022-10-12,674058,False,,-20463.956724,96
2375,228096,3828.73,2022-10-26,595608,False,,-21651.250653,96
2376,228192,3830.23,2022-11-23,886700,False,,-23836.29905,96
2377,228288,3831.61,2022-12-07,765101,False,,-34261.431015,96
2378,228384,3833.05,2022-12-17,798641,False,,-22842.293018,96
2379,228480,3834.61,2022-12-28,329996,False,,-48610.305331,96
2380,228576,3836.04,2022-01-24,737891,False,,-36855.444307,96
2381,228672,3837.46,2022-02-07,793477,False,,-28626.197075,96
2382,228768,3838.81,2022-02-21,20700,False,,-18051.012595,96
2383,228864,3840.29,2022-03-19,772233,False,,-11025.573004,96
2384,228960,3841.82,2022-04-13,261957,False,,-26614.127998,96
2385,229056,3843.25,2022-04-27,473637,False,,-26716.877085,96
2386,229152,3844.83,2022-05-09,776536,False,,-19665.074849,96
2387,229248,3846.19,2022-06-04,657592,False,,-39678.902162,96
2388,229344,3847.58,2022-06-22,878766,False,,-26494.856594,96
2389,229440,3848.83,2022-07-26,219897,False,,-20560.677075,96
2390,229536,3850.3,2022-08-03,15573,False,,-24772.477598,96
2391,229632,3851.79,2022-08-17,527488,False,,-14350.194484,96
2392,229728,3853.32,2022-09-07,654447,False,,-23157.469203,96
2393,229824,3854.57,2022-09-29,924488,False,,-10547.954961,96
2394,229920,3856.13,2022-10-12,818942,False,,-20581.153013,96
2395,230016,3870.98,2022-10-26,370941,False,,-22100.407437,96
2396,230112,3872.38,2022-11-23,171489,False,,-41368.982235,96
2397,230208,3873.71,2022-12-07,648756,False,,-25493.979116,96
2398,230304,3875.16,2022-12-17,240759,False,,-24522.107035,96
2399,230400,3876.33,2022-12-28,938227,False,,-19478.089653,96
2400,230496,3877.92,2022-01-24,868284,False,,-19371.094632,96
2401,230592,3879.39,2022-02-07,11083,False,,-30265.78878,96
2402,230688,3880.82,2022-02-21,350822,False,,-29340.209526,96
2403,230784,3882.16,2022-03-19,336471,False,,-14254.862102,96
2404,230880,3883.52,2022-04-13,238991,False,,-16740.916622,96
2405,230976,3884.81,2022-04-27,883424,False,,-18645.774681,96
2406,231072,3886.2,2022-05-09,740637,False,,-18763.329885,96
2407,231168,3887.69,2022-06-04,227239,False,,-33260.600083,96
2408,231264,3889.07,2022-06-22,555168,False,,-31638.294348,96
2409,231360,3890.5,2022-07-26,596076,False,,-24715.805267,96
2410,231456,3892.1,2022-08-03,1907,False,,-22300.446831,96
2411,231552,3893.5,2022-08-17,599213,False,,-25883.509089,96
2412,231648,3894.98,2022-09-07,102450,False,,-29072.255631,96
2413,231744,3896.5,2022-09-29,203689,False,,-23053.015357,96
2414,231840,3897.94,2022-10-12,68906,False,,-20131.747992,96
2415,231936,3899.17,2022-10-26,830660,False,,-16211.768204,96
2416,232032,3900.71,2022-11-23,425649,False,,-31788.841152,96
2417,232128,3902.14,2022-12-07,911119,False,,-15767.304759,96
2418,232224,3903.59,2022-12-17,754249,False,,-16181.787971,96
2419,232320,3904.97,2022-12-28,516948,False,,-20166.454851,96
2420,232416,3906.3,2022-01-24,753408,False,,-37234.407866,96
2421,232512,3907.58,2022-02-07,610737,False,,-24799.218601,96
2422,232608,3909.02,2022-02-21,308230,False,,-21164.622014,96
2423,232704,3910.39,2022-03-19,34141,False,,-37191.36772,96
2424,232800,3911.84,2022-04-13,724,False,,-22296.50252,96
2425,232896,3913.17,2022-04-27,781295,False,,-32113.711268,96
2426,232992,3914.53,2022-05-09,137539,False,,-38084.918647,96
2427,233088,3916.02,2022-06-04,302732,False,,-24521.764726,96
2428,233184,3917.49,2022-06-22,89360,False,,-18695.497321,96
2429,233280,3918.95,2022-07-26,290297,False,,-19931.231641,96
2430,233376,3920.27,2022-08-03,979472,False,,-20507.536536,96
2431,233472,3921.53,2022-08-17,364705,False,,-18171.135602,96
2432,233568,3922.86,2022-09-07,120206,False,,-41310.715432,96
2433,233664,3924.34,2022-09-29,64283,False,,-37387.923535,96
2434,233760,3925.66,2022-10-12,98705,False,,-31664.574289,96
2435,233856,3926.89,2022-10-26,973821,False,,-24966.64233,96
2436,233952,3928.23,2022-11-23,140428,False,,-17646.343856,96
2437,234048,3929.65,2022-12-07,415858,False,,-39628.562863,96
2438,234144,3930.92,2022-12-17,415378,False,,-22202.41604,96
2439,234240,3932.47,2022-12-28,711342,False,,-23479.366094,96
2440,234336,3934.01,2022-01-24,203263,False,,-28696.429813,96
2441,234432,3935.56,2022-02-07,913149,False,,-20734.887481,96
2442,234528,3936.99,2022-02-21,464657,False,,-30899.483349,96
2443,234624,3938.33,2022-03-19,385506,False,,-20437.756012,96
2444,234720,3939.66,2022-04-13,263027,False,,-36729.291373,96
2445,234816,3941.28,2022-04-27,280465,False,,-33153.434833,96
2446,234912,3942.61,2022-05-09,624975,False,,-25580.838646,96
2447,235008,3944.02,2022-06-04,479277,False,,-35197.586573,96
2448,235104,3945.39,2022-06-22,901438,False,,-20000.437561,96
2449,235200,3946.81,2022-07-26,741904,False,,-28011.466014,96
2450,235296,3948.35,2022-08-03,135772,False,,-27744.665,96
2451,235392,3949.59,2022-08-17,988343,False,,-20674.525203,96
2452,235488,3951.13,2022-09-07,550198,False,,-32195.323062,96
2453,235584,3952.68,2022-09-29,301142,False,,-10995.530683,96
2454,235680,3954.22,2022-10-12,473257,False,,-34698.77956,96
2455,235776,3955.65,2022-10-26,562447,False,,-18633.41073,96
2456,235872,3957.09,2022-11-23,955540,False,,-26859.690847,96
2457,235968,3958.6,2022-12-07,433934,False,,-21370.582273,96
2458,236064,3960.13,2022-12-17,809864,False,,-25748.595358,96
2459,236160,3961.49,2022-12-28,906249,False,,-28730.743783,96
2460,236256,3962.92,2022-01-24,275207,False,,-14560.610676,96
2461,236352,3964.27,2022-02-07,918727,False,,-54894.93272,96
2462,236448,3965.63,2022-02-21,447966,False,,-21277.878933,96
2463,236544,3967.16,2022-03-19,118311,False,,-32276.337089,96
2464,236640,3968.54,2022-04-13,713838,False,,-23419.778932,96
2465,236736,3970.03,2022-04-27,58961,False,,-51696.585772,96
2466,236832,3971.52,2022-05-09,945890,False,,-17497.655302,96
2467,236928,3973.07,2022-06-04,665680,False,,-24556.657721,96
2468,237024,3974.66,2022-06-22,750974,False,,-35065.929254,96
2469,237120,3976.01,2022-07-26,465978,False,,-35178.372306,96
2470,237216,3977.88,2022-08-03,88314,False,,-28934.222698,96
2471,237312,3979.33,2022-08-17,920060,False,,-21722.325189,96
2472,237408,3980.91,2022-09-07,354202,False,,-11101.987047,96
2473,237504,3982.25,2022-09-29,492639,False,,-41749.545244,96
2474,237600,3983.59,2022-10-12,135462,False,,-29279.261494,96
2475,237696,3985.04,2022-10-26,302396,False,,-25538.711951,96
2476,237792,3986.38,2022-11-23,209692,False,,-30052.84954,96
2477,237888,3987.9,2022-12-07,224397,False,,-28296.637779,96
2478,237984,3989.25,2022-12-17,414814,False,,-20340.086979,96
2479,238080,3990.71,2022-12-28,643931,False,,-17200.124623,96
2480,238176,3992.09,2022-01-24,890295,False,,-25017.563724,96
2481,238272,3993.68,2022-02-07,266612,False,,-21876.010985,96
2482,238368,3995.0,2022-02-21,232513,False,,-16425.539574,96
2483,238464,3996.22,2022-03-19,25117,False,,-25195.933689,96
2484,238560,3997.7,2022-04-13,313761,False,,-50758.261732,96
2485,238656,3998.96,2022-04-27,656321,False,,-18534.797635,96
2486,238752,4000.35,2022-05-09,64671,False,,-51697.433787,96
2487,238848,4001.8,2022-06-04,835444,False,,-16939.571633,96
2488,238944,4003.12,2022-06-22,882172,False,,-17017.756024,96
2489,239040,4004.37,2022-07-26,854403,False,,-36535.162225,96
2490,239136,4005.79,2022-08-03,695626,False,,-24816.095643,96
2491,239232,4007.25,2022-08-17,67495,False,,-27959.495634,96
2492,239328,4008.77,2022-09-07,396200,False,,-31643.871976,96
2493,239424,4009.96,2022-09-29,111787,False,,-21715.149024,96
2494,239520,4011.47,2022-10-12,634621,False,,-11941.440813,96
2495,239616,4013.01,2022-10-26,183443,False,,-36398.219385,96
2496,239712,4014.36,2022-11-23,38110,False,,-23343.444867,96
2497,239808,4016.11,2022-12-07,608003,False,,-36360.211893,96
2498,239904,4017.72,2022-12-17,61796,False,,-12707.907291,96
2499,240000,4019.1,2022-12-28,765839,False,,-32149.991821,96
2500,240096,4033.53,2022-01-24,665407,False,,-28221.577975,96
2501,240192,4034.99,2022-02-07,369854,False,,-20240.345257,96
2502,240288,4036.29,2022-02-21,323,False,,-34978.892328,96
2503,240384,4037.78,2022-03-19,573099,False,,-18466.080994,96
2504,240480,4039.18,2022-04-13,634919,False,,-31158.750682,96
2505,240576,4040.56,2022-04-27,645238,False,,-21328.051397,96
2506,240672,4042.04,2022-05-09,499556,False,,-31942.430295,96
2507,240768,4043.5,2022-06-04,864479,False,,-40881.187833,96
2508,240864,4044.91,2022-06-22,891618,False,,-14067.342501,96
2509,240960,4046.3,2022-07-26,70019,False,,-15875.042543,96
2510,241056,4047.69,2022-08-03,293196,False,,-36403.953357,96
2511,241152,4049.13,2022-08-17,293411,False,,-33007.093118,96
2512,241248,4050.67,2022-09-07,421239,False,,-13868.774431,96
2513,241344,4052.16,2022-09-29,475666,False,,-34748.229131,96
2514,241440,4053.55,2022-10-12,16879,False,,-34870.582244,96
2515,241536,4054.9,2022-10-26,776340,False,,-24002.544149,96
2516,241632,4056.43,2022-11-23,820758,False,,-31732.927806,96
2517,241728,4057.85,2022-12-07,36198,False,,-25954.898835,96
2518,241824,4059.24,2022-12-17,596714,False,,-12128.86938,96
2519,241920,4060.92,2022-12-28,114191,False,,-15556.288715,96
2520,242016,4062.33,2022-01-24,380387,False,,-19106.012678,96
2521,242112,4063.82,2022-02-07,141402,False,,-34155.522965,96
2522,242208,4065.31,2022-02-21,610211,False,,-15919.907504,96
2523,242304,4066.93,2022-03-19,404765,False,,-25092.003128,96
2524,242400,4068.42,2022-04-13,307826,False,,-45046.982852,96
2525,242496,4069.79,2022-04-27,855839,False,,-23596.175932,96
2526,242592,4071.06,2022-05-09,944962,False,,-19197.036964,96
2527,242688,4072.47,2022-06-04,760595,False,,-19376.356169,96
2528,242784,4073.98,2022-06-22,680643,False,,-34103.245134,96
2529,242880,4075.26,2022-07-26,520743,False,,-16734.442055,96
2530,242976,4076.86,2022-08-03,613950,False,,-18345.381776,96
2531,243072,4078.21,2022-08-17,321930,False,,-28963.640576,96
2532,243168,4079.59,2022-09-07,63317,False,,-29245.665532,96
2533,243264,4081.14,2022-09-29,515357,False,,-16242.393879,96
2534,243360,4082.54,2022-10-12,403199,False,,-34333.735745,96
2535,243456,4084.04,2022-10-26,978330,False,,-37439.426938,96
2536,243552,4085.47,2022-11-23,954993,False,,-20916.152865,96
2537,243648,4086.77,2022-12-07,122449,False,,-46942.507874,96
2538,243744,4088.27,2022-12-17,402381,False,,-26971.770601,96
2539,243840,4089.67,2022-12-28,391219,False,,-24776.428528,96
2540,243936,4090.82,2022-01-24,539124,False,,-33172.324715,96
2541,244032,4092.25,2022-02-07,724023,False,,-19194.235806,96
2542,244128,4093.63,2022-02-21,302783,False,,-17507.092949,96
2543,244224,4095.18,2022-03-19,536137,False,,-21518.506912,96
2544,244320,4096.63,2022-04-13,285587,False,,-56269.658257,96
2545,244416,4098.11,2022-04-27,170287,False,,-39917.271761,96
2546,244512,4099.47,2022-05-09,103119,False,,-18444.993809,96
2547,244608,4100.96,2022-06-04,105875,False,,-39332.345207,96
2548,244704,4102.53,2022-06-22,12389,False,,-16398.705486,96
2549,244800,4104.07,2022-07-26,310575,False,,-28882.168469,96
2550,244896,4105.6,2022-08-03,578409,False,,-17165.937894,96
2551,244992,4106.97,2022-08-17,35562,False,,-49316.493779,96
2552,245088,4108.37,2022-09-07,792089,False,,-57525.571691,96
2553,245184,4109.73,2022-09-29,67029,False,,-18335.066697,96
2554,245280,4111.2,2022-10-12,519329,False,,-8236.977987,96
2555,245376,4112.67,2022-10-26,161911,False,,-15747.438346,96
2556,245472,4113.92,2022-11-23,144370,False,,-34659.543134,96
2557,245568,4115.43,2022-12-07,85137,False,,-36118.923947,96
2558,245664,4117.08,2022-12-17,523466,False,,-32051.93956,96
2559,245760,4118.55,2022-12-28,260839,False,,-14217.654124,96
2560,245856,4120.09,2022-01-24,522509,False,,-37949.383072,96
2561,245952,4121.43,2022-02-07,320638,False,,-14622.33659,96
2562,246048,4122.93,2022-02-21,295972,False,,-29012.05037,96
2563,246144,4124.45,2022-03-19,766843,False,,-26988.325333,96
2564,246240,4126.21,2022-04-13,929185,False,,-16208.626908,96
2565,246336,4127.77,2022-04-27,560700,False,,-19904.94161,96
2566,246432,4129.17,2022-05-09,270842,False,,-17212.341372,96
2567,246528,4130.64,2022-06-04,512524,False,,-19423.715023,96
2568,246624,4131.87,2022-06-22,989506,False,,-23366.912467,96
2569,246720,4133.37,2022-07-26,447510,False,,-23592.531742,96
2570,246816,4134.74,2022-08-03,768353,False,,-12956.416585,96
2571,246912,4136.16,2022-08-17,741034,False,,-25469.502151,96
2572,247008,4137.47,2022-09-07,120188,False,,-14357.194731,96
2573,247104,4138.99,2022-09-29,763256,False,,-19641.065031,96
2574,247200,4140.5,2022-10-12,424879,False,,-32755.802641,96
2575,247296,4141.78,2022-10-26,694583,False,,-31493.356408,96
2576,247392,4143.12,2022-11-23,161055,False,,-29509.819347,96
2577,247488,4144.43,2022-12-07,560728,False,,-30924.327852,96
2578,247584,4145.91,2022-12-17,188769,False,,-17544.429008,96
2579,247680,4147.37,2022-12-28,667425,False,,-38427.993346,96
2580,247776,4148.88,2022-01-24,528527,False,,-43840.247303,96
2581,247872,4150.39,2022-02-07,147245,False,,-27023.349548,96
2582,247968,4151.74,2022-02-21,54944,False,,-17538.01052,96
2583,248064,4153.05,2022-03-19,581521,False,,-20346.541857,96
2584,248160,4154.59,2022-04-13,983465,False,,-18591.429135,96
2585,248256,4155.9,2022-04-27,395348,False,,-24037.622658,96
2586,248352,4157.26,2022-05-09,500616,False,,-17145.640062,96
2587,248448,4158.57,2022-06-04,586895,False,,-29072.95791,96
2588,248544,4160.04,2022-06-22,542942,False,,-32660.43252,96
2589,248640,4161.66,2022-07-26,403655,False,,-22120.659755,96
2590,248736,4163.16,2022-08-03,790653,False,,-41968.722469,96
2591,248832,4164.44,2022-08-17,661133,False,,-20943.256412,96
2592,248928,4165.91,2022-09-07,127620,False,,-26288.264197,96
2593,249024,4167.49,2022-09-29,971242,False,,-21414.408665,96
2594,249120,4169.05,2022-10-12,494512,False,,-9371.649672,96
2595,249216,4170.48,2022-10-26,448375,False,,-17052.040029,96
2596,249312,4171.87,2022-11-23,530068,False,,-30701.144423,96
2597,249408,4173.27,2022-12-07,45730,False,,-47042.395891,96
2598,249504,4174.84,2022-12-17,492018,False,,-28714.624023,96
2599,249600,4176.26,2022-12-28,676560,False,,-20539.759585,96
2600,249696,4177.66,2022-01-24,962991,False,,-70315.141202,96
2601,249792,4179.09,2022-02-07,769751,False,,-39957.636617,96
2602,249888,4180.43,2022-02-21,929837,False,,-15241.412018,96
2603,249984,4181.88,2022-03-19,76775,False,,-23298.394897,96
2604,250080,4196.05,2022-04-13,849347,False,,-38632.419821,96
2605,250176,4197.6,2022-04-27,170180,False,,-20710.053586,96
2606,250272,4199.07,2022-05-09,925938,False,,-29528.648692,96
2607,250368,4200.62,2022-06-04,765439,False,,-26337.207136,96
2608,250464,4202.14,2022-06-22,232135,False,,-38779.477071,96
2609,250560,4203.67,2022-07-26,876876,False,,-43168.95095,96
2610,250656,4205.04,2022-08-03,243077,False,,-39289.532177,96
2611,250752,4206.55,2022-08-17,748561,False,,-24268.843159,96
2612,250848,4208.1,2022-09-07,602484,False,,-38760.486034,96
2613,250944,4209.7,2022-09-29,330241,False,,-39311.818016,96
2614,251040,4210.92,2022-10-12,61031,False,,-47034.244119,96
2615,251136,4212.28,2022-10-26,971553,False,,-15389.491091,96
2616,251232,4213.65,2022-11-23,990724,False,,-20039.106967,96
2617,251328,4214.87,2022-12-07,575129,False,,-44378.696922,96
2618,251424,4216.08,2022-12-17,977639,False,,-14590.622345,96
2619,251520,4217.5,2022-12-28,507001,False,,-32831.964506,96
2620,251616,4219.01,2022-01-24,89417,False,,-30778.614416,96
2621,251712,4220.52,2022-02-07,77311,False,,-21982.881071,96
2622,251808,4222.14,2022-02-21,906494,False,,-23452.023327,96
2623,251904,4223.64,2022-03-19,305590,False,,-14975.525642,96
2624,252000,4224.92,2022-04-13,535508,False,,-12686.343607,96
2625,252096,4226.42,2022-04-27,966510,False,,-16431.57151,96
2626,252192,4227.73,2022-05-09,656650,False,,-15946.016709,96
2627,252288,4229.19,2022-06-04,417884,False,,-17730.798798,96
2628,252384,4230.67,2022-06-22,607650,False,,-33158.043866,96
2629,252480,4232.09,2022-07-26,775843,False,,-28830.884867,96
2630,252576,4233.31,2022-08-03,520619,False,,-18357.7515,96
2631,252672,4234.74,2022-08-17,775932,False,,-40821.90023,96
2632,252768,4236.0,2022-09-07,43748,False,,-17032.360806,96
2633,252864,4237.5,2022-09-29,838299,False,,-23568.655566,96
2634,252960,4239.03,2022-10-12,502930,False,,-20642.426551,96
2635,253056,4240.44,2022-10-26,984450,False,,-13797.636185,96
2636,253152,4241.84,2022-11-23,119328,False,,-35662.475926,96
2637,253248,4243.21,2022-12-07,679215,False,,-11023.22625,96
2638,253344,4244.71,2022-12-17,937882,False,,-21514.899216,96
2639,253440,4246.23,2022-12-28,268527,False,,-25563.433468,96
2640,253536,4247.66,2022-01-24,450375,False,,-19486.364034,96
2641,253632,4249.13,2022-02-07,66269,False,,-20662.414685,96
2642,253728,4250.45,2022-02-21,816826,False,,-27985.968947,96
2643,253824,4251.94,2022-03-19,622810,False,,-22957.150665,96
2644,253920,4253.5,2022-04-13,274894,False,,-19550.541715,96
2645,254016,4254.89,2022-04-27,953347,False,,-26112.186873,96
2646,254112,4256.3,2022-05-09,276186,False,,-25355.978409,96
2647,254208,4257.74,2022-06-04,942594,False,,-32787.090157,96
2648,254304,4259.25,2022-06-22,382132,False,,-44531.410831,96
2649,254400,4260.65,2022-07-26,274016,False,,-12781.363761,96
2650,254496,4262.29,2022-08-03,292171,False,,-21398.058682,96
2651,254592,4263.74,2022-08-17,40981,False,,-25166.652206,96
2652,254688,4265.14,2022-09-07,754003,False,,-30258.852112,96
2653,254784,4266.51,2022-09-29,839370,False,,-11659.572715,96
2654,254880,4267.93,2022-10-12,595344,False,,-13962.39362,96
2655,254976,4269.37,2022-10-26,51640,False,,-15813.808549,96
2656,255072,4270.88,2022-11-23,439679,False,,-39301.326429,96
2657,255168,4272.31,2022-12-07,14140,False,,-33004.962946,96
2658,255264,4273.92,2022-12-17,888604,False,,-40521.579885,96
2659,255360,4275.49,2022-12-28,839565,False,,-25128.879962,96
2660,255456,4276.72,2022-01-24,427915,False,,-33664.597721,96
2661,255552,4278.09,2022-02-07,652132,False,,-22065.018812,96
2662,255648,4279.51,2022-02-21,195713,False,,-19800.188895,96
2663,255744,4280.76,2022-03-19,628368,False,,-16442.999018,96
2664,255840,4282.32,2022-04-13,902259,False,,-25851.435463,96
2665,255936,4283.66,2022-04-27,223041,False,,-16702.114641,96
2666,256032,4285.0,2022-05-09,48152,False,,-41740.618442,96
2667,256128,4286.37,2022-06-04,109128,False,,-19861.602594,96
2668,256224,4287.78,2022-06-22,178968,False,,-28812.80209,96
2669,256320,4289.21,2022-07-26,709828,False,,-21803.044549,96
2670,256416,4290.69,2022-08-03,900560,False,,-17515.73508,96
2671,256512,4291.99,2022-08-17,912108,False,,-48740.57732,96
2672,256608,4293.44,2022-09-07,299295,False,,-15357.469182,96
2673,256704,4294.9,2022-09-29,915994,False,,-24289.911059,96
2674,256800,4296.39,2022-10-12,783561,False,,-21788.794324,96
2675,256896,4297.8,2022-10-26,236754,False,,-39678.646489,96
2676,256992,4299.37,2022-11-23,796511,False,,-23843.128196,96
2677,257088,4300.76,2022-12-07,953260,False,,-24196.830779,96
2678,257184,4302.08,2022-12-17,288517,False,,-17970.509789,96
2679,257280,4303.4,2022-12-28,598673,False,,-26766.540836,96
2680,257376,4304.75,2022-01-24,641608,False,,-37950.81814,96
2681,257472,4306.1,2022-02-07,681479,False,,-19953.689898,96
2682,257568,4307.48,2022-02-21,633069,False,,-27341.569755,96
2683,257664,4308.7,2022-03-19,270284,False,,-20160.868711,96
2684,257760,4309.98,2022-04-13,396834,False,,-46451.241528,96
2685,257856,4311.42,2022-04-27,179000,False,,-26424.622597,96
2686,257952,4312.85,2022-05-09,581436,False,,-27359.775102,96
2687,258048,4313.99,2022-06-04,651713,False,,-28773.880435,96
2688,258144,4315.33,2022-06-22,662942,False,,-32140.963322,96
2689,258240,4316.57,2022-07-26,339267,False,,-11650.475521,96
2690,258336,4318.05,2022-08-03,691169,False,,-49404.356416,96
2691,258432,4319.28,2022-08-17,809178,False,,-36855.394075,96
2692,258528,4320.86,2022-09-07,787682,False,,-25931.954061,96
2693,258624,4322.27,2022-09-29,333493,False,,-31359.617274,96
2694,258720,4323.36,2022-10-12,620702,False,,-28149.543182,96
2695,258816,4324.82,2022-10-26,749850,False,,-10418.367638,96
2696,258912,4326.29,2022-11-23,566703,False,,-27345.679806,96
2697,259008,4327.8,2022-12-07,724433,False,,-29939.089032,96
2698,259104,4329.38,2022-12-17,521834,False,,-13009.630817,96
2699,259200,4330.76,2022-12-28,77578,False,,-22821.085542,96
2700,259296,4332.39,2022-01-24,384673,False,,-13731.606093,96
2701,259392,4333.89,2022-02-07,964730,False,,-13488.081548,96
2702,259488,4335.01,2022-02-21,410399,False,,-41406.978093,96
2703,259584,4336.46,2022-03-19,363987,False,,-27075.60686,96
2704,259680,4337.86,2022-04-13,306532,False,,-31166.877006,96
2705,259776,4339.23,2022-04-27,333902,False,,-39420.375777,96
2706,259872,4340.72,2022-05-09,733262,False,,-16898.409407,96
2707,259968,4342.13,2022-06-04,397059,False,,-38195.64144,96
2708,260064,4357.04,2022-06-22,209146,False,,-18563.831149,96
2709,260160,4358.3,2022-07-26,229822,False,,-25957.242015,96
2710,260256,4359.7,2022-08-03,198844,False,,-37583.59888,96
2711,260352,4361.27,2022-08-17,764014,False,,-34843.499068,96
2712,260448,4362.62,2022-09-07,790427,False,,-15239.707278,96
2713,260544,4363.93,2022-09-29,507774,False,,-19205.419296,96
2714,260640,4365.39,2022-10-12,321213,False,,-19888.308042,96
2715,260736,4366.66,2022-10-26,495653,False,,-11764.479193,96
2716,260832,4367.91,2022-11-23,850967,False,,-17977.174951,96
2717,260928,4369.16,2022-12-07,993230,False,,-18850.38838,96
2718,261024,4370.49,2022-12-17,514923,False,,-30075.161558,96
2719,261120,4371.91,2022-12-28,490069,False,,-32051.052993,96
2720,261216,4373.1,2022-01-24,533313,False,,-25209.748611,96
2721,261312,4374.41,2022-02-07,487931,False,,-28991.345377,96
2722,261408,4375.78,2022-02-21,433107,False,,-26577.039878,96
2723,261504,4377.16,2022-03-19,158241,False,,-19324.638622,96
2724,261600,4378.52,2022-04-13,818370,False,,-21845.993114,96
2725,261696,4379.96,2022-04-27,222051,False,,-43569.858545,96
2726,261792,4381.49,2022-05-09,276452,False,,-33641.547191,96
2727,261888,4382.89,2022-06-04,808269,False,,-12406.5264,96
2728,261984,4384.44,2022-06-22,541392,False,,-43657.060986,96
2729,262080,4385.68,2022-07-26,304461,False,,-23564.422005,96
2730,262176,4387.12,2022-08-03,525917,False,,-12091.255343,96
2731,262272,4388.54,2022-08-17,208455,False,,-15458.196334,96
2732,262368,4390.06,2022-09-07,173210,False,,-20663.241701,96
2733,262464,4391.29,2022-09-29,640869,False,,-46577.6931,96
2734,262560,4392.74,2022-10-12,762623,False,,-34490.74891,96
2735,262656,4394.06,2022-10-26,312357,False,,-47384.943002,96
2736,262752,4395.45,2022-11-23,336787,False,,-49416.789304,96
2737,262848,4396.78,2022-12-07,628849,False,,-10510.275547,96
2738,262944,4398.18,2022-12-17,170849,False,,-14134.223524,96
2739,263040,4399.72,2022-12-28,507486,False,,-23906.656359,96
2740,263136,4401.33,2022-01-24,950527,False,,-28676.278356,96
2741,263232,4402.73,2022-02-07,857828,False,,-14446.635323,96
2742,263328,4403.96,2022-02-21,598996,False,,-41250.180853,96
2743,263424,4405.38,2022-03-19,781676,False,,-24773.758488,96
2744,263520,4406.63,2022-04-13,538115,False,,-30776.255751,96
2745,263616,4408.16,2022-04-27,773615,False,,-24735.117613,96
2746,263712,4409.68,2022-05-09,866538,False,,-40494.28501,96
2747,263808,4410.86,2022-06-04,857379,False,,-4689.12914,96
2748,263904,4412.15,2022-06-22,246968,False,,-20231.756683,96
2749,264000,4413.62,2022-07-26,224886,False,,-23328.078511,96
2750,264096,4415.0,2022-08-03,847422,False,,-38458.085225,96
2751,264192,4416.36,2022-08-17,706641,False,,-21135.356175,96
2752,264288,4417.68,2022-09-07,57280,False,,-18755.824378,96
2753,264384,4419.25,2022-09-29,374195,False,,-22334.290913,96
2754,264480,4420.62,2022-10-12,854912,False,,-31570.561376,96
2755,264576,4422.01,2022-10-26,766957,False,,-21914.755452,96
2756,264672,4423.24,2022-11-23,634277,False,,-24386.997544,96
2757,264768,4424.58,2022-12-07,183122,False,,-54742.195212,96
2758,264864,4425.88,2022-12-17,235527,False,,-26632.229402,96
2759,264960,4427.27,2022-12-28,914020,False,,-31302.900584,96
2760,265056,4428.65,2022-01-24,128711,False,,-21487.381276,96
2761,265152,4430.0,2022-02-07,395569,False,,-42160.324135,96
2762,265248,4431.36,2022-02-21,383921,False,,-23310.745399,96
2763,265344,4432.8,2022-03-19,587964,False,,-12553.917064,96
2764,265440,4433.99,2022-04-13,362896,False,,-26570.163556,96
2765,265536,4435.28,2022-04-27,652246,False,,-39177.909826,96
2766,265632,4436.71,2022-05-09,104360,False,,-50530.866975,96
2767,265728,4438.25,2022-06-04,400133,False,,-23306.885976,96
2768,265824,4439.66,2022-06-22,900800,False,,-19536.168873,96
2769,265920,4441.05,2022-07-26,902,False,,-17625.106505,96
2770,266016,4442.27,2022-08-03,454577,False,,-25324.954506,96
2771,266112,4443.71,2022-08-17,240699,False,,-13193.345178,96
2772,266208,4445.15,2022-09-07,31922,False,,-19232.986762,96
2773,266304,4446.61,2022-09-29,242271,False,,-27261.975171,96
2774,266400,4447.97,2022-10-12,298652,False,,-14986.030513,96
2775,266496,4449.51,2022-10-26,977391,False,,-44725.522107,96
2776,266592,4450.99,2022-11-23,505772,False,,-58942.06583,96
2777,266688,4452.52,2022-12-07,701840,False,,-27564.244136,96
2778,266784,4454.0,2022-12-17,833322,False,,-26479.946541,96
2779,266880,4455.54,2022-12-28,38355,False,,-39284.864662,96
2780,266976,4456.87,2022-01-24,709914,False,,-43029.693081,96
2781,267072,4458.14,2022-02-07,44703,False,,-34087.957783,96
2782,267168,4459.53,2022-02-21,538832,False,,-32125.496282,96
2783,267264,4460.88,2022-03-19,193422,False,,-47199.888797,96
2784,267360,4462.41,2022-04-13,407112,False,,-30620.207253,96
2785,267456,4464.0,2022-04-27,566270,False,,-14368.803765,96
2786,267552,4465.47,2022-05-09,609535,False,,-21705.872136,96
2787,267648,4466.88,2022-06-04,469322,False,,-13501.192439,96
2788,267744,4468.05,2022-06-22,113303,False,,-27644.466476,96
2789,267840,4469.34,2022-07-26,721264,False,,-14334.633961,96
2790,267936,4470.77,2022-08-03,634784,False,,-34541.017415,96
2791,268032,4471.97,2022-08-17,932800,False,,-30979.675995,96
2792,268128,4473.43,2022-09-07,370253,False,,-19227.86705,96
2793,268224,4474.89,2022-09-29,919720,False,,-23481.972475,96
2794,268320,4476.26,2022-10-12,316410,False,,-20587.451939,96
2795,268416,4477.6,2022-10-26,211194,False,,-17245.477211,96
2796,268512,4479.06,2022-11-23,867207,False,,-20324.074234,96
2797,268608,4480.58,2022-12-07,151763,False,,-31544.304764,96
2798,268704,4482.08,2022-12-17,109566,False,,-21649.200482,96
2799,268800,4483.59,2022-12-28,476885,False,,-26994.275944,96
2800,268896,4484.67,2022-01-24,284420,False,,-35568.597791,96
2801,268992,4485.88,2022-02-07,436938,False,,-24201.218788,96
2802,269088,4487.02,2022-02-21,427385,False,,-23662.046168,96
2803,269184,4488.34,2022-03-19,662994,False,,-27368.718759,96
2804,269280,4489.96,2022-04-13,254074,False,,-27258.612,96
2805,269376,4491.53,2022-04-27,637542,False,,-24354.369802,96
2806,269472,4492.82,2022-05-09,279936,False,,-24183.564983,96
2807,269568,4494.4,2022-06-04,181960,False,,-37527.744081,96
2808,269664,4496.01,2022-06-22,260409,False,,-42748.229891,96
2809,269760,4497.51,2022-07-26,666336,False,,-19947.363603,96
2810,269856,4498.89,2022-08-03,487373,False,,-21819.94453,96
2811,269952,4500.27,2022-08-17,827196,False,,-21103.05819,96
2812,270048,4514.39,2022-09-07,780456,False,,-22669.837179,96
2813,270144,4515.78,2022-09-29,563786,False,,-23237.74165,96
2814,270240,4517.06,2022-10-12,280982,False,,-15832.250147,96
2815,270336,4518.35,2022-10-26,625419,False,,-17407.671564,96
2816,270432,4519.64,2022-11-23,57278,False,,-44285.799053,96
2817,270528,4521.03,2022-12-07,912780,False,,-18303.076385,96
2818,270624,4522.31,2022-12-17,647540,False,,-35840.653869,96
2819,270720,4523.52,2022-12-28,514723,False,,-59028.506197,96
2820,270816,4525.03,2022-01-24,760783,False,,-15688.605214,96
2821,270912,4526.4,2022-02-07,878684,False,,-39237.008347,96
2822,271008,4527.7,2022-02-21,265829,False,,-18936.843862,96
2823,271104,4529.06,2022-03-19,968510,False,,-17604.047597,96
2824,271200,4530.39,2022-04-13,532599,False,,-31663.580288,96
2825,271296,4531.74,2022-04-27,269582,False,,-33810.133116,96
2826,271392,4533.2,2022-05-09,415743,False,,-30642.525089,96
2827,271488,4534.57,2022-06-04,204381,False,,-35134.993803,96
2828,271584,4535.84,2022-06-22,167678,False,,-19319.618363,96
2829,271680,4537.35,2022-07-26,202850,False,,-26216.439476,96
2830,271776,4538.73,2022-08-03,845976,False,,-16508.070385,96
2831,271872,4540.24,2022-08-17,718073,False,,-35507.432486,96
2832,271968,4541.5,2022-09-07,550633,False,,-28152.206985,96
2833,272064,4542.85,2022-09-29,390905,False,,-40009.019064,96
2834,272160,4544.31,2022-10-12,653069,False,,-20466.510967,96
2835,272256,4545.7,2022-10-26,374266,False,,-13902.959708,96
2836,272352,4547.21,2022-11-23,34006,False,,-38635.645612,96
2837,272448,4548.55,2022-12-07,572093,False,,-17212.295882,96
2838,272544,4549.93,2022-12-17,792905,False,,-16879.79043,96
2839,272640,4551.46,2022-12-28,233272,False,,-32853.963823,96
2840,272736,4552.79,2022-01-24,558305,False,,-9893.31599,96
2841,272832,4554.19,2022-02-07,675394,False,,-18164.751194,96
2842,272928,4555.52,2022-02-21,975526,False,,-31797.831443,96
2843,273024,4556.94,2022-03-19,137118,False,,-47994.882291,96
2844,273120,4558.32,2022-04-13,784495,False,,-27554.885114,96
2845,273216,4559.79,2022-04-27,60902,False,,-24077.14358,96
2846,273312,4561.13,2022-05-09,638515,False,,-18102.861183,96
2847,273408,4562.54,2022-06-04,82620,False,,-18178.612142,96
2848,273504,4564.17,2022-06-22,102113,False,,-21750.144834,96
2849,273600,4565.55,2022-07-26,836094,False,,-13704.870911,96
2850,273696,4566.97,2022-08-03,841121,False,,-41134.916118,96
2851,273792,4568.31,2022-08-17,506940,False,,-48561.019729,96
2852,273888,4569.78,2022-09-07,228114,False,,-23982.908457,96
2853,273984,4571.19,2022-09-29,343470,False,,-19252.681843,96
2854,274080,4572.5,2022-10-12,808343,False,,-11529.210854,96
2855,274176,4574.0,2022-10-26,226847,False,,-24889.717904,96
2856,274272,4575.53,2022-11-23,300159,False,,-38461.423666,96
2857,274368,4576.8,2022-12-07,372733,False,,-22981.841508,96
2858,274464,4578.25,2022-12-17,233623,False,,-27647.367893,96
2859,274560,4579.57,2022-12-28,192385,False,,-34746.725518,96
2860,274656,4581.05,2022-01-24,255715,False,,-16382.830828,96
2861,274752,4582.45,2022-02-07,122285,False,,-21215.614598,96
2862,274848,4583.78,2022-02-21,166849,False,,-28085.02586,96
2863,274944,4585.07,2022-03-19,542009,False,,-23503.37999,96
2864,275040,4586.33,2022-04-13,435396,False,,-17050.780186,96
2865,275136,4587.79,2022-04-27,88178,False,,-21861.711189,96
2866,275232,4589.31,2022-05-09,431468,False,,-31421.265682,96
2867,275328,4590.91,2022-06-04,644741,False,,-24740.011156,96
2868,275424,4592.17,2022-06-22,309269,False,,-22406.768203,96
2869,275520,4593.74,2022-07-26,745563,False,,-27455.168295,96
2870,275616,4595.23,2022-08-03,437137,False,,-16476.243469,96
2871,275712,4596.58,2022-08-17,718786,False,,-24049.427544,96
2872,275808,4598.06,2022-09-07,839378,False,,-33226.858791,96
2873,275904,4599.52,2022-09-29,575779,False,,-9011.380878,96
2874,276000,4601.05,2022-10-12,615512,False,,-28927.275157,96
2875,276096,4602.39,2022-10-26,316338,False,,-33775.192572,96
2876,276192,4603.64,2022-11-23,72949,False,,-48809.352956,96
2877,276288,4604.93,2022-12-07,224431,False,,-33537.114094,96
2878,276384,4606.07,2022-12-17,331281,False,,-20356.575125,96
2879,276480,4607.17,2022-12-28,31529,False,,-32631.254995,96
2880,276576,4608.53,2022-01-24,538324,False,,-20372.862428,96
2881,276672,4609.92,2022-02-07,987584,False,,-37408.679832,96
2882,276768,4611.2,2022-02-21,405077,False,,-27348.300922,96
2883,276864,4612.58,2022-03-19,288862,False,,-39311.818362,96
2884,276960,4613.95,2022-04-13,555187,False,,-31946.122188,96
2885,277056,4615.13,2022-04-27,863075,False,,-32030.582361,96
2886,277152,4616.48,2022-05-09,976689,False,,-27987.462148,96
2887,277248,4617.82,2022-06-04,122421,False,,-41154.992842,96
2888,277344,4619.22,2022-06-22,684025,False,,-14149.931521,96
2889,277440,4620.59,2022-07-26,630857,False,,-45270.032894,96
2890,277536,4621.96,2022-08-03,621023,False,,-18253.516712,96
2891,277632,4623.36,2022-08-17,251936,False,,-38224.229774,96
2892,277728,4624.89,2022-09-07,946876,False,,-26013.601149,96
2893,277824,4626.26,2022-09-29,349528,False,,-14090.43562,96
2894,277920,4627.58,2022-10-12,617904,False,,-10802.221062,96
2895,278016,4628.75,2022-10-26,985959,False,,-29369.562018,96
2896,278112,4629.96,2022-11-23,24898,False,,-18670.725305,96
2897,278208,4631.39,2022-12-07,675071,False,,-23655.334665,96
2898,278304,4632.6,2022-12-17,448573,False,,-12682.415104,96
2899,278400,4634.06,2022-12-28,901386,False,,-20276.301305,96
2900,278496,4635.38,2022-01-24,940389,False,,-18483.07292,96
2901,278592,4636.82,2022-02-07,119205,False,,-6745.418725,96
2902,278688,4638.33,2022-02-21,785961,False,,-20233.374334,96
2903,278784,4639.76,2022-03-19,631332,False,,-19630.705886,96
2904,278880,4641.26,2022-04-13,121360,False,,-15999.185975,96
2905,278976,4642.63,2022-04-27,789318,False,,-37170.189947,96
2906,279072,4644.0,2022-05-09,967973,False,,-24419.836527,96
2907,279168,4645.27,2022-06-04,27687,False,,-65122.320443,96
2908,279264,4646.75,2022-06-22,626135,False,,-30214.780714,96
2909,279360,4648.28,2022-07-26,303735,False,,-36147.962627,96
2910,279456,4649.69,2022-08-03,482006,False,,-26156.345701,96
2911,279552,4651.16,2022-08-17,983322,False,,-13728.146618,96
2912,279648,4652.57,2022-09-07,501783,False,,-33082.382528,96
2913,279744,4654.06,2022-09-29,894754,False,,-40854.050606,96
2914,279840,4655.49,2022-10-12,499851,False,,-29748.829709,96
2915,279936,4656.7,2022-10-26,139728,False,,-52546.516524,96
2916,280032,4672.38,2022-11-23,907734,False,,-15983.327744,96
2917,280128,4673.69,2022-12-07,918913,False,,-14516.532755,96
2918,280224,4675.14,2022-12-17,104690,False,,-10097.280401,96
2919,280320,4676.41,2022-12-28,265935,False,,-50207.725851,96
2920,280416,4677.89,2022-01-24,687768,False,,-21796.098776,96
2921,280512,4679.25,2022-02-07,15024,False,,-20047.114812,96
2922,280608,4680.67,2022-02-21,697485,False,,-39321.103052,96
2923,280704,4682.04,2022-03-19,333041,False,,-7800.741169,96
2924,280800,4683.41,2022-04-13,838913,False,,-24988.445271,96
2925,280896,4684.86,2022-04-27,896483,False,,-21202.184193,96
2926,280992,4686.17,2022-05-09,399115,False,,-24547.270205,96
2927,281088,4687.6,2022-06-04,284613,False,,-11826.770075,96
2928,281184,4689.12,2022-06-22,861239,False,,-28556.380825,96
2929,281280,4690.43,2022-07-26,754166,False,,-20053.354204,96
2930,281376,4691.89,2022-08-03,298454,False,,-26778.044861,96
2931,281472,4693.27,2022-08-17,877243,False,,-16292.856618,96
2932,281568,4694.58,2022-09-07,802689,False,,-15351.51647,96
2933,281664,4696.16,2022-09-29,226477,False,,-28243.419618,96
2934,281760,4697.67,2022-10-12,640744,False,,-29675.460527,96
2935,281856,4699.0,2022-10-26,781284,False,,-27268.06777,96
2936,281952,4700.57,2022-11-23,837889,False,,-20738.19176,96
2937,282048,4701.98,2022-12-07,17599,False,,-16514.427499,96
2938,282144,4703.48,2022-12-17,690451,False,,-45543.826249,96
2939,282240,4704.77,2022-12-28,403177,False,,-27335.584615,96
2940,282336,4706.25,2022-01-24,435190,False,,-34407.847916,96
2941,282432,4707.67,2022-02-07,594708,False,,-17707.004002,96
2942,282528,4709.15,2022-02-21,268277,False,,-29656.631313,96
2943,282624,4710.47,2022-03-19,548443,False,,-21140.799362,96
2944,282720,4711.81,2022-04-13,399030,False,,-18750.495013,96
2945,282816,4713.31,2022-04-27,476329,False,,-33348.443008,96
2946,282912,4714.74,2022-05-09,626331,False,,-20102.468906,96
2947,283008,4716.1,2022-06-04,161310,False,,-23259.773875,96
2948,283104,4717.55,2022-06-22,6207,False,,-19961.801541,96
2949,283200,4719.07,2022-07-26,85803,False,,-14548.461019,96
2950,283296,4720.54,2022-08-03,90608,False,,-22649.790263,96
2951,283392,4721.86,2022-08-17,501097,False,,-42020.714208,96
2952,283488,4723.49,2022-09-07,653331,False,,-34528.468622,96
2953,283584,4724.81,2022-09-29,569716,False,,-26602.423967,96
2954,283680,4726.35,2022-10-12,494168,False,,-11057.728867,96
2955,283776,4727.76,2022-10-26,792074,False,,-24135.283549,96
2956,283872,4729.08,2022-11-23,32863,False,,-33717.288705,96
2957,283968,4730.42,2022-12-07,3215,False,,-31044.738187,96
2958,284064,4731.85,2022-12-17,448384,False,,-41812.322288,96
2959,284160,4733.28,2022-12-28,925119,False,,-11313.025336,96
2960,284256,4734.65,2022-01-24,639342,False,,-18659.907909,96
2961,284352,4736.0,2022-02-07,60272,False,,-20017.425359,96
2962,284448,4737.48,2022-02-21,651939,False,,-49519.817128,96
2963,284544,4739.03,2022-03-19,376330,False,,-23119.304126,96
2964,284640,4740.44,2022-04-13,882664,False,,-31001.54889,96
2965,284736,4741.61,2022-04-27,489287,False,,-26744.133535,96
2966,284832,4743.04,2022-05-09,654917,False,,-26335.13789,96
2967,284928,4744.46,2022-06-04,668334,False,,-33734.911933,96
2968,285024,4745.96,2022-06-22,874339,False,,-23378.478836,96
2969,285120,4747.43,2022-07-26,387513,False,,-37628.681436,96
2970,285216,4748.77,2022-08-03,860550,False,,-31810.117049,96
2971,285312,4750.27,2022-08-17,764345,False,,-15004.332289,96
2972,285408,4751.62,2022-09-07,316296,False,,-38352.517509,96
2973,285504,4753.08,2022-09-29,178755,False,,-26672.976931,96
2974,285600,4754.51,2022-10-12,371208,False,,-34772.771967,96
2975,285696,4755.85,2022-10-26,283830,False,,-13383.081226,96
2976,285792,4757.25,2022-11-23,253502,False,,-9477.074449,96
2977,285888,4758.61,2022-12-07,305515,False,,-43331.234239,96
2978,285984,4759.97,2022-12-17,51882,False,,-7335.291782,96
2979,286080,4761.41,2022-12-28,387774,False,,-17937.661455,96
2980,286176,4762.82,2022-01-24,716820,False,,-24153.563402,96
2981,286272,4764.01,2022-02-07,976903,False,,-21079.146759,96
2982,286368,4765.61,2022-02-21,226172,False,,-12229.264253,96
2983,286464,4766.69,2022-03-19,276206,False,,-26623.655732,96
2984,286560,4768.19,2022-04-13,185399,False,,-12542.905923,96
2985,286656,4769.75,2022-04-27,177296,False,,-19172.755247,96
2986,286752,4771.08,2022-05-09,203960,False,,-21451.642367,96
2987,286848,4772.52,2022-06-04,751995,False,,-16070.191836,96
2988,286944,4773.97,2022-06-22,682339,False,,-35349.678666,96
2989,287040,4775.22,2022-07-26,508330,False,,-22908.640069,96
2990,287136,4776.62,2022-08-03,449851,False,,-21559.635432,96
2991,287232,4778.07,2022-08-17,328602,False,,-26900.148548,96
2992,287328,4779.56,2022-09-07,310491,False,,-11179.598603,96
2993,287424,4780.89,2022-09-29,724267,False,,-20785.039195,96
2994,287520,4782.21,2022-10-12,757888,False,,-23399.311537,96
2995,287616,4783.62,2022-10-26,737744,False,,-14011.491667,96
2996,287712,4785.11,2022-11-23,993596,False,,-28380.523742,96
2997,287808,4786.5,2022-12-07,583879,False,,-18630.910621,96
2998,287904,4787.97,2022-12-17,168116,False,,-20225.504634,96
2999,288000,4789.61,2022-12-28,797915,False,,-36194.936592,96
3000,288096,4791.01,2022-01-24,332651,False,,-18301.957674,96
3001,288192,4792.53,2022-02-07,436720,False,,-16049.629622,96
3002,288288,4794.08,2022-02-21,60380,False,,-13234.483413,96
3003,288384,4795.53,2022-03-19,815392,False,,-27722.119106,96
3004,288480,4797.11,2022-04-13,460665,False,,-15447.05794,96
3005,288576,4798.56,2022-04-27,751063,False,,-31170.480274,96
3006,288672,4800.11,2022-05-09,319018,False,,-24962.124645,96
3007,288768,4801.45,2022-06-04,33335,False,,-56516.123589,96
3008,288864,4802.8,2022-06-22,934600,False,,-20404.678912,96
3009,288960,4804.08,2022-07-26,902588,False,,-14846.290635,96
3010,289056,4805.61,2022-08-03,472709,False,,-35515.870537,96
3011,289152,4806.99,2022-08-17,267689,False,,-30784.761693,96
3012,289248,4808.41,2022-09-07,612558,False,,-13076.2565,96
3013,289344,4809.84,2022-09-29,60697,False,,-17928.158661,96
3014,289440,4811.2,2022-10-12,223708,False,,-42147.03457,96
3015,289536,4812.49,2022-10-26,885872,False,,-16432.342072,96
3016,289632,4813.65,2022-11-23,491994,False,,-11523.395096,96
3017,289728,4815.06,2022-12-07,144290,False,,-40849.197656,96
3018,289824,4816.48,2022-12-17,413489,False,,-13790.534133,96
3019,289920,4818.0,2022-12-28,414604,False,,-34088.66217,96
3020,290016,4832.61,2022-01-24,335840,False,,-18668.212539,96
3021,290112,4833.83,2022-02-07,116506,False,,-19759.029491,96
3022,290208,4835.08,2022-02-21,788850,False,,-25787.523825,96
3023,290304,4836.41,2022-03-19,95040,False,,-11903.699771,96
3024,290400,4837.79,2022-04-13,756811,False,,-45757.624237,96
3025,290496,4839.28,2022-04-27,230518,False,,-19146.183484,96
3026,290592,4840.72,2022-05-09,468568,False,,-18819.850445,96
3027,290688,4842.06,2022-06-04,502895,False,,-10199.537339,96
3028,290784,4843.37,2022-06-22,828244,False,,-27639.407935,96
3029,290880,4844.66,2022-07-26,943601,False,,-36735.733091,96
3030,290976,4845.97,2022-08-03,108688,False,,-21585.903734,96
3031,291072,4847.33,2022-08-17,461101,False,,-25210.178067,96
3032,291168,4848.78,2022-09-07,968459,False,,-19917.473986,96
3033,291264,4850.01,2022-09-29,556945,False,,-24117.914204,96
3034,291360,4851.57,2022-10-12,794089,False,,-10275.968533,96
3035,291456,4852.89,2022-10-26,225618,False,,-9215.94581,96
3036,291552,4854.35,2022-11-23,65585,False,,-28436.620414,96
3037,291648,4855.89,2022-12-07,118739,False,,-13346.217348,96
3038,291744,4857.34,2022-12-17,428545,False,,-10674.44265,96
3039,291840,4858.62,2022-12-28,324275,False,,-20360.714838,96
3040,291936,4860.06,2022-01-24,374756,False,,-22000.183877,96
3041,292032,4861.59,2022-02-07,379218,False,,-14090.079872,96
3042,292128,4863.01,2022-02-21,314473,False,,-15752.482155,96
3043,292224,4864.29,2022-03-19,984173,False,,-27890.334495,96
3044,292320,4865.64,2022-04-13,471673,False,,-22066.280829,96
3045,292416,4867.08,2022-04-27,923879,False,,-16271.438373,96
3046,292512,4868.45,2022-05-09,262061,False,,-21572.215302,96
3047,292608,4869.82,2022-06-04,297203,False,,-18625.354933,96
3048,292704,4871.11,2022-06-22,296111,False,,-25485.613427,96
3049,292800,4872.66,2022-07-26,350360,False,,-22317.042501,96
3050,292896,4874.21,2022-08-03,320022,False,,-30570.621769,96
3051,292992,4875.62,2022-08-17,950851,False,,-26537.186706,96
3052,293088,4877.03,2022-09-07,494980,False,,-23745.348089,96
3053,293184,4878.42,2022-09-29,19635,False,,-24644.052592,96
3054,293280,4879.67,2022-10-12,150613,False,,-21919.613465,96
3055,293376,4880.95,2022-10-26,227492,False,,-23284.014917,96
3056,293472,4882.43,2022-11-23,990922,False,,-17677.513784,96
3057,293568,4884.03,2022-12-07,266369,False,,-24993.554106,96
3058,293664,4885.42,2022-12-17,28696,False,,-19006.128557,96
3059,293760,4886.88,2022-12-28,180733,False,,-20717.591165,96
3060,293856,4888.33,2022-01-24,128442,False,,-22056.126186,96
3061,293952,4889.68,2022-02-07,97913,False,,-17124.376997,96
3062,294048,4890.98,2022-02-21,213459,False,,-27460.277144,96
3063,294144,4892.46,2022-03-19,817820,False,,-26940.428575,96
3064,294240,4893.79,2022-04-13,20838,False,,-17386.613798,96
3065,294336,4895.31,2022-04-27,181602,False,,-15071.032283,96
3066,294432,4896.82,2022-05-09,423141,False,,-10519.182826,96
3067,294528,4898.24,2022-06-04,174316,False,,-20784.051585,96
3068,294624,4899.63,2022-06-22,843835,False,,-33709.481693,96
3069,294720,4901.09,2022-07-26,792448,False,,-21031.652963,96
3070,294816,4902.55,2022-08-03,20083,False,,-24652.171005,96
3071,294912,4903.97,2022-08-17,686284,False,,-25050.136045,96
3072,295008,4905.4,2022-09-07,364750,False,,-20436.363705,96
3073,295104,4906.74,2022-09-29,774125,False,,-21261.938741,96
3074,295200,4907.97,2022-10-12,403760,False,,-35876.153307,96
3075,295296,4909.24,2022-10-26,981493,False,,-15307.006166,96
3076,295392,4910.58,2022-11-23,101608,False,,-20030.5026,96
3077,295488,4912.0,2022-12-07,159998,False,,-21249.221763,96
3078,295584,4913.4,2022-12-17,594332,False,,-36153.705806,96
3079,295680,4914.67,2022-12-28,73625,False,,-14477.877093,96
3080,295776,4916.1,2022-01-24,808004,False,,-19042.490995,96
3081,295872,4917.58,2022-02-07,810510,False,,-45536.607921,96
3082,295968,4918.8,2022-02-21,722943,False,,-20773.144775,96
3083,296064,4920.23,2022-03-19,190744,False,,-13039.424563,96
3084,296160,4921.81,2022-04-13,945269,False,,-23072.50735,96
3085,296256,4923.16,2022-04-27,673528,False,,-15687.998418,96
3086,296352,4924.5,2022-05-09,489647,False,,-31473.633503,96
3087,296448,4925.91,2022-06-04,528025,False,,-12181.282373,96
3088,296544,4927.27,2022-06-22,743608,False,,-46815.651032,96
3089,296640,4928.68,2022-07-26,716919,False,,-20477.748112,96
3090,296736,4930.06,2022-08-03,963941,False,,-38390.734685,96
3091,296832,4931.41,2022-08-17,412283,False,,-24428.387217,96
3092,296928,4932.97,2022-09-07,649742,False,,-17819.654693,96
3093,297024,4934.44,2022-09-29,874252,False,,-32700.220782,96
3094,297120,4935.76,2022-10-12,500171,False,,-10593.485511,96
3095,297216,4937.17,2022-10-26,103825,False,,-24540.033394,96
3096,297312,4938.6,2022-11-23,679029,False,,-17270.361878,96
3097,297408,4939.97,2022-12-07,168969,False,,-23009.860327,96
3098,297504,4941.46,2022-12-17,49154,False,,-34757.00162,96
3099,297600,4942.83,2022-12-28,929338,False,,-26172.505169,96
3100,297696,4944.18,2022-01-24,336717,False,,-21384.897285,96
3101,297792,4945.57,2022-02-07,297899,False,,-39645.850966,96
3102,297888,4947.05,2022-02-21,843408,False,,-32244.827052,96
3103,297984,4948.61,2022-03-19,553782,False,,-20066.283358,96
3104,298080,4950.14,2022-04-13,255344,False,,-33020.880377,96
3105,298176,4951.7,2022-04-27,888183,False,,-30255.139884,96
3106,298272,4953.42,2022-05-09,335992,False,,-25598.613933,96
3107,298368,4954.98,2022-06-04,278081,False,,-28321.525954,96
3108,298464,4956.5,2022-06-22,312302,False,,-12295.850878,96
3109,298560,4958.04,2022-07-26,957125,False,,-9914.556148,96
3110,298656,4959.56,2022-08-03,737308,False,,-24719.691429,96
3111,298752,4960.88,2022-08-17,421261,False,,-32855.28276,96
3112,298848,4962.38,2022-09-07,301975,False,,-33269.093661,96
3113,298944,4964.01,2022-09-29,788200,False,,-29479.484834,96
3114,299040,4965.45,2022-10-12,522263,False,,-47022.735591,96
3115,299136,4967.02,2022-10-26,699361,False,,-22343.413429,96
3116,299232,4968.66,2022-11-23,467859,False,,-27231.833243,96
3117,299328,4970.35,2022-12-07,999355,False,,-9373.361924,96
3118,299424,4971.87,2022-12-17,815462,False,,-25252.907881,96
3119,299520,4973.34,2022-12-28,635454,False,,-25730.75731,96
3120,299616,4974.7,2022-01-24,679731,False,,-14716.632818,96
3121,299712,4975.98,2022-02-07,894395,False,,-21007.235021,96
3122,299808,4977.47,2022-02-21,381428,False,,-12438.562299,96
3123,299904,4978.98,2022-03-19,747855,False,,-9624.80032,96
3124,300000,4980.45,2022-04-13,167545,False,,-15262.866047,96
3125,300096,4995.07,2022-04-27,215766,False,,-24407.677906,96
3126,300192,4996.46,2022-05-09,89122,False,,-14575.750895,96
3127,300288,4997.98,2022-06-04,755787,False,,-15246.984733,96
3128,300384,4999.59,2022-06-22,321557,False,,-25011.728269,96
3129,300480,5001.12,2022-07-26,523213,False,,-20109.740077,96
3130,300576,5002.57,2022-08-03,935671,False,,-35321.756016,96
3131,300672,5004.03,2022-08-17,32673,False,,-27691.734832,96
3132,300768,5005.36,2022-09-07,247431,False,,-15975.98228,96
3133,300864,5006.71,2022-09-29,604223,False,,-21608.068391,96
3134,300960,5008.01,2022-10-12,569859,False,,-27451.535272,96
3135,301056,5009.5,2022-10-26,44717,False,,-17250.397787,96
3136,301152,5010.88,2022-11-23,767686,False,,-9974.38557,96
3137,301248,5012.36,2022-12-07,680292,False,,-11914.464831,96
3138,301344,5013.64,2022-12-17,395373,False,,-33410.643584,96
3139,301440,5015.01,2022-12-28,850498,False,,-19101.56411,96
3140,301536,5016.48,2022-01-24,113127,False,,-20222.592164,96
3141,301632,5017.82,2022-02-07,697074,False,,-28709.245208,96
3142,301728,5019.15,2022-02-21,618470,False,,-37060.025238,96
3143,301824,5020.3,2022-03-19,184200,False,,-17846.739549,96
3144,301920,5021.68,2022-04-13,255899,False,,-23756.860191,96
3145,302016,5023.21,2022-04-27,995034,False,,-27980.445456,96
3146,302112,5024.76,2022-05-09,186608,False,,-21712.698731,96
3147,302208,5026.32,2022-06-04,848558,False,,-20378.457851,96
3148,302304,5027.96,2022-06-22,325424,False,,-29853.457735,96
3149,302400,5029.33,2022-07-26,535235,False,,-22657.853783,96
3150,302496,5031.0,2022-08-03,517188,False,,-20869.974742,96
3151,302592,5032.35,2022-08-17,300963,False,,-17574.405831,96
3152,302688,5033.76,2022-09-07,25880,False,,-20937.553208,96
3153,302784,5035.21,2022-09-29,280181,False,,-12204.323003,96
3154,302880,5036.61,2022-10-12,598037,False,,-16393.047528,96
3155,302976,5037.99,2022-10-26,179448,False,,-23356.052789,96
3156,303072,5039.52,2022-11-23,509354,False,,-11052.485029,96
3157,303168,5041.07,2022-12-07,465754,False,,-22416.175923,96
3158,303264,5042.52,2022-12-17,414946,False,,-31846.859028,96
3159,303360,5043.93,2022-12-28,22785,False,,-29420.551347,96
3160,303456,5045.3,2022-01-24,959443,False,,-20062.350951,96
3161,303552,5046.74,2022-02-07,538932,False,,-26470.413033,96
3162,303648,5048.33,2022-02-21,196169,False,,-22266.317903,96
3163,303744,5049.83,2022-03-19,181036,False,,-17050.366985,96
3164,303840,5051.29,2022-04-13,36648,False,,-15596.5587,96
3165,303936,5052.77,2022-04-27,743369,False,,-20757.14762,96
3166,304032,5054.14,2022-05-09,5544,False,,-21964.968494,96
3167,304128,5055.49,2022-06-04,824720,False,,-33426.496008,96
3168,304224,5057.05,2022-06-22,990372,False,,-25936.056408,96
3169,304320,5058.34,2022-07-26,413434,False,,-46100.060355,96
3170,304416,5059.81,2022-08-03,227455,False,,-35860.718676,96
3171,304512,5061.23,2022-08-17,43157,False,,-24253.234309,96
3172,304608,5062.55,2022-09-07,8320,False,,-18193.126246,96
3173,304704,5064.04,2022-09-29,461094,False,,-39952.862862,96
3174,304800,5065.63,2022-10-12,328266,False,,-38857.417954,96
3175,304896,5066.98,2022-10-26,920455,False,,-12710.654266,96
3176,304992,5068.29,2022-11-23,27180,False,,-20659.919084,96
3177,305088,5069.69,2022-12-07,652368,False,,-25721.215349,96
3178,305184,5071.1,2022-12-17,760359,False,,-42289.020861,96
3179,305280,5072.55,2022-12-28,284201,False,,-25363.649633,96
3180,305376,5073.86,2022-01-24,148384,False,,-18080.514541,96
3181,305472,5075.04,2022-02-07,669359,False,,-18174.121886,96
3182,305568,5076.65,2022-02-21,525337,False,,-27177.899652,96
3183,305664,5078.2,2022-03-19,579707,False,,-20287.091474,96
3184,305760,5079.7,2022-04-13,193396,False,,-29450.137551,96
3185,305856,5081.07,2022-04-27,65213,False,,-31592.205347,96
3186,305952,5082.58,2022-05-09,842332,False,,-28986.636217,96
3187,306048,5083.89,2022-06-04,178178,False,,-21945.458748,96
3188,306144,5085.36,2022-06-22,463328,False,,-17821.391077,96
3189,306240,5086.7,2022-07-26,9467,False,,-10773.489291,96
3190,306336,5087.87,2022-08-03,394859,False,,-22258.731515,96
3191,306432,5089.28,2022-08-17,902233,False,,-14167.779962,96
3192,306528,5090.82,2022-09-07,282676,False,,-22001.346243,96
3193,306624,5092.24,2022-09-29,459546,False,,-10549.432963,96
3194,306720,5093.45,2022-10-12,369621,False,,-24066.880441,96
3195,306816,5094.85,2022-10-26,422166,False,,-29943.555068,96
3196,306912,5096.29,2022-11-23,872408,False,,-37526.340475,96
3197,307008,5097.7,2022-12-07,734376,False,,-31561.393101,96
3198,307104,5099.2,2022-12-17,622702,False,,-9126.157839,96
3199,307200,5100.59,2022-12-28,289497,False,,-24279.894301,96
3200,307296,5102.04,2022-01-24,599879,False,,-16660.942294,96
3201,307392,5103.61,2022-02-07,106693,False,,-31011.630452,96
3202,307488,5104.98,2022-02-21,658147,False,,-31072.574289,96
3203,307584,5106.47,2022-03-19,326064,False,,-71068.105749,96
3204,307680,5107.81,2022-04-13,684945,False,,-13290.786568,96
3205,307776,5109.35,2022-04-27,500987,False,,-26728.303881,96
3206,307872,5110.65,2022-05-09,191099,False,,-24503.674745,96
3207,307968,5112.03,2022-06-04,789017,False,,-10575.02441,96
3208,308064,5113.54,2022-06-22,992920,False,,-14324.063112,96
3209,308160,5115.0,2022-07-26,364051,False,,-21302.891008,96
3210,308256,5116.45,2022-08-03,130845,False,,-18777.909611,96
3211,308352,5117.88,2022-08-17,143075,False,,-22686.8283,96
3212,308448,5119.26,2022-09-07,562751,False,,-30192.479573,96
3213,308544,5120.77,2022-09-29,737814,False,,-23459.902366,96
3214,308640,5122.22,2022-10-12,301328,False,,-23945.451467,96
3215,308736,5123.64,2022-10-26,355639,False,,-13734.969819,96
3216,308832,5124.91,2022-11-23,997177,False,,-18369.698098,96
3217,308928,5126.31,2022-12-07,10003,False,,-23029.469757,96
3218,309024,5127.79,2022-12-17,178936,False,,-19468.289775,96
3219,309120,5129.19,2022-12-28,650611,False,,-23347.299261,96
3220,309216,5130.86,2022-01-24,845073,False,,-47049.431784,96
3221,309312,5132.31,2022-02-07,416775,False,,-13561.706258,96
3222,309408,5133.66,2022-02-21,294261,False,,-19120.635424,96
3223,309504,5134.81,2022-03-19,807167,False,,-11565.021749,96
3224,309600,5136.04,2022-04-13,833389,False,,-21607.264288,96
3225,309696,5137.52,2022-04-27,282406,False,,-21589.323964,96
3226,309792,5138.96,2022-05-09,809984,False,,-21395.36859,96
3227,309888,5140.66,2022-06-04,389906,False,,-14091.12531,96
3228,309984,5141.9,2022-06-22,617590,False,,-28512.926701,96
3229,310080,5156.55,2022-07-26,951461,False,,-21385.291723,96
3230,310176,5157.98,2022-08-03,293314,False,,-13428.971862,96
3231,310272,5159.27,2022-08-17,432581,False,,-23436.905241,96
3232,310368,5160.65,2022-09-07,989902,False,,-15938.007588,96
3233,310464,5162.14,2022-09-29,930680,False,,-18059.984618,96
3234,310560,5163.64,2022-10-12,493028,False,,-15728.856861,96
3235,310656,5165.17,2022-10-26,105103,False,,-31798.652092,96
3236,310752,5166.52,2022-11-23,767883,False,,-9807.134452,96
3237,310848,5167.8,2022-12-07,910222,False,,-24838.687517,96
3238,310944,5169.18,2022-12-17,325000,False,,-26328.755628,96
3239,311040,5170.7,2022-12-28,272650,False,,-18490.034896,96
3240,311136,5172.32,2022-01-24,980952,False,,-30456.929246,96
3241,311232,5173.55,2022-02-07,966949,False,,-20420.403656,96
3242,311328,5174.94,2022-02-21,833995,False,,-20964.13503,96
3243,311424,5176.33,2022-03-19,528129,False,,-17038.026777,96
3244,311520,5177.6,2022-04-13,5158,False,,-16587.243245,96
3245,311616,5179.02,2022-04-27,802822,False,,-22258.995355,96
3246,311712,5180.52,2022-05-09,933538,False,,-19917.576937,96
3247,311808,5182.01,2022-06-04,594957,False,,-12847.234514,96
3248,311904,5183.53,2022-06-22,942565,False,,-18921.277587,96
3249,312000,5184.9,2022-07-26,684242,False,,-50915.032358,96
3250,312096,5186.26,2022-08-03,791408,False,,-26734.773573,96
3251,312192,5187.65,2022-08-17,647682,False,,-33815.244371,96
3252,312288,5188.99,2022-09-07,152305,False,,-40178.31811,96
3253,312384,5190.54,2022-09-29,898330,False,,-16794.837993,96
3254,312480,5191.9,2022-10-12,108888,False,,-35776.683618,96
3255,312576,5193.32,2022-10-26,33790,False,,-13344.686965,96
3256,312672,5194.75,2022-11-23,276758,False,,-25484.591355,96
3257,312768,5196.12,2022-12-07,241704,False,,-14581.131745,96
3258,312864,5197.58,2022-12-17,20000,False,,-17208.794717,96
3259,312960,5198.79,2022-12-28,128137,False,,-24517.62077,96
3260,313056,5200.3,2022-01-24,92536,False,,-33862.626241,96
3261,313152,5201.77,2022-02-07,503171,False,,-22311.222345,96
3262,313248,5202.91,2022-02-21,137666,False,,-45768.352315,96
3263,313344,5204.31,2022-03-19,776855,False,,-24423.42249,96
3264,313440,5205.73,2022-04-13,40267,False,,-13443.792303,96
3265,313536,5207.13,2022-04-27,582825,False,,-20478.80739,96
3266,313632,5208.6,2022-05-09,351962,False,,-21270.392082,96
3267,313728,5210.1,2022-06-04,383679,False,,-10377.767733,96
3268,313824,5211.5,2022-06-22,442342,False,,-23667.785228,96
3269,313920,5212.97,2022-07-26,661463,False,,-24188.258128,96
3270,314016,5214.49,2022-08-03,524235,False,,-18725.943546,96
3271,314112,5215.95,2022-08-17,720190,False,,-15781.962299,96
3272,314208,5217.26,2022-09-07,761018,False,,-16132.539456,96
3273,314304,5218.74,2022-09-29,240112,False,,-41046.21465,96
3274,314400,5220.28,2022-10-12,66386,False,,-35334.766454,96
3275,314496,5221.5,2022-10-26,749174,False,,-42575.693352,96
3276,314592,5222.84,2022-11-23,984809,False,,-19826.801501,96
3277,314688,5224.37,2022-12-07,854562,False,,-32011.8326,96
3278,314784,5225.77,2022-12-17,154868,False,,-15407.645063,96
3279,314880,5227.31,2022-12-28,126688,False,,-16817.325942,96
3280,314976,5228.66,2022-01-24,914678,False,,-39667.818239,96
3281,315072,5230.08,2022-02-07,545785,False,,-21489.288472,96
3282,315168,5231.61,2022-02-21,530676,False,,-18777.455974,96
3283,315264,5232.87,2022-03-19,655401,False,,-14186.150293,96
3284,315360,5234.08,2022-04-13,691587,False,,-20308.741112,96
3285,315456,5235.19,2022-04-27,601503,False,,-49317.569568,96
3286,315552,5236.61,2022-05-09,507901,False,,-23807.056832,96
3287,315648,5238.03,2022-06-04,892075,False,,-14965.411531,96
3288,315744,5239.48,2022-06-22,129660,False,,-29165.433021,96
3289,315840,5240.99,2022-07-26,753047,False,,-32744.967113,96
3290,315936,5242.29,2022-08-03,661057,False,,-23712.93796,96
3291,316032,5243.75,2022-08-17,322746,False,,-29179.739587,96
3292,316128,5245.15,2022-09-07,659457,False,,-13343.595181,96
3293,316224,5246.55,2022-09-29,289703,False,,-27942.945597,96
3294,316320,5247.69,2022-10-12,238903,False,,-26989.306775,96
3295,316416,5249.19,2022-10-26,750333,False,,-24013.518106,96
3296,316512,5250.76,2022-11-23,470020,False,,-15572.745721,96
3297,316608,5252.1,2022-12-07,767817,False,,-53958.293126,96
3298,316704,5253.49,2022-12-17,91864,False,,-15279.208824,96
3299,316800,5254.64,2022-12-28,240382,False,,-43095.175881,96
3300,316896,5255.88,2022-01-24,905494,False,,-30814.686898,96
3301,316992,5257.25,2022-02-07,33973,False,,-13933.219731,96
3302,317088,5258.79,2022-02-21,725059,False,,-18694.680871,96
3303,317184,5260.43,2022-03-19,169920,False,,-40715.213019,96
3304,317280,5262.05,2022-04-13,758749,False,,-13105.037018,96
3305,317376,5263.47,2022-04-27,609796,False,,-24619.403651,96
3306,317472,5264.7,2022-05-09,315284,False,,-19827.150546,96
3307,317568,5266.23,2022-06-04,205699,False,,-45955.447403,96
3308,317664,5267.61,2022-06-22,217621,False,,-23545.142982,96
3309,317760,5269.17,2022-07-26,778782,False,,-21350.422728,96
3310,317856,5270.49,2022-08-03,622767,False,,-28181.64152,96
3311,317952,5271.95,2022-08-17,678803,False,,-16390.442695,96
3312,318048,5273.39,2022-09-07,712758,False,,-18836.369404,96
3313,318144,5274.85,2022-09-29,288986,False,,-17772.860959,96
3314,318240,5276.41,2022-10-12,725060,False,,-12181.963457,96
3315,318336,5277.66,2022-10-26,16315,False,,-17215.019707,96
3316,318432,5279.06,2022-11-23,6457,False,,-18271.14261,96
3317,318528,5280.31,2022-12-07,657104,False,,-17022.806523,96
3318,318624,5281.66,2022-12-17,327099,False,,-17263.295617,96
3319,318720,5283.03,2022-12-28,295484,False,,-20363.534934,96
3320,318816,5284.4,2022-01-24,572128,False,,-12715.561287,96
3321,318912,5285.86,2022-02-07,74412,False,,-73023.054013,96
3322,319008,5287.2,2022-02-21,366757,False,,-52922.54425,96
3323,319104,5288.65,2022-03-19,852903,False,,-18963.407578,96
3324,319200,5290.11,2022-04-13,401858,False,,-13710.725456,96
3325,319296,5291.44,2022-04-27,594232,False,,-37227.723571,96
3326,319392,5292.88,2022-05-09,571988,False,,-31895.020122,96
3327,319488,5294.38,2022-06-04,105106,False,,-18482.043678,96
3328,319584,5295.68,2022-06-22,967220,False,,-27954.825093,96
3329,319680,5297.25,2022-07-26,956627,False,,-10439.022558,96
3330,319776,5298.78,2022-08-03,716798,False,,-8583.620481,96
3331,319872,5300.03,2022-08-17,491119,False,,-14985.196565,96
3332,319968,5301.46,2022-09-07,324731,False,,-18724.128846,96
3333,320064,5315.96,2022-09-29,738260,False,,-27113.189827,96
3334,320160,5317.21,2022-10-12,548959,False,,-9593.127553,96
3335,320256,5318.5,2022-10-26,853591,False,,-40799.213588,96
3336,320352,5320.0,2022-11-23,188995,False,,-25596.661793,96
3337,320448,5321.29,2022-12-07,303928,False,,-35353.909586,96
3338,320544,5322.71,2022-12-17,352055,False,,-14845.456066,96
3339,320640,5324.23,2022-12-28,532241,False,,-16350.846017,96
3340,320736,5325.81,2022-01-24,542004,False,,-16601.750519,96
3341,320832,5327.27,2022-02-07,268191,False,,-35945.137554,96
3342,320928,5328.65,2022-02-21,24498,False,,-22282.960785,96
3343,321024,5330.17,2022-03-19,371373,False,,-13984.106115,96
3344,321120,5331.77,2022-04-13,94351,False,,-54983.393332,96
3345,321216,5333.14,2022-04-27,841753,False,,-36169.983306,96
3346,321312,5334.51,2022-05-09,198612,False,,-25766.563678,96
3347,321408,5335.93,2022-06-04,864578,False,,-25689.223795,96
3348,321504,5337.36,2022-06-22,731640,False,,-39082.295111,96
3349,321600,5338.84,2022-07-26,321218,False,,-17583.789004,96
3350,321696,5340.24,2022-08-03,826032,False,,-16948.254101,96
3351,321792,5341.48,2022-08-17,45352,False,,-18440.053097,96
3352,321888,5342.95,2022-09-07,906864,False,,-16665.980124,96
3353,321984,5344.47,2022-09-29,930834,False,,-20379.774009,96
3354,322080,5345.99,2022-10-12,506617,False,,-38093.47714,96
3355,322176,5347.41,2022-10-26,518962,False,,-10567.459835,96
3356,322272,5348.84,2022-11-23,554446,False,,-22320.166171,96
3357,322368,5350.39,2022-12-07,486497,False,,-17377.068578,96
3358,322464,5351.92,2022-12-17,302490,False,,-13112.699477,96
3359,322560,5353.46,2022-12-28,901814,False,,-31305.176764,96
3360,322656,5354.94,2022-01-24,483966,False,,-27186.239277,96
3361,322752,5356.19,2022-02-07,849678,False,,-22056.381284,96
3362,322848,5357.59,2022-02-21,132219,False,,-15473.980717,96
3363,322944,5359.11,2022-03-19,837271,False,,-22205.867759,96
3364,323040,5360.65,2022-04-13,999685,False,,-18363.288445,96
3365,323136,5362.0,2022-04-27,63371,False,,-17889.034817,96
3366,323232,5363.36,2022-05-09,482451,False,,-16369.118365,96
3367,323328,5364.76,2022-06-04,628438,False,,-10729.781277,96
3368,323424,5366.18,2022-06-22,785011,False,,-20413.078772,96
3369,323520,5367.73,2022-07-26,25196,False,,-17497.940762,96
3370,323616,5369.06,2022-08-03,867943,False,,-13000.650871,96
3371,323712,5370.58,2022-08-17,503604,False,,-14269.892691,96
3372,323808,5372.04,2022-09-07,792932,False,,-23156.209189,96
3373,323904,5373.26,2022-09-29,525553,False,,-71809.366393,96
3374,324000,5374.65,2022-10-12,170122,False,,-38288.601428,96
3375,324096,5376.0,2022-10-26,590862,False,,-16329.235628,96
3376,324192,5377.35,2022-11-23,371512,False,,-25747.014259,96
3377,324288,5378.79,2022-12-07,39912,False,,-28184.998833,96
3378,324384,5380.27,2022-12-17,967458,False,,-13222.488289,96
3379,324480,5381.67,2022-12-28,726514,False,,-18714.636033,96
3380,324576,5383.23,2022-01-24,759715,False,,-17931.456023,96
3381,324672,5384.58,2022-02-07,403692,False,,-13515.655967,96
3382,324768,5385.94,2022-02-21,689849,False,,-20296.966637,96
3383,324864,5387.36,2022-03-19,728357,False,,-19951.941437,96
3384,324960,5388.86,2022-04-13,210208,False,,-39044.318522,96
3385,325056,5390.12,2022-04-27,937320,False,,-38020.513562,96
3386,325152,5391.64,2022-05-09,246479,False,,-30758.67591,96
3387,325248,5392.96,2022-06-04,858561,False,,-35022.594651,96
3388,325344,5394.35,2022-06-22,108755,False,,-25431.001498,96
3389,325440,5395.67,2022-07-26,678535,False,,-15253.627136,96
3390,325536,5397.11,2022-08-03,812438,False,,-32590.06679,96
3391,325632,5398.56,2022-08-17,504223,False,,-22796.865502,96
3392,325728,5400.12,2022-09-07,938924,False,,-17085.376752,96
3393,325824,5401.4,2022-09-29,282098,False,,-10635.238563,96
3394,325920,5402.86,2022-10-12,406400,False,,-32818.745899,96
3395,326016,5404.32,2022-10-26,787610,False,,-21970.208421,96
3396,326112,5405.93,2022-11-23,561504,False,,-50731.914497,96
3397,326208,5407.55,2022-12-07,931175,False,,-22971.691088,96
3398,326304,5409.03,2022-12-17,895920,False,,-19158.648037,96
3399,326400,5410.4,2022-12-28,29663,False,,-21218.74779,96
3400,326496,5411.69,2022-01-24,322430,False,,-28230.599636,96
3401,326592,5413.01,2022-02-07,619264,False,,-19702.435744,96
3402,326688,5414.41,2022-02-21,143129,False,,-30349.401168,96
3403,326784,5415.79,2022-03-19,935933,False,,-25732.656702,96
3404,326880,5417.0,2022-04-13,510487,False,,-27079.575345,96
3405,326976,5418.41,2022-04-27,753477,False,,-12317.498007,96
3406,327072,5419.93,2022-05-09,70454,False,,-29903.014191,96
3407,327168,5421.43,2022-06-04,680903,False,,-19885.479769,96
3408,327264,5423.01,2022-06-22,622447,False,,-27210.407013,96
3409,327360,5424.36,2022-07-26,137383,False,,-36050.183511,96
3410,327456,5425.9,2022-08-03,458513,False,,-42198.06227,96
3411,327552,5427.35,2022-08-17,490949,False,,-21357.074464,96
3412,327648,5428.74,2022-09-07,603853,False,,-17536.08366,96
3413,327744,5430.1,2022-09-29,772956,False,,-23132.013935,96
3414,327840,5431.55,2022-10-12,702165,False,,-32430.807316,96
3415,327936,5432.85,2022-10-26,818759,False,,-25870.302087,96
3416,328032,5434.34,2022-11-23,120956,False,,-15572.268673,96
3417,328128,5435.85,2022-12-07,141168,False,,-26229.050072,96
3418,328224,5437.16,2022-12-17,600903,False,,-32924.952251,96
3419,328320,5438.52,2022-12-28,828041,False,,-31717.486658,96
3420,328416,5440.04,2022-01-24,581497,False,,-26925.014497,96
3421,328512,5441.54,2022-02-07,196189,False,,-16421.142033,96
3422,328608,5442.85,2022-02-21,406816,False,,-32534.816263,96
3423,328704,5444.21,2022-03-19,740642,False,,-28418.209389,96
3424,328800,5445.6,2022-04-13,184600,False,,-40807.765564,96
3425,328896,5447.01,2022-04-27,235102,False,,-14191.751182,96
3426,328992,5448.25,2022-05-09,811531,False,,-37728.223066,96
3427,329088,5449.71,2022-06-04,624669,False,,-9707.824983,96
3428,329184,5451.07,2022-06-22,304172,False,,-12498.190231,96
3429,329280,5452.59,2022-07-26,417641,False,,-25872.108981,96
3430,329376,5453.79,2022-08-03,453344,False,,-16956.583362,96
3431,329472,5455.31,2022-08-17,687001,False,,-17660.955662,96
3432,329568,5456.73,2022-09-07,208370,False,,-8313.515307,96
3433,329664,5458.06,2022-09-29,454825,False,,-17725.316472,96
3434,329760,5459.24,2022-10-12,632300,False,,-28807.83495,96
3435,329856,5460.74,2022-10-26,473063,False,,-38420.676294,96
3436,329952,5462.06,2022-11-23,540537,False,,-23759.860629,96
3437,330048,5476.09,2022-12-07,991431,False,,-33701.29932,96
3438,330144,5477.65,2022-12-17,953019,False,,-23185.132785,96
3439,330240,5479.1,2022-12-28,37442,False,,-22785.922486,96
3440,330336,5480.66,2022-01-24,757305,False,,-12799.002278,96
3441,330432,5482.05,2022-02-07,417619,False,,-11318.420408,96
3442,330528,5483.2,2022-02-21,637521,False,,-16718.500708,96
3443,330624,5484.63,2022-03-19,170393,False,,-25295.503903,96
3444,330720,5486.02,2022-04-13,809045,False,,-47102.786061,96
3445,330816,5487.45,2022-04-27,226620,False,,-17422.828373,96
3446,330912,5488.86,2022-05-09,690472,False,,-28626.083774,96
3447,331008,5490.25,2022-06-04,666539,False,,-10475.55998,96
3448,331104,5491.73,2022-06-22,65496,False,,-29435.284737,96
3449,331200,5493.15,2022-07-26,434200,False,,-14608.188853,96
3450,331296,5494.46,2022-08-03,295513,False,,-27890.104404,96
3451,331392,5495.84,2022-08-17,275305,False,,-19830.159026,96
3452,331488,5497.09,2022-09-07,661628,False,,-19190.065708,96
3453,331584,5498.47,2022-09-29,476666,False,,-15547.301743,96
3454,331680,5499.79,2022-10-12,573927,False,,-31027.800605,96
3455,331776,5501.09,2022-10-26,716837,False,,-28244.662689,96
3456,331872,5502.33,2022-11-23,446023,False,,-23597.403725,96
3457,331968,5503.81,2022-12-07,486903,False,,-8884.384004,96
3458,332064,5505.26,2022-12-17,2979,False,,-23075.803805,96
3459,332160,5506.58,2022-12-28,534415,False,,-28840.390905,96
3460,332256,5507.95,2022-01-24,105007,False,,-18833.614409,96
3461,332352,5509.37,2022-02-07,650604,False,,-36666.931123,96
3462,332448,5510.75,2022-02-21,187152,False,,-13592.55746,96
3463,332544,5512.21,2022-03-19,75704,False,,-15982.851807,96
3464,332640,5513.61,2022-04-13,349394,False,,-14511.834515,96
3465,332736,5514.9,2022-04-27,84158,False,,-21146.089149,96
3466,332832,5516.3,2022-05-09,125364,False,,-37472.443465,96
3467,332928,5517.96,2022-06-04,317801,False,,-26912.91723,96
3468,333024,5519.4,2022-06-22,501273,False,,-25657.459235,96
3469,333120,5520.89,2022-07-26,671087,False,,-21372.939056,96
3470,333216,5522.4,2022-08-03,80703,False,,-21702.19457,96
3471,333312,5523.81,2022-08-17,526498,False,,-10811.598394,96
3472,333408,5525.17,2022-09-07,408144,False,,-25739.125527,96
3473,333504,5526.63,2022-09-29,428015,False,,-20019.603675,96
3474,333600,5528.1,2022-10-12,146665,False,,-18518.790278,96
3475,333696,5529.51,2022-10-26,818403,False,,-42580.395899,96
3476,333792,5530.84,2022-11-23,765297,False,,-18767.363222,96
3477,333888,5532.15,2022-12-07,476633,False,,-35736.224707,96
3478,333984,5533.38,2022-12-17,858698,False,,-30894.787853,96
3479,334080,5534.5,2022-12-28,200970,False,,-9458.423956,96
3480,334176,5535.86,2022-01-24,302492,False,,-18065.905652,96
3481,334272,5537.3,2022-02-07,50888,False,,-14700.217179,96
3482,334368,5538.67,2022-02-21,539828,False,,-26988.367752,96
3483,334464,5540.08,2022-03-19,469797,False,,-16768.342629,96
3484,334560,5541.59,2022-04-13,170424,False,,-24121.977223,96
3485,334656,5543.04,2022-04-27,371673,False,,-22325.280834,96
3486,334752,5544.34,2022-05-09,962964,False,,-26526.641879,96
3487,334848,5545.65,2022-06-04,591649,False,,-15126.72819,96
3488,334944,5546.95,2022-06-22,860992,False,,-18167.665943,96
3489,335040,5548.55,2022-07-26,7796,False,,-24819.272975,96
3490,335136,5550.09,2022-08-03,269878,False,,-23861.606541,96
3491,335232,5551.73,2022-08-17,500699,False,,-30366.369355,96
3492,335328,5553.14,2022-09-07,728971,False,,-21938.266431,96
3493,335424,5554.49,2022-09-29,73502,False,,-25608.723488,96
3494,335520,5555.93,2022-10-12,704775,False,,-39068.855026,96
3495,335616,5557.06,2022-10-26,693574,False,,-22714.117989,96
3496,335712,5558.5,2022-11-23,700554,False,,-18809.021331,96
3497,335808,5560.13,2022-12-07,50917,False,,-23620.656232,96
3498,335904,5561.54,2022-12-17,606208,False,,-12581.361323,96
3499,336000,5563.01,2022-12-28,692253,False,,-29917.773136,96
3500,336096,5564.55,2022-01-24,407068,False,,-13062.836447,96
3501,336192,5565.78,2022-02-07,124942,False,,-56234.316657,96
3502,336288,5567.22,2022-02-21,212093,False,,-45569.117103,96
3503,336384,5568.53,2022-03-19,944207,False,,-21880.639881,96
3504,336480,5569.72,2022-04-13,52730,False,,-25778.374639,96
3505,336576,5571.19,2022-04-27,959902,False,,-32239.723547,96
3506,336672,5572.58,2022-05-09,829912,False,,-13438.59127,96
3507,336768,5573.97,2022-06-04,784419,False,,-21460.820014,96
3508,336864,5575.31,2022-06-22,26727,False,,-15158.781325,96
3509,336960,5576.71,2022-07-26,675271,False,,-14373.530844,96
3510,337056,5578.19,2022-08-03,877110,False,,-26649.439019,96
3511,337152,5579.57,2022-08-17,402774,False,,-35148.376173,96
3512,337248,5580.91,2022-09-07,540533,False,,-19534.936551,96
3513,337344,5582.32,2022-09-29,839121,False,,-20241.631096,96
3514,337440,5583.85,2022-10-12,507750,False,,-32872.071752,96
3515,337536,5585.39,2022-10-26,607468,False,,-43569.002861,96
3516,337632,5586.79,2022-11-23,628847,False,,-60160.966098,96
3517,337728,5588.08,2022-12-07,441095,False,,-24707.709545,96
3518,337824,5589.5,2022-12-17,558435,False,,-24719.90221,96
3519,337920,5590.93,2022-12-28,482681,False,,-11928.162151,96
3520,338016,5592.29,2022-01-24,731855,False,,-52967.253625,96
3521,338112,5593.64,2022-02-07,691500,False,,-14411.841826,96
3522,338208,5595.04,2022-02-21,774120,False,,-40186.241961,96
3523,338304,5596.47,2022-03-19,379500,False,,-17908.711953,96
3524,338400,5597.88,2022-04-13,312001,False,,-30592.050184,96
3525,338496,5599.18,2022-04-27,767249,False,,-28917.672536,96
3526,338592,5600.62,2022-05-09,423288,False,,-33457.563823,96
3527,338688,5602.1,2022-06-04,429821,False,,-16180.952219,96
3528,338784,5603.5,2022-06-22,899933,False,,-21112.843562,96
3529,338880,5604.97,2022-07-26,361009,False,,-17633.755868,96
3530,338976,5606.37,2022-08-03,546019,False,,-14996.018489,96
3531,339072,5607.68,2022-08-17,23663,False,,-16566.136627,96
3532,339168,5608.99,2022-09-07,507021,False,,-12841.538325,96
3533,339264,5610.49,2022-09-29,262167,False,,-17021.662026,96
3534,339360,5611.81,2022-10-12,689926,False,,-29768.630783,96
3535,339456,5613.08,2022-10-26,19713,False,,-24141.396893,96
3536,339552,5614.45,2022-11-23,67053,False,,-18772.18265,96
3537,339648,5615.85,2022-12-07,877787,False,,-60446.103332,96
3538,339744,5617.24,2022-12-17,243205,False,,-25588.909087,96
3539,339840,5618.55,2022-12-28,173597,False,,-18753.759785,96
3540,339936,5619.91,2022-01-24,639666,False,,-49674.416457,96
3541,340032,5633.79,2022-02-07,425784,False,,-25133.593548,96
3542,340128,5635.18,2022-02-21,15340,False,,-26464.194171,96
3543,340224,5636.63,2022-03-19,482933,False,,-16472.782143,96
3544,340320,5638.16,2022-04-13,201676,False,,-29721.046254,96
3545,340416,5639.53,2022-04-27,378718,False,,-37479.663565,96
3546,340512,5641.1,2022-05-09,700289,False,,-22384.347152,96
3547,340608,5642.5,2022-06-04,596333,False,,-34903.11507,96
3548,340704,5643.9,2022-06-22,2864,False,,-21491.953628,96
3549,340800,5645.17,2022-07-26,441068,False,,-25218.130406,96
3550,340896,5646.67,2022-08-03,540996,False,,-29500.852656,96
3551,340992,5648.13,2022-08-17,648320,False,,-22846.57378,96
3552,341088,5649.69,2022-09-07,884441,False,,-30500.359254,96
3553,341184,5651.14,2022-09-29,831457,False,,-25943.755169,96
3554,341280,5652.5,2022-10-12,624287,False,,-8330.454487,96
3555,341376,5653.96,2022-10-26,136818,False,,-25637.652887,96
3556,341472,5655.21,2022-11-23,383333,False,,-17471.770856,96
3557,341568,5656.77,2022-12-07,896965,False,,-24447.508329,96
3558,341664,5658.14,2022-12-17,520607,False,,-40190.251797,96
3559,341760,5659.51,2022-12-28,700529,False,,-31991.927002,96
3560,341856,5660.83,2022-01-24,318299,False,,-31703.407324,96
3561,341952,5662.25,2022-02-07,995333,False,,-19441.843318,96
3562,342048,5663.61,2022-02-21,185163,False,,-20392.568989,96
3563,342144,5664.87,2022-03-19,904906,False,,-17385.014378,96
3564,342240,5666.19,2022-04-13,350730,False,,-21875.649619,96
3565,342336,5667.74,2022-04-27,473708,False,,-11939.059194,96
3566,342432,5669.06,2022-05-09,498637,False,,-17407.979176,96
3567,342528,5670.48,2022-06-04,432908,False,,-15849.810474,96
3568,342624,5671.72,2022-06-22,503916,False,,-16789.4492,96
3569,342720,5673.11,2022-07-26,72118,False,,-23077.268214,96
3570,342816,5674.59,2022-08-03,641929,False,,-18517.512379,96
3571,342912,5675.84,2022-08-17,718471,False,,-23865.636682,96
3572,343008,5677.42,2022-09-07,241085,False,,-34508.069473,96
3573,343104,5678.7,2022-09-29,832538,False,,-22456.783131,96
3574,343200,5680.19,2022-10-12,833612,False,,-28089.435592,96
3575,343296,5681.82,2022-10-26,651619,False,,-20570.585029,96
3576,343392,5683.09,2022-11-23,704204,False,,-36571.616177,96
3577,343488,5684.6,2022-12-07,643101,False,,-16634.174385,96
3578,343584,5685.89,2022-12-17,196907,False,,-13497.697787,96
3579,343680,5687.22,2022-12-28,318633,False,,-19880.43274,96
3580,343776,5688.71,2022-01-24,990146,False,,-26378.281466,96
3581,343872,5689.92,2022-02-07,40648,False,,-50382.449283,96
3582,343968,5691.32,2022-02-21,562412,False,,-18925.625646,96
3583,344064,5692.65,2022-03-19,132379,False,,-22737.658239,96
3584,344160,5694.1,2022-04-13,757770,False,,-43256.012341,96
3585,344256,5695.64,2022-04-27,61168,False,,-17533.857403,96
3586,344352,5696.99,2022-05-09,202261,False,,-12190.537021,96
3587,344448,5698.47,2022-06-04,662580,False,,-23752.933755,96
3588,344544,5699.64,2022-06-22,708879,False,,-19412.960021,96
3589,344640,5701.12,2022-07-26,845376,False,,-34292.621821,96
3590,344736,5702.51,2022-08-03,664217,False,,-20153.826172,96
3591,344832,5703.96,2022-08-17,69841,False,,-15919.923733,96
3592,344928,5705.5,2022-09-07,422200,False,,-13217.971434,96
3593,345024,5706.81,2022-09-29,790793,False,,-31123.695547,96
3594,345120,5708.15,2022-10-12,700026,False,,-21908.494306,96
3595,345216,5709.65,2022-10-26,655560,False,,-13498.203529,96
3596,345312,5711.01,2022-11-23,296933,False,,-20981.521932,96
3597,345408,5712.59,2022-12-07,564259,False,,-21316.10715,96
3598,345504,5714.07,2022-12-17,452832,False,,-23438.774664,96
3599,345600,5715.39,2022-12-28,402461,False,,-15662.100683,96
3600,345696,5716.89,2022-01-24,447906,False,,-28596.148437,96
3601,345792,5718.2,2022-02-07,493672,False,,-16565.539584,96
3602,345888,5719.67,2022-02-21,675512,False,,-25650.433091,96
3603,345984,5721.05,2022-03-19,530059,False,,-21804.2734,96
3604,346080,5722.29,2022-04-13,481062,False,,-15613.849954,96
3605,346176,5723.87,2022-04-27,950133,False,,-30421.82288,96
3606,346272,5725.36,2022-05-09,592526,False,,-34170.095667,96
3607,346368,5726.72,2022-06-04,250187,False,,-30050.488493,96
3608,346464,5728.09,2022-06-22,941948,False,,-58814.399115,96
3609,346560,5729.59,2022-07-26,707321,False,,-33139.794853,96
3610,346656,5730.9,2022-08-03,931255,False,,-25021.365837,96
3611,346752,5732.26,2022-08-17,745524,False,,-19655.708798,96
3612,346848,5733.63,2022-09-07,641284,False,,-53593.883315,96
3613,346944,5734.91,2022-09-29,684669,False,,-35570.486567,96
3614,347040,5736.29,2022-10-12,555862,False,,-27858.419159,96
3615,347136,5737.63,2022-10-26,634968,False,,-49293.825507,96
3616,347232,5739.12,2022-11-23,736295,False,,-20423.970681,96
3617,347328,5740.66,2022-12-07,864948,False,,-10990.165682,96
3618,347424,5742.17,2022-12-17,88456,False,,-14690.76048,96
3619,347520,5743.7,2022-12-28,542131,False,,-28955.058835,96
3620,347616,5745.15,2022-01-24,673308,False,,-20676.397149,96
3621,347712,5746.62,2022-02-07,25041,False,,-14240.519662,96
3622,347808,5747.96,2022-02-21,348134,False,,-22509.212284,96
3623,347904,5749.24,2022-03-19,631536,False,,-26249.686617,96
3624,348000,5750.67,2022-04-13,632139,False,,-39007.210052,96
3625,348096,5752.2,2022-04-27,469757,False,,-16795.847864,96
3626,348192,5753.53,2022-05-09,632856,False,,-20103.494335,96
3627,348288,5754.91,2022-06-04,744779,False,,-48408.947538,96
3628,348384,5756.44,2022-06-22,422601,False,,-19973.242108,96
3629,348480,5757.95,2022-07-26,626106,False,,-21942.796038,96
3630,348576,5759.34,2022-08-03,943123,False,,-28115.109123,96
3631,348672,5760.76,2022-08-17,721304,False,,-17933.319289,96
3632,348768,5762.27,2022-09-07,720000,False,,-27796.264852,96
3633,348864,5763.85,2022-09-29,655163,False,,-31201.303395,96
3634,348960,5765.17,2022-10-12,924975,False,,-16860.400337,96
3635,349056,5766.66,2022-10-26,265604,False,,-17117.501189,96
3636,349152,5768.25,2022-11-23,318971,False,,-32902.194668,96
3637,349248,5769.78,2022-12-07,368409,False,,-22213.859388,96
3638,349344,5771.18,2022-12-17,701479,False,,-16699.155197,96
3639,349440,5772.6,2022-12-28,504998,False,,-14805.969764,96
3640,349536,5773.91,2022-01-24,978217,False,,-17367.671346,96
3641,349632,5775.11,2022-02-07,576951,False,,-19432.185924,96
3642,349728,5776.52,2022-02-21,308240,False,,-19475.538905,96
3643,349824,5777.86,2022-03-19,89941,False,,-32250.482401,96
3644,349920,5779.26,2022-04-13,600052,False,,-12846.76847,96
3645,350016,5794.7,2022-04-27,6305,False,,-23095.192093,96
3646,350112,5796.04,2022-05-09,404185,False,,-21631.733918,96
3647,350208,5797.46,2022-06-04,983277,False,,-34489.073492,96
3648,350304,5798.91,2022-06-22,506920,False,,-24440.064248,96
3649,350400,5800.24,2022-07-26,21209,False,,-26288.456023,96
3650,350496,5801.58,2022-08-03,923622,False,,-8095.68162,96
3651,350592,5802.83,2022-08-17,878732,False,,-19879.861805,96
3652,350688,5804.35,2022-09-07,886064,False,,-25482.505658,96
3653,350784,5805.87,2022-09-29,808792,False,,-22237.938669,96
3654,350880,5807.22,2022-10-12,435215,False,,-20239.762601,96
3655,350976,5808.8,2022-10-26,55264,False,,-20611.790355,96
3656,351072,5810.28,2022-11-23,152163,False,,-20443.833627,96
3657,351168,5811.43,2022-12-07,42938,False,,-25345.80593,96
3658,351264,5812.8,2022-12-17,185475,False,,-19306.842402,96
3659,351360,5814.08,2022-12-28,249313,False,,-22062.621346,96
3660,351456,5815.37,2022-01-24,528345,False,,-24607.574466,96
3661,351552,5816.94,2022-02-07,775392,False,,-25901.809537,96
3662,351648,5818.39,2022-02-21,599877,False,,-26566.671703,96
3663,351744,5820.0,2022-03-19,840235,False,,-23557.718709,96
3664,351840,5821.56,2022-04-13,809682,False,,-17852.939997,96
3665,351936,5823.07,2022-04-27,531836,False,,-22849.098737,96
3666,352032,5824.43,2022-05-09,823454,False,,-14906.84431,96
3667,352128,5825.87,2022-06-04,172013,False,,-20726.837822,96
3668,352224,5827.22,2022-06-22,179284,False,,-21429.540611,96
3669,352320,5828.72,2022-07-26,633673,False,,-6098.471822,96
3670,352416,5830.12,2022-08-03,769590,False,,-36396.023723,96
3671,352512,5831.58,2022-08-17,988605,False,,-28606.39598,96
3672,352608,5833.03,2022-09-07,964702,False,,-29824.032494,96
3673,352704,5834.56,2022-09-29,444104,False,,-21246.981093,96
3674,352800,5836.14,2022-10-12,107015,False,,-26987.835256,96
3675,352896,5837.6,2022-10-26,534220,False,,-14641.681561,96
3676,352992,5838.88,2022-11-23,804980,False,,-18657.195571,96
3677,353088,5840.29,2022-12-07,208193,False,,-23237.424418,96
3678,353184,5841.66,2022-12-17,178552,False,,-21087.532228,96
3679,353280,5843.09,2022-12-28,137132,False,,-22987.706725,96
3680,353376,5844.5,2022-01-24,975484,False,,-22671.358643,96
3681,353472,5845.98,2022-02-07,225222,False,,-35789.963417,96
3682,353568,5847.27,2022-02-21,333386,False,,-27557.529564,96
3683,353664,5848.84,2022-03-19,599769,False,,-19241.924819,96
3684,353760,5850.25,2022-04-13,45961,False,,-16657.628804,96
3685,353856,5851.84,2022-04-27,813708,False,,-23127.34374,96
3686,353952,5853.2,2022-05-09,345518,False,,-22668.391931,96
3687,354048,5854.6,2022-06-04,140035,False,,-33684.710449,96
3688,354144,5856.12,2022-06-22,51799,False,,-42190.281491,96
3689,354240,5857.5,2022-07-26,672137,False,,-23700.416251,96
3690,354336,5858.89,2022-08-03,270592,False,,-49845.541878,96
3691,354432,5860.68,2022-08-17,441111,False,,-24627.165488,96
3692,354528,5862.07,2022-09-07,119492,False,,-24547.099358,96
3693,354624,5863.44,2022-09-29,630566,False,,-31552.42469,96
3694,354720,5864.78,2022-10-12,958086,False,,-24069.134628,96
3695,354816,5866.41,2022-10-26,68901,False,,-18347.257239,96
3696,354912,5867.81,2022-11-23,388875,False,,-17450.178075,96
3697,355008,5869.07,2022-12-07,503618,False,,-21325.261137,96
3698,355104,5870.28,2022-12-17,755824,False,,-24121.769907,96
3699,355200,5871.62,2022-12-28,116791,False,,-27424.667979,96
3700,355296,5872.95,2022-01-24,511916,False,,-20976.556913,96
3701,355392,5874.44,2022-02-07,278691,False,,-17002.014846,96
3702,355488,5875.69,2022-02-21,397120,False,,-23597.022933,96
3703,355584,5877.21,2022-03-19,753735,False,,-14116.932687,96
3704,355680,5878.49,2022-04-13,111508,False,,-16910.651774,96
3705,355776,5879.92,2022-04-27,634587,False,,-20939.245296,96
3706,355872,5881.18,2022-05-09,959075,False,,-21074.373155,96
3707,355968,5882.45,2022-06-04,66117,False,,-17717.964829,96
3708,356064,5883.86,2022-06-22,384634,False,,-17301.382706,96
3709,356160,5885.36,2022-07-26,337820,False,,-34580.679382,96
3710,356256,5886.78,2022-08-03,677846,False,,-31631.320626,96
3711,356352,5888.35,2022-08-17,911588,False,,-15471.461902,96
3712,356448,5889.89,2022-09-07,624169,False,,-20466.045702,96
3713,356544,5891.35,2022-09-29,253572,False,,-23689.772471,96
3714,356640,5892.89,2022-10-12,906265,False,,-18328.019398,96
3715,356736,5894.59,2022-10-26,253438,False,,-30644.2657,96
3716,356832,5896.04,2022-11-23,316860,False,,-26175.586651,96
3717,356928,5897.58,2022-12-07,695548,False,,-33492.094918,96
3718,357024,5899.14,2022-12-17,323167,False,,-39930.354144,96
3719,357120,5900.43,2022-12-28,100641,False,,-49579.893815,96
3720,357216,5901.83,2022-01-24,827738,False,,-22560.786202,96
3721,357312,5903.29,2022-02-07,465651,False,,-27860.844801,96
3722,357408,5904.61,2022-02-21,438494,False,,-34923.908972,96
3723,357504,5906.03,2022-03-19,143713,False,,-10112.244056,96
3724,357600,5907.27,2022-04-13,267412,False,,-16458.84684,96
3725,357696,5908.77,2022-04-27,13977,False,,-20836.837295,96
3726,357792,5910.35,2022-05-09,771871,False,,-12580.41214,96
3727,357888,5911.83,2022-06-04,11805,False,,-28699.280585,96
3728,357984,5913.14,2022-06-22,833691,False,,-43661.991953,96
3729,358080,5914.46,2022-07-26,330822,False,,-19813.548172,96
3730,358176,5916.03,2022-08-03,358660,False,,-29041.923655,96
3731,358272,5917.45,2022-08-17,389400,False,,-28267.622211,96
3732,358368,5918.85,2022-09-07,704845,False,,-12201.48881,96
3733,358464,5920.16,2022-09-29,967045,False,,-21581.744708,96
3734,358560,5921.4,2022-10-12,520180,False,,-21348.925669,96
3735,358656,5922.9,2022-10-26,775439,False,,-17913.879778,96
3736,358752,5924.42,2022-11-23,174111,False,,-33077.978532,96
3737,358848,5925.8,2022-12-07,65670,False,,-9292.082519,96
3738,358944,5927.14,2022-12-17,74785,False,,-8627.632863,96
3739,359040,5928.36,2022-12-28,124674,False,,-9996.245364,96
3740,359136,5929.68,2022-01-24,827845,False,,-17144.149068,96
3741,359232,5931.13,2022-02-07,599012,False,,-38398.599228,96
3742,359328,5932.6,2022-02-21,74672,False,,-13014.869601,96
3743,359424,5934.16,2022-03-19,43202,False,,-44714.644796,96
3744,359520,5935.61,2022-04-13,204945,False,,-42509.866309,96
3745,359616,5937.16,2022-04-27,819866,False,,-20017.160545,96
3746,359712,5938.71,2022-05-09,403724,False,,-19898.143614,96
3747,359808,5940.0,2022-06-04,690762,False,,-17337.273007,96
3748,359904,5941.5,2022-06-22,772463,False,,-20514.582506,96
3749,360000,5943.11,2022-07-26,40328,False,,-16895.968879,96
3750,360096,5958.1,2022-08-03,463889,False,,-31687.360546,96
3751,360192,5959.53,2022-08-17,548251,False,,-34598.360719,96
3752,360288,5961.13,2022-09-07,59524,False,,-21613.236402,96
3753,360384,5962.56,2022-09-29,977453,False,,-33915.439945,96
3754,360480,5963.9,2022-10-12,884221,False,,-19153.162495,96
3755,360576,5965.31,2022-10-26,613378,False,,-10766.982241,96
3756,360672,5966.84,2022-11-23,537209,False,,-21158.925992,96
3757,360768,5967.95,2022-12-07,388912,False,,-15912.475344,96
3758,360864,5969.43,2022-12-17,215486,False,,-11063.766974,96
3759,360960,5970.89,2022-12-28,481355,False,,-26527.269851,96
3760,361056,5972.3,2022-01-24,31706,False,,-19975.826918,96
3761,361152,5973.75,2022-02-07,597102,False,,-18742.887167,96
3762,361248,5975.14,2022-02-21,559443,False,,-22815.166496,96
3763,361344,5976.61,2022-03-19,539036,False,,-27089.389627,96
3764,361440,5977.78,2022-04-13,324105,False,,-11627.836771,96
3765,361536,5979.3,2022-04-27,912238,False,,-42195.528337,96
3766,361632,5980.6,2022-05-09,119622,False,,-16412.097189,96
3767,361728,5981.95,2022-06-04,715024,False,,-42109.481475,96
3768,361824,5983.33,2022-06-22,187642,False,,-49847.568524,96
3769,361920,5984.6,2022-07-26,448183,False,,-23371.423582,96
3770,362016,5986.2,2022-08-03,11933,False,,-38860.359127,96
3771,362112,5987.71,2022-08-17,277707,False,,-26512.017677,96
3772,362208,5989.05,2022-09-07,84756,False,,-23584.475932,96
3773,362304,5990.52,2022-09-29,801878,False,,-24742.690926,96
3774,362400,5991.86,2022-10-12,678804,False,,-24069.241104,96
3775,362496,5993.12,2022-10-26,482688,False,,-33220.319213,96
3776,362592,5994.46,2022-11-23,221495,False,,-31539.729498,96
3777,362688,5995.97,2022-12-07,507068,False,,-21343.702256,96
3778,362784,5997.44,2022-12-17,734692,False,,-23288.354969,96
3779,362880,5998.92,2022-12-28,91143,False,,-29382.462579,96
3780,362976,6000.33,2022-01-24,947331,False,,-26967.174156,96
3781,363072,6001.8,2022-02-07,353093,False,,-10898.136279,96
3782,363168,6003.27,2022-02-21,177885,False,,-23278.200438,96
3783,363264,6004.73,2022-03-19,666640,False,,-59050.941087,96
3784,363360,6006.2,2022-04-13,166331,False,,-22146.641415,96
3785,363456,6007.48,2022-04-27,89063,False,,-9185.465656,96
3786,363552,6008.65,2022-05-09,295598,False,,-19574.823242,96
3787,363648,6009.91,2022-06-04,101023,False,,-21098.570306,96
3788,363744,6011.39,2022-06-22,592379,False,,-21986.164485,96
3789,363840,6012.7,2022-07-26,743475,False,,-18398.399104,96
3790,363936,6014.25,2022-08-03,787688,False,,-15376.440042,96
3791,364032,6015.78,2022-08-17,140133,False,,-17054.608556,96
3792,364128,6017.21,2022-09-07,875045,False,,-16096.179205,96
3793,364224,6018.74,2022-09-29,732886,False,,-27183.733701,96
3794,364320,6020.11,2022-10-12,726587,False,,-16313.318112,96
3795,364416,6021.46,2022-10-26,660893,False,,-19543.393313,96
3796,364512,6022.88,2022-11-23,995350,False,,-13177.176197,96
3797,364608,6023.96,2022-12-07,844872,False,,-31946.384123,96
3798,364704,6025.41,2022-12-17,643795,False,,-19726.361917,96
3799,364800,6026.91,2022-12-28,599092,False,,-31432.228963,96
3800,364896,6028.49,2022-01-24,268004,False,,-30005.641828,96
3801,364992,6029.9,2022-02-07,105186,False,,-12162.180812,96
3802,365088,6031.38,2022-02-21,747270,False,,-22580.688651,96
3803,365184,6032.71,2022-03-19,314149,False,,-11895.277609,96
3804,365280,6034.31,2022-04-13,817281,False,,-23326.929509,96
3805,365376,6035.7,2022-04-27,632758,False,,-18065.764788,96
3806,365472,6037.05,2022-05-09,485546,False,,-24219.094852,96
3807,365568,6038.5,2022-06-04,616868,False,,-16344.371094,96
3808,365664,6039.84,2022-06-22,66984,False,,-21371.822305,96
3809,365760,6041.36,2022-07-26,634241,False,,-22619.361291,96
3810,365856,6042.75,2022-08-03,720058,False,,-16107.645279,96
3811,365952,6044.04,2022-08-17,530015,False,,-14021.285236,96
3812,366048,6045.43,2022-09-07,459442,False,,-37102.671822,96
3813,366144,6046.99,2022-09-29,15489,False,,-18271.839924,96
3814,366240,6048.45,2022-10-12,659744,False,,-39513.160511,96
3815,366336,6049.64,2022-10-26,441557,False,,-25555.627045,96
3816,366432,6050.96,2022-11-23,911028,False,,-24280.105818,96
3817,366528,6052.34,2022-12-07,187717,False,,-12511.921934,96
3818,366624,6053.63,2022-12-17,811340,False,,-12268.748268,96
3819,366720,6054.98,2022-12-28,948836,False,,-18889.438963,96
3820,366816,6056.23,2022-01-24,913539,False,,-20838.752026,96
3821,366912,6057.54,2022-02-07,816815,False,,-32364.836055,96
3822,367008,6058.94,2022-02-21,852406,False,,-23723.480718,96
3823,367104,6060.49,2022-03-19,698725,False,,-26756.249738,96
3824,367200,6061.82,2022-04-13,279917,False,,-28744.603873,96
3825,367296,6063.3,2022-04-27,456994,False,,-18077.020581,96
3826,367392,6064.78,2022-05-09,319694,False,,-28735.581047,96
3827,367488,6066.27,2022-06-04,862373,False,,-16814.535628,96
3828,367584,6067.59,2022-06-22,376016,False,,-23630.951534,96
3829,367680,6069.07,2022-07-26,375650,False,,-13819.969284,96
3830,367776,6070.61,2022-08-03,615379,False,,-14562.705418,96
3831,367872,6072.17,2022-08-17,444128,False,,-18690.449828,96
3832,367968,6073.75,2022-09-07,777122,False,,-13025.472266,96
3833,368064,6075.31,2022-09-29,508517,False,,-24412.592034,96
3834,368160,6076.68,2022-10-12,450411,False,,-25801.736553,96
3835,368256,6078.24,2022-10-26,594650,False,,-66356.562835,96
3836,368352,6079.71,2022-11-23,894415,False,,-17941.975833,96
3837,368448,6081.18,2022-12-07,844354,False,,-24499.611504,96
3838,368544,6082.74,2022-12-17,593554,False,,-9886.279657,96
3839,368640,6084.26,2022-12-28,781791,False,,-20229.026531,96
3840,368736,6085.79,2022-01-24,197041,False,,-13608.746219,96
3841,368832,6087.23,2022-02-07,143386,False,,-10325.291957,96
3842,368928,6088.73,2022-02-21,836885,False,,-47651.360001,96
3843,369024,6090.22,2022-03-19,887411,False,,-22864.505133,96
3844,369120,6091.47,2022-04-13,565273,False,,-11357.007162,96
3845,369216,6092.93,2022-04-27,643580,False,,-30452.728212,96
3846,369312,6094.34,2022-05-09,731894,False,,-18279.593157,96
3847,369408,6095.84,2022-06-04,810553,False,,-27181.726182,96
3848,369504,6097.28,2022-06-22,396240,False,,-12698.577534,96
3849,369600,6098.44,2022-07-26,4407,False,,-27187.014064,96
3850,369696,6099.97,2022-08-03,383389,False,,-16205.037714,96
3851,369792,6101.45,2022-08-17,759630,False,,-24055.603812,96
3852,369888,6102.87,2022-09-07,753064,False,,-12609.52295,96
3853,369984,6104.1,2022-09-29,731739,False,,-16923.101641,96
3854,370080,6118.08,2022-10-12,962074,False,,-18259.163983,96
3855,370176,6119.52,2022-10-26,921707,False,,-32433.492114,96
3856,370272,6120.64,2022-11-23,551311,False,,-24057.727528,96
3857,370368,6122.06,2022-12-07,935568,False,,-9058.126539,96
3858,370464,6123.61,2022-12-17,156425,False,,-24187.508643,96
3859,370560,6124.89,2022-12-28,9565,False,,-16897.172866,96
3860,370656,6126.34,2022-01-24,300613,False,,-19865.443923,96
3861,370752,6127.82,2022-02-07,215386,False,,-23443.222578,96
3862,370848,6129.3,2022-02-21,713321,False,,-30973.838581,96
3863,370944,6130.68,2022-03-19,461603,False,,-10118.378754,96
3864,371040,6132.03,2022-04-13,867071,False,,-17904.079073,96
3865,371136,6133.44,2022-04-27,55567,False,,-30599.997327,96
3866,371232,6134.79,2022-05-09,521078,False,,-29778.508638,96
3867,371328,6136.17,2022-06-04,592289,False,,-19252.237359,96
3868,371424,6137.63,2022-06-22,206681,False,,-13143.096361,96
3869,371520,6139.07,2022-07-26,576732,False,,-20269.085118,96
3870,371616,6140.55,2022-08-03,289338,False,,-20766.087304,96
3871,371712,6141.84,2022-08-17,817778,False,,-29449.317777,96
3872,371808,6143.32,2022-09-07,353297,False,,-14263.646781,96
3873,371904,6144.39,2022-09-29,289237,False,,-11253.720389,96
3874,372000,6145.77,2022-10-12,58349,False,,-25591.895781,96
3875,372096,6147.26,2022-10-26,400664,False,,-21752.964504,96
3876,372192,6148.64,2022-11-23,689553,False,,-20578.25013,96
3877,372288,6149.96,2022-12-07,827539,False,,-53226.397063,96
3878,372384,6151.48,2022-12-17,77144,False,,-11321.160483,96
3879,372480,6153.0,2022-12-28,700310,False,,-20728.880072,96
3880,372576,6154.47,2022-01-24,533372,False,,-17703.440117,96
3881,372672,6155.85,2022-02-07,553917,False,,-23685.629566,96
3882,372768,6157.3,2022-02-21,795510,False,,-23686.305808,96
3883,372864,6158.68,2022-03-19,22846,False,,-12649.608488,96
3884,372960,6160.26,2022-04-13,85262,False,,-19053.151037,96
3885,373056,6161.88,2022-04-27,340415,False,,-25253.309262,96
3886,373152,6163.11,2022-05-09,856830,False,,-29283.521115,96
3887,373248,6164.52,2022-06-04,190083,False,,-21220.96638,96
3888,373344,6166.07,2022-06-22,699148,False,,-17952.070076,96
3889,373440,6167.38,2022-07-26,652615,False,,-24978.233412,96
3890,373536,6168.81,2022-08-03,786963,False,,-15799.039641,96
3891,373632,6170.22,2022-08-17,64716,False,,-16909.150052,96
3892,373728,6171.76,2022-09-07,820696,False,,-29652.962204,96
3893,373824,6173.38,2022-09-29,685869,False,,-36124.635987,96
3894,373920,6175.0,2022-10-12,151160,False,,-17940.904898,96
3895,374016,6176.25,2022-10-26,337016,False,,-14127.829317,96
3896,374112,6177.73,2022-11-23,61431,False,,-26582.125344,96
3897,374208,6179.05,2022-12-07,208041,False,,-31649.35304,96
3898,374304,6180.34,2022-12-17,471055,False,,-27071.429458,96
3899,374400,6181.69,2022-12-28,776525,False,,-15216.384968,96
3900,374496,6183.02,2022-01-24,885749,False,,-15586.100304,96
3901,374592,6184.58,2022-02-07,345056,False,,-21112.547321,96
3902,374688,6185.95,2022-02-21,416574,False,,-19948.549893,96
3903,374784,6187.33,2022-03-19,358507,False,,-17237.167254,96
3904,374880,6188.66,2022-04-13,261144,False,,-19318.869884,96
3905,374976,6190.11,2022-04-27,351643,False,,-17896.379901,96
3906,375072,6191.45,2022-05-09,979550,False,,-30589.241489,96
3907,375168,6192.91,2022-06-04,815830,False,,-31088.608727,96
3908,375264,6194.36,2022-06-22,170227,False,,-23781.169161,96
3909,375360,6195.76,2022-07-26,857509,False,,-34030.625465,96
3910,375456,6197.03,2022-08-03,714756,False,,-35177.343483,96
3911,375552,6198.28,2022-08-17,473668,False,,-24791.897884,96
3912,375648,6199.68,2022-09-07,910725,False,,-28449.064078,96
3913,375744,6201.15,2022-09-29,556066,False,,-35744.666837,96
3914,375840,6202.42,2022-10-12,84353,False,,-20783.335319,96
3915,375936,6203.86,2022-10-26,846655,False,,-17184.129203,96
3916,376032,6205.17,2022-11-23,185218,False,,-14584.476765,96
3917,376128,6206.57,2022-12-07,952773,False,,-27481.610144,96
3918,376224,6207.93,2022-12-17,227446,False,,-16393.944568,96
3919,376320,6209.51,2022-12-28,256633,False,,-12948.851332,96
3920,376416,6210.99,2022-01-24,38777,False,,-30103.055141,96
3921,376512,6212.49,2022-02-07,643339,False,,-16857.026864,96
3922,376608,6213.81,2022-02-21,729615,False,,-27091.018212,96
3923,376704,6215.27,2022-03-19,482510,False,,-20263.389986,96
3924,376800,6216.58,2022-04-13,719232,False,,-17909.352695,96
3925,376896,6217.93,2022-04-27,376804,False,,-38423.468475,96
3926,376992,6219.3,2022-05-09,513084,False,,-15957.095023,96
3927,377088,6220.74,2022-06-04,454353,False,,-15901.765416,96
3928,377184,6222.28,2022-06-22,212531,False,,-18863.266865,96
3929,377280,6223.66,2022-07-26,613796,False,,-29860.40925,96
3930,377376,6224.97,2022-08-03,934939,False,,-24831.346958,96
3931,377472,6226.38,2022-08-17,753649,False,,-18948.333405,96
3932,377568,6227.85,2022-09-07,429971,False,,-22921.484454,96
3933,377664,6229.35,2022-09-29,936155,False,,-15567.670753,96
3934,377760,6230.71,2022-10-12,169470,False,,-24505.269341,96
3935,377856,6232.03,2022-10-26,28602,False,,-14995.971882,96
3936,377952,6233.36,2022-11-23,439300,False,,-22094.451912,96
3937,378048,6234.64,2022-12-07,235220,False,,-18839.737047,96
3938,378144,6236.14,2022-12-17,712478,False,,-27409.667081,96
3939,378240,6237.51,2022-12-28,357587,False,,-27911.182604,96
3940,378336,6238.77,2022-01-24,595426,False,,-13245.340587,96
3941,378432,6240.23,2022-02-07,232304,False,,-19051.048308,96
3942,378528,6241.69,2022-02-21,882272,False,,-37802.862555,96
3943,378624,6243.05,2022-03-19,619089,False,,-15494.412994,96
3944,378720,6244.53,2022-04-13,902427,False,,-22530.479523,96
3945,378816,6246.03,2022-04-27,802403,False,,-27267.553503,96
3946,378912,6247.44,2022-05-09,864232,False,,-19096.888954,96
3947,379008,6248.88,2022-06-04,866178,False,,-10382.705926,96
3948,379104,6250.09,2022-06-22,411409,False,,-17338.031511,96
3949,379200,6251.48,2022-07-26,496291,False,,-52476.226125,96
3950,379296,6252.72,2022-08-03,221422,False,,-19050.335389,96
3951,379392,6254.08,2022-08-17,25596,False,,-40344.003285,96
3952,379488,6255.51,2022-09-07,614189,False,,-13370.331357,96
3953,379584,6257.0,2022-09-29,842613,False,,-27630.303709,96
3954,379680,6258.62,2022-10-12,101810,False,,-27974.84141,96
3955,379776,6259.94,2022-10-26,473633,False,,-16259.239116,96
3956,379872,6261.35,2022-11-23,257991,False,,-25375.196131,96
3957,379968,6262.7,2022-12-07,597158,False,,-23799.448275,96
3958,380064,6277.24,2022-12-17,141578,False,,-18265.532357,96
3959,380160,6278.5,2022-12-28,457705,False,,-16102.916956,96
3960,380256,6279.61,2022-01-24,558764,False,,-24337.813807,96
3961,380352,6280.87,2022-02-07,459137,False,,-26940.814085,96
3962,380448,6282.29,2022-02-21,366292,False,,-18262.339077,96
3963,380544,6283.68,2022-03-19,618359,False,,-25390.941756,96
3964,380640,6285.08,2022-04-13,453477,False,,-39069.313036,96
3965,380736,6286.38,2022-04-27,532816,False,,-21817.540544,96
3966,380832,6287.67,2022-05-09,659725,False,,-20341.301709,96
3967,380928,6289.01,2022-06-04,303439,False,,-18613.967701,96
3968,381024,6290.47,2022-06-22,921893,False,,-25023.508283,96
3969,381120,6291.92,2022-07-26,699361,False,,-22043.983186,96
3970,381216,6293.37,2022-08-03,467859,False,,-24467.142706,96
3971,381312,6294.61,2022-08-17,999355,False,,-15017.603952,96
3972,381408,6295.88,2022-09-07,582968,False,,-24026.392525,96
3973,381504,6297.45,2022-09-29,513737,False,,-18831.261549,96
3974,381600,6299.0,2022-10-12,427783,False,,-33406.552251,96
3975,381696,6300.2,2022-10-26,668208,False,,-21666.812069,96
3976,381792,6301.66,2022-11-23,507918,False,,-29245.804009,96
3977,381888,6303.12,2022-12-07,191250,False,,-12962.334928,96
3978,381984,6304.55,2022-12-17,592207,False,,-22528.866997,96
3979,382080,6306.09,2022-12-28,957254,False,,-17746.273228,96
3980,382176,6307.4,2022-01-24,322512,False,,-32147.602905,96
3981,382272,6308.76,2022-02-07,138029,False,,-26280.65474,96
3982,382368,6310.11,2022-02-21,56884,False,,-17569.806221,96
3983,382464,6311.6,2022-03-19,885706,False,,-13966.887422,96
3984,382560,6312.94,2022-04-13,244431,False,,-16289.631384,96
3985,382656,6314.27,2022-04-27,817598,False,,-20932.606574,96
3986,382752,6315.59,2022-05-09,232074,False,,-18976.257702,96
3987,382848,6317.24,2022-06-04,257875,False,,-26104.565149,96
3988,382944,6318.86,2022-06-22,684275,False,,-33899.142043,96
3989,383040,6320.34,2022-07-26,511865,False,,-23447.320214,96
3990,383136,6321.63,2022-08-03,869197,False,,-24212.556257,96
3991,383232,6323.15,2022-08-17,286292,False,,-17858.301785,96
3992,383328,6324.52,2022-09-07,491882,False,,-28961.721412,96
3993,383424,6326.11,2022-09-29,77082,False,,-29330.420461,96
3994,383520,6327.56,2022-10-12,848418,False,,-31654.569805,96
3995,383616,6329.08,2022-10-26,416218,False,,-19849.859041,96
3996,383712,6330.53,2022-11-23,669244,False,,-17396.297259,96
3997,383808,6332.05,2022-12-07,737595,False,,-34696.094801,96
3998,383904,6333.45,2022-12-17,956762,False,,-15911.852362,96
3999,384000,6335.03,2022-12-28,818221,False,,-20608.078406,96
4000,384096,6336.53,2022-01-24,645520,False,,-14936.973467,96
4001,384192,6337.78,2022-02-07,823728,False,,-14362.398514,96
4002,384288,6339.1,2022-02-21,792388,False,,-35093.632967,96
4003,384384,6340.43,2022-03-19,373755,False,,-20286.868591,96
4004,384480,6341.67,2022-04-13,891290,False,,-24616.864326,96
4005,384576,6343.08,2022-04-27,250609,False,,-38519.703497,96
4006,384672,6344.63,2022-05-09,907792,False,,-21366.452982,96
4007,384768,6346.04,2022-06-04,920505,False,,-28064.16082,96
4008,384864,6347.43,2022-06-22,703843,False,,-20937.718298,96
4009,384960,6349.03,2022-07-26,930939,False,,-28634.858024,96
4010,385056,6350.42,2022-08-03,909136,False,,-9942.932705,96
4011,385152,6351.76,2022-08-17,457326,False,,-29691.790045,96
4012,385248,6353.03,2022-09-07,312683,False,,-11294.620453,96
4013,385344,6354.42,2022-09-29,569740,False,,-25465.437929,96
4014,385440,6355.89,2022-10-12,665664,False,,-69411.655921,96
4015,385536,6357.23,2022-10-26,659052,False,,-40913.183682,96
4016,385632,6358.77,2022-11-23,296030,False,,-26727.657549,96
4017,385728,6360.13,2022-12-07,568079,False,,-19049.492461,96
4018,385824,6361.68,2022-12-17,799089,False,,-11898.165643,96
4019,385920,6363.05,2022-12-28,923959,False,,-23911.754985,96
4020,386016,6364.65,2022-01-24,243397,False,,-23491.736455,96
4021,386112,6366.15,2022-02-07,598190,False,,-22122.378561,96
4022,386208,6367.5,2022-02-21,150503,False,,-19306.250881,96
4023,386304,6368.77,2022-03-19,493386,False,,-17793.037625,96
4024,386400,6370.18,2022-04-13,127173,False,,-25466.620211,96
4025,386496,6371.53,2022-04-27,891370,False,,-22893.710008,96
4026,386592,6373.06,2022-05-09,752689,False,,-35648.31515,96
4027,386688,6374.72,2022-06-04,687100,False,,-14046.979401,96
4028,386784,6376.08,2022-06-22,569386,False,,-20788.186923,96
4029,386880,6377.39,2022-07-26,709835,False,,-9541.752154,96
4030,386976,6378.89,2022-08-03,595770,False,,-29786.556661,96
4031,387072,6380.17,2022-08-17,814017,False,,-37067.49593,96
4032,387168,6381.41,2022-09-07,539134,False,,-37744.212051,96
4033,387264,6382.71,2022-09-29,36679,False,,-27198.616727,96
4034,387360,6384.24,2022-10-12,352730,False,,-18422.438062,96
4035,387456,6385.54,2022-10-26,302522,False,,-12910.199143,96
4036,387552,6386.89,2022-11-23,624042,False,,-46365.47644,96
4037,387648,6388.12,2022-12-07,103896,False,,-23864.626453,96
4038,387744,6389.59,2022-12-17,45862,False,,-15962.619617,96
4039,387840,6390.91,2022-12-28,18732,False,,-10223.530486,96
4040,387936,6392.43,2022-01-24,183517,False,,-10542.203284,96
4041,388032,6393.8,2022-02-07,911839,False,,-25543.337933,96
4042,388128,6395.09,2022-02-21,127548,False,,-17082.261857,96
4043,388224,6396.4,2022-03-19,31066,False,,-16520.62555,96
4044,388320,6397.92,2022-04-13,24678,False,,-25978.37661,96
4045,388416,6399.33,2022-04-27,98726,False,,-16196.447334,96
4046,388512,6400.82,2022-05-09,561809,False,,-27167.37953,96
4047,388608,6402.22,2022-06-04,942725,False,,-16823.990343,96
4048,388704,6403.63,2022-06-22,785566,False,,-31055.87265,96
4049,388800,6404.92,2022-07-26,337625,False,,-31440.689829,96
4050,388896,6406.31,2022-08-03,362051,False,,-50268.866976,96
4051,388992,6407.66,2022-08-17,54008,False,,-19916.953508,96
4052,389088,6409.12,2022-09-07,387377,False,,-15605.394364,96
4053,389184,6410.65,2022-09-29,822147,False,,-22993.554433,96
4054,389280,6412.16,2022-10-12,568429,False,,-16095.886296,96
4055,389376,6413.61,2022-10-26,118371,False,,-15179.702042,96
4056,389472,6414.87,2022-11-23,394347,False,,-11721.445771,96
4057,389568,6416.26,2022-12-07,371156,False,,-14890.804618,96
4058,389664,6417.64,2022-12-17,481763,False,,-8709.130744,96
4059,389760,6419.04,2022-12-28,870705,False,,-13511.433039,96
4060,389856,6420.26,2022-01-24,912616,False,,-30948.749395,96
4061,389952,6421.56,2022-02-07,756464,False,,-34747.007678,96
4062,390048,6435.87,2022-02-21,240111,False,,-20626.27277,96
4063,390144,6437.18,2022-03-19,367359,False,,-24204.04096,96
4064,390240,6438.68,2022-04-13,177307,False,,-20288.435353,96
4065,390336,6440.12,2022-04-27,537761,False,,-25661.970584,96
4066,390432,6441.49,2022-05-09,113674,False,,-27441.501928,96
4067,390528,6442.87,2022-06-04,33170,False,,-19332.922498,96
4068,390624,6444.33,2022-06-22,837331,False,,-31940.508847,96
4069,390720,6445.84,2022-07-26,502877,False,,-17570.249665,96
4070,390816,6447.28,2022-08-03,289952,False,,-22965.427731,96
4071,390912,6448.69,2022-08-17,499940,False,,-31161.384639,96
4072,391008,6450.12,2022-09-07,20645,False,,-19637.811177,96
4073,391104,6451.55,2022-09-29,348734,False,,-17472.93927,96
4074,391200,6452.98,2022-10-12,592386,False,,-13834.148056,96
4075,391296,6454.39,2022-10-26,350079,False,,-24344.490201,96
4076,391392,6455.85,2022-11-23,893117,False,,-18254.454211,96
4077,391488,6457.3,2022-12-07,919374,False,,-22252.220873,96
4078,391584,6458.62,2022-12-17,511962,False,,-7178.071661,96
4079,391680,6460.33,2022-12-28,277433,False,,-19458.10966,96
4080,391776,6461.85,2022-01-24,659287,False,,-18698.150134,96
4081,391872,6463.14,2022-02-07,861409,False,,-13152.151129,96
4082,391968,6464.41,2022-02-21,396901,False,,-28216.249339,96
4083,392064,6465.79,2022-03-19,709871,False,,-39827.745198,96
4084,392160,6467.4,2022-04-13,822072,False,,-18956.261832,96
4085,392256,6468.92,2022-04-27,800525,False,,-16260.105865,96
4086,392352,6470.31,2022-05-09,427089,False,,-19541.156508,96
4087,392448,6471.57,2022-06-04,941053,False,,-14769.999942,96
4088,392544,6472.95,2022-06-22,93636,False,,-25068.350089,96
4089,392640,6474.31,2022-07-26,389655,False,,-21915.944752,96
4090,392736,6475.81,2022-08-03,391029,False,,-31668.667065,96
4091,392832,6477.15,2022-08-17,860745,False,,-23670.660749,96
4092,392928,6478.56,2022-09-07,385877,False,,-17397.024769,96
4093,393024,6480.08,2022-09-29,133154,False,,-18086.391875,96
4094,393120,6481.49,2022-10-12,344962,False,,-22195.134798,96
4095,393216,6482.9,2022-10-26,479940,False,,-18655.304386,96
4096,393312,6484.33,2022-11-23,467025,False,,-22930.597535,96
4097,393408,6485.83,2022-12-07,244073,False,,-31857.296501,96
4098,393504,6487.09,2022-12-17,521606,False,,-27792.09674,96
4099,393600,6488.59,2022-12-28,766098,False,,-23641.40878,96
4100,393696,6489.83,2022-01-24,695890,False,,-23110.946539,96
4101,393792,6491.19,2022-02-07,68897,False,,-23977.702325,96
4102,393888,6492.69,2022-02-21,416630,False,,-15475.167262,96
4103,393984,6494.12,2022-03-19,594052,False,,-18928.7813,96
4104,394080,6495.58,2022-04-13,678569,False,,-16632.198389,96
4105,394176,6497.11,2022-04-27,248648,False,,-15258.003927,96
4106,394272,6498.44,2022-05-09,9513,False,,-16758.498622,96
4107,394368,6499.82,2022-06-04,746587,False,,-23108.428958,96
4108,394464,6501.27,2022-06-22,471477,False,,-15923.496735,96
4109,394560,6502.74,2022-07-26,467922,False,,-20697.480985,96
4110,394656,6504.1,2022-08-03,871290,False,,-12644.708626,96
4111,394752,6505.53,2022-08-17,469536,False,,-22447.983326,96
4112,394848,6506.7,2022-09-07,831125,False,,-29813.052491,96
4113,394944,6508.06,2022-09-29,319726,False,,-25933.098689,96
4114,395040,6509.47,2022-10-12,803728,False,,-18943.640236,96
4115,395136,6510.76,2022-10-26,120378,False,,-26149.165276,96
4116,395232,6512.24,2022-11-23,444168,False,,-26355.22967,96
4117,395328,6513.87,2022-12-07,617074,False,,-29542.184873,96
4118,395424,6515.41,2022-12-17,179599,False,,-27699.42744,96
4119,395520,6517.08,2022-12-28,981134,False,,-11155.885484,96
4120,395616,6518.71,2022-01-24,930828,False,,-16960.280417,96
4121,395712,6520.18,2022-02-07,836566,False,,-21939.985448,96
4122,395808,6521.56,2022-02-21,856744,False,,-24004.455576,96
4123,395904,6522.91,2022-03-19,419369,False,,-21189.940869,96
4124,396000,6524.38,2022-04-13,26298,False,,-15253.645405,96
4125,396096,6525.59,2022-04-27,908909,False,,-36438.392398,96
4126,396192,6527.0,2022-05-09,290276,False,,-26494.517267,96
4127,396288,6528.55,2022-06-04,504454,False,,-24727.590045,96
4128,396384,6529.66,2022-06-22,649919,False,,-24503.204645,96
4129,396480,6531.31,2022-07-26,259077,False,,-22094.519224,96
4130,396576,6532.9,2022-08-03,117758,False,,-32673.605742,96
4131,396672,6534.08,2022-08-17,931500,False,,-19855.204084,96
4132,396768,6535.4,2022-09-07,352442,False,,-12859.632404,96
4133,396864,6536.75,2022-09-29,536833,False,,-33098.516318,96
4134,396960,6537.84,2022-10-12,533849,False,,-17507.100898,96
4135,397056,6539.37,2022-10-26,254067,False,,-36245.242605,96
4136,397152,6540.44,2022-11-23,873663,False,,-13940.417184,96
4137,397248,6541.81,2022-12-07,100291,False,,-16626.764297,96
4138,397344,6543.39,2022-12-17,919157,False,,-15907.273528,96
4139,397440,6544.72,2022-12-28,366557,False,,-17489.634541,96
4140,397536,6546.27,2022-01-24,23775,False,,-43546.166219,96
4141,397632,6547.67,2022-02-07,904024,False,,-31351.367427,96
4142,397728,6548.89,2022-02-21,964630,False,,-18769.000091,96
4143,397824,6550.21,2022-03-19,938953,False,,-29225.683514,96
4144,397920,6551.6,2022-04-13,980646,False,,-38396.120769,96
4145,398016,6553.09,2022-04-27,395655,False,,-30685.72634,96
4146,398112,6554.34,2022-05-09,729896,False,,-27302.955818,96
4147,398208,6555.76,2022-06-04,917724,False,,-16443.314746,96
4148,398304,6557.13,2022-06-22,460629,False,,-17481.01088,96
4149,398400,6558.59,2022-07-26,507978,False,,-23634.500672,96
4150,398496,6560.02,2022-08-03,11277,False,,-33774.496471,96
4151,398592,6561.33,2022-08-17,854709,False,,-26630.841426,96
4152,398688,6562.77,2022-09-07,387405,False,,-21201.159113,96
4153,398784,6564.04,2022-09-29,35910,False,,-31510.353686,96
4154,398880,6565.54,2022-10-12,259729,False,,-12390.871286,96
4155,398976,6566.99,2022-10-26,146011,False,,-26265.27869,96
4156,399072,6568.47,2022-11-23,370036,False,,-38154.317403,96
4157,399168,6569.8,2022-12-07,42029,False,,-19197.099664,96
4158,399264,6571.42,2022-12-17,342288,False,,-31266.028604,96
4159,399360,6572.83,2022-12-28,159524,False,,-12844.218215,96
4160,399456,6574.16,2022-01-24,452616,False,,-20003.946943,96
4161,399552,6575.57,2022-02-07,81090,False,,-15030.480206,96
4162,399648,6577.01,2022-02-21,153965,False,,-23193.1175,96
4163,399744,6578.29,2022-03-19,786167,False,,-12987.984271,96
4164,399840,6579.69,2022-04-13,433712,False,,-19318.520805,96
4165,399936,6581.18,2022-04-27,532756,False,,-22838.151058,96
4166,400032,6595.2,2022-05-09,466811,False,,-25985.678373,96
4167,400128,6596.4,2022-06-04,956910,False,,-17013.823155,96
4168,400224,6597.73,2022-06-22,3742,False,,-8462.926486,96
4169,400320,6599.2,2022-07-26,429233,False,,-18751.666572,96
4170,400416,6600.69,2022-08-03,31999,False,,-15256.901534,96
4171,400512,6602.03,2022-08-17,561670,False,,-29423.003634,96
4172,400608,6603.54,2022-09-07,397512,False,,-14066.882663,96
4173,400704,6604.89,2022-09-29,41376,False,,-36528.795902,96
4174,400800,6606.38,2022-10-12,152885,False,,-22239.100795,96
4175,400896,6607.7,2022-10-26,323776,False,,-9554.964368,96
4176,400992,6609.21,2022-11-23,175978,False,,-10680.02722,96
4177,401088,6610.62,2022-12-07,848760,False,,-37932.19807,96
4178,401184,6612.0,2022-12-17,525683,False,,-10135.154967,96
4179,401280,6613.3,2022-12-28,797093,False,,-48271.791233,96
4180,401376,6614.64,2022-01-24,45244,False,,-47731.217333,96
4181,401472,6615.77,2022-02-07,818235,False,,-21903.139114,96
4182,401568,6617.2,2022-02-21,810197,False,,-17511.662625,96
4183,401664,6618.52,2022-03-19,441968,False,,-49279.957729,96
4184,401760,6619.73,2022-04-13,990521,False,,-21060.785807,96
4185,401856,6621.13,2022-04-27,376401,False,,-14248.187336,96
4186,401952,6622.53,2022-05-09,269046,False,,-11902.789931,96
4187,402048,6623.97,2022-06-04,307245,False,,-14229.394189,96
4188,402144,6625.45,2022-06-22,270763,False,,-19107.985551,96
4189,402240,6626.93,2022-07-26,892257,False,,-33787.814976,96
4190,402336,6628.42,2022-08-03,293815,False,,-25145.979686,96
4191,402432,6629.77,2022-08-17,257961,False,,-12214.830926,96
4192,402528,6631.06,2022-09-07,992703,False,,-21504.710199,96
4193,402624,6632.33,2022-09-29,513536,False,,-25213.826044,96
4194,402720,6633.75,2022-10-12,623108,False,,-33923.875594,96
4195,402816,6635.01,2022-10-26,813206,False,,-51583.290663,96
4196,402912,6636.29,2022-11-23,813381,False,,-16263.149523,96
4197,403008,6637.78,2022-12-07,44229,False,,-40781.698444,96
4198,403104,6639.22,2022-12-17,825106,False,,-47464.95497,96
4199,403200,6640.67,2022-12-28,687800,False,,-21070.726436,96
4200,403296,6642.15,2022-01-24,779029,False,,-25029.688935,96
4201,403392,6643.53,2022-02-07,815830,False,,-29575.265133,96
4202,403488,6645.0,2022-02-21,297274,False,,-33960.469045,96
4203,403584,6646.46,2022-03-19,210492,False,,-19743.956148,96
4204,403680,6647.79,2022-04-13,481608,False,,-23685.872723,96
4205,403776,6649.31,2022-04-27,766192,False,,-32932.258334,96
4206,403872,6650.78,2022-05-09,72431,False,,-23860.194775,96
4207,403968,6652.2,2022-06-04,19907,False,,-26080.742696,96
4208,404064,6653.67,2022-06-22,841968,False,,-22810.366081,96
4209,404160,6654.99,2022-07-26,43117,False,,-29237.149142,96
4210,404256,6656.33,2022-08-03,730665,False,,-19265.878383,96
4211,404352,6657.72,2022-08-17,890887,False,,-30579.569051,96
4212,404448,6659.05,2022-09-07,677099,False,,-23591.202596,96
4213,404544,6660.5,2022-09-29,474665,False,,-13700.790565,96
4214,404640,6662.07,2022-10-12,66164,False,,-19661.147214,96
4215,404736,6663.42,2022-10-26,248890,False,,-14966.572291,96
4216,404832,6664.85,2022-11-23,167055,False,,-14339.951407,96
4217,404928,6666.47,2022-12-07,28658,False,,-35272.09558,96
4218,405024,6667.75,2022-12-17,967389,False,,-25197.018268,96
4219,405120,6669.16,2022-12-28,138279,False,,-18867.659065,96
4220,405216,6670.72,2022-01-24,783547,False,,-35668.375053,96
4221,405312,6672.24,2022-02-07,452900,False,,-8764.916688,96
4222,405408,6673.76,2022-02-21,568067,False,,-26139.40659,96
4223,405504,6675.28,2022-03-19,22980,False,,-18591.783104,96
4224,405600,6676.86,2022-04-13,512835,False,,-22215.463493,96
4225,405696,6678.25,2022-04-27,311640,False,,-15462.910678,96
4226,405792,6679.73,2022-05-09,622355,False,,-32901.484269,96
4227,405888,6681.08,2022-06-04,735906,False,,-19133.563099,96
4228,405984,6682.35,2022-06-22,989874,False,,-30448.549016,96
4229,406080,6683.8,2022-07-26,689272,False,,-27109.745626,96
4230,406176,6685.09,2022-08-03,732986,False,,-42660.562683,96
4231,406272,6686.67,2022-08-17,687965,False,,-41136.710726,96
4232,406368,6688.11,2022-09-07,922739,False,,-19781.952546,96
4233,406464,6689.41,2022-09-29,859127,False,,-16477.779566,96
4234,406560,6690.63,2022-10-12,631400,False,,-20407.146169,96
4235,406656,6691.72,2022-10-26,867733,False,,-15171.992723,96
4236,406752,6692.99,2022-11-23,274341,False,,-21166.787072,96
4237,406848,6694.27,2022-12-07,758841,False,,-32065.990586,96
4238,406944,6695.6,2022-12-17,906394,False,,-35828.048144,96
4239,407040,6697.03,2022-12-28,474070,False,,-34520.062514,96
4240,407136,6698.41,2022-01-24,248230,False,,-27666.827133,96
4241,407232,6699.63,2022-02-07,499899,False,,-18633.60466,96
4242,407328,6700.91,2022-02-21,938598,False,,-45349.608675,96
4243,407424,6702.48,2022-03-19,759137,False,,-19450.871597,96
4244,407520,6703.82,2022-04-13,534214,False,,-12525.769426,96
4245,407616,6705.28,2022-04-27,769399,False,,-19746.263816,96
4246,407712,6706.43,2022-05-09,920050,False,,-15436.346031,96
4247,407808,6707.68,2022-06-04,820451,False,,-15077.675386,96
4248,407904,6708.99,2022-06-22,514037,False,,-17262.031898,96
4249,408000,6710.41,2022-07-26,410665,False,,-19256.413838,96
4250,408096,6711.96,2022-08-03,611340,False,,-16587.209793,96
4251,408192,6713.54,2022-08-17,626948,False,,-23801.563277,96
4252,408288,6714.96,2022-09-07,480729,False,,-16626.22221,96
4253,408384,6716.51,2022-09-29,51488,False,,-20085.540445,96
4254,408480,6718.01,2022-10-12,754406,False,,-29789.055429,96
4255,408576,6719.53,2022-10-26,266538,False,,-65210.699389,96
4256,408672,6720.9,2022-11-23,79033,False,,-25136.221116,96
4257,408768,6722.3,2022-12-07,448308,False,,-29399.086571,96
4258,408864,6723.77,2022-12-17,754709,False,,-21377.214528,96
4259,408960,6725.28,2022-12-28,788577,False,,-19702.808084,96
4260,409056,6726.72,2022-01-24,91528,False,,-18606.406619,96
4261,409152,6728.12,2022-02-07,926418,False,,-25390.617819,96
4262,409248,6729.51,2022-02-21,609969,False,,-23220.203301,96
4263,409344,6731.04,2022-03-19,52354,False,,-23461.214518,96
4264,409440,6732.51,2022-04-13,236799,False,,-12086.679065,96
4265,409536,6733.93,2022-04-27,608413,False,,-25696.553105,96
4266,409632,6735.37,2022-05-09,502672,False,,-38173.640301,96
4267,409728,6736.89,2022-06-04,40766,False,,-27821.65744,96
4268,409824,6738.38,2022-06-22,652193,False,,-42369.38966,96
4269,409920,6739.81,2022-07-26,375826,False,,-17181.905866,96
4270,410016,6754.81,2022-08-03,413249,False,,-31712.261132,96
4271,410112,6756.32,2022-08-17,866619,False,,-20751.840527,96
4272,410208,6757.97,2022-09-07,503667,False,,-34714.185224,96
4273,410304,6759.4,2022-09-29,399913,False,,-7598.254367,96
4274,410400,6760.83,2022-10-12,275114,False,,-10447.168847,96
4275,410496,6762.25,2022-10-26,229445,False,,-21145.128404,96
4276,410592,6763.55,2022-11-23,71204,False,,-27507.93704,96
4277,410688,6764.92,2022-12-07,283505,False,,-22894.787334,96
4278,410784,6766.46,2022-12-17,429082,False,,-11417.848191,96
4279,410880,6767.85,2022-12-28,318180,False,,-11484.713615,96
4280,410976,6769.29,2022-01-24,151140,False,,-13349.253587,96
4281,411072,6770.71,2022-02-07,12280,False,,-13313.555324,96
4282,411168,6772.09,2022-02-21,27717,False,,-19794.417969,96
4283,411264,6773.34,2022-03-19,139940,False,,-30489.238325,96
4284,411360,6774.84,2022-04-13,12468,False,,-11278.818968,96
4285,411456,6776.24,2022-04-27,39533,False,,-11097.341713,96
4286,411552,6777.57,2022-05-09,379187,False,,-15425.001788,96
4287,411648,6778.98,2022-06-04,66892,False,,-22764.610679,96
4288,411744,6780.37,2022-06-22,947279,False,,-15607.886808,96
4289,411840,6781.74,2022-07-26,276204,False,,-19505.542046,96
4290,411936,6783.08,2022-08-03,609486,False,,-35441.741145,96
4291,412032,6784.42,2022-08-17,75311,False,,-24759.516381,96
4292,412128,6786.02,2022-09-07,945328,False,,-35012.578816,96
4293,412224,6787.39,2022-09-29,169267,False,,-15896.857209,96
4294,412320,6788.75,2022-10-12,454287,False,,-9563.842754,96
4295,412416,6790.12,2022-10-26,382253,False,,-29816.002879,96
4296,412512,6791.68,2022-11-23,158846,False,,-16849.890094,96
4297,412608,6793.09,2022-12-07,656711,False,,-30667.621543,96
4298,412704,6794.49,2022-12-17,105468,False,,-29347.904052,96
4299,412800,6795.96,2022-12-28,122245,False,,-17990.177376,96
4300,412896,6797.43,2022-01-24,384456,False,,-17813.760005,96
4301,412992,6798.82,2022-02-07,882421,False,,-29066.528625,96
4302,413088,6800.34,2022-02-21,265687,False,,-12345.847365,96
4303,413184,6801.82,2022-03-19,570270,False,,-21829.957038,96
4304,413280,6803.22,2022-04-13,255383,False,,-27826.897934,96
4305,413376,6804.54,2022-04-27,825785,False,,-30732.666269,96
4306,413472,6805.79,2022-05-09,244628,False,,-12215.982781,96
4307,413568,6807.3,2022-06-04,955150,False,,-22203.371426,96
4308,413664,6808.62,2022-06-22,752970,False,,-29084.381145,96
4309,413760,6810.03,2022-07-26,949444,False,,-22047.792903,96
4310,413856,6811.45,2022-08-03,9278,False,,-12443.98935,96
4311,413952,6812.84,2022-08-17,591684,False,,-19924.895844,96
4312,414048,6814.18,2022-09-07,6939,False,,-50682.53732,96
4313,414144,6815.56,2022-09-29,585604,False,,-18164.068636,96
4314,414240,6816.94,2022-10-12,885060,False,,-38747.536718,96
4315,414336,6818.29,2022-10-26,618995,False,,-16228.305703,96
4316,414432,6819.71,2022-11-23,241634,False,,-13145.402203,96
4317,414528,6821.21,2022-12-07,926777,False,,-23232.960645,96
4318,414624,6822.63,2022-12-17,95610,False,,-15232.4849,96
4319,414720,6824.1,2022-12-28,736297,False,,-49116.369772,96
4320,414816,6825.43,2022-01-24,343986,False,,-17440.541585,96
4321,414912,6826.92,2022-02-07,498170,False,,-22425.172734,96
4322,415008,6828.4,2022-02-21,170644,False,,-28492.302937,96
4323,415104,6829.87,2022-03-19,225030,False,,-23570.645033,96
4324,415200,6831.25,2022-04-13,716472,False,,-14452.736114,96
4325,415296,6832.59,2022-04-27,765180,False,,-17512.354776,96
4326,415392,6833.81,2022-05-09,535851,False,,-43320.181945,96
4327,415488,6835.29,2022-06-04,427478,False,,-12829.645153,96
4328,415584,6836.69,2022-06-22,364567,False,,-15951.924881,96
4329,415680,6838.03,2022-07-26,559637,False,,-27201.242564,96
4330,415776,6839.39,2022-08-03,38116,False,,-21154.150476,96
4331,415872,6840.97,2022-08-17,545472,False,,-14845.725647,96
4332,415968,6842.47,2022-09-07,167937,False,,-16761.486785,96
4333,416064,6843.9,2022-09-29,565429,False,,-13738.177069,96
4334,416160,6845.37,2022-10-12,103355,False,,-39622.443289,96
4335,416256,6846.75,2022-10-26,190584,False,,-26708.929456,96
4336,416352,6848.3,2022-11-23,815230,False,,-31086.217281,96
4337,416448,6849.62,2022-12-07,169016,False,,-20752.157318,96
4338,416544,6850.94,2022-12-17,882634,False,,-54284.450932,96
4339,416640,6852.39,2022-12-28,65675,False,,-24158.794994,96
4340,416736,6853.68,2022-01-24,696996,False,,-19352.618666,96
4341,416832,6855.12,2022-02-07,136401,False,,-29298.474882,96
4342,416928,6856.37,2022-02-21,989644,False,,-15174.529911,96
4343,417024,6857.74,2022-03-19,722398,False,,-28809.068899,96
4344,417120,6859.2,2022-04-13,557092,False,,-25830.717407,96
4345,417216,6860.51,2022-04-27,162505,False,,-22382.894149,96
4346,417312,6861.85,2022-05-09,934707,False,,-24894.714363,96
4347,417408,6863.41,2022-06-04,620373,False,,-15903.772772,96
4348,417504,6864.76,2022-06-22,394152,False,,-17269.112767,96
4349,417600,6866.21,2022-07-26,597228,False,,-31158.45762,96
4350,417696,6867.74,2022-08-03,204233,False,,-22723.079587,96
4351,417792,6868.83,2022-08-17,438120,False,,-15801.116416,96
4352,417888,6870.25,2022-09-07,232183,False,,-15028.748796,96
4353,417984,6871.47,2022-09-29,926281,False,,-24040.181692,96
4354,418080,6872.88,2022-10-12,131978,False,,-14048.911962,96
4355,418176,6874.38,2022-10-26,784507,False,,-14211.459775,96
4356,418272,6875.81,2022-11-23,389946,False,,-26659.84521,96
4357,418368,6877.12,2022-12-07,322055,False,,-46708.512387,96
4358,418464,6878.65,2022-12-17,184751,False,,-11887.359416,96
4359,418560,6880.05,2022-12-28,953490,False,,-19772.200652,96
4360,418656,6881.34,2022-01-24,116501,False,,-16147.347261,96
4361,418752,6882.75,2022-02-07,683723,False,,-17332.122786,96
4362,418848,6884.41,2022-02-21,535527,False,,-11828.520685,96
4363,418944,6885.78,2022-03-19,279235,False,,-50994.719159,96
4364,419040,6887.2,2022-04-13,15814,False,,-16259.735223,96
4365,419136,6888.72,2022-04-27,589879,False,,-21594.347084,96
4366,419232,6890.15,2022-05-09,335544,False,,-18821.729484,96
4367,419328,6891.6,2022-06-04,936824,False,,-9623.526028,96
4368,419424,6892.9,2022-06-22,817191,False,,-20023.101571,96
4369,419520,6894.37,2022-07-26,91884,False,,-24451.527622,96
4370,419616,6895.9,2022-08-03,404531,False,,-28333.816052,96
4371,419712,6897.28,2022-08-17,40087,False,,-17169.092836,96
4372,419808,6898.61,2022-09-07,357418,False,,-18417.961804,96
4373,419904,6900.05,2022-09-29,202391,False,,-20717.094124,96
4374,420000,6901.42,2022-10-12,848318,False,,-21919.929743,96
4375,420096,6915.47,2022-10-26,359145,False,,-39056.635082,96
4376,420192,6916.99,2022-11-23,168142,False,,-23043.647128,96
4377,420288,6918.33,2022-12-07,839979,False,,-26931.155417,96
4378,420384,6919.89,2022-12-17,55132,False,,-16758.144036,96
4379,420480,6921.29,2022-12-28,380823,False,,-30806.900734,96
4380,420576,6922.63,2022-01-24,559531,False,,-20758.05305,96
4381,420672,6924.08,2022-02-07,186752,False,,-35411.160394,96
4382,420768,6925.43,2022-02-21,384872,False,,-15945.206604,96
4383,420864,6926.68,2022-03-19,708052,False,,-28765.00005,96
4384,420960,6928.12,2022-04-13,859577,False,,-21429.90041,96
4385,421056,6929.53,2022-04-27,378640,False,,-17366.578054,96
4386,421152,6930.92,2022-05-09,106971,False,,-31981.634554,96
4387,421248,6932.27,2022-06-04,874039,False,,-9867.990626,96
4388,421344,6933.71,2022-06-22,285233,False,,-12271.590121,96
4389,421440,6935.16,2022-07-26,671129,False,,-24904.762453,96
4390,421536,6936.7,2022-08-03,324124,False,,-18912.77174,96
4391,421632,6938.02,2022-08-17,660231,False,,-14429.569203,96
4392,421728,6939.24,2022-09-07,854710,False,,-15573.718003,96
4393,421824,6940.71,2022-09-29,840884,False,,-24954.020833,96
4394,421920,6941.99,2022-10-12,780845,False,,-19535.493316,96
4395,422016,6943.36,2022-10-26,357027,False,,-15159.83716,96
4396,422112,6944.87,2022-11-23,630917,False,,-21076.660518,96
4397,422208,6946.3,2022-12-07,830653,False,,-19923.451839,96
4398,422304,6947.71,2022-12-17,552055,False,,-19127.671982,96
4399,422400,6949.02,2022-12-28,573810,False,,-28234.805594,96
4400,422496,6950.56,2022-01-24,125367,False,,-37218.879244,96
4401,422592,6952.01,2022-02-07,810291,False,,-15993.464356,96
4402,422688,6953.31,2022-02-21,313780,False,,-19646.701063,96
4403,422784,6954.8,2022-03-19,678592,False,,-29119.969186,96
4404,422880,6956.04,2022-04-13,383727,False,,-43315.207304,96
4405,422976,6957.44,2022-04-27,583936,False,,-28200.684563,96
4406,423072,6958.92,2022-05-09,967289,False,,-24027.836549,96
4407,423168,6960.3,2022-06-04,804182,False,,-19870.317032,96
4408,423264,6961.76,2022-06-22,111330,False,,-10199.041248,96
4409,423360,6963.15,2022-07-26,151428,False,,-14828.224797,96
4410,423456,6964.56,2022-08-03,922171,False,,-23419.975168,96
4411,423552,6965.89,2022-08-17,350916,False,,-23939.957766,96
4412,423648,6967.2,2022-09-07,841150,False,,-31797.040361,96
4413,423744,6968.64,2022-09-29,763256,False,,-16545.622429,96
4414,423840,6970.03,2022-10-12,424879,False,,-15938.86486,96
4415,423936,6971.36,2022-10-26,694583,False,,-27154.497982,96
4416,424032,6972.95,2022-11-23,161055,False,,-10207.572616,96
4417,424128,6974.42,2022-12-07,560728,False,,-21950.260682,96
4418,424224,6975.89,2022-12-17,188769,False,,-11005.63965,96
4419,424320,6977.31,2022-12-28,667425,False,,-23411.247206,96
4420,424416,6978.66,2022-01-24,528527,False,,-27096.086368,96
4421,424512,6979.84,2022-02-07,147245,False,,-25578.463168,96
4422,424608,6981.05,2022-02-21,54944,False,,-15697.42459,96
4423,424704,6982.52,2022-03-19,581521,False,,-18928.448344,96
4424,424800,6983.83,2022-04-13,983465,False,,-31426.536221,96
4425,424896,6985.16,2022-04-27,395348,False,,-25172.203225,96
4426,424992,6986.68,2022-05-09,500616,False,,-12137.274171,96
4427,425088,6988.24,2022-06-04,586895,False,,-17248.83767,96
4428,425184,6989.65,2022-06-22,542942,False,,-17289.593695,96
4429,425280,6991.09,2022-07-26,403655,False,,-20299.252759,96
4430,425376,6992.37,2022-08-03,790653,False,,-15464.241122,96
4431,425472,6993.71,2022-08-17,661133,False,,-44921.816083,96
4432,425568,6995.2,2022-09-07,127620,False,,-19311.644966,96
4433,425664,6996.66,2022-09-29,971242,False,,-25263.373475,96
4434,425760,6998.11,2022-10-12,494512,False,,-15945.056024,96
4435,425856,6999.4,2022-10-26,448375,False,,-12520.469503,96
4436,425952,7000.83,2022-11-23,530068,False,,-34269.038251,96
4437,426048,7002.17,2022-12-07,45730,False,,-44545.023747,96
4438,426144,7003.58,2022-12-17,492018,False,,-45743.141218,96
4439,426240,7004.93,2022-12-28,676560,False,,-26292.504259,96
4440,426336,7006.35,2022-01-24,962991,False,,-30583.836707,96
4441,426432,7007.7,2022-02-07,769751,False,,-44440.705035,96
4442,426528,7009.2,2022-02-21,929837,False,,-22809.024786,96
4443,426624,7010.54,2022-03-19,76775,False,,-18630.943814,96
4444,426720,7011.92,2022-04-13,849347,False,,-31237.388145,96
4445,426816,7013.2,2022-04-27,170180,False,,-20710.93925,96
4446,426912,7014.72,2022-05-09,925938,False,,-14589.416091,96
4447,427008,7016.1,2022-06-04,765439,False,,-25618.230777,96
4448,427104,7017.59,2022-06-22,232135,False,,-19115.151032,96
4449,427200,7019.11,2022-07-26,876876,False,,-28230.944427,96
4450,427296,7020.35,2022-08-03,243077,False,,-16339.818703,96
4451,427392,7021.78,2022-08-17,748561,False,,-19989.481095,96
4452,427488,7023.05,2022-09-07,602484,False,,-25323.717625,96
4453,427584,7024.39,2022-09-29,330241,False,,-26175.900267,96
4454,427680,7025.71,2022-10-12,61031,False,,-39737.999452,96
4455,427776,7027.13,2022-10-26,971553,False,,-19617.802693,96
4456,427872,7028.59,2022-11-23,990724,False,,-24118.872046,96
4457,427968,7029.98,2022-12-07,575129,False,,-24976.795707,96
4458,428064,7031.2,2022-12-17,977639,False,,-12869.391171,96
4459,428160,7032.78,2022-12-28,507001,False,,-32164.54025,96
4460,428256,7034.2,2022-01-24,89417,False,,-20267.156934,96
4461,428352,7035.55,2022-02-07,77311,False,,-18989.667251,96
4462,428448,7036.99,2022-02-21,906494,False,,-13640.184082,96
4463,428544,7038.3,2022-03-19,305590,False,,-12771.650205,96
4464,428640,7039.82,2022-04-13,535508,False,,-23630.450084,96
4465,428736,7041.3,2022-04-27,966510,False,,-13479.515215,96
4466,428832,7042.66,2022-05-09,656650,False,,-20743.542144,96
4467,428928,7043.96,2022-06-04,417884,False,,-13569.788469,96
4468,429024,7045.42,2022-06-22,607650,False,,-20374.352818,96
4469,429120,7046.93,2022-07-26,775843,False,,-26469.105079,96
4470,429216,7048.4,2022-08-03,520619,False,,-33256.392469,96
4471,429312,7049.86,2022-08-17,775932,False,,-27272.159018,96
4472,429408,7051.37,2022-09-07,43748,False,,-18415.578629,96
4473,429504,7052.7,2022-09-29,838299,False,,-17151.432454,96
4474,429600,7054.15,2022-10-12,502930,False,,-20861.167684,96
4475,429696,7055.52,2022-10-26,984450,False,,-13108.81199,96
4476,429792,7056.96,2022-11-23,119328,False,,-37038.589052,96
4477,429888,7058.46,2022-12-07,679215,False,,-5788.274979,96
4478,429984,7060.27,2022-12-17,937882,False,,-25802.514409,96
4479,430080,7074.54,2022-12-28,268527,False,,-13187.059766,96
4480,430176,7075.98,2022-01-24,450375,False,,-18693.010889,96
4481,430272,7077.3,2022-02-07,66269,False,,-29157.834457,96
4482,430368,7078.89,2022-02-21,816826,False,,-26382.714482,96
4483,430464,7080.36,2022-03-19,622810,False,,-28046.320668,96
4484,430560,7081.73,2022-04-13,274894,False,,-16179.314887,96
4485,430656,7082.96,2022-04-27,953347,False,,-30537.208238,96
4486,430752,7084.47,2022-05-09,276186,False,,-21198.079729,96
4487,430848,7085.99,2022-06-04,942594,False,,-26519.968953,96
4488,430944,7087.48,2022-06-22,382132,False,,-41335.95572,96
4489,431040,7088.96,2022-07-26,274016,False,,-12657.58987,96
4490,431136,7090.31,2022-08-03,292171,False,,-28594.336532,96
4491,431232,7091.71,2022-08-17,40981,False,,-27645.552711,96
4492,431328,7093.26,2022-09-07,754003,False,,-24226.58567,96
4493,431424,7094.64,2022-09-29,839370,False,,-10771.062087,96
4494,431520,7095.96,2022-10-12,595344,False,,-17773.08247,96
4495,431616,7097.33,2022-10-26,51640,False,,-24985.496278,96
4496,431712,7098.8,2022-11-23,439679,False,,-22294.498658,96
4497,431808,7100.22,2022-12-07,14140,False,,-28061.772207,96
4498,431904,7101.64,2022-12-17,888604,False,,-45048.580626,96
4499,432000,7102.91,2022-12-28,839565,False,,-12672.451412,96
4500,432096,7104.26,2022-01-24,427915,False,,-19752.676576,96
4501,432192,7105.62,2022-02-07,652132,False,,-35736.858903,96
4502,432288,7107.02,2022-02-21,195713,False,,-18938.574646,96
4503,432384,7108.51,2022-03-19,628368,False,,-21084.229364,96
4504,432480,7110.09,2022-04-13,902259,False,,-29935.1998,96
4505,432576,7111.42,2022-04-27,223041,False,,-21180.292178,96
4506,432672,7112.71,2022-05-09,48152,False,,-41869.049236,96
4507,432768,7113.98,2022-06-04,109128,False,,-25512.01459,96
4508,432864,7115.37,2022-06-22,178968,False,,-19786.736583,96
4509,432960,7116.9,2022-07-26,709828,False,,-17059.83702,96
4510,433056,7118.25,2022-08-03,900560,False,,-16382.851281,96
4511,433152,7119.68,2022-08-17,912108,False,,-20919.965983,96
4512,433248,7121.17,2022-09-07,299295,False,,-15205.85527,96
4513,433344,7122.62,2022-09-29,915994,False,,-30372.36946,96
4514,433440,7123.93,2022-10-12,783561,False,,-22201.601076,96
4515,433536,7125.36,2022-10-26,236754,False,,-23214.555103,96
4516,433632,7126.52,2022-11-23,796511,False,,-25610.217767,96
4517,433728,7127.92,2022-12-07,953260,False,,-15877.099089,96
4518,433824,7129.26,2022-12-17,288517,False,,-17502.0055,96
4519,433920,7130.52,2022-12-28,598673,False,,-13661.372845,96
4520,434016,7131.94,2022-01-24,641608,False,,-32143.411731,96
4521,434112,7133.52,2022-02-07,681479,False,,-21571.46149,96
4522,434208,7134.85,2022-02-21,633069,False,,-27874.098037,96
4523,434304,7136.22,2022-03-19,270284,False,,-19255.397484,96
4524,434400,7137.61,2022-04-13,396834,False,,-29393.758279,96
4525,434496,7139.0,2022-04-27,179000,False,,-30374.932901,96
4526,434592,7140.3,2022-05-09,581436,False,,-19910.450318,96
4527,434688,7141.63,2022-06-04,651713,False,,-13184.424012,96
4528,434784,7143.08,2022-06-22,662942,False,,-22483.027243,96
4529,434880,7144.51,2022-07-26,339267,False,,-14491.843677,96
4530,434976,7146.09,2022-08-03,691169,False,,-15533.313982,96
4531,435072,7147.42,2022-08-17,809178,False,,-16619.338011,96
4532,435168,7148.74,2022-09-07,787682,False,,-19811.739553,96
4533,435264,7150.22,2022-09-29,333493,False,,-15897.164536,96
4534,435360,7151.51,2022-10-12,620702,False,,-30294.019722,96
4535,435456,7152.73,2022-10-26,749850,False,,-11678.623646,96
4536,435552,7154.14,2022-11-23,566703,False,,-17588.794576,96
4537,435648,7155.2,2022-12-07,724433,False,,-25219.506866,96
4538,435744,7156.64,2022-12-17,521834,False,,-43598.949093,96
4539,435840,7157.98,2022-12-28,77578,False,,-21767.427548,96
4540,435936,7159.37,2022-01-24,384673,False,,-10982.223227,96
4541,436032,7160.75,2022-02-07,964730,False,,-15300.854224,96
4542,436128,7162.12,2022-02-21,410399,False,,-34392.982542,96
4543,436224,7163.47,2022-03-19,363987,False,,-22789.847878,96
4544,436320,7165.03,2022-04-13,306532,False,,-33818.30185,96
4545,436416,7166.3,2022-04-27,333902,False,,-15293.879205,96
4546,436512,7167.74,2022-05-09,733262,False,,-14621.397575,96
4547,436608,7169.12,2022-06-04,397059,False,,-17167.281435,96
4548,436704,7170.35,2022-06-22,209146,False,,-13284.145765,96
4549,436800,7171.81,2022-07-26,229822,False,,-20268.003813,96
4550,436896,7173.2,2022-08-03,198844,False,,-19395.081983,96
4551,436992,7174.5,2022-08-17,764014,False,,-18562.558194,96
4552,437088,7175.96,2022-09-07,790427,False,,-13876.992645,96
4553,437184,7177.52,2022-09-29,507774,False,,-15732.071615,96
4554,437280,7178.91,2022-10-12,321213,False,,-19236.953068,96
4555,437376,7180.5,2022-10-26,495653,False,,-13918.38201,96
4556,437472,7181.82,2022-11-23,850967,False,,-27323.052677,96
4557,437568,7183.15,2022-12-07,993230,False,,-20989.528907,96
4558,437664,7184.72,2022-12-17,514923,False,,-27853.108742,96
4559,437760,7186.01,2022-12-28,490069,False,,-35821.176202,96
4560,437856,7187.43,2022-01-24,533313,False,,-41889.817777,96
4561,437952,7188.93,2022-02-07,487931,False,,-22648.576397,96
4562,438048,7190.12,2022-02-21,433107,False,,-20780.147878,96
4563,438144,7191.62,2022-03-19,158241,False,,-17921.232338,96
4564,438240,7193.08,2022-04-13,818370,False,,-31995.857576,96
4565,438336,7194.46,2022-04-27,222051,False,,-46120.634019,96
4566,438432,7195.68,2022-05-09,276452,False,,-14294.295878,96
4567,438528,7196.86,2022-06-04,808269,False,,-11842.816517,96
4568,438624,7198.28,2022-06-22,541392,False,,-31655.138535,96
4569,438720,7199.72,2022-07-26,304461,False,,-20631.308589,96
4570,438816,7201.14,2022-08-03,525917,False,,-19211.340315,96
4571,438912,7202.3,2022-08-17,208455,False,,-20801.886824,96
4572,439008,7203.66,2022-09-07,173210,False,,-22242.17003,96
4573,439104,7204.9,2022-09-29,640869,False,,-32566.064853,96
4574,439200,7206.28,2022-10-12,762623,False,,-21466.300605,96
4575,439296,7207.68,2022-10-26,312357,False,,-66164.065703,96
4576,439392,7208.91,2022-11-23,336787,False,,-33343.376549,96
4577,439488,7210.38,2022-12-07,628849,False,,-13099.826027,96
4578,439584,7211.74,2022-12-17,170849,False,,-11813.466466,96
4579,439680,7213.14,2022-12-28,507486,False,,-13659.608852,96
4580,439776,7214.51,2022-01-24,950527,False,,-32552.513926,96
4581,439872,7215.8,2022-02-07,857828,False,,-13562.025622,96
4582,439968,7217.21,2022-02-21,598996,False,,-41732.612836,96
4583,440064,7232.11,2022-03-19,781676,False,,-16075.773778,96
4584,440160,7233.48,2022-04-13,538115,False,,-26863.811449,96
4585,440256,7234.8,2022-04-27,773615,False,,-13204.984227,96
4586,440352,7236.26,2022-05-09,866538,False,,-27404.371497,96
4587,440448,7237.73,2022-06-04,857379,False,,-22724.713466,96
4588,440544,7239.17,2022-06-22,246968,False,,-18970.016664,96
4589,440640,7240.5,2022-07-26,224886,False,,-23124.382189,96
4590,440736,7241.81,2022-08-03,847422,False,,-28486.004054,96
4591,440832,7243.17,2022-08-17,706641,False,,-40234.179618,96
4592,440928,7244.68,2022-09-07,57280,False,,-13407.228263,96
4593,441024,7246.01,2022-09-29,374195,False,,-19208.848327,96
4594,441120,7247.38,2022-10-12,854912,False,,-59778.995213,96
4595,441216,7248.57,2022-10-26,766957,False,,-26407.878725,96
4596,441312,7249.98,2022-11-23,634277,False,,-31964.142649,96
4597,441408,7251.42,2022-12-07,183122,False,,-22367.913959,96
4598,441504,7252.63,2022-12-17,235527,False,,-38186.563318,96
4599,441600,7254.09,2022-12-28,914020,False,,-34466.422568,96
4600,441696,7255.51,2022-01-24,128711,False,,-23543.067812,96
4601,441792,7256.73,2022-02-07,395569,False,,-31684.000224,96
4602,441888,7258.12,2022-02-21,383921,False,,-24498.181961,96
4603,441984,7259.31,2022-03-19,587964,False,,-26801.943405,96
4604,442080,7260.75,2022-04-13,362896,False,,-14907.722251,96
4605,442176,7262.08,2022-04-27,652246,False,,-28023.097978,96
4606,442272,7263.64,2022-05-09,104360,False,,-25308.41909,96
4607,442368,7265.08,2022-06-04,400133,False,,-13502.660806,96
4608,442464,7266.38,2022-06-22,900800,False,,-27458.019961,96
4609,442560,7267.76,2022-07-26,902,False,,-31754.997828,96
4610,442656,7269.14,2022-08-03,454577,False,,-29046.783344,96
4611,442752,7270.78,2022-08-17,240699,False,,-15555.634544,96
4612,442848,7272.26,2022-09-07,31922,False,,-21223.183806,96
4613,442944,7273.83,2022-09-29,242271,False,,-19523.01977,96
4614,443040,7275.45,2022-10-12,298652,False,,-8629.677129,96
4615,443136,7276.86,2022-10-26,977391,False,,-20493.906939,96
4616,443232,7278.39,2022-11-23,505772,False,,-21702.529327,96
4617,443328,7279.73,2022-12-07,701840,False,,-35682.171802,96
4618,443424,7281.01,2022-12-17,833322,False,,-24523.33834,96
4619,443520,7282.35,2022-12-28,38355,False,,-33801.970011,96
4620,443616,7283.84,2022-01-24,709914,False,,-24995.976475,96
4621,443712,7285.28,2022-02-07,44703,False,,-21588.073241,96
4622,443808,7286.84,2022-02-21,538832,False,,-26021.938455,96
4623,443904,7288.06,2022-03-19,193422,False,,-35052.752165,96
4624,444000,7289.58,2022-04-13,407112,False,,-42313.246516,96
4625,444096,7291.03,2022-04-27,566270,False,,-12382.085552,96
4626,444192,7292.58,2022-05-09,609535,False,,-19439.938196,96
4627,444288,7293.87,2022-06-04,469322,False,,-12289.50017,96
4628,444384,7295.27,2022-06-22,113303,False,,-26877.906406,96
4629,444480,7296.47,2022-07-26,721264,False,,-35614.482879,96
4630,444576,7297.87,2022-08-03,634784,False,,-22966.100532,96
4631,444672,7299.15,2022-08-17,932800,False,,-32153.788667,96
4632,444768,7300.27,2022-09-07,370253,False,,-21216.279223,96
4633,444864,7301.83,2022-09-29,919720,False,,-37252.971652,96
4634,444960,7303.2,2022-10-12,316410,False,,-34936.821336,96
4635,445056,7304.64,2022-10-26,211194,False,,-18703.743816,96
4636,445152,7306.04,2022-11-23,867207,False,,-15465.950882,96
4637,445248,7307.48,2022-12-07,151763,False,,-27399.587514,96
4638,445344,7309.02,2022-12-17,109566,False,,-9349.941495,96
4639,445440,7310.4,2022-12-28,476885,False,,-24829.555484,96
4640,445536,7311.91,2022-01-24,284420,False,,-24865.121897,96
4641,445632,7313.38,2022-02-07,436938,False,,-14492.279797,96
4642,445728,7314.86,2022-02-21,427385,False,,-25142.921194,96
4643,445824,7316.35,2022-03-19,662994,False,,-28841.022164,96
4644,445920,7317.61,2022-04-13,254074,False,,-19437.27488,96
4645,446016,7319.13,2022-04-27,637542,False,,-26846.917219,96
4646,446112,7320.5,2022-05-09,279936,False,,-30536.978104,96
4647,446208,7321.76,2022-06-04,181960,False,,-15028.239193,96
4648,446304,7323.03,2022-06-22,260409,False,,-30313.489204,96
4649,446400,7324.37,2022-07-26,666336,False,,-23240.088279,96
4650,446496,7325.82,2022-08-03,487373,False,,-20188.296008,96
4651,446592,7327.14,2022-08-17,827196,False,,-12391.724932,96
4652,446688,7328.59,2022-09-07,780456,False,,-20850.174285,96
4653,446784,7329.91,2022-09-29,563786,False,,-24855.033441,96
4654,446880,7331.4,2022-10-12,280982,False,,-13610.501963,96
4655,446976,7332.71,2022-10-26,625419,False,,-18483.191172,96
4656,447072,7334.23,2022-11-23,57278,False,,-45299.86525,96
4657,447168,7335.58,2022-12-07,912780,False,,-18392.038903,96
4658,447264,7337.03,2022-12-17,647540,False,,-21403.43329,96
4659,447360,7338.44,2022-12-28,514723,False,,-32582.313577,96
4660,447456,7339.99,2022-01-24,760783,False,,-19798.981301,96
4661,447552,7341.38,2022-02-07,878684,False,,-29531.137808,96
4662,447648,7342.57,2022-02-21,265829,False,,-12040.247345,96
4663,447744,7343.83,2022-03-19,968510,False,,-12675.591813,96
4664,447840,7345.25,2022-04-13,532599,False,,-24716.248448,96
4665,447936,7346.63,2022-04-27,269582,False,,-22578.306137,96
4666,448032,7348.06,2022-05-09,415743,False,,-37416.198727,96
4667,448128,7349.56,2022-06-04,204381,False,,-32478.998058,96
4668,448224,7350.91,2022-06-22,167678,False,,-17131.557395,96
4669,448320,7352.31,2022-07-26,202850,False,,-25125.559353,96
4670,448416,7353.91,2022-08-03,845976,False,,-12238.384597,96
4671,448512,7355.31,2022-08-17,718073,False,,-30230.807252,96
4672,448608,7356.93,2022-09-07,550633,False,,-26772.226814,96
4673,448704,7358.49,2022-09-29,390905,False,,-13319.06747,96
4674,448800,7359.9,2022-10-12,653069,False,,-19913.459433,96
4675,448896,7361.34,2022-10-26,374266,False,,-13428.148696,96
4676,448992,7362.9,2022-11-23,34006,False,,-24106.422727,96
4677,449088,7364.33,2022-12-07,572093,False,,-22563.408716,96
4678,449184,7365.78,2022-12-17,792905,False,,-16105.126814,96
4679,449280,7367.08,2022-12-28,233272,False,,-42955.291233,96
4680,449376,7368.47,2022-01-24,558305,False,,-10568.670779,96
4681,449472,7369.71,2022-02-07,675394,False,,-20645.930681,96
4682,449568,7371.02,2022-02-21,975526,False,,-37450.984491,96
4683,449664,7372.4,2022-03-19,137118,False,,-36097.201394,96
4684,449760,7374.0,2022-04-13,784495,False,,-24801.652761,96
4685,449856,7375.35,2022-04-27,60902,False,,-24937.313662,96
4686,449952,7376.57,2022-05-09,638515,False,,-11598.848442,96
4687,450048,7390.89,2022-06-04,82620,False,,-25794.376499,96
4688,450144,7392.35,2022-06-22,102113,False,,-15149.436768,96
4689,450240,7393.78,2022-07-26,836094,False,,-14515.7751,96
4690,450336,7395.2,2022-08-03,841121,False,,-16282.645051,96
4691,450432,7396.58,2022-08-17,506940,False,,-23325.566199,96
4692,450528,7398.09,2022-09-07,228114,False,,-21786.070737,96
4693,450624,7399.66,2022-09-29,343470,False,,-18858.953956,96
4694,450720,7401.03,2022-10-12,808343,False,,-16669.586817,96
4695,450816,7402.42,2022-10-26,226847,False,,-16194.968467,96
4696,450912,7403.78,2022-11-23,300159,False,,-21388.52485,96
4697,451008,7405.25,2022-12-07,372733,False,,-21531.978508,96
4698,451104,7406.63,2022-12-17,233623,False,,-23497.00943,96
4699,451200,7408.05,2022-12-28,192385,False,,-56583.792696,96
4700,451296,7409.45,2022-01-24,255715,False,,-20676.112508,96
4701,451392,7410.91,2022-02-07,122285,False,,-29111.252524,96
4702,451488,7412.48,2022-02-21,166849,False,,-22643.820691,96
4703,451584,7413.82,2022-03-19,542009,False,,-20287.687439,96
4704,451680,7415.09,2022-04-13,435396,False,,-16575.227529,96
4705,451776,7416.48,2022-04-27,88178,False,,-21533.740175,96
4706,451872,7417.69,2022-05-09,431468,False,,-46042.090338,96
4707,451968,7419.02,2022-06-04,644741,False,,-22050.793656,96
4708,452064,7420.33,2022-06-22,309269,False,,-28398.422204,96
4709,452160,7421.85,2022-07-26,745563,False,,-14971.624764,96
4710,452256,7423.13,2022-08-03,437137,False,,-31551.908966,96
4711,452352,7424.67,2022-08-17,718786,False,,-19810.091121,96
4712,452448,7425.84,2022-09-07,839378,False,,-21274.320935,96
4713,452544,7427.28,2022-09-29,575779,False,,-16636.63427,96
4714,452640,7428.55,2022-10-12,615512,False,,-20460.389262,96
4715,452736,7430.15,2022-10-26,316338,False,,-16569.054418,96
4716,452832,7431.57,2022-11-23,72949,False,,-21964.691767,96
4717,452928,7432.94,2022-12-07,224431,False,,-12106.900007,96
4718,453024,7434.43,2022-12-17,331281,False,,-27396.267999,96
4719,453120,7435.71,2022-12-28,31529,False,,-23182.114224,96
4720,453216,7437.15,2022-01-24,538324,False,,-28626.164001,96
4721,453312,7438.54,2022-02-07,987584,False,,-20228.675561,96
4722,453408,7439.79,2022-02-21,405077,False,,-19269.498952,96
4723,453504,7441.0,2022-03-19,288862,False,,-17874.806805,96
4724,453600,7442.51,2022-04-13,555187,False,,-19282.813469,96
4725,453696,7443.88,2022-04-27,863075,False,,-36253.062514,96
4726,453792,7445.48,2022-05-09,976689,False,,-18732.42138,96
4727,453888,7447.07,2022-06-04,122421,False,,-29683.36719,96
4728,453984,7448.54,2022-06-22,684025,False,,-9120.175418,96
4729,454080,7449.7,2022-07-26,630857,False,,-26189.679877,96
4730,454176,7451.1,2022-08-03,621023,False,,-21690.70611,96
4731,454272,7452.5,2022-08-17,251936,False,,-25321.193288,96
4732,454368,7453.96,2022-09-07,946876,False,,-50579.788137,96
4733,454464,7455.46,2022-09-29,349528,False,,-7898.410215,96
4734,454560,7456.94,2022-10-12,617904,False,,-19073.28085,96
4735,454656,7458.26,2022-10-26,985959,False,,-46025.239986,96
4736,454752,7459.74,2022-11-23,24898,False,,-12050.714124,96
4737,454848,7461.12,2022-12-07,675071,False,,-24608.947008,96
4738,454944,7462.49,2022-12-17,448573,False,,-13448.724686,96
4739,455040,7463.89,2022-12-28,901386,False,,-15498.698775,96
4740,455136,7465.19,2022-01-24,940389,False,,-25071.509286,96
4741,455232,7466.53,2022-02-07,119205,False,,-28023.336581,96
4742,455328,7468.07,2022-02-21,785961,False,,-17322.45347,96
4743,455424,7469.54,2022-03-19,631332,False,,-13327.460896,96
4744,455520,7470.99,2022-04-13,121360,False,,-15411.726813,96
4745,455616,7472.53,2022-04-27,789318,False,,-45097.669022,96
4746,455712,7473.98,2022-05-09,967973,False,,-34657.187474,96
4747,455808,7475.48,2022-06-04,27687,False,,-27563.885293,96
4748,455904,7477.05,2022-06-22,626135,False,,-53692.674718,96
4749,456000,7478.5,2022-07-26,303735,False,,-36653.769713,96
4750,456096,7479.78,2022-08-03,482006,False,,-21310.394734,96
4751,456192,7481.24,2022-08-17,983322,False,,-10869.241714,96
4752,456288,7482.68,2022-09-07,501783,False,,-33204.302585,96
4753,456384,7484.19,2022-09-29,894754,False,,-26155.780403,96
4754,456480,7485.69,2022-10-12,499851,False,,-14400.112763,96
4755,456576,7487.21,2022-10-26,139728,False,,-49850.493006,96
4756,456672,7488.46,2022-11-23,907734,False,,-11157.866591,96
4757,456768,7489.86,2022-12-07,918913,False,,-20345.944415,96
4758,456864,7491.31,2022-12-17,104690,False,,-20107.617002,96
4759,456960,7492.67,2022-12-28,265935,False,,-27526.439865,96
4760,457056,7493.94,2022-01-24,687768,False,,-23493.970839,96
4761,457152,7495.33,2022-02-07,15024,False,,-20376.196305,96
4762,457248,7496.71,2022-02-21,697485,False,,-24599.847565,96
4763,457344,7498.06,2022-03-19,333041,False,,-23050.273215,96
4764,457440,7499.45,2022-04-13,838913,False,,-39821.755642,96
4765,457536,7500.94,2022-04-27,896483,False,,-10844.700268,96
4766,457632,7502.4,2022-05-09,399115,False,,-11876.394507,96
4767,457728,7503.84,2022-06-04,284613,False,,-10966.188927,96
4768,457824,7505.38,2022-06-22,861239,False,,-22102.499914,96
4769,457920,7506.64,2022-07-26,754166,False,,-12207.747067,96
4770,458016,7508.11,2022-08-03,298454,False,,-21338.952371,96
4771,458112,7509.7,2022-08-17,877243,False,,-21312.48883,96
4772,458208,7511.14,2022-09-07,802689,False,,-17638.509625,96
4773,458304,7512.47,2022-09-29,226477,False,,-19002.84059,96
4774,458400,7513.9,2022-10-12,640744,False,,-31292.190845,96
4775,458496,7515.17,2022-10-26,781284,False,,-20971.657147,96
4776,458592,7516.53,2022-11-23,837889,False,,-26669.196759,96
4777,458688,7517.8,2022-12-07,17599,False,,-14925.362863,96
4778,458784,7519.03,2022-12-17,690451,False,,-51098.106401,96
4779,458880,7520.51,2022-12-28,403177,False,,-27253.024521,96
4780,458976,7522.03,2022-01-24,435190,False,,-22685.790863,96
4781,459072,7523.4,2022-02-07,594708,False,,-17832.343962,96
4782,459168,7524.95,2022-02-21,268277,False,,-19066.993268,96
4783,459264,7526.35,2022-03-19,548443,False,,-19710.121457,96
4784,459360,7527.84,2022-04-13,399030,False,,-17836.195868,96
4785,459456,7529.21,2022-04-27,476329,False,,-22253.556359,96
4786,459552,7530.61,2022-05-09,626331,False,,-15635.92546,96
4787,459648,7532.22,2022-06-04,161310,False,,-25680.379323,96
4788,459744,7533.83,2022-06-22,6207,False,,-12962.359155,96
4789,459840,7534.99,2022-07-26,85803,False,,-19267.145863,96
4790,459936,7536.26,2022-08-03,90608,False,,-35768.997466,96
4791,460032,7550.37,2022-08-17,501097,False,,-37389.315876,96
4792,460128,7551.79,2022-09-07,653331,False,,-17674.119068,96
4793,460224,7553.08,2022-09-29,569716,False,,-20051.968424,96
4794,460320,7554.56,2022-10-12,494168,False,,-24290.918856,96
4795,460416,7555.91,2022-10-26,792074,False,,-22057.302832,96
4796,460512,7557.22,2022-11-23,32863,False,,-25266.457899,96
4797,460608,7558.66,2022-12-07,3215,False,,-14959.256749,96
4798,460704,7560.0,2022-12-17,448384,False,,-27132.421782,96
4799,460800,7561.4,2022-12-28,925119,False,,-19933.328129,96
4800,460896,7562.83,2022-01-24,639342,False,,-23441.033631,96
4801,460992,7564.06,2022-02-07,60272,False,,-9467.168506,96
4802,461088,7565.42,2022-02-21,651939,False,,-23846.718366,96
4803,461184,7566.57,2022-03-19,376330,False,,-32054.92831,96
4804,461280,7568.03,2022-04-13,882664,False,,-23891.247359,96
4805,461376,7569.55,2022-04-27,489287,False,,-22926.874927,96
4806,461472,7571.04,2022-05-09,654917,False,,-19117.46127,96
4807,461568,7572.51,2022-06-04,668334,False,,-25114.564131,96
4808,461664,7573.98,2022-06-22,874339,False,,-34247.451651,96
4809,461760,7575.12,2022-07-26,387513,False,,-17598.292799,96
4810,461856,7576.7,2022-08-03,860550,False,,-21955.209348,96
4811,461952,7578.33,2022-08-17,764345,False,,-25133.328473,96
4812,462048,7579.89,2022-09-07,316296,False,,-23518.068098,96
4813,462144,7581.52,2022-09-29,178755,False,,-25542.457362,96
4814,462240,7582.94,2022-10-12,371208,False,,-30759.591805,96
4815,462336,7584.43,2022-10-26,283830,False,,-11392.407616,96
4816,462432,7585.87,2022-11-23,253502,False,,-20269.456369,96
4817,462528,7587.18,2022-12-07,305515,False,,-27727.570575,96
4818,462624,7588.38,2022-12-17,51882,False,,-8701.828317,96
4819,462720,7589.73,2022-12-28,387774,False,,-43005.369336,96
4820,462816,7591.12,2022-01-24,716820,False,,-21683.275183,96
4821,462912,7592.63,2022-02-07,976903,False,,-26733.970992,96
4822,463008,7594.1,2022-02-21,226172,False,,-19868.462815,96
4823,463104,7595.62,2022-03-19,276206,False,,-19404.968655,96
4824,463200,7597.1,2022-04-13,185399,False,,-23718.333455,96
4825,463296,7598.56,2022-04-27,177296,False,,-16652.13687,96
4826,463392,7599.8,2022-05-09,203960,False,,-31825.594057,96
4827,463488,7601.14,2022-06-04,751995,False,,-12992.312477,96
4828,463584,7602.52,2022-06-22,682339,False,,-23073.447148,96
4829,463680,7604.09,2022-07-26,508330,False,,-21356.612567,96
4830,463776,7605.44,2022-08-03,449851,False,,-27884.955419,96
4831,463872,7606.95,2022-08-17,328602,False,,-11618.348424,96
4832,463968,7608.25,2022-09-07,310491,False,,-6237.619731,96
4833,464064,7609.75,2022-09-29,724267,False,,-20792.549405,96
4834,464160,7611.16,2022-10-12,757888,False,,-28313.405805,96
4835,464256,7612.71,2022-10-26,737744,False,,-18136.328359,96
4836,464352,7614.17,2022-11-23,993596,False,,-25711.031577,96
4837,464448,7615.49,2022-12-07,583879,False,,-27795.030163,96
4838,464544,7616.97,2022-12-17,168116,False,,-16067.367866,96
4839,464640,7618.35,2022-12-28,797915,False,,-32199.870891,96
4840,464736,7619.82,2022-01-24,332651,False,,-24040.604738,96
4841,464832,7621.3,2022-02-07,436720,False,,-18316.351515,96
4842,464928,7622.87,2022-02-21,60380,False,,-19678.387213,96
4843,465024,7624.31,2022-03-19,815392,False,,-25132.160338,96
4844,465120,7625.42,2022-04-13,460665,False,,-20551.216765,96
4845,465216,7627.05,2022-04-27,751063,False,,-27254.345834,96
4846,465312,7628.4,2022-05-09,319018,False,,-17881.437721,96
4847,465408,7629.9,2022-06-04,33335,False,,-40584.735164,96
4848,465504,7631.46,2022-06-22,934600,False,,-25297.270015,96
4849,465600,7632.86,2022-07-26,902588,False,,-10114.711342,96
4850,465696,7634.29,2022-08-03,472709,False,,-21632.66232,96
4851,465792,7635.49,2022-08-17,267689,False,,-19543.37234,96
4852,465888,7636.83,2022-09-07,612558,False,,-11530.80105,96
4853,465984,7638.23,2022-09-29,60697,False,,-17443.158472,96
4854,466080,7639.54,2022-10-12,223708,False,,-34314.065008,96
4855,466176,7640.94,2022-10-26,885872,False,,-15835.243695,96
4856,466272,7642.32,2022-11-23,491994,False,,-15315.715163,96
4857,466368,7643.64,2022-12-07,144290,False,,-31230.417586,96
4858,466464,7644.88,2022-12-17,413489,False,,-11324.817237,96
4859,466560,7646.37,2022-12-28,414604,False,,-46064.603616,96
4860,466656,7647.93,2022-01-24,335840,False,,-13955.654402,96
4861,466752,7649.3,2022-02-07,116506,False,,-32379.45078,96
4862,466848,7650.74,2022-02-21,788850,False,,-20444.651626,96
4863,466944,7652.01,2022-03-19,95040,False,,-24842.614162,96
4864,467040,7653.35,2022-04-13,756811,False,,-16715.530109,96
4865,467136,7654.69,2022-04-27,230518,False,,-25437.65804,96
4866,467232,7656.05,2022-05-09,468568,False,,-18993.529594,96
4867,467328,7657.42,2022-06-04,502895,False,,-17147.384516,96
4868,467424,7658.83,2022-06-22,828244,False,,-25963.881357,96
4869,467520,7660.59,2022-07-26,943601,False,,-22238.751287,96
4870,467616,7661.88,2022-08-03,108688,False,,-29224.050734,96
4871,467712,7663.25,2022-08-17,461101,False,,-25419.539841,96
4872,467808,7664.7,2022-09-07,968459,False,,-19297.773311,96
4873,467904,7666.02,2022-09-29,556945,False,,-26114.389624,96
4874,468000,7667.63,2022-10-12,794089,False,,-13264.610689,96
4875,468096,7669.05,2022-10-26,225618,False,,-15859.465998,96
4876,468192,7670.51,2022-11-23,65585,False,,-24390.868681,96
4877,468288,7671.97,2022-12-07,118739,False,,-34551.706161,96
4878,468384,7673.44,2022-12-17,428545,False,,-10406.062817,96
4879,468480,7674.83,2022-12-28,324275,False,,-20109.710966,96
4880,468576,7676.03,2022-01-24,374756,False,,-15789.755205,96
4881,468672,7677.3,2022-02-07,379218,False,,-22231.466356,96
4882,468768,7678.48,2022-02-21,314473,False,,-18591.707279,96
4883,468864,7680.01,2022-03-19,984173,False,,-37204.986979,96
4884,468960,7681.56,2022-04-13,471673,False,,-20727.294324,96
4885,469056,7683.01,2022-04-27,923879,False,,-16566.25945,96
4886,469152,7684.54,2022-05-09,262061,False,,-11091.926893,96
4887,469248,7685.9,2022-06-04,297203,False,,-12417.046224,96
4888,469344,7687.37,2022-06-22,296111,False,,-20265.312466,96
4889,469440,7688.98,2022-07-26,350360,False,,-45812.954551,96
4890,469536,7690.25,2022-08-03,320022,False,,-53966.634831,96
4891,469632,7691.68,2022-08-17,950851,False,,-29113.37557,96
4892,469728,7693.0,2022-09-07,494980,False,,-28904.219444,96
4893,469824,7694.28,2022-09-29,19635,False,,-17133.873605,96
4894,469920,7695.66,2022-10-12,150613,False,,-10494.618337,96
4895,470016,7710.21,2022-10-26,227492,False,,-16900.906084,96
4896,470112,7711.52,2022-11-23,990922,False,,-19118.020367,96
4897,470208,7712.9,2022-12-07,266369,False,,-17127.05571,96
4898,470304,7714.29,2022-12-17,28696,False,,-23589.009634,96
4899,470400,7715.69,2022-12-28,180733,False,,-25928.324865,96
4900,470496,7717.07,2022-01-24,128442,False,,-24945.215451,96
4901,470592,7718.39,2022-02-07,97913,False,,-19615.341586,96
4902,470688,7719.66,2022-02-21,213459,False,,-21681.235459,96
4903,470784,7721.12,2022-03-19,817820,False,,-32201.309844,96
4904,470880,7722.65,2022-04-13,20838,False,,-16057.020942,96
4905,470976,7724.18,2022-04-27,181602,False,,-26591.558683,96
4906,471072,7725.48,2022-05-09,423141,False,,-16734.47679,96
4907,471168,7726.92,2022-06-04,174316,False,,-15101.723901,96
4908,471264,7728.27,2022-06-22,843835,False,,-27801.633086,96
4909,471360,7729.7,2022-07-26,792448,False,,-18102.027741,96
4910,471456,7731.16,2022-08-03,20083,False,,-30842.752086,96
4911,471552,7732.72,2022-08-17,686284,False,,-33644.722502,96
4912,471648,7734.16,2022-09-07,364750,False,,-18552.845864,96
4913,471744,7735.64,2022-09-29,774125,False,,-14245.502398,96
4914,471840,7736.86,2022-10-12,403760,False,,-29904.898176,96
4915,471936,7738.41,2022-10-26,981493,False,,-21560.147556,96
4916,472032,7740.02,2022-11-23,101608,False,,-26086.936267,96
4917,472128,7741.11,2022-12-07,159998,False,,-22726.783153,96
4918,472224,7742.5,2022-12-17,594332,False,,-21042.068954,96
4919,472320,7744.1,2022-12-28,73625,False,,-12924.474605,96
4920,472416,7745.45,2022-01-24,808004,False,,-19713.748194,96
4921,472512,7747.03,2022-02-07,810510,False,,-31847.60518,96
4922,472608,7748.29,2022-02-21,722943,False,,-30950.231743,96
4923,472704,7749.71,2022-03-19,190744,False,,-15956.094196,96
4924,472800,7750.95,2022-04-13,945269,False,,-27791.8867,96
4925,472896,7752.39,2022-04-27,673528,False,,-14053.506502,96
4926,472992,7753.59,2022-05-09,489647,False,,-24743.801587,96
4927,473088,7754.87,2022-06-04,528025,False,,-13782.926054,96
4928,473184,7756.41,2022-06-22,743608,False,,-20063.736214,96
4929,473280,7757.75,2022-07-26,716919,False,,-27577.691907,96
4930,473376,7759.06,2022-08-03,963941,False,,-45101.998607,96
4931,473472,7760.49,2022-08-17,412283,False,,-21197.675083,96
4932,473568,7761.9,2022-09-07,649742,False,,-15107.596547,96
4933,473664,7763.4,2022-09-29,874252,False,,-26281.734308,96
4934,473760,7764.74,2022-10-12,500171,False,,-25006.218288,96
4935,473856,7766.23,2022-10-26,103825,False,,-15775.524638,96
4936,473952,7767.56,2022-11-23,679029,False,,-17506.792088,96
4937,474048,7769.08,2022-12-07,168969,False,,-23409.861871,96
4938,474144,7770.5,2022-12-17,49154,False,,-12058.423041,96
4939,474240,7772.02,2022-12-28,929338,False,,-25947.983737,96
4940,474336,7773.19,2022-01-24,336717,False,,-20017.885508,96
4941,474432,7774.76,2022-02-07,297899,False,,-32872.133871,96
4942,474528,7776.24,2022-02-21,843408,False,,-11830.529802,96
4943,474624,7777.76,2022-03-19,553782,False,,-19340.135402,96
4944,474720,7779.09,2022-04-13,255344,False,,-30406.665952,96
4945,474816,7780.44,2022-04-27,888183,False,,-23010.643528,96
4946,474912,7781.53,2022-05-09,335992,False,,-29866.223487,96
4947,475008,7783.07,2022-06-04,278081,False,,-13467.180328,96
4948,475104,7784.54,2022-06-22,312302,False,,-15676.649367,96
4949,475200,7785.69,2022-07-26,957125,False,,-18460.420838,96
4950,475296,7787.07,2022-08-03,737308,False,,-25599.05119,96
4951,475392,7788.5,2022-08-17,421261,False,,-27573.534064,96
4952,475488,7789.9,2022-09-07,301975,False,,-41938.083941,96
4953,475584,7791.31,2022-09-29,788200,False,,-41812.653616,96
4954,475680,7792.59,2022-10-12,522263,False,,-35681.013472,96
4955,475776,7794.1,2022-10-26,699361,False,,-19254.603032,96
4956,475872,7795.5,2022-11-23,467859,False,,-24657.629941,96
4957,475968,7797.03,2022-12-07,999355,False,,-17078.942787,96
4958,476064,7798.32,2022-12-17,815462,False,,-21913.743971,96
4959,476160,7799.77,2022-12-28,635454,False,,-36333.708303,96
4960,476256,7801.17,2022-01-24,679731,False,,-22702.672717,96
4961,476352,7802.72,2022-02-07,894395,False,,-23107.893389,96
4962,476448,7804.2,2022-02-21,381428,False,,-17348.942367,96
4963,476544,7805.71,2022-03-19,747855,False,,-10993.494017,96
4964,476640,7807.21,2022-04-13,167545,False,,-19616.555527,96
4965,476736,7808.54,2022-04-27,215766,False,,-19661.209554,96
4966,476832,7810.02,2022-05-09,89122,False,,-21998.470467,96
4967,476928,7811.56,2022-06-04,755787,False,,-19752.199607,96
4968,477024,7812.94,2022-06-22,321557,False,,-23878.872297,96
4969,477120,7814.18,2022-07-26,523213,False,,-22765.276915,96
4970,477216,7815.63,2022-08-03,935671,False,,-33044.463878,96
4971,477312,7817.05,2022-08-17,32673,False,,-26444.197834,96
4972,477408,7818.49,2022-09-07,247431,False,,-16219.304869,96
4973,477504,7820.01,2022-09-29,604223,False,,-18651.614385,96
4974,477600,7821.41,2022-10-12,569859,False,,-28922.950047,96
4975,477696,7822.8,2022-10-26,44717,False,,-20562.216198,96
4976,477792,7824.25,2022-11-23,767686,False,,-15917.770457,96
4977,477888,7825.56,2022-12-07,680292,False,,-19216.816272,96
4978,477984,7826.95,2022-12-17,395373,False,,-32028.634592,96
4979,478080,7828.38,2022-12-28,850498,False,,-18613.69311,96
4980,478176,7829.77,2022-01-24,113127,False,,-34519.185971,96
4981,478272,7831.12,2022-02-07,697074,False,,-22597.88831,96
4982,478368,7832.4,2022-02-21,618470,False,,-35324.819155,96
4983,478464,7833.59,2022-03-19,184200,False,,-23036.181906,96
4984,478560,7835.04,2022-04-13,255899,False,,-12514.968808,96
4985,478656,7836.33,2022-04-27,995034,False,,-49071.437024,96
4986,478752,7837.73,2022-05-09,186608,False,,-19581.735234,96
4987,478848,7839.16,2022-06-04,848558,False,,-23591.668728,96
4988,478944,7840.63,2022-06-22,325424,False,,-32214.86633,96
4989,479040,7842.27,2022-07-26,535235,False,,-19091.063773,96
4990,479136,7843.89,2022-08-03,517188,False,,-20809.085032,96
4991,479232,7845.3,2022-08-17,300963,False,,-20305.347251,96
4992,479328,7846.69,2022-09-07,25880,False,,-20174.014249,96
4993,479424,7848.19,2022-09-29,280181,False,,-20562.207485,96
4994,479520,7849.61,2022-10-12,598037,False,,-17853.260753,96
4995,479616,7851.15,2022-10-26,179448,False,,-25706.263963,96
4996,479712,7852.58,2022-11-23,509354,False,,-20790.24265,96
4997,479808,7853.93,2022-12-07,465754,False,,-20620.419598,96
4998,479904,7854.98,2022-12-17,414946,False,,-23023.682642,96
4999,480000,7856.38,2022-12-28,22785,False,,-20353.06554,96
