episode_index,timesteps_at_end,wall_clock_s,train_day,train_scenario_seed,scenario_seed_in_eval_seeds,rejected_eval_seed_draws,episode_reward_raw,episode_length
0,96,0.85,2022-01-24,101,False,,-16779.799325,96
1,192,1.58,2022-02-07,8024,False,,-18822.380243,96
2,288,2.39,2022-02-21,878295,False,,-20274.616285,96
3,384,3.08,2022-03-19,678190,False,,-17630.103335,96
4,480,3.86,2022-04-13,916974,False,,-23177.520962,96
5,576,5.31,2022-04-27,464809,False,,-10593.078763,96
6,672,6.76,2022-05-09,423367,False,,-29925.851169,96
7,768,8.26,2022-06-04,772895,False,,-22915.203369,96
8,864,9.82,2022-06-22,66662,False,,-41244.143839,96
9,960,11.28,2022-07-26,968188,False,,-50817.806797,96
10,1056,12.6,2022-08-03,849656,False,,-46413.997066,96
11,1152,14.06,2022-08-17,101801,False,,-19772.139535,96
12,1248,15.55,2022-09-07,337296,False,,-28361.377541,96
13,1344,17.02,2022-09-29,173822,False,,-32268.98993,96
14,1440,18.42,2022-10-12,686465,False,,-23615.112883,96
15,1536,19.93,2022-10-26,901853,False,,-14928.744047,96
16,1632,21.53,2022-11-23,946331,False,,-31587.225416,96
17,1728,23.05,2022-12-07,91401,False,,-23936.932619,96
18,1824,24.43,2022-12-17,421112,False,,-26743.937563,96
19,1920,25.99,2022-12-28,69687,False,,-19186.745116,96
20,2016,27.57,2022-01-24,193317,False,,-10938.82771,96
21,2112,29.13,2022-02-07,856422,False,,-19336.129648,96
22,2208,30.71,2022-02-21,35693,False,,-81312.910893,96
23,2304,32.22,2022-03-19,927717,False,,-18448.585676,96
24,2400,33.7,2022-04-13,209864,False,,-30507.02158,96
25,2496,35.18,2022-04-27,607691,False,,-33505.442942,96
26,2592,36.65,2022-05-09,494493,False,,-13231.085782,96
27,2688,38.0,2022-06-04,655993,False,,-25060.420508,96
28,2784,39.45,2022-06-22,140845,False,,-33478.906401,96
29,2880,41.0,2022-07-26,408569,False,,-25724.992595,96
30,2976,42.47,2022-08-03,434063,False,,-23644.761675,96
31,3072,43.9,2022-08-17,296397,False,,-31838.338511,96
32,3168,45.52,2022-09-07,149721,False,,-17198.981607,96
33,3264,47.19,2022-09-29,257275,False,,-30612.671057,96
34,3360,48.82,2022-10-12,454469,False,,-26301.420611,96
35,3456,50.26,2022-10-26,598719,False,,-43162.984389,96
36,3552,51.75,2022-11-23,728935,False,,-7368.46176,96
37,3648,53.18,2022-12-07,32398,False,,-43347.73351,96
38,3744,54.55,2022-12-17,745285,False,,-17933.366306,96
39,3840,55.93,2022-12-28,508078,False,,-24118.367128,96
40,3936,57.53,2022-01-24,140483,False,,-19886.667208,96
41,4032,58.89,2022-02-07,651531,False,,-28780.965227,96
42,4128,60.36,2022-02-21,629548,False,,-22939.197587,96
43,4224,61.89,2022-03-19,907711,False,,-26467.786116,96
44,4320,63.32,2022-04-13,561992,False,,-29066.984053,96
45,4416,64.87,2022-04-27,927492,False,,-22332.537676,96
46,4512,66.4,2022-05-09,390017,False,,-17697.236957,96
47,4608,67.82,2022-06-04,26767,False,,-29581.982916,96
48,4704,69.3,2022-06-22,700679,False,,-32013.457652,96
49,4800,70.74,2022-07-26,694412,False,,-32400.904609,96
50,4896,72.33,2022-08-03,829641,False,,-13810.387047,96
51,4992,73.92,2022-08-17,957619,False,,-27358.548923,96
52,5088,75.43,2022-09-07,296200,False,,-31818.66095,96
53,5184,77.11,2022-09-29,802979,False,,-29162.424423,96
54,5280,78.76,2022-10-12,679419,False,,-46094.765309,96
55,5376,80.21,2022-10-26,16022,False,,-38145.028453,96
56,5472,81.65,2022-11-23,710819,False,,-26779.363632,96
57,5568,83.1,2022-12-07,696346,False,,-61089.610128,96
58,5664,84.7,2022-12-17,140189,False,,-28996.330783,96
59,5760,86.12,2022-12-28,405715,False,,-12867.95884,96
60,5856,87.54,2022-01-24,49556,False,,-30385.45351,96
61,5952,88.98,2022-02-07,679669,False,,-19268.850438,96
62,6048,90.33,2022-02-21,329740,False,,-23633.763913,96
63,6144,91.72,2022-03-19,674497,False,,-14184.945588,96
64,6240,93.24,2022-04-13,711888,False,,-22064.900405,96
65,6336,94.72,2022-04-27,431047,False,,-24160.765657,96
66,6432,96.13,2022-05-09,319583,False,,-30615.443361,96
67,6528,97.58,2022-06-04,43761,False,,-11568.017626,96
68,6624,99.06,2022-06-22,834291,False,,-26357.09794,96
69,6720,100.54,2022-07-26,341904,False,,-30268.649435,96
70,6816,102.04,2022-08-03,484927,False,,-28812.116465,96
71,6912,103.48,2022-08-17,352272,False,,-27198.29047,96
72,7008,104.94,2022-09-07,911086,False,,-45351.63823,96
73,7104,106.5,2022-09-29,246492,False,,-22335.903803,96
74,7200,108.17,2022-10-12,943835,False,,-16634.69038,96
75,7296,110.0,2022-10-26,17015,False,,-15177.055779,96
76,7392,111.73,2022-11-23,816110,False,,-26960.692899,96
77,7488,113.38,2022-12-07,434946,False,,-18565.435871,96
78,7584,114.99,2022-12-17,993970,False,,-24178.32698,96
79,7680,116.54,2022-12-28,428745,False,,-27360.779257,96
80,7776,118.03,2022-01-24,845880,False,,-22736.888802,96
81,7872,119.55,2022-02-07,86053,False,,-25858.946978,96
82,7968,120.93,2022-02-21,985363,False,,-18649.54618,96
83,8064,122.43,2022-03-19,223396,False,,-19249.845489,96
84,8160,123.88,2022-04-13,146827,False,,-36553.145869,96
85,8256,125.3,2022-04-27,771420,False,,-24486.54558,96
86,8352,126.86,2022-05-09,455385,False,,-35720.28477,96
87,8448,128.35,2022-06-04,283867,False,,-24428.219319,96
88,8544,129.78,2022-06-22,860639,False,,-17129.441733,96
89,8640,131.2,2022-07-26,185087,False,,-17734.259097,96
90,8736,132.76,2022-08-03,167149,False,,-16835.037055,96
91,8832,134.31,2022-08-17,533748,False,,-33944.604342,96
92,8928,135.78,2022-09-07,67413,False,,-26587.375379,96
93,9024,137.34,2022-09-29,522233,False,,-11178.040762,96
94,9120,138.84,2022-10-12,467318,False,,-16195.645534,96
95,9216,140.28,2022-10-26,181393,False,,-37234.671932,96
96,9312,141.74,2022-11-23,325249,False,,-21209.860877,96
97,9408,143.31,2022-12-07,25730,False,,-17518.48402,96
98,9504,144.93,2022-12-17,823086,False,,-24714.146939,96
99,9600,146.58,2022-12-28,363249,False,,-16837.237163,96
100,9696,148.19,2022-01-24,634133,False,,-23894.445681,96
101,9792,149.71,2022-02-07,228833,False,,-24292.747202,96
102,9888,151.23,2022-02-21,718287,False,,-16064.904659,96
103,9984,152.82,2022-03-19,617410,False,,-22328.294859,96
104,10080,168.92,2022-04-13,81674,False,,-9564.101294,96
105,10176,170.5,2022-04-27,567306,False,,-24894.409085,96
106,10272,172.05,2022-05-09,297313,False,,-19982.276492,96
107,10368,173.52,2022-06-04,313665,False,,-17262.782635,96
108,10464,175.21,2022-06-22,861357,False,,-23465.433176,96
109,10560,176.98,2022-07-26,402183,False,,-22659.369892,96
110,10656,178.74,2022-08-03,521197,False,,-16742.031378,96
111,10752,180.26,2022-08-17,835750,False,,-39047.250661,96
112,10848,181.74,2022-09-07,65756,False,,-35352.883806,96
113,10944,183.31,2022-09-29,582861,False,,-21416.986394,96
114,11040,184.98,2022-10-12,564105,False,,-22486.156921,96
115,11136,186.56,2022-10-26,260774,False,,-40364.788351,96
116,11232,188.11,2022-11-23,522904,False,,-20412.446944,96
117,11328,189.48,2022-12-07,397655,False,,-38114.360896,96
118,11424,190.93,2022-12-17,395193,False,,-23616.890611,96
119,11520,192.33,2022-12-28,813937,False,,-28962.954411,96
120,11616,194.01,2022-01-24,872684,False,,-33242.784838,96
121,11712,195.54,2022-02-07,536217,False,,-18714.031549,96
122,11808,197.1,2022-02-21,117739,False,,-41297.935849,96
123,11904,198.62,2022-03-19,87897,False,,-21560.755429,96
124,12000,200.17,2022-04-13,64500,False,,-32453.127071,96
125,12096,201.87,2022-04-27,184614,False,,-22746.514563,96
126,12192,203.57,2022-05-09,434808,False,,-21366.497295,96
127,12288,205.03,2022-06-04,915956,False,,-32445.785143,96
128,12384,206.62,2022-06-22,662921,False,,-29141.90233,96
129,12480,208.44,2022-07-26,977151,False,,-22828.078097,96
130,12576,210.09,2022-08-03,58087,False,,-25332.527831,96
131,12672,211.68,2022-08-17,752488,False,,-37011.228413,96
132,12768,213.23,2022-09-07,951136,False,,-27590.714329,96
133,12864,214.76,2022-09-29,666009,False,,-22139.082783,96
134,12960,216.27,2022-10-12,965559,False,,-14279.992258,96
135,13056,217.91,2022-10-26,944749,False,,-26414.84333,96
136,13152,219.46,2022-11-23,812214,False,,-19574.910142,96
137,13248,220.93,2022-12-07,427973,False,,-26655.774972,96
138,13344,222.36,2022-12-17,644661,False,,-20544.278578,96
139,13440,223.74,2022-12-28,557672,False,,-27571.569563,96
140,13536,225.1,2022-01-24,615232,False,,-21462.862871,96
141,13632,226.62,2022-02-07,358311,False,,-16479.908371,96
142,13728,227.97,2022-02-21,16005,False,,-30984.777406,96
143,13824,229.45,2022-03-19,468735,False,,-7303.599818,96
144,13920,230.91,2022-04-13,613777,False,,-40885.206135,96
145,14016,232.31,2022-04-27,80212,False,,-15204.812179,96
146,14112,233.65,2022-05-09,864355,False,,-24163.617348,96
147,14208,235.2,2022-06-04,226590,False,,-23828.046702,96
148,14304,236.89,2022-06-22,459464,False,,-55544.086384,96
149,14400,238.49,2022-07-26,266727,False,,-23469.930978,96
150,14496,240.06,2022-08-03,358502,False,,-18474.988128,96
151,14592,241.48,2022-08-17,772922,False,,-31477.156487,96
152,14688,243.01,2022-09-07,284068,False,,-20199.282489,96
153,14784,244.31,2022-09-29,698261,False,,-26632.882357,96
154,14880,245.7,2022-10-12,254680,False,,-50047.641007,96
155,14976,247.01,2022-10-26,554192,False,,-25490.71014,96
156,15072,248.62,2022-11-23,542230,False,,-57249.938727,96
157,15168,250.06,2022-12-07,432620,False,,-29103.423665,96
158,15264,251.31,2022-12-17,948479,False,,-48092.031614,96
159,15360,252.82,2022-12-28,561929,False,,-30846.794199,96
160,15456,254.3,2022-01-24,199856,False,,-21032.232221,96
161,15552,255.65,2022-02-07,934111,False,,-20337.977456,96
162,15648,257.06,2022-02-21,164316,False,,-17323.562318,96
163,15744,258.61,2022-03-19,197293,False,,-19107.779295,96
164,15840,259.97,2022-04-13,669682,False,,-14405.441973,96
165,15936,261.46,2022-04-27,405797,False,,-29814.991106,96
166,16032,263.08,2022-05-09,990753,False,,-13143.023712,96
167,16128,264.57,2022-06-04,595476,False,,-26369.487024,96
168,16224,266.14,2022-06-22,790256,False,,-18675.802047,96
169,16320,267.67,2022-07-26,979789,False,,-21532.837147,96
170,16416,269.13,2022-08-03,710981,False,,-18641.592031,96
171,16512,270.63,2022-08-17,274988,False,,-28744.657606,96
172,16608,271.87,2022-09-07,691452,False,,-25576.420205,96
173,16704,273.1,2022-09-29,817513,False,,-21535.159185,96
174,16800,274.53,2022-10-12,148422,False,,-28257.512358,96
175,16896,276.06,2022-10-26,410464,False,,-16389.64364,96
176,16992,277.39,2022-11-23,669843,False,,-16101.983921,96
177,17088,278.83,2022-12-07,750702,False,,-24630.736098,96
178,17184,280.23,2022-12-17,827252,False,,-18056.721797,96
179,17280,281.7,2022-12-28,404154,False,,-30692.694732,96
180,17376,282.96,2022-01-24,215446,False,,-42341.668925,96
181,17472,284.4,2022-02-07,614511,False,,-21503.36826,96
182,17568,285.82,2022-02-21,345798,False,,-23636.002653,96
183,17664,287.16,2022-03-19,810289,False,,-17410.162271,96
184,17760,288.65,2022-04-13,424660,False,,-14170.673067,96
185,17856,290.19,2022-04-27,944486,False,,-22685.087135,96
186,17952,291.62,2022-05-09,310336,False,,-34060.33676,96
187,18048,292.89,2022-06-04,651381,False,,-15194.835625,96
188,18144,294.34,2022-06-22,323310,False,,-31934.460922,96
189,18240,295.74,2022-07-26,174431,False,,-24164.921514,96
190,18336,297.16,2022-08-03,34735,False,,-18867.395751,96
191,18432,298.58,2022-08-17,588165,False,,-19316.144462,96
192,18528,299.85,2022-09-07,220757,False,,-33211.97023,96
193,18624,301.27,2022-09-29,665752,False,,-22103.468465,96
194,18720,302.66,2022-10-12,237549,False,,-15572.322609,96
195,18816,304.15,2022-10-26,993734,False,,-26668.505768,96
196,18912,305.66,2022-11-23,472119,False,,-9455.354874,96
197,19008,306.97,2022-12-07,780014,False,,-30790.240279,96
198,19104,308.31,2022-12-17,170601,False,,-15497.602294,96
199,19200,309.76,2022-12-28,735031,False,,-60576.225223,96
200,19296,311.16,2022-01-24,680905,False,,-17094.288569,96
201,19392,312.66,2022-02-07,100748,False,,-30925.86652,96
202,19488,314.06,2022-02-21,255995,False,,-17292.060849,96
203,19584,315.48,2022-03-19,101709,False,,-27436.304382,96
204,19680,316.97,2022-04-13,907539,False,,-25734.240318,96
205,19776,318.37,2022-04-27,747837,False,,-24925.965839,96
206,19872,319.76,2022-05-09,310595,False,,-13169.846913,96
207,19968,321.15,2022-06-04,511805,False,,-22698.917198,96
208,20064,335.92,2022-06-22,167189,False,,-18692.133708,96
209,20160,337.25,2022-07-26,530109,False,,-25707.398091,96
210,20256,338.87,2022-08-03,455777,False,,-34829.911191,96
211,20352,340.58,2022-08-17,766761,False,,-12114.030599,96
212,20448,342.08,2022-09-07,601432,False,,-16555.870862,96
213,20544,343.39,2022-09-29,377326,False,,-18212.0247,96
214,20640,344.67,2022-10-12,804454,False,,-38929.778369,96
215,20736,346.12,2022-10-26,480256,False,,-21444.513634,96
216,20832,347.56,2022-11-23,912260,False,,-25717.682152,96
217,20928,348.95,2022-12-07,925764,False,,-13572.1986,96
218,21024,350.32,2022-12-17,30626,False,,-17457.968469,96
219,21120,351.69,2022-12-28,414,False,,-30860.567228,96
220,21216,353.07,2022-01-24,389259,False,,-21956.076107,96
221,21312,354.4,2022-02-07,298858,False,,-18302.654741,96
222,21408,355.86,2022-02-21,346366,False,,-18076.389952,96
223,21504,357.22,2022-03-19,528117,False,,-13914.282772,96
224,21600,358.52,2022-04-13,9957,False,,-28931.747083,96
225,21696,360.15,2022-04-27,281834,False,,-18897.999551,96
226,21792,361.66,2022-05-09,412932,False,,-37038.371342,96
227,21888,363.02,2022-06-04,935534,False,,-28719.856857,96
228,21984,364.51,2022-06-22,956812,False,,-20989.154321,96
229,22080,366.08,2022-07-26,644313,False,,-18776.649634,96
230,22176,367.61,2022-08-03,676944,False,,-30570.652602,96
231,22272,369.07,2022-08-17,5317,False,,-28942.053573,96
232,22368,370.61,2022-09-07,165103,False,,-20900.821793,96
233,22464,372.04,2022-09-29,817229,False,,-24140.556114,96
234,22560,373.38,2022-10-12,85768,False,,-18496.012697,96
235,22656,374.78,2022-10-26,823223,False,,-29606.512513,96
236,22752,376.23,2022-11-23,813286,False,,-25804.422338,96
237,22848,377.89,2022-12-07,415453,False,,-31099.793883,96
238,22944,379.4,2022-12-17,394132,False,,-17240.601861,96
239,23040,380.82,2022-12-28,21852,False,,-19745.996277,96
240,23136,382.02,2022-01-24,64815,False,,-28579.130501,96
241,23232,383.37,2022-02-07,739239,False,,-32517.201885,96
242,23328,384.74,2022-02-21,231855,False,,-24995.983385,96
243,23424,385.89,2022-03-19,518071,False,,-7188.06114,96
244,23520,387.34,2022-04-13,2630,False,,-13221.045738,96
245,23616,388.76,2022-04-27,919273,False,,-31151.570185,96
246,23712,390.23,2022-05-09,526731,False,,-26537.134737,96
247,23808,391.49,2022-06-04,734912,False,,-10052.914984,96
248,23904,392.8,2022-06-22,644833,False,,-33511.399718,96
249,24000,394.17,2022-07-26,668503,False,,-38566.913108,96
250,24096,395.59,2022-08-03,4056,False,,-14465.444038,96
251,24192,397.04,2022-08-17,938286,False,,-37367.753329,96
252,24288,398.47,2022-09-07,558445,False,,-24936.585168,96
253,24384,399.97,2022-09-29,639847,False,,-25185.515862,96
254,24480,401.42,2022-10-12,28418,False,,-32964.472829,96
255,24576,402.71,2022-10-26,368541,False,,-17899.991934,96
256,24672,404.23,2022-11-23,606885,False,,-37523.834248,96
257,24768,405.66,2022-12-07,692972,False,,-15988.22141,96
258,24864,407.07,2022-12-17,47124,False,,-24633.794454,96
259,24960,408.51,2022-12-28,172798,False,,-35594.066385,96
260,25056,410.01,2022-01-24,356612,False,,-21372.109084,96
261,25152,411.49,2022-02-07,453045,False,,-28929.189412,96
262,25248,412.84,2022-02-21,256630,False,,-34577.918733,96
263,25344,414.18,2022-03-19,506550,False,,-19470.266297,96
264,25440,415.53,2022-04-13,893404,False,,-27356.028661,96
265,25536,416.81,2022-04-27,711100,False,,-13248.235057,96
266,25632,418.24,2022-05-09,790530,False,,-25396.414856,96
267,25728,419.49,2022-06-04,949636,False,,-44724.959215,96
268,25824,420.91,2022-06-22,323364,False,,-12606.083963,96
269,25920,422.4,2022-07-26,274356,False,,-35109.039891,96
270,26016,423.62,2022-08-03,148817,False,,-36926.098359,96
271,26112,424.71,2022-08-17,215446,False,,-34674.323484,96
272,26208,426.2,2022-09-07,59341,False,,-12028.106492,96
273,26304,427.67,2022-09-29,484997,False,,-21097.928114,96
274,26400,429.13,2022-10-12,218140,False,,-21865.971214,96
275,26496,430.45,2022-10-26,822831,False,,-32728.014208,96
276,26592,431.81,2022-11-23,512869,False,,-26500.306955,96
277,26688,433.25,2022-12-07,721789,False,,-26297.788258,96
278,26784,434.63,2022-12-17,356737,False,,-27438.303,96
279,26880,436.0,2022-12-28,539129,False,,-18554.378358,96
280,26976,437.27,2022-01-24,223011,False,,-27611.404719,96
281,27072,438.43,2022-02-07,986971,False,,-51204.304143,96
282,27168,439.76,2022-02-21,543317,False,,-30478.792726,96
283,27264,440.98,2022-03-19,641705,False,,-16144.358662,96
284,27360,442.35,2022-04-13,962267,False,,-23930.61456,96
285,27456,443.7,2022-04-27,834082,False,,-24150.226898,96
286,27552,445.13,2022-05-09,154720,False,,-27047.543323,96
287,27648,446.56,2022-06-04,608565,False,,-22591.644632,96
288,27744,447.96,2022-06-22,896987,False,,-27321.755587,96
289,27840,449.45,2022-07-26,803791,False,,-20979.299501,96
290,27936,450.99,2022-08-03,17605,False,,-48228.067977,96
291,28032,452.51,2022-08-17,313935,False,,-14540.774445,96
292,28128,453.95,2022-09-07,525518,False,,-20343.331283,96
293,28224,455.24,2022-09-29,46726,False,,-30464.149282,96
294,28320,456.82,2022-10-12,508306,False,,-29449.436346,96
295,28416,458.43,2022-10-26,922941,False,,-17967.71226,96
296,28512,459.77,2022-11-23,399610,False,,-15759.823184,96
297,28608,461.57,2022-12-07,571160,False,,-26001.937173,96
298,28704,463.08,2022-12-17,351337,False,,-22655.154506,96
299,28800,464.38,2022-12-28,210782,False,,-15330.742837,96
300,28896,465.71,2022-01-24,952721,False,,-26426.535855,96
301,28992,467.17,2022-02-07,986092,False,,-24538.574845,96
302,29088,468.39,2022-02-21,784042,False,,-52188.327151,96
303,29184,469.8,2022-03-19,302137,False,,-29155.580994,96
304,29280,471.17,2022-04-13,863206,False,,-21798.950936,96
305,29376,472.59,2022-04-27,816452,False,,-43660.006577,96
306,29472,473.89,2022-05-09,516080,False,,-26372.686153,96
307,29568,475.27,2022-06-04,709321,False,,-21344.705616,96
308,29664,476.58,2022-06-22,699691,False,,-24722.111923,96
309,29760,477.94,2022-07-26,549994,False,,-20297.489002,96
310,29856,479.33,2022-08-03,109480,False,,-48019.676961,96
311,29952,480.59,2022-08-17,748621,False,,-13086.539317,96
312,30048,494.44,2022-09-07,780726,False,,-12132.750186,96
313,30144,495.83,2022-09-29,452974,False,,-28327.599028,96
314,30240,497.28,2022-10-12,219140,False,,-30098.245124,96
315,30336,498.66,2022-10-26,316015,False,,-31349.716784,96
316,30432,500.17,2022-11-23,140796,False,,-30336.467167,96
317,30528,501.7,2022-12-07,35384,False,,-17660.662452,96
318,30624,503.11,2022-12-17,235726,False,,-24505.757412,96
319,30720,504.41,2022-12-28,255481,False,,-34607.600569,96
320,30816,505.83,2022-01-24,728860,False,,-15388.613671,96
321,30912,507.27,2022-02-07,823263,False,,-27308.278217,96
322,31008,508.43,2022-02-21,598870,False,,-31053.465001,96
323,31104,509.58,2022-03-19,812214,False,,-30970.431093,96
324,31200,510.91,2022-04-13,316234,False,,-45850.608271,96
325,31296,512.15,2022-04-27,954686,False,,-25236.675465,96
326,31392,513.54,2022-05-09,527969,False,,-20566.522777,96
327,31488,514.98,2022-06-04,789875,False,,-27473.247075,96
328,31584,516.38,2022-06-22,860098,False,,-32751.814689,96
329,31680,517.77,2022-07-26,980719,False,,-20918.612729,96
330,31776,518.96,2022-08-03,631806,False,,-32158.993232,96
331,31872,520.37,2022-08-17,115533,False,,-19683.406856,96
332,31968,521.72,2022-09-07,716239,False,,-26829.060263,96
333,32064,522.99,2022-09-29,311249,False,,-28371.838515,96
334,32160,524.37,2022-10-12,552056,False,,-29423.879394,96
335,32256,525.84,2022-10-26,323341,False,,-14946.252336,96
336,32352,527.13,2022-11-23,53841,False,,-37833.912593,96
337,32448,528.45,2022-12-07,414112,False,,-27548.634458,96
338,32544,529.8,2022-12-17,39348,False,,-13481.87021,96
339,32640,531.08,2022-12-28,481661,False,,-57313.950833,96
340,32736,532.44,2022-01-24,342291,False,,-19715.824318,96
341,32832,533.73,2022-02-07,998883,False,,-41125.822954,96
342,32928,535.13,2022-02-21,174001,False,,-30392.760205,96
343,33024,536.55,2022-03-19,852250,False,,-34220.849299,96
344,33120,537.85,2022-04-13,974144,False,,-28225.199426,96
345,33216,539.36,2022-04-27,736635,False,,-16291.791046,96
346,33312,540.72,2022-05-09,48656,False,,-18661.976494,96
347,33408,542.12,2022-06-04,767041,False,,-17728.823226,96
348,33504,543.42,2022-06-22,932396,False,,-24549.822714,96
349,33600,544.66,2022-07-26,998028,False,,-28853.01883,96
350,33696,546.03,2022-08-03,366732,False,,-34234.95169,96
351,33792,547.6,2022-08-17,412960,False,,-19812.655881,96
352,33888,549.11,2022-09-07,378962,False,,-28015.913605,96
353,33984,550.46,2022-09-29,616359,False,,-21437.838065,96
354,34080,551.81,2022-10-12,910135,False,,-18581.191921,96
355,34176,553.13,2022-10-26,341121,False,,-20158.780401,96
356,34272,554.33,2022-11-23,974569,False,,-29178.589703,96
357,34368,555.78,2022-12-07,95897,False,,-16122.804127,96
358,34464,557.21,2022-12-17,894756,False,,-22584.435497,96
359,34560,558.63,2022-12-28,645895,False,,-8802.088996,96
360,34656,559.96,2022-01-24,77276,False,,-27988.265561,96
361,34752,561.45,2022-02-07,917898,False,,-12194.956036,96
362,34848,562.94,2022-02-21,474536,False,,-8669.054131,96
363,34944,564.21,2022-03-19,830815,False,,-16111.653351,96
364,35040,565.54,2022-04-13,864823,False,,-24402.218429,96
365,35136,566.91,2022-04-27,965187,False,,-18155.989859,96
366,35232,568.36,2022-05-09,105342,False,,-15804.12299,96
367,35328,569.79,2022-06-04,33230,False,,-35135.187649,96
368,35424,571.16,2022-06-22,692066,False,,-32510.903842,96
369,35520,572.58,2022-07-26,650561,False,,-21852.334676,96
370,35616,573.85,2022-08-03,784428,False,,-21697.417213,96
371,35712,575.25,2022-08-17,663349,False,,-16515.628348,96
372,35808,576.76,2022-09-07,107298,False,,-23297.369457,96
373,35904,578.25,2022-09-29,462105,False,,-27411.610471,96
374,36000,579.57,2022-10-12,846908,False,,-31045.391147,96
375,36096,580.91,2022-10-26,464629,False,,-30672.0865,96
376,36192,582.4,2022-11-23,390484,False,,-31898.900542,96
377,36288,583.74,2022-12-07,439666,False,,-15934.781599,96
378,36384,585.11,2022-12-17,748588,False,,-35619.736949,96
379,36480,586.31,2022-12-28,794505,False,,-13968.821413,96
380,36576,587.71,2022-01-24,20462,False,,-14063.302685,96
381,36672,589.05,2022-02-07,500601,False,,-35256.031454,96
382,36768,590.42,2022-02-21,982222,False,,-42220.358401,96
383,36864,591.81,2022-03-19,514212,False,,-22242.734364,96
384,36960,593.31,2022-04-13,373387,False,,-13090.8581,96
385,37056,594.55,2022-04-27,941404,False,,-15337.507888,96
386,37152,596.02,2022-05-09,917623,False,,-21302.950894,96
387,37248,597.45,2022-06-04,684609,False,,-22987.931741,96
388,37344,598.88,2022-06-22,297807,False,,-25595.366207,96
389,37440,600.06,2022-07-26,301669,False,,-14662.531777,96
390,37536,601.45,2022-08-03,61872,False,,-20126.11237,96
391,37632,602.66,2022-08-17,448516,False,,-21051.26411,96
392,37728,604.15,2022-09-07,495490,False,,-21071.524472,96
393,37824,605.54,2022-09-29,272345,False,,-31824.219223,96
394,37920,606.83,2022-10-12,481222,False,,-19132.057183,96
395,38016,608.1,2022-10-26,797679,False,,-14915.688166,96
396,38112,609.4,2022-11-23,81076,False,,-22838.319646,96
397,38208,610.65,2022-12-07,564066,False,,-17182.15743,96
398,38304,612.04,2022-12-17,154518,False,,-19999.231562,96
399,38400,613.31,2022-12-28,537021,False,,-31873.598764,96
400,38496,614.77,2022-01-24,123077,False,,-11991.32148,96
401,38592,616.16,2022-02-07,459756,False,,-43581.74792,96
402,38688,617.74,2022-02-21,839214,False,,-21688.227778,96
403,38784,619.09,2022-03-19,829368,False,,-20669.583324,96
404,38880,620.41,2022-04-13,420963,False,,-11518.672989,96
405,38976,621.89,2022-04-27,864323,False,,-26891.5258,96
406,39072,623.34,2022-05-09,107545,False,,-17594.077952,96
407,39168,624.58,2022-06-04,551507,False,,-32627.112237,96
408,39264,625.96,2022-06-22,439450,False,,-19357.459259,96
409,39360,627.38,2022-07-26,707822,False,,-11214.797368,96
410,39456,628.81,2022-08-03,863725,False,,-23929.383609,96
411,39552,630.21,2022-08-17,377234,False,,-14331.104737,96
412,39648,631.51,2022-09-07,433213,False,,-30182.81677,96
413,39744,633.01,2022-09-29,11305,False,,-33829.483867,96
414,39840,634.27,2022-10-12,373323,False,,-13821.785949,96
415,39936,635.65,2022-10-26,358434,False,,-14047.205507,96
416,40032,650.4,2022-11-23,668208,False,,-23634.346251,96
417,40128,651.67,2022-12-07,527677,False,,-14123.013235,96
418,40224,653.12,2022-12-17,825460,False,,-21211.325167,96
419,40320,654.65,2022-12-28,570765,False,,-21602.63525,96
420,40416,656.08,2022-01-24,776969,False,,-15938.169483,96
421,40512,657.52,2022-02-07,861846,False,,-24721.171726,96
422,40608,658.87,2022-02-21,841890,False,,-20338.698127,96
423,40704,660.24,2022-03-19,254287,False,,-29443.460213,96
424,40800,661.54,2022-04-13,974196,False,,-29693.90838,96
425,40896,662.97,2022-04-27,808646,False,,-54911.518775,96
426,40992,664.52,2022-05-09,67788,False,,-16045.402089,96
427,41088,665.98,2022-06-04,58284,False,,-23796.638733,96
428,41184,667.1,2022-06-22,490418,False,,-26989.50982,96
429,41280,668.42,2022-07-26,383570,False,,-33021.469069,96
430,41376,669.85,2022-08-03,335460,False,,-16286.25471,96
431,41472,671.26,2022-08-17,311844,False,,-23023.810087,96
432,41568,672.61,2022-09-07,81320,False,,-15854.202902,96
433,41664,673.9,2022-09-29,964729,False,,-14799.647471,96
434,41760,675.24,2022-10-12,204083,False,,-23572.170625,96
435,41856,676.65,2022-10-26,798887,False,,-26931.740815,96
436,41952,678.09,2022-11-23,451094,False,,-23613.434029,96
437,42048,679.49,2022-12-07,23391,False,,-22569.925521,96
438,42144,680.87,2022-12-17,451791,False,,-9136.928732,96
439,42240,682.17,2022-12-28,393007,False,,-35428.811486,96
440,42336,683.46,2022-01-24,303538,False,,-23128.962919,96
441,42432,684.97,2022-02-07,472772,False,,-59810.307759,96
442,42528,686.38,2022-02-21,133934,False,,-44492.3951,96
443,42624,687.73,2022-03-19,505392,False,,-26012.607216,96
444,42720,688.92,2022-04-13,128830,False,,-10267.200756,96
445,42816,690.5,2022-04-27,55492,False,,-25201.917919,96
446,42912,691.85,2022-05-09,763017,False,,-22429.299277,96
447,43008,693.34,2022-06-04,76294,False,,-28923.900415,96
448,43104,694.54,2022-06-22,949471,False,,-17216.4804,96
449,43200,695.85,2022-07-26,81573,False,,-13543.046852,96
450,43296,697.27,2022-08-03,468797,False,,-30384.361376,96
451,43392,698.68,2022-08-17,624544,False,,-36917.052621,96
452,43488,699.94,2022-09-07,33489,False,,-24617.826487,96
453,43584,701.09,2022-09-29,970935,False,,-22112.887582,96
454,43680,702.38,2022-10-12,823749,False,,-25564.886676,96
455,43776,703.71,2022-10-26,135315,False,,-28274.580507,96
456,43872,705.08,2022-11-23,587587,False,,-19970.941947,96
457,43968,706.6,2022-12-07,363143,False,,-14739.670003,96
458,44064,708.0,2022-12-17,682627,False,,-28584.399919,96
459,44160,709.46,2022-12-28,611998,False,,-25702.343226,96
460,44256,710.99,2022-01-24,548260,False,,-40763.566211,96
461,44352,712.33,2022-02-07,959059,False,,-17917.795493,96
462,44448,713.64,2022-02-21,90048,False,,-14758.162557,96
463,44544,714.93,2022-03-19,120568,False,,-15266.415428,96
464,44640,716.09,2022-04-13,382362,False,,-19818.546232,96
465,44736,717.43,2022-04-27,764194,False,,-34486.998282,96
466,44832,718.92,2022-05-09,278003,False,,-18081.160464,96
467,44928,720.35,2022-06-04,319390,False,,-23352.865944,96
468,45024,721.73,2022-06-22,127753,False,,-20641.263319,96
469,45120,723.09,2022-07-26,982747,False,,-37259.74155,96
470,45216,724.53,2022-08-03,94769,False,,-29173.348317,96
471,45312,725.97,2022-08-17,258578,False,,-26555.738037,96
472,45408,727.0,2022-09-07,982035,False,,-14457.407154,96
473,45504,728.17,2022-09-29,981923,False,,-28079.864747,96
474,45600,729.8,2022-10-12,946202,False,,-22645.791641,96
475,45696,731.4,2022-10-26,498594,False,,-23069.939157,96
476,45792,732.98,2022-11-23,338058,False,,-20674.210139,96
477,45888,734.47,2022-12-07,139717,False,,-14513.464086,96
478,45984,736.03,2022-12-17,799781,False,,-33385.455663,96
479,46080,737.68,2022-12-28,275698,False,,-29708.259863,96
480,46176,739.19,2022-01-24,661999,False,,-12288.191444,96
481,46272,740.86,2022-02-07,920029,False,,-23887.797996,96
482,46368,742.51,2022-02-21,459245,False,,-14709.424156,96
483,46464,744.03,2022-03-19,483856,False,,-17307.647756,96
484,46560,745.51,2022-04-13,501246,False,,-35864.504379,96
485,46656,747.01,2022-04-27,783652,False,,-12439.860804,96
486,46752,748.57,2022-05-09,674181,False,,-21775.885,96
487,46848,750.25,2022-06-04,465293,False,,-22451.278375,96
488,46944,751.8,2022-06-22,738645,False,,-21877.850306,96
489,47040,753.46,2022-07-26,44047,False,,-16739.243094,96
490,47136,754.96,2022-08-03,469140,False,,-20402.217119,96
491,47232,756.53,2022-08-17,839258,False,,-25527.101235,96
492,47328,758.47,2022-09-07,871353,False,,-29930.565415,96
493,47424,760.29,2022-09-29,418688,False,,-16984.855807,96
494,47520,761.99,2022-10-12,730572,False,,-42649.433562,96
495,47616,763.44,2022-10-26,934402,False,,-21771.391356,96
496,47712,764.73,2022-11-23,66264,False,,-16403.649146,96
497,47808,765.9,2022-12-07,364693,False,,-18879.078297,96
498,47904,767.28,2022-12-17,740202,False,,-18906.20651,96
499,48000,768.54,2022-12-28,823383,False,,-20259.121265,96
500,48096,770.18,2022-01-24,448469,False,,-27252.589887,96
501,48192,771.62,2022-02-07,680978,False,,-11343.237519,96
502,48288,773.09,2022-02-21,434973,False,,-19603.211964,96
503,48384,774.65,2022-03-19,563739,False,,-14561.738641,96
504,48480,776.12,2022-04-13,163042,False,,-15617.55018,96
505,48576,777.86,2022-04-27,338110,False,,-19457.346933,96
506,48672,779.15,2022-05-09,341802,False,,-18267.03036,96
507,48768,780.55,2022-06-04,609024,False,,-19671.079303,96
508,48864,781.91,2022-06-22,432055,False,,-12254.855005,96
509,48960,783.35,2022-07-26,869531,False,,-24582.156151,96
510,49056,784.76,2022-08-03,966297,False,,-19406.891512,96
511,49152,786.21,2022-08-17,449726,False,,-42301.774987,96
512,49248,787.53,2022-09-07,659551,False,,-16641.696056,96
513,49344,788.96,2022-09-29,994531,False,,-13260.949811,96
514,49440,790.33,2022-10-12,158891,False,,-19053.80225,96
515,49536,791.72,2022-10-26,764931,False,,-30728.12859,96
516,49632,793.1,2022-11-23,116742,False,,-24339.411193,96
517,49728,794.33,2022-12-07,414296,False,,-17793.500533,96
518,49824,795.6,2022-12-17,157088,False,,-37870.899738,96
519,49920,797.14,2022-12-28,307505,False,,-26939.124313,96
520,50016,812.57,2022-01-24,718439,False,,-36379.957112,96
521,50112,814.01,2022-02-07,732216,False,,-21306.907405,96
522,50208,815.47,2022-02-21,864973,False,,-18476.694756,96
523,50304,816.72,2022-03-19,81870,False,,-24981.370904,96
524,50400,818.17,2022-04-13,400626,False,,-22385.998925,96
525,50496,819.74,2022-04-27,851459,False,,-34289.809041,96
526,50592,821.25,2022-05-09,796365,False,,-15692.963901,96
527,50688,822.64,2022-06-04,532172,False,,-15972.299123,96
528,50784,824.07,2022-06-22,768273,False,,-13723.179788,96
529,50880,825.56,2022-07-26,343006,False,,-19975.751567,96
530,50976,826.91,2022-08-03,182247,False,,-28247.778899,96
531,51072,828.39,2022-08-17,321399,False,,-27055.917169,96
532,51168,829.9,2022-09-07,408042,False,,-22430.999244,96
533,51264,831.25,2022-09-29,356929,False,,-29428.482304,96
534,51360,832.72,2022-10-12,551074,False,,-23635.392737,96
535,51456,834.19,2022-10-26,284439,False,,-23504.039958,96
536,51552,835.56,2022-11-23,458172,False,,-24864.840355,96
537,51648,837.04,2022-12-07,861695,False,,-7582.29111,96
538,51744,838.48,2022-12-17,66979,False,,-26187.301682,96
539,51840,839.89,2022-12-28,394398,False,,-13607.953,96
540,51936,841.18,2022-01-24,10256,False,,-16668.280155,96
541,52032,842.56,2022-02-07,357116,False,,-22483.25417,96
542,52128,843.95,2022-02-21,51728,False,,-16883.183926,96
543,52224,845.28,2022-03-19,530589,False,,-30310.242032,96
544,52320,846.77,2022-04-13,859953,False,,-13787.465222,96
545,52416,848.35,2022-04-27,853575,False,,-22451.770506,96
546,52512,849.96,2022-05-09,127618,False,,-20161.647431,96
547,52608,851.51,2022-06-04,771508,False,,-25130.268452,96
548,52704,852.85,2022-06-22,793782,False,,-27012.53098,96
549,52800,854.27,2022-07-26,869611,False,,-21356.074407,96
550,52896,856.02,2022-08-03,423677,False,,-14959.19137,96
551,52992,857.59,2022-08-17,78090,False,,-16739.795722,96
552,53088,859.13,2022-09-07,648132,False,,-17215.224903,96
553,53184,860.63,2022-09-29,662117,False,,-17556.744487,96
554,53280,862.09,2022-10-12,953930,False,,-24656.212302,96
555,53376,863.4,2022-10-26,799863,False,,-49854.345975,96
556,53472,864.86,2022-11-23,825905,False,,-36601.602171,96
557,53568,866.26,2022-12-07,622708,False,,-18181.105057,96
558,53664,867.66,2022-12-17,955558,False,,-23004.435827,96
559,53760,869.12,2022-12-28,485970,False,,-28321.748033,96
560,53856,870.57,2022-01-24,369432,False,,-18477.402877,96
561,53952,871.91,2022-02-07,224669,False,,-20632.03415,96
562,54048,873.6,2022-02-21,652027,False,,-14178.683013,96
563,54144,874.9,2022-03-19,528495,False,,-20582.619106,96
564,54240,876.38,2022-04-13,577269,False,,-19753.975526,96
565,54336,877.67,2022-04-27,362640,False,,-23432.613054,96
566,54432,879.06,2022-05-09,28119,False,,-27879.310018,96
567,54528,880.51,2022-06-04,889108,False,,-46839.876429,96
568,54624,881.97,2022-06-22,37965,False,,-30896.864482,96
569,54720,883.4,2022-07-26,713393,False,,-33570.258596,96
570,54816,884.99,2022-08-03,436881,False,,-16101.944009,96
571,54912,886.52,2022-08-17,223842,False,,-40346.007236,96
572,55008,888.0,2022-09-07,692710,False,,-27826.480674,96
573,55104,889.49,2022-09-29,72438,False,,-26999.800628,96
574,55200,891.07,2022-10-12,691648,False,,-23322.463073,96
575,55296,892.35,2022-10-26,804714,False,,-29520.508226,96
576,55392,893.9,2022-11-23,161069,False,,-21618.01236,96
577,55488,895.41,2022-12-07,484645,False,,-15043.683834,96
578,55584,896.74,2022-12-17,593446,False,,-17863.644695,96
579,55680,898.09,2022-12-28,126099,False,,-19287.71896,96
580,55776,899.55,2022-01-24,149203,False,,-14497.264244,96
581,55872,900.91,2022-02-07,11062,False,,-17346.197755,96
582,55968,902.32,2022-02-21,840282,False,,-42699.681824,96
583,56064,903.78,2022-03-19,147994,False,,-27795.982112,96
584,56160,905.26,2022-04-13,355059,False,,-21862.579255,96
585,56256,906.71,2022-04-27,790778,False,,-13397.790949,96
586,56352,907.95,2022-05-09,539304,False,,-15694.225956,96
587,56448,909.45,2022-06-04,220042,False,,-9694.956635,96
588,56544,910.87,2022-06-22,57877,False,,-56875.973906,96
589,56640,912.08,2022-07-26,793949,False,,-14650.721986,96
590,56736,913.47,2022-08-03,566752,False,,-24136.603297,96
591,56832,915.02,2022-08-17,868485,False,,-29515.906936,96
592,56928,916.35,2022-09-07,643160,False,,-26278.590359,96
593,57024,917.85,2022-09-29,73078,False,,-20319.268835,96
594,57120,919.28,2022-10-12,373641,False,,-29949.62332,96
595,57216,920.64,2022-10-26,987707,False,,-25078.533024,96
596,57312,922.09,2022-11-23,489324,False,,-28900.202226,96
597,57408,923.47,2022-12-07,517771,False,,-23997.464849,96
598,57504,925.02,2022-12-17,550706,False,,-28098.954537,96
599,57600,926.44,2022-12-28,544989,False,,-17408.791829,96
600,57696,927.9,2022-01-24,274588,False,,-27304.383111,96
601,57792,929.32,2022-02-07,956088,False,,-36882.680979,96
602,57888,930.86,2022-02-21,306200,False,,-34260.6807,96
603,57984,932.4,2022-03-19,618279,False,,-17641.931097,96
604,58080,933.96,2022-04-13,9228,False,,-36972.095053,96
605,58176,935.48,2022-04-27,142053,False,,-23095.321138,96
606,58272,936.98,2022-05-09,924746,False,,-21172.837274,96
607,58368,938.5,2022-06-04,883217,False,,-33733.217832,96
608,58464,939.99,2022-06-22,423236,False,,-16316.745666,96
609,58560,941.33,2022-07-26,586465,False,,-27585.414327,96
610,58656,942.87,2022-08-03,96537,False,,-18161.301847,96
611,58752,944.49,2022-08-17,582611,False,,-10546.047661,96
612,58848,945.99,2022-09-07,641750,False,,-30188.319118,96
613,58944,947.65,2022-09-29,853747,False,,-10928.999582,96
614,59040,949.05,2022-10-12,919268,False,,-22328.856695,96
615,59136,950.5,2022-10-26,378139,False,,-24694.519184,96
616,59232,951.98,2022-11-23,165044,False,,-26948.207067,96
617,59328,953.52,2022-12-07,520825,False,,-20393.701341,96
618,59424,954.96,2022-12-17,868197,False,,-33129.706048,96
619,59520,956.45,2022-12-28,622433,False,,-19389.550303,96
620,59616,957.87,2022-01-24,467994,False,,-20663.525729,96
621,59712,959.55,2022-02-07,629158,False,,-31784.730465,96
622,59808,960.91,2022-02-21,452518,False,,-17556.986427,96
623,59904,962.37,2022-03-19,261187,False,,-24082.745305,96
624,60000,963.94,2022-04-13,791758,False,,-24598.719905,96
625,60096,979.33,2022-04-27,721850,False,,-15543.810642,96
626,60192,981.12,2022-05-09,906405,False,,-13300.033499,96
627,60288,982.63,2022-06-04,24985,False,,-19285.367182,96
628,60384,984.14,2022-06-22,506779,False,,-24088.652832,96
629,60480,985.56,2022-07-26,279465,False,,-26782.809663,96
630,60576,987.22,2022-08-03,258293,False,,-35231.954824,96
631,60672,988.92,2022-08-17,768396,False,,-27561.79385,96
632,60768,990.61,2022-09-07,620924,False,,-25183.830415,96
633,60864,992.12,2022-09-29,944083,False,,-27396.289435,96
634,60960,993.63,2022-10-12,97209,False,,-14687.219398,96
635,61056,995.03,2022-10-26,72386,False,,-9614.275295,96
636,61152,996.48,2022-11-23,665470,False,,-20444.042354,96
637,61248,998.08,2022-12-07,474860,False,,-67414.969753,96
638,61344,999.7,2022-12-17,967755,False,,-30508.497981,96
639,61440,1001.17,2022-12-28,691954,False,,-22603.098742,96
640,61536,1002.62,2022-01-24,87240,False,,-24266.116794,96
641,61632,1004.29,2022-02-07,942012,False,,-32043.092921,96
642,61728,1005.72,2022-02-21,683476,False,,-37865.69507,96
643,61824,1007.04,2022-03-19,241630,False,,-24318.714741,96
644,61920,1008.39,2022-04-13,656836,False,,-22585.647797,96
645,62016,1009.91,2022-04-27,234583,False,,-12075.606396,96
646,62112,1011.39,2022-05-09,586548,False,,-27467.888296,96
647,62208,1012.93,2022-06-04,282990,False,,-30742.668248,96
648,62304,1014.44,2022-06-22,986965,False,,-10164.709124,96
649,62400,1016.08,2022-07-26,575555,False,,-20435.692132,96
650,62496,1017.53,2022-08-03,621906,False,,-20739.69437,96
651,62592,1018.95,2022-08-17,907517,False,,-16804.298642,96
652,62688,1020.45,2022-09-07,89463,False,,-17360.719499,96
653,62784,1021.8,2022-09-29,734290,False,,-22964.049366,96
654,62880,1023.4,2022-10-12,525042,False,,-22917.592307,96
655,62976,1025.36,2022-10-26,648968,False,,-14446.292835,96
656,63072,1027.07,2022-11-23,906828,False,,-22452.490091,96
657,63168,1028.62,2022-12-07,679244,False,,-28792.383464,96
658,63264,1030.12,2022-12-17,222324,False,,-7291.24284,96
659,63360,1031.67,2022-12-28,855736,False,,-49838.290523,96
660,63456,1033.09,2022-01-24,395999,False,,-21215.536874,96
661,63552,1034.48,2022-02-07,413449,False,,-22930.41368,96
662,63648,1036.12,2022-02-21,551507,False,,-20412.812811,96
663,63744,1037.62,2022-03-19,487913,False,,-24744.850661,96
664,63840,1039.22,2022-04-13,294996,False,,-7683.413714,96
665,63936,1040.66,2022-04-27,706138,False,,-22801.800499,96
666,64032,1041.96,2022-05-09,838036,False,,-13074.29734,96
667,64128,1043.48,2022-06-04,89962,False,,-21552.432825,96
668,64224,1044.91,2022-06-22,385910,False,,-44983.706787,96
669,64320,1046.69,2022-07-26,255033,False,,-17932.076262,96
670,64416,1048.48,2022-08-03,285703,False,,-28998.773845,96
671,64512,1049.89,2022-08-17,747888,False,,-31278.106335,96
672,64608,1051.48,2022-09-07,434860,False,,-18267.475702,96
673,64704,1053.21,2022-09-29,843672,False,,-23372.112935,96
674,64800,1054.67,2022-10-12,348579,False,,-15737.307739,96
675,64896,1056.23,2022-10-26,422458,False,,-32439.559065,96
676,64992,1057.69,2022-11-23,146385,False,,-52426.819966,96
677,65088,1059.31,2022-12-07,381386,False,,-30476.926429,96
678,65184,1061.6,2022-12-17,460803,False,,-19700.93786,96
679,65280,1063.37,2022-12-28,674836,False,,-20572.700053,96
680,65376,1064.88,2022-01-24,720557,False,,-9185.26233,96
681,65472,1066.31,2022-02-07,625718,False,,-23053.611819,96
682,65568,1068.18,2022-02-21,720054,False,,-13299.616217,96
683,65664,1069.59,2022-03-19,372850,False,,-32195.06083,96
684,65760,1071.23,2022-04-13,479707,False,,-19842.002771,96
685,65856,1072.86,2022-04-27,122730,False,,-18083.908938,96
686,65952,1074.38,2022-05-09,649547,False,,-24502.626045,96
687,66048,1075.9,2022-06-04,339842,False,,-36534.156111,96
688,66144,1077.33,2022-06-22,231114,False,,-11349.173512,96
689,66240,1078.85,2022-07-26,159524,False,,-13556.667655,96
690,66336,1080.23,2022-08-03,452616,False,,-18267.664353,96
691,66432,1081.72,2022-08-17,81090,False,,-14586.97041,96
692,66528,1083.41,2022-09-07,153965,False,,-15136.190239,96
693,66624,1085.69,2022-09-29,960698,False,,-21548.77899,96
694,66720,1087.44,2022-10-12,104905,False,,-16594.502173,96
695,66816,1089.01,2022-10-26,372227,False,,-33355.620472,96
696,66912,1090.8,2022-11-23,348267,False,,-22409.3577,96
697,67008,1092.36,2022-12-07,212696,False,,-18035.893649,96
698,67104,1093.84,2022-12-17,742554,False,,-23617.462917,96
699,67200,1095.38,2022-12-28,539288,False,,-36461.738042,96
700,67296,1097.01,2022-01-24,732545,False,,-17290.964611,96
701,67392,1098.82,2022-02-07,438186,False,,-29035.435243,96
702,67488,1100.44,2022-02-21,996984,False,,-31200.612151,96
703,67584,1101.88,2022-03-19,991241,False,,-20046.010914,96
704,67680,1103.35,2022-04-13,139950,False,,-5610.273692,96
705,67776,1104.79,2022-04-27,588295,False,,-27974.974409,96
706,67872,1106.31,2022-05-09,640788,False,,-16650.304671,96
707,67968,1107.86,2022-06-04,277445,False,,-34218.021978,96
708,68064,1109.71,2022-06-22,422213,False,,-16195.431779,96
709,68160,1111.34,2022-07-26,74169,False,,-56491.581522,96
710,68256,1113.04,2022-08-03,729455,False,,-32071.941548,96
711,68352,1114.55,2022-08-17,601283,False,,-19112.052596,96
712,68448,1115.93,2022-09-07,131389,False,,-12633.559759,96
713,68544,1117.38,2022-09-29,809698,False,,-22981.308259,96
714,68640,1118.86,2022-10-12,463482,False,,-30429.551351,96
715,68736,1120.26,2022-10-26,787092,False,,-28164.588956,96
716,68832,1121.65,2022-11-23,936076,False,,-24994.499479,96
717,68928,1123.07,2022-12-07,582900,False,,-39931.040184,96
718,69024,1124.44,2022-12-17,392800,False,,-17190.509895,96
719,69120,1126.13,2022-12-28,668895,False,,-16385.18532,96
720,69216,1127.57,2022-01-24,402789,False,,-22554.564525,96
721,69312,1129.05,2022-02-07,145722,False,,-26819.998221,96
722,69408,1130.51,2022-02-21,395913,False,,-26899.725487,96
723,69504,1131.98,2022-03-19,70403,False,,-19813.935761,96
724,69600,1133.32,2022-04-13,922321,False,,-19528.958962,96
725,69696,1134.62,2022-04-27,186511,False,,-14172.601832,96
726,69792,1135.99,2022-05-09,732985,False,,-18350.565424,96
727,69888,1137.3,2022-06-04,365949,False,,-26665.581946,96
728,69984,1138.62,2022-06-22,307054,False,,-92995.286538,96
729,70080,1153.01,2022-07-26,210920,False,,-31810.917765,96
730,70176,1154.48,2022-08-03,467064,False,,-22629.890458,96
731,70272,1155.77,2022-08-17,875990,False,,-20603.177071,96
732,70368,1157.23,2022-09-07,215162,False,,-31565.525913,96
733,70464,1158.66,2022-09-29,888900,False,,-28585.980348,96
734,70560,1160.14,2022-10-12,901069,False,,-12338.603337,96
735,70656,1161.58,2022-10-26,609931,False,,-11498.104725,96
736,70752,1163.04,2022-11-23,863881,False,,-22929.188744,96
737,70848,1164.48,2022-12-07,287570,False,,-30656.49446,96
738,70944,1165.86,2022-12-17,174096,False,,-24012.146392,96
739,71040,1167.36,2022-12-28,846818,False,,-23574.971076,96
740,71136,1168.67,2022-01-24,975448,False,,-25365.683204,96
741,71232,1170.17,2022-02-07,917793,False,,-22553.665597,96
742,71328,1171.68,2022-02-21,832280,False,,-31583.076759,96
743,71424,1173.03,2022-03-19,121374,False,,-20922.000952,96
744,71520,1174.24,2022-04-13,209981,False,,-22254.195807,96
745,71616,1175.6,2022-04-27,20078,False,,-27025.865916,96
746,71712,1177.15,2022-05-09,185404,False,,-26906.819053,96
747,71808,1178.54,2022-06-04,564539,False,,-10796.068227,96
748,71904,1179.89,2022-06-22,99498,False,,-19293.085946,96
749,72000,1181.32,2022-07-26,284996,False,,-18486.134202,96
750,72096,1182.75,2022-08-03,610737,False,,-45380.884644,96
751,72192,1184.18,2022-08-17,308230,False,,-14778.305155,96
752,72288,1185.57,2022-09-07,462035,False,,-31534.516554,96
753,72384,1187.04,2022-09-29,486731,False,,-13521.207442,96
754,72480,1188.36,2022-10-12,636140,False,,-34497.049925,96
755,72576,1189.74,2022-10-26,85049,False,,-12937.9257,96
756,72672,1191.0,2022-11-23,791553,False,,-39977.33372,96
757,72768,1192.41,2022-12-07,987962,False,,-17820.349919,96
758,72864,1193.81,2022-12-17,684929,False,,-27480.111893,96
759,72960,1195.14,2022-12-28,369178,False,,-18147.814456,96
760,73056,1196.59,2022-01-24,938413,False,,-45265.778305,96
761,73152,1197.99,2022-02-07,154284,False,,-11019.861166,96
762,73248,1199.36,2022-02-21,235668,False,,-28790.928897,96
763,73344,1200.69,2022-03-19,996813,False,,-15761.155673,96
764,73440,1201.98,2022-04-13,452210,False,,-20025.634728,96
765,73536,1203.22,2022-04-27,225022,False,,-40849.078574,96
766,73632,1204.44,2022-05-09,709261,False,,-20391.774302,96
767,73728,1205.93,2022-06-04,526083,False,,-13875.14124,96
768,73824,1207.12,2022-06-22,638909,False,,-33134.819128,96
769,73920,1208.56,2022-07-26,131569,False,,-16928.781308,96
770,74016,1209.94,2022-08-03,149949,False,,-14437.728397,96
771,74112,1211.35,2022-08-17,831288,False,,-16968.842287,96
772,74208,1212.7,2022-09-07,343700,False,,-25253.571225,96
773,74304,1214.07,2022-09-29,981747,False,,-19718.491449,96
774,74400,1215.39,2022-10-12,20750,False,,-27513.551265,96
775,74496,1216.93,2022-10-26,830533,False,,-33101.701347,96
776,74592,1218.26,2022-11-23,335380,False,,-41813.850865,96
777,74688,1219.61,2022-12-07,775075,False,,-20326.367768,96
778,74784,1221.04,2022-12-17,362732,False,,-15306.97802,96
779,74880,1222.43,2022-12-28,412719,False,,-21869.820125,96
780,74976,1223.83,2022-01-24,980088,False,,-14210.636324,96
781,75072,1225.09,2022-02-07,28448,False,,-20558.379133,96
782,75168,1226.5,2022-02-21,437316,False,,-27648.481529,96
783,75264,1228.05,2022-03-19,162415,False,,-19939.503825,96
784,75360,1229.41,2022-04-13,930449,False,,-25319.742312,96
785,75456,1230.82,2022-04-27,972836,False,,-30243.143353,96
786,75552,1232.09,2022-05-09,494579,False,,-14107.188155,96
787,75648,1233.55,2022-06-04,11444,False,,-25758.873834,96
788,75744,1235.01,2022-06-22,226397,False,,-16163.827274,96
789,75840,1236.41,2022-07-26,687158,False,,-14107.872743,96
790,75936,1237.89,2022-08-03,9825,False,,-20397.754761,96
791,76032,1239.27,2022-08-17,74891,False,,-14459.485861,96
792,76128,1240.68,2022-09-07,717777,False,,-19736.651934,96
793,76224,1242.16,2022-09-29,690356,False,,-37459.390076,96
794,76320,1243.69,2022-10-12,372877,False,,-22944.74625,96
795,76416,1245.09,2022-10-26,525776,False,,-33860.044597,96
796,76512,1246.52,2022-11-23,906498,False,,-7668.922017,96
797,76608,1248.02,2022-12-07,514516,False,,-14638.480009,96
798,76704,1249.72,2022-12-17,178404,False,,-17648.542633,96
799,76800,1251.29,2022-12-28,291396,False,,-19488.934443,96
800,76896,1252.64,2022-01-24,538736,False,,-23320.998588,96
801,76992,1254.01,2022-02-07,361841,False,,-61277.646007,96
802,77088,1255.57,2022-02-21,337963,False,,-34185.592045,96
803,77184,1256.94,2022-03-19,652586,False,,-19342.164076,96
804,77280,1258.42,2022-04-13,477317,False,,-20099.653111,96
805,77376,1259.81,2022-04-27,544214,False,,-22491.168133,96
806,77472,1261.24,2022-05-09,651786,False,,-20782.214324,96
807,77568,1262.6,2022-06-04,515687,False,,-15512.898779,96
808,77664,1263.92,2022-06-22,820462,False,,-23620.631126,96
809,77760,1265.21,2022-07-26,842745,False,,-21310.526507,96
810,77856,1266.67,2022-08-03,563729,False,,-17744.333076,96
811,77952,1268.11,2022-08-17,790164,False,,-27611.034437,96
812,78048,1269.43,2022-09-07,415809,False,,-15645.625356,96
813,78144,1270.68,2022-09-29,213950,False,,-17128.974631,96
814,78240,1272.02,2022-10-12,536317,False,,-24915.319433,96
815,78336,1273.47,2022-10-26,897541,False,,-33697.188712,96
816,78432,1274.81,2022-11-23,635409,False,,-31756.356671,96
817,78528,1276.24,2022-12-07,725343,False,,-48370.700064,96
818,78624,1277.71,2022-12-17,784292,False,,-22079.559458,96
819,78720,1279.26,2022-12-28,231209,False,,-40028.872633,96
820,78816,1280.63,2022-01-24,167219,False,,-13760.259073,96
821,78912,1281.87,2022-02-07,453070,False,,-24166.401885,96
822,79008,1283.23,2022-02-21,724261,False,,-21914.760347,96
823,79104,1284.55,2022-03-19,40827,False,,-22115.630001,96
824,79200,1286.09,2022-04-13,611692,False,,-51361.842383,96
825,79296,1287.39,2022-04-27,851896,False,,-19126.504258,96
826,79392,1288.7,2022-05-09,954930,False,,-15137.354839,96
827,79488,1290.26,2022-06-04,243724,False,,-22240.477545,96
828,79584,1291.49,2022-06-22,923495,False,,-34215.68599,96
829,79680,1292.85,2022-07-26,91100,False,,-18851.81443,96
830,79776,1294.24,2022-08-03,548904,False,,-23941.224218,96
831,79872,1295.46,2022-08-17,831847,False,,-30884.323117,96
832,79968,1296.81,2022-09-07,101537,False,,-9741.311729,96
833,80064,1311.29,2022-09-29,204282,False,,-20708.421291,96
834,80160,1312.81,2022-10-12,315352,False,,-27672.302896,96
835,80256,1314.31,2022-10-26,117201,False,,-29693.914383,96
836,80352,1315.79,2022-11-23,354668,False,,-21764.428805,96
837,80448,1317.24,2022-12-07,30106,False,,-31840.190019,96
838,80544,1318.69,2022-12-17,999084,False,,-22336.86901,96
839,80640,1320.02,2022-12-28,481095,False,,-41300.605651,96
840,80736,1321.43,2022-01-24,793023,False,,-28116.310128,96
841,80832,1322.78,2022-02-07,119251,False,,-28865.358963,96
842,80928,1324.1,2022-02-21,159583,False,,-12797.970086,96
843,81024,1325.37,2022-03-19,470478,False,,-32780.878537,96
844,81120,1326.76,2022-04-13,944887,False,,-21908.445192,96
845,81216,1328.13,2022-04-27,305614,False,,-26365.290912,96
846,81312,1329.39,2022-05-09,329000,False,,-15170.69002,96
847,81408,1330.8,2022-06-04,469958,False,,-23445.313881,96
848,81504,1332.23,2022-06-22,862676,False,,-50492.267567,96
849,81600,1333.57,2022-07-26,868035,False,,-13802.022663,96
850,81696,1335.01,2022-08-03,299863,False,,-22077.09806,96
851,81792,1336.62,2022-08-17,7010,False,,-33792.593549,96
852,81888,1338.1,2022-09-07,626821,False,,-24506.349071,96
853,81984,1339.41,2022-09-29,736086,False,,-26464.665379,96
854,82080,1340.91,2022-10-12,726514,False,,-37891.524794,96
855,82176,1342.36,2022-10-26,759715,False,,-11873.347659,96
856,82272,1343.82,2022-11-23,403692,False,,-15548.23762,96
857,82368,1345.3,2022-12-07,689849,False,,-20665.803604,96
858,82464,1346.74,2022-12-17,728357,False,,-18158.365214,96
859,82560,1348.24,2022-12-28,210208,False,,-13100.298746,96
860,82656,1349.82,2022-01-24,937320,False,,-46706.76737,96
861,82752,1351.25,2022-02-07,246479,False,,-36990.563462,96
862,82848,1352.85,2022-02-21,277152,False,,-27283.55222,96
863,82944,1354.45,2022-03-19,596510,False,,-31327.958041,96
864,83040,1355.92,2022-04-13,842983,False,,-16834.055086,96
865,83136,1357.52,2022-04-27,69841,False,,-16960.012869,96
866,83232,1358.99,2022-05-09,422200,False,,-15685.027674,96
867,83328,1360.35,2022-06-04,62366,False,,-19102.688394,96
868,83424,1361.8,2022-06-22,807314,False,,-13540.538043,96
869,83520,1363.4,2022-07-26,434987,False,,-24849.502672,96
870,83616,1364.93,2022-08-03,137271,False,,-22741.928964,96
871,83712,1366.37,2022-08-17,782824,False,,-25009.087334,96
872,83808,1367.98,2022-09-07,491941,False,,-21615.029534,96
873,83904,1369.63,2022-09-29,46154,False,,-14795.810376,96
874,84000,1370.93,2022-10-12,523143,False,,-20160.737802,96
875,84096,1372.33,2022-10-26,598516,False,,-26147.963181,96
876,84192,1373.74,2022-11-23,870326,False,,-35035.455258,96
877,84288,1375.32,2022-12-07,547470,False,,-24466.599442,96
878,84384,1376.81,2022-12-17,807521,False,,-14754.695299,96
879,84480,1378.23,2022-12-28,680959,False,,-25666.957963,96
880,84576,1379.58,2022-01-24,245984,False,,-24544.420169,96
881,84672,1381.04,2022-02-07,779802,False,,-27120.10723,96
882,84768,1382.42,2022-02-21,227066,False,,-34340.92038,96
883,84864,1383.85,2022-03-19,363363,False,,-16918.84664,96
884,84960,1385.24,2022-04-13,690922,False,,-23966.309906,96
885,85056,1386.62,2022-04-27,424348,False,,-8910.440926,96
886,85152,1387.93,2022-05-09,917224,False,,-14190.107267,96
887,85248,1389.18,2022-06-04,672360,False,,-18370.603074,96
888,85344,1390.61,2022-06-22,940194,False,,-27371.579687,96
889,85440,1392.12,2022-07-26,683397,False,,-27739.615672,96
890,85536,1393.41,2022-08-03,944062,False,,-12511.639953,96
891,85632,1394.84,2022-08-17,384973,False,,-20469.977679,96
892,85728,1396.31,2022-09-07,170018,False,,-36767.255573,96
893,85824,1397.63,2022-09-29,655632,False,,-18157.041516,96
894,85920,1398.96,2022-10-12,797798,False,,-29950.280911,96
895,86016,1400.39,2022-10-26,66612,False,,-21181.852881,96
896,86112,1401.9,2022-11-23,63328,False,,-46349.734257,96
897,86208,1403.28,2022-12-07,951452,False,,-23079.918383,96
898,86304,1404.68,2022-12-17,977744,False,,-26473.401528,96
899,86400,1405.89,2022-12-28,78166,False,,-24767.698965,96
900,86496,1407.48,2022-01-24,579387,False,,-32621.200803,96
901,86592,1408.93,2022-02-07,935339,False,,-20339.299444,96
902,86688,1410.3,2022-02-21,907542,False,,-20269.577829,96
903,86784,1411.69,2022-03-19,811285,False,,-23715.733681,96
904,86880,1413.16,2022-04-13,475409,False,,-20080.600185,96
905,86976,1414.46,2022-04-27,851197,False,,-24089.76594,96
906,87072,1415.98,2022-05-09,788924,False,,-30831.01063,96
907,87168,1417.45,2022-06-04,585603,False,,-13363.185584,96
908,87264,1418.8,2022-06-22,69708,False,,-34707.068991,96
909,87360,1420.26,2022-07-26,712018,False,,-22012.008886,96
910,87456,1421.85,2022-08-03,536239,False,,-12525.436908,96
911,87552,1423.49,2022-08-17,325809,False,,-22714.378151,96
912,87648,1424.77,2022-09-07,756234,False,,-9665.800051,96
913,87744,1426.1,2022-09-29,648193,False,,-30530.749625,96
914,87840,1427.59,2022-10-12,775050,False,,-20113.884133,96
915,87936,1429.11,2022-10-26,786697,False,,-23691.05138,96
916,88032,1430.71,2022-11-23,10097,False,,-22762.038476,96
917,88128,1432.27,2022-12-07,645323,False,,-25178.773008,96
918,88224,1433.75,2022-12-17,132778,False,,-23101.04461,96
919,88320,1435.21,2022-12-28,574888,False,,-30334.665752,96
920,88416,1436.62,2022-01-24,108531,False,,-24008.562316,96
921,88512,1438.06,2022-02-07,399470,False,,-21728.255922,96
922,88608,1439.6,2022-02-21,546961,False,,-18196.647647,96
923,88704,1441.3,2022-03-19,954039,False,,-22733.095808,96
924,88800,1442.93,2022-04-13,330420,False,,-30116.268089,96
925,88896,1444.38,2022-04-27,788414,False,,-25917.326118,96
926,88992,1445.81,2022-05-09,509178,False,,-22191.056612,96
927,89088,1447.6,2022-06-04,755599,False,,-18819.751708,96
928,89184,1449.39,2022-06-22,128724,False,,-26604.107836,96
929,89280,1450.97,2022-07-26,645234,False,,-28466.463187,96
930,89376,1452.41,2022-08-03,67577,False,,-29782.897021,96
931,89472,1453.85,2022-08-17,835261,False,,-18646.780805,96
932,89568,1455.13,2022-09-07,766817,False,,-28996.867151,96
933,89664,1456.57,2022-09-29,840739,False,,-38071.191836,96
934,89760,1458.63,2022-10-12,776702,False,,-28354.74055,96
935,89856,1460.39,2022-10-26,239415,False,,-13962.515282,96
936,89952,1462.03,2022-11-23,524669,False,,-27135.489406,96
937,90048,1478.56,2022-12-07,449110,False,,-32412.804882,96
938,90144,1480.2,2022-12-17,691889,False,,-19476.849221,96
939,90240,1481.99,2022-12-28,207794,False,,-13140.881889,96
940,90336,1483.73,2022-01-24,79925,False,,-24946.534808,96
941,90432,1485.46,2022-02-07,191850,False,,-22236.252313,96
942,90528,1486.97,2022-02-21,513771,False,,-27765.592052,96
943,90624,1488.43,2022-03-19,522860,False,,-26269.58306,96
944,90720,1489.9,2022-04-13,599561,False,,-40448.706288,96
945,90816,1491.3,2022-04-27,217878,False,,-19228.678676,96
946,90912,1492.73,2022-05-09,283478,False,,-29579.913633,96
947,91008,1494.24,2022-06-04,261434,False,,-20701.950959,96
948,91104,1495.77,2022-06-22,77624,False,,-39188.658426,96
949,91200,1497.19,2022-07-26,868457,False,,-15413.50624,96
950,91296,1498.57,2022-08-03,734804,False,,-30273.289561,96
951,91392,1499.98,2022-08-17,241714,False,,-15216.38738,96
952,91488,1501.31,2022-09-07,640094,False,,-21479.746668,96
953,91584,1502.77,2022-09-29,51572,False,,-34304.802608,96
954,91680,1503.98,2022-10-12,250027,False,,-17846.762032,96
955,91776,1505.46,2022-10-26,393077,False,,-20407.341489,96
956,91872,1506.86,2022-11-23,860869,False,,-24609.395901,96
957,91968,1508.45,2022-12-07,616799,False,,-30517.980351,96
958,92064,1509.83,2022-12-17,148765,False,,-20063.225477,96
959,92160,1511.19,2022-12-28,700231,False,,-27887.09081,96
960,92256,1512.55,2022-01-24,171665,False,,-17061.611998,96
961,92352,1514.0,2022-02-07,888431,False,,-34051.156816,96
962,92448,1515.47,2022-02-21,166872,False,,-29091.169398,96
963,92544,1517.01,2022-03-19,712092,False,,-20460.155305,96
964,92640,1518.77,2022-04-13,599018,False,,-23234.201894,96
965,92736,1520.3,2022-04-27,150419,False,,-14727.63091,96
966,92832,1521.72,2022-05-09,218439,False,,-11696.141795,96
967,92928,1523.44,2022-06-04,872743,False,,-35778.345672,96
968,93024,1525.12,2022-06-22,285456,False,,-11842.594674,96
969,93120,1527.62,2022-07-26,175529,False,,-37065.621646,96
970,93216,1529.63,2022-08-03,120334,False,,-24152.078555,96
971,93312,1531.19,2022-08-17,43578,False,,-28069.059014,96
972,93408,1532.77,2022-09-07,128221,False,,-39339.968012,96
973,93504,1534.37,2022-09-29,992541,False,,-20128.30241,96
974,93600,1536.14,2022-10-12,498425,False,,-54334.940506,96
975,93696,1537.92,2022-10-26,946103,False,,-38696.345319,96
976,93792,1539.66,2022-11-23,609344,False,,-20773.587482,96
977,93888,1541.2,2022-12-07,385882,False,,-17271.164236,96
978,93984,1542.95,2022-12-17,28551,False,,-18532.0525,96
979,94080,1544.49,2022-12-28,472352,False,,-14590.126969,96
980,94176,1545.91,2022-01-24,736810,False,,-17184.965035,96
981,94272,1547.71,2022-02-07,399467,False,,-26295.50169,96
982,94368,1549.54,2022-02-21,617125,False,,-20449.030375,96
983,94464,1551.13,2022-03-19,982880,False,,-24126.579674,96
984,94560,1552.82,2022-04-13,441635,False,,-22546.426523,96
985,94656,1554.37,2022-04-27,259297,False,,-24455.148264,96
986,94752,1555.92,2022-05-09,109915,False,,-32419.564447,96
987,94848,1557.47,2022-06-04,720843,False,,-51847.280743,96
988,94944,1559.13,2022-06-22,239097,False,,-30660.950401,96
989,95040,1560.69,2022-07-26,407492,False,,-15034.257981,96
990,95136,1562.22,2022-08-03,360338,False,,-26189.19389,96
991,95232,1563.81,2022-08-17,624562,False,,-23696.578149,96
992,95328,1565.33,2022-09-07,111846,False,,-17811.048844,96
993,95424,1567.0,2022-09-29,665180,False,,-18118.802128,96
994,95520,1568.37,2022-10-12,557262,False,,-29760.955413,96
995,95616,1569.85,2022-10-26,937580,False,,-15296.769311,96
996,95712,1571.68,2022-11-23,639911,False,,-25516.214036,96
997,95808,1573.41,2022-12-07,95429,False,,-20909.666811,96
998,95904,1575.16,2022-12-17,379819,False,,-23813.936135,96
999,96000,1577.01,2022-12-28,111646,False,,-24776.032365,96
1000,96096,1578.47,2022-01-24,263095,False,,-22373.878394,96
1001,96192,1580.04,2022-02-07,938501,False,,-30955.197859,96
1002,96288,1581.69,2022-02-21,342470,False,,-19698.575787,96
1003,96384,1583.29,2022-03-19,897057,False,,-50541.001934,96
1004,96480,1584.64,2022-04-13,444069,False,,-21063.694457,96
1005,96576,1586.08,2022-04-27,307239,False,,-27518.873972,96
1006,96672,1587.73,2022-05-09,518069,False,,-21819.69576,96
1007,96768,1589.36,2022-06-04,837879,False,,-32296.28163,96
1008,96864,1591.08,2022-06-22,566463,False,,-20899.062406,96
1009,96960,1592.87,2022-07-26,183333,False,,-12026.7077,96
1010,97056,1594.4,2022-08-03,757178,False,,-38585.76597,96
1011,97152,1596.19,2022-08-17,158887,False,,-24569.351665,96
1012,97248,1598.12,2022-09-07,485258,False,,-26268.653152,96
1013,97344,1599.74,2022-09-29,586923,False,,-24558.577529,96
1014,97440,1601.43,2022-10-12,367780,False,,-30016.25863,96
1015,97536,1602.99,2022-10-26,190843,False,,-38807.427898,96
1016,97632,1604.51,2022-11-23,325172,False,,-19380.00634,96
1017,97728,1605.88,2022-12-07,525961,False,,-19416.531232,96
1018,97824,1607.54,2022-12-17,925718,False,,-38008.04601,96
1019,97920,1609.01,2022-12-28,810631,False,,-41369.040635,96
1020,98016,1610.66,2022-01-24,111836,False,,-24342.199158,96
1021,98112,1612.25,2022-02-07,536190,False,,-48710.009482,96
1022,98208,1613.88,2022-02-21,775653,False,,-27528.209177,96
1023,98304,1615.42,2022-03-19,54027,False,,-25470.754121,96
1024,98400,1616.9,2022-04-13,125900,False,,-31957.373341,96
1025,98496,1618.55,2022-04-27,48862,False,,-31745.186967,96
1026,98592,1620.23,2022-05-09,352463,False,,-27665.054828,96
1027,98688,1621.76,2022-06-04,147698,False,,-24065.295894,96
1028,98784,1623.51,2022-06-22,344713,False,,-25489.171569,96
1029,98880,1625.06,2022-07-26,840925,False,,-43831.803084,96
1030,98976,1626.49,2022-08-03,732621,False,,-14395.799787,96
1031,99072,1628.18,2022-08-17,829734,False,,-12611.943388,96
1032,99168,1629.46,2022-09-07,551663,False,,-20481.720795,96
1033,99264,1631.13,2022-09-29,553110,False,,-25504.679004,96
1034,99360,1632.78,2022-10-12,845882,False,,-28380.590307,96
1035,99456,1634.25,2022-10-26,504472,False,,-18827.532492,96
1036,99552,1635.98,2022-11-23,823545,False,,-13175.392462,96
1037,99648,1637.66,2022-12-07,98772,False,,-21008.426546,96
1038,99744,1639.38,2022-12-17,132698,False,,-22673.603996,96
1039,99840,1640.88,2022-12-28,819322,False,,-13245.92629,96
1040,99936,1642.65,2022-01-24,405046,False,,-22423.34928,96
1041,100032,1657.78,2022-02-07,156133,False,,-5855.218417,96
1042,100128,1659.11,2022-02-21,650635,False,,-35580.727674,96
1043,100224,1661.07,2022-03-19,867476,False,,-22748.955421,96
1044,100320,1662.59,2022-04-13,24210,False,,-9796.876812,96
1045,100416,1664.41,2022-04-27,478380,False,,-23757.1972,96
1046,100512,1666.35,2022-05-09,270073,False,,-28527.789836,96
1047,100608,1668.08,2022-06-04,731655,False,,-12614.726723,96
1048,100704,1669.61,2022-06-22,634898,False,,-5716.610773,96
1049,100800,1671.25,2022-07-26,77475,False,,-18537.623383,96
1050,100896,1672.7,2022-08-03,657590,False,,-42803.750396,96
1051,100992,1673.88,2022-08-17,832341,False,,-22448.067025,96
1052,101088,1675.33,2022-09-07,581661,False,,-17328.492256,96
1053,101184,1677.08,2022-09-29,112213,False,,-22519.082232,96
1054,101280,1678.46,2022-10-12,415744,False,,-23941.882248,96
1055,101376,1679.89,2022-10-26,487668,False,,-30706.589587,96
1056,101472,1681.23,2022-11-23,245812,False,,-32857.586685,96
1057,101568,1682.71,2022-12-07,626045,False,,-20113.576786,96
1058,101664,1684.45,2022-12-17,975510,False,,-15615.592618,96
1059,101760,1686.66,2022-12-28,527907,False,,-23282.806897,96
1060,101856,1688.28,2022-01-24,560607,False,,-11457.898539,96
1061,101952,1689.56,2022-02-07,31529,False,,-33191.32047,96
1062,102048,1690.94,2022-02-21,538324,False,,-33175.500436,96
1063,102144,1692.33,2022-03-19,678291,False,,-20724.833996,96
1064,102240,1693.92,2022-04-13,917100,False,,-33620.387653,96
1065,102336,1695.32,2022-04-27,221927,False,,-11857.931391,96
1066,102432,1696.81,2022-05-09,372400,False,,-50107.194841,96
1067,102528,1698.24,2022-06-04,560338,False,,-16714.914361,96
1068,102624,1699.49,2022-06-22,215934,False,,-33216.016433,96
1069,102720,1701.0,2022-07-26,632232,False,,-25799.97774,96
1070,102816,1702.55,2022-08-03,939994,False,,-32320.132608,96
1071,102912,1704.23,2022-08-17,44069,False,,-29247.249585,96
1072,103008,1705.64,2022-09-07,106267,False,,-20363.274746,96
1073,103104,1707.0,2022-09-29,202975,False,,-24500.94808,96
1074,103200,1708.38,2022-10-12,416399,False,,-19028.374123,96
1075,103296,1709.72,2022-10-26,682080,False,,-36553.437095,96
1076,103392,1711.12,2022-11-23,41396,False,,-34580.944377,96
1077,103488,1712.54,2022-12-07,460715,False,,-45606.948981,96
1078,103584,1714.0,2022-12-17,918634,False,,-21764.496827,96
1079,103680,1715.32,2022-12-28,192496,False,,-29882.809708,96
1080,103776,1716.53,2022-01-24,49693,False,,-33292.211026,96
1081,103872,1717.99,2022-02-07,18195,False,,-23960.413282,96
1082,103968,1719.49,2022-02-21,657246,False,,-32078.732179,96
1083,104064,1720.78,2022-03-19,947183,False,,-29327.095496,96
1084,104160,1722.18,2022-04-13,914108,False,,-11786.12368,96
1085,104256,1723.49,2022-04-27,398394,False,,-16854.095146,96
1086,104352,1724.83,2022-05-09,857537,False,,-23144.847278,96
1087,104448,1726.17,2022-06-04,225704,False,,-30632.098978,96
1088,104544,1727.59,2022-06-22,321207,False,,-17436.162138,96
1089,104640,1729.09,2022-07-26,31609,False,,-25078.466583,96
1090,104736,1730.86,2022-08-03,602713,False,,-40954.31842,96
1091,104832,1732.51,2022-08-17,64545,False,,-14707.481131,96
1092,104928,1734.18,2022-09-07,274452,False,,-28386.486119,96
1093,105024,1735.69,2022-09-29,590791,False,,-13178.263889,96
1094,105120,1737.05,2022-10-12,483229,False,,-25423.480391,96
1095,105216,1738.42,2022-10-26,473752,False,,-30171.623242,96
1096,105312,1739.79,2022-11-23,577186,False,,-40531.539249,96
1097,105408,1741.3,2022-12-07,753332,False,,-18458.677759,96
1098,105504,1742.67,2022-12-17,678929,False,,-17660.053811,96
1099,105600,1744.0,2022-12-28,668939,False,,-25916.424211,96
1100,105696,1745.32,2022-01-24,98095,False,,-49931.68068,96
1101,105792,1746.96,2022-02-07,554997,False,,-40882.337251,96
1102,105888,1748.32,2022-02-21,838421,False,,-30480.129964,96
1103,105984,1749.72,2022-03-19,576686,False,,-20668.838542,96
1104,106080,1751.02,2022-04-13,375979,False,,-29395.935469,96
1105,106176,1752.36,2022-04-27,342159,False,,-25694.547861,96
1106,106272,1753.93,2022-05-09,568768,False,,-50338.013734,96
1107,106368,1755.42,2022-06-04,903111,False,,-45697.656481,96
1108,106464,1756.8,2022-06-22,804606,False,,-21461.983056,96
1109,106560,1758.19,2022-07-26,748699,False,,-27561.35615,96
1110,106656,1759.57,2022-08-03,385737,False,,-36916.06618,96
1111,106752,1761.02,2022-08-17,351368,False,,-43012.539493,96
1112,106848,1762.49,2022-09-07,871645,False,,-19179.970866,96
1113,106944,1763.96,2022-09-29,509502,False,,-31381.603661,96
1114,107040,1765.28,2022-10-12,92714,False,,-20377.350735,96
1115,107136,1766.58,2022-10-26,660158,False,,-28961.660427,96
1116,107232,1768.17,2022-11-23,985629,False,,-22700.983903,96
1117,107328,1769.6,2022-12-07,254338,False,,-16175.311995,96
1118,107424,1771.05,2022-12-17,11560,False,,-15889.95557,96
1119,107520,1772.4,2022-12-28,481053,False,,-17504.618856,96
1120,107616,1773.76,2022-01-24,550338,False,,-20634.541898,96
1121,107712,1775.22,2022-02-07,88532,False,,-19928.427988,96
1122,107808,1776.68,2022-02-21,415743,False,,-16795.394719,96
1123,107904,1777.91,2022-03-19,204381,False,,-18545.839201,96
1124,108000,1779.43,2022-04-13,167678,False,,-16804.656077,96
1125,108096,1780.98,2022-04-27,202850,False,,-20607.325764,96
1126,108192,1782.36,2022-05-09,845976,False,,-20435.079718,96
1127,108288,1783.73,2022-06-04,273184,False,,-15932.646899,96
1128,108384,1785.03,2022-06-22,884194,False,,-19085.336269,96
1129,108480,1786.33,2022-07-26,566469,False,,-12983.615462,96
1130,108576,1787.77,2022-08-03,850069,False,,-12637.757869,96
1131,108672,1789.56,2022-08-17,279519,False,,-25385.157252,96
1132,108768,1791.07,2022-09-07,947781,False,,-15659.98002,96
1133,108864,1792.52,2022-09-29,875457,False,,-36888.513215,96
1134,108960,1793.9,2022-10-12,45732,False,,-27712.793183,96
1135,109056,1795.65,2022-10-26,846074,False,,-16653.402235,96
1136,109152,1796.97,2022-11-23,305121,False,,-16039.0879,96
1137,109248,1798.42,2022-12-07,803165,False,,-30975.420052,96
1138,109344,1799.97,2022-12-17,945677,False,,-25919.065944,96
1139,109440,1801.31,2022-12-28,210970,False,,-14854.480739,96
1140,109536,1802.66,2022-01-24,869836,False,,-32672.887744,96
1141,109632,1804.1,2022-02-07,852988,False,,-17178.333292,96
1142,109728,1805.5,2022-02-21,858608,False,,-19011.641021,96
1143,109824,1807.07,2022-03-19,690314,False,,-23978.901249,96
1144,109920,1808.45,2022-04-13,558006,False,,-35633.991097,96
1145,110016,1823.0,2022-04-27,382538,False,,-46862.307171,96
1146,110112,1824.39,2022-05-09,608842,False,,-21670.015749,96
1147,110208,1825.8,2022-06-04,658226,False,,-43527.77698,96
1148,110304,1827.38,2022-06-22,357354,False,,-15846.964491,96
1149,110400,1828.85,2022-07-26,608350,False,,-11290.498972,96
1150,110496,1830.28,2022-08-03,130977,False,,-23691.699834,96
1151,110592,1831.76,2022-08-17,754793,False,,-44393.378488,96
1152,110688,1833.24,2022-09-07,946595,False,,-29817.37521,96
1153,110784,1834.86,2022-09-29,483924,False,,-22017.924728,96
1154,110880,1836.52,2022-10-12,111255,False,,-21399.399874,96
1155,110976,1838.03,2022-10-26,486501,False,,-31651.653725,96
1156,111072,1839.43,2022-11-23,700237,False,,-24805.166544,96
1157,111168,1840.89,2022-12-07,758297,False,,-30659.720753,96
1158,111264,1842.43,2022-12-17,490093,False,,-13319.775028,96
1159,111360,1843.82,2022-12-28,399561,False,,-19689.053037,96
1160,111456,1845.19,2022-01-24,986543,False,,-30219.374965,96
1161,111552,1846.73,2022-02-07,416569,False,,-18588.371376,96
1162,111648,1848.23,2022-02-21,302471,False,,-20412.675596,96
1163,111744,1849.8,2022-03-19,443354,False,,-24445.679164,96
1164,111840,1851.25,2022-04-13,257863,False,,-12429.014939,96
1165,111936,1852.54,2022-04-27,425734,False,,-32330.129439,96
1166,112032,1854.15,2022-05-09,102164,False,,-13343.99257,96
1167,112128,1855.81,2022-06-04,183198,False,,-29538.226867,96
1168,112224,1857.34,2022-06-22,536969,False,,-30561.899767,96
1169,112320,1858.95,2022-07-26,353069,False,,-31984.093194,96
1170,112416,1860.6,2022-08-03,864527,False,,-27008.240885,96
1171,112512,1862.26,2022-08-17,380631,False,,-56791.836325,96
1172,112608,1863.87,2022-09-07,957877,False,,-17665.153205,96
1173,112704,1865.47,2022-09-29,679769,False,,-56853.586037,96
1174,112800,1867.11,2022-10-12,390457,False,,-26092.875586,96
1175,112896,1868.67,2022-10-26,201271,False,,-37303.65225,96
1176,112992,1870.3,2022-11-23,895221,False,,-19208.076771,96
1177,113088,1871.87,2022-12-07,809566,False,,-25506.553366,96
1178,113184,1873.49,2022-12-17,411513,False,,-20599.040037,96
1179,113280,1875.31,2022-12-28,441688,False,,-25351.506472,96
1180,113376,1876.97,2022-01-24,176806,False,,-36650.805309,96
1181,113472,1878.71,2022-02-07,832517,False,,-25249.729242,96
1182,113568,1880.43,2022-02-21,873760,False,,-39301.831988,96
1183,113664,1882.08,2022-03-19,798186,False,,-34721.089613,96
1184,113760,1883.89,2022-04-13,710079,False,,-19587.035249,96
1185,113856,1885.59,2022-04-27,137923,False,,-48696.948431,96
1186,113952,1887.27,2022-05-09,705363,False,,-22633.261013,96
1187,114048,1888.68,2022-06-04,903268,False,,-41150.513092,96
1188,114144,1890.35,2022-06-22,232600,False,,-36509.072167,96
1189,114240,1892.04,2022-07-26,204517,False,,-18776.74918,96
1190,114336,1893.69,2022-08-03,256859,False,,-34144.067924,96
1191,114432,1895.32,2022-08-17,466092,False,,-15076.839265,96
1192,114528,1896.92,2022-09-07,333660,False,,-26402.362928,96
1193,114624,1898.62,2022-09-29,85208,False,,-14380.864629,96
1194,114720,1900.24,2022-10-12,767206,False,,-15045.519365,96
1195,114816,1901.89,2022-10-26,36794,False,,-30448.371761,96
1196,114912,1903.4,2022-11-23,570680,False,,-18492.897387,96
1197,115008,1904.96,2022-12-07,205882,False,,-12227.472956,96
1198,115104,1906.54,2022-12-17,979042,False,,-26772.933074,96
1199,115200,1908.2,2022-12-28,880772,False,,-27408.130983,96
1200,115296,1909.82,2022-01-24,67044,False,,-37323.313933,96
1201,115392,1911.36,2022-02-07,703512,False,,-22858.328951,96
1202,115488,1912.97,2022-02-21,457188,False,,-30460.517984,96
1203,115584,1914.59,2022-03-19,564660,False,,-16207.961019,96
1204,115680,1916.26,2022-04-13,576636,False,,-21061.02309,96
1205,115776,1917.86,2022-04-27,960012,False,,-16101.377557,96
1206,115872,1919.38,2022-05-09,257863,False,,-13388.110246,96
1207,115968,1920.93,2022-06-04,541455,False,,-15253.212215,96
1208,116064,1922.52,2022-06-22,153540,False,,-27778.881294,96
1209,116160,1924.22,2022-07-26,393809,False,,-32455.591759,96
1210,116256,1925.82,2022-08-03,569750,False,,-15164.420431,96
1211,116352,1927.43,2022-08-17,537321,False,,-34190.307246,96
1212,116448,1929.0,2022-09-07,257832,False,,-17066.239147,96
1213,116544,1930.65,2022-09-29,520458,False,,-21744.521191,96
1214,116640,1932.29,2022-10-12,551687,False,,-9847.270968,96
1215,116736,1933.87,2022-10-26,312192,False,,-10626.135179,96
1216,116832,1935.42,2022-11-23,352295,False,,-51445.61724,96
1217,116928,1937.02,2022-12-07,744684,False,,-21184.202878,96
1218,117024,1938.56,2022-12-17,328828,False,,-16509.139267,96
1219,117120,1940.1,2022-12-28,685614,False,,-20224.371265,96
1220,117216,1941.64,2022-01-24,931532,False,,-26211.011556,96
1221,117312,1943.28,2022-02-07,2172,False,,-37163.345548,96
1222,117408,1944.85,2022-02-21,458294,False,,-18173.238287,96
1223,117504,1946.45,2022-03-19,452531,False,,-21350.059966,96
1224,117600,1948.22,2022-04-13,392228,False,,-28853.115378,96
1225,117696,1949.8,2022-04-27,228374,False,,-24525.533101,96
1226,117792,1951.47,2022-05-09,885181,False,,-26963.11421,96
1227,117888,1953.13,2022-06-04,285803,False,,-25602.616203,96
1228,117984,1954.62,2022-06-22,527078,False,,-51342.685738,96
1229,118080,1956.22,2022-07-26,331128,False,,-26829.413979,96
1230,118176,1957.77,2022-08-03,745667,False,,-13814.360419,96
1231,118272,1959.09,2022-08-17,973934,False,,-14019.220447,96
1232,118368,1960.37,2022-09-07,897693,False,,-35931.401126,96
1233,118464,1961.74,2022-09-29,844427,False,,-29756.808346,96
1234,118560,1962.96,2022-10-12,547203,False,,-13818.055235,96
1235,118656,1964.23,2022-10-26,421200,False,,-17998.437718,96
1236,118752,1965.91,2022-11-23,238560,False,,-29853.731814,96
1237,118848,1967.58,2022-12-07,585259,False,,-17615.995311,96
1238,118944,1968.94,2022-12-17,749914,False,,-25176.119933,96
1239,119040,1970.34,2022-12-28,455938,False,,-31487.033768,96
1240,119136,1971.92,2022-01-24,767791,False,,-47532.497811,96
1241,119232,1973.45,2022-02-07,344433,False,,-23794.003029,96
1242,119328,1975.0,2022-02-21,796038,False,,-31668.485393,96
1243,119424,1976.43,2022-03-19,680735,False,,-12073.01583,96
1244,119520,1977.88,2022-04-13,933133,False,,-37077.649414,96
1245,119616,1979.3,2022-04-27,673528,False,,-19962.600517,96
1246,119712,1980.83,2022-05-09,489647,False,,-36787.811154,96
1247,119808,1982.24,2022-06-04,528025,False,,-25720.718719,96
1248,119904,1983.53,2022-06-22,743608,False,,-14247.76426,96
1249,120000,1985.17,2022-07-26,716919,False,,-13547.854622,96
1250,120096,1999.93,2022-08-03,963941,False,,-37104.581807,96
1251,120192,2001.31,2022-08-17,412283,False,,-25854.540313,96
1252,120288,2002.82,2022-09-07,649742,False,,-22795.021602,96
1253,120384,2004.27,2022-09-29,874252,False,,-22225.42377,96
1254,120480,2005.65,2022-10-12,500171,False,,-18440.00206,96
1255,120576,2007.24,2022-10-26,103825,False,,-28459.248344,96
1256,120672,2008.77,2022-11-23,679029,False,,-21246.18485,96
1257,120768,2010.3,2022-12-07,168969,False,,-16231.85281,96
1258,120864,2011.73,2022-12-17,49154,False,,-16689.544796,96
1259,120960,2013.21,2022-12-28,929338,False,,-44530.093458,96
1260,121056,2014.76,2022-01-24,336717,False,,-16960.107163,96
1261,121152,2016.22,2022-02-07,297899,False,,-44889.559148,96
1262,121248,2017.65,2022-02-21,843408,False,,-17020.563838,96
1263,121344,2019.12,2022-03-19,553782,False,,-14828.671828,96
1264,121440,2020.44,2022-04-13,255344,False,,-28376.648226,96
1265,121536,2021.91,2022-04-27,888183,False,,-31657.929418,96
1266,121632,2023.36,2022-05-09,335992,False,,-31985.639533,96
1267,121728,2024.95,2022-06-04,278081,False,,-23917.765795,96
1268,121824,2026.35,2022-06-22,312302,False,,-29899.733678,96
1269,121920,2027.74,2022-07-26,957125,False,,-14081.394574,96
1270,122016,2029.22,2022-08-03,737308,False,,-31935.815177,96
1271,122112,2030.58,2022-08-17,421261,False,,-22526.89147,96
1272,122208,2032.13,2022-09-07,301975,False,,-26282.206,96
1273,122304,2033.55,2022-09-29,788200,False,,-19160.087628,96
1274,122400,2035.12,2022-10-12,522263,False,,-32320.497626,96
1275,122496,2036.72,2022-10-26,699361,False,,-24911.179673,96
1276,122592,2038.1,2022-11-23,467859,False,,-26133.158484,96
1277,122688,2039.51,2022-12-07,999355,False,,-16522.071914,96
1278,122784,2041.01,2022-12-17,815462,False,,-23340.137914,96
1279,122880,2042.45,2022-12-28,635454,False,,-43942.694519,96
1280,122976,2044.12,2022-01-24,679731,False,,-21574.352798,96
1281,123072,2045.67,2022-02-07,894395,False,,-15234.074048,96
1282,123168,2047.1,2022-02-21,381428,False,,-20273.628128,96
1283,123264,2048.48,2022-03-19,747855,False,,-13648.609471,96
1284,123360,2049.86,2022-04-13,167545,False,,-26265.746322,96
1285,123456,2051.48,2022-04-27,215766,False,,-17465.845055,96
1286,123552,2053.02,2022-05-09,89122,False,,-27296.896428,96
1287,123648,2054.41,2022-06-04,755787,False,,-17287.768407,96
1288,123744,2055.93,2022-06-22,321557,False,,-23118.350931,96
1289,123840,2057.48,2022-07-26,523213,False,,-15277.318571,96
1290,123936,2058.98,2022-08-03,935671,False,,-49613.36241,96
1291,124032,2060.52,2022-08-17,32673,False,,-37817.28005,96
1292,124128,2062.02,2022-09-07,247431,False,,-21512.695107,96
1293,124224,2063.57,2022-09-29,604223,False,,-16075.099578,96
1294,124320,2065.0,2022-10-12,569859,False,,-58059.151775,96
1295,124416,2066.4,2022-10-26,44717,False,,-20598.470136,96
1296,124512,2067.88,2022-11-23,767686,False,,-12376.310561,96
1297,124608,2069.27,2022-12-07,680292,False,,-20676.994079,96
1298,124704,2070.81,2022-12-17,395373,False,,-36564.872046,96
1299,124800,2072.34,2022-12-28,850498,False,,-16374.529517,96
1300,124896,2073.82,2022-01-24,113127,False,,-43969.795203,96
1301,124992,2075.16,2022-02-07,697074,False,,-52413.620242,96
1302,125088,2076.51,2022-02-21,618470,False,,-33541.244363,96
1303,125184,2077.98,2022-03-19,184200,False,,-23135.194402,96
1304,125280,2079.53,2022-04-13,255899,False,,-18888.433414,96
1305,125376,2081.01,2022-04-27,995034,False,,-29049.257073,96
1306,125472,2082.51,2022-05-09,186608,False,,-15883.13433,96
1307,125568,2084.0,2022-06-04,848558,False,,-24109.989386,96
1308,125664,2085.48,2022-06-22,325424,False,,-37845.819509,96
1309,125760,2087.0,2022-07-26,535235,False,,-17413.853541,96
1310,125856,2088.5,2022-08-03,517188,False,,-31100.949013,96
1311,125952,2089.85,2022-08-17,300963,False,,-21295.123437,96
1312,126048,2091.28,2022-09-07,25880,False,,-29740.677422,96
1313,126144,2092.81,2022-09-29,280181,False,,-24344.581477,96
1314,126240,2094.33,2022-10-12,598037,False,,-12171.783683,96
1315,126336,2095.77,2022-10-26,179448,False,,-26414.626368,96
1316,126432,2097.17,2022-11-23,509354,False,,-21363.251976,96
1317,126528,2098.55,2022-12-07,465754,False,,-23166.216595,96
1318,126624,2100.04,2022-12-17,414946,False,,-23344.038762,96
1319,126720,2101.52,2022-12-28,22785,False,,-22723.505327,96
1320,126816,2103.01,2022-01-24,959443,False,,-19457.820829,96
1321,126912,2104.47,2022-02-07,538932,False,,-27163.307754,96
1322,127008,2105.93,2022-02-21,196169,False,,-9344.314045,96
1323,127104,2107.45,2022-03-19,181036,False,,-15803.051016,96
1324,127200,2109.03,2022-04-13,36648,False,,-17225.106614,96
1325,127296,2110.42,2022-04-27,743369,False,,-23717.677503,96
1326,127392,2111.9,2022-05-09,5544,False,,-30496.167893,96
1327,127488,2113.28,2022-06-04,824720,False,,-16434.623709,96
1328,127584,2114.78,2022-06-22,990372,False,,-14426.891422,96
1329,127680,2116.09,2022-07-26,413434,False,,-24050.013219,96
1330,127776,2117.41,2022-08-03,227455,False,,-20187.561533,96
1331,127872,2118.85,2022-08-17,43157,False,,-21994.802416,96
1332,127968,2120.28,2022-09-07,8320,False,,-16479.184599,96
1333,128064,2121.66,2022-09-29,461094,False,,-42617.542659,96
1334,128160,2123.23,2022-10-12,328266,False,,-44045.647681,96
1335,128256,2124.79,2022-10-26,920455,False,,-15966.227353,96
1336,128352,2126.24,2022-11-23,27180,False,,-32239.581327,96
1337,128448,2127.8,2022-12-07,652368,False,,-18436.634477,96
1338,128544,2129.32,2022-12-17,760359,False,,-29978.603024,96
1339,128640,2130.7,2022-12-28,284201,False,,-21182.90152,96
1340,128736,2132.18,2022-01-24,148384,False,,-53261.02501,96
1341,128832,2133.66,2022-02-07,669359,False,,-21535.761147,96
1342,128928,2135.15,2022-02-21,525337,False,,-19903.153707,96
1343,129024,2136.53,2022-03-19,579707,False,,-36936.618438,96
1344,129120,2137.98,2022-04-13,193396,False,,-21697.830454,96
1345,129216,2139.47,2022-04-27,65213,False,,-20684.57194,96
1346,129312,2140.88,2022-05-09,842332,False,,-19020.610246,96
1347,129408,2142.4,2022-06-04,178178,False,,-10436.030002,96
1348,129504,2143.93,2022-06-22,463328,False,,-21217.781549,96
1349,129600,2145.5,2022-07-26,9467,False,,-37154.881649,96
1350,129696,2146.9,2022-08-03,394859,False,,-11749.408321,96
1351,129792,2148.33,2022-08-17,902233,False,,-15418.488355,96
1352,129888,2149.76,2022-09-07,282676,False,,-15143.54296,96
1353,129984,2151.16,2022-09-29,459546,False,,-12469.431451,96
1354,130080,2166.51,2022-10-12,369621,False,,-21937.57071,96
1355,130176,2168.03,2022-10-26,422166,False,,-17415.332677,96
1356,130272,2169.48,2022-11-23,872408,False,,-33504.076796,96
1357,130368,2170.99,2022-12-07,734376,False,,-29084.071474,96
1358,130464,2172.48,2022-12-17,622702,False,,-9148.607568,96
1359,130560,2174.04,2022-12-28,289497,False,,-14071.077664,96
1360,130656,2175.71,2022-01-24,599879,False,,-23326.797516,96
1361,130752,2177.21,2022-02-07,106693,False,,-43790.562277,96
1362,130848,2178.74,2022-02-21,658147,False,,-34445.788302,96
1363,130944,2180.27,2022-03-19,326064,False,,-33996.484592,96
1364,131040,2181.69,2022-04-13,684945,False,,-16929.717957,96
1365,131136,2183.21,2022-04-27,500987,False,,-15378.277482,96
1366,131232,2184.73,2022-05-09,191099,False,,-34547.24125,96
1367,131328,2186.28,2022-06-04,789017,False,,-20734.745548,96
1368,131424,2187.73,2022-06-22,992920,False,,-13342.626583,96
1369,131520,2189.33,2022-07-26,364051,False,,-17695.857557,96
1370,131616,2190.86,2022-08-03,130845,False,,-32579.093683,96
1371,131712,2192.3,2022-08-17,143075,False,,-23349.099064,96
1372,131808,2193.78,2022-09-07,562751,False,,-25997.560969,96
1373,131904,2195.25,2022-09-29,737814,False,,-15809.18906,96
1374,132000,2196.82,2022-10-12,301328,False,,-34416.442567,96
1375,132096,2198.26,2022-10-26,355639,False,,-16006.744084,96
1376,132192,2199.8,2022-11-23,997177,False,,-15874.108398,96
1377,132288,2201.29,2022-12-07,10003,False,,-20036.235674,96
1378,132384,2202.77,2022-12-17,178936,False,,-24088.168646,96
1379,132480,2204.23,2022-12-28,650611,False,,-17863.017834,96
1380,132576,2205.78,2022-01-24,845073,False,,-47285.837312,96
1381,132672,2207.21,2022-02-07,416775,False,,-26201.758537,96
1382,132768,2208.74,2022-02-21,294261,False,,-22923.478561,96
1383,132864,2210.21,2022-03-19,807167,False,,-25299.632259,96
1384,132960,2211.62,2022-04-13,833389,False,,-27497.972049,96
1385,133056,2213.11,2022-04-27,282406,False,,-25777.368135,96
1386,133152,2214.63,2022-05-09,809984,False,,-41057.27804,96
1387,133248,2216.16,2022-06-04,389906,False,,-24867.97789,96
1388,133344,2217.58,2022-06-22,617590,False,,-12993.784717,96
1389,133440,2219.15,2022-07-26,951461,False,,-29454.642988,96
1390,133536,2220.66,2022-08-03,293314,False,,-18961.805674,96
1391,133632,2222.13,2022-08-17,432581,False,,-26921.497788,96
1392,133728,2223.72,2022-09-07,989902,False,,-18199.837863,96
1393,133824,2225.26,2022-09-29,930680,False,,-45023.324392,96
1394,133920,2226.73,2022-10-12,493028,False,,-18673.120981,96
1395,134016,2228.32,2022-10-26,105103,False,,-26732.898593,96
1396,134112,2229.72,2022-11-23,767883,False,,-14492.962764,96
1397,134208,2231.19,2022-12-07,910222,False,,-27190.927444,96
1398,134304,2232.67,2022-12-17,325000,False,,-20709.35441,96
1399,134400,2234.14,2022-12-28,272650,False,,-21472.624654,96
1400,134496,2235.61,2022-01-24,980952,False,,-36753.095232,96
1401,134592,2237.11,2022-02-07,966949,False,,-22735.206795,96
1402,134688,2238.43,2022-02-21,833995,False,,-26815.004056,96
1403,134784,2239.98,2022-03-19,528129,False,,-27854.826014,96
1404,134880,2241.37,2022-04-13,5158,False,,-11239.374021,96
1405,134976,2242.96,2022-04-27,802822,False,,-12866.488216,96
1406,135072,2244.52,2022-05-09,933538,False,,-27272.352177,96
1407,135168,2246.01,2022-06-04,594957,False,,-15919.164703,96
1408,135264,2247.67,2022-06-22,942565,False,,-30634.671364,96
1409,135360,2249.29,2022-07-26,684242,False,,-13092.878782,96
1410,135456,2250.8,2022-08-03,791408,False,,-19969.412271,96
1411,135552,2252.21,2022-08-17,647682,False,,-69084.868398,96
1412,135648,2253.78,2022-09-07,152305,False,,-29769.023387,96
1413,135744,2255.16,2022-09-29,898330,False,,-25661.366235,96
1414,135840,2256.74,2022-10-12,108888,False,,-22909.980546,96
1415,135936,2258.17,2022-10-26,33790,False,,-17571.389294,96
1416,136032,2259.61,2022-11-23,276758,False,,-22040.925995,96
1417,136128,2261.34,2022-12-07,241704,False,,-20561.170126,96
1418,136224,2262.78,2022-12-17,20000,False,,-27033.424619,96
1419,136320,2264.21,2022-12-28,128137,False,,-30362.035161,96
1420,136416,2265.67,2022-01-24,92536,False,,-23793.325112,96
1421,136512,2267.34,2022-02-07,503171,False,,-28974.14182,96
1422,136608,2269.02,2022-02-21,137666,False,,-18581.629256,96
1423,136704,2270.48,2022-03-19,776855,False,,-19915.727878,96
1424,136800,2271.94,2022-04-13,40267,False,,-13787.609345,96
1425,136896,2273.45,2022-04-27,582825,False,,-11981.837733,96
1426,136992,2274.93,2022-05-09,351962,False,,-9780.547596,96
1427,137088,2276.43,2022-06-04,383679,False,,-24699.995225,96
1428,137184,2277.97,2022-06-22,442342,False,,-32886.945158,96
1429,137280,2279.36,2022-07-26,661463,False,,-24294.33775,96
1430,137376,2280.82,2022-08-03,524235,False,,-17933.54947,96
1431,137472,2282.29,2022-08-17,720190,False,,-13764.526807,96
1432,137568,2283.77,2022-09-07,761018,False,,-9397.850636,96
1433,137664,2285.31,2022-09-29,240112,False,,-56413.682147,96
1434,137760,2286.89,2022-10-12,66386,False,,-25785.812213,96
1435,137856,2288.61,2022-10-26,749174,False,,-29250.522106,96
1436,137952,2290.23,2022-11-23,984809,False,,-19694.0662,96
1437,138048,2291.81,2022-12-07,854562,False,,-26157.329248,96
1438,138144,2293.42,2022-12-17,154868,False,,-8447.042606,96
1439,138240,2294.94,2022-12-28,126688,False,,-17155.743522,96
1440,138336,2296.58,2022-01-24,914678,False,,-22871.515116,96
1441,138432,2298.12,2022-02-07,545785,False,,-21911.389888,96
1442,138528,2299.62,2022-02-21,530676,False,,-18856.02242,96
1443,138624,2301.07,2022-03-19,655401,False,,-26977.454254,96
1444,138720,2302.55,2022-04-13,691587,False,,-21876.536568,96
1445,138816,2303.94,2022-04-27,601503,False,,-20158.556823,96
1446,138912,2305.46,2022-05-09,507901,False,,-21283.263194,96
1447,139008,2306.92,2022-06-04,892075,False,,-13647.409784,96
1448,139104,2308.55,2022-06-22,129660,False,,-30961.162736,96
1449,139200,2310.1,2022-07-26,753047,False,,-39772.149437,96
1450,139296,2311.6,2022-08-03,661057,False,,-21729.2804,96
1451,139392,2313.03,2022-08-17,322746,False,,-30218.556651,96
1452,139488,2314.57,2022-09-07,659457,False,,-32036.509863,96
1453,139584,2316.06,2022-09-29,289703,False,,-34545.732236,96
1454,139680,2317.51,2022-10-12,238903,False,,-31398.930526,96
1455,139776,2318.84,2022-10-26,750333,False,,-38144.471727,96
1456,139872,2320.42,2022-11-23,470020,False,,-19963.231237,96
1457,139968,2321.87,2022-12-07,767817,False,,-24095.687484,96
1458,140064,2338.19,2022-12-17,91864,False,,-43488.051408,96
1459,140160,2339.75,2022-12-28,240382,False,,-22236.418215,96
1460,140256,2341.41,2022-01-24,905494,False,,-21182.781118,96
1461,140352,2343.11,2022-02-07,33973,False,,-14625.790709,96
1462,140448,2344.64,2022-02-21,725059,False,,-13447.94182,96
1463,140544,2346.2,2022-03-19,169920,False,,-23410.219731,96
1464,140640,2347.69,2022-04-13,758749,False,,-20986.516146,96
1465,140736,2349.1,2022-04-27,609796,False,,-30769.333903,96
1466,140832,2350.56,2022-05-09,315284,False,,-15824.592304,96
1467,140928,2352.06,2022-06-04,205699,False,,-41042.23632,96
1468,141024,2353.44,2022-06-22,217621,False,,-20858.152935,96
1469,141120,2354.89,2022-07-26,778782,False,,-28393.549233,96
1470,141216,2356.31,2022-08-03,622767,False,,-24399.721684,96
1471,141312,2357.71,2022-08-17,678803,False,,-18735.51427,96
1472,141408,2359.16,2022-09-07,712758,False,,-13082.868007,96
1473,141504,2360.64,2022-09-29,288986,False,,-20647.229662,96
1474,141600,2362.2,2022-10-12,725060,False,,-19185.105443,96
1475,141696,2363.77,2022-10-26,16315,False,,-22364.539128,96
1476,141792,2365.17,2022-11-23,6457,False,,-21940.616521,96
1477,141888,2366.66,2022-12-07,657104,False,,-13286.239766,96
1478,141984,2368.19,2022-12-17,327099,False,,-22134.915547,96
1479,142080,2369.64,2022-12-28,295484,False,,-37590.201241,96
1480,142176,2371.09,2022-01-24,572128,False,,-15154.428369,96
1481,142272,2372.59,2022-02-07,74412,False,,-35635.897417,96
1482,142368,2374.01,2022-02-21,366757,False,,-51735.095238,96
1483,142464,2375.54,2022-03-19,852903,False,,-17649.528542,96
1484,142560,2377.04,2022-04-13,401858,False,,-16404.055225,96
1485,142656,2378.55,2022-04-27,594232,False,,-22104.38343,96
1486,142752,2380.04,2022-05-09,571988,False,,-22333.487526,96
1487,142848,2381.57,2022-06-04,105106,False,,-18280.121769,96
1488,142944,2383.0,2022-06-22,967220,False,,-21785.28999,96
1489,143040,2384.45,2022-07-26,956627,False,,-12794.711113,96
1490,143136,2386.0,2022-08-03,716798,False,,-12555.742775,96
1491,143232,2387.42,2022-08-17,491119,False,,-12220.709996,96
1492,143328,2388.87,2022-09-07,324731,False,,-22312.457812,96
1493,143424,2390.43,2022-09-29,738260,False,,-29390.227274,96
1494,143520,2391.9,2022-10-12,548959,False,,-8955.637881,96
1495,143616,2393.41,2022-10-26,853591,False,,-27335.196665,96
1496,143712,2394.89,2022-11-23,188995,False,,-24423.237718,96
1497,143808,2396.44,2022-12-07,303928,False,,-21034.662393,96
1498,143904,2397.89,2022-12-17,352055,False,,-16268.126064,96
1499,144000,2399.37,2022-12-28,532241,False,,-25843.761907,96
1500,144096,2400.86,2022-01-24,542004,False,,-11906.803001,96
1501,144192,2402.31,2022-02-07,268191,False,,-37044.507601,96
1502,144288,2403.72,2022-02-21,24498,False,,-23622.419158,96
1503,144384,2405.2,2022-03-19,371373,False,,-10735.766107,96
1504,144480,2406.73,2022-04-13,94351,False,,-26854.357871,96
1505,144576,2408.17,2022-04-27,841753,False,,-36386.418498,96
1506,144672,2409.66,2022-05-09,198612,False,,-28008.063061,96
1507,144768,2411.14,2022-06-04,864578,False,,-27282.595763,96
1508,144864,2412.69,2022-06-22,731640,False,,-16767.739767,96
1509,144960,2414.23,2022-07-26,321218,False,,-43277.570243,96
1510,145056,2415.78,2022-08-03,826032,False,,-24254.406426,96
1511,145152,2417.37,2022-08-17,45352,False,,-21116.209246,96
1512,145248,2418.8,2022-09-07,906864,False,,-27404.020691,96
1513,145344,2420.49,2022-09-29,930834,False,,-11400.653387,96
1514,145440,2421.99,2022-10-12,506617,False,,-27191.372811,96
1515,145536,2423.55,2022-10-26,518962,False,,-20596.050079,96
1516,145632,2425.05,2022-11-23,554446,False,,-21252.621014,96
1517,145728,2426.5,2022-12-07,486497,False,,-31502.951001,96
1518,145824,2428.0,2022-12-17,302490,False,,-25448.547187,96
1519,145920,2429.44,2022-12-28,901814,False,,-55898.081367,96
1520,146016,2430.9,2022-01-24,483966,False,,-37285.391012,96
1521,146112,2432.39,2022-02-07,849678,False,,-24739.757984,96
1522,146208,2433.92,2022-02-21,132219,False,,-18372.871229,96
1523,146304,2435.48,2022-03-19,837271,False,,-26853.800701,96
1524,146400,2436.89,2022-04-13,999685,False,,-18950.651879,96
1525,146496,2438.47,2022-04-27,63371,False,,-12676.933975,96
1526,146592,2439.9,2022-05-09,482451,False,,-16339.652178,96
1527,146688,2441.3,2022-06-04,628438,False,,-21578.39043,96
1528,146784,2442.75,2022-06-22,785011,False,,-18232.919956,96
1529,146880,2444.25,2022-07-26,25196,False,,-11406.934314,96
1530,146976,2445.77,2022-08-03,867943,False,,-41305.419629,96
1531,147072,2447.25,2022-08-17,503604,False,,-17743.221658,96
1532,147168,2448.75,2022-09-07,792932,False,,-41650.003659,96
1533,147264,2450.43,2022-09-29,525553,False,,-44544.809104,96
1534,147360,2452.16,2022-10-12,170122,False,,-35124.459965,96
1535,147456,2453.79,2022-10-26,590862,False,,-30920.336542,96
1536,147552,2455.36,2022-11-23,371512,False,,-34036.074311,96
1537,147648,2456.85,2022-12-07,39912,False,,-31471.626885,96
1538,147744,2458.3,2022-12-17,967458,False,,-15705.804365,96
1539,147840,2459.81,2022-12-28,726514,False,,-25148.926135,96
1540,147936,2461.34,2022-01-24,759715,False,,-17888.70852,96
1541,148032,2462.85,2022-02-07,403692,False,,-18471.668622,96
1542,148128,2464.38,2022-02-21,689849,False,,-30468.186036,96
1543,148224,2465.91,2022-03-19,728357,False,,-16100.482684,96
1544,148320,2467.39,2022-04-13,210208,False,,-15414.919894,96
1545,148416,2468.8,2022-04-27,937320,False,,-25319.119613,96
1546,148512,2470.35,2022-05-09,246479,False,,-37332.22038,96
1547,148608,2471.84,2022-06-04,858561,False,,-38162.592349,96
1548,148704,2473.41,2022-06-22,108755,False,,-15695.647248,96
1549,148800,2474.97,2022-07-26,678535,False,,-28742.535887,96
1550,148896,2476.47,2022-08-03,812438,False,,-20301.609658,96
1551,148992,2477.95,2022-08-17,504223,False,,-12478.447822,96
1552,149088,2479.37,2022-09-07,938924,False,,-7824.800567,96
1553,149184,2481.01,2022-09-29,282098,False,,-8102.148293,96
1554,149280,2482.47,2022-10-12,406400,False,,-30721.671588,96
1555,149376,2483.97,2022-10-26,787610,False,,-24228.703248,96
1556,149472,2485.53,2022-11-23,561504,False,,-30887.347481,96
1557,149568,2487.12,2022-12-07,931175,False,,-21567.595584,96
1558,149664,2488.48,2022-12-17,895920,False,,-25236.10538,96
1559,149760,2489.95,2022-12-28,29663,False,,-14195.02105,96
1560,149856,2491.4,2022-01-24,322430,False,,-27977.708524,96
1561,149952,2492.86,2022-02-07,619264,False,,-22314.476286,96
1562,150048,2507.46,2022-02-21,143129,False,,-43634.168672,96
1563,150144,2508.96,2022-03-19,935933,False,,-33624.781589,96
1564,150240,2510.35,2022-04-13,510487,False,,-34316.751344,96
1565,150336,2511.66,2022-04-27,753477,False,,-12849.71297,96
1566,150432,2513.15,2022-05-09,70454,False,,-20781.003625,96
1567,150528,2514.72,2022-06-04,680903,False,,-9494.260891,96
1568,150624,2516.05,2022-06-22,622447,False,,-43540.421716,96
1569,150720,2517.59,2022-07-26,137383,False,,-27248.741297,96
1570,150816,2519.07,2022-08-03,458513,False,,-26081.484771,96
1571,150912,2520.56,2022-08-17,490949,False,,-54067.473355,96
1572,151008,2522.06,2022-09-07,603853,False,,-11266.670062,96
1573,151104,2523.5,2022-09-29,772956,False,,-36565.48457,96
1574,151200,2524.91,2022-10-12,702165,False,,-22771.543981,96
1575,151296,2526.4,2022-10-26,818759,False,,-49716.683717,96
1576,151392,2527.91,2022-11-23,120956,False,,-14172.05371,96
1577,151488,2529.23,2022-12-07,141168,False,,-36569.428987,96
1578,151584,2530.72,2022-12-17,600903,False,,-44077.150277,96
1579,151680,2532.17,2022-12-28,828041,False,,-35706.944039,96
1580,151776,2533.66,2022-01-24,581497,False,,-33422.889117,96
1581,151872,2535.1,2022-02-07,196189,False,,-18268.335495,96
1582,151968,2536.51,2022-02-21,406816,False,,-22615.2754,96
1583,152064,2538.01,2022-03-19,740642,False,,-33458.152828,96
1584,152160,2539.48,2022-04-13,184600,False,,-42373.79269,96
1585,152256,2540.95,2022-04-27,235102,False,,-26251.091596,96
1586,152352,2542.5,2022-05-09,811531,False,,-25311.099303,96
1587,152448,2543.99,2022-06-04,624669,False,,-17225.474938,96
1588,152544,2545.37,2022-06-22,304172,False,,-29755.179384,96
1589,152640,2546.92,2022-07-26,417641,False,,-45038.718651,96
1590,152736,2548.48,2022-08-03,453344,False,,-23483.742128,96
1591,152832,2550.0,2022-08-17,687001,False,,-16446.217358,96
1592,152928,2551.63,2022-09-07,208370,False,,-16251.784131,96
1593,153024,2553.14,2022-09-29,454825,False,,-15091.78125,96
1594,153120,2554.61,2022-10-12,632300,False,,-21701.09143,96
1595,153216,2556.09,2022-10-26,473063,False,,-37681.452317,96
1596,153312,2557.68,2022-11-23,540537,False,,-22526.421015,96
1597,153408,2559.07,2022-12-07,991431,False,,-11052.843634,96
1598,153504,2560.55,2022-12-17,953019,False,,-16886.914825,96
1599,153600,2562.1,2022-12-28,37442,False,,-31252.807496,96
1600,153696,2563.87,2022-01-24,757305,False,,-23421.174646,96
1601,153792,2565.26,2022-02-07,417619,False,,-23295.108113,96
1602,153888,2566.77,2022-02-21,637521,False,,-14209.842092,96
1603,153984,2568.28,2022-03-19,170393,False,,-26625.182196,96
1604,154080,2569.73,2022-04-13,809045,False,,-32500.810449,96
1605,154176,2571.19,2022-04-27,226620,False,,-19785.19723,96
1606,154272,2572.74,2022-05-09,690472,False,,-23652.383945,96
1607,154368,2574.18,2022-06-04,666539,False,,-18465.163344,96
1608,154464,2575.52,2022-06-22,65496,False,,-25823.571274,96
1609,154560,2576.86,2022-07-26,434200,False,,-12435.874381,96
1610,154656,2578.18,2022-08-03,295513,False,,-20964.446744,96
1611,154752,2579.56,2022-08-17,275305,False,,-27611.832111,96
1612,154848,2581.12,2022-09-07,661628,False,,-29218.011009,96
1613,154944,2582.76,2022-09-29,476666,False,,-19858.854,96
1614,155040,2584.14,2022-10-12,573927,False,,-39911.011864,96
1615,155136,2585.71,2022-10-26,716837,False,,-28786.718607,96
1616,155232,2587.25,2022-11-23,446023,False,,-21822.754589,96
1617,155328,2588.68,2022-12-07,486903,False,,-17110.330097,96
1618,155424,2590.0,2022-12-17,2979,False,,-42510.140857,96
1619,155520,2591.46,2022-12-28,534415,False,,-28302.986798,96
1620,155616,2592.89,2022-01-24,105007,False,,-45927.941052,96
1621,155712,2594.39,2022-02-07,650604,False,,-21804.614328,96
1622,155808,2595.77,2022-02-21,187152,False,,-14677.660678,96
1623,155904,2597.0,2022-03-19,75704,False,,-24871.594669,96
1624,156000,2598.23,2022-04-13,349394,False,,-17764.001104,96
1625,156096,2599.47,2022-04-27,84158,False,,-20221.998535,96
1626,156192,2600.9,2022-05-09,125364,False,,-31687.545629,96
1627,156288,2602.27,2022-06-04,317801,False,,-15636.889994,96
1628,156384,2603.77,2022-06-22,501273,False,,-22878.610904,96
1629,156480,2605.17,2022-07-26,671087,False,,-25522.33714,96
1630,156576,2606.42,2022-08-03,80703,False,,-22219.79294,96
1631,156672,2607.83,2022-08-17,526498,False,,-22051.75541,96
1632,156768,2609.33,2022-09-07,408144,False,,-26281.212218,96
1633,156864,2610.73,2022-09-29,428015,False,,-43444.690701,96
1634,156960,2612.36,2022-10-12,146665,False,,-69607.700807,96
1635,157056,2613.73,2022-10-26,818403,False,,-42543.66612,96
1636,157152,2615.18,2022-11-23,765297,False,,-27507.554517,96
1637,157248,2616.6,2022-12-07,476633,False,,-16609.49301,96
1638,157344,2618.11,2022-12-17,858698,False,,-31730.541022,96
1639,157440,2619.59,2022-12-28,200970,False,,-23741.622876,96
1640,157536,2620.97,2022-01-24,302492,False,,-21118.457097,96
1641,157632,2622.43,2022-02-07,50888,False,,-15479.776017,96
1642,157728,2623.87,2022-02-21,539828,False,,-17201.283564,96
1643,157824,2625.18,2022-03-19,469797,False,,-23215.967767,96
1644,157920,2626.6,2022-04-13,170424,False,,-28969.86746,96
1645,158016,2627.83,2022-04-27,371673,False,,-25852.57459,96
1646,158112,2629.28,2022-05-09,962964,False,,-15906.790824,96
1647,158208,2630.51,2022-06-04,591649,False,,-16358.139515,96
1648,158304,2631.85,2022-06-22,860992,False,,-28058.839135,96
1649,158400,2633.13,2022-07-26,7796,False,,-26500.3153,96
1650,158496,2634.45,2022-08-03,269878,False,,-29207.310219,96
1651,158592,2635.98,2022-08-17,500699,False,,-37730.033074,96
1652,158688,2637.2,2022-09-07,728971,False,,-30650.44882,96
1653,158784,2638.68,2022-09-29,73502,False,,-17078.418915,96
1654,158880,2639.85,2022-10-12,704775,False,,-28929.180741,96
1655,158976,2641.32,2022-10-26,693574,False,,-22498.711633,96
1656,159072,2642.75,2022-11-23,700554,False,,-22408.165017,96
1657,159168,2644.29,2022-12-07,50917,False,,-15697.876776,96
1658,159264,2645.64,2022-12-17,606208,False,,-13639.9066,96
1659,159360,2646.96,2022-12-28,692253,False,,-34687.219425,96
1660,159456,2648.61,2022-01-24,407068,False,,-17578.849227,96
1661,159552,2650.04,2022-02-07,124942,False,,-37438.049771,96
1662,159648,2651.35,2022-02-21,212093,False,,-18824.707404,96
1663,159744,2652.61,2022-03-19,944207,False,,-18677.466191,96
1664,159840,2654.08,2022-04-13,52730,False,,-31934.011923,96
1665,159936,2655.52,2022-04-27,959902,False,,-33215.67142,96
1666,160032,2670.4,2022-05-09,829912,False,,-18452.343708,96
1667,160128,2671.79,2022-06-04,784419,False,,-11719.600239,96
1668,160224,2673.16,2022-06-22,26727,False,,-18208.46897,96
1669,160320,2674.73,2022-07-26,675271,False,,-22625.807453,96
1670,160416,2676.17,2022-08-03,877110,False,,-16466.220053,96
1671,160512,2677.5,2022-08-17,402774,False,,-31860.064041,96
1672,160608,2678.93,2022-09-07,540533,False,,-11437.771547,96
1673,160704,2680.24,2022-09-29,839121,False,,-9884.969809,96
1674,160800,2681.66,2022-10-12,507750,False,,-17650.985734,96
1675,160896,2683.08,2022-10-26,607468,False,,-30077.924145,96
1676,160992,2684.51,2022-11-23,628847,False,,-57341.04764,96
1677,161088,2685.93,2022-12-07,441095,False,,-26041.837089,96
1678,161184,2687.4,2022-12-17,558435,False,,-30210.698353,96
1679,161280,2688.73,2022-12-28,482681,False,,-30284.331404,96
1680,161376,2690.13,2022-01-24,731855,False,,-25266.623624,96
1681,161472,2691.51,2022-02-07,691500,False,,-25015.014721,96
1682,161568,2692.95,2022-02-21,774120,False,,-39667.038528,96
1683,161664,2694.44,2022-03-19,379500,False,,-16062.251608,96
1684,161760,2695.8,2022-04-13,312001,False,,-25156.981335,96
1685,161856,2697.24,2022-04-27,767249,False,,-26309.176984,96
1686,161952,2698.69,2022-05-09,423288,False,,-48740.755864,96
1687,162048,2700.1,2022-06-04,429821,False,,-22286.577374,96
1688,162144,2701.51,2022-06-22,899933,False,,-16173.835777,96
1689,162240,2702.96,2022-07-26,361009,False,,-16961.274552,96
1690,162336,2704.36,2022-08-03,546019,False,,-30135.174154,96
1691,162432,2705.92,2022-08-17,23663,False,,-13825.813257,96
1692,162528,2707.37,2022-09-07,507021,False,,-10708.072648,96
1693,162624,2708.77,2022-09-29,262167,False,,-12221.38689,96
1694,162720,2710.01,2022-10-12,689926,False,,-30695.582697,96
1695,162816,2711.41,2022-10-26,19713,False,,-20633.273273,96
1696,162912,2712.9,2022-11-23,67053,False,,-22618.38479,96
1697,163008,2714.39,2022-12-07,877787,False,,-31693.313409,96
1698,163104,2715.83,2022-12-17,243205,False,,-17889.595395,96
1699,163200,2717.33,2022-12-28,173597,False,,-20417.722232,96
1700,163296,2718.83,2022-01-24,639666,False,,-26608.746802,96
1701,163392,2720.24,2022-02-07,425784,False,,-24548.433862,96
1702,163488,2721.86,2022-02-21,15340,False,,-28508.448381,96
1703,163584,2723.2,2022-03-19,482933,False,,-27997.416646,96
1704,163680,2724.58,2022-04-13,201676,False,,-29045.257622,96
1705,163776,2725.95,2022-04-27,378718,False,,-38011.970978,96
1706,163872,2727.3,2022-05-09,700289,False,,-14283.194331,96
1707,163968,2728.59,2022-06-04,596333,False,,-23760.477136,96
1708,164064,2729.94,2022-06-22,2864,False,,-27844.569293,96
1709,164160,2731.36,2022-07-26,441068,False,,-14515.326217,96
1710,164256,2732.78,2022-08-03,540996,False,,-25016.107644,96
1711,164352,2734.09,2022-08-17,648320,False,,-24034.079693,96
1712,164448,2735.46,2022-09-07,884441,False,,-15460.703544,96
1713,164544,2736.95,2022-09-29,831457,False,,-22214.759628,96
1714,164640,2738.3,2022-10-12,624287,False,,-9928.160973,96
1715,164736,2739.77,2022-10-26,136818,False,,-18342.645081,96
1716,164832,2741.4,2022-11-23,383333,False,,-19016.065233,96
1717,164928,2742.85,2022-12-07,896965,False,,-23637.430275,96
1718,165024,2744.42,2022-12-17,520607,False,,-18914.978379,96
1719,165120,2745.88,2022-12-28,700529,False,,-33917.416021,96
1720,165216,2747.32,2022-01-24,318299,False,,-32239.238172,96
1721,165312,2748.77,2022-02-07,995333,False,,-30156.984998,96
1722,165408,2750.15,2022-02-21,185163,False,,-27198.713118,96
1723,165504,2751.6,2022-03-19,904906,False,,-24222.774123,96
1724,165600,2752.86,2022-04-13,350730,False,,-15770.555373,96
1725,165696,2754.48,2022-04-27,473708,False,,-50951.923689,96
1726,165792,2755.87,2022-05-09,498637,False,,-14733.251306,96
1727,165888,2757.18,2022-06-04,432908,False,,-19831.705554,96
1728,165984,2758.5,2022-06-22,503916,False,,-19932.438165,96
1729,166080,2759.85,2022-07-26,72118,False,,-19556.003916,96
1730,166176,2761.31,2022-08-03,641929,False,,-14152.198421,96
1731,166272,2762.58,2022-08-17,718471,False,,-23828.134425,96
1732,166368,2764.14,2022-09-07,241085,False,,-37661.982871,96
1733,166464,2765.74,2022-09-29,832538,False,,-17503.975665,96
1734,166560,2767.19,2022-10-12,833612,False,,-22375.603586,96
1735,166656,2768.7,2022-10-26,651619,False,,-12992.948273,96
1736,166752,2770.05,2022-11-23,704204,False,,-21448.539334,96
1737,166848,2771.47,2022-12-07,643101,False,,-28211.850504,96
1738,166944,2772.86,2022-12-17,196907,False,,-32635.358001,96
1739,167040,2774.44,2022-12-28,318633,False,,-19548.116826,96
1740,167136,2775.78,2022-01-24,990146,False,,-17470.942017,96
1741,167232,2777.15,2022-02-07,40648,False,,-25896.699962,96
1742,167328,2778.48,2022-02-21,562412,False,,-13929.574441,96
1743,167424,2779.88,2022-03-19,132379,False,,-15580.612518,96
1744,167520,2781.36,2022-04-13,757770,False,,-28391.811738,96
1745,167616,2782.85,2022-04-27,61168,False,,-19907.687762,96
1746,167712,2783.91,2022-05-09,202261,False,,-18304.364133,96
1747,167808,2785.39,2022-06-04,662580,False,,-24482.658661,96
1748,167904,2786.81,2022-06-22,708879,False,,-32579.11678,96
1749,168000,2788.15,2022-07-26,845376,False,,-81604.040685,96
1750,168096,2789.7,2022-08-03,664217,False,,-23888.416298,96
1751,168192,2791.12,2022-08-17,69841,False,,-32816.630554,96
1752,168288,2792.67,2022-09-07,422200,False,,-22420.514586,96
1753,168384,2794.12,2022-09-29,790793,False,,-19524.558663,96
1754,168480,2795.64,2022-10-12,700026,False,,-22056.430197,96
1755,168576,2796.85,2022-10-26,655560,False,,-21040.688842,96
1756,168672,2798.2,2022-11-23,296933,False,,-18333.712064,96
1757,168768,2799.68,2022-12-07,564259,False,,-12185.748743,96
1758,168864,2801.04,2022-12-17,452832,False,,-13230.277747,96
1759,168960,2802.58,2022-12-28,402461,False,,-29883.436095,96
1760,169056,2803.87,2022-01-24,447906,False,,-15432.253756,96
1761,169152,2805.28,2022-02-07,493672,False,,-13607.611354,96
1762,169248,2806.73,2022-02-21,675512,False,,-25436.765351,96
1763,169344,2807.96,2022-03-19,530059,False,,-22131.378523,96
1764,169440,2809.49,2022-04-13,481062,False,,-18895.658275,96
1765,169536,2810.96,2022-04-27,950133,False,,-21541.8613,96
1766,169632,2812.15,2022-05-09,592526,False,,-22887.58748,96
1767,169728,2813.41,2022-06-04,250187,False,,-22985.646356,96
1768,169824,2814.85,2022-06-22,941948,False,,-51225.348137,96
1769,169920,2816.34,2022-07-26,707321,False,,-19806.888359,96
1770,170016,2830.24,2022-08-03,931255,False,,-16454.897667,96
1771,170112,2831.54,2022-08-17,745524,False,,-23891.835069,96
1772,170208,2832.9,2022-09-07,641284,False,,-24715.563067,96
1773,170304,2834.44,2022-09-29,684669,False,,-36227.879358,96
1774,170400,2835.91,2022-10-12,555862,False,,-32560.417323,96
1775,170496,2837.28,2022-10-26,634968,False,,-45782.797788,96
1776,170592,2838.66,2022-11-23,736295,False,,-19269.993261,96
1777,170688,2840.0,2022-12-07,864948,False,,-13610.612263,96
1778,170784,2841.37,2022-12-17,88456,False,,-21431.157599,96
1779,170880,2842.79,2022-12-28,542131,False,,-34060.683466,96
1780,170976,2844.17,2022-01-24,673308,False,,-27857.893648,96
1781,171072,2845.59,2022-02-07,25041,False,,-16860.517981,96
1782,171168,2847.18,2022-02-21,348134,False,,-14985.339765,96
1783,171264,2848.85,2022-03-19,631536,False,,-15807.244584,96
1784,171360,2850.24,2022-04-13,632139,False,,-40913.709343,96
1785,171456,2851.6,2022-04-27,469757,False,,-20602.039853,96
1786,171552,2852.92,2022-05-09,632856,False,,-23828.717469,96
1787,171648,2854.33,2022-06-04,744779,False,,-49317.751987,96
1788,171744,2855.83,2022-06-22,422601,False,,-13223.977902,96
1789,171840,2857.38,2022-07-26,626106,False,,-34675.978371,96
1790,171936,2858.91,2022-08-03,943123,False,,-49704.754942,96
1791,172032,2860.24,2022-08-17,721304,False,,-42680.572359,96
1792,172128,2861.96,2022-09-07,720000,False,,-19633.270009,96
1793,172224,2863.61,2022-09-29,655163,False,,-40783.426933,96
1794,172320,2864.93,2022-10-12,924975,False,,-15600.937585,96
1795,172416,2866.43,2022-10-26,265604,False,,-23212.278481,96
1796,172512,2868.41,2022-11-23,318971,False,,-20094.978314,96
1797,172608,2870.29,2022-12-07,368409,False,,-30189.521292,96
1798,172704,2872.07,2022-12-17,701479,False,,-33973.517115,96
1799,172800,2873.58,2022-12-28,504998,False,,-15218.612959,96
1800,172896,2875.09,2022-01-24,978217,False,,-19753.405537,96
1801,172992,2876.64,2022-02-07,576951,False,,-24060.391218,96
1802,173088,2878.22,2022-02-21,308240,False,,-32704.335008,96
1803,173184,2879.92,2022-03-19,89941,False,,-27235.80312,96
1804,173280,2881.48,2022-04-13,600052,False,,-18123.271615,96
1805,173376,2883.09,2022-04-27,6305,False,,-29272.281794,96
1806,173472,2885.66,2022-05-09,404185,False,,-15857.287943,96
1807,173568,2887.29,2022-06-04,983277,False,,-55361.128824,96
1808,173664,2888.77,2022-06-22,506920,False,,-27723.530347,96
1809,173760,2890.24,2022-07-26,21209,False,,-34170.614132,96
1810,173856,2891.52,2022-08-03,923622,False,,-13586.85292,96
1811,173952,2892.87,2022-08-17,878732,False,,-20799.50323,96
1812,174048,2894.43,2022-09-07,886064,False,,-28462.562472,96
1813,174144,2895.82,2022-09-29,808792,False,,-16884.243559,96
1814,174240,2897.2,2022-10-12,435215,False,,-20506.573691,96
1815,174336,2898.36,2022-10-26,55264,False,,-29069.886522,96
1816,174432,2899.65,2022-11-23,152163,False,,-42977.584681,96
1817,174528,2901.3,2022-12-07,42938,False,,-32576.92885,96
1818,174624,2902.89,2022-12-17,185475,False,,-15537.209737,96
1819,174720,2904.43,2022-12-28,249313,False,,-14057.324677,96
1820,174816,2905.99,2022-01-24,528345,False,,-19753.072369,96
1821,174912,2907.35,2022-02-07,775392,False,,-13041.360513,96
1822,175008,2908.69,2022-02-21,599877,False,,-14839.855904,96
1823,175104,2911.44,2022-03-19,840235,False,,-25499.423017,96
1824,175200,2913.07,2022-04-13,809682,False,,-24507.529325,96
1825,175296,2914.58,2022-04-27,531836,False,,-23814.045249,96
1826,175392,2916.09,2022-05-09,823454,False,,-17812.762538,96
1827,175488,2917.69,2022-06-04,172013,False,,-15544.979121,96
1828,175584,2919.21,2022-06-22,179284,False,,-15033.289083,96
1829,175680,2920.6,2022-07-26,633673,False,,-5214.845661,96
1830,175776,2922.2,2022-08-03,769590,False,,-24103.726819,96
1831,175872,2923.6,2022-08-17,988605,False,,-18407.598588,96
1832,175968,2925.06,2022-09-07,964702,False,,-26499.619674,96
1833,176064,2926.67,2022-09-29,444104,False,,-15551.892303,96
1834,176160,2928.24,2022-10-12,107015,False,,-41872.176419,96
1835,176256,2929.46,2022-10-26,534220,False,,-34676.578158,96
1836,176352,2930.96,2022-11-23,804980,False,,-13795.401893,96
1837,176448,2932.2,2022-12-07,208193,False,,-23324.09032,96
1838,176544,2933.52,2022-12-17,178552,False,,-24813.213471,96
1839,176640,2934.95,2022-12-28,137132,False,,-19462.281148,96
1840,176736,2936.27,2022-01-24,975484,False,,-29240.229877,96
1841,176832,2937.54,2022-02-07,225222,False,,-26489.870516,96
1842,176928,2938.91,2022-02-21,333386,False,,-24327.707062,96
1843,177024,2940.43,2022-03-19,599769,False,,-16712.854793,96
1844,177120,2941.83,2022-04-13,45961,False,,-11101.628999,96
1845,177216,2943.18,2022-04-27,813708,False,,-18742.143315,96
1846,177312,2944.72,2022-05-09,345518,False,,-23492.069756,96
1847,177408,2946.17,2022-06-04,140035,False,,-25400.898826,96
1848,177504,2947.65,2022-06-22,51799,False,,-25611.832761,96
1849,177600,2949.04,2022-07-26,672137,False,,-21429.050939,96
1850,177696,2950.5,2022-08-03,270592,False,,-32462.361375,96
1851,177792,2952.03,2022-08-17,441111,False,,-22266.370285,96
1852,177888,2953.44,2022-09-07,119492,False,,-24862.466145,96
1853,177984,2954.95,2022-09-29,630566,False,,-27894.102792,96
1854,178080,2956.35,2022-10-12,958086,False,,-17021.667977,96
1855,178176,2957.73,2022-10-26,68901,False,,-32476.004209,96
1856,178272,2959.23,2022-11-23,388875,False,,-31567.852702,96
1857,178368,2960.6,2022-12-07,503618,False,,-36824.418227,96
1858,178464,2962.01,2022-12-17,755824,False,,-16855.187103,96
1859,178560,2963.32,2022-12-28,116791,False,,-15831.377003,96
1860,178656,2964.76,2022-01-24,511916,False,,-16512.663666,96
1861,178752,2966.16,2022-02-07,278691,False,,-15202.977736,96
1862,178848,2967.6,2022-02-21,397120,False,,-15361.965126,96
1863,178944,2969.07,2022-03-19,753735,False,,-8051.81565,96
1864,179040,2970.56,2022-04-13,111508,False,,-32282.709669,96
1865,179136,2971.85,2022-04-27,634587,False,,-12895.659229,96
1866,179232,2973.4,2022-05-09,959075,False,,-23826.147636,96
1867,179328,2974.79,2022-06-04,66117,False,,-14341.271069,96
1868,179424,2976.24,2022-06-22,384634,False,,-18532.022258,96
1869,179520,2977.59,2022-07-26,337820,False,,-23275.376727,96
1870,179616,2979.0,2022-08-03,677846,False,,-51245.595551,96
1871,179712,2980.43,2022-08-17,911588,False,,-14855.0618,96
1872,179808,2981.8,2022-09-07,624169,False,,-21176.867208,96
1873,179904,2983.29,2022-09-29,253572,False,,-29247.85228,96
1874,180000,2984.75,2022-10-12,906265,False,,-29962.313373,96
1875,180096,2998.95,2022-10-26,253438,False,,-27745.269544,96
1876,180192,3000.41,2022-11-23,316860,False,,-10353.49902,96
1877,180288,3001.91,2022-12-07,695548,False,,-35961.626723,96
1878,180384,3003.47,2022-12-17,323167,False,,-17739.303957,96
1879,180480,3005.07,2022-12-28,100641,False,,-32569.24741,96
1880,180576,3006.6,2022-01-24,827738,False,,-28665.470475,96
1881,180672,3007.94,2022-02-07,465651,False,,-61296.639993,96
1882,180768,3009.48,2022-02-21,438494,False,,-27870.494042,96
1883,180864,3010.98,2022-03-19,143713,False,,-20008.406305,96
1884,180960,3012.47,2022-04-13,267412,False,,-15258.055038,96
1885,181056,3013.82,2022-04-27,13977,False,,-24199.68998,96
1886,181152,3015.22,2022-05-09,771871,False,,-12333.11773,96
1887,181248,3016.72,2022-06-04,11805,False,,-11453.16452,96
1888,181344,3018.01,2022-06-22,833691,False,,-19049.221554,96
1889,181440,3019.49,2022-07-26,330822,False,,-20007.427669,96
1890,181536,3020.84,2022-08-03,358660,False,,-32716.946868,96
1891,181632,3022.18,2022-08-17,389400,False,,-25085.015461,96
1892,181728,3023.58,2022-09-07,704845,False,,-11282.976066,96
1893,181824,3024.98,2022-09-29,967045,False,,-26793.316317,96
1894,181920,3026.43,2022-10-12,520180,False,,-13067.253882,96
1895,182016,3027.75,2022-10-26,775439,False,,-19724.261683,96
1896,182112,3029.36,2022-11-23,174111,False,,-11887.872581,96
1897,182208,3030.92,2022-12-07,65670,False,,-4861.210028,96
1898,182304,3032.51,2022-12-17,74785,False,,-25261.869553,96
1899,182400,3034.28,2022-12-28,124674,False,,-11415.977558,96
1900,182496,3036.02,2022-01-24,827845,False,,-38366.337008,96
1901,182592,3037.69,2022-02-07,599012,False,,-22814.211921,96
1902,182688,3039.25,2022-02-21,74672,False,,-22987.697054,96
1903,182784,3040.94,2022-03-19,43202,False,,-31991.024525,96
1904,182880,3042.44,2022-04-13,204945,False,,-49401.360417,96
1905,182976,3044.01,2022-04-27,819866,False,,-11372.30541,96
1906,183072,3045.64,2022-05-09,403724,False,,-16466.384914,96
1907,183168,3047.08,2022-06-04,690762,False,,-15674.640769,96
1908,183264,3048.62,2022-06-22,772463,False,,-24840.645603,96
1909,183360,3050.12,2022-07-26,40328,False,,-9824.102015,96
1910,183456,3051.77,2022-08-03,463889,False,,-29742.260247,96
1911,183552,3053.32,2022-08-17,548251,False,,-30821.455819,96
1912,183648,3054.6,2022-09-07,59524,False,,-21527.418187,96
1913,183744,3056.25,2022-09-29,977453,False,,-48749.770389,96
1914,183840,3057.71,2022-10-12,884221,False,,-10991.458552,96
1915,183936,3059.31,2022-10-26,613378,False,,-13459.777753,96
1916,184032,3060.95,2022-11-23,537209,False,,-13110.276842,96
1917,184128,3062.61,2022-12-07,388912,False,,-26971.097734,96
1918,184224,3064.18,2022-12-17,215486,False,,-19268.377282,96
1919,184320,3065.72,2022-12-28,481355,False,,-70960.262402,96
1920,184416,3067.31,2022-01-24,31706,False,,-20804.356783,96
1921,184512,3068.98,2022-02-07,597102,False,,-20653.914966,96
1922,184608,3070.35,2022-02-21,559443,False,,-18892.791524,96
1923,184704,3071.76,2022-03-19,539036,False,,-26311.820999,96
1924,184800,3073.13,2022-04-13,324105,False,,-19550.414113,96
1925,184896,3074.91,2022-04-27,912238,False,,-19386.130041,96
1926,184992,3076.51,2022-05-09,119622,False,,-28676.488913,96
1927,185088,3078.12,2022-06-04,715024,False,,-30558.702939,96
1928,185184,3079.83,2022-06-22,187642,False,,-29085.207491,96
1929,185280,3081.46,2022-07-26,448183,False,,-24553.202318,96
1930,185376,3082.94,2022-08-03,11933,False,,-38912.537804,96
1931,185472,3084.57,2022-08-17,277707,False,,-44773.475457,96
1932,185568,3086.03,2022-09-07,84756,False,,-22818.513582,96
1933,185664,3087.3,2022-09-29,801878,False,,-24291.426893,96
1934,185760,3089.07,2022-10-12,678804,False,,-27245.745242,96
1935,185856,3090.66,2022-10-26,482688,False,,-20323.717119,96
1936,185952,3092.24,2022-11-23,221495,False,,-21169.409323,96
1937,186048,3093.79,2022-12-07,507068,False,,-33246.208087,96
1938,186144,3095.32,2022-12-17,734692,False,,-35825.129051,96
1939,186240,3096.91,2022-12-28,91143,False,,-25942.793609,96
1940,186336,3098.27,2022-01-24,947331,False,,-16539.345542,96
1941,186432,3099.55,2022-02-07,353093,False,,-15564.808652,96
1942,186528,3101.03,2022-02-21,177885,False,,-37530.886358,96
1943,186624,3102.48,2022-03-19,666640,False,,-64153.472118,96
1944,186720,3104.15,2022-04-13,166331,False,,-22995.899558,96
1945,186816,3105.66,2022-04-27,89063,False,,-21277.107932,96
1946,186912,3107.17,2022-05-09,295598,False,,-30409.21183,96
1947,187008,3108.67,2022-06-04,101023,False,,-40953.092505,96
1948,187104,3110.22,2022-06-22,592379,False,,-21186.803265,96
1949,187200,3111.85,2022-07-26,743475,False,,-31301.96243,96
1950,187296,3113.35,2022-08-03,787688,False,,-12031.402312,96
1951,187392,3114.78,2022-08-17,140133,False,,-30589.244799,96
1952,187488,3116.09,2022-09-07,875045,False,,-18198.255621,96
1953,187584,3117.68,2022-09-29,732886,False,,-29187.89228,96
1954,187680,3119.08,2022-10-12,726587,False,,-14744.171356,96
1955,187776,3120.58,2022-10-26,660893,False,,-15520.491095,96
1956,187872,3122.0,2022-11-23,995350,False,,-28708.278694,96
1957,187968,3123.51,2022-12-07,844872,False,,-29453.825301,96
1958,188064,3124.77,2022-12-17,643795,False,,-21786.901604,96
1959,188160,3126.44,2022-12-28,599092,False,,-23653.708531,96
1960,188256,3128.05,2022-01-24,268004,False,,-27252.733446,96
1961,188352,3129.48,2022-02-07,105186,False,,-16176.199858,96
1962,188448,3131.08,2022-02-21,747270,False,,-20105.019829,96
1963,188544,3132.72,2022-03-19,314149,False,,-17496.626342,96
1964,188640,3134.28,2022-04-13,817281,False,,-19128.427464,96
1965,188736,3135.8,2022-04-27,632758,False,,-29554.628388,96
1966,188832,3137.28,2022-05-09,485546,False,,-22510.966193,96
1967,188928,3138.84,2022-06-04,616868,False,,-23237.619733,96
1968,189024,3140.37,2022-06-22,66984,False,,-22936.577489,96
1969,189120,3141.82,2022-07-26,634241,False,,-32071.488153,96
1970,189216,3143.32,2022-08-03,720058,False,,-17984.199244,96
1971,189312,3144.8,2022-08-17,530015,False,,-19823.498311,96
1972,189408,3146.4,2022-09-07,459442,False,,-24643.375221,96
1973,189504,3148.05,2022-09-29,15489,False,,-13896.538659,96
1974,189600,3149.71,2022-10-12,659744,False,,-18127.658682,96
1975,189696,3151.5,2022-10-26,441557,False,,-25096.367951,96
1976,189792,3153.19,2022-11-23,911028,False,,-22577.875731,96
1977,189888,3154.93,2022-12-07,187717,False,,-14232.606367,96
1978,189984,3156.6,2022-12-17,811340,False,,-21107.027871,96
1979,190080,3172.68,2022-12-28,948836,False,,-37438.51577,96
1980,190176,3174.19,2022-01-24,913539,False,,-26323.211599,96
1981,190272,3175.57,2022-02-07,816815,False,,-25926.036551,96
1982,190368,3177.0,2022-02-21,852406,False,,-23452.067536,96
1983,190464,3178.35,2022-03-19,698725,False,,-35907.616592,96
1984,190560,3179.98,2022-04-13,279917,False,,-31525.634092,96
1985,190656,3181.62,2022-04-27,456994,False,,-34673.912022,96
1986,190752,3183.21,2022-05-09,319694,False,,-21411.355374,96
1987,190848,3184.77,2022-06-04,862373,False,,-17339.206706,96
1988,190944,3186.3,2022-06-22,376016,False,,-59743.130862,96
1989,191040,3188.0,2022-07-26,375650,False,,-18865.887755,96
1990,191136,3189.6,2022-08-03,615379,False,,-23218.959954,96
1991,191232,3191.31,2022-08-17,444128,False,,-22507.296998,96
1992,191328,3192.95,2022-09-07,777122,False,,-29653.714661,96
1993,191424,3194.54,2022-09-29,508517,False,,-24786.154449,96
1994,191520,3196.23,2022-10-12,450411,False,,-21140.740183,96
1995,191616,3197.87,2022-10-26,594650,False,,-48096.961702,96
1996,191712,3199.61,2022-11-23,894415,False,,-29036.12517,96
1997,191808,3201.07,2022-12-07,844354,False,,-23322.665383,96
1998,191904,3202.56,2022-12-17,593554,False,,-22168.873538,96
1999,192000,3204.03,2022-12-28,781791,False,,-14883.8738,96
2000,192096,3205.48,2022-01-24,197041,False,,-12695.911359,96
2001,192192,3206.9,2022-02-07,143386,False,,-15680.383919,96
2002,192288,3208.2,2022-02-21,836885,False,,-25878.279825,96
2003,192384,3209.97,2022-03-19,887411,False,,-26004.724203,96
2004,192480,3211.68,2022-04-13,565273,False,,-12172.029394,96
2005,192576,3213.36,2022-04-27,643580,False,,-53368.367964,96
2006,192672,3214.87,2022-05-09,731894,False,,-16684.844517,96
2007,192768,3216.39,2022-06-04,810553,False,,-22141.73731,96
2008,192864,3218.0,2022-06-22,396240,False,,-22662.868145,96
2009,192960,3219.71,2022-07-26,4407,False,,-18737.362801,96
2010,193056,3221.34,2022-08-03,383389,False,,-22279.49165,96
2011,193152,3223.03,2022-08-17,759630,False,,-64255.424228,96
2012,193248,3224.56,2022-09-07,753064,False,,-33334.551916,96
2013,193344,3226.03,2022-09-29,731739,False,,-21536.275668,96
2014,193440,3227.65,2022-10-12,962074,False,,-16769.910798,96
2015,193536,3229.18,2022-10-26,921707,False,,-29277.37918,96
2016,193632,3230.61,2022-11-23,551311,False,,-21599.8052,96
2017,193728,3232.26,2022-12-07,935568,False,,-12457.380569,96
2018,193824,3233.93,2022-12-17,156425,False,,-31462.392303,96
2019,193920,3235.4,2022-12-28,9565,False,,-24838.829369,96
2020,194016,3236.83,2022-01-24,300613,False,,-22222.411347,96
2021,194112,3238.46,2022-02-07,215386,False,,-25614.70735,96
2022,194208,3240.23,2022-02-21,713321,False,,-28767.440407,96
2023,194304,3241.84,2022-03-19,461603,False,,-16526.070662,96
2024,194400,3243.33,2022-04-13,867071,False,,-13994.889899,96
2025,194496,3244.91,2022-04-27,55567,False,,-42159.883386,96
2026,194592,3246.51,2022-05-09,521078,False,,-55262.404376,96
2027,194688,3248.04,2022-06-04,592289,False,,-22970.838188,96
2028,194784,3249.69,2022-06-22,206681,False,,-12395.683718,96
2029,194880,3251.42,2022-07-26,576732,False,,-12870.779627,96
2030,194976,3253.18,2022-08-03,289338,False,,-27498.827029,96
2031,195072,3254.72,2022-08-17,817778,False,,-47517.925127,96
2032,195168,3256.31,2022-09-07,353297,False,,-53971.419709,96
2033,195264,3257.98,2022-09-29,289237,False,,-38607.157459,96
2034,195360,3259.43,2022-10-12,58349,False,,-22242.460216,96
2035,195456,3260.95,2022-10-26,400664,False,,-36600.875532,96
2036,195552,3262.68,2022-11-23,689553,False,,-31442.356756,96
2037,195648,3264.14,2022-12-07,827539,False,,-40288.227067,96
2038,195744,3265.71,2022-12-17,77144,False,,-27383.593351,96
2039,195840,3267.02,2022-12-28,700310,False,,-28822.323511,96
2040,195936,3268.5,2022-01-24,533372,False,,-41513.462732,96
2041,196032,3270.2,2022-02-07,553917,False,,-26322.532993,96
2042,196128,3271.74,2022-02-21,795510,False,,-19693.139995,96
2043,196224,3273.3,2022-03-19,22846,False,,-31668.514966,96
2044,196320,3274.86,2022-04-13,85262,False,,-12110.6266,96
2045,196416,3276.33,2022-04-27,340415,False,,-14550.261321,96
2046,196512,3277.95,2022-05-09,856830,False,,-14253.684195,96
2047,196608,3279.45,2022-06-04,190083,False,,-26304.174998,96
2048,196704,3281.03,2022-06-22,699148,False,,-17159.112671,96
2049,196800,3282.51,2022-07-26,652615,False,,-39581.986779,96
2050,196896,3284.15,2022-08-03,786963,False,,-24418.488788,96
2051,196992,3285.7,2022-08-17,64716,False,,-18739.764237,96
2052,197088,3287.32,2022-09-07,820696,False,,-36549.073869,96
2053,197184,3288.92,2022-09-29,685869,False,,-50041.351501,96
2054,197280,3290.48,2022-10-12,151160,False,,-19050.051634,96
2055,197376,3292.05,2022-10-26,337016,False,,-11180.214568,96
2056,197472,3293.53,2022-11-23,61431,False,,-39145.100615,96
2057,197568,3295.16,2022-12-07,208041,False,,-28403.137611,96
2058,197664,3296.67,2022-12-17,471055,False,,-20782.734383,96
2059,197760,3298.1,2022-12-28,776525,False,,-15517.182459,96
2060,197856,3299.73,2022-01-24,885749,False,,-16489.722071,96
2061,197952,3301.35,2022-02-07,345056,False,,-23605.555422,96
2062,198048,3302.88,2022-02-21,416574,False,,-31148.375302,96
2063,198144,3304.42,2022-03-19,358507,False,,-19288.065521,96
2064,198240,3305.92,2022-04-13,261144,False,,-20319.248801,96
2065,198336,3307.5,2022-04-27,351643,False,,-18909.002632,96
2066,198432,3309.19,2022-05-09,979550,False,,-22367.27089,96
2067,198528,3310.87,2022-06-04,815830,False,,-26343.994472,96
2068,198624,3312.49,2022-06-22,170227,False,,-29082.969084,96
2069,198720,3314.13,2022-07-26,857509,False,,-31348.523878,96
2070,198816,3315.72,2022-08-03,714756,False,,-28071.090395,96
2071,198912,3317.3,2022-08-17,473668,False,,-15223.937152,96
2072,199008,3318.9,2022-09-07,910725,False,,-30296.15178,96
2073,199104,3320.55,2022-09-29,556066,False,,-15057.758308,96
2074,199200,3322.14,2022-10-12,84353,False,,-18348.133191,96
2075,199296,3323.66,2022-10-26,846655,False,,-13712.978506,96
2076,199392,3325.41,2022-11-23,185218,False,,-16014.194465,96
2077,199488,3326.77,2022-12-07,952773,False,,-28725.497848,96
2078,199584,3328.28,2022-12-17,227446,False,,-40218.756382,96
2079,199680,3329.93,2022-12-28,256633,False,,-15518.234869,96
2080,199776,3331.52,2022-01-24,38777,False,,-29190.327731,96
2081,199872,3333.12,2022-02-07,643339,False,,-18394.978453,96
2082,199968,3334.61,2022-02-21,729615,False,,-17730.69667,96
2083,200064,3351.4,2022-03-19,482510,False,,-13741.896738,96
2084,200160,3353.05,2022-04-13,719232,False,,-16783.5788,96
2085,200256,3354.6,2022-04-27,376804,False,,-24252.320259,96
2086,200352,3356.08,2022-05-09,513084,False,,-20222.69053,96
2087,200448,3357.55,2022-06-04,454353,False,,-20211.040377,96
2088,200544,3359.15,2022-06-22,212531,False,,-19241.573992,96
2089,200640,3360.77,2022-07-26,613796,False,,-28797.311132,96
2090,200736,3362.34,2022-08-03,934939,False,,-19964.079825,96
2091,200832,3363.94,2022-08-17,753649,False,,-15831.858469,96
2092,200928,3365.46,2022-09-07,429971,False,,-24482.119957,96
2093,201024,3366.98,2022-09-29,936155,False,,-14627.030829,96
2094,201120,3368.61,2022-10-12,169470,False,,-22726.42998,96
2095,201216,3370.0,2022-10-26,28602,False,,-13687.203334,96
2096,201312,3371.91,2022-11-23,439300,False,,-23836.678531,96
2097,201408,3373.7,2022-12-07,235220,False,,-18351.137993,96
2098,201504,3375.36,2022-12-17,712478,False,,-21651.839068,96
2099,201600,3377.05,2022-12-28,357587,False,,-30337.759246,96
2100,201696,3378.66,2022-01-24,595426,False,,-12322.25476,96
2101,201792,3380.26,2022-02-07,232304,False,,-14139.275898,96
2102,201888,3381.83,2022-02-21,882272,False,,-48058.595657,96
2103,201984,3383.58,2022-03-19,619089,False,,-28993.47,96
2104,202080,3385.29,2022-04-13,902427,False,,-16532.856362,96
2105,202176,3386.73,2022-04-27,802403,False,,-28750.595017,96
2106,202272,3388.18,2022-05-09,864232,False,,-18032.779242,96
2107,202368,3389.67,2022-06-04,866178,False,,-21328.796185,96
2108,202464,3391.2,2022-06-22,411409,False,,-31043.325338,96
2109,202560,3392.83,2022-07-26,496291,False,,-34277.409376,96
2110,202656,3394.48,2022-08-03,221422,False,,-18161.348591,96
2111,202752,3395.84,2022-08-17,25596,False,,-30993.530935,96
2112,202848,3397.37,2022-09-07,614189,False,,-14711.713069,96
2113,202944,3398.88,2022-09-29,842613,False,,-17108.605631,96
2114,203040,3400.54,2022-10-12,101810,False,,-23642.058639,96
2115,203136,3402.16,2022-10-26,473633,False,,-17052.194525,96
2116,203232,3403.7,2022-11-23,257991,False,,-42507.869029,96
2117,203328,3405.2,2022-12-07,597158,False,,-24630.433122,96
2118,203424,3406.8,2022-12-17,141578,False,,-11913.21926,96
2119,203520,3408.38,2022-12-28,457705,False,,-26211.925595,96
2120,203616,3410.06,2022-01-24,558764,False,,-25952.667214,96
2121,203712,3411.75,2022-02-07,459137,False,,-25598.032418,96
2122,203808,3413.49,2022-02-21,366292,False,,-15490.781819,96
2123,203904,3415.14,2022-03-19,618359,False,,-16850.805671,96
2124,204000,3416.68,2022-04-13,453477,False,,-24521.994149,96
2125,204096,3418.25,2022-04-27,532816,False,,-13837.270063,96
2126,204192,3419.75,2022-05-09,659725,False,,-28913.074735,96
2127,204288,3421.3,2022-06-04,303439,False,,-27793.278653,96
2128,204384,3422.92,2022-06-22,921893,False,,-29847.935208,96
2129,204480,3424.26,2022-07-26,699361,False,,-16427.495485,96
2130,204576,3425.39,2022-08-03,467859,False,,-24656.957074,96
2131,204672,3426.8,2022-08-17,999355,False,,-16195.106664,96
2132,204768,3428.39,2022-09-07,582968,False,,-30887.340865,96
2133,204864,3429.88,2022-09-29,513737,False,,-13022.264825,96
2134,204960,3431.43,2022-10-12,427783,False,,-33863.823814,96
2135,205056,3432.96,2022-10-26,668208,False,,-26835.876537,96
2136,205152,3434.52,2022-11-23,507918,False,,-21347.279769,96
2137,205248,3436.23,2022-12-07,191250,False,,-21293.853495,96
2138,205344,3437.68,2022-12-17,592207,False,,-38930.918046,96
2139,205440,3439.28,2022-12-28,957254,False,,-22838.055342,96
2140,205536,3441.02,2022-01-24,322512,False,,-23027.831588,96
2141,205632,3442.54,2022-02-07,138029,False,,-32310.822029,96
2142,205728,3444.11,2022-02-21,56884,False,,-29223.964715,96
2143,205824,3445.75,2022-03-19,885706,False,,-16319.933672,96
2144,205920,3447.35,2022-04-13,244431,False,,-14460.251895,96
2145,206016,3448.98,2022-04-27,817598,False,,-42780.442124,96
2146,206112,3450.69,2022-05-09,232074,False,,-20721.309247,96
2147,206208,3452.29,2022-06-04,257875,False,,-20386.506919,96
2148,206304,3453.84,2022-06-22,684275,False,,-29592.342533,96
2149,206400,3455.24,2022-07-26,511865,False,,-31386.165769,96
2150,206496,3456.68,2022-08-03,869197,False,,-19401.604536,96
2151,206592,3458.28,2022-08-17,286292,False,,-15122.043263,96
2152,206688,3459.85,2022-09-07,491882,False,,-41315.452351,96
2153,206784,3461.76,2022-09-29,77082,False,,-22519.293747,96
2154,206880,3463.3,2022-10-12,848418,False,,-17747.7686,96
2155,206976,3465.12,2022-10-26,416218,False,,-27424.504191,96
2156,207072,3466.68,2022-11-23,669244,False,,-39231.452603,96
2157,207168,3468.42,2022-12-07,737595,False,,-39260.124439,96
2158,207264,3469.98,2022-12-17,956762,False,,-13990.127034,96
2159,207360,3471.65,2022-12-28,818221,False,,-34698.91011,96
2160,207456,3473.28,2022-01-24,645520,False,,-27291.705506,96
2161,207552,3474.91,2022-02-07,823728,False,,-18750.1608,96
2162,207648,3476.5,2022-02-21,792388,False,,-29236.334241,96
2163,207744,3477.65,2022-03-19,373755,False,,-20359.028913,96
2164,207840,3479.14,2022-04-13,891290,False,,-53240.206252,96
2165,207936,3480.46,2022-04-27,250609,False,,-16113.811973,96
2166,208032,3482.03,2022-05-09,907792,False,,-23193.56458,96
2167,208128,3483.49,2022-06-04,920505,False,,-33972.875597,96
2168,208224,3484.93,2022-06-22,703843,False,,-33905.434418,96
2169,208320,3486.34,2022-07-26,930939,False,,-38335.050295,96
2170,208416,3488.04,2022-08-03,909136,False,,-16752.165521,96
2171,208512,3489.46,2022-08-17,457326,False,,-24157.473782,96
2172,208608,3490.81,2022-09-07,312683,False,,-25807.241834,96
2173,208704,3492.24,2022-09-29,569740,False,,-19114.632866,96
2174,208800,3493.93,2022-10-12,665664,False,,-23598.812901,96
2175,208896,3495.47,2022-10-26,659052,False,,-55032.658865,96
2176,208992,3497.1,2022-11-23,296030,False,,-27809.072114,96
2177,209088,3498.65,2022-12-07,568079,False,,-22780.626212,96
2178,209184,3500.36,2022-12-17,799089,False,,-11552.003427,96
2179,209280,3501.96,2022-12-28,923959,False,,-42697.248611,96
2180,209376,3503.45,2022-01-24,243397,False,,-16186.4629,96
2181,209472,3505.0,2022-02-07,598190,False,,-23664.88757,96
2182,209568,3506.51,2022-02-21,150503,False,,-18190.694735,96
2183,209664,3508.02,2022-03-19,493386,False,,-14984.904949,96
2184,209760,3509.38,2022-04-13,127173,False,,-39943.724443,96
2185,209856,3510.88,2022-04-27,891370,False,,-17777.68211,96
2186,209952,3512.35,2022-05-09,752689,False,,-42515.276337,96
2187,210048,3526.76,2022-06-04,687100,False,,-34072.019205,96
2188,210144,3528.12,2022-06-22,569386,False,,-19058.550926,96
2189,210240,3529.42,2022-07-26,709835,False,,-11313.092957,96
2190,210336,3530.79,2022-08-03,595770,False,,-39993.514389,96
2191,210432,3532.1,2022-08-17,814017,False,,-15002.962426,96
2192,210528,3533.61,2022-09-07,539134,False,,-19100.10362,96
2193,210624,3535.15,2022-09-29,36679,False,,-47802.696771,96
2194,210720,3536.6,2022-10-12,352730,False,,-22934.196764,96
2195,210816,3537.97,2022-10-26,302522,False,,-17946.895789,96
2196,210912,3539.52,2022-11-23,624042,False,,-25623.142604,96
2197,211008,3540.93,2022-12-07,103896,False,,-29005.194666,96
2198,211104,3542.42,2022-12-17,45862,False,,-26943.774951,96
2199,211200,3543.85,2022-12-28,18732,False,,-22926.356561,96
2200,211296,3545.1,2022-01-24,183517,False,,-11548.116412,96
2201,211392,3546.6,2022-02-07,911839,False,,-19616.645238,96
2202,211488,3548.03,2022-02-21,127548,False,,-20382.915539,96
2203,211584,3549.4,2022-03-19,31066,False,,-14794.482297,96
2204,211680,3550.68,2022-04-13,24678,False,,-33447.070064,96
2205,211776,3552.12,2022-04-27,98726,False,,-18413.74902,96
2206,211872,3553.4,2022-05-09,561809,False,,-24400.243944,96
2207,211968,3554.81,2022-06-04,942725,False,,-21146.890164,96
2208,212064,3556.13,2022-06-22,785566,False,,-25831.712093,96
2209,212160,3557.62,2022-07-26,337625,False,,-38171.235867,96
2210,212256,3559.07,2022-08-03,362051,False,,-22080.473929,96
2211,212352,3560.51,2022-08-17,54008,False,,-18144.833606,96
2212,212448,3561.68,2022-09-07,387377,False,,-14621.581989,96
2213,212544,3562.97,2022-09-29,822147,False,,-24513.209509,96
2214,212640,3564.34,2022-10-12,568429,False,,-18271.580984,96
2215,212736,3565.79,2022-10-26,118371,False,,-17674.882969,96
2216,212832,3567.27,2022-11-23,394347,False,,-8849.383403,96
2217,212928,3568.78,2022-12-07,371156,False,,-19168.035044,96
2218,213024,3570.1,2022-12-17,481763,False,,-12108.393737,96
2219,213120,3571.49,2022-12-28,870705,False,,-15089.0764,96
2220,213216,3572.91,2022-01-24,912616,False,,-17068.332446,96
2221,213312,3574.39,2022-02-07,756464,False,,-33149.761124,96
2222,213408,3575.8,2022-02-21,240111,False,,-37138.703833,96
2223,213504,3577.23,2022-03-19,367359,False,,-18604.3649,96
2224,213600,3578.69,2022-04-13,177307,False,,-20314.479247,96
2225,213696,3580.26,2022-04-27,537761,False,,-38263.258196,96
2226,213792,3581.79,2022-05-09,113674,False,,-40476.478381,96
2227,213888,3583.32,2022-06-04,33170,False,,-27660.370925,96
2228,213984,3584.56,2022-06-22,837331,False,,-12620.883878,96
2229,214080,3585.96,2022-07-26,502877,False,,-20204.27983,96
2230,214176,3587.57,2022-08-03,289952,False,,-14655.810237,96
2231,214272,3589.09,2022-08-17,499940,False,,-29928.78295,96
2232,214368,3590.48,2022-09-07,20645,False,,-43045.337552,96
2233,214464,3591.83,2022-09-29,348734,False,,-22128.079463,96
2234,214560,3593.25,2022-10-12,592386,False,,-13876.259856,96
2235,214656,3594.88,2022-10-26,350079,False,,-17611.165929,96
2236,214752,3595.97,2022-11-23,893117,False,,-25067.614554,96
2237,214848,3597.2,2022-12-07,919374,False,,-35495.3397,96
2238,214944,3598.66,2022-12-17,511962,False,,-18863.75745,96
2239,215040,3600.22,2022-12-28,277433,False,,-14297.398478,96
2240,215136,3601.83,2022-01-24,659287,False,,-27091.034843,96
2241,215232,3603.43,2022-02-07,861409,False,,-17412.001714,96
2242,215328,3604.89,2022-02-21,396901,False,,-19747.279602,96
2243,215424,3606.41,2022-03-19,709871,False,,-34357.782171,96
2244,215520,3608.06,2022-04-13,822072,False,,-14754.625317,96
2245,215616,3609.62,2022-04-27,800525,False,,-22245.845173,96
2246,215712,3611.26,2022-05-09,427089,False,,-27690.267198,96
2247,215808,3612.84,2022-06-04,941053,False,,-16141.987647,96
2248,215904,3614.54,2022-06-22,93636,False,,-18042.696147,96
2249,216000,3616.15,2022-07-26,389655,False,,-25322.2552,96
2250,216096,3617.61,2022-08-03,391029,False,,-31251.451242,96
2251,216192,3619.0,2022-08-17,860745,False,,-25182.527198,96
2252,216288,3620.51,2022-09-07,385877,False,,-11490.819943,96
2253,216384,3621.95,2022-09-29,133154,False,,-13540.910166,96
2254,216480,3623.35,2022-10-12,344962,False,,-23317.343144,96
2255,216576,3624.83,2022-10-26,479940,False,,-13462.404086,96
2256,216672,3626.17,2022-11-23,467025,False,,-28476.029606,96
2257,216768,3627.72,2022-12-07,244073,False,,-25771.10851,96
2258,216864,3629.16,2022-12-17,521606,False,,-29391.788145,96
2259,216960,3630.63,2022-12-28,766098,False,,-27008.039309,96
2260,217056,3632.14,2022-01-24,695890,False,,-23126.856056,96
2261,217152,3633.47,2022-02-07,68897,False,,-25641.924649,96
2262,217248,3634.83,2022-02-21,416630,False,,-31293.175369,96
2263,217344,3636.28,2022-03-19,594052,False,,-20874.991215,96
2264,217440,3637.78,2022-04-13,678569,False,,-14934.879365,96
2265,217536,3639.26,2022-04-27,248648,False,,-20652.022796,96
2266,217632,3640.59,2022-05-09,9513,False,,-11827.747104,96
2267,217728,3641.91,2022-06-04,746587,False,,-20190.138023,96
2268,217824,3643.27,2022-06-22,471477,False,,-29269.904867,96
2269,217920,3644.67,2022-07-26,467922,False,,-20047.072097,96
2270,218016,3645.99,2022-08-03,871290,False,,-29923.717731,96
2271,218112,3647.51,2022-08-17,469536,False,,-31188.475961,96
2272,218208,3648.56,2022-09-07,831125,False,,-29949.694624,96
2273,218304,3649.78,2022-09-29,319726,False,,-31106.990159,96
2274,218400,3651.16,2022-10-12,803728,False,,-22017.522751,96
2275,218496,3652.55,2022-10-26,120378,False,,-21250.375313,96
2276,218592,3653.84,2022-11-23,444168,False,,-37497.253625,96
2277,218688,3655.24,2022-12-07,617074,False,,-26765.848874,96
2278,218784,3656.52,2022-12-17,179599,False,,-23328.647415,96
2279,218880,3657.94,2022-12-28,981134,False,,-12743.335516,96
2280,218976,3659.09,2022-01-24,930828,False,,-23762.832281,96
2281,219072,3660.34,2022-02-07,836566,False,,-25095.923989,96
2282,219168,3661.42,2022-02-21,856744,False,,-20834.342427,96
2283,219264,3662.89,2022-03-19,419369,False,,-24252.216037,96
2284,219360,3664.26,2022-04-13,26298,False,,-20882.951015,96
2285,219456,3665.65,2022-04-27,908909,False,,-46410.70511,96
2286,219552,3667.08,2022-05-09,290276,False,,-32073.418399,96
2287,219648,3668.47,2022-06-04,504454,False,,-15185.292575,96
2288,219744,3669.72,2022-06-22,649919,False,,-17711.700395,96
2289,219840,3671.08,2022-07-26,259077,False,,-23486.809908,96
2290,219936,3672.62,2022-08-03,117758,False,,-29045.602338,96
2291,220032,3686.56,2022-08-17,931500,False,,-28985.216308,96
2292,220128,3687.91,2022-09-07,352442,False,,-23430.065453,96
2293,220224,3689.22,2022-09-29,536833,False,,-35513.050721,96
2294,220320,3690.38,2022-10-12,533849,False,,-36226.252905,96
2295,220416,3691.83,2022-10-26,254067,False,,-29613.034955,96
2296,220512,3693.26,2022-11-23,873663,False,,-21608.705541,96
2297,220608,3694.68,2022-12-07,100291,False,,-22019.427597,96
2298,220704,3696.14,2022-12-17,919157,False,,-24072.965156,96
2299,220800,3697.46,2022-12-28,366557,False,,-21501.271868,96
2300,220896,3698.89,2022-01-24,23775,False,,-42983.262532,96
2301,220992,3700.21,2022-02-07,904024,False,,-48789.499157,96
2302,221088,3701.65,2022-02-21,964630,False,,-26939.910609,96
2303,221184,3703.19,2022-03-19,938953,False,,-24311.751565,96
2304,221280,3704.83,2022-04-13,980646,False,,-29072.282075,96
2305,221376,3706.25,2022-04-27,395655,False,,-26617.392819,96
2306,221472,3707.56,2022-05-09,729896,False,,-45678.40301,96
2307,221568,3708.98,2022-06-04,917724,False,,-19945.291434,96
2308,221664,3710.25,2022-06-22,460629,False,,-18654.696752,96
2309,221760,3711.61,2022-07-26,507978,False,,-25723.403244,96
2310,221856,3712.86,2022-08-03,11277,False,,-22993.785709,96
2311,221952,3714.04,2022-08-17,854709,False,,-35391.24118,96
2312,222048,3715.36,2022-09-07,387405,False,,-33175.257491,96
2313,222144,3716.73,2022-09-29,35910,False,,-19323.010565,96
2314,222240,3718.09,2022-10-12,259729,False,,-12613.231699,96
2315,222336,3719.55,2022-10-26,146011,False,,-22770.699748,96
2316,222432,3720.97,2022-11-23,370036,False,,-32777.94344,96
2317,222528,3722.51,2022-12-07,42029,False,,-15031.770285,96
2318,222624,3723.7,2022-12-17,342288,False,,-22229.042658,96
2319,222720,3725.06,2022-12-28,159524,False,,-16778.979604,96
2320,222816,3726.46,2022-01-24,452616,False,,-14028.460928,96
2321,222912,3727.83,2022-02-07,81090,False,,-22495.080288,96
2322,223008,3729.28,2022-02-21,153965,False,,-16396.352812,96
2323,223104,3730.66,2022-03-19,786167,False,,-23125.259641,96
2324,223200,3731.97,2022-04-13,433712,False,,-41333.975358,96
2325,223296,3733.3,2022-04-27,532756,False,,-23588.00914,96
2326,223392,3734.66,2022-05-09,466811,False,,-30347.874232,96
2327,223488,3736.12,2022-06-04,956910,False,,-19665.044654,96
2328,223584,3737.38,2022-06-22,3742,False,,-7370.983718,96
2329,223680,3738.62,2022-07-26,429233,False,,-18396.519298,96
2330,223776,3740.2,2022-08-03,31999,False,,-18339.117397,96
2331,223872,3741.49,2022-08-17,561670,False,,-23337.614016,96
2332,223968,3742.77,2022-09-07,397512,False,,-13746.205671,96
2333,224064,3744.04,2022-09-29,41376,False,,-25179.094587,96
2334,224160,3745.27,2022-10-12,152885,False,,-15467.919659,96
2335,224256,3746.53,2022-10-26,323776,False,,-29990.701853,96
2336,224352,3747.92,2022-11-23,175978,False,,-25471.377339,96
2337,224448,3749.64,2022-12-07,848760,False,,-21573.934145,96
2338,224544,3751.29,2022-12-17,525683,False,,-21666.857776,96
2339,224640,3752.93,2022-12-28,797093,False,,-30156.759106,96
2340,224736,3754.51,2022-01-24,45244,False,,-31417.786843,96
2341,224832,3756.04,2022-02-07,818235,False,,-28471.829944,96
2342,224928,3757.38,2022-02-21,810197,False,,-30011.300501,96
2343,225024,3758.94,2022-03-19,441968,False,,-26974.67639,96
2344,225120,3760.27,2022-04-13,990521,False,,-16499.502124,96
2345,225216,3761.77,2022-04-27,376401,False,,-13733.342289,96
2346,225312,3763.16,2022-05-09,269046,False,,-5805.212651,96
2347,225408,3764.55,2022-06-04,307245,False,,-12990.009221,96
2348,225504,3765.95,2022-06-22,270763,False,,-20187.845754,96
2349,225600,3767.26,2022-07-26,892257,False,,-23368.35039,96
2350,225696,3768.8,2022-08-03,293815,False,,-42082.826819,96
2351,225792,3770.25,2022-08-17,257961,False,,-25817.541783,96
2352,225888,3771.77,2022-09-07,992703,False,,-27035.89247,96
2353,225984,3773.27,2022-09-29,513536,False,,-16398.302239,96
2354,226080,3774.69,2022-10-12,623108,False,,-24623.650682,96
2355,226176,3776.14,2022-10-26,813206,False,,-38674.269199,96
2356,226272,3777.66,2022-11-23,813381,False,,-21881.984726,96
2357,226368,3779.13,2022-12-07,44229,False,,-27516.25805,96
2358,226464,3780.7,2022-12-17,825106,False,,-24584.927967,96
2359,226560,3782.49,2022-12-28,687800,False,,-24205.106187,96
2360,226656,3783.63,2022-01-24,779029,False,,-19093.478204,96
2361,226752,3785.08,2022-02-07,815830,False,,-19817.784451,96
2362,226848,3786.61,2022-02-21,297274,False,,-26626.676731,96
2363,226944,3788.22,2022-03-19,210492,False,,-25266.948323,96
2364,227040,3789.58,2022-04-13,481608,False,,-23826.586883,96
2365,227136,3791.07,2022-04-27,766192,False,,-45001.425951,96
2366,227232,3792.49,2022-05-09,72431,False,,-13972.34937,96
2367,227328,3793.71,2022-06-04,19907,False,,-21586.004764,96
2368,227424,3795.11,2022-06-22,841968,False,,-36238.818458,96
2369,227520,3796.58,2022-07-26,43117,False,,-12401.096455,96
2370,227616,3798.11,2022-08-03,730665,False,,-25828.930164,96
2371,227712,3799.62,2022-08-17,890887,False,,-20288.799092,96
2372,227808,3800.98,2022-09-07,677099,False,,-23993.374432,96
2373,227904,3802.35,2022-09-29,474665,False,,-18552.217246,96
2374,228000,3803.84,2022-10-12,66164,False,,-25725.879066,96
2375,228096,3805.35,2022-10-26,248890,False,,-10527.867418,96
2376,228192,3806.71,2022-11-23,167055,False,,-8645.396752,96
2377,228288,3808.22,2022-12-07,28658,False,,-48679.660672,96
2378,228384,3809.68,2022-12-17,967389,False,,-22811.151732,96
2379,228480,3811.11,2022-12-28,138279,False,,-18551.814726,96
2380,228576,3812.32,2022-01-24,783547,False,,-30559.289599,96
2381,228672,3813.85,2022-02-07,452900,False,,-18317.897302,96
2382,228768,3815.09,2022-02-21,568067,False,,-15344.116047,96
2383,228864,3816.58,2022-03-19,22980,False,,-19918.99303,96
2384,228960,3818.11,2022-04-13,512835,False,,-30104.192004,96
2385,229056,3819.68,2022-04-27,311640,False,,-23000.868822,96
2386,229152,3821.14,2022-05-09,622355,False,,-28672.055459,96
2387,229248,3822.6,2022-06-04,735906,False,,-17913.293431,96
2388,229344,3824.12,2022-06-22,989874,False,,-26587.66347,96
2389,229440,3825.66,2022-07-26,689272,False,,-16799.001474,96
2390,229536,3827.16,2022-08-03,732986,False,,-20685.727722,96
2391,229632,3828.3,2022-08-17,687965,False,,-47143.523187,96
2392,229728,3829.63,2022-09-07,922739,False,,-14010.379285,96
2393,229824,3831.02,2022-09-29,859127,False,,-13358.897849,96
2394,229920,3832.42,2022-10-12,631400,False,,-16680.126957,96
2395,230016,3846.24,2022-10-26,867733,False,,-16540.985635,96
2396,230112,3847.72,2022-11-23,274341,False,,-12778.591621,96
2397,230208,3848.94,2022-12-07,758841,False,,-24850.03609,96
2398,230304,3850.18,2022-12-17,906394,False,,-27911.11156,96
2399,230400,3851.68,2022-12-28,474070,False,,-36537.418227,96
2400,230496,3853.19,2022-01-24,248230,False,,-25159.352947,96
2401,230592,3854.42,2022-02-07,499899,False,,-16541.121107,96
2402,230688,3855.72,2022-02-21,938598,False,,-28360.681467,96
2403,230784,3857.31,2022-03-19,759137,False,,-26553.05891,96
2404,230880,3858.81,2022-04-13,534214,False,,-17463.134613,96
2405,230976,3860.34,2022-04-27,769399,False,,-30118.671185,96
2406,231072,3861.71,2022-05-09,920050,False,,-34189.066393,96
2407,231168,3863.18,2022-06-04,820451,False,,-31823.322479,96
2408,231264,3864.58,2022-06-22,514037,False,,-9167.905709,96
2409,231360,3866.14,2022-07-26,410665,False,,-45866.029302,96
2410,231456,3867.69,2022-08-03,611340,False,,-23792.834874,96
2411,231552,3869.09,2022-08-17,626948,False,,-21425.998191,96
2412,231648,3870.51,2022-09-07,480729,False,,-25044.731773,96
2413,231744,3871.88,2022-09-29,51488,False,,-32350.715134,96
2414,231840,3873.31,2022-10-12,754406,False,,-31448.142086,96
2415,231936,3874.59,2022-10-26,266538,False,,-32849.20798,96
2416,232032,3876.06,2022-11-23,79033,False,,-27188.175279,96
2417,232128,3877.41,2022-12-07,448308,False,,-42342.530714,96
2418,232224,3879.02,2022-12-17,754709,False,,-12070.273205,96
2419,232320,3880.45,2022-12-28,788577,False,,-12500.210324,96
2420,232416,3881.65,2022-01-24,91528,False,,-19088.120245,96
2421,232512,3882.98,2022-02-07,926418,False,,-18716.333332,96
2422,232608,3884.58,2022-02-21,609969,False,,-29538.624239,96
2423,232704,3886.06,2022-03-19,52354,False,,-7907.17285,96
2424,232800,3887.53,2022-04-13,236799,False,,-28841.04333,96
2425,232896,3889.01,2022-04-27,608413,False,,-20559.915053,96
2426,232992,3890.47,2022-05-09,502672,False,,-23041.144394,96
2427,233088,3891.91,2022-06-04,40766,False,,-17322.324935,96
2428,233184,3893.22,2022-06-22,652193,False,,-28982.211015,96
2429,233280,3894.63,2022-07-26,375826,False,,-11150.380434,96
2430,233376,3896.1,2022-08-03,413249,False,,-26302.996329,96
2431,233472,3897.41,2022-08-17,866619,False,,-26563.403804,96
2432,233568,3898.91,2022-09-07,503667,False,,-24845.201881,96
2433,233664,3900.23,2022-09-29,399913,False,,-24045.932095,96
2434,233760,3901.55,2022-10-12,275114,False,,-17388.610566,96
2435,233856,3903.03,2022-10-26,229445,False,,-24147.374863,96
2436,233952,3904.37,2022-11-23,71204,False,,-25101.340384,96
2437,234048,3905.69,2022-12-07,283505,False,,-18829.675343,96
2438,234144,3907.17,2022-12-17,429082,False,,-11024.309223,96
2439,234240,3908.5,2022-12-28,318180,False,,-15144.445554,96
2440,234336,3909.97,2022-01-24,151140,False,,-16526.129266,96
2441,234432,3911.43,2022-02-07,12280,False,,-9470.046829,96
2442,234528,3912.83,2022-02-21,27717,False,,-23700.270579,96
2443,234624,3914.17,2022-03-19,139940,False,,-46122.932924,96
2444,234720,3915.68,2022-04-13,12468,False,,-14032.619526,96
2445,234816,3917.13,2022-04-27,39533,False,,-12895.461637,96
2446,234912,3918.39,2022-05-09,379187,False,,-13688.457391,96
2447,235008,3919.69,2022-06-04,66892,False,,-25297.429358,96
2448,235104,3921.02,2022-06-22,947279,False,,-25861.817375,96
2449,235200,3922.43,2022-07-26,276204,False,,-35277.088921,96
2450,235296,3923.86,2022-08-03,609486,False,,-36959.637857,96
2451,235392,3925.24,2022-08-17,75311,False,,-33844.72652,96
2452,235488,3926.65,2022-09-07,945328,False,,-40833.266937,96
2453,235584,3928.06,2022-09-29,169267,False,,-17217.920707,96
2454,235680,3929.57,2022-10-12,454287,False,,-19919.514735,96
2455,235776,3931.08,2022-10-26,382253,False,,-19425.785781,96
2456,235872,3932.51,2022-11-23,158846,False,,-18401.676708,96
2457,235968,3934.11,2022-12-07,656711,False,,-22323.65416,96
2458,236064,3935.54,2022-12-17,105468,False,,-23439.169509,96
2459,236160,3937.13,2022-12-28,122245,False,,-25794.620843,96
2460,236256,3938.74,2022-01-24,384456,False,,-34075.095158,96
2461,236352,3940.23,2022-02-07,882421,False,,-38802.06262,96
2462,236448,3941.59,2022-02-21,265687,False,,-12619.640429,96
2463,236544,3943.04,2022-03-19,570270,False,,-30837.112714,96
2464,236640,3944.27,2022-04-13,255383,False,,-30482.796707,96
2465,236736,3945.7,2022-04-27,825785,False,,-29192.437546,96
2466,236832,3947.19,2022-05-09,244628,False,,-13933.372122,96
2467,236928,3948.33,2022-06-04,955150,False,,-20563.495225,96
2468,237024,3949.69,2022-06-22,752970,False,,-26859.970384,96
2469,237120,3951.16,2022-07-26,949444,False,,-22168.056736,96
2470,237216,3952.48,2022-08-03,9278,False,,-19100.909166,96
2471,237312,3953.9,2022-08-17,591684,False,,-21125.06571,96
2472,237408,3955.1,2022-09-07,6939,False,,-22659.994791,96
2473,237504,3956.58,2022-09-29,585604,False,,-21975.923,96
2474,237600,3958.15,2022-10-12,885060,False,,-57055.619475,96
2475,237696,3959.61,2022-10-26,618995,False,,-10071.049699,96
2476,237792,3960.98,2022-11-23,241634,False,,-17157.336412,96
2477,237888,3962.23,2022-12-07,926777,False,,-34218.691639,96
2478,237984,3963.57,2022-12-17,95610,False,,-46423.814681,96
2479,238080,3964.86,2022-12-28,736297,False,,-22146.580707,96
2480,238176,3966.17,2022-01-24,343986,False,,-22795.489618,96
2481,238272,3967.73,2022-02-07,498170,False,,-24974.813902,96
2482,238368,3969.16,2022-02-21,170644,False,,-23435.870852,96
2483,238464,3970.68,2022-03-19,225030,False,,-34124.817738,96
2484,238560,3971.99,2022-04-13,716472,False,,-19255.828396,96
2485,238656,3973.28,2022-04-27,765180,False,,-13356.974487,96
2486,238752,3974.85,2022-05-09,535851,False,,-34250.840925,96
2487,238848,3976.39,2022-06-04,427478,False,,-14839.653722,96
2488,238944,3978.06,2022-06-22,364567,False,,-16449.156293,96
2489,239040,3979.48,2022-07-26,559637,False,,-33028.272596,96
2490,239136,3980.93,2022-08-03,38116,False,,-27312.404525,96
2491,239232,3982.45,2022-08-17,545472,False,,-21253.737531,96
2492,239328,3983.71,2022-09-07,167937,False,,-14405.500548,96
2493,239424,3985.11,2022-09-29,565429,False,,-26089.278864,96
2494,239520,3986.56,2022-10-12,103355,False,,-35962.761786,96
2495,239616,3988.06,2022-10-26,190584,False,,-25998.555209,96
2496,239712,3989.56,2022-11-23,815230,False,,-21132.972257,96
2497,239808,3990.92,2022-12-07,169016,False,,-29928.102538,96
2498,239904,3992.24,2022-12-17,882634,False,,-39813.658355,96
2499,240000,3993.48,2022-12-28,65675,False,,-33397.527569,96
2500,240096,4007.4,2022-01-24,696996,False,,-10596.675282,96
2501,240192,4008.71,2022-02-07,136401,False,,-30526.082755,96
2502,240288,4010.19,2022-02-21,989644,False,,-25885.158846,96
2503,240384,4011.53,2022-03-19,722398,False,,-24404.220284,96
2504,240480,4013.01,2022-04-13,557092,False,,-17441.526812,96
2505,240576,4014.42,2022-04-27,162505,False,,-34721.932549,96
2506,240672,4015.7,2022-05-09,934707,False,,-30830.992258,96
2507,240768,4017.28,2022-06-04,620373,False,,-11650.076451,96
2508,240864,4018.89,2022-06-22,394152,False,,-26977.105989,96
2509,240960,4020.12,2022-07-26,597228,False,,-38832.158214,96
2510,241056,4021.51,2022-08-03,204233,False,,-19599.3794,96
2511,241152,4023.0,2022-08-17,438120,False,,-14307.823388,96
2512,241248,4024.48,2022-09-07,232183,False,,-15930.447401,96
2513,241344,4025.84,2022-09-29,926281,False,,-22945.632323,96
2514,241440,4027.23,2022-10-12,131978,False,,-18526.172621,96
2515,241536,4028.74,2022-10-26,784507,False,,-21208.07346,96
2516,241632,4030.24,2022-11-23,389946,False,,-29417.088899,96
2517,241728,4031.47,2022-12-07,322055,False,,-22334.078438,96
2518,241824,4032.79,2022-12-17,184751,False,,-13104.760345,96
2519,241920,4034.06,2022-12-28,953490,False,,-23277.063864,96
2520,242016,4035.39,2022-01-24,116501,False,,-18417.357178,96
2521,242112,4036.73,2022-02-07,683723,False,,-30882.129964,96
2522,242208,4038.21,2022-02-21,535527,False,,-12672.578206,96
2523,242304,4039.54,2022-03-19,279235,False,,-35284.435854,96
2524,242400,4041.09,2022-04-13,15814,False,,-18307.140812,96
2525,242496,4042.56,2022-04-27,589879,False,,-22345.655029,96
2526,242592,4044.02,2022-05-09,335544,False,,-18762.338029,96
2527,242688,4045.61,2022-06-04,936824,False,,-16510.210136,96
2528,242784,4047.03,2022-06-22,817191,False,,-11316.58541,96
2529,242880,4048.55,2022-07-26,91884,False,,-40013.023418,96
2530,242976,4050.13,2022-08-03,404531,False,,-15416.267629,96
2531,243072,4051.68,2022-08-17,40087,False,,-15741.055985,96
2532,243168,4053.13,2022-09-07,357418,False,,-19779.485797,96
2533,243264,4054.58,2022-09-29,202391,False,,-18468.230058,96
2534,243360,4055.9,2022-10-12,848318,False,,-21876.012051,96
2535,243456,4057.42,2022-10-26,359145,False,,-20349.195441,96
2536,243552,4059.0,2022-11-23,168142,False,,-32466.399335,96
2537,243648,4060.69,2022-12-07,839979,False,,-31817.74756,96
2538,243744,4061.98,2022-12-17,55132,False,,-39212.573444,96
2539,243840,4063.45,2022-12-28,380823,False,,-23796.298287,96
2540,243936,4064.97,2022-01-24,559531,False,,-29391.771255,96
2541,244032,4066.47,2022-02-07,186752,False,,-60314.365722,96
2542,244128,4067.96,2022-02-21,384872,False,,-16387.807214,96
2543,244224,4069.46,2022-03-19,708052,False,,-37270.227315,96
2544,244320,4071.03,2022-04-13,859577,False,,-15762.251481,96
2545,244416,4072.58,2022-04-27,378640,False,,-25516.848853,96
2546,244512,4074.07,2022-05-09,106971,False,,-21781.764287,96
2547,244608,4075.46,2022-06-04,874039,False,,-14352.088232,96
2548,244704,4076.71,2022-06-22,285233,False,,-20969.331001,96
2549,244800,4078.24,2022-07-26,671129,False,,-30953.247961,96
2550,244896,4079.76,2022-08-03,324124,False,,-18862.755598,96
2551,244992,4081.09,2022-08-17,660231,False,,-11355.300341,96
2552,245088,4082.53,2022-09-07,854710,False,,-15550.564055,96
2553,245184,4083.9,2022-09-29,840884,False,,-45475.1934,96
2554,245280,4085.07,2022-10-12,780845,False,,-20188.489756,96
2555,245376,4086.5,2022-10-26,357027,False,,-14358.638949,96
2556,245472,4087.85,2022-11-23,630917,False,,-17533.633593,96
2557,245568,4089.41,2022-12-07,830653,False,,-18953.981907,96
2558,245664,4090.82,2022-12-17,552055,False,,-25535.15027,96
2559,245760,4092.29,2022-12-28,573810,False,,-32676.918761,96
2560,245856,4093.68,2022-01-24,125367,False,,-34351.494468,96
2561,245952,4094.97,2022-02-07,810291,False,,-22003.29091,96
2562,246048,4096.54,2022-02-21,313780,False,,-23499.983443,96
2563,246144,4098.09,2022-03-19,678592,False,,-33350.238575,96
2564,246240,4099.52,2022-04-13,383727,False,,-22455.083361,96
2565,246336,4101.04,2022-04-27,583936,False,,-16514.883323,96
2566,246432,4102.5,2022-05-09,967289,False,,-30298.848012,96
2567,246528,4104.13,2022-06-04,804182,False,,-22452.327073,96
2568,246624,4105.72,2022-06-22,111330,False,,-15679.544121,96
2569,246720,4107.25,2022-07-26,151428,False,,-28495.510202,96
2570,246816,4108.53,2022-08-03,922171,False,,-16065.810774,96
2571,246912,4109.8,2022-08-17,350916,False,,-13356.062381,96
2572,247008,4111.06,2022-09-07,841150,False,,-23471.14211,96
2573,247104,4112.61,2022-09-29,763256,False,,-22289.959469,96
2574,247200,4114.14,2022-10-12,424879,False,,-18993.399446,96
2575,247296,4115.61,2022-10-26,694583,False,,-29579.895339,96
2576,247392,4116.97,2022-11-23,161055,False,,-14822.706318,96
2577,247488,4118.42,2022-12-07,560728,False,,-19291.851069,96
2578,247584,4119.87,2022-12-17,188769,False,,-22117.664263,96
2579,247680,4121.39,2022-12-28,667425,False,,-36193.113439,96
2580,247776,4122.81,2022-01-24,528527,False,,-45347.860699,96
2581,247872,4124.25,2022-02-07,147245,False,,-12056.481872,96
2582,247968,4125.38,2022-02-21,54944,False,,-16402.143704,96
2583,248064,4126.81,2022-03-19,581521,False,,-17642.203829,96
2584,248160,4128.47,2022-04-13,983465,False,,-23795.628291,96
2585,248256,4130.01,2022-04-27,395348,False,,-21740.070832,96
2586,248352,4131.57,2022-05-09,500616,False,,-16511.833654,96
2587,248448,4133.0,2022-06-04,586895,False,,-15479.192214,96
2588,248544,4134.33,2022-06-22,542942,False,,-18846.106501,96
2589,248640,4135.81,2022-07-26,403655,False,,-29605.802896,96
2590,248736,4137.02,2022-08-03,790653,False,,-47017.651221,96
2591,248832,4138.5,2022-08-17,661133,False,,-36791.560635,96
2592,248928,4139.84,2022-09-07,127620,False,,-32339.213413,96
2593,249024,4141.29,2022-09-29,971242,False,,-27138.261681,96
2594,249120,4142.76,2022-10-12,494512,False,,-22926.939721,96
2595,249216,4144.23,2022-10-26,448375,False,,-18997.741449,96
2596,249312,4145.59,2022-11-23,530068,False,,-30653.376444,96
2597,249408,4147.01,2022-12-07,45730,False,,-36866.472007,96
2598,249504,4148.29,2022-12-17,492018,False,,-30066.526709,96
2599,249600,4149.79,2022-12-28,676560,False,,-22774.683918,96
2600,249696,4150.98,2022-01-24,962991,False,,-47241.599884,96
2601,249792,4152.44,2022-02-07,769751,False,,-43625.201828,96
2602,249888,4153.9,2022-02-21,929837,False,,-14687.693424,96
2603,249984,4155.34,2022-03-19,76775,False,,-17825.268744,96
2604,250080,4169.87,2022-04-13,849347,False,,-22823.462122,96
2605,250176,4171.2,2022-04-27,170180,False,,-20865.919268,96
2606,250272,4172.53,2022-05-09,925938,False,,-25162.134776,96
2607,250368,4173.97,2022-06-04,765439,False,,-19372.32551,96
2608,250464,4175.31,2022-06-22,232135,False,,-14971.162124,96
2609,250560,4176.79,2022-07-26,876876,False,,-32083.903279,96
2610,250656,4178.24,2022-08-03,243077,False,,-36137.637831,96
2611,250752,4179.69,2022-08-17,748561,False,,-35710.503155,96
2612,250848,4181.18,2022-09-07,602484,False,,-29166.714436,96
2613,250944,4182.78,2022-09-29,330241,False,,-22827.000479,96
2614,251040,4184.13,2022-10-12,61031,False,,-44228.130389,96
2615,251136,4185.62,2022-10-26,971553,False,,-15995.590537,96
2616,251232,4187.03,2022-11-23,990724,False,,-16800.675575,96
2617,251328,4188.55,2022-12-07,575129,False,,-32599.180821,96
2618,251424,4189.94,2022-12-17,977639,False,,-13873.871655,96
2619,251520,4191.47,2022-12-28,507001,False,,-36896.445892,96
2620,251616,4193.07,2022-01-24,89417,False,,-29524.113418,96
2621,251712,4194.61,2022-02-07,77311,False,,-32497.298921,96
2622,251808,4195.95,2022-02-21,906494,False,,-24866.332719,96
2623,251904,4197.38,2022-03-19,305590,False,,-14145.492623,96
2624,252000,4198.82,2022-04-13,535508,False,,-12850.569785,96
2625,252096,4200.23,2022-04-27,966510,False,,-17164.532522,96
2626,252192,4201.61,2022-05-09,656650,False,,-12187.95062,96
2627,252288,4203.06,2022-06-04,417884,False,,-15868.127389,96
2628,252384,4204.36,2022-06-22,607650,False,,-21819.997105,96
2629,252480,4205.8,2022-07-26,775843,False,,-16254.605848,96
2630,252576,4207.31,2022-08-03,520619,False,,-29784.469791,96
2631,252672,4208.74,2022-08-17,775932,False,,-30434.843539,96
2632,252768,4209.98,2022-09-07,43748,False,,-16931.021395,96
2633,252864,4211.5,2022-09-29,838299,False,,-17660.494979,96
2634,252960,4212.97,2022-10-12,502930,False,,-27003.340829,96
2635,253056,4214.36,2022-10-26,984450,False,,-17990.083963,96
2636,253152,4215.77,2022-11-23,119328,False,,-37457.394578,96
2637,253248,4217.2,2022-12-07,679215,False,,-9747.402948,96
2638,253344,4218.66,2022-12-17,937882,False,,-27973.861836,96
2639,253440,4220.05,2022-12-28,268527,False,,-42101.278089,96
2640,253536,4221.55,2022-01-24,450375,False,,-19019.507826,96
2641,253632,4222.86,2022-02-07,66269,False,,-16525.319004,96
2642,253728,4224.16,2022-02-21,816826,False,,-20611.981015,96
2643,253824,4225.54,2022-03-19,622810,False,,-14430.4962,96
2644,253920,4226.9,2022-04-13,274894,False,,-28061.363906,96
2645,254016,4228.21,2022-04-27,953347,False,,-19211.207933,96
2646,254112,4229.58,2022-05-09,276186,False,,-20046.424486,96
2647,254208,4230.94,2022-06-04,942594,False,,-9974.667503,96
2648,254304,4232.33,2022-06-22,382132,False,,-37395.356349,96
2649,254400,4233.86,2022-07-26,274016,False,,-15414.555859,96
2650,254496,4235.38,2022-08-03,292171,False,,-30985.13372,96
2651,254592,4236.73,2022-08-17,40981,False,,-28715.429136,96
2652,254688,4238.25,2022-09-07,754003,False,,-29426.902647,96
2653,254784,4239.61,2022-09-29,839370,False,,-8551.0686,96
2654,254880,4240.87,2022-10-12,595344,False,,-12259.19605,96
2655,254976,4242.33,2022-10-26,51640,False,,-16973.319001,96
2656,255072,4243.67,2022-11-23,439679,False,,-29129.196713,96
2657,255168,4245.06,2022-12-07,14140,False,,-29087.780692,96
2658,255264,4246.37,2022-12-17,888604,False,,-46227.685817,96
2659,255360,4247.8,2022-12-28,839565,False,,-18838.115984,96
2660,255456,4249.07,2022-01-24,427915,False,,-27903.042735,96
2661,255552,4250.4,2022-02-07,652132,False,,-24564.642826,96
2662,255648,4251.82,2022-02-21,195713,False,,-32669.548179,96
2663,255744,4253.15,2022-03-19,628368,False,,-29803.903317,96
2664,255840,4254.36,2022-04-13,902259,False,,-20708.716926,96
2665,255936,4255.77,2022-04-27,223041,False,,-27962.648242,96
2666,256032,4257.27,2022-05-09,48152,False,,-23211.312067,96
2667,256128,4258.83,2022-06-04,109128,False,,-12549.431654,96
2668,256224,4260.25,2022-06-22,178968,False,,-23753.151899,96
2669,256320,4261.6,2022-07-26,709828,False,,-18074.719075,96
2670,256416,4263.06,2022-08-03,900560,False,,-10827.327904,96
2671,256512,4264.48,2022-08-17,912108,False,,-57432.175851,96
2672,256608,4265.96,2022-09-07,299295,False,,-18691.363232,96
2673,256704,4267.44,2022-09-29,915994,False,,-24328.387991,96
2674,256800,4268.9,2022-10-12,783561,False,,-22006.994427,96
2675,256896,4270.21,2022-10-26,236754,False,,-28462.780879,96
2676,256992,4271.67,2022-11-23,796511,False,,-22600.115412,96
2677,257088,4273.14,2022-12-07,953260,False,,-31598.72727,96
2678,257184,4274.64,2022-12-17,288517,False,,-13198.104956,96
2679,257280,4275.95,2022-12-28,598673,False,,-15388.918146,96
2680,257376,4277.49,2022-01-24,641608,False,,-38601.394284,96
2681,257472,4278.75,2022-02-07,681479,False,,-22893.280728,96
2682,257568,4280.04,2022-02-21,633069,False,,-39193.923947,96
2683,257664,4281.39,2022-03-19,270284,False,,-30621.953146,96
2684,257760,4282.59,2022-04-13,396834,False,,-29817.473265,96
2685,257856,4283.94,2022-04-27,179000,False,,-19729.771264,96
2686,257952,4285.33,2022-05-09,581436,False,,-15521.936455,96
2687,258048,4286.64,2022-06-04,651713,False,,-18322.016484,96
2688,258144,4288.06,2022-06-22,662942,False,,-27964.439058,96
2689,258240,4289.5,2022-07-26,339267,False,,-14628.670873,96
2690,258336,4290.91,2022-08-03,691169,False,,-36237.337643,96
2691,258432,4292.44,2022-08-17,809178,False,,-30666.480433,96
2692,258528,4293.8,2022-09-07,787682,False,,-19207.924897,96
2693,258624,4295.16,2022-09-29,333493,False,,-14657.203811,96
2694,258720,4296.54,2022-10-12,620702,False,,-17644.192386,96
2695,258816,4297.71,2022-10-26,749850,False,,-27649.146216,96
2696,258912,4299.07,2022-11-23,566703,False,,-25375.1941,96
2697,259008,4300.36,2022-12-07,724433,False,,-30156.247949,96
2698,259104,4301.82,2022-12-17,521834,False,,-17876.451974,96
2699,259200,4303.21,2022-12-28,77578,False,,-15414.548271,96
2700,259296,4304.35,2022-01-24,384673,False,,-8768.173818,96
2701,259392,4305.65,2022-02-07,964730,False,,-11404.811964,96
2702,259488,4306.9,2022-02-21,410399,False,,-28436.667484,96
2703,259584,4308.31,2022-03-19,363987,False,,-13749.353625,96
2704,259680,4309.75,2022-04-13,306532,False,,-34895.273936,96
2705,259776,4311.11,2022-04-27,333902,False,,-32456.312078,96
2706,259872,4312.59,2022-05-09,733262,False,,-15826.371527,96
2707,259968,4314.13,2022-06-04,397059,False,,-28062.62196,96
2708,260064,4328.55,2022-06-22,209146,False,,-20184.399516,96
2709,260160,4330.07,2022-07-26,229822,False,,-16119.009575,96
2710,260256,4331.59,2022-08-03,198844,False,,-24868.476873,96
2711,260352,4333.07,2022-08-17,764014,False,,-44140.523374,96
2712,260448,4334.46,2022-09-07,790427,False,,-26226.823619,96
2713,260544,4335.99,2022-09-29,507774,False,,-20000.249382,96
2714,260640,4337.47,2022-10-12,321213,False,,-23005.370527,96
2715,260736,4339.0,2022-10-26,495653,False,,-30295.381756,96
2716,260832,4340.35,2022-11-23,850967,False,,-24080.296678,96
2717,260928,4341.81,2022-12-07,993230,False,,-22088.604624,96
2718,261024,4343.17,2022-12-17,514923,False,,-36033.688715,96
2719,261120,4344.77,2022-12-28,490069,False,,-21888.162262,96
2720,261216,4346.41,2022-01-24,533313,False,,-18756.203962,96
2721,261312,4348.01,2022-02-07,487931,False,,-50521.637676,96
2722,261408,4349.46,2022-02-21,433107,False,,-22323.762861,96
2723,261504,4350.88,2022-03-19,158241,False,,-30931.128983,96
2724,261600,4352.32,2022-04-13,818370,False,,-25464.954882,96
2725,261696,4353.88,2022-04-27,222051,False,,-60539.801982,96
2726,261792,4355.33,2022-05-09,276452,False,,-25029.916683,96
2727,261888,4356.74,2022-06-04,808269,False,,-16577.024777,96
2728,261984,4358.13,2022-06-22,541392,False,,-24816.557225,96
2729,262080,4359.56,2022-07-26,304461,False,,-21401.772063,96
2730,262176,4360.96,2022-08-03,525917,False,,-19574.498254,96
2731,262272,4362.28,2022-08-17,208455,False,,-12676.418693,96
2732,262368,4363.71,2022-09-07,173210,False,,-22143.28029,96
2733,262464,4365.15,2022-09-29,640869,False,,-48948.433942,96
2734,262560,4366.46,2022-10-12,762623,False,,-25644.392645,96
2735,262656,4367.94,2022-10-26,312357,False,,-30876.482584,96
2736,262752,4369.4,2022-11-23,336787,False,,-45660.844764,96
2737,262848,4370.87,2022-12-07,628849,False,,-20193.164768,96
2738,262944,4372.16,2022-12-17,170849,False,,-14990.954705,96
2739,263040,4373.43,2022-12-28,507486,False,,-29483.537103,96
2740,263136,4374.98,2022-01-24,950527,False,,-33040.196935,96
2741,263232,4376.39,2022-02-07,857828,False,,-16720.649861,96
2742,263328,4377.62,2022-02-21,598996,False,,-28617.281294,96
2743,263424,4379.14,2022-03-19,781676,False,,-22529.788457,96
2744,263520,4380.59,2022-04-13,538115,False,,-28301.899811,96
2745,263616,4382.04,2022-04-27,773615,False,,-17222.402699,96
2746,263712,4383.6,2022-05-09,866538,False,,-27482.061925,96
2747,263808,4385.07,2022-06-04,857379,False,,-7282.479343,96
2748,263904,4386.39,2022-06-22,246968,False,,-26387.431621,96
2749,264000,4387.75,2022-07-26,224886,False,,-28884.149716,96
2750,264096,4389.12,2022-08-03,847422,False,,-25832.767537,96
2751,264192,4390.39,2022-08-17,706641,False,,-24091.434345,96
2752,264288,4391.75,2022-09-07,57280,False,,-13777.432632,96
2753,264384,4393.24,2022-09-29,374195,False,,-22653.065619,96
2754,264480,4394.56,2022-10-12,854912,False,,-39912.564176,96
2755,264576,4396.09,2022-10-26,766957,False,,-39429.255088,96
2756,264672,4397.49,2022-11-23,634277,False,,-46013.607116,96
2757,264768,4398.95,2022-12-07,183122,False,,-18768.952794,96
2758,264864,4400.26,2022-12-17,235527,False,,-25846.310033,96
2759,264960,4401.43,2022-12-28,914020,False,,-38757.650356,96
2760,265056,4402.83,2022-01-24,128711,False,,-25513.14043,96
2761,265152,4404.12,2022-02-07,395569,False,,-35427.146479,96
2762,265248,4405.33,2022-02-21,383921,False,,-21017.257107,96
2763,265344,4406.83,2022-03-19,587964,False,,-16377.468761,96
2764,265440,4408.41,2022-04-13,362896,False,,-28435.57361,96
2765,265536,4409.78,2022-04-27,652246,False,,-23457.236216,96
2766,265632,4411.27,2022-05-09,104360,False,,-58021.089784,96
2767,265728,4412.7,2022-06-04,400133,False,,-13458.01265,96
2768,265824,4414.28,2022-06-22,900800,False,,-9908.121026,96
2769,265920,4415.83,2022-07-26,902,False,,-47681.267902,96
2770,266016,4417.24,2022-08-03,454577,False,,-17417.114032,96
2771,266112,4418.69,2022-08-17,240699,False,,-11848.366153,96
2772,266208,4419.73,2022-09-07,31922,False,,-16938.851309,96
2773,266304,4421.05,2022-09-29,242271,False,,-18448.171522,96
2774,266400,4422.31,2022-10-12,298652,False,,-7222.195854,96
2775,266496,4423.84,2022-10-26,977391,False,,-48403.485599,96
2776,266592,4425.12,2022-11-23,505772,False,,-33099.964184,96
2777,266688,4426.58,2022-12-07,701840,False,,-26435.173664,96
2778,266784,4427.97,2022-12-17,833322,False,,-22541.009481,96
2779,266880,4429.33,2022-12-28,38355,False,,-27957.04574,96
2780,266976,4430.66,2022-01-24,709914,False,,-35755.409619,96
2781,267072,4432.1,2022-02-07,44703,False,,-21577.71821,96
2782,267168,4433.52,2022-02-21,538832,False,,-23063.812219,96
2783,267264,4434.72,2022-03-19,193422,False,,-26120.612341,96
2784,267360,4436.07,2022-04-13,407112,False,,-36127.740019,96
2785,267456,4437.51,2022-04-27,566270,False,,-9909.93988,96
2786,267552,4438.81,2022-05-09,609535,False,,-23642.977251,96
2787,267648,4440.4,2022-06-04,469322,False,,-11805.198721,96
2788,267744,4441.79,2022-06-22,113303,False,,-19708.101383,96
2789,267840,4443.12,2022-07-26,721264,False,,-23098.672834,96
2790,267936,4444.54,2022-08-03,634784,False,,-24371.995992,96
2791,268032,4445.93,2022-08-17,932800,False,,-37043.387228,96
2792,268128,4447.4,2022-09-07,370253,False,,-18899.668885,96
2793,268224,4448.77,2022-09-29,919720,False,,-14287.211214,96
2794,268320,4450.23,2022-10-12,316410,False,,-40610.368529,96
2795,268416,4451.6,2022-10-26,211194,False,,-25781.470707,96
2796,268512,4452.99,2022-11-23,867207,False,,-17979.539794,96
2797,268608,4454.21,2022-12-07,151763,False,,-33257.542708,96
2798,268704,4455.66,2022-12-17,109566,False,,-14621.464371,96
2799,268800,4457.21,2022-12-28,476885,False,,-30548.71764,96
2800,268896,4458.48,2022-01-24,284420,False,,-29516.67329,96
2801,268992,4459.93,2022-02-07,436938,False,,-19100.555574,96
2802,269088,4461.29,2022-02-21,427385,False,,-22943.530963,96
2803,269184,4462.76,2022-03-19,662994,False,,-40205.654118,96
2804,269280,4464.11,2022-04-13,254074,False,,-26503.508878,96
2805,269376,4465.47,2022-04-27,637542,False,,-37231.515531,96
2806,269472,4466.94,2022-05-09,279936,False,,-18591.919496,96
2807,269568,4468.45,2022-06-04,181960,False,,-20067.325982,96
2808,269664,4469.86,2022-06-22,260409,False,,-67297.288186,96
2809,269760,4471.24,2022-07-26,666336,False,,-23879.91578,96
2810,269856,4472.52,2022-08-03,487373,False,,-22637.039,96
2811,269952,4473.94,2022-08-17,827196,False,,-14609.871785,96
2812,270048,4488.75,2022-09-07,780456,False,,-19118.985204,96
2813,270144,4490.37,2022-09-29,563786,False,,-20517.9112,96
2814,270240,4491.7,2022-10-12,280982,False,,-16253.336668,96
2815,270336,4492.97,2022-10-26,625419,False,,-14974.054279,96
2816,270432,4494.41,2022-11-23,57278,False,,-24177.985573,96
2817,270528,4495.77,2022-12-07,912780,False,,-12696.097093,96
2818,270624,4497.24,2022-12-17,647540,False,,-22565.980605,96
2819,270720,4498.64,2022-12-28,514723,False,,-27568.803014,96
2820,270816,4500.09,2022-01-24,760783,False,,-17909.362999,96
2821,270912,4501.46,2022-02-07,878684,False,,-33780.425442,96
2822,271008,4502.71,2022-02-21,265829,False,,-14605.482739,96
2823,271104,4503.95,2022-03-19,968510,False,,-20113.114442,96
2824,271200,4505.35,2022-04-13,532599,False,,-20154.661529,96
2825,271296,4506.7,2022-04-27,269582,False,,-24849.79554,96
2826,271392,4508.02,2022-05-09,415743,False,,-28077.961124,96
2827,271488,4509.37,2022-06-04,204381,False,,-20522.707538,96
2828,271584,4510.65,2022-06-22,167678,False,,-14109.612257,96
2829,271680,4511.77,2022-07-26,202850,False,,-22237.932582,96
2830,271776,4513.23,2022-08-03,845976,False,,-14997.796156,96
2831,271872,4514.7,2022-08-17,718073,False,,-21061.131665,96
2832,271968,4516.22,2022-09-07,550633,False,,-26858.075753,96
2833,272064,4517.69,2022-09-29,390905,False,,-16519.686339,96
2834,272160,4519.19,2022-10-12,653069,False,,-19037.723987,96
2835,272256,4520.5,2022-10-26,374266,False,,-13680.341586,96
2836,272352,4521.68,2022-11-23,34006,False,,-23016.742489,96
2837,272448,4523.11,2022-12-07,572093,False,,-15549.479541,96
2838,272544,4524.62,2022-12-17,792905,False,,-21451.833918,96
2839,272640,4525.96,2022-12-28,233272,False,,-17991.805042,96
2840,272736,4527.47,2022-01-24,558305,False,,-7670.105556,96
2841,272832,4528.88,2022-02-07,675394,False,,-18105.395183,96
2842,272928,4530.34,2022-02-21,975526,False,,-23360.589047,96
2843,273024,4531.83,2022-03-19,137118,False,,-41412.222755,96
2844,273120,4533.32,2022-04-13,784495,False,,-22954.379496,96
2845,273216,4534.66,2022-04-27,60902,False,,-24046.310844,96
2846,273312,4535.78,2022-05-09,638515,False,,-17130.894396,96
2847,273408,4537.19,2022-06-04,82620,False,,-25691.4026,96
2848,273504,4538.55,2022-06-22,102113,False,,-21429.330658,96
2849,273600,4540.08,2022-07-26,836094,False,,-11413.227613,96
2850,273696,4541.56,2022-08-03,841121,False,,-9864.586685,96
2851,273792,4542.88,2022-08-17,506940,False,,-37445.808867,96
2852,273888,4544.21,2022-09-07,228114,False,,-24133.551553,96
2853,273984,4545.71,2022-09-29,343470,False,,-18434.367498,96
2854,274080,4547.2,2022-10-12,808343,False,,-20751.293465,96
2855,274176,4548.67,2022-10-26,226847,False,,-17269.075044,96
2856,274272,4550.04,2022-11-23,300159,False,,-26182.418572,96
2857,274368,4551.52,2022-12-07,372733,False,,-24339.029139,96
2858,274464,4552.95,2022-12-17,233623,False,,-22093.575597,96
2859,274560,4554.32,2022-12-28,192385,False,,-34970.5208,96
2860,274656,4555.78,2022-01-24,255715,False,,-25215.897096,96
2861,274752,4557.19,2022-02-07,122285,False,,-22974.901017,96
2862,274848,4558.6,2022-02-21,166849,False,,-25690.667636,96
2863,274944,4560.06,2022-03-19,542009,False,,-21626.181244,96
2864,275040,4561.49,2022-04-13,435396,False,,-13724.773791,96
2865,275136,4562.92,2022-04-27,88178,False,,-34028.035474,96
2866,275232,4564.51,2022-05-09,431468,False,,-28402.187622,96
2867,275328,4565.9,2022-06-04,644741,False,,-32728.232533,96
2868,275424,4567.38,2022-06-22,309269,False,,-31192.856031,96
2869,275520,4568.69,2022-07-26,745563,False,,-15357.231773,96
2870,275616,4570.11,2022-08-03,437137,False,,-18532.978836,96
2871,275712,4571.6,2022-08-17,718786,False,,-32807.890986,96
2872,275808,4572.88,2022-09-07,839378,False,,-18633.426603,96
2873,275904,4574.18,2022-09-29,575779,False,,-19512.521918,96
2874,276000,4575.59,2022-10-12,615512,False,,-24714.009031,96
2875,276096,4577.03,2022-10-26,316338,False,,-36127.225623,96
2876,276192,4578.43,2022-11-23,72949,False,,-20697.245173,96
2877,276288,4579.8,2022-12-07,224431,False,,-35574.685285,96
2878,276384,4581.21,2022-12-17,331281,False,,-12426.872608,96
2879,276480,4582.48,2022-12-28,31529,False,,-20806.310013,96
2880,276576,4583.96,2022-01-24,538324,False,,-19942.597895,96
2881,276672,4585.33,2022-02-07,987584,False,,-15419.377058,96
2882,276768,4586.86,2022-02-21,405077,False,,-20082.467838,96
2883,276864,4588.35,2022-03-19,288862,False,,-28228.301978,96
2884,276960,4589.75,2022-04-13,555187,False,,-30046.955596,96
2885,277056,4591.24,2022-04-27,863075,False,,-25521.384605,96
2886,277152,4592.61,2022-05-09,976689,False,,-17283.754681,96
2887,277248,4593.96,2022-06-04,122421,False,,-40388.018318,96
2888,277344,4594.99,2022-06-22,684025,False,,-13630.502358,96
2889,277440,4596.41,2022-07-26,630857,False,,-30336.902589,96
2890,277536,4597.6,2022-08-03,621023,False,,-28055.951227,96
2891,277632,4598.82,2022-08-17,251936,False,,-28390.154919,96
2892,277728,4600.25,2022-09-07,946876,False,,-26959.908758,96
2893,277824,4601.66,2022-09-29,349528,False,,-15286.720136,96
2894,277920,4602.92,2022-10-12,617904,False,,-16823.510163,96
2895,278016,4604.42,2022-10-26,985959,False,,-28110.609553,96
2896,278112,4606.02,2022-11-23,24898,False,,-13735.235606,96
2897,278208,4607.36,2022-12-07,675071,False,,-27057.97994,96
2898,278304,4608.75,2022-12-17,448573,False,,-13404.392681,96
2899,278400,4610.23,2022-12-28,901386,False,,-16004.370388,96
2900,278496,4611.68,2022-01-24,940389,False,,-28760.918499,96
2901,278592,4613.0,2022-02-07,119205,False,,-26711.35383,96
2902,278688,4614.28,2022-02-21,785961,False,,-15032.581011,96
2903,278784,4615.7,2022-03-19,631332,False,,-19165.507823,96
2904,278880,4617.04,2022-04-13,121360,False,,-12436.660228,96
2905,278976,4618.56,2022-04-27,789318,False,,-34885.247154,96
2906,279072,4619.91,2022-05-09,967973,False,,-36487.167908,96
2907,279168,4621.18,2022-06-04,27687,False,,-35996.131792,96
2908,279264,4622.45,2022-06-22,626135,False,,-27481.891812,96
2909,279360,4623.94,2022-07-26,303735,False,,-34704.930606,96
2910,279456,4625.25,2022-08-03,482006,False,,-20231.253054,96
2911,279552,4626.66,2022-08-17,983322,False,,-28834.003016,96
2912,279648,4628.03,2022-09-07,501783,False,,-17688.482964,96
2913,279744,4629.4,2022-09-29,894754,False,,-20984.240907,96
2914,279840,4630.61,2022-10-12,499851,False,,-11456.662023,96
2915,279936,4631.77,2022-10-26,139728,False,,-58441.344597,96
2916,280032,4645.69,2022-11-23,907734,False,,-11058.162635,96
2917,280128,4647.25,2022-12-07,918913,False,,-18465.849212,96
2918,280224,4648.63,2022-12-17,104690,False,,-20979.656186,96
2919,280320,4649.99,2022-12-28,265935,False,,-36111.070928,96
2920,280416,4651.42,2022-01-24,687768,False,,-16220.641688,96
2921,280512,4652.64,2022-02-07,15024,False,,-16551.032361,96
2922,280608,4654.02,2022-02-21,697485,False,,-16706.441033,96
2923,280704,4655.39,2022-03-19,333041,False,,-16501.624972,96
2924,280800,4656.69,2022-04-13,838913,False,,-20544.066682,96
2925,280896,4658.06,2022-04-27,896483,False,,-15570.021954,96
2926,280992,4659.45,2022-05-09,399115,False,,-31248.434901,96
2927,281088,4661.26,2022-06-04,284613,False,,-21574.414846,96
2928,281184,4662.61,2022-06-22,861239,False,,-24303.735449,96
2929,281280,4663.88,2022-07-26,754166,False,,-26118.78704,96
2930,281376,4665.21,2022-08-03,298454,False,,-24360.883565,96
2931,281472,4666.82,2022-08-17,877243,False,,-21686.422934,96
2932,281568,4668.23,2022-09-07,802689,False,,-26348.792663,96
2933,281664,4669.61,2022-09-29,226477,False,,-15878.910978,96
2934,281760,4671.15,2022-10-12,640744,False,,-23058.726346,96
2935,281856,4672.61,2022-10-26,781284,False,,-60926.567152,96
2936,281952,4673.93,2022-11-23,837889,False,,-20481.438543,96
2937,282048,4675.26,2022-12-07,17599,False,,-25129.230608,96
2938,282144,4676.66,2022-12-17,690451,False,,-45832.447732,96
2939,282240,4678.08,2022-12-28,403177,False,,-28001.482903,96
2940,282336,4679.55,2022-01-24,435190,False,,-24825.767072,96
2941,282432,4680.97,2022-02-07,594708,False,,-29756.542417,96
2942,282528,4682.26,2022-02-21,268277,False,,-18018.694763,96
2943,282624,4683.83,2022-03-19,548443,False,,-26514.659656,96
2944,282720,4685.2,2022-04-13,399030,False,,-19344.299867,96
2945,282816,4686.36,2022-04-27,476329,False,,-23432.261609,96
2946,282912,4687.76,2022-05-09,626331,False,,-28136.158915,96
2947,283008,4689.18,2022-06-04,161310,False,,-34203.848611,96
2948,283104,4690.62,2022-06-22,6207,False,,-26704.660354,96
2949,283200,4691.99,2022-07-26,85803,False,,-23747.323081,96
2950,283296,4693.34,2022-08-03,90608,False,,-35589.420394,96
2951,283392,4694.87,2022-08-17,501097,False,,-41913.527367,96
2952,283488,4696.36,2022-09-07,653331,False,,-19156.315169,96
2953,283584,4697.84,2022-09-29,569716,False,,-17144.445661,96
2954,283680,4699.36,2022-10-12,494168,False,,-19226.824589,96
2955,283776,4700.87,2022-10-26,792074,False,,-33411.352013,96
2956,283872,4702.41,2022-11-23,32863,False,,-26019.021444,96
2957,283968,4703.85,2022-12-07,3215,False,,-19644.334562,96
2958,284064,4705.26,2022-12-17,448384,False,,-41965.332677,96
2959,284160,4706.55,2022-12-28,925119,False,,-17646.44593,96
2960,284256,4708.0,2022-01-24,639342,False,,-20659.094157,96
2961,284352,4709.51,2022-02-07,60272,False,,-22752.249004,96
2962,284448,4710.91,2022-02-21,651939,False,,-29123.222329,96
2963,284544,4712.51,2022-03-19,376330,False,,-10705.402375,96
2964,284640,4714.04,2022-04-13,882664,False,,-21442.30761,96
2965,284736,4715.56,2022-04-27,489287,False,,-38351.554635,96
2966,284832,4717.04,2022-05-09,654917,False,,-29071.458655,96
2967,284928,4718.5,2022-06-04,668334,False,,-33569.38144,96
2968,285024,4719.66,2022-06-22,874339,False,,-21928.95923,96
2969,285120,4721.25,2022-07-26,387513,False,,-25800.081534,96
2970,285216,4722.51,2022-08-03,860550,False,,-29168.02268,96
2971,285312,4723.69,2022-08-17,764345,False,,-10131.429029,96
2972,285408,4725.09,2022-09-07,316296,False,,-31032.418277,96
2973,285504,4726.18,2022-09-29,178755,False,,-35366.557708,96
2974,285600,4727.67,2022-10-12,371208,False,,-36763.705051,96
2975,285696,4728.97,2022-10-26,283830,False,,-24121.333509,96
2976,285792,4730.47,2022-11-23,253502,False,,-26762.434582,96
2977,285888,4731.97,2022-12-07,305515,False,,-29845.598955,96
2978,285984,4733.51,2022-12-17,51882,False,,-8483.080693,96
2979,286080,4734.92,2022-12-28,387774,False,,-22626.664421,96
2980,286176,4736.17,2022-01-24,716820,False,,-26318.825076,96
2981,286272,4737.64,2022-02-07,976903,False,,-30752.48756,96
2982,286368,4739.11,2022-02-21,226172,False,,-25042.434872,96
2983,286464,4740.61,2022-03-19,276206,False,,-30162.91473,96
2984,286560,4742.02,2022-04-13,185399,False,,-21649.392324,96
2985,286656,4743.61,2022-04-27,177296,False,,-21556.661449,96
2986,286752,4744.74,2022-05-09,203960,False,,-32055.875408,96
2987,286848,4746.2,2022-06-04,751995,False,,-15988.806764,96
2988,286944,4747.8,2022-06-22,682339,False,,-40002.645005,96
2989,287040,4748.98,2022-07-26,508330,False,,-32149.645629,96
2990,287136,4750.47,2022-08-03,449851,False,,-36087.381634,96
2991,287232,4751.94,2022-08-17,328602,False,,-18255.714554,96
2992,287328,4753.35,2022-09-07,310491,False,,-7400.946361,96
2993,287424,4754.81,2022-09-29,724267,False,,-22493.479341,96
2994,287520,4756.28,2022-10-12,757888,False,,-39783.315999,96
2995,287616,4757.68,2022-10-26,737744,False,,-10944.548608,96
2996,287712,4759.08,2022-11-23,993596,False,,-24579.302013,96
2997,287808,4760.49,2022-12-07,583879,False,,-28303.138924,96
2998,287904,4761.86,2022-12-17,168116,False,,-17237.434954,96
2999,288000,4763.44,2022-12-28,797915,False,,-34165.391383,96
3000,288096,4764.95,2022-01-24,332651,False,,-21943.75606,96
3001,288192,4766.45,2022-02-07,436720,False,,-23532.848295,96
3002,288288,4767.9,2022-02-21,60380,False,,-16921.575625,96
3003,288384,4769.23,2022-03-19,815392,False,,-30336.788685,96
3004,288480,4770.67,2022-04-13,460665,False,,-27662.347165,96
3005,288576,4771.98,2022-04-27,751063,False,,-26525.876325,96
3006,288672,4773.47,2022-05-09,319018,False,,-27647.275245,96
3007,288768,4774.93,2022-06-04,33335,False,,-42298.944877,96
3008,288864,4776.33,2022-06-22,934600,False,,-25834.13736,96
3009,288960,4777.71,2022-07-26,902588,False,,-9115.796778,96
3010,289056,4779.18,2022-08-03,472709,False,,-21468.041117,96
3011,289152,4780.49,2022-08-17,267689,False,,-35615.67095,96
3012,289248,4781.96,2022-09-07,612558,False,,-10376.759376,96
3013,289344,4783.43,2022-09-29,60697,False,,-16228.355335,96
3014,289440,4784.92,2022-10-12,223708,False,,-27616.412606,96
3015,289536,4786.51,2022-10-26,885872,False,,-30672.782113,96
3016,289632,4787.85,2022-11-23,491994,False,,-24748.634834,96
3017,289728,4789.23,2022-12-07,144290,False,,-28753.73985,96
3018,289824,4790.76,2022-12-17,413489,False,,-18382.490982,96
3019,289920,4792.08,2022-12-28,414604,False,,-32066.11394,96
3020,290016,4805.97,2022-01-24,335840,False,,-30785.048409,96
3021,290112,4807.44,2022-02-07,116506,False,,-28348.895796,96
3022,290208,4808.79,2022-02-21,788850,False,,-32267.456684,96
3023,290304,4809.97,2022-03-19,95040,False,,-18691.323987,96
3024,290400,4811.3,2022-04-13,756811,False,,-17289.253124,96
3025,290496,4812.83,2022-04-27,230518,False,,-25894.06241,96
3026,290592,4814.23,2022-05-09,468568,False,,-27750.964654,96
3027,290688,4815.52,2022-06-04,502895,False,,-19193.306444,96
3028,290784,4816.89,2022-06-22,828244,False,,-18301.845438,96
3029,290880,4818.32,2022-07-26,943601,False,,-16990.73425,96
3030,290976,4819.71,2022-08-03,108688,False,,-26963.861923,96
3031,291072,4821.05,2022-08-17,461101,False,,-15989.64824,96
3032,291168,4822.45,2022-09-07,968459,False,,-33528.72205,96
3033,291264,4823.8,2022-09-29,556945,False,,-12358.608497,96
3034,291360,4825.2,2022-10-12,794089,False,,-15540.992704,96
3035,291456,4826.76,2022-10-26,225618,False,,-16227.693894,96
3036,291552,4828.12,2022-11-23,65585,False,,-53207.871165,96
3037,291648,4829.66,2022-12-07,118739,False,,-23043.173776,96
3038,291744,4831.04,2022-12-17,428545,False,,-13624.523667,96
3039,291840,4832.51,2022-12-28,324275,False,,-65990.422759,96
3040,291936,4833.93,2022-01-24,374756,False,,-18097.36708,96
3041,292032,4835.42,2022-02-07,379218,False,,-18662.634417,96
3042,292128,4836.83,2022-02-21,314473,False,,-27496.308759,96
3043,292224,4838.18,2022-03-19,984173,False,,-64600.795855,96
3044,292320,4839.53,2022-04-13,471673,False,,-33792.660815,96
3045,292416,4840.96,2022-04-27,923879,False,,-23613.762159,96
3046,292512,4842.3,2022-05-09,262061,False,,-15967.673643,96
3047,292608,4843.89,2022-06-04,297203,False,,-33791.999237,96
3048,292704,4845.13,2022-06-22,296111,False,,-38966.567247,96
3049,292800,4846.44,2022-07-26,350360,False,,-24114.163375,96
3050,292896,4847.85,2022-08-03,320022,False,,-40669.926039,96
3051,292992,4849.2,2022-08-17,950851,False,,-37686.565129,96
3052,293088,4850.75,2022-09-07,494980,False,,-20200.507493,96
3053,293184,4852.21,2022-09-29,19635,False,,-18910.899807,96
3054,293280,4853.73,2022-10-12,150613,False,,-21515.169882,96
3055,293376,4855.11,2022-10-26,227492,False,,-24119.240185,96
3056,293472,4856.5,2022-11-23,990922,False,,-29419.17026,96
3057,293568,4857.96,2022-12-07,266369,False,,-23341.748428,96
3058,293664,4859.32,2022-12-17,28696,False,,-22627.166073,96
3059,293760,4860.89,2022-12-28,180733,False,,-38519.406368,96
3060,293856,4862.07,2022-01-24,128442,False,,-29877.669122,96
3061,293952,4863.45,2022-02-07,97913,False,,-18677.065698,96
3062,294048,4864.91,2022-02-21,213459,False,,-24899.590594,96
3063,294144,4866.41,2022-03-19,817820,False,,-25679.259982,96
3064,294240,4868.02,2022-04-13,20838,False,,-20795.071955,96
3065,294336,4869.5,2022-04-27,181602,False,,-40540.434672,96
3066,294432,4870.65,2022-05-09,423141,False,,-18495.533818,96
3067,294528,4872.09,2022-06-04,174316,False,,-16634.27658,96
3068,294624,4873.6,2022-06-22,843835,False,,-28040.249589,96
3069,294720,4875.07,2022-07-26,792448,False,,-16132.78023,96
3070,294816,4876.3,2022-08-03,20083,False,,-25407.26105,96
3071,294912,4877.67,2022-08-17,686284,False,,-43498.795751,96
3072,295008,4879.1,2022-09-07,364750,False,,-18731.223276,96
3073,295104,4880.36,2022-09-29,774125,False,,-17958.43024,96
3074,295200,4881.83,2022-10-12,403760,False,,-43521.204882,96
3075,295296,4883.62,2022-10-26,981493,False,,-23124.284803,96
3076,295392,4885.1,2022-11-23,101608,False,,-24537.07452,96
3077,295488,4886.47,2022-12-07,159998,False,,-20688.174016,96
3078,295584,4887.95,2022-12-17,594332,False,,-19645.466516,96
3079,295680,4889.06,2022-12-28,73625,False,,-12041.990113,96
3080,295776,4890.42,2022-01-24,808004,False,,-19153.667772,96
3081,295872,4891.73,2022-02-07,810510,False,,-27141.608442,96
3082,295968,4893.12,2022-02-21,722943,False,,-19701.632519,96
3083,296064,4894.44,2022-03-19,190744,False,,-14955.492342,96
3084,296160,4895.84,2022-04-13,945269,False,,-40308.166287,96
3085,296256,4897.2,2022-04-27,673528,False,,-20840.002929,96
3086,296352,4898.46,2022-05-09,489647,False,,-37478.309501,96
3087,296448,4899.82,2022-06-04,528025,False,,-22820.009091,96
3088,296544,4901.37,2022-06-22,743608,False,,-24287.804922,96
3089,296640,4902.74,2022-07-26,716919,False,,-20427.089885,96
3090,296736,4904.21,2022-08-03,963941,False,,-48516.708966,96
3091,296832,4905.55,2022-08-17,412283,False,,-22759.871376,96
3092,296928,4906.98,2022-09-07,649742,False,,-23301.208383,96
3093,297024,4908.35,2022-09-29,874252,False,,-30278.320113,96
3094,297120,4909.83,2022-10-12,500171,False,,-22929.01969,96
3095,297216,4911.24,2022-10-26,103825,False,,-31943.449614,96
3096,297312,4912.71,2022-11-23,679029,False,,-23875.513537,96
3097,297408,4914.05,2022-12-07,168969,False,,-25724.385552,96
3098,297504,4915.43,2022-12-17,49154,False,,-23289.573544,96
3099,297600,4916.91,2022-12-28,929338,False,,-44693.190171,96
3100,297696,4918.31,2022-01-24,336717,False,,-31962.602965,96
3101,297792,4919.7,2022-02-07,297899,False,,-27290.481839,96
3102,297888,4921.22,2022-02-21,843408,False,,-20369.588154,96
3103,297984,4922.61,2022-03-19,553782,False,,-18092.99069,96
3104,298080,4923.99,2022-04-13,255344,False,,-25901.034006,96
3105,298176,4925.3,2022-04-27,888183,False,,-31011.430601,96
3106,298272,4926.74,2022-05-09,335992,False,,-24497.748146,96
3107,298368,4928.2,2022-06-04,278081,False,,-14309.546266,96
3108,298464,4929.49,2022-06-22,312302,False,,-28597.608333,96
3109,298560,4930.93,2022-07-26,957125,False,,-40023.421103,96
3110,298656,4932.4,2022-08-03,737308,False,,-53841.816206,96
3111,298752,4933.93,2022-08-17,421261,False,,-12573.433483,96
3112,298848,4935.33,2022-09-07,301975,False,,-44946.130921,96
3113,298944,4936.65,2022-09-29,788200,False,,-22222.055138,96
3114,299040,4938.13,2022-10-12,522263,False,,-36905.963524,96
3115,299136,4939.52,2022-10-26,699361,False,,-15551.705341,96
3116,299232,4940.99,2022-11-23,467859,False,,-20048.245464,96
3117,299328,4942.36,2022-12-07,999355,False,,-12356.61742,96
3118,299424,4943.89,2022-12-17,815462,False,,-16950.584948,96
3119,299520,4945.33,2022-12-28,635454,False,,-20282.822759,96
3120,299616,4946.67,2022-01-24,679731,False,,-16500.262846,96
3121,299712,4948.23,2022-02-07,894395,False,,-18632.143939,96
3122,299808,4949.47,2022-02-21,381428,False,,-15077.448808,96
3123,299904,4951.03,2022-03-19,747855,False,,-18004.032739,96
3124,300000,4952.59,2022-04-13,167545,False,,-26880.373038,96
3125,300096,4968.22,2022-04-27,215766,False,,-18418.833518,96
3126,300192,4969.71,2022-05-09,89122,False,,-10232.413859,96
3127,300288,4971.16,2022-06-04,755787,False,,-15502.914353,96
3128,300384,4972.47,2022-06-22,321557,False,,-31808.37914,96
3129,300480,4973.87,2022-07-26,523213,False,,-28622.890544,96
3130,300576,4975.19,2022-08-03,935671,False,,-27293.62986,96
3131,300672,4976.45,2022-08-17,32673,False,,-25391.126594,96
3132,300768,4977.8,2022-09-07,247431,False,,-33453.900823,96
3133,300864,4979.15,2022-09-29,604223,False,,-23869.665655,96
3134,300960,4980.63,2022-10-12,569859,False,,-30428.1286,96
3135,301056,4982.0,2022-10-26,44717,False,,-18574.984377,96
3136,301152,4983.59,2022-11-23,767686,False,,-14073.92912,96
3137,301248,4985.02,2022-12-07,680292,False,,-18270.613377,96
3138,301344,4986.39,2022-12-17,395373,False,,-39511.092704,96
3139,301440,4987.81,2022-12-28,850498,False,,-15792.052919,96
3140,301536,4989.33,2022-01-24,113127,False,,-24370.67733,96
3141,301632,4990.71,2022-02-07,697074,False,,-40745.669841,96
3142,301728,4992.18,2022-02-21,618470,False,,-45397.721751,96
3143,301824,4993.44,2022-03-19,184200,False,,-17567.958049,96
3144,301920,4994.84,2022-04-13,255899,False,,-25755.328268,96
3145,302016,4996.43,2022-04-27,995034,False,,-34918.748974,96
3146,302112,4997.77,2022-05-09,186608,False,,-32995.071758,96
3147,302208,4998.98,2022-06-04,848558,False,,-30128.332908,96
3148,302304,5000.42,2022-06-22,325424,False,,-21327.308731,96
3149,302400,5001.72,2022-07-26,535235,False,,-23521.048685,96
3150,302496,5003.25,2022-08-03,517188,False,,-35224.852611,96
3151,302592,5004.69,2022-08-17,300963,False,,-20156.230334,96
3152,302688,5006.05,2022-09-07,25880,False,,-30672.352214,96
3153,302784,5007.55,2022-09-29,280181,False,,-23024.649418,96
3154,302880,5009.08,2022-10-12,598037,False,,-26799.674546,96
3155,302976,5010.41,2022-10-26,179448,False,,-33023.941905,96
3156,303072,5011.72,2022-11-23,509354,False,,-21169.949565,96
3157,303168,5013.25,2022-12-07,465754,False,,-12063.602738,96
3158,303264,5014.71,2022-12-17,414946,False,,-23251.794137,96
3159,303360,5016.21,2022-12-28,22785,False,,-26185.820439,96
3160,303456,5017.67,2022-01-24,959443,False,,-24378.352878,96
3161,303552,5019.06,2022-02-07,538932,False,,-27601.301924,96
3162,303648,5020.52,2022-02-21,196169,False,,-33927.142718,96
3163,303744,5021.96,2022-03-19,181036,False,,-26201.734636,96
3164,303840,5023.5,2022-04-13,36648,False,,-23143.193296,96
3165,303936,5024.82,2022-04-27,743369,False,,-21227.02506,96
3166,304032,5026.29,2022-05-09,5544,False,,-43131.835696,96
3167,304128,5027.84,2022-06-04,824720,False,,-17766.774106,96
3168,304224,5029.18,2022-06-22,990372,False,,-21226.95084,96
3169,304320,5030.59,2022-07-26,413434,False,,-37148.482234,96
3170,304416,5032.05,2022-08-03,227455,False,,-25419.913937,96
3171,304512,5033.43,2022-08-17,43157,False,,-27334.977114,96
3172,304608,5034.76,2022-09-07,8320,False,,-11447.906767,96
3173,304704,5036.18,2022-09-29,461094,False,,-30109.515567,96
3174,304800,5037.76,2022-10-12,328266,False,,-56315.440307,96
3175,304896,5039.37,2022-10-26,920455,False,,-14467.715139,96
3176,304992,5040.73,2022-11-23,27180,False,,-52275.684034,96
3177,305088,5042.17,2022-12-07,652368,False,,-35177.476236,96
3178,305184,5043.5,2022-12-17,760359,False,,-29335.784887,96
3179,305280,5044.86,2022-12-28,284201,False,,-21492.533411,96
3180,305376,5046.47,2022-01-24,148384,False,,-26655.811809,96
3181,305472,5048.01,2022-02-07,669359,False,,-32944.93764,96
3182,305568,5049.61,2022-02-21,525337,False,,-22553.823522,96
3183,305664,5050.97,2022-03-19,579707,False,,-15235.186635,96
3184,305760,5052.25,2022-04-13,193396,False,,-33340.557324,96
3185,305856,5053.46,2022-04-27,65213,False,,-18613.251438,96
3186,305952,5054.74,2022-05-09,842332,False,,-33313.189542,96
3187,306048,5056.12,2022-06-04,178178,False,,-10450.944107,96
3188,306144,5057.36,2022-06-22,463328,False,,-25560.148464,96
3189,306240,5058.67,2022-07-26,9467,False,,-35604.95503,96
3190,306336,5060.05,2022-08-03,394859,False,,-11982.939563,96
3191,306432,5061.36,2022-08-17,902233,False,,-12009.283815,96
3192,306528,5062.71,2022-09-07,282676,False,,-14137.677552,96
3193,306624,5064.28,2022-09-29,459546,False,,-14446.968738,96
3194,306720,5065.71,2022-10-12,369621,False,,-23138.105868,96
3195,306816,5067.27,2022-10-26,422166,False,,-38755.011708,96
3196,306912,5068.66,2022-11-23,872408,False,,-35053.004832,96
3197,307008,5070.17,2022-12-07,734376,False,,-28192.524537,96
3198,307104,5071.42,2022-12-17,622702,False,,-15374.041584,96
3199,307200,5072.91,2022-12-28,289497,False,,-20846.06321,96
3200,307296,5074.39,2022-01-24,599879,False,,-21290.611088,96
3201,307392,5075.84,2022-02-07,106693,False,,-20586.90257,96
3202,307488,5077.19,2022-02-21,658147,False,,-25401.47588,96
3203,307584,5078.44,2022-03-19,326064,False,,-28810.748348,96
3204,307680,5079.87,2022-04-13,684945,False,,-22645.950092,96
3205,307776,5081.32,2022-04-27,500987,False,,-28642.049089,96
3206,307872,5082.87,2022-05-09,191099,False,,-25340.299841,96
3207,307968,5084.29,2022-06-04,789017,False,,-21612.247071,96
3208,308064,5085.59,2022-06-22,992920,False,,-18675.810923,96
3209,308160,5087.13,2022-07-26,364051,False,,-17399.064453,96
3210,308256,5088.45,2022-08-03,130845,False,,-12631.549856,96
3211,308352,5089.78,2022-08-17,143075,False,,-26407.233656,96
3212,308448,5091.15,2022-09-07,562751,False,,-27266.139235,96
3213,308544,5092.53,2022-09-29,737814,False,,-31699.517393,96
3214,308640,5094.09,2022-10-12,301328,False,,-33474.783956,96
3215,308736,5095.51,2022-10-26,355639,False,,-16671.942907,96
3216,308832,5096.95,2022-11-23,997177,False,,-14547.890259,96
3217,308928,5098.31,2022-12-07,10003,False,,-18133.020241,96
3218,309024,5099.54,2022-12-17,178936,False,,-23159.19688,96
3219,309120,5101.01,2022-12-28,650611,False,,-15891.733863,96
3220,309216,5102.5,2022-01-24,845073,False,,-21643.896148,96
3221,309312,5103.96,2022-02-07,416775,False,,-30638.962879,96
3222,309408,5105.52,2022-02-21,294261,False,,-17864.532564,96
3223,309504,5106.79,2022-03-19,807167,False,,-12447.475402,96
3224,309600,5108.28,2022-04-13,833389,False,,-37806.933633,96
3225,309696,5109.67,2022-04-27,282406,False,,-23695.792626,96
3226,309792,5110.77,2022-05-09,809984,False,,-26937.792716,96
3227,309888,5112.15,2022-06-04,389906,False,,-16525.657813,96
3228,309984,5113.44,2022-06-22,617590,False,,-37365.589186,96
3229,310080,5127.95,2022-07-26,951461,False,,-29303.60969,96
3230,310176,5129.48,2022-08-03,293314,False,,-15408.147356,96
3231,310272,5131.14,2022-08-17,432581,False,,-27816.163532,96
3232,310368,5132.49,2022-09-07,989902,False,,-26585.699861,96
3233,310464,5133.81,2022-09-29,930680,False,,-30003.391606,96
3234,310560,5135.24,2022-10-12,493028,False,,-16028.705435,96
3235,310656,5136.84,2022-10-26,105103,False,,-30800.211639,96
3236,310752,5138.31,2022-11-23,767883,False,,-12344.918955,96
3237,310848,5139.55,2022-12-07,910222,False,,-27324.622929,96
3238,310944,5141.09,2022-12-17,325000,False,,-35383.114017,96
3239,311040,5142.56,2022-12-28,272650,False,,-20005.299439,96
3240,311136,5143.92,2022-01-24,980952,False,,-36928.787857,96
3241,311232,5145.21,2022-02-07,966949,False,,-21198.122811,96
3242,311328,5146.63,2022-02-21,833995,False,,-19708.124951,96
3243,311424,5148.11,2022-03-19,528129,False,,-32600.809063,96
3244,311520,5149.44,2022-04-13,5158,False,,-28411.893895,96
3245,311616,5150.7,2022-04-27,802822,False,,-16591.06326,96
3246,311712,5152.11,2022-05-09,933538,False,,-33683.087989,96
3247,311808,5153.6,2022-06-04,594957,False,,-25800.988152,96
3248,311904,5154.95,2022-06-22,942565,False,,-23620.691176,96
3249,312000,5156.53,2022-07-26,684242,False,,-60480.831595,96
3250,312096,5157.85,2022-08-03,791408,False,,-17949.969989,96
3251,312192,5159.28,2022-08-17,647682,False,,-49578.258423,96
3252,312288,5160.74,2022-09-07,152305,False,,-30186.110712,96
3253,312384,5162.17,2022-09-29,898330,False,,-18306.683297,96
3254,312480,5163.48,2022-10-12,108888,False,,-28862.989866,96
3255,312576,5164.95,2022-10-26,33790,False,,-15154.329833,96
3256,312672,5166.33,2022-11-23,276758,False,,-30058.855289,96
3257,312768,5167.61,2022-12-07,241704,False,,-25191.14999,96
3258,312864,5168.91,2022-12-17,20000,False,,-17821.806674,96
3259,312960,5170.31,2022-12-28,128137,False,,-21770.748389,96
3260,313056,5171.73,2022-01-24,92536,False,,-27732.005423,96
3261,313152,5173.07,2022-02-07,503171,False,,-23956.980964,96
3262,313248,5174.6,2022-02-21,137666,False,,-30109.37729,96
3263,313344,5175.91,2022-03-19,776855,False,,-12089.168833,96
3264,313440,5177.36,2022-04-13,40267,False,,-18343.951202,96
3265,313536,5178.75,2022-04-27,582825,False,,-19450.830292,96
3266,313632,5180.19,2022-05-09,351962,False,,-17773.079854,96
3267,313728,5181.59,2022-06-04,383679,False,,-20152.384424,96
3268,313824,5183.06,2022-06-22,442342,False,,-16986.007649,96
3269,313920,5184.52,2022-07-26,661463,False,,-16961.575589,96
3270,314016,5185.84,2022-08-03,524235,False,,-9042.636724,96
3271,314112,5187.01,2022-08-17,720190,False,,-38842.947735,96
3272,314208,5188.35,2022-09-07,761018,False,,-12602.479493,96
3273,314304,5189.94,2022-09-29,240112,False,,-30791.387893,96
3274,314400,5191.35,2022-10-12,66386,False,,-18126.315395,96
3275,314496,5192.84,2022-10-26,749174,False,,-17592.785195,96
3276,314592,5194.17,2022-11-23,984809,False,,-26768.634709,96
3277,314688,5195.44,2022-12-07,854562,False,,-46573.898658,96
3278,314784,5197.06,2022-12-17,154868,False,,-9850.753859,96
3279,314880,5198.5,2022-12-28,126688,False,,-22330.81837,96
3280,314976,5199.6,2022-01-24,914678,False,,-22020.295796,96
3281,315072,5201.01,2022-02-07,545785,False,,-29751.566555,96
3282,315168,5202.49,2022-02-21,530676,False,,-25268.287292,96
3283,315264,5203.92,2022-03-19,655401,False,,-17284.589169,96
3284,315360,5205.46,2022-04-13,691587,False,,-25158.731298,96
3285,315456,5206.75,2022-04-27,601503,False,,-37406.493079,96
3286,315552,5208.26,2022-05-09,507901,False,,-19521.96488,96
3287,315648,5209.76,2022-06-04,892075,False,,-15771.061563,96
3288,315744,5211.1,2022-06-22,129660,False,,-25473.306525,96
3289,315840,5212.56,2022-07-26,753047,False,,-25387.343599,96
3290,315936,5214.09,2022-08-03,661057,False,,-34184.1405,96
3291,316032,5215.39,2022-08-17,322746,False,,-30061.396555,96
3292,316128,5216.9,2022-09-07,659457,False,,-18142.572566,96
3293,316224,5218.0,2022-09-29,289703,False,,-37393.898968,96
3294,316320,5219.43,2022-10-12,238903,False,,-31453.624638,96
3295,316416,5220.68,2022-10-26,750333,False,,-26299.550146,96
3296,316512,5222.28,2022-11-23,470020,False,,-39110.540695,96
3297,316608,5223.8,2022-12-07,767817,False,,-40210.902159,96
3298,316704,5224.95,2022-12-17,91864,False,,-40129.728836,96
3299,316800,5226.37,2022-12-28,240382,False,,-53753.384482,96
3300,316896,5227.83,2022-01-24,905494,False,,-40132.168502,96
3301,316992,5229.26,2022-02-07,33973,False,,-19624.404215,96
3302,317088,5230.84,2022-02-21,725059,False,,-22679.606426,96
3303,317184,5232.24,2022-03-19,169920,False,,-52381.788791,96
3304,317280,5233.84,2022-04-13,758749,False,,-24956.685594,96
3305,317376,5235.19,2022-04-27,609796,False,,-32792.447421,96
3306,317472,5236.62,2022-05-09,315284,False,,-28445.019006,96
3307,317568,5237.87,2022-06-04,205699,False,,-35375.698689,96
3308,317664,5239.36,2022-06-22,217621,False,,-37589.68921,96
3309,317760,5240.74,2022-07-26,778782,False,,-33313.219913,96
3310,317856,5241.86,2022-08-03,622767,False,,-24912.803441,96
3311,317952,5243.17,2022-08-17,678803,False,,-17521.973115,96
3312,318048,5244.41,2022-09-07,712758,False,,-20643.713854,96
3313,318144,5245.86,2022-09-29,288986,False,,-17086.254128,96
3314,318240,5247.27,2022-10-12,725060,False,,-60532.966847,96
3315,318336,5248.77,2022-10-26,16315,False,,-14563.06488,96
3316,318432,5250.2,2022-11-23,6457,False,,-16857.461855,96
3317,318528,5251.67,2022-12-07,657104,False,,-30934.611949,96
3318,318624,5253.1,2022-12-17,327099,False,,-29196.546364,96
3319,318720,5254.61,2022-12-28,295484,False,,-19746.065191,96
3320,318816,5255.87,2022-01-24,572128,False,,-23566.813222,96
3321,318912,5257.34,2022-02-07,74412,False,,-41606.895085,96
3322,319008,5258.78,2022-02-21,366757,False,,-32285.098352,96
3323,319104,5260.36,2022-03-19,852903,False,,-18334.038529,96
3324,319200,5261.99,2022-04-13,401858,False,,-19373.039834,96
3325,319296,5263.14,2022-04-27,594232,False,,-16522.316509,96
3326,319392,5264.6,2022-05-09,571988,False,,-21907.850307,96
3327,319488,5266.19,2022-06-04,105106,False,,-36575.115759,96
3328,319584,5267.7,2022-06-22,967220,False,,-34414.619561,96
3329,319680,5269.27,2022-07-26,956627,False,,-11653.106729,96
3330,319776,5270.81,2022-08-03,716798,False,,-25992.108081,96
3331,319872,5272.31,2022-08-17,491119,False,,-13731.068777,96
3332,319968,5273.82,2022-09-07,324731,False,,-12094.758709,96
3333,320064,5288.84,2022-09-29,738260,False,,-20611.814485,96
3334,320160,5290.03,2022-10-12,548959,False,,-11389.201855,96
3335,320256,5291.14,2022-10-26,853591,False,,-24483.169205,96
3336,320352,5292.45,2022-11-23,188995,False,,-39561.399324,96
3337,320448,5293.82,2022-12-07,303928,False,,-43444.297544,96
3338,320544,5295.16,2022-12-17,352055,False,,-19279.401189,96
3339,320640,5296.62,2022-12-28,532241,False,,-19866.684821,96
3340,320736,5298.11,2022-01-24,542004,False,,-23045.581547,96
3341,320832,5299.43,2022-02-07,268191,False,,-55900.120655,96
3342,320928,5300.87,2022-02-21,24498,False,,-21522.365547,96
3343,321024,5302.33,2022-03-19,371373,False,,-10088.995345,96
3344,321120,5303.98,2022-04-13,94351,False,,-68008.731025,96
3345,321216,5305.53,2022-04-27,841753,False,,-33215.840869,96
3346,321312,5306.74,2022-05-09,198612,False,,-28831.460242,96
3347,321408,5308.04,2022-06-04,864578,False,,-25534.649071,96
3348,321504,5309.44,2022-06-22,731640,False,,-43439.274303,96
3349,321600,5310.9,2022-07-26,321218,False,,-20220.134836,96
3350,321696,5312.11,2022-08-03,826032,False,,-24867.281459,96
3351,321792,5313.59,2022-08-17,45352,False,,-18284.547363,96
3352,321888,5315.09,2022-09-07,906864,False,,-25908.27133,96
3353,321984,5316.63,2022-09-29,930834,False,,-11941.152794,96
3354,322080,5318.16,2022-10-12,506617,False,,-24313.639424,96
3355,322176,5319.63,2022-10-26,518962,False,,-22122.81905,96
3356,322272,5321.12,2022-11-23,554446,False,,-19085.333912,96
3357,322368,5322.5,2022-12-07,486497,False,,-34210.964833,96
3358,322464,5323.93,2022-12-17,302490,False,,-45429.388032,96
3359,322560,5325.4,2022-12-28,901814,False,,-33992.963485,96
3360,322656,5326.86,2022-01-24,483966,False,,-35100.074424,96
3361,322752,5328.34,2022-02-07,849678,False,,-17308.329088,96
3362,322848,5329.66,2022-02-21,132219,False,,-19762.72407,96
3363,322944,5331.01,2022-03-19,837271,False,,-18270.373277,96
3364,323040,5332.3,2022-04-13,999685,False,,-24685.266732,96
3365,323136,5333.72,2022-04-27,63371,False,,-14263.152647,96
3366,323232,5335.16,2022-05-09,482451,False,,-15984.557278,96
3367,323328,5336.74,2022-06-04,628438,False,,-17690.096808,96
3368,323424,5338.24,2022-06-22,785011,False,,-19574.645355,96
3369,323520,5339.75,2022-07-26,25196,False,,-14609.494017,96
3370,323616,5341.38,2022-08-03,867943,False,,-17744.687858,96
3371,323712,5342.9,2022-08-17,503604,False,,-12784.288073,96
3372,323808,5344.17,2022-09-07,792932,False,,-19049.98281,96
3373,323904,5345.44,2022-09-29,525553,False,,-25213.174451,96
3374,324000,5346.76,2022-10-12,170122,False,,-23955.833761,96
3375,324096,5348.07,2022-10-26,590862,False,,-27055.001336,96
3376,324192,5349.61,2022-11-23,371512,False,,-23500.371631,96
3377,324288,5351.0,2022-12-07,39912,False,,-28034.786356,96
3378,324384,5352.46,2022-12-17,967458,False,,-18165.387812,96
3379,324480,5353.95,2022-12-28,726514,False,,-38690.807304,96
3380,324576,5355.47,2022-01-24,759715,False,,-13877.080931,96
3381,324672,5356.77,2022-02-07,403692,False,,-13058.160664,96
3382,324768,5358.15,2022-02-21,689849,False,,-32335.840755,96
3383,324864,5359.52,2022-03-19,728357,False,,-18390.219447,96
3384,324960,5360.88,2022-04-13,210208,False,,-34680.649916,96
3385,325056,5362.42,2022-04-27,937320,False,,-25181.927236,96
3386,325152,5363.77,2022-05-09,246479,False,,-21804.2558,96
3387,325248,5365.19,2022-06-04,858561,False,,-26018.732079,96
3388,325344,5366.67,2022-06-22,108755,False,,-14431.458984,96
3389,325440,5368.0,2022-07-26,678535,False,,-17454.615967,96
3390,325536,5369.44,2022-08-03,812438,False,,-21186.672013,96
3391,325632,5371.02,2022-08-17,504223,False,,-13465.085083,96
3392,325728,5372.46,2022-09-07,938924,False,,-8954.400963,96
3393,325824,5373.69,2022-09-29,282098,False,,-23536.753274,96
3394,325920,5375.04,2022-10-12,406400,False,,-35074.429261,96
3395,326016,5376.27,2022-10-26,787610,False,,-22897.936804,96
3396,326112,5377.87,2022-11-23,561504,False,,-53693.188557,96
3397,326208,5379.43,2022-12-07,931175,False,,-29748.157127,96
3398,326304,5380.74,2022-12-17,895920,False,,-15789.13171,96
3399,326400,5382.26,2022-12-28,29663,False,,-14492.779997,96
3400,326496,5383.72,2022-01-24,322430,False,,-39076.373771,96
3401,326592,5385.22,2022-02-07,619264,False,,-38294.34943,96
3402,326688,5386.7,2022-02-21,143129,False,,-25174.686384,96
3403,326784,5388.11,2022-03-19,935933,False,,-65616.640826,96
3404,326880,5389.6,2022-04-13,510487,False,,-37873.174801,96
3405,326976,5390.98,2022-04-27,753477,False,,-9141.609137,96
3406,327072,5392.4,2022-05-09,70454,False,,-20679.208282,96
3407,327168,5393.88,2022-06-04,680903,False,,-16248.712025,96
3408,327264,5395.38,2022-06-22,622447,False,,-39030.931209,96
3409,327360,5396.79,2022-07-26,137383,False,,-40137.391713,96
3410,327456,5398.24,2022-08-03,458513,False,,-25028.268425,96
3411,327552,5399.49,2022-08-17,490949,False,,-41615.123758,96
3412,327648,5400.94,2022-09-07,603853,False,,-13143.932475,96
3413,327744,5402.26,2022-09-29,772956,False,,-15767.460644,96
3414,327840,5403.66,2022-10-12,702165,False,,-47245.747525,96
3415,327936,5404.81,2022-10-26,818759,False,,-29024.058755,96
3416,328032,5406.4,2022-11-23,120956,False,,-24759.467578,96
3417,328128,5407.58,2022-12-07,141168,False,,-22068.794854,96
3418,328224,5409.06,2022-12-17,600903,False,,-34660.663553,96
3419,328320,5410.44,2022-12-28,828041,False,,-25464.362582,96
3420,328416,5411.9,2022-01-24,581497,False,,-21759.163306,96
3421,328512,5413.32,2022-02-07,196189,False,,-36378.957142,96
3422,328608,5414.68,2022-02-21,406816,False,,-32314.799886,96
3423,328704,5416.27,2022-03-19,740642,False,,-61302.013139,96
3424,328800,5417.76,2022-04-13,184600,False,,-13412.792635,96
3425,328896,5419.2,2022-04-27,235102,False,,-24620.841406,96
3426,328992,5420.63,2022-05-09,811531,False,,-33081.942307,96
3427,329088,5422.07,2022-06-04,624669,False,,-24923.711088,96
3428,329184,5423.28,2022-06-22,304172,False,,-34264.990651,96
3429,329280,5424.8,2022-07-26,417641,False,,-43399.077569,96
3430,329376,5426.27,2022-08-03,453344,False,,-13997.001672,96
3431,329472,5427.7,2022-08-17,687001,False,,-23018.077767,96
3432,329568,5429.24,2022-09-07,208370,False,,-10585.392066,96
3433,329664,5430.47,2022-09-29,454825,False,,-24755.110842,96
3434,329760,5431.79,2022-10-12,632300,False,,-13554.480386,96
3435,329856,5433.07,2022-10-26,473063,False,,-29464.082445,96
3436,329952,5434.5,2022-11-23,540537,False,,-32319.658196,96
3437,330048,5448.93,2022-12-07,991431,False,,-13570.530883,96
3438,330144,5450.26,2022-12-17,953019,False,,-19997.024153,96
3439,330240,5451.74,2022-12-28,37442,False,,-29921.939012,96
3440,330336,5453.29,2022-01-24,757305,False,,-18066.019439,96
3441,330432,5454.72,2022-02-07,417619,False,,-18856.349042,96
3442,330528,5456.13,2022-02-21,637521,False,,-16385.668808,96
3443,330624,5457.41,2022-03-19,170393,False,,-38367.08588,96
3444,330720,5458.8,2022-04-13,809045,False,,-48703.968353,96
3445,330816,5460.19,2022-04-27,226620,False,,-17670.658334,96
3446,330912,5461.43,2022-05-09,690472,False,,-37700.374225,96
3447,331008,5462.66,2022-06-04,666539,False,,-18848.56563,96
3448,331104,5464.13,2022-06-22,65496,False,,-21366.936807,96
3449,331200,5465.46,2022-07-26,434200,False,,-18704.234703,96
3450,331296,5466.86,2022-08-03,295513,False,,-25926.915326,96
3451,331392,5468.18,2022-08-17,275305,False,,-18504.180017,96
3452,331488,5469.64,2022-09-07,661628,False,,-18774.819517,96
3453,331584,5471.02,2022-09-29,476666,False,,-25695.188652,96
3454,331680,5472.39,2022-10-12,573927,False,,-16935.952677,96
3455,331776,5473.94,2022-10-26,716837,False,,-26953.433615,96
3456,331872,5475.29,2022-11-23,446023,False,,-31216.050654,96
3457,331968,5476.52,2022-12-07,486903,False,,-17317.334779,96
3458,332064,5478.01,2022-12-17,2979,False,,-16764.902751,96
3459,332160,5479.43,2022-12-28,534415,False,,-42929.650597,96
3460,332256,5480.8,2022-01-24,105007,False,,-13674.486694,96
3461,332352,5482.31,2022-02-07,650604,False,,-47548.760132,96
3462,332448,5483.58,2022-02-21,187152,False,,-25651.112217,96
3463,332544,5484.93,2022-03-19,75704,False,,-20856.81917,96
3464,332640,5486.49,2022-04-13,349394,False,,-19508.618802,96
3465,332736,5487.79,2022-04-27,84158,False,,-25489.164511,96
3466,332832,5489.31,2022-05-09,125364,False,,-22987.704613,96
3467,332928,5490.71,2022-06-04,317801,False,,-19419.174059,96
3468,333024,5492.03,2022-06-22,501273,False,,-53849.132018,96
3469,333120,5493.59,2022-07-26,671087,False,,-27462.95669,96
3470,333216,5495.19,2022-08-03,80703,False,,-22028.169904,96
3471,333312,5496.64,2022-08-17,526498,False,,-24129.319265,96
3472,333408,5498.06,2022-09-07,408144,False,,-25499.460303,96
3473,333504,5499.48,2022-09-29,428015,False,,-14359.652437,96
3474,333600,5501.04,2022-10-12,146665,False,,-22510.242021,96
3475,333696,5502.21,2022-10-26,818403,False,,-38091.955383,96
3476,333792,5503.51,2022-11-23,765297,False,,-24011.524419,96
3477,333888,5504.93,2022-12-07,476633,False,,-17774.468355,96
3478,333984,5506.27,2022-12-17,858698,False,,-23845.534066,96
3479,334080,5507.66,2022-12-28,200970,False,,-16619.264733,96
3480,334176,5508.98,2022-01-24,302492,False,,-12707.54194,96
3481,334272,5510.17,2022-02-07,50888,False,,-17874.399524,96
3482,334368,5511.47,2022-02-21,539828,False,,-22212.105334,96
3483,334464,5512.87,2022-03-19,469797,False,,-17449.927148,96
3484,334560,5514.24,2022-04-13,170424,False,,-21327.936918,96
3485,334656,5515.67,2022-04-27,371673,False,,-22145.140726,96
3486,334752,5517.28,2022-05-09,962964,False,,-17800.562407,96
3487,334848,5518.88,2022-06-04,591649,False,,-13937.619897,96
3488,334944,5520.37,2022-06-22,860992,False,,-22040.361436,96
3489,335040,5521.57,2022-07-26,7796,False,,-25422.413321,96
3490,335136,5523.08,2022-08-03,269878,False,,-15648.471156,96
3491,335232,5524.53,2022-08-17,500699,False,,-45564.341941,96
3492,335328,5525.95,2022-09-07,728971,False,,-21003.722969,96
3493,335424,5527.35,2022-09-29,73502,False,,-35947.054948,96
3494,335520,5528.7,2022-10-12,704775,False,,-33197.625325,96
3495,335616,5529.92,2022-10-26,693574,False,,-26853.569111,96
3496,335712,5531.23,2022-11-23,700554,False,,-25199.479805,96
3497,335808,5532.58,2022-12-07,50917,False,,-24825.557703,96
3498,335904,5534.1,2022-12-17,606208,False,,-18436.980681,96
3499,336000,5535.57,2022-12-28,692253,False,,-40508.470269,96
3500,336096,5537.17,2022-01-24,407068,False,,-16382.51603,96
3501,336192,5538.4,2022-02-07,124942,False,,-74515.45051,96
3502,336288,5539.93,2022-02-21,212093,False,,-34818.9321,96
3503,336384,5541.36,2022-03-19,944207,False,,-30076.2366,96
3504,336480,5542.73,2022-04-13,52730,False,,-35101.062786,96
3505,336576,5544.19,2022-04-27,959902,False,,-30081.608876,96
3506,336672,5545.57,2022-05-09,829912,False,,-22060.531339,96
3507,336768,5547.14,2022-06-04,784419,False,,-15220.39448,96
3508,336864,5548.48,2022-06-22,26727,False,,-13601.77841,96
3509,336960,5549.93,2022-07-26,675271,False,,-22556.271,96
3510,337056,5551.52,2022-08-03,877110,False,,-46879.379196,96
3511,337152,5552.92,2022-08-17,402774,False,,-23313.542256,96
3512,337248,5554.27,2022-09-07,540533,False,,-21363.035179,96
3513,337344,5555.61,2022-09-29,839121,False,,-14141.105396,96
3514,337440,5557.13,2022-10-12,507750,False,,-15599.726693,96
3515,337536,5558.44,2022-10-26,607468,False,,-34259.810525,96
3516,337632,5559.87,2022-11-23,628847,False,,-51046.508969,96
3517,337728,5561.34,2022-12-07,441095,False,,-28774.178475,96
3518,337824,5562.77,2022-12-17,558435,False,,-19842.877284,96
3519,337920,5564.02,2022-12-28,482681,False,,-33424.45823,96
3520,338016,5565.43,2022-01-24,731855,False,,-41137.477108,96
3521,338112,5566.76,2022-02-07,691500,False,,-17031.814871,96
3522,338208,5568.24,2022-02-21,774120,False,,-54479.626153,96
3523,338304,5569.52,2022-03-19,379500,False,,-12618.542378,96
3524,338400,5570.98,2022-04-13,312001,False,,-31508.492539,96
3525,338496,5572.47,2022-04-27,767249,False,,-29590.366361,96
3526,338592,5573.82,2022-05-09,423288,False,,-42323.271472,96
3527,338688,5575.29,2022-06-04,429821,False,,-19694.023614,96
3528,338784,5576.73,2022-06-22,899933,False,,-19726.711743,96
3529,338880,5578.03,2022-07-26,361009,False,,-11191.423889,96
3530,338976,5579.53,2022-08-03,546019,False,,-17189.121831,96
3531,339072,5580.95,2022-08-17,23663,False,,-17339.668262,96
3532,339168,5582.24,2022-09-07,507021,False,,-10961.286481,96
3533,339264,5583.63,2022-09-29,262167,False,,-24784.162703,96
3534,339360,5584.8,2022-10-12,689926,False,,-21273.722948,96
3535,339456,5586.15,2022-10-26,19713,False,,-15470.079565,96
3536,339552,5587.63,2022-11-23,67053,False,,-22128.118819,96
3537,339648,5588.84,2022-12-07,877787,False,,-50749.52016,96
3538,339744,5590.29,2022-12-17,243205,False,,-21471.943059,96
3539,339840,5591.61,2022-12-28,173597,False,,-20848.493169,96
3540,339936,5592.91,2022-01-24,639666,False,,-46756.023439,96
3541,340032,5607.68,2022-02-07,425784,False,,-38263.469153,96
3542,340128,5608.93,2022-02-21,15340,False,,-21132.20735,96
3543,340224,5610.37,2022-03-19,482933,False,,-27634.0725,96
3544,340320,5611.7,2022-04-13,201676,False,,-33644.695498,96
3545,340416,5613.14,2022-04-27,378718,False,,-54964.994464,96
3546,340512,5614.51,2022-05-09,700289,False,,-39045.857798,96
3547,340608,5615.79,2022-06-04,596333,False,,-16471.871103,96
3548,340704,5617.26,2022-06-22,2864,False,,-22138.71978,96
3549,340800,5618.79,2022-07-26,441068,False,,-20400.140053,96
3550,340896,5620.22,2022-08-03,540996,False,,-28411.22931,96
3551,340992,5621.72,2022-08-17,648320,False,,-31089.043276,96
3552,341088,5623.08,2022-09-07,884441,False,,-10618.723446,96
3553,341184,5624.46,2022-09-29,831457,False,,-21933.527843,96
3554,341280,5625.86,2022-10-12,624287,False,,-23465.630791,96
3555,341376,5627.36,2022-10-26,136818,False,,-17325.570522,96
3556,341472,5628.92,2022-11-23,383333,False,,-21205.857033,96
3557,341568,5630.28,2022-12-07,896965,False,,-24111.723778,96
3558,341664,5631.71,2022-12-17,520607,False,,-16271.559245,96
3559,341760,5633.25,2022-12-28,700529,False,,-41524.375082,96
3560,341856,5634.73,2022-01-24,318299,False,,-30138.852276,96
3561,341952,5636.12,2022-02-07,995333,False,,-16499.688129,96
3562,342048,5637.53,2022-02-21,185163,False,,-28769.204506,96
3563,342144,5639.04,2022-03-19,904906,False,,-12668.643159,96
3564,342240,5640.51,2022-04-13,350730,False,,-28467.236767,96
3565,342336,5641.96,2022-04-27,473708,False,,-43800.635533,96
3566,342432,5643.33,2022-05-09,498637,False,,-19314.634759,96
3567,342528,5644.53,2022-06-04,432908,False,,-19398.749788,96
3568,342624,5646.06,2022-06-22,503916,False,,-24525.56255,96
3569,342720,5647.53,2022-07-26,72118,False,,-18327.101801,96
3570,342816,5649.05,2022-08-03,641929,False,,-15897.971659,96
3571,342912,5650.56,2022-08-17,718471,False,,-18446.990766,96
3572,343008,5651.97,2022-09-07,241085,False,,-52664.133136,96
3573,343104,5653.47,2022-09-29,832538,False,,-17796.495732,96
3574,343200,5654.95,2022-10-12,833612,False,,-30107.711965,96
3575,343296,5656.27,2022-10-26,651619,False,,-26891.299427,96
3576,343392,5657.63,2022-11-23,704204,False,,-33546.123972,96
3577,343488,5659.12,2022-12-07,643101,False,,-11301.430873,96
3578,343584,5660.52,2022-12-17,196907,False,,-29865.969124,96
3579,343680,5662.04,2022-12-28,318633,False,,-11544.33139,96
3580,343776,5663.47,2022-01-24,990146,False,,-20278.975762,96
3581,343872,5664.75,2022-02-07,40648,False,,-37484.077734,96
3582,343968,5666.21,2022-02-21,562412,False,,-19660.642079,96
3583,344064,5667.66,2022-03-19,132379,False,,-19143.681081,96
3584,344160,5668.91,2022-04-13,757770,False,,-49979.459949,96
3585,344256,5670.45,2022-04-27,61168,False,,-20865.510378,96
3586,344352,5671.85,2022-05-09,202261,False,,-33857.38808,96
3587,344448,5673.25,2022-06-04,662580,False,,-21130.222995,96
3588,344544,5674.68,2022-06-22,708879,False,,-23918.493428,96
3589,344640,5676.2,2022-07-26,845376,False,,-51449.128088,96
3590,344736,5677.77,2022-08-03,664217,False,,-12197.941323,96
3591,344832,5679.14,2022-08-17,69841,False,,-23121.60321,96
3592,344928,5680.54,2022-09-07,422200,False,,-17421.162638,96
3593,345024,5681.96,2022-09-29,790793,False,,-19848.55661,96
3594,345120,5683.51,2022-10-12,700026,False,,-35313.117419,96
3595,345216,5684.77,2022-10-26,655560,False,,-17595.884957,96
3596,345312,5686.23,2022-11-23,296933,False,,-29484.196577,96
3597,345408,5687.63,2022-12-07,564259,False,,-32049.900333,96
3598,345504,5688.94,2022-12-17,452832,False,,-17747.890889,96
3599,345600,5690.16,2022-12-28,402461,False,,-24852.923413,96
3600,345696,5691.75,2022-01-24,447906,False,,-28696.355523,96
3601,345792,5693.04,2022-02-07,493672,False,,-24506.217455,96
3602,345888,5694.39,2022-02-21,675512,False,,-33355.724901,96
3603,345984,5695.79,2022-03-19,530059,False,,-24127.241878,96
3604,346080,5697.21,2022-04-13,481062,False,,-20852.921193,96
3605,346176,5698.44,2022-04-27,950133,False,,-27896.011354,96
3606,346272,5700.0,2022-05-09,592526,False,,-42259.863404,96
3607,346368,5701.39,2022-06-04,250187,False,,-16356.698444,96
3608,346464,5702.76,2022-06-22,941948,False,,-92929.352083,96
3609,346560,5704.17,2022-07-26,707321,False,,-37075.138298,96
3610,346656,5705.55,2022-08-03,931255,False,,-20259.40786,96
3611,346752,5706.96,2022-08-17,745524,False,,-31824.788635,96
3612,346848,5708.48,2022-09-07,641284,False,,-29850.647354,96
3613,346944,5709.77,2022-09-29,684669,False,,-29113.43755,96
3614,347040,5711.07,2022-10-12,555862,False,,-38119.960303,96
3615,347136,5712.5,2022-10-26,634968,False,,-42802.214951,96
3616,347232,5713.96,2022-11-23,736295,False,,-22953.075141,96
3617,347328,5715.39,2022-12-07,864948,False,,-17080.855947,96
3618,347424,5716.61,2022-12-17,88456,False,,-11320.362684,96
3619,347520,5717.89,2022-12-28,542131,False,,-38259.737883,96
3620,347616,5719.32,2022-01-24,673308,False,,-32380.982517,96
3621,347712,5720.61,2022-02-07,25041,False,,-15402.97232,96
3622,347808,5722.07,2022-02-21,348134,False,,-22935.195391,96
3623,347904,5723.53,2022-03-19,631536,False,,-14838.100453,96
3624,348000,5724.97,2022-04-13,632139,False,,-44567.653654,96
3625,348096,5726.27,2022-04-27,469757,False,,-14361.944833,96
3626,348192,5727.67,2022-05-09,632856,False,,-30243.519859,96
3627,348288,5729.1,2022-06-04,744779,False,,-35145.199052,96
3628,348384,5730.52,2022-06-22,422601,False,,-25255.937276,96
3629,348480,5731.83,2022-07-26,626106,False,,-18354.460976,96
3630,348576,5733.2,2022-08-03,943123,False,,-32953.652833,96
3631,348672,5734.62,2022-08-17,721304,False,,-34283.126521,96
3632,348768,5736.08,2022-09-07,720000,False,,-38626.842776,96
3633,348864,5737.42,2022-09-29,655163,False,,-21230.422914,96
3634,348960,5738.81,2022-10-12,924975,False,,-20234.901005,96
3635,349056,5740.2,2022-10-26,265604,False,,-21501.99026,96
3636,349152,5741.48,2022-11-23,318971,False,,-16088.018728,96
3637,349248,5742.89,2022-12-07,368409,False,,-40459.437201,96
3638,349344,5744.29,2022-12-17,701479,False,,-22058.264004,96
3639,349440,5745.8,2022-12-28,504998,False,,-23939.398681,96
3640,349536,5747.21,2022-01-24,978217,False,,-27535.511383,96
3641,349632,5748.62,2022-02-07,576951,False,,-27555.946695,96
3642,349728,5750.02,2022-02-21,308240,False,,-31203.610227,96
3643,349824,5751.35,2022-03-19,89941,False,,-20948.231906,96
3644,349920,5752.77,2022-04-13,600052,False,,-16689.757771,96
3645,350016,5766.76,2022-04-27,6305,False,,-17206.745396,96
3646,350112,5767.97,2022-05-09,404185,False,,-27489.629368,96
3647,350208,5769.45,2022-06-04,983277,False,,-34763.101331,96
3648,350304,5770.8,2022-06-22,506920,False,,-24179.788173,96
3649,350400,5772.17,2022-07-26,21209,False,,-25211.033828,96
3650,350496,5773.65,2022-08-03,923622,False,,-6293.052764,96
3651,350592,5775.03,2022-08-17,878732,False,,-18710.838811,96
3652,350688,5776.53,2022-09-07,886064,False,,-33598.039526,96
3653,350784,5777.81,2022-09-29,808792,False,,-37987.987503,96
3654,350880,5779.34,2022-10-12,435215,False,,-22473.934483,96
3655,350976,5780.77,2022-10-26,55264,False,,-29314.878503,96
3656,351072,5782.28,2022-11-23,152163,False,,-30403.580946,96
3657,351168,5783.52,2022-12-07,42938,False,,-21175.047502,96
3658,351264,5785.01,2022-12-17,185475,False,,-21208.097644,96
3659,351360,5786.29,2022-12-28,249313,False,,-23246.719242,96
3660,351456,5787.57,2022-01-24,528345,False,,-32169.85526,96
3661,351552,5789.05,2022-02-07,775392,False,,-20684.940052,96
3662,351648,5790.6,2022-02-21,599877,False,,-35103.419322,96
3663,351744,5792.13,2022-03-19,840235,False,,-20109.639932,96
3664,351840,5793.92,2022-04-13,809682,False,,-27883.417566,96
3665,351936,5795.38,2022-04-27,531836,False,,-23104.123352,96
3666,352032,5796.8,2022-05-09,823454,False,,-11885.736356,96
3667,352128,5798.24,2022-06-04,172013,False,,-11862.533982,96
3668,352224,5799.69,2022-06-22,179284,False,,-20915.454827,96
3669,352320,5801.0,2022-07-26,633673,False,,-11326.180594,96
3670,352416,5802.47,2022-08-03,769590,False,,-31048.57501,96
3671,352512,5803.91,2022-08-17,988605,False,,-18534.656233,96
3672,352608,5805.42,2022-09-07,964702,False,,-34588.379868,96
3673,352704,5806.99,2022-09-29,444104,False,,-30468.638409,96
3674,352800,5808.45,2022-10-12,107015,False,,-26966.99199,96
3675,352896,5809.97,2022-10-26,534220,False,,-26399.759139,96
3676,352992,5811.46,2022-11-23,804980,False,,-23600.645536,96
3677,353088,5812.91,2022-12-07,208193,False,,-36731.349213,96
3678,353184,5814.31,2022-12-17,178552,False,,-22443.529315,96
3679,353280,5815.73,2022-12-28,137132,False,,-19815.517706,96
3680,353376,5816.91,2022-01-24,975484,False,,-63780.074994,96
3681,353472,5818.45,2022-02-07,225222,False,,-32648.119763,96
3682,353568,5819.93,2022-02-21,333386,False,,-34184.361101,96
3683,353664,5821.38,2022-03-19,599769,False,,-23712.921183,96
3684,353760,5822.79,2022-04-13,45961,False,,-14860.670038,96
3685,353856,5823.96,2022-04-27,813708,False,,-19468.029165,96
3686,353952,5825.45,2022-05-09,345518,False,,-17277.488115,96
3687,354048,5826.92,2022-06-04,140035,False,,-14843.7008,96
3688,354144,5828.47,2022-06-22,51799,False,,-41015.714032,96
3689,354240,5829.97,2022-07-26,672137,False,,-21265.777643,96
3690,354336,5831.42,2022-08-03,270592,False,,-28387.737247,96
3691,354432,5832.83,2022-08-17,441111,False,,-29240.277584,96
3692,354528,5834.29,2022-09-07,119492,False,,-27640.570995,96
3693,354624,5835.62,2022-09-29,630566,False,,-31996.609507,96
3694,354720,5837.03,2022-10-12,958086,False,,-26303.263053,96
3695,354816,5838.53,2022-10-26,68901,False,,-21063.001264,96
3696,354912,5839.95,2022-11-23,388875,False,,-16378.986526,96
3697,355008,5841.48,2022-12-07,503618,False,,-39448.595287,96
3698,355104,5843.02,2022-12-17,755824,False,,-26874.433606,96
3699,355200,5844.54,2022-12-28,116791,False,,-45107.948964,96
3700,355296,5845.95,2022-01-24,511916,False,,-32609.355847,96
3701,355392,5847.44,2022-02-07,278691,False,,-14226.442258,96
3702,355488,5848.92,2022-02-21,397120,False,,-25268.733485,96
3703,355584,5850.36,2022-03-19,753735,False,,-15647.561941,96
3704,355680,5851.83,2022-04-13,111508,False,,-48600.545968,96
3705,355776,5853.34,2022-04-27,634587,False,,-23199.929148,96
3706,355872,5854.78,2022-05-09,959075,False,,-15975.988575,96
3707,355968,5856.11,2022-06-04,66117,False,,-16491.839,96
3708,356064,5857.54,2022-06-22,384634,False,,-17384.996328,96
3709,356160,5858.88,2022-07-26,337820,False,,-25536.436373,96
3710,356256,5860.54,2022-08-03,677846,False,,-40786.82269,96
3711,356352,5862.2,2022-08-17,911588,False,,-19061.255434,96
3712,356448,5863.74,2022-09-07,624169,False,,-33312.094889,96
3713,356544,5865.14,2022-09-29,253572,False,,-33118.958033,96
3714,356640,5866.77,2022-10-12,906265,False,,-19932.562754,96
3715,356736,5868.34,2022-10-26,253438,False,,-39749.578161,96
3716,356832,5869.75,2022-11-23,316860,False,,-30048.119646,96
3717,356928,5871.2,2022-12-07,695548,False,,-19985.768484,96
3718,357024,5872.46,2022-12-17,323167,False,,-32652.359834,96
3719,357120,5873.7,2022-12-28,100641,False,,-39741.914195,96
3720,357216,5874.99,2022-01-24,827738,False,,-29132.056148,96
3721,357312,5876.44,2022-02-07,465651,False,,-30712.523787,96
3722,357408,5877.74,2022-02-21,438494,False,,-34590.147111,96
3723,357504,5878.95,2022-03-19,143713,False,,-14242.350527,96
3724,357600,5880.49,2022-04-13,267412,False,,-12410.585467,96
3725,357696,5881.84,2022-04-27,13977,False,,-19014.582094,96
3726,357792,5883.26,2022-05-09,771871,False,,-26464.934256,96
3727,357888,5884.75,2022-06-04,11805,False,,-24452.110882,96
3728,357984,5886.07,2022-06-22,833691,False,,-38548.622643,96
3729,358080,5887.41,2022-07-26,330822,False,,-16768.329095,96
3730,358176,5888.91,2022-08-03,358660,False,,-11502.799154,96
3731,358272,5890.41,2022-08-17,389400,False,,-27639.162913,96
3732,358368,5891.92,2022-09-07,704845,False,,-19659.321474,96
3733,358464,5893.46,2022-09-29,967045,False,,-18237.40285,96
3734,358560,5894.87,2022-10-12,520180,False,,-12734.714271,96
3735,358656,5896.23,2022-10-26,775439,False,,-19910.756238,96
3736,358752,5897.59,2022-11-23,174111,False,,-31869.248097,96
3737,358848,5898.73,2022-12-07,65670,False,,-6430.733751,96
3738,358944,5900.12,2022-12-17,74785,False,,-29920.367102,96
3739,359040,5901.47,2022-12-28,124674,False,,-12104.438875,96
3740,359136,5902.93,2022-01-24,827845,False,,-21417.174321,96
3741,359232,5904.35,2022-02-07,599012,False,,-23893.532898,96
3742,359328,5905.8,2022-02-21,74672,False,,-15462.576166,96
3743,359424,5907.14,2022-03-19,43202,False,,-18697.906809,96
3744,359520,5908.57,2022-04-13,204945,False,,-25700.724048,96
3745,359616,5910.02,2022-04-27,819866,False,,-20033.480261,96
3746,359712,5911.54,2022-05-09,403724,False,,-12072.345505,96
3747,359808,5912.87,2022-06-04,690762,False,,-17922.359705,96
3748,359904,5914.19,2022-06-22,772463,False,,-18573.439196,96
3749,360000,5915.49,2022-07-26,40328,False,,-14147.698692,96
3750,360096,5929.4,2022-08-03,463889,False,,-28906.689756,96
3751,360192,5930.74,2022-08-17,548251,False,,-33199.126578,96
3752,360288,5932.2,2022-09-07,59524,False,,-26403.866582,96
3753,360384,5933.61,2022-09-29,977453,False,,-31570.613009,96
3754,360480,5935.27,2022-10-12,884221,False,,-16756.367804,96
3755,360576,5936.63,2022-10-26,613378,False,,-20779.827232,96
3756,360672,5937.86,2022-11-23,537209,False,,-32640.644684,96
3757,360768,5939.27,2022-12-07,388912,False,,-11613.675427,96
3758,360864,5940.64,2022-12-17,215486,False,,-12232.617238,96
3759,360960,5942.17,2022-12-28,481355,False,,-33088.394362,96
3760,361056,5943.72,2022-01-24,31706,False,,-18538.940164,96
3761,361152,5945.16,2022-02-07,597102,False,,-35544.423715,96
3762,361248,5946.6,2022-02-21,559443,False,,-20278.404051,96
3763,361344,5948.03,2022-03-19,539036,False,,-23924.598013,96
3764,361440,5949.48,2022-04-13,324105,False,,-29191.095425,96
3765,361536,5950.98,2022-04-27,912238,False,,-52492.416976,96
3766,361632,5952.47,2022-05-09,119622,False,,-20060.85129,96
3767,361728,5954.13,2022-06-04,715024,False,,-24162.373306,96
3768,361824,5955.53,2022-06-22,187642,False,,-35305.601601,96
3769,361920,5957.03,2022-07-26,448183,False,,-25550.091348,96
3770,362016,5958.24,2022-08-03,11933,False,,-42627.92144,96
3771,362112,5959.76,2022-08-17,277707,False,,-25173.56073,96
3772,362208,5961.33,2022-09-07,84756,False,,-23844.487884,96
3773,362304,5962.8,2022-09-29,801878,False,,-21974.4251,96
3774,362400,5964.31,2022-10-12,678804,False,,-28978.776901,96
3775,362496,5965.75,2022-10-26,482688,False,,-17470.694492,96
3776,362592,5967.35,2022-11-23,221495,False,,-14336.47007,96
3777,362688,5968.65,2022-12-07,507068,False,,-30614.080631,96
3778,362784,5969.94,2022-12-17,734692,False,,-19953.406301,96
3779,362880,5971.45,2022-12-28,91143,False,,-11717.088139,96
3780,362976,5972.89,2022-01-24,947331,False,,-23307.986333,96
3781,363072,5974.23,2022-02-07,353093,False,,-14076.264873,96
3782,363168,5975.59,2022-02-21,177885,False,,-48702.506216,96
3783,363264,5977.16,2022-03-19,666640,False,,-45416.588384,96
3784,363360,5978.64,2022-04-13,166331,False,,-26620.294938,96
3785,363456,5979.99,2022-04-27,89063,False,,-15368.09041,96
3786,363552,5981.27,2022-05-09,295598,False,,-18814.400911,96
3787,363648,5982.77,2022-06-04,101023,False,,-19375.619781,96
3788,363744,5984.2,2022-06-22,592379,False,,-24086.429429,96
3789,363840,5985.62,2022-07-26,743475,False,,-19315.073317,96
3790,363936,5987.0,2022-08-03,787688,False,,-21036.784919,96
3791,364032,5988.5,2022-08-17,140133,False,,-22648.429966,96
3792,364128,5989.9,2022-09-07,875045,False,,-23835.71809,96
3793,364224,5991.32,2022-09-29,732886,False,,-28897.780085,96
3794,364320,5992.84,2022-10-12,726587,False,,-18672.958264,96
3795,364416,5994.19,2022-10-26,660893,False,,-16059.428891,96
3796,364512,5995.53,2022-11-23,995350,False,,-13624.103446,96
3797,364608,5997.06,2022-12-07,844872,False,,-26943.059673,96
3798,364704,5998.52,2022-12-17,643795,False,,-26047.894481,96
3799,364800,5999.82,2022-12-28,599092,False,,-27397.553765,96
3800,364896,6001.18,2022-01-24,268004,False,,-33748.416287,96
3801,364992,6002.7,2022-02-07,105186,False,,-27082.484922,96
3802,365088,6004.17,2022-02-21,747270,False,,-17513.523102,96
3803,365184,6005.56,2022-03-19,314149,False,,-15965.959253,96
3804,365280,6006.98,2022-04-13,817281,False,,-32930.001379,96
3805,365376,6008.39,2022-04-27,632758,False,,-15760.341756,96
3806,365472,6009.82,2022-05-09,485546,False,,-49972.731035,96
3807,365568,6011.27,2022-06-04,616868,False,,-15830.488991,96
3808,365664,6012.54,2022-06-22,66984,False,,-22927.857936,96
3809,365760,6013.83,2022-07-26,634241,False,,-26923.163643,96
3810,365856,6015.21,2022-08-03,720058,False,,-18149.953965,96
3811,365952,6016.73,2022-08-17,530015,False,,-15312.243496,96
3812,366048,6018.06,2022-09-07,459442,False,,-37183.318102,96
3813,366144,6019.51,2022-09-29,15489,False,,-20584.689653,96
3814,366240,6020.81,2022-10-12,659744,False,,-24556.565159,96
3815,366336,6022.08,2022-10-26,441557,False,,-26659.63811,96
3816,366432,6023.58,2022-11-23,911028,False,,-35014.451331,96
3817,366528,6025.15,2022-12-07,187717,False,,-24542.131778,96
3818,366624,6026.41,2022-12-17,811340,False,,-14873.002805,96
3819,366720,6027.68,2022-12-28,948836,False,,-39491.202722,96
3820,366816,6029.19,2022-01-24,913539,False,,-22575.050148,96
3821,366912,6030.75,2022-02-07,816815,False,,-53470.24697,96
3822,367008,6032.19,2022-02-21,852406,False,,-23210.630867,96
3823,367104,6033.68,2022-03-19,698725,False,,-44257.030063,96
3824,367200,6035.03,2022-04-13,279917,False,,-22804.671313,96
3825,367296,6036.42,2022-04-27,456994,False,,-30916.381065,96
3826,367392,6037.89,2022-05-09,319694,False,,-29286.934319,96
3827,367488,6039.19,2022-06-04,862373,False,,-14332.180487,96
3828,367584,6040.57,2022-06-22,376016,False,,-26275.729079,96
3829,367680,6042.02,2022-07-26,375650,False,,-27338.82949,96
3830,367776,6043.48,2022-08-03,615379,False,,-30840.152595,96
3831,367872,6044.81,2022-08-17,444128,False,,-22813.015782,96
3832,367968,6046.2,2022-09-07,777122,False,,-19304.648021,96
3833,368064,6047.64,2022-09-29,508517,False,,-30245.976041,96
3834,368160,6048.97,2022-10-12,450411,False,,-23074.898984,96
3835,368256,6050.37,2022-10-26,594650,False,,-52955.055695,96
3836,368352,6051.57,2022-11-23,894415,False,,-21293.684138,96
3837,368448,6052.88,2022-12-07,844354,False,,-24542.353098,96
3838,368544,6054.22,2022-12-17,593554,False,,-10813.799736,96
3839,368640,6055.6,2022-12-28,781791,False,,-39436.116501,96
3840,368736,6057.11,2022-01-24,197041,False,,-12118.541754,96
3841,368832,6058.38,2022-02-07,143386,False,,-12253.816904,96
3842,368928,6059.85,2022-02-21,836885,False,,-47362.923344,96
3843,369024,6061.34,2022-03-19,887411,False,,-28267.474408,96
3844,369120,6062.63,2022-04-13,565273,False,,-23396.053005,96
3845,369216,6063.93,2022-04-27,643580,False,,-35493.80505,96
3846,369312,6065.29,2022-05-09,731894,False,,-29453.900942,96
3847,369408,6066.54,2022-06-04,810553,False,,-24980.695357,96
3848,369504,6067.92,2022-06-22,396240,False,,-11798.15548,96
3849,369600,6069.32,2022-07-26,4407,False,,-37701.516936,96
3850,369696,6070.69,2022-08-03,383389,False,,-18719.07058,96
3851,369792,6072.13,2022-08-17,759630,False,,-33712.003288,96
3852,369888,6073.72,2022-09-07,753064,False,,-26476.814788,96
3853,369984,6075.43,2022-09-29,731739,False,,-23326.395658,96
3854,370080,6089.38,2022-10-12,962074,False,,-12545.36562,96
3855,370176,6090.89,2022-10-26,921707,False,,-37657.513149,96
3856,370272,6092.32,2022-11-23,551311,False,,-20196.140679,96
3857,370368,6093.82,2022-12-07,935568,False,,-11068.087846,96
3858,370464,6095.22,2022-12-17,156425,False,,-19156.344709,96
3859,370560,6096.67,2022-12-28,9565,False,,-26841.715824,96
3860,370656,6098.09,2022-01-24,300613,False,,-16979.495453,96
3861,370752,6099.5,2022-02-07,215386,False,,-34981.228849,96
3862,370848,6100.79,2022-02-21,713321,False,,-21310.055901,96
3863,370944,6102.14,2022-03-19,461603,False,,-17023.068357,96
3864,371040,6103.65,2022-04-13,867071,False,,-12863.045928,96
3865,371136,6105.16,2022-04-27,55567,False,,-24059.334642,96
3866,371232,6106.6,2022-05-09,521078,False,,-38882.519787,96
3867,371328,6108.07,2022-06-04,592289,False,,-23943.18825,96
3868,371424,6109.32,2022-06-22,206681,False,,-13978.205407,96
3869,371520,6110.92,2022-07-26,576732,False,,-17487.394984,96
3870,371616,6112.22,2022-08-03,289338,False,,-38898.011436,96
3871,371712,6113.51,2022-08-17,817778,False,,-17160.950426,96
3872,371808,6114.86,2022-09-07,353297,False,,-15477.359163,96
3873,371904,6116.24,2022-09-29,289237,False,,-18401.332621,96
3874,372000,6117.66,2022-10-12,58349,False,,-20295.990192,96
3875,372096,6119.1,2022-10-26,400664,False,,-14661.444282,96
3876,372192,6120.48,2022-11-23,689553,False,,-23913.783037,96
3877,372288,6122.05,2022-12-07,827539,False,,-39753.49659,96
3878,372384,6123.31,2022-12-17,77144,False,,-9268.456783,96
3879,372480,6124.75,2022-12-28,700310,False,,-51606.19672,96
3880,372576,6126.11,2022-01-24,533372,False,,-19780.739937,96
3881,372672,6127.58,2022-02-07,553917,False,,-28014.256196,96
3882,372768,6128.93,2022-02-21,795510,False,,-30326.339576,96
3883,372864,6130.22,2022-03-19,22846,False,,-31446.036865,96
3884,372960,6131.55,2022-04-13,85262,False,,-15500.456694,96
3885,373056,6133.06,2022-04-27,340415,False,,-20278.475579,96
3886,373152,6134.53,2022-05-09,856830,False,,-14350.560272,96
3887,373248,6136.1,2022-06-04,190083,False,,-30696.692688,96
3888,373344,6137.69,2022-06-22,699148,False,,-26567.715635,96
3889,373440,6139.11,2022-07-26,652615,False,,-31079.120154,96
3890,373536,6140.53,2022-08-03,786963,False,,-28573.845903,96
3891,373632,6141.86,2022-08-17,64716,False,,-30731.708074,96
3892,373728,6143.1,2022-09-07,820696,False,,-24420.001341,96
3893,373824,6144.5,2022-09-29,685869,False,,-30071.952407,96
3894,373920,6145.92,2022-10-12,151160,False,,-17334.476867,96
3895,374016,6147.36,2022-10-26,337016,False,,-8058.166901,96
3896,374112,6148.72,2022-11-23,61431,False,,-17864.599514,96
3897,374208,6150.02,2022-12-07,208041,False,,-43576.125965,96
3898,374304,6151.5,2022-12-17,471055,False,,-24990.81067,96
3899,374400,6153.09,2022-12-28,776525,False,,-18956.178688,96
3900,374496,6154.51,2022-01-24,885749,False,,-22017.219551,96
3901,374592,6155.8,2022-02-07,345056,False,,-25168.589102,96
3902,374688,6157.07,2022-02-21,416574,False,,-18442.145171,96
3903,374784,6158.49,2022-03-19,358507,False,,-15683.231208,96
3904,374880,6160.11,2022-04-13,261144,False,,-21898.17974,96
3905,374976,6161.68,2022-04-27,351643,False,,-20114.794123,96
3906,375072,6163.18,2022-05-09,979550,False,,-16185.127151,96
3907,375168,6164.67,2022-06-04,815830,False,,-27401.17045,96
3908,375264,6166.06,2022-06-22,170227,False,,-19282.366,96
3909,375360,6167.66,2022-07-26,857509,False,,-27921.494376,96
3910,375456,6169.02,2022-08-03,714756,False,,-28534.406941,96
3911,375552,6170.39,2022-08-17,473668,False,,-13670.779331,96
3912,375648,6171.77,2022-09-07,910725,False,,-10582.675908,96
3913,375744,6173.07,2022-09-29,556066,False,,-25423.428789,96
3914,375840,6174.33,2022-10-12,84353,False,,-9009.125547,96
3915,375936,6175.68,2022-10-26,846655,False,,-15041.770777,96
3916,376032,6177.05,2022-11-23,185218,False,,-16956.145708,96
3917,376128,6178.53,2022-12-07,952773,False,,-33563.428757,96
3918,376224,6180.01,2022-12-17,227446,False,,-19398.2536,96
3919,376320,6181.49,2022-12-28,256633,False,,-16434.973892,96
3920,376416,6183.01,2022-01-24,38777,False,,-27078.369959,96
3921,376512,6184.28,2022-02-07,643339,False,,-29955.597061,96
3922,376608,6185.42,2022-02-21,729615,False,,-21167.932942,96
3923,376704,6186.8,2022-03-19,482510,False,,-10241.156166,96
3924,376800,6188.34,2022-04-13,719232,False,,-16737.054689,96
3925,376896,6189.84,2022-04-27,376804,False,,-34432.648317,96
3926,376992,6191.19,2022-05-09,513084,False,,-22196.396342,96
3927,377088,6192.65,2022-06-04,454353,False,,-13512.706696,96
3928,377184,6194.16,2022-06-22,212531,False,,-39185.563855,96
3929,377280,6195.68,2022-07-26,613796,False,,-25175.310224,96
3930,377376,6197.16,2022-08-03,934939,False,,-24376.659528,96
3931,377472,6198.62,2022-08-17,753649,False,,-22164.161435,96
3932,377568,6199.96,2022-09-07,429971,False,,-23620.861113,96
3933,377664,6201.4,2022-09-29,936155,False,,-19874.226114,96
3934,377760,6202.83,2022-10-12,169470,False,,-26354.370745,96
3935,377856,6204.19,2022-10-26,28602,False,,-12879.744861,96
3936,377952,6205.53,2022-11-23,439300,False,,-41363.541342,96
3937,378048,6207.01,2022-12-07,235220,False,,-20584.860509,96
3938,378144,6208.18,2022-12-17,712478,False,,-17036.103174,96
3939,378240,6209.5,2022-12-28,357587,False,,-18668.234921,96
3940,378336,6211.04,2022-01-24,595426,False,,-13295.769406,96
3941,378432,6212.53,2022-02-07,232304,False,,-18182.898761,96
3942,378528,6213.93,2022-02-21,882272,False,,-20107.967846,96
3943,378624,6215.13,2022-03-19,619089,False,,-20047.49242,96
3944,378720,6216.64,2022-04-13,902427,False,,-14725.97392,96
3945,378816,6218.01,2022-04-27,802403,False,,-26147.066408,96
3946,378912,6219.44,2022-05-09,864232,False,,-26332.836867,96
3947,379008,6220.95,2022-06-04,866178,False,,-22346.371179,96
3948,379104,6222.37,2022-06-22,411409,False,,-19911.331935,96
3949,379200,6223.69,2022-07-26,496291,False,,-34951.747729,96
3950,379296,6225.05,2022-08-03,221422,False,,-16067.180051,96
3951,379392,6226.38,2022-08-17,25596,False,,-29912.042858,96
3952,379488,6227.79,2022-09-07,614189,False,,-41566.294274,96
3953,379584,6229.15,2022-09-29,842613,False,,-21513.923939,96
3954,379680,6230.41,2022-10-12,101810,False,,-20224.761735,96
3955,379776,6231.69,2022-10-26,473633,False,,-20011.083443,96
3956,379872,6233.17,2022-11-23,257991,False,,-37769.774474,96
3957,379968,6234.7,2022-12-07,597158,False,,-15417.275807,96
3958,380064,6248.67,2022-12-17,141578,False,,-20097.042566,96
3959,380160,6249.99,2022-12-28,457705,False,,-26803.39257,96
3960,380256,6251.43,2022-01-24,558764,False,,-12185.531825,96
3961,380352,6252.77,2022-02-07,459137,False,,-14856.399305,96
3962,380448,6254.18,2022-02-21,366292,False,,-19782.747742,96
3963,380544,6255.6,2022-03-19,618359,False,,-26215.852668,96
3964,380640,6256.94,2022-04-13,453477,False,,-54065.154469,96
3965,380736,6258.35,2022-04-27,532816,False,,-12264.330924,96
3966,380832,6259.71,2022-05-09,659725,False,,-18928.903526,96
3967,380928,6261.06,2022-06-04,303439,False,,-27309.829189,96
3968,381024,6262.61,2022-06-22,921893,False,,-38179.54496,96
3969,381120,6264.08,2022-07-26,699361,False,,-22350.508112,96
3970,381216,6265.45,2022-08-03,467859,False,,-15999.514797,96
3971,381312,6266.93,2022-08-17,999355,False,,-44525.992454,96
3972,381408,6268.52,2022-09-07,582968,False,,-31232.913354,96
3973,381504,6270.03,2022-09-29,513737,False,,-15201.400454,96
3974,381600,6271.36,2022-10-12,427783,False,,-38391.097696,96
3975,381696,6272.9,2022-10-26,668208,False,,-21444.898827,96
3976,381792,6274.41,2022-11-23,507918,False,,-23085.814368,96
3977,381888,6275.85,2022-12-07,191250,False,,-25450.619353,96
3978,381984,6277.42,2022-12-17,592207,False,,-34012.306116,96
3979,382080,6278.99,2022-12-28,957254,False,,-14833.923261,96
3980,382176,6280.41,2022-01-24,322512,False,,-17776.928439,96
3981,382272,6281.77,2022-02-07,138029,False,,-37730.04958,96
3982,382368,6283.05,2022-02-21,56884,False,,-43569.115849,96
3983,382464,6284.26,2022-03-19,885706,False,,-14493.778212,96
3984,382560,6285.63,2022-04-13,244431,False,,-23209.073415,96
3985,382656,6286.92,2022-04-27,817598,False,,-27908.445494,96
3986,382752,6288.25,2022-05-09,232074,False,,-13099.997514,96
3987,382848,6289.51,2022-06-04,257875,False,,-24676.163741,96
3988,382944,6291.05,2022-06-22,684275,False,,-47460.398968,96
3989,383040,6292.48,2022-07-26,511865,False,,-49565.327501,96
3990,383136,6293.96,2022-08-03,869197,False,,-29933.58475,96
3991,383232,6295.39,2022-08-17,286292,False,,-15767.417465,96
3992,383328,6296.78,2022-09-07,491882,False,,-19532.235599,96
3993,383424,6298.14,2022-09-29,77082,False,,-64320.397108,96
3994,383520,6299.72,2022-10-12,848418,False,,-31422.097793,96
3995,383616,6301.01,2022-10-26,416218,False,,-22361.226454,96
3996,383712,6302.15,2022-11-23,669244,False,,-34551.006158,96
3997,383808,6303.53,2022-12-07,737595,False,,-15750.392639,96
3998,383904,6305.1,2022-12-17,956762,False,,-18678.861997,96
3999,384000,6306.69,2022-12-28,818221,False,,-15289.696603,96
4000,384096,6307.99,2022-01-24,645520,False,,-24824.792386,96
4001,384192,6309.27,2022-02-07,823728,False,,-17785.336196,96
4002,384288,6310.73,2022-02-21,792388,False,,-51078.851205,96
4003,384384,6312.16,2022-03-19,373755,False,,-11953.678586,96
4004,384480,6313.55,2022-04-13,891290,False,,-17533.941669,96
4005,384576,6315.03,2022-04-27,250609,False,,-16645.049224,96
4006,384672,6316.43,2022-05-09,907792,False,,-21699.126807,96
4007,384768,6317.69,2022-06-04,920505,False,,-30669.085934,96
4008,384864,6319.17,2022-06-22,703843,False,,-29958.651586,96
4009,384960,6320.63,2022-07-26,930939,False,,-36201.309788,96
4010,385056,6321.87,2022-08-03,909136,False,,-11287.964394,96
4011,385152,6323.25,2022-08-17,457326,False,,-48459.339021,96
4012,385248,6324.72,2022-09-07,312683,False,,-25374.087341,96
4013,385344,6326.27,2022-09-29,569740,False,,-10548.037474,96
4014,385440,6327.86,2022-10-12,665664,False,,-32822.396835,96
4015,385536,6329.36,2022-10-26,659052,False,,-41078.501838,96
4016,385632,6330.89,2022-11-23,296030,False,,-42613.954882,96
4017,385728,6332.44,2022-12-07,568079,False,,-21283.74649,96
4018,385824,6333.9,2022-12-17,799089,False,,-15145.90547,96
4019,385920,6335.25,2022-12-28,923959,False,,-27683.485158,96
4020,386016,6336.84,2022-01-24,243397,False,,-19516.031756,96
4021,386112,6338.19,2022-02-07,598190,False,,-41750.398836,96
4022,386208,6339.53,2022-02-21,150503,False,,-20505.386539,96
4023,386304,6340.95,2022-03-19,493386,False,,-18678.154438,96
4024,386400,6342.34,2022-04-13,127173,False,,-36659.426008,96
4025,386496,6343.67,2022-04-27,891370,False,,-28056.992635,96
4026,386592,6344.86,2022-05-09,752689,False,,-24748.019218,96
4027,386688,6346.13,2022-06-04,687100,False,,-15973.14113,96
4028,386784,6347.27,2022-06-22,569386,False,,-19654.556282,96
4029,386880,6348.68,2022-07-26,709835,False,,-22573.278135,96
4030,386976,6350.13,2022-08-03,595770,False,,-12008.072749,96
4031,387072,6351.67,2022-08-17,814017,False,,-18071.883127,96
4032,387168,6353.1,2022-09-07,539134,False,,-34311.634086,96
4033,387264,6354.39,2022-09-29,36679,False,,-27184.591418,96
4034,387360,6355.75,2022-10-12,352730,False,,-30356.396482,96
4035,387456,6357.13,2022-10-26,302522,False,,-13847.131474,96
4036,387552,6358.64,2022-11-23,624042,False,,-28809.415631,96
4037,387648,6360.07,2022-12-07,103896,False,,-22803.572839,96
4038,387744,6361.59,2022-12-17,45862,False,,-37865.187535,96
4039,387840,6363.11,2022-12-28,18732,False,,-20093.730691,96
4040,387936,6364.67,2022-01-24,183517,False,,-15115.509613,96
4041,388032,6366.1,2022-02-07,911839,False,,-9439.23695,96
4042,388128,6367.48,2022-02-21,127548,False,,-37690.455456,96
4043,388224,6369.01,2022-03-19,31066,False,,-40007.422765,96
4044,388320,6370.47,2022-04-13,24678,False,,-42474.990251,96
4045,388416,6371.82,2022-04-27,98726,False,,-50082.158397,96
4046,388512,6373.15,2022-05-09,561809,False,,-25068.747164,96
4047,388608,6374.6,2022-06-04,942725,False,,-26035.963608,96
4048,388704,6375.96,2022-06-22,785566,False,,-28753.360114,96
4049,388800,6377.5,2022-07-26,337625,False,,-37881.307969,96
4050,388896,6378.88,2022-08-03,362051,False,,-32537.086749,96
4051,388992,6380.34,2022-08-17,54008,False,,-24703.395897,96
4052,389088,6381.73,2022-09-07,387377,False,,-17109.232231,96
4053,389184,6382.97,2022-09-29,822147,False,,-31396.860085,96
4054,389280,6384.32,2022-10-12,568429,False,,-16881.611697,96
4055,389376,6385.62,2022-10-26,118371,False,,-10413.778183,96
4056,389472,6386.99,2022-11-23,394347,False,,-11227.066345,96
4057,389568,6388.35,2022-12-07,371156,False,,-16069.06789,96
4058,389664,6389.68,2022-12-17,481763,False,,-13096.915601,96
4059,389760,6391.03,2022-12-28,870705,False,,-20092.297377,96
4060,389856,6392.39,2022-01-24,912616,False,,-29063.192615,96
4061,389952,6393.84,2022-02-07,756464,False,,-30001.471682,96
4062,390048,6408.47,2022-02-21,240111,False,,-19935.193147,96
4063,390144,6409.73,2022-03-19,367359,False,,-19250.245943,96
4064,390240,6410.97,2022-04-13,177307,False,,-12984.774847,96
4065,390336,6412.43,2022-04-27,537761,False,,-22692.306256,96
4066,390432,6413.9,2022-05-09,113674,False,,-25816.021526,96
4067,390528,6415.43,2022-06-04,33170,False,,-21636.55037,96
4068,390624,6416.82,2022-06-22,837331,False,,-13227.89626,96
4069,390720,6418.0,2022-07-26,502877,False,,-13603.127048,96
4070,390816,6419.35,2022-08-03,289952,False,,-18909.286829,96
4071,390912,6420.61,2022-08-17,499940,False,,-25558.768134,96
4072,391008,6421.91,2022-09-07,20645,False,,-39331.116105,96
4073,391104,6423.42,2022-09-29,348734,False,,-25801.945848,96
4074,391200,6424.74,2022-10-12,592386,False,,-24234.753919,96
4075,391296,6426.13,2022-10-26,350079,False,,-31301.494752,96
4076,391392,6427.59,2022-11-23,893117,False,,-26631.720599,96
4077,391488,6429.16,2022-12-07,919374,False,,-34896.103307,96
4078,391584,6430.61,2022-12-17,511962,False,,-11367.34873,96
4079,391680,6432.1,2022-12-28,277433,False,,-20809.40524,96
4080,391776,6433.55,2022-01-24,659287,False,,-23229.657482,96
4081,391872,6435.01,2022-02-07,861409,False,,-24233.161577,96
4082,391968,6436.56,2022-02-21,396901,False,,-25482.252906,96
4083,392064,6437.85,2022-03-19,709871,False,,-44951.806234,96
4084,392160,6439.21,2022-04-13,822072,False,,-17656.293097,96
4085,392256,6440.62,2022-04-27,800525,False,,-26295.260732,96
4086,392352,6441.83,2022-05-09,427089,False,,-16929.398451,96
4087,392448,6443.24,2022-06-04,941053,False,,-14736.336451,96
4088,392544,6444.63,2022-06-22,93636,False,,-34714.803217,96
4089,392640,6445.85,2022-07-26,389655,False,,-21969.880635,96
4090,392736,6447.31,2022-08-03,391029,False,,-21395.559472,96
4091,392832,6448.65,2022-08-17,860745,False,,-16058.715127,96
4092,392928,6450.08,2022-09-07,385877,False,,-12108.827495,96
4093,393024,6451.4,2022-09-29,133154,False,,-16583.5391,96
4094,393120,6452.83,2022-10-12,344962,False,,-31072.185816,96
4095,393216,6454.15,2022-10-26,479940,False,,-13908.701831,96
4096,393312,6455.68,2022-11-23,467025,False,,-29377.426421,96
4097,393408,6457.05,2022-12-07,244073,False,,-43503.839914,96
4098,393504,6458.48,2022-12-17,521606,False,,-34588.183461,96
4099,393600,6459.85,2022-12-28,766098,False,,-23027.47322,96
4100,393696,6461.56,2022-01-24,695890,False,,-25848.544673,96
4101,393792,6462.97,2022-02-07,68897,False,,-48289.156963,96
4102,393888,6464.3,2022-02-21,416630,False,,-20227.18252,96
4103,393984,6465.85,2022-03-19,594052,False,,-15475.366407,96
4104,394080,6467.34,2022-04-13,678569,False,,-20907.847775,96
4105,394176,6468.82,2022-04-27,248648,False,,-21159.886193,96
4106,394272,6470.34,2022-05-09,9513,False,,-25772.488858,96
4107,394368,6471.93,2022-06-04,746587,False,,-22505.873713,96
4108,394464,6473.39,2022-06-22,471477,False,,-15054.946818,96
4109,394560,6474.89,2022-07-26,467922,False,,-22962.182377,96
4110,394656,6476.25,2022-08-03,871290,False,,-14009.273642,96
4111,394752,6477.71,2022-08-17,469536,False,,-32002.250873,96
4112,394848,6478.97,2022-09-07,831125,False,,-18617.671526,96
4113,394944,6480.29,2022-09-29,319726,False,,-22415.005824,96
4114,395040,6481.56,2022-10-12,803728,False,,-19889.643441,96
4115,395136,6482.9,2022-10-26,120378,False,,-21993.236059,96
4116,395232,6484.26,2022-11-23,444168,False,,-15311.552721,96
4117,395328,6485.49,2022-12-07,617074,False,,-35697.344763,96
4118,395424,6487.03,2022-12-17,179599,False,,-46587.593937,96
4119,395520,6488.49,2022-12-28,981134,False,,-21419.429636,96
4120,395616,6489.72,2022-01-24,930828,False,,-21521.306567,96
4121,395712,6491.07,2022-02-07,836566,False,,-11538.301221,96
4122,395808,6492.31,2022-02-21,856744,False,,-27581.812658,96
4123,395904,6493.78,2022-03-19,419369,False,,-20652.123601,96
4124,396000,6495.19,2022-04-13,26298,False,,-22241.764288,96
4125,396096,6496.69,2022-04-27,908909,False,,-63808.397329,96
4126,396192,6498.23,2022-05-09,290276,False,,-30806.34175,96
4127,396288,6499.58,2022-06-04,504454,False,,-20076.431563,96
4128,396384,6500.97,2022-06-22,649919,False,,-27727.285875,96
4129,396480,6502.32,2022-07-26,259077,False,,-38207.829588,96
4130,396576,6503.77,2022-08-03,117758,False,,-26456.188594,96
4131,396672,6505.1,2022-08-17,931500,False,,-38020.163974,96
4132,396768,6506.54,2022-09-07,352442,False,,-20647.303925,96
4133,396864,6507.99,2022-09-29,536833,False,,-45239.324696,96
4134,396960,6509.43,2022-10-12,533849,False,,-19971.23707,96
4135,397056,6511.03,2022-10-26,254067,False,,-29750.127277,96
4136,397152,6512.48,2022-11-23,873663,False,,-13616.161877,96
4137,397248,6514.1,2022-12-07,100291,False,,-14668.480174,96
4138,397344,6515.64,2022-12-17,919157,False,,-23069.127173,96
4139,397440,6517.18,2022-12-28,366557,False,,-13884.903427,96
4140,397536,6518.73,2022-01-24,23775,False,,-48752.387751,96
4141,397632,6520.1,2022-02-07,904024,False,,-60645.352783,96
4142,397728,6521.52,2022-02-21,964630,False,,-26522.115673,96
4143,397824,6522.81,2022-03-19,938953,False,,-15871.066186,96
4144,397920,6524.12,2022-04-13,980646,False,,-61175.627628,96
4145,398016,6525.46,2022-04-27,395655,False,,-31885.160422,96
4146,398112,6526.68,2022-05-09,729896,False,,-29456.583764,96
4147,398208,6528.06,2022-06-04,917724,False,,-16448.097707,96
4148,398304,6529.4,2022-06-22,460629,False,,-19763.751923,96
4149,398400,6530.93,2022-07-26,507978,False,,-25076.945278,96
4150,398496,6532.49,2022-08-03,11277,False,,-54876.11058,96
4151,398592,6533.82,2022-08-17,854709,False,,-19708.334855,96
4152,398688,6535.15,2022-09-07,387405,False,,-49734.183486,96
4153,398784,6536.63,2022-09-29,35910,False,,-18687.523596,96
4154,398880,6538.06,2022-10-12,259729,False,,-16107.040161,96
4155,398976,6539.57,2022-10-26,146011,False,,-21990.436887,96
4156,399072,6540.97,2022-11-23,370036,False,,-51596.293407,96
4157,399168,6542.51,2022-12-07,42029,False,,-45265.691132,96
4158,399264,6543.86,2022-12-17,342288,False,,-25005.059751,96
4159,399360,6545.01,2022-12-28,159524,False,,-21884.429659,96
4160,399456,6546.42,2022-01-24,452616,False,,-26956.183669,96
4161,399552,6547.94,2022-02-07,81090,False,,-20981.841794,96
4162,399648,6549.26,2022-02-21,153965,False,,-18460.207936,96
4163,399744,6550.54,2022-03-19,786167,False,,-18890.57805,96
4164,399840,6551.98,2022-04-13,433712,False,,-36489.933729,96
4165,399936,6553.28,2022-04-27,532756,False,,-22098.626625,96
4166,400032,6566.66,2022-05-09,466811,False,,-24151.910859,96
4167,400128,6568.18,2022-06-04,956910,False,,-17425.136986,96
4168,400224,6569.54,2022-06-22,3742,False,,-10471.99939,96
4169,400320,6571.07,2022-07-26,429233,False,,-21127.421038,96
4170,400416,6572.58,2022-08-03,31999,False,,-29459.80397,96
4171,400512,6574.03,2022-08-17,561670,False,,-37457.452069,96
4172,400608,6575.43,2022-09-07,397512,False,,-14218.77459,96
4173,400704,6576.84,2022-09-29,41376,False,,-32092.982612,96
4174,400800,6578.36,2022-10-12,152885,False,,-17578.563159,96
4175,400896,6579.84,2022-10-26,323776,False,,-19267.884603,96
4176,400992,6581.25,2022-11-23,175978,False,,-17351.163536,96
4177,401088,6582.77,2022-12-07,848760,False,,-35482.759877,96
4178,401184,6584.15,2022-12-17,525683,False,,-9175.851474,96
4179,401280,6585.69,2022-12-28,797093,False,,-25253.716782,96
4180,401376,6587.03,2022-01-24,45244,False,,-38234.806296,96
4181,401472,6588.45,2022-02-07,818235,False,,-25039.735693,96
4182,401568,6589.79,2022-02-21,810197,False,,-15907.150619,96
4183,401664,6591.27,2022-03-19,441968,False,,-31718.803979,96
4184,401760,6592.58,2022-04-13,990521,False,,-18116.270893,96
4185,401856,6594.04,2022-04-27,376401,False,,-14230.899433,96
4186,401952,6595.58,2022-05-09,269046,False,,-14278.625288,96
4187,402048,6597.09,2022-06-04,307245,False,,-18459.857717,96
4188,402144,6598.49,2022-06-22,270763,False,,-19456.795116,96
4189,402240,6599.98,2022-07-26,892257,False,,-35806.721189,96
4190,402336,6601.43,2022-08-03,293815,False,,-46949.55747,96
4191,402432,6602.64,2022-08-17,257961,False,,-24695.402756,96
4192,402528,6603.86,2022-09-07,992703,False,,-43657.038359,96
4193,402624,6605.26,2022-09-29,513536,False,,-26465.629544,96
4194,402720,6606.65,2022-10-12,623108,False,,-25723.688732,96
4195,402816,6608.07,2022-10-26,813206,False,,-45720.08075,96
4196,402912,6609.66,2022-11-23,813381,False,,-19348.733012,96
4197,403008,6611.09,2022-12-07,44229,False,,-23676.202561,96
4198,403104,6612.38,2022-12-17,825106,False,,-30403.742494,96
4199,403200,6613.79,2022-12-28,687800,False,,-17437.113717,96
4200,403296,6615.22,2022-01-24,779029,False,,-25487.244593,96
4201,403392,6616.32,2022-02-07,815830,False,,-26825.331416,96
4202,403488,6617.91,2022-02-21,297274,False,,-28766.732234,96
4203,403584,6619.08,2022-03-19,210492,False,,-13206.849023,96
4204,403680,6620.51,2022-04-13,481608,False,,-22773.402267,96
4205,403776,6622.0,2022-04-27,766192,False,,-40444.30232,96
4206,403872,6623.18,2022-05-09,72431,False,,-40252.050962,96
4207,403968,6624.59,2022-06-04,19907,False,,-26023.953023,96
4208,404064,6626.04,2022-06-22,841968,False,,-26813.346262,96
4209,404160,6627.5,2022-07-26,43117,False,,-24083.420553,96
4210,404256,6628.9,2022-08-03,730665,False,,-18377.758538,96
4211,404352,6630.35,2022-08-17,890887,False,,-33331.526116,96
4212,404448,6631.67,2022-09-07,677099,False,,-42525.429954,96
4213,404544,6632.92,2022-09-29,474665,False,,-25296.024628,96
4214,404640,6634.4,2022-10-12,66164,False,,-17904.203225,96
4215,404736,6635.79,2022-10-26,248890,False,,-14952.092747,96
4216,404832,6637.2,2022-11-23,167055,False,,-14607.24288,96
4217,404928,6638.74,2022-12-07,28658,False,,-23276.396698,96
4218,405024,6640.08,2022-12-17,967389,False,,-16102.866349,96
4219,405120,6641.43,2022-12-28,138279,False,,-22506.737785,96
4220,405216,6642.94,2022-01-24,783547,False,,-56396.404463,96
4221,405312,6644.37,2022-02-07,452900,False,,-31839.443874,96
4222,405408,6645.56,2022-02-21,568067,False,,-23207.970698,96
4223,405504,6647.08,2022-03-19,22980,False,,-17448.587826,96
4224,405600,6648.48,2022-04-13,512835,False,,-24174.113474,96
4225,405696,6649.87,2022-04-27,311640,False,,-27759.49315,96
4226,405792,6651.29,2022-05-09,622355,False,,-40454.931873,96
4227,405888,6652.6,2022-06-04,735906,False,,-12042.215559,96
4228,405984,6653.96,2022-06-22,989874,False,,-22390.882998,96
4229,406080,6655.38,2022-07-26,689272,False,,-31567.194422,96
4230,406176,6656.72,2022-08-03,732986,False,,-26643.077182,96
4231,406272,6658.1,2022-08-17,687965,False,,-54752.52662,96
4232,406368,6659.66,2022-09-07,922739,False,,-23191.583686,96
4233,406464,6661.03,2022-09-29,859127,False,,-14487.303137,96
4234,406560,6662.34,2022-10-12,631400,False,,-17876.577784,96
4235,406656,6663.65,2022-10-26,867733,False,,-16464.492405,96
4236,406752,6665.15,2022-11-23,274341,False,,-25594.898302,96
4237,406848,6666.54,2022-12-07,758841,False,,-29401.150545,96
4238,406944,6667.95,2022-12-17,906394,False,,-31229.796015,96
4239,407040,6669.3,2022-12-28,474070,False,,-37755.927428,96
4240,407136,6670.66,2022-01-24,248230,False,,-33686.05888,96
4241,407232,6672.15,2022-02-07,499899,False,,-14177.585338,96
4242,407328,6673.75,2022-02-21,938598,False,,-19401.066854,96
4243,407424,6675.25,2022-03-19,759137,False,,-18327.103936,96
4244,407520,6676.51,2022-04-13,534214,False,,-35911.377136,96
4245,407616,6677.85,2022-04-27,769399,False,,-23683.596466,96
4246,407712,6679.31,2022-05-09,920050,False,,-33630.096432,96
4247,407808,6680.75,2022-06-04,820451,False,,-26367.374157,96
4248,407904,6682.12,2022-06-22,514037,False,,-11879.051042,96
4249,408000,6683.64,2022-07-26,410665,False,,-42397.227659,96
4250,408096,6685.01,2022-08-03,611340,False,,-38831.454608,96
4251,408192,6686.43,2022-08-17,626948,False,,-35337.945853,96
4252,408288,6687.9,2022-09-07,480729,False,,-24625.956062,96
4253,408384,6689.4,2022-09-29,51488,False,,-26921.220821,96
4254,408480,6690.73,2022-10-12,754406,False,,-37098.497186,96
4255,408576,6692.1,2022-10-26,266538,False,,-28477.371567,96
4256,408672,6693.51,2022-11-23,79033,False,,-48068.215071,96
4257,408768,6694.71,2022-12-07,448308,False,,-29802.207347,96
4258,408864,6696.07,2022-12-17,754709,False,,-21394.773391,96
4259,408960,6697.43,2022-12-28,788577,False,,-15929.847146,96
4260,409056,6698.74,2022-01-24,91528,False,,-21185.526153,96
4261,409152,6700.14,2022-02-07,926418,False,,-23576.386975,96
4262,409248,6701.65,2022-02-21,609969,False,,-22071.644622,96
4263,409344,6703.25,2022-03-19,52354,False,,-14029.295252,96
4264,409440,6704.66,2022-04-13,236799,False,,-38352.486516,96
4265,409536,6705.97,2022-04-27,608413,False,,-19118.14468,96
4266,409632,6707.43,2022-05-09,502672,False,,-37419.736318,96
4267,409728,6708.78,2022-06-04,40766,False,,-21351.781314,96
4268,409824,6710.24,2022-06-22,652193,False,,-40318.418282,96
4269,409920,6711.62,2022-07-26,375826,False,,-11623.162245,96
4270,410016,6726.1,2022-08-03,413249,False,,-21028.718083,96
4271,410112,6727.64,2022-08-17,866619,False,,-16552.201889,96
4272,410208,6728.92,2022-09-07,503667,False,,-24934.642338,96
4273,410304,6730.38,2022-09-29,399913,False,,-17150.346697,96
4274,410400,6731.85,2022-10-12,275114,False,,-27229.579818,96
4275,410496,6733.12,2022-10-26,229445,False,,-20903.237862,96
4276,410592,6734.68,2022-11-23,71204,False,,-34750.720701,96
4277,410688,6736.03,2022-12-07,283505,False,,-14983.430148,96
4278,410784,6737.45,2022-12-17,429082,False,,-14406.126008,96
4279,410880,6739.0,2022-12-28,318180,False,,-17665.490498,96
4280,410976,6740.42,2022-01-24,151140,False,,-20341.062254,96
4281,411072,6741.71,2022-02-07,12280,False,,-15231.478896,96
4282,411168,6743.2,2022-02-21,27717,False,,-22297.231138,96
4283,411264,6744.78,2022-03-19,139940,False,,-30251.356709,96
4284,411360,6746.34,2022-04-13,12468,False,,-19364.510342,96
4285,411456,6747.85,2022-04-27,39533,False,,-10553.568676,96
4286,411552,6749.12,2022-05-09,379187,False,,-13906.998706,96
4287,411648,6750.64,2022-06-04,66892,False,,-24132.267325,96
4288,411744,6752.15,2022-06-22,947279,False,,-20078.282401,96
4289,411840,6753.41,2022-07-26,276204,False,,-25397.609911,96
4290,411936,6754.73,2022-08-03,609486,False,,-33707.690041,96
4291,412032,6756.03,2022-08-17,75311,False,,-21982.259911,96
4292,412128,6757.56,2022-09-07,945328,False,,-32478.586997,96
4293,412224,6758.95,2022-09-29,169267,False,,-13887.172945,96
4294,412320,6760.15,2022-10-12,454287,False,,-18627.818172,96
4295,412416,6761.65,2022-10-26,382253,False,,-20543.68135,96
4296,412512,6763.02,2022-11-23,158846,False,,-26908.801394,96
4297,412608,6764.41,2022-12-07,656711,False,,-54023.246101,96
4298,412704,6765.95,2022-12-17,105468,False,,-23906.077344,96
4299,412800,6767.34,2022-12-28,122245,False,,-17648.094838,96
4300,412896,6768.81,2022-01-24,384456,False,,-12040.17977,96
4301,412992,6770.28,2022-02-07,882421,False,,-26538.808007,96
4302,413088,6771.82,2022-02-21,265687,False,,-18100.4706,96
4303,413184,6773.0,2022-03-19,570270,False,,-25358.806502,96
4304,413280,6774.19,2022-04-13,255383,False,,-22456.749738,96
4305,413376,6775.58,2022-04-27,825785,False,,-32562.246901,96
4306,413472,6776.94,2022-05-09,244628,False,,-13989.063637,96
4307,413568,6778.2,2022-06-04,955150,False,,-25124.975471,96
4308,413664,6779.67,2022-06-22,752970,False,,-44512.037704,96
4309,413760,6781.16,2022-07-26,949444,False,,-26641.845021,96
4310,413856,6782.66,2022-08-03,9278,False,,-17469.904902,96
4311,413952,6784.12,2022-08-17,591684,False,,-26042.999418,96
4312,414048,6785.59,2022-09-07,6939,False,,-29930.475542,96
4313,414144,6786.84,2022-09-29,585604,False,,-23696.873165,96
4314,414240,6788.28,2022-10-12,885060,False,,-58215.450042,96
4315,414336,6789.69,2022-10-26,618995,False,,-18557.867256,96
4316,414432,6791.02,2022-11-23,241634,False,,-18188.567574,96
4317,414528,6792.36,2022-12-07,926777,False,,-23361.270603,96
4318,414624,6793.89,2022-12-17,95610,False,,-16208.719707,96
4319,414720,6795.07,2022-12-28,736297,False,,-42895.220306,96
4320,414816,6796.62,2022-01-24,343986,False,,-15875.186939,96
4321,414912,6797.99,2022-02-07,498170,False,,-32652.724196,96
4322,415008,6799.56,2022-02-21,170644,False,,-23681.966569,96
4323,415104,6801.01,2022-03-19,225030,False,,-32719.491259,96
4324,415200,6802.28,2022-04-13,716472,False,,-16917.978517,96
4325,415296,6803.7,2022-04-27,765180,False,,-19279.673989,96
4326,415392,6805.08,2022-05-09,535851,False,,-45350.692234,96
4327,415488,6806.58,2022-06-04,427478,False,,-17261.977196,96
4328,415584,6808.03,2022-06-22,364567,False,,-17879.080805,96
4329,415680,6809.45,2022-07-26,559637,False,,-35486.043615,96
4330,415776,6810.74,2022-08-03,38116,False,,-37250.685219,96
4331,415872,6812.2,2022-08-17,545472,False,,-26902.284106,96
4332,415968,6813.52,2022-09-07,167937,False,,-10940.755245,96
4333,416064,6814.96,2022-09-29,565429,False,,-17939.468665,96
4334,416160,6816.38,2022-10-12,103355,False,,-27937.644163,96
4335,416256,6817.72,2022-10-26,190584,False,,-16475.728991,96
4336,416352,6819.15,2022-11-23,815230,False,,-42987.575961,96
4337,416448,6820.54,2022-12-07,169016,False,,-22640.296184,96
4338,416544,6822.02,2022-12-17,882634,False,,-42083.084609,96
4339,416640,6823.55,2022-12-28,65675,False,,-28931.913048,96
4340,416736,6825.02,2022-01-24,696996,False,,-14306.558516,96
4341,416832,6826.52,2022-02-07,136401,False,,-40205.031899,96
4342,416928,6828.01,2022-02-21,989644,False,,-40910.492105,96
4343,417024,6829.31,2022-03-19,722398,False,,-20538.490601,96
4344,417120,6830.62,2022-04-13,557092,False,,-22309.621007,96
4345,417216,6831.98,2022-04-27,162505,False,,-39861.849689,96
4346,417312,6833.35,2022-05-09,934707,False,,-20327.309366,96
4347,417408,6834.72,2022-06-04,620373,False,,-17651.603559,96
4348,417504,6836.16,2022-06-22,394152,False,,-33067.75693,96
4349,417600,6837.54,2022-07-26,597228,False,,-41314.506523,96
4350,417696,6839.02,2022-08-03,204233,False,,-28137.18058,96
4351,417792,6840.46,2022-08-17,438120,False,,-13951.873827,96
4352,417888,6842.0,2022-09-07,232183,False,,-20153.048561,96
4353,417984,6843.35,2022-09-29,926281,False,,-17824.971728,96
4354,418080,6844.9,2022-10-12,131978,False,,-24982.573809,96
4355,418176,6846.24,2022-10-26,784507,False,,-19078.314316,96
4356,418272,6847.56,2022-11-23,389946,False,,-26523.013603,96
4357,418368,6848.9,2022-12-07,322055,False,,-42635.614411,96
4358,418464,6850.35,2022-12-17,184751,False,,-9060.694791,96
4359,418560,6851.77,2022-12-28,953490,False,,-37865.546922,96
4360,418656,6853.1,2022-01-24,116501,False,,-31166.694137,96
4361,418752,6854.34,2022-02-07,683723,False,,-27154.480361,96
4362,418848,6855.7,2022-02-21,535527,False,,-34481.577071,96
4363,418944,6856.97,2022-03-19,279235,False,,-44719.271592,96
4364,419040,6858.17,2022-04-13,15814,False,,-22258.934479,96
4365,419136,6859.62,2022-04-27,589879,False,,-38088.548273,96
4366,419232,6861.08,2022-05-09,335544,False,,-20074.505928,96
4367,419328,6862.32,2022-06-04,936824,False,,-25836.335664,96
4368,419424,6863.53,2022-06-22,817191,False,,-13294.783234,96
4369,419520,6864.92,2022-07-26,91884,False,,-19994.714732,96
4370,419616,6866.11,2022-08-03,404531,False,,-28847.161551,96
4371,419712,6867.56,2022-08-17,40087,False,,-16639.304139,96
4372,419808,6869.03,2022-09-07,357418,False,,-25131.613495,96
4373,419904,6870.59,2022-09-29,202391,False,,-31357.111678,96
4374,420000,6871.8,2022-10-12,848318,False,,-17620.222692,96
4375,420096,6885.22,2022-10-26,359145,False,,-49727.75529,96
4376,420192,6886.59,2022-11-23,168142,False,,-28702.715697,96
4377,420288,6887.88,2022-12-07,839979,False,,-29410.079835,96
4378,420384,6889.19,2022-12-17,55132,False,,-22448.560367,96
4379,420480,6890.63,2022-12-28,380823,False,,-23271.526261,96
4380,420576,6892.07,2022-01-24,559531,False,,-41467.693076,96
4381,420672,6893.56,2022-02-07,186752,False,,-46845.849763,96
4382,420768,6894.94,2022-02-21,384872,False,,-20113.28473,96
4383,420864,6896.42,2022-03-19,708052,False,,-20948.987434,96
4384,420960,6897.81,2022-04-13,859577,False,,-16173.023137,96
4385,421056,6898.97,2022-04-27,378640,False,,-27366.997336,96
4386,421152,6900.41,2022-05-09,106971,False,,-36312.6102,96
4387,421248,6901.89,2022-06-04,874039,False,,-10569.521443,96
4388,421344,6903.12,2022-06-22,285233,False,,-22763.678779,96
4389,421440,6904.56,2022-07-26,671129,False,,-47414.141772,96
4390,421536,6905.98,2022-08-03,324124,False,,-31963.891791,96
4391,421632,6907.46,2022-08-17,660231,False,,-33687.130454,96
4392,421728,6908.91,2022-09-07,854710,False,,-12448.742189,96
4393,421824,6910.39,2022-09-29,840884,False,,-38108.802765,96
4394,421920,6911.7,2022-10-12,780845,False,,-12994.680196,96
4395,422016,6913.1,2022-10-26,357027,False,,-22436.575959,96
4396,422112,6914.61,2022-11-23,630917,False,,-28596.447046,96
4397,422208,6916.11,2022-12-07,830653,False,,-21557.162417,96
4398,422304,6917.55,2022-12-17,552055,False,,-13228.994669,96
4399,422400,6918.9,2022-12-28,573810,False,,-26555.56417,96
4400,422496,6920.33,2022-01-24,125367,False,,-34475.692458,96
4401,422592,6921.67,2022-02-07,810291,False,,-19536.530022,96
4402,422688,6923.07,2022-02-21,313780,False,,-15277.088779,96
4403,422784,6924.34,2022-03-19,678592,False,,-15265.34488,96
4404,422880,6925.59,2022-04-13,383727,False,,-25576.936385,96
4405,422976,6927.07,2022-04-27,583936,False,,-23561.00442,96
4406,423072,6928.38,2022-05-09,967289,False,,-19722.874847,96
4407,423168,6929.75,2022-06-04,804182,False,,-19882.187713,96
4408,423264,6931.11,2022-06-22,111330,False,,-10161.213328,96
4409,423360,6932.54,2022-07-26,151428,False,,-34777.372154,96
4410,423456,6933.9,2022-08-03,922171,False,,-18994.156137,96
4411,423552,6935.57,2022-08-17,350916,False,,-20632.558056,96
4412,423648,6936.99,2022-09-07,841150,False,,-40780.246299,96
4413,423744,6938.24,2022-09-29,763256,False,,-25024.06705,96
4414,423840,6939.77,2022-10-12,424879,False,,-18050.998936,96
4415,423936,6941.03,2022-10-26,694583,False,,-56725.888044,96
4416,424032,6942.33,2022-11-23,161055,False,,-11940.881549,96
4417,424128,6943.71,2022-12-07,560728,False,,-12974.130798,96
4418,424224,6945.16,2022-12-17,188769,False,,-12603.692236,96
4419,424320,6946.53,2022-12-28,667425,False,,-29256.024424,96
4420,424416,6948.03,2022-01-24,528527,False,,-40957.503886,96
4421,424512,6949.49,2022-02-07,147245,False,,-18574.248006,96
4422,424608,6950.8,2022-02-21,54944,False,,-27335.726763,96
4423,424704,6952.27,2022-03-19,581521,False,,-15726.599206,96
4424,424800,6953.68,2022-04-13,983465,False,,-21563.331575,96
4425,424896,6955.07,2022-04-27,395348,False,,-24039.704236,96
4426,424992,6956.54,2022-05-09,500616,False,,-27708.841461,96
4427,425088,6958.01,2022-06-04,586895,False,,-19553.271874,96
4428,425184,6959.39,2022-06-22,542942,False,,-18249.149018,96
4429,425280,6960.9,2022-07-26,403655,False,,-28771.692421,96
4430,425376,6962.19,2022-08-03,790653,False,,-21919.429682,96
4431,425472,6963.58,2022-08-17,661133,False,,-25912.568309,96
4432,425568,6965.1,2022-09-07,127620,False,,-14720.540014,96
4433,425664,6966.57,2022-09-29,971242,False,,-23787.743226,96
4434,425760,6967.97,2022-10-12,494512,False,,-11213.947199,96
4435,425856,6969.27,2022-10-26,448375,False,,-11545.014996,96
4436,425952,6970.46,2022-11-23,530068,False,,-14661.208661,96
4437,426048,6971.77,2022-12-07,45730,False,,-55094.817922,96
4438,426144,6973.12,2022-12-17,492018,False,,-25436.003881,96
4439,426240,6974.73,2022-12-28,676560,False,,-25361.698972,96
4440,426336,6976.22,2022-01-24,962991,False,,-74898.498483,96
4441,426432,6977.67,2022-02-07,769751,False,,-41897.723088,96
4442,426528,6979.19,2022-02-21,929837,False,,-11990.67843,96
4443,426624,6980.66,2022-03-19,76775,False,,-14388.870832,96
4444,426720,6982.15,2022-04-13,849347,False,,-22018.586987,96
4445,426816,6983.36,2022-04-27,170180,False,,-16124.548503,96
4446,426912,6984.78,2022-05-09,925938,False,,-29986.125553,96
4447,427008,6986.06,2022-06-04,765439,False,,-21351.146552,96
4448,427104,6987.55,2022-06-22,232135,False,,-23938.139176,96
4449,427200,6988.93,2022-07-26,876876,False,,-28770.118195,96
4450,427296,6990.11,2022-08-03,243077,False,,-37236.9625,96
4451,427392,6991.35,2022-08-17,748561,False,,-29641.89697,96
4452,427488,6992.75,2022-09-07,602484,False,,-32855.644072,96
4453,427584,6994.18,2022-09-29,330241,False,,-37548.205112,96
4454,427680,6995.61,2022-10-12,61031,False,,-33071.007864,96
4455,427776,6996.99,2022-10-26,971553,False,,-15264.341657,96
4456,427872,6998.22,2022-11-23,990724,False,,-31525.111332,96
4457,427968,6999.69,2022-12-07,575129,False,,-39341.542573,96
4458,428064,7001.13,2022-12-17,977639,False,,-11509.267138,96
4459,428160,7002.49,2022-12-28,507001,False,,-26800.061418,96
4460,428256,7003.96,2022-01-24,89417,False,,-32645.977572,96
4461,428352,7005.28,2022-02-07,77311,False,,-19669.673639,96
4462,428448,7006.77,2022-02-21,906494,False,,-17842.414429,96
4463,428544,7008.06,2022-03-19,305590,False,,-14498.254604,96
4464,428640,7009.45,2022-04-13,535508,False,,-14977.558645,96
4465,428736,7010.88,2022-04-27,966510,False,,-17256.810304,96
4466,428832,7012.11,2022-05-09,656650,False,,-26566.469153,96
4467,428928,7013.35,2022-06-04,417884,False,,-14932.445713,96
4468,429024,7014.74,2022-06-22,607650,False,,-18656.782447,96
4469,429120,7015.98,2022-07-26,775843,False,,-26335.320662,96
4470,429216,7017.51,2022-08-03,520619,False,,-37200.476724,96
4471,429312,7019.11,2022-08-17,775932,False,,-36346.825995,96
4472,429408,7020.53,2022-09-07,43748,False,,-23664.318102,96
4473,429504,7021.78,2022-09-29,838299,False,,-33934.637686,96
4474,429600,7023.24,2022-10-12,502930,False,,-22521.531591,96
4475,429696,7024.73,2022-10-26,984450,False,,-19675.923001,96
4476,429792,7026.21,2022-11-23,119328,False,,-42840.88731,96
4477,429888,7027.64,2022-12-07,679215,False,,-7373.411548,96
4478,429984,7029.02,2022-12-17,937882,False,,-19664.369612,96
4479,430080,7043.07,2022-12-28,268527,False,,-18291.879369,96
4480,430176,7044.53,2022-01-24,450375,False,,-14120.938655,96
4481,430272,7045.97,2022-02-07,66269,False,,-27861.00897,96
4482,430368,7047.31,2022-02-21,816826,False,,-37423.09997,96
4483,430464,7048.47,2022-03-19,622810,False,,-15808.410715,96
4484,430560,7049.79,2022-04-13,274894,False,,-23181.202622,96
4485,430656,7051.28,2022-04-27,953347,False,,-39756.998169,96
4486,430752,7052.69,2022-05-09,276186,False,,-36140.447426,96
4487,430848,7054.08,2022-06-04,942594,False,,-63541.649275,96
4488,430944,7055.54,2022-06-22,382132,False,,-29472.632198,96
4489,431040,7056.69,2022-07-26,274016,False,,-20022.094543,96
4490,431136,7057.94,2022-08-03,292171,False,,-33892.354376,96
4491,431232,7059.53,2022-08-17,40981,False,,-28801.173416,96
4492,431328,7061.27,2022-09-07,754003,False,,-41933.147333,96
4493,431424,7062.77,2022-09-29,839370,False,,-13786.642837,96
4494,431520,7064.18,2022-10-12,595344,False,,-20669.092054,96
4495,431616,7065.32,2022-10-26,51640,False,,-32341.781591,96
4496,431712,7066.77,2022-11-23,439679,False,,-37931.937581,96
4497,431808,7068.31,2022-12-07,14140,False,,-42335.779142,96
4498,431904,7069.73,2022-12-17,888604,False,,-33107.118086,96
4499,432000,7071.22,2022-12-28,839565,False,,-23970.194081,96
4500,432096,7072.74,2022-01-24,427915,False,,-27624.044671,96
4501,432192,7073.94,2022-02-07,652132,False,,-43848.54337,96
4502,432288,7075.32,2022-02-21,195713,False,,-25240.228566,96
4503,432384,7076.46,2022-03-19,628368,False,,-15785.419055,96
4504,432480,7077.86,2022-04-13,902259,False,,-12126.245567,96
4505,432576,7079.05,2022-04-27,223041,False,,-18746.321565,96
4506,432672,7080.46,2022-05-09,48152,False,,-19075.543192,96
4507,432768,7081.74,2022-06-04,109128,False,,-18681.461375,96
4508,432864,7083.14,2022-06-22,178968,False,,-32049.069692,96
4509,432960,7084.65,2022-07-26,709828,False,,-25051.441746,96
4510,433056,7086.05,2022-08-03,900560,False,,-19867.84798,96
4511,433152,7087.58,2022-08-17,912108,False,,-45470.436732,96
4512,433248,7089.16,2022-09-07,299295,False,,-14706.760838,96
4513,433344,7090.54,2022-09-29,915994,False,,-21318.556305,96
4514,433440,7091.96,2022-10-12,783561,False,,-29170.465464,96
4515,433536,7093.35,2022-10-26,236754,False,,-26165.195478,96
4516,433632,7094.8,2022-11-23,796511,False,,-17920.471315,96
4517,433728,7096.33,2022-12-07,953260,False,,-25834.199729,96
4518,433824,7097.71,2022-12-17,288517,False,,-13959.645748,96
4519,433920,7099.01,2022-12-28,598673,False,,-11223.799445,96
4520,434016,7100.18,2022-01-24,641608,False,,-35488.454853,96
4521,434112,7101.59,2022-02-07,681479,False,,-26335.583741,96
4522,434208,7102.98,2022-02-21,633069,False,,-65825.502366,96
4523,434304,7104.21,2022-03-19,270284,False,,-32975.823234,96
4524,434400,7105.57,2022-04-13,396834,False,,-35947.010485,96
4525,434496,7106.92,2022-04-27,179000,False,,-21476.1664,96
4526,434592,7108.22,2022-05-09,581436,False,,-33975.622732,96
4527,434688,7109.61,2022-06-04,651713,False,,-23482.275219,96
4528,434784,7110.97,2022-06-22,662942,False,,-26876.841588,96
4529,434880,7112.25,2022-07-26,339267,False,,-26075.242425,96
4530,434976,7113.86,2022-08-03,691169,False,,-50901.124788,96
4531,435072,7115.45,2022-08-17,809178,False,,-34470.322568,96
4532,435168,7116.79,2022-09-07,787682,False,,-17724.119256,96
4533,435264,7117.99,2022-09-29,333493,False,,-26494.96946,96
4534,435360,7119.42,2022-10-12,620702,False,,-29629.856607,96
4535,435456,7120.88,2022-10-26,749850,False,,-28535.115365,96
4536,435552,7122.23,2022-11-23,566703,False,,-31531.325291,96
4537,435648,7123.59,2022-12-07,724433,False,,-35041.768655,96
4538,435744,7124.92,2022-12-17,521834,False,,-31295.071475,96
4539,435840,7126.43,2022-12-28,77578,False,,-34781.177759,96
4540,435936,7127.96,2022-01-24,384673,False,,-10843.432568,96
4541,436032,7129.32,2022-02-07,964730,False,,-14395.195689,96
4542,436128,7130.6,2022-02-21,410399,False,,-20786.681371,96
4543,436224,7132.15,2022-03-19,363987,False,,-27131.027623,96
4544,436320,7133.56,2022-04-13,306532,False,,-43638.387915,96
4545,436416,7135.07,2022-04-27,333902,False,,-18005.275294,96
4546,436512,7136.53,2022-05-09,733262,False,,-20976.933616,96
4547,436608,7137.76,2022-06-04,397059,False,,-34227.719341,96
4548,436704,7139.21,2022-06-22,209146,False,,-15899.831617,96
4549,436800,7140.65,2022-07-26,229822,False,,-30018.92909,96
4550,436896,7142.17,2022-08-03,198844,False,,-27713.452459,96
4551,436992,7143.56,2022-08-17,764014,False,,-21683.915372,96
4552,437088,7144.95,2022-09-07,790427,False,,-15443.56069,96
4553,437184,7146.4,2022-09-29,507774,False,,-21506.008618,96
4554,437280,7147.86,2022-10-12,321213,False,,-15457.812649,96
4555,437376,7149.33,2022-10-26,495653,False,,-45532.059504,96
4556,437472,7150.91,2022-11-23,850967,False,,-23663.756747,96
4557,437568,7152.26,2022-12-07,993230,False,,-14413.296188,96
4558,437664,7153.68,2022-12-17,514923,False,,-27214.235587,96
4559,437760,7155.12,2022-12-28,490069,False,,-32358.674337,96
4560,437856,7156.52,2022-01-24,533313,False,,-36146.208265,96
4561,437952,7157.92,2022-02-07,487931,False,,-34005.850069,96
4562,438048,7159.28,2022-02-21,433107,False,,-15733.348373,96
4563,438144,7160.66,2022-03-19,158241,False,,-29473.519764,96
4564,438240,7162.02,2022-04-13,818370,False,,-53307.418366,96
4565,438336,7163.45,2022-04-27,222051,False,,-33985.627525,96
4566,438432,7164.8,2022-05-09,276452,False,,-28470.121303,96
4567,438528,7166.41,2022-06-04,808269,False,,-21702.386481,96
4568,438624,7168.01,2022-06-22,541392,False,,-37492.156085,96
4569,438720,7169.4,2022-07-26,304461,False,,-21625.59445,96
4570,438816,7170.91,2022-08-03,525917,False,,-29679.239411,96
4571,438912,7172.22,2022-08-17,208455,False,,-11610.831799,96
4572,439008,7173.53,2022-09-07,173210,False,,-22301.054239,96
4573,439104,7174.9,2022-09-29,640869,False,,-58761.533425,96
4574,439200,7176.21,2022-10-12,762623,False,,-25882.746472,96
4575,439296,7177.67,2022-10-26,312357,False,,-41892.524049,96
4576,439392,7179.18,2022-11-23,336787,False,,-31942.109799,96
4577,439488,7180.74,2022-12-07,628849,False,,-12302.727925,96
4578,439584,7182.03,2022-12-17,170849,False,,-10325.883408,96
4579,439680,7183.24,2022-12-28,507486,False,,-33729.9352,96
4580,439776,7184.67,2022-01-24,950527,False,,-23885.818565,96
4581,439872,7186.11,2022-02-07,857828,False,,-12824.208135,96
4582,439968,7187.46,2022-02-21,598996,False,,-19846.097292,96
4583,440064,7201.06,2022-03-19,781676,False,,-44995.530456,96
4584,440160,7202.3,2022-04-13,538115,False,,-25818.982565,96
4585,440256,7203.58,2022-04-27,773615,False,,-21639.243204,96
4586,440352,7205.12,2022-05-09,866538,False,,-18558.74025,96
4587,440448,7206.4,2022-06-04,857379,False,,-6508.801925,96
4588,440544,7208.02,2022-06-22,246968,False,,-35716.444436,96
4589,440640,7209.51,2022-07-26,224886,False,,-17673.991325,96
4590,440736,7210.83,2022-08-03,847422,False,,-36429.733744,96
4591,440832,7212.15,2022-08-17,706641,False,,-31398.495985,96
4592,440928,7213.6,2022-09-07,57280,False,,-11641.292574,96
4593,441024,7214.98,2022-09-29,374195,False,,-17306.038697,96
4594,441120,7216.47,2022-10-12,854912,False,,-59772.542451,96
4595,441216,7217.92,2022-10-26,766957,False,,-26851.426078,96
4596,441312,7219.42,2022-11-23,634277,False,,-27527.975742,96
4597,441408,7220.83,2022-12-07,183122,False,,-33587.641005,96
4598,441504,7222.35,2022-12-17,235527,False,,-41904.734108,96
4599,441600,7223.58,2022-12-28,914020,False,,-31571.365728,96
4600,441696,7225.14,2022-01-24,128711,False,,-20396.969257,96
4601,441792,7226.69,2022-02-07,395569,False,,-31135.3874,96
4602,441888,7228.08,2022-02-21,383921,False,,-23250.404791,96
4603,441984,7229.41,2022-03-19,587964,False,,-21921.548517,96
4604,442080,7230.71,2022-04-13,362896,False,,-35714.734272,96
4605,442176,7231.94,2022-04-27,652246,False,,-27215.264408,96
4606,442272,7233.34,2022-05-09,104360,False,,-27341.279389,96
4607,442368,7234.82,2022-06-04,400133,False,,-27464.523266,96
4608,442464,7236.22,2022-06-22,900800,False,,-14666.455248,96
4609,442560,7237.65,2022-07-26,902,False,,-34417.320155,96
4610,442656,7239.05,2022-08-03,454577,False,,-27212.606204,96
4611,442752,7240.34,2022-08-17,240699,False,,-15573.78979,96
4612,442848,7241.73,2022-09-07,31922,False,,-28377.323142,96
4613,442944,7243.09,2022-09-29,242271,False,,-25515.827216,96
4614,443040,7244.62,2022-10-12,298652,False,,-10322.617039,96
4615,443136,7246.02,2022-10-26,977391,False,,-62952.786038,96
4616,443232,7247.29,2022-11-23,505772,False,,-37791.517905,96
4617,443328,7248.89,2022-12-07,701840,False,,-16726.948578,96
4618,443424,7250.32,2022-12-17,833322,False,,-24629.220913,96
4619,443520,7251.77,2022-12-28,38355,False,,-36937.677343,96
4620,443616,7253.3,2022-01-24,709914,False,,-27113.292165,96
4621,443712,7254.77,2022-02-07,44703,False,,-25297.054967,96
4622,443808,7256.16,2022-02-21,538832,False,,-32496.573603,96
4623,443904,7257.66,2022-03-19,193422,False,,-19411.560269,96
4624,444000,7259.06,2022-04-13,407112,False,,-33226.381991,96
4625,444096,7260.58,2022-04-27,566270,False,,-12788.014896,96
4626,444192,7261.93,2022-05-09,609535,False,,-34676.431652,96
4627,444288,7263.33,2022-06-04,469322,False,,-20875.089744,96
4628,444384,7264.62,2022-06-22,113303,False,,-23910.762026,96
4629,444480,7266.01,2022-07-26,721264,False,,-23675.362645,96
4630,444576,7267.18,2022-08-03,634784,False,,-15392.500281,96
4631,444672,7268.49,2022-08-17,932800,False,,-48955.768441,96
4632,444768,7269.72,2022-09-07,370253,False,,-21845.749596,96
4633,444864,7271.04,2022-09-29,919720,False,,-29493.396848,96
4634,444960,7272.45,2022-10-12,316410,False,,-23065.214126,96
4635,445056,7273.87,2022-10-26,211194,False,,-22578.708258,96
4636,445152,7275.29,2022-11-23,867207,False,,-17309.285111,96
4637,445248,7276.5,2022-12-07,151763,False,,-38368.051047,96
4638,445344,7277.91,2022-12-17,109566,False,,-19399.579567,96
4639,445440,7279.44,2022-12-28,476885,False,,-58601.07656,96
4640,445536,7280.51,2022-01-24,284420,False,,-31799.625585,96
4641,445632,7281.89,2022-02-07,436938,False,,-15010.115789,96
4642,445728,7283.32,2022-02-21,427385,False,,-37195.653994,96
4643,445824,7284.83,2022-03-19,662994,False,,-27790.505688,96
4644,445920,7286.25,2022-04-13,254074,False,,-23214.055839,96
4645,446016,7287.56,2022-04-27,637542,False,,-44094.628107,96
4646,446112,7288.89,2022-05-09,279936,False,,-18271.171748,96
4647,446208,7290.13,2022-06-04,181960,False,,-16779.673803,96
4648,446304,7291.52,2022-06-22,260409,False,,-22892.077518,96
4649,446400,7292.93,2022-07-26,666336,False,,-26366.482971,96
4650,446496,7294.14,2022-08-03,487373,False,,-27212.686825,96
4651,446592,7295.64,2022-08-17,827196,False,,-20093.608749,96
4652,446688,7296.87,2022-09-07,780456,False,,-22484.832813,96
4653,446784,7298.18,2022-09-29,563786,False,,-22021.614848,96
4654,446880,7299.61,2022-10-12,280982,False,,-22886.717701,96
4655,446976,7301.19,2022-10-26,625419,False,,-18531.278757,96
4656,447072,7302.7,2022-11-23,57278,False,,-29470.391655,96
4657,447168,7304.25,2022-12-07,912780,False,,-14700.224673,96
4658,447264,7305.74,2022-12-17,647540,False,,-53710.962695,96
4659,447360,7307.11,2022-12-28,514723,False,,-26010.596481,96
4660,447456,7308.58,2022-01-24,760783,False,,-12842.8223,96
4661,447552,7309.95,2022-02-07,878684,False,,-32784.879647,96
4662,447648,7311.4,2022-02-21,265829,False,,-16165.0769,96
4663,447744,7312.84,2022-03-19,968510,False,,-23862.258415,96
4664,447840,7314.02,2022-04-13,532599,False,,-26370.70626,96
4665,447936,7315.42,2022-04-27,269582,False,,-38257.617993,96
4666,448032,7316.88,2022-05-09,415743,False,,-55316.497792,96
4667,448128,7318.14,2022-06-04,204381,False,,-29115.049758,96
4668,448224,7319.5,2022-06-22,167678,False,,-16262.857145,96
4669,448320,7320.94,2022-07-26,202850,False,,-25927.008778,96
4670,448416,7322.28,2022-08-03,845976,False,,-20358.566,96
4671,448512,7323.81,2022-08-17,718073,False,,-24834.133995,96
4672,448608,7325.21,2022-09-07,550633,False,,-24555.442299,96
4673,448704,7326.39,2022-09-29,390905,False,,-20401.612709,96
4674,448800,7327.58,2022-10-12,653069,False,,-17159.163257,96
4675,448896,7328.98,2022-10-26,374266,False,,-14849.097404,96
4676,448992,7330.25,2022-11-23,34006,False,,-41968.779893,96
4677,449088,7331.6,2022-12-07,572093,False,,-27876.801494,96
4678,449184,7332.9,2022-12-17,792905,False,,-26890.808675,96
4679,449280,7334.26,2022-12-28,233272,False,,-32562.071696,96
4680,449376,7335.69,2022-01-24,558305,False,,-18573.910459,96
4681,449472,7337.13,2022-02-07,675394,False,,-29429.692327,96
4682,449568,7338.53,2022-02-21,975526,False,,-55510.189118,96
4683,449664,7339.86,2022-03-19,137118,False,,-39121.7301,96
4684,449760,7341.35,2022-04-13,784495,False,,-22701.714442,96
4685,449856,7342.66,2022-04-27,60902,False,,-22823.881349,96
4686,449952,7344.08,2022-05-09,638515,False,,-20702.364517,96
4687,450048,7358.23,2022-06-04,82620,False,,-27081.219022,96
4688,450144,7359.57,2022-06-22,102113,False,,-24478.098028,96
4689,450240,7361.05,2022-07-26,836094,False,,-11080.466766,96
4690,450336,7362.63,2022-08-03,841121,False,,-33615.118554,96
4691,450432,7363.99,2022-08-17,506940,False,,-41467.472896,96
4692,450528,7365.39,2022-09-07,228114,False,,-20398.487043,96
4693,450624,7366.75,2022-09-29,343470,False,,-22653.26627,96
4694,450720,7368.29,2022-10-12,808343,False,,-21694.933217,96
4695,450816,7369.66,2022-10-26,226847,False,,-11954.985315,96
4696,450912,7371.24,2022-11-23,300159,False,,-18939.032849,96
4697,451008,7372.72,2022-12-07,372733,False,,-26830.929445,96
4698,451104,7374.17,2022-12-17,233623,False,,-26887.785077,96
4699,451200,7375.64,2022-12-28,192385,False,,-34256.65178,96
4700,451296,7377.07,2022-01-24,255715,False,,-22700.009093,96
4701,451392,7378.57,2022-02-07,122285,False,,-19394.294771,96
4702,451488,7380.05,2022-02-21,166849,False,,-21969.987441,96
4703,451584,7381.55,2022-03-19,542009,False,,-23349.797137,96
4704,451680,7382.95,2022-04-13,435396,False,,-20868.000446,96
4705,451776,7384.48,2022-04-27,88178,False,,-21598.637386,96
4706,451872,7385.9,2022-05-09,431468,False,,-23036.222615,96
4707,451968,7387.13,2022-06-04,644741,False,,-20811.724288,96
4708,452064,7388.37,2022-06-22,309269,False,,-46222.855158,96
4709,452160,7389.59,2022-07-26,745563,False,,-14325.060708,96
4710,452256,7390.91,2022-08-03,437137,False,,-24483.443231,96
4711,452352,7392.29,2022-08-17,718786,False,,-53234.537758,96
4712,452448,7393.81,2022-09-07,839378,False,,-21852.169379,96
4713,452544,7395.25,2022-09-29,575779,False,,-21485.442009,96
4714,452640,7396.82,2022-10-12,615512,False,,-24441.613055,96
4715,452736,7398.16,2022-10-26,316338,False,,-30643.786741,96
4716,452832,7399.5,2022-11-23,72949,False,,-27606.942315,96
4717,452928,7400.97,2022-12-07,224431,False,,-44705.689636,96
4718,453024,7402.41,2022-12-17,331281,False,,-34789.395033,96
4719,453120,7403.87,2022-12-28,31529,False,,-35857.973351,96
4720,453216,7405.24,2022-01-24,538324,False,,-38603.989325,96
4721,453312,7406.64,2022-02-07,987584,False,,-32063.739816,96
4722,453408,7408.09,2022-02-21,405077,False,,-31058.055668,96
4723,453504,7409.47,2022-03-19,288862,False,,-23762.280548,96
4724,453600,7411.02,2022-04-13,555187,False,,-56826.344843,96
4725,453696,7412.36,2022-04-27,863075,False,,-35822.627424,96
4726,453792,7413.78,2022-05-09,976689,False,,-24247.508004,96
4727,453888,7415.09,2022-06-04,122421,False,,-40073.254552,96
4728,453984,7416.56,2022-06-22,684025,False,,-17821.140724,96
4729,454080,7417.98,2022-07-26,630857,False,,-37307.107349,96
4730,454176,7419.32,2022-08-03,621023,False,,-25225.533939,96
4731,454272,7420.82,2022-08-17,251936,False,,-43423.038275,96
4732,454368,7422.18,2022-09-07,946876,False,,-14034.02782,96
4733,454464,7423.52,2022-09-29,349528,False,,-18573.613638,96
4734,454560,7424.93,2022-10-12,617904,False,,-23498.681824,96
4735,454656,7426.23,2022-10-26,985959,False,,-20876.298842,96
4736,454752,7427.51,2022-11-23,24898,False,,-15808.386432,96
4737,454848,7428.81,2022-12-07,675071,False,,-21780.669318,96
4738,454944,7429.98,2022-12-17,448573,False,,-21809.548327,96
4739,455040,7431.46,2022-12-28,901386,False,,-15510.161598,96
4740,455136,7432.8,2022-01-24,940389,False,,-36532.572693,96
4741,455232,7434.09,2022-02-07,119205,False,,-19211.261438,96
4742,455328,7435.28,2022-02-21,785961,False,,-31839.11934,96
4743,455424,7436.53,2022-03-19,631332,False,,-17889.596565,96
4744,455520,7437.94,2022-04-13,121360,False,,-14051.1529,96
4745,455616,7439.29,2022-04-27,789318,False,,-75495.365253,96
4746,455712,7440.65,2022-05-09,967973,False,,-43401.654983,96
4747,455808,7442.13,2022-06-04,27687,False,,-66912.302307,96
4748,455904,7443.38,2022-06-22,626135,False,,-62755.060316,96
4749,456000,7444.85,2022-07-26,303735,False,,-38812.744635,96
4750,456096,7446.12,2022-08-03,482006,False,,-29881.408135,96
4751,456192,7447.27,2022-08-17,983322,False,,-21150.466774,96
4752,456288,7448.52,2022-09-07,501783,False,,-22590.254428,96
4753,456384,7450.0,2022-09-29,894754,False,,-30222.381268,96
4754,456480,7451.5,2022-10-12,499851,False,,-20756.892533,96
4755,456576,7452.87,2022-10-26,139728,False,,-62064.709984,96
4756,456672,7454.23,2022-11-23,907734,False,,-17052.879498,96
4757,456768,7455.75,2022-12-07,918913,False,,-15141.312298,96
4758,456864,7457.13,2022-12-17,104690,False,,-18582.249805,96
4759,456960,7458.44,2022-12-28,265935,False,,-36305.079787,96
4760,457056,7459.85,2022-01-24,687768,False,,-27831.492723,96
4761,457152,7461.29,2022-02-07,15024,False,,-16559.807861,96
4762,457248,7462.71,2022-02-21,697485,False,,-21078.841429,96
4763,457344,7464.06,2022-03-19,333041,False,,-11973.895698,96
4764,457440,7465.34,2022-04-13,838913,False,,-25774.159755,96
4765,457536,7466.73,2022-04-27,896483,False,,-20610.388499,96
4766,457632,7468.16,2022-05-09,399115,False,,-35188.44787,96
4767,457728,7469.64,2022-06-04,284613,False,,-13285.395616,96
4768,457824,7471.03,2022-06-22,861239,False,,-17622.742755,96
4769,457920,7472.44,2022-07-26,754166,False,,-29097.831207,96
4770,458016,7473.83,2022-08-03,298454,False,,-31608.604277,96
4771,458112,7475.12,2022-08-17,877243,False,,-25534.473576,96
4772,458208,7476.39,2022-09-07,802689,False,,-17871.136543,96
4773,458304,7477.86,2022-09-29,226477,False,,-26052.99582,96
4774,458400,7479.19,2022-10-12,640744,False,,-38075.843523,96
4775,458496,7480.59,2022-10-26,781284,False,,-36436.813353,96
4776,458592,7481.8,2022-11-23,837889,False,,-22670.185043,96
4777,458688,7483.28,2022-12-07,17599,False,,-19308.491408,96
4778,458784,7484.75,2022-12-17,690451,False,,-45408.191013,96
4779,458880,7486.2,2022-12-28,403177,False,,-24751.478919,96
4780,458976,7487.37,2022-01-24,435190,False,,-50175.230241,96
4781,459072,7488.76,2022-02-07,594708,False,,-18227.150683,96
4782,459168,7490.11,2022-02-21,268277,False,,-21673.828024,96
4783,459264,7491.64,2022-03-19,548443,False,,-20899.857556,96
4784,459360,7492.86,2022-04-13,399030,False,,-26968.558349,96
4785,459456,7494.11,2022-04-27,476329,False,,-36275.022907,96
4786,459552,7495.47,2022-05-09,626331,False,,-16059.063088,96
4787,459648,7497.01,2022-06-04,161310,False,,-23368.314403,96
4788,459744,7498.37,2022-06-22,6207,False,,-36412.829442,96
4789,459840,7499.77,2022-07-26,85803,False,,-31773.889336,96
4790,459936,7501.12,2022-08-03,90608,False,,-38070.500542,96
4791,460032,7514.5,2022-08-17,501097,False,,-39337.773049,96
4792,460128,7515.88,2022-09-07,653331,False,,-13092.497293,96
4793,460224,7517.37,2022-09-29,569716,False,,-15809.040044,96
4794,460320,7518.91,2022-10-12,494168,False,,-17970.657484,96
4795,460416,7520.27,2022-10-26,792074,False,,-16905.505912,96
4796,460512,7521.76,2022-11-23,32863,False,,-30819.807556,96
4797,460608,7523.1,2022-12-07,3215,False,,-22166.916746,96
4798,460704,7524.67,2022-12-17,448384,False,,-22374.232179,96
4799,460800,7526.25,2022-12-28,925119,False,,-14747.019187,96
4800,460896,7527.64,2022-01-24,639342,False,,-20915.429654,96
4801,460992,7528.95,2022-02-07,60272,False,,-15310.574631,96
4802,461088,7530.3,2022-02-21,651939,False,,-38204.568124,96
4803,461184,7531.62,2022-03-19,376330,False,,-15940.345192,96
4804,461280,7532.88,2022-04-13,882664,False,,-22533.876222,96
4805,461376,7534.42,2022-04-27,489287,False,,-30396.511664,96
4806,461472,7535.72,2022-05-09,654917,False,,-31527.36937,96
4807,461568,7537.14,2022-06-04,668334,False,,-26844.714511,96
4808,461664,7538.62,2022-06-22,874339,False,,-19662.837684,96
4809,461760,7540.0,2022-07-26,387513,False,,-37529.900851,96
4810,461856,7541.46,2022-08-03,860550,False,,-32441.387151,96
4811,461952,7542.85,2022-08-17,764345,False,,-12126.904198,96
4812,462048,7544.24,2022-09-07,316296,False,,-40032.98966,96
4813,462144,7545.74,2022-09-29,178755,False,,-20818.828715,96
4814,462240,7547.13,2022-10-12,371208,False,,-33327.0621,96
4815,462336,7548.59,2022-10-26,283830,False,,-35595.886495,96
4816,462432,7550.07,2022-11-23,253502,False,,-27074.545466,96
4817,462528,7551.45,2022-12-07,305515,False,,-48036.581213,96
4818,462624,7552.85,2022-12-17,51882,False,,-11311.439525,96
4819,462720,7554.35,2022-12-28,387774,False,,-34868.385405,96
4820,462816,7555.58,2022-01-24,716820,False,,-19627.758159,96
4821,462912,7556.95,2022-02-07,976903,False,,-35701.013934,96
4822,463008,7558.12,2022-02-21,226172,False,,-26925.841171,96
4823,463104,7559.4,2022-03-19,276206,False,,-17540.492904,96
4824,463200,7560.92,2022-04-13,185399,False,,-25131.897308,96
4825,463296,7562.55,2022-04-27,177296,False,,-13832.807278,96
4826,463392,7563.94,2022-05-09,203960,False,,-26660.539738,96
4827,463488,7565.45,2022-06-04,751995,False,,-19190.798659,96
4828,463584,7566.95,2022-06-22,682339,False,,-16997.759791,96
4829,463680,7568.32,2022-07-26,508330,False,,-22645.664486,96
4830,463776,7569.72,2022-08-03,449851,False,,-29464.716261,96
4831,463872,7571.17,2022-08-17,328602,False,,-13722.933221,96
4832,463968,7572.62,2022-09-07,310491,False,,-15885.791659,96
4833,464064,7574.14,2022-09-29,724267,False,,-25503.595423,96
4834,464160,7575.53,2022-10-12,757888,False,,-27705.390207,96
4835,464256,7577.06,2022-10-26,737744,False,,-20973.808566,96
4836,464352,7578.67,2022-11-23,993596,False,,-32984.126762,96
4837,464448,7580.03,2022-12-07,583879,False,,-19526.484534,96
4838,464544,7581.41,2022-12-17,168116,False,,-21653.141997,96
4839,464640,7582.91,2022-12-28,797915,False,,-23095.067651,96
4840,464736,7584.35,2022-01-24,332651,False,,-17868.510791,96
4841,464832,7585.61,2022-02-07,436720,False,,-19645.660483,96
4842,464928,7586.99,2022-02-21,60380,False,,-13771.701751,96
4843,465024,7588.32,2022-03-19,815392,False,,-29317.301081,96
4844,465120,7589.77,2022-04-13,460665,False,,-21600.869071,96
4845,465216,7591.05,2022-04-27,751063,False,,-21646.982315,96
4846,465312,7592.41,2022-05-09,319018,False,,-21210.26034,96
4847,465408,7593.76,2022-06-04,33335,False,,-36175.83236,96
4848,465504,7595.23,2022-06-22,934600,False,,-18443.466849,96
4849,465600,7596.61,2022-07-26,902588,False,,-16897.148099,96
4850,465696,7598.07,2022-08-03,472709,False,,-21390.825937,96
4851,465792,7599.46,2022-08-17,267689,False,,-33364.587207,96
4852,465888,7601.02,2022-09-07,612558,False,,-13811.147635,96
4853,465984,7602.22,2022-09-29,60697,False,,-23931.764713,96
4854,466080,7603.59,2022-10-12,223708,False,,-43224.181053,96
4855,466176,7605.11,2022-10-26,885872,False,,-13566.619553,96
4856,466272,7606.57,2022-11-23,491994,False,,-16676.621236,96
4857,466368,7608.14,2022-12-07,144290,False,,-37246.17327,96
4858,466464,7609.62,2022-12-17,413489,False,,-19470.273502,96
4859,466560,7611.11,2022-12-28,414604,False,,-63061.193436,96
4860,466656,7612.74,2022-01-24,335840,False,,-21841.433628,96
4861,466752,7614.08,2022-02-07,116506,False,,-25309.967873,96
4862,466848,7615.45,2022-02-21,788850,False,,-23642.870188,96
4863,466944,7617.02,2022-03-19,95040,False,,-15875.834725,96
4864,467040,7618.38,2022-04-13,756811,False,,-18007.884927,96
4865,467136,7619.88,2022-04-27,230518,False,,-19411.903747,96
4866,467232,7621.37,2022-05-09,468568,False,,-24127.022206,96
4867,467328,7622.84,2022-06-04,502895,False,,-13899.223061,96
4868,467424,7624.25,2022-06-22,828244,False,,-18076.116603,96
4869,467520,7625.66,2022-07-26,943601,False,,-33710.855947,96
4870,467616,7627.2,2022-08-03,108688,False,,-32152.637733,96
4871,467712,7628.66,2022-08-17,461101,False,,-16047.590011,96
4872,467808,7629.95,2022-09-07,968459,False,,-22272.159196,96
4873,467904,7631.33,2022-09-29,556945,False,,-21320.881408,96
4874,468000,7632.66,2022-10-12,794089,False,,-15704.082033,96
4875,468096,7634.0,2022-10-26,225618,False,,-12286.255014,96
4876,468192,7635.38,2022-11-23,65585,False,,-27345.201352,96
4877,468288,7636.6,2022-12-07,118739,False,,-35132.614714,96
4878,468384,7638.06,2022-12-17,428545,False,,-22470.347564,96
4879,468480,7639.53,2022-12-28,324275,False,,-22001.761039,96
4880,468576,7640.94,2022-01-24,374756,False,,-11420.016089,96
4881,468672,7642.41,2022-02-07,379218,False,,-11245.683746,96
4882,468768,7643.7,2022-02-21,314473,False,,-24932.575091,96
4883,468864,7645.03,2022-03-19,984173,False,,-21632.615521,96
4884,468960,7646.32,2022-04-13,471673,False,,-31289.807953,96
4885,469056,7647.59,2022-04-27,923879,False,,-12379.64112,96
4886,469152,7649.0,2022-05-09,262061,False,,-11723.158301,96
4887,469248,7650.44,2022-06-04,297203,False,,-15154.523209,96
4888,469344,7651.82,2022-06-22,296111,False,,-27330.156912,96
4889,469440,7653.16,2022-07-26,350360,False,,-29752.287906,96
4890,469536,7654.48,2022-08-03,320022,False,,-52842.391512,96
4891,469632,7655.77,2022-08-17,950851,False,,-44486.946177,96
4892,469728,7657.07,2022-09-07,494980,False,,-21143.096944,96
4893,469824,7658.28,2022-09-29,19635,False,,-19079.537628,96
4894,469920,7659.58,2022-10-12,150613,False,,-29653.403854,96
4895,470016,7674.03,2022-10-26,227492,False,,-25020.516248,96
4896,470112,7675.33,2022-11-23,990922,False,,-27531.059127,96
4897,470208,7676.73,2022-12-07,266369,False,,-21658.236667,96
4898,470304,7678.1,2022-12-17,28696,False,,-23323.543209,96
4899,470400,7679.71,2022-12-28,180733,False,,-20604.646588,96
4900,470496,7680.98,2022-01-24,128442,False,,-22599.544625,96
4901,470592,7682.28,2022-02-07,97913,False,,-18349.077027,96
4902,470688,7683.71,2022-02-21,213459,False,,-22889.631426,96
4903,470784,7685.1,2022-03-19,817820,False,,-18781.700806,96
4904,470880,7686.46,2022-04-13,20838,False,,-18359.581462,96
4905,470976,7687.89,2022-04-27,181602,False,,-23310.89112,96
4906,471072,7689.09,2022-05-09,423141,False,,-9883.670385,96
4907,471168,7690.56,2022-06-04,174316,False,,-20060.65904,96
4908,471264,7691.86,2022-06-22,843835,False,,-30677.801309,96
4909,471360,7693.21,2022-07-26,792448,False,,-44724.168435,96
4910,471456,7694.56,2022-08-03,20083,False,,-22663.031695,96
4911,471552,7696.08,2022-08-17,686284,False,,-37374.361271,96
4912,471648,7697.41,2022-09-07,364750,False,,-30299.588147,96
4913,471744,7698.86,2022-09-29,774125,False,,-28642.694842,96
4914,471840,7700.13,2022-10-12,403760,False,,-39048.961564,96
4915,471936,7701.62,2022-10-26,981493,False,,-16593.889813,96
4916,472032,7703.19,2022-11-23,101608,False,,-23400.330134,96
4917,472128,7704.7,2022-12-07,159998,False,,-19058.295924,96
4918,472224,7706.19,2022-12-17,594332,False,,-25337.291449,96
4919,472320,7707.64,2022-12-28,73625,False,,-8584.350386,96
4920,472416,7709.03,2022-01-24,808004,False,,-15972.8388,96
4921,472512,7710.37,2022-02-07,810510,False,,-19981.163572,96
4922,472608,7711.77,2022-02-21,722943,False,,-20409.585151,96
4923,472704,7713.22,2022-03-19,190744,False,,-19912.097963,96
4924,472800,7714.4,2022-04-13,945269,False,,-30500.945974,96
4925,472896,7715.64,2022-04-27,673528,False,,-15383.438582,96
4926,472992,7716.96,2022-05-09,489647,False,,-28602.731459,96
4927,473088,7718.4,2022-06-04,528025,False,,-13040.960156,96
4928,473184,7719.81,2022-06-22,743608,False,,-21232.574447,96
4929,473280,7721.19,2022-07-26,716919,False,,-20113.104961,96
4930,473376,7722.65,2022-08-03,963941,False,,-49764.489227,96
4931,473472,7723.99,2022-08-17,412283,False,,-16763.910217,96
4932,473568,7725.35,2022-09-07,649742,False,,-19257.563424,96
4933,473664,7726.73,2022-09-29,874252,False,,-28137.856551,96
4934,473760,7728.05,2022-10-12,500171,False,,-18561.418013,96
4935,473856,7729.37,2022-10-26,103825,False,,-37909.120648,96
4936,473952,7730.85,2022-11-23,679029,False,,-18606.492882,96
4937,474048,7732.28,2022-12-07,168969,False,,-18680.796273,96
4938,474144,7733.71,2022-12-17,49154,False,,-16190.044939,96
4939,474240,7734.95,2022-12-28,929338,False,,-52227.325804,96
4940,474336,7736.16,2022-01-24,336717,False,,-21976.843271,96
4941,474432,7737.59,2022-02-07,297899,False,,-28633.246632,96
4942,474528,7738.99,2022-02-21,843408,False,,-24769.966789,96
4943,474624,7740.43,2022-03-19,553782,False,,-15490.17702,96
4944,474720,7741.99,2022-04-13,255344,False,,-36466.259095,96
4945,474816,7743.32,2022-04-27,888183,False,,-34472.766236,96
4946,474912,7744.64,2022-05-09,335992,False,,-28228.910339,96
4947,475008,7746.05,2022-06-04,278081,False,,-20438.407912,96
4948,475104,7747.56,2022-06-22,312302,False,,-24795.664017,96
4949,475200,7748.86,2022-07-26,957125,False,,-24100.006778,96
4950,475296,7750.31,2022-08-03,737308,False,,-21736.426515,96
4951,475392,7751.85,2022-08-17,421261,False,,-26532.316364,96
4952,475488,7753.31,2022-09-07,301975,False,,-41838.313527,96
4953,475584,7754.69,2022-09-29,788200,False,,-37725.946202,96
4954,475680,7756.16,2022-10-12,522263,False,,-71905.154029,96
4955,475776,7757.57,2022-10-26,699361,False,,-18712.790924,96
4956,475872,7758.9,2022-11-23,467859,False,,-16050.826268,96
4957,475968,7760.37,2022-12-07,999355,False,,-10991.428527,96
4958,476064,7761.92,2022-12-17,815462,False,,-26907.786872,96
4959,476160,7763.3,2022-12-28,635454,False,,-32161.926444,96
4960,476256,7764.86,2022-01-24,679731,False,,-21823.058326,96
4961,476352,7766.17,2022-02-07,894395,False,,-20608.494975,96
4962,476448,7767.6,2022-02-21,381428,False,,-14672.985159,96
4963,476544,7769.11,2022-03-19,747855,False,,-20400.931815,96
4964,476640,7770.47,2022-04-13,167545,False,,-19115.641968,96
4965,476736,7771.95,2022-04-27,215766,False,,-21636.64436,96
4966,476832,7773.25,2022-05-09,89122,False,,-38191.254885,96
4967,476928,7774.48,2022-06-04,755787,False,,-24008.384113,96
4968,477024,7775.85,2022-06-22,321557,False,,-13003.514369,96
4969,477120,7777.28,2022-07-26,523213,False,,-11248.217257,96
4970,477216,7778.66,2022-08-03,935671,False,,-51669.025152,96
4971,477312,7779.89,2022-08-17,32673,False,,-12729.298322,96
4972,477408,7781.43,2022-09-07,247431,False,,-20767.625289,96
4973,477504,7783.06,2022-09-29,604223,False,,-17164.129606,96
4974,477600,7784.41,2022-10-12,569859,False,,-24162.100969,96
4975,477696,7785.87,2022-10-26,44717,False,,-24282.209347,96
4976,477792,7787.15,2022-11-23,767686,False,,-23136.9326,96
4977,477888,7788.37,2022-12-07,680292,False,,-16626.986826,96
4978,477984,7789.8,2022-12-17,395373,False,,-36581.393365,96
4979,478080,7791.17,2022-12-28,850498,False,,-30249.031145,96
4980,478176,7792.48,2022-01-24,113127,False,,-23093.583642,96
4981,478272,7793.95,2022-02-07,697074,False,,-47899.316731,96
4982,478368,7795.32,2022-02-21,618470,False,,-39085.467184,96
4983,478464,7796.76,2022-03-19,184200,False,,-26290.776971,96
4984,478560,7798.33,2022-04-13,255899,False,,-18496.808326,96
4985,478656,7799.8,2022-04-27,995034,False,,-34640.448612,96
4986,478752,7801.35,2022-05-09,186608,False,,-26377.861284,96
4987,478848,7802.7,2022-06-04,848558,False,,-33520.531636,96
4988,478944,7803.91,2022-06-22,325424,False,,-21238.43368,96
4989,479040,7805.43,2022-07-26,535235,False,,-27622.686208,96
4990,479136,7806.84,2022-08-03,517188,False,,-33983.404003,96
4991,479232,7808.09,2022-08-17,300963,False,,-25222.433735,96
4992,479328,7809.6,2022-09-07,25880,False,,-40328.996926,96
4993,479424,7811.08,2022-09-29,280181,False,,-24282.549075,96
4994,479520,7812.55,2022-10-12,598037,False,,-12630.297738,96
4995,479616,7813.81,2022-10-26,179448,False,,-21533.741059,96
4996,479712,7815.11,2022-11-23,509354,False,,-10804.738296,96
4997,479808,7816.42,2022-12-07,465754,False,,-13863.226182,96
4998,479904,7817.9,2022-12-17,414946,False,,-28060.658126,96
4999,480000,7819.23,2022-12-28,22785,False,,-24084.989635,96
5000,480096,7833.96,2022-01-24,959443,False,,-26291.307005,96
5001,480192,7835.27,2022-02-07,538932,False,,-37354.671725,96
5002,480288,7836.65,2022-02-21,196169,False,,-26945.81512,96
5003,480384,7837.99,2022-03-19,181036,False,,-14686.237687,96
5004,480480,7839.55,2022-04-13,36648,False,,-17935.834117,96
5005,480576,7840.95,2022-04-27,743369,False,,-20500.05192,96
5006,480672,7842.65,2022-05-09,5544,False,,-27582.101505,96
5007,480768,7844.06,2022-06-04,824720,False,,-21216.858864,96
5008,480864,7845.59,2022-06-22,990372,False,,-23192.033083,96
5009,480960,7846.95,2022-07-26,413434,False,,-38555.594088,96
5010,481056,7848.51,2022-08-03,227455,False,,-32095.838164,96
5011,481152,7849.84,2022-08-17,43157,False,,-20050.663231,96
5012,481248,7851.39,2022-09-07,8320,False,,-15434.146164,96
5013,481344,7852.82,2022-09-29,461094,False,,-32627.71961,96
5014,481440,7854.13,2022-10-12,328266,False,,-100485.249501,96
5015,481536,7855.45,2022-10-26,920455,False,,-12102.007095,96
5016,481632,7856.9,2022-11-23,27180,False,,-38915.013328,96
5017,481728,7858.26,2022-12-07,652368,False,,-29416.864635,96
5018,481824,7859.48,2022-12-17,760359,False,,-21004.491231,96
5019,481920,7860.74,2022-12-28,284201,False,,-21906.955269,96
5020,482016,7861.91,2022-01-24,148384,False,,-33360.463388,96
5021,482112,7863.43,2022-02-07,669359,False,,-22108.193549,96
5022,482208,7864.88,2022-02-21,525337,False,,-22657.662973,96
5023,482304,7866.38,2022-03-19,579707,False,,-13521.182528,96
5024,482400,7867.88,2022-04-13,193396,False,,-29199.396588,96
5025,482496,7869.17,2022-04-27,65213,False,,-19018.15628,96
5026,482592,7870.68,2022-05-09,842332,False,,-54837.709704,96
5027,482688,7872.14,2022-06-04,178178,False,,-17071.691718,96
5028,482784,7873.53,2022-06-22,463328,False,,-23507.091398,96
5029,482880,7874.71,2022-07-26,9467,False,,-20347.244089,96
5030,482976,7875.81,2022-08-03,394859,False,,-20496.957526,96
5031,483072,7876.91,2022-08-17,902233,False,,-9986.046814,96
5032,483168,7878.01,2022-09-07,282676,False,,-20384.872569,96
5033,483264,7879.39,2022-09-29,459546,False,,-12020.078366,96
5034,483360,7880.74,2022-10-12,369621,False,,-36532.559851,96
5035,483456,7881.82,2022-10-26,422166,False,,-32298.524314,96
5036,483552,7882.86,2022-11-23,872408,False,,-28688.936156,96
5037,483648,7884.0,2022-12-07,734376,False,,-25059.458582,96
5038,483744,7885.28,2022-12-17,622702,False,,-12746.822316,96
5039,483840,7886.58,2022-12-28,289497,False,,-22566.23144,96
5040,483936,7888.03,2022-01-24,599879,False,,-27540.787846,96
5041,484032,7889.15,2022-02-07,106693,False,,-23462.722572,96
5042,484128,7890.58,2022-02-21,658147,False,,-19812.498808,96
5043,484224,7891.94,2022-03-19,326064,False,,-30953.321061,96
5044,484320,7893.18,2022-04-13,684945,False,,-15578.803464,96
5045,484416,7894.53,2022-04-27,500987,False,,-26955.098035,96
5046,484512,7895.92,2022-05-09,191099,False,,-16933.73668,96
5047,484608,7897.02,2022-06-04,789017,False,,-11346.477467,96
5048,484704,7898.07,2022-06-22,992920,False,,-15399.435867,96
5049,484800,7899.26,2022-07-26,364051,False,,-14396.377979,96
5050,484896,7900.44,2022-08-03,130845,False,,-19905.607935,96
5051,484992,7901.58,2022-08-17,143075,False,,-26410.085528,96
5052,485088,7902.71,2022-09-07,562751,False,,-38938.997705,96
5053,485184,7903.88,2022-09-29,737814,False,,-28382.163973,96
5054,485280,7905.11,2022-10-12,301328,False,,-25826.652457,96
5055,485376,7906.51,2022-10-26,355639,False,,-13695.173479,96
5056,485472,7907.74,2022-11-23,997177,False,,-16429.082176,96
5057,485568,7908.84,2022-12-07,10003,False,,-18268.128019,96
5058,485664,7910.11,2022-12-17,178936,False,,-25013.604694,96
5059,485760,7911.39,2022-12-28,650611,False,,-14792.249202,96
5060,485856,7912.84,2022-01-24,845073,False,,-28059.818397,96
5061,485952,7914.24,2022-02-07,416775,False,,-15222.49295,96
5062,486048,7915.41,2022-02-21,294261,False,,-19565.370098,96
5063,486144,7916.83,2022-03-19,807167,False,,-21116.684594,96
5064,486240,7918.12,2022-04-13,833389,False,,-40296.523837,96
5065,486336,7919.35,2022-04-27,282406,False,,-21076.032621,96
5066,486432,7920.42,2022-05-09,809984,False,,-14600.272839,96
5067,486528,7921.55,2022-06-04,389906,False,,-7060.029433,96
5068,486624,7922.94,2022-06-22,617590,False,,-38644.179835,96
5069,486720,7924.13,2022-07-26,951461,False,,-17694.62624,96
5070,486816,7925.2,2022-08-03,293314,False,,-18561.943727,96
5071,486912,7926.42,2022-08-17,432581,False,,-28202.888589,96
5072,487008,7927.67,2022-09-07,989902,False,,-15052.249781,96
5073,487104,7928.76,2022-09-29,930680,False,,-35869.929579,96
5074,487200,7929.91,2022-10-12,493028,False,,-12989.225871,96
5075,487296,7931.18,2022-10-26,105103,False,,-24267.467122,96
5076,487392,7932.33,2022-11-23,767883,False,,-17163.367347,96
5077,487488,7933.6,2022-12-07,910222,False,,-19977.984093,96
5078,487584,7934.95,2022-12-17,325000,False,,-14783.476368,96
5079,487680,7936.27,2022-12-28,272650,False,,-13920.809657,96
5080,487776,7937.24,2022-01-24,980952,False,,-22203.723288,96
5081,487872,7938.17,2022-02-07,966949,False,,-22675.388385,96
5082,487968,7939.46,2022-02-21,833995,False,,-14902.750532,96
5083,488064,7940.75,2022-03-19,528129,False,,-18277.730481,96
5084,488160,7942.07,2022-04-13,5158,False,,-38153.281177,96
5085,488256,7943.35,2022-04-27,802822,False,,-13136.343728,96
5086,488352,7944.68,2022-05-09,933538,False,,-19944.712072,96
5087,488448,7945.97,2022-06-04,594957,False,,-10983.186082,96
5088,488544,7947.06,2022-06-22,942565,False,,-10221.502076,96
5089,488640,7948.29,2022-07-26,684242,False,,-36543.464419,96
5090,488736,7949.34,2022-08-03,791408,False,,-20643.357149,96
5091,488832,7950.51,2022-08-17,647682,False,,-34529.754508,96
5092,488928,7951.58,2022-09-07,152305,False,,-23503.743088,96
5093,489024,7952.95,2022-09-29,898330,False,,-19120.300785,96
5094,489120,7954.13,2022-10-12,108888,False,,-38096.936799,96
5095,489216,7955.41,2022-10-26,33790,False,,-14207.756781,96
5096,489312,7956.53,2022-11-23,276758,False,,-34580.378629,96
5097,489408,7957.88,2022-12-07,241704,False,,-14232.846822,96
5098,489504,7959.22,2022-12-17,20000,False,,-22121.021696,96
5099,489600,7960.52,2022-12-28,128137,False,,-16098.777924,96
5100,489696,7961.64,2022-01-24,92536,False,,-44159.253269,96
5101,489792,7962.63,2022-02-07,503171,False,,-16164.154286,96
5102,489888,7963.93,2022-02-21,137666,False,,-17653.025946,96
5103,489984,7965.24,2022-03-19,776855,False,,-19670.252853,96
5104,490080,7977.38,2022-04-13,40267,False,,-18205.563186,96
5105,490176,7978.61,2022-04-27,582825,False,,-17889.086342,96
5106,490272,7979.91,2022-05-09,351962,False,,-23185.331194,96
5107,490368,7981.17,2022-06-04,383679,False,,-14842.169142,96
5108,490464,7982.33,2022-06-22,442342,False,,-37141.301498,96
5109,490560,7983.55,2022-07-26,661463,False,,-21526.759641,96
5110,490656,7984.78,2022-08-03,524235,False,,-31676.093331,96
5111,490752,7986.22,2022-08-17,720190,False,,-22235.692188,96
5112,490848,7987.4,2022-09-07,761018,False,,-12953.089678,96
5113,490944,7988.52,2022-09-29,240112,False,,-28785.742858,96
5114,491040,7989.72,2022-10-12,66386,False,,-24424.468036,96
5115,491136,7991.15,2022-10-26,749174,False,,-28702.221925,96
5116,491232,7992.53,2022-11-23,984809,False,,-24437.912564,96
5117,491328,7993.71,2022-12-07,854562,False,,-25144.692889,96
5118,491424,7994.99,2022-12-17,154868,False,,-13353.889231,96
5119,491520,7996.4,2022-12-28,126688,False,,-16632.030804,96
5120,491616,7997.56,2022-01-24,914678,False,,-16296.673727,96
5121,491712,7998.83,2022-02-07,545785,False,,-17057.105723,96
5122,491808,8000.1,2022-02-21,530676,False,,-18020.244754,96
5123,491904,8001.44,2022-03-19,655401,False,,-16811.381307,96
5124,492000,8002.73,2022-04-13,691587,False,,-20296.193784,96
5125,492096,8003.81,2022-04-27,601503,False,,-24035.388312,96
5126,492192,8005.04,2022-05-09,507901,False,,-23655.317423,96
5127,492288,8006.38,2022-06-04,892075,False,,-13928.028845,96
5128,492384,8007.63,2022-06-22,129660,False,,-28992.505774,96
5129,492480,8008.77,2022-07-26,753047,False,,-35387.901083,96
5130,492576,8010.0,2022-08-03,661057,False,,-23712.96639,96
5131,492672,8011.38,2022-08-17,322746,False,,-20006.425225,96
5132,492768,8012.68,2022-09-07,659457,False,,-19556.302622,96
5133,492864,8013.78,2022-09-29,289703,False,,-19623.826263,96
5134,492960,8015.17,2022-10-12,238903,False,,-29387.30213,96
5135,493056,8016.35,2022-10-26,750333,False,,-20242.087328,96
5136,493152,8017.62,2022-11-23,470020,False,,-16486.591345,96
5137,493248,8018.91,2022-12-07,767817,False,,-28879.673387,96
5138,493344,8020.09,2022-12-17,91864,False,,-37785.439579,96
5139,493440,8021.38,2022-12-28,240382,False,,-25631.728147,96
5140,493536,8022.57,2022-01-24,905494,False,,-18855.959488,96
5141,493632,8023.87,2022-02-07,33973,False,,-20566.038644,96
5142,493728,8025.11,2022-02-21,725059,False,,-18537.438313,96
5143,493824,8026.29,2022-03-19,169920,False,,-22030.342741,96
5144,493920,8027.6,2022-04-13,758749,False,,-36973.624493,96
5145,494016,8028.87,2022-04-27,609796,False,,-19944.301939,96
5146,494112,8030.01,2022-05-09,315284,False,,-13249.705713,96
5147,494208,8031.13,2022-06-04,205699,False,,-28227.450197,96
5148,494304,8032.31,2022-06-22,217621,False,,-48828.23285,96
5149,494400,8033.47,2022-07-26,778782,False,,-17344.644658,96
5150,494496,8034.52,2022-08-03,622767,False,,-24902.031037,96
5151,494592,8035.82,2022-08-17,678803,False,,-12918.790417,96
5152,494688,8037.03,2022-09-07,712758,False,,-18846.145104,96
5153,494784,8038.05,2022-09-29,288986,False,,-20745.852318,96
5154,494880,8039.27,2022-10-12,725060,False,,-16147.459389,96
5155,494976,8040.38,2022-10-26,16315,False,,-26840.770512,96
5156,495072,8041.6,2022-11-23,6457,False,,-24535.299012,96
5157,495168,8042.96,2022-12-07,657104,False,,-28443.127198,96
5158,495264,8044.27,2022-12-17,327099,False,,-19480.881226,96
5159,495360,8045.54,2022-12-28,295484,False,,-19700.017753,96
5160,495456,8046.77,2022-01-24,572128,False,,-29518.365028,96
5161,495552,8047.92,2022-02-07,74412,False,,-37864.217195,96
5162,495648,8049.12,2022-02-21,366757,False,,-28228.717042,96
5163,495744,8050.29,2022-03-19,852903,False,,-20005.055792,96
5164,495840,8051.7,2022-04-13,401858,False,,-16891.012806,96
5165,495936,8052.85,2022-04-27,594232,False,,-37613.673239,96
5166,496032,8054.01,2022-05-09,571988,False,,-14560.051224,96
5167,496128,8055.3,2022-06-04,105106,False,,-37524.484511,96
5168,496224,8056.55,2022-06-22,967220,False,,-28935.739231,96
5169,496320,8057.68,2022-07-26,956627,False,,-7333.950766,96
5170,496416,8059.02,2022-08-03,716798,False,,-13650.88298,96
5171,496512,8060.3,2022-08-17,491119,False,,-19740.390743,96
5172,496608,8061.57,2022-09-07,324731,False,,-22212.338113,96
5173,496704,8062.72,2022-09-29,738260,False,,-19699.386288,96
5174,496800,8063.92,2022-10-12,548959,False,,-11684.096394,96
5175,496896,8065.07,2022-10-26,853591,False,,-22129.654616,96
5176,496992,8066.44,2022-11-23,188995,False,,-22508.292974,96
5177,497088,8067.66,2022-12-07,303928,False,,-34433.719965,96
5178,497184,8068.86,2022-12-17,352055,False,,-20945.702641,96
5179,497280,8069.98,2022-12-28,532241,False,,-16929.38606,96
5180,497376,8071.21,2022-01-24,542004,False,,-16059.494951,96
5181,497472,8072.21,2022-02-07,268191,False,,-32467.744232,96
5182,497568,8073.53,2022-02-21,24498,False,,-13406.590631,96
5183,497664,8074.77,2022-03-19,371373,False,,-11438.688338,96
5184,497760,8075.83,2022-04-13,94351,False,,-41715.096428,96
5185,497856,8077.07,2022-04-27,841753,False,,-32235.400553,96
5186,497952,8078.16,2022-05-09,198612,False,,-24552.947078,96
5187,498048,8079.41,2022-06-04,864578,False,,-30281.712949,96
5188,498144,8080.62,2022-06-22,731640,False,,-30536.382105,96
5189,498240,8081.88,2022-07-26,321218,False,,-22140.161603,96
5190,498336,8083.05,2022-08-03,826032,False,,-41449.243611,96
5191,498432,8084.43,2022-08-17,45352,False,,-38583.03541,96
5192,498528,8085.64,2022-09-07,906864,False,,-14495.41279,96
5193,498624,8086.78,2022-09-29,930834,False,,-17318.608047,96
5194,498720,8088.0,2022-10-12,506617,False,,-43536.67155,96
5195,498816,8089.24,2022-10-26,518962,False,,-23280.830686,96
5196,498912,8090.45,2022-11-23,554446,False,,-25494.860435,96
5197,499008,8091.55,2022-12-07,486497,False,,-23114.15125,96
5198,499104,8092.92,2022-12-17,302490,False,,-37745.790517,96
5199,499200,8094.11,2022-12-28,901814,False,,-35640.458613,96
5200,499296,8095.22,2022-01-24,483966,False,,-31582.854669,96
5201,499392,8096.51,2022-02-07,849678,False,,-20244.509102,96
5202,499488,8097.8,2022-02-21,132219,False,,-25308.992693,96
5203,499584,8099.14,2022-03-19,837271,False,,-25069.487277,96
5204,499680,8100.46,2022-04-13,999685,False,,-13165.899494,96
5205,499776,8101.92,2022-04-27,63371,False,,-22082.54447,96
5206,499872,8103.25,2022-05-09,482451,False,,-15951.27779,96
5207,499968,8104.35,2022-06-04,628438,False,,-13861.619046,96
5208,500064,8116.61,2022-06-22,785011,False,,-24452.359988,96
5209,500160,8117.8,2022-07-26,25196,False,,-11608.401557,96
5210,500256,8118.92,2022-08-03,867943,False,,-16364.759508,96
5211,500352,8120.03,2022-08-17,503604,False,,-17807.54566,96
5212,500448,8121.29,2022-09-07,792932,False,,-27064.630561,96
5213,500544,8122.41,2022-09-29,525553,False,,-19441.892986,96
5214,500640,8123.6,2022-10-12,170122,False,,-36765.781682,96
5215,500736,8124.8,2022-10-26,590862,False,,-23793.951601,96
5216,500832,8126.0,2022-11-23,371512,False,,-28431.512529,96
5217,500928,8127.15,2022-12-07,39912,False,,-29773.573408,96
5218,501024,8128.25,2022-12-17,967458,False,,-20649.613363,96
5219,501120,8129.56,2022-12-28,726514,False,,-22506.437556,96
5220,501216,8130.78,2022-01-24,759715,False,,-16732.173996,96
5221,501312,8131.96,2022-02-07,403692,False,,-14196.821356,96
5222,501408,8133.27,2022-02-21,689849,False,,-16805.200773,96
5223,501504,8134.52,2022-03-19,728357,False,,-15474.927536,96
5224,501600,8135.83,2022-04-13,210208,False,,-26285.881269,96
5225,501696,8137.19,2022-04-27,937320,False,,-25002.692052,96
5226,501792,8138.43,2022-05-09,246479,False,,-24498.062413,96
5227,501888,8139.63,2022-06-04,858561,False,,-17026.942887,96
5228,501984,8140.85,2022-06-22,108755,False,,-16448.470335,96
5229,502080,8141.98,2022-07-26,678535,False,,-14023.285339,96
5230,502176,8142.95,2022-08-03,812438,False,,-31843.619899,96
5231,502272,8144.37,2022-08-17,504223,False,,-20346.797809,96
5232,502368,8145.42,2022-09-07,938924,False,,-10548.869526,96
5233,502464,8146.84,2022-09-29,282098,False,,-33119.307049,96
5234,502560,8147.91,2022-10-12,406400,False,,-23482.637942,96
5235,502656,8149.14,2022-10-26,787610,False,,-31206.434091,96
5236,502752,8150.33,2022-11-23,561504,False,,-26873.26625,96
5237,502848,8151.59,2022-12-07,931175,False,,-18777.845907,96
5238,502944,8152.7,2022-12-17,895920,False,,-23876.205445,96
5239,503040,8153.69,2022-12-28,29663,False,,-14492.039481,96
5240,503136,8154.92,2022-01-24,322430,False,,-37356.012049,96
5241,503232,8156.23,2022-02-07,619264,False,,-18847.746949,96
5242,503328,8157.28,2022-02-21,143129,False,,-28113.475389,96
5243,503424,8158.49,2022-03-19,935933,False,,-38079.446614,96
5244,503520,8159.87,2022-04-13,510487,False,,-33776.065884,96
5245,503616,8160.97,2022-04-27,753477,False,,-11754.375152,96
5246,503712,8161.92,2022-05-09,70454,False,,-15069.230538,96
5247,503808,8163.05,2022-06-04,680903,False,,-13211.051894,96
5248,503904,8164.41,2022-06-22,622447,False,,-36967.342228,96
5249,504000,8165.69,2022-07-26,137383,False,,-44678.604729,96
5250,504096,8166.8,2022-08-03,458513,False,,-36414.113025,96
5251,504192,8168.11,2022-08-17,490949,False,,-37401.660168,96
5252,504288,8169.27,2022-09-07,603853,False,,-13647.682122,96
5253,504384,8170.43,2022-09-29,772956,False,,-22334.901247,96
5254,504480,8171.51,2022-10-12,702165,False,,-30581.067273,96
5255,504576,8172.72,2022-10-26,818759,False,,-41145.473244,96
5256,504672,8173.78,2022-11-23,120956,False,,-19609.707435,96
5257,504768,8174.92,2022-12-07,141168,False,,-27017.154706,96
5258,504864,8176.0,2022-12-17,600903,False,,-44980.719613,96
5259,504960,8177.25,2022-12-28,828041,False,,-22273.87864,96
5260,505056,8178.36,2022-01-24,581497,False,,-39667.801894,96
5261,505152,8179.73,2022-02-07,196189,False,,-14313.30545,96
5262,505248,8180.82,2022-02-21,406816,False,,-27335.000822,96
5263,505344,8181.97,2022-03-19,740642,False,,-20949.456583,96
5264,505440,8183.35,2022-04-13,184600,False,,-15905.378477,96
5265,505536,8184.55,2022-04-27,235102,False,,-15313.293992,96
5266,505632,8185.96,2022-05-09,811531,False,,-19689.083099,96
5267,505728,8187.35,2022-06-04,624669,False,,-9844.748106,96
5268,505824,8188.5,2022-06-22,304172,False,,-17456.055641,96
5269,505920,8189.72,2022-07-26,417641,False,,-23768.846838,96
5270,506016,8190.72,2022-08-03,453344,False,,-16905.391848,96
5271,506112,8191.79,2022-08-17,687001,False,,-17221.816753,96
5272,506208,8193.14,2022-09-07,208370,False,,-8818.9526,96
5273,506304,8194.58,2022-09-29,454825,False,,-18739.780244,96
5274,506400,8195.92,2022-10-12,632300,False,,-16398.046457,96
5275,506496,8197.2,2022-10-26,473063,False,,-36903.13816,96
5276,506592,8198.63,2022-11-23,540537,False,,-20947.904034,96
5277,506688,8199.92,2022-12-07,991431,False,,-16465.82983,96
5278,506784,8201.09,2022-12-17,953019,False,,-14203.033652,96
5279,506880,8202.36,2022-12-28,37442,False,,-35150.560672,96
5280,506976,8203.62,2022-01-24,757305,False,,-26766.320099,96
5281,507072,8204.96,2022-02-07,417619,False,,-14741.618131,96
5282,507168,8206.1,2022-02-21,637521,False,,-22186.475973,96
5283,507264,8207.35,2022-03-19,170393,False,,-22415.77923,96
5284,507360,8208.67,2022-04-13,809045,False,,-51878.237513,96
5285,507456,8209.95,2022-04-27,226620,False,,-18106.570139,96
5286,507552,8211.06,2022-05-09,690472,False,,-18553.536006,96
5287,507648,8212.13,2022-06-04,666539,False,,-17753.043677,96
5288,507744,8213.3,2022-06-22,65496,False,,-22712.748308,96
5289,507840,8214.66,2022-07-26,434200,False,,-21341.481636,96
5290,507936,8216.18,2022-08-03,295513,False,,-11438.844524,96
5291,508032,8217.5,2022-08-17,275305,False,,-18279.080563,96
5292,508128,8218.88,2022-09-07,661628,False,,-18521.87865,96
5293,508224,8220.25,2022-09-29,476666,False,,-21678.224891,96
5294,508320,8221.63,2022-10-12,573927,False,,-26763.087141,96
5295,508416,8222.69,2022-10-26,716837,False,,-16647.131956,96
5296,508512,8223.79,2022-11-23,446023,False,,-20521.432833,96
5297,508608,8224.94,2022-12-07,486903,False,,-9925.848277,96
5298,508704,8226.36,2022-12-17,2979,False,,-20603.526642,96
5299,508800,8227.68,2022-12-28,534415,False,,-25989.907885,96
5300,508896,8228.81,2022-01-24,105007,False,,-22388.253833,96
5301,508992,8230.2,2022-02-07,650604,False,,-28956.95702,96
5302,509088,8231.48,2022-02-21,187152,False,,-13015.837134,96
5303,509184,8232.93,2022-03-19,75704,False,,-32043.136075,96
5304,509280,8234.17,2022-04-13,349394,False,,-26536.216646,96
5305,509376,8235.57,2022-04-27,84158,False,,-19944.633311,96
5306,509472,8236.57,2022-05-09,125364,False,,-23534.422465,96
5307,509568,8237.69,2022-06-04,317801,False,,-21161.921253,96
5308,509664,8239.08,2022-06-22,501273,False,,-18092.244547,96
5309,509760,8240.4,2022-07-26,671087,False,,-18266.329254,96
5310,509856,8241.61,2022-08-03,80703,False,,-19250.925117,96
5311,509952,8242.98,2022-08-17,526498,False,,-9782.446615,96
5312,510048,8255.12,2022-09-07,408144,False,,-21597.668682,96
5313,510144,8256.24,2022-09-29,428015,False,,-36662.608414,96
5314,510240,8257.39,2022-10-12,146665,False,,-43857.038074,96
5315,510336,8258.43,2022-10-26,818403,False,,-21251.662412,96
5316,510432,8259.62,2022-11-23,765297,False,,-25199.438709,96
5317,510528,8261.21,2022-12-07,476633,False,,-16572.590151,96
5318,510624,8262.25,2022-12-17,858698,False,,-28281.47279,96
5319,510720,8263.43,2022-12-28,200970,False,,-19757.201755,96
5320,510816,8264.63,2022-01-24,302492,False,,-21096.268708,96
5321,510912,8265.87,2022-02-07,50888,False,,-23654.045552,96
5322,511008,8267.03,2022-02-21,539828,False,,-23271.857362,96
5323,511104,8268.34,2022-03-19,469797,False,,-18858.262441,96
5324,511200,8269.6,2022-04-13,170424,False,,-24189.656688,96
5325,511296,8270.69,2022-04-27,371673,False,,-25119.884805,96
5326,511392,8271.98,2022-05-09,962964,False,,-24474.706196,96
5327,511488,8273.21,2022-06-04,591649,False,,-19090.200961,96
5328,511584,8274.55,2022-06-22,860992,False,,-16572.548579,96
5329,511680,8275.78,2022-07-26,7796,False,,-37216.676888,96
5330,511776,8277.01,2022-08-03,269878,False,,-20846.603368,96
5331,511872,8277.95,2022-08-17,500699,False,,-30387.306968,96
5332,511968,8279.25,2022-09-07,728971,False,,-18117.238163,96
5333,512064,8280.56,2022-09-29,73502,False,,-49630.545322,96
5334,512160,8281.8,2022-10-12,704775,False,,-14871.005449,96
5335,512256,8283.19,2022-10-26,693574,False,,-16679.930848,96
5336,512352,8284.51,2022-11-23,700554,False,,-20961.386528,96
5337,512448,8285.74,2022-12-07,50917,False,,-20955.70349,96
5338,512544,8286.89,2022-12-17,606208,False,,-33105.097759,96
5339,512640,8288.16,2022-12-28,692253,False,,-31831.312929,96
5340,512736,8289.56,2022-01-24,407068,False,,-10745.586488,96
5341,512832,8290.82,2022-02-07,124942,False,,-35868.671145,96
5342,512928,8291.86,2022-02-21,212093,False,,-18882.132419,96
5343,513024,8293.12,2022-03-19,944207,False,,-25710.249777,96
5344,513120,8294.32,2022-04-13,52730,False,,-16494.154197,96
5345,513216,8295.44,2022-04-27,959902,False,,-29957.993387,96
5346,513312,8296.75,2022-05-09,829912,False,,-19845.744275,96
5347,513408,8297.97,2022-06-04,784419,False,,-14182.476265,96
5348,513504,8299.07,2022-06-22,26727,False,,-16069.836809,96
5349,513600,8300.11,2022-07-26,675271,False,,-13314.538303,96
5350,513696,8301.41,2022-08-03,877110,False,,-26533.924047,96
5351,513792,8302.64,2022-08-17,402774,False,,-24799.03375,96
5352,513888,8303.82,2022-09-07,540533,False,,-13619.382642,96
5353,513984,8305.13,2022-09-29,839121,False,,-14445.081007,96
5354,514080,8306.25,2022-10-12,507750,False,,-30283.035411,96
5355,514176,8307.43,2022-10-26,607468,False,,-25655.105009,96
5356,514272,8308.66,2022-11-23,628847,False,,-54847.365068,96
5357,514368,8309.9,2022-12-07,441095,False,,-18592.433213,96
5358,514464,8311.1,2022-12-17,558435,False,,-15391.606837,96
5359,514560,8312.32,2022-12-28,482681,False,,-33622.298552,96
5360,514656,8313.77,2022-01-24,731855,False,,-34908.621053,96
5361,514752,8315.07,2022-02-07,691500,False,,-20420.313012,96
5362,514848,8316.31,2022-02-21,774120,False,,-32122.4909,96
5363,514944,8317.45,2022-03-19,379500,False,,-10326.979721,96
5364,515040,8318.74,2022-04-13,312001,False,,-33107.023034,96
5365,515136,8320.08,2022-04-27,767249,False,,-42519.531205,96
5366,515232,8321.22,2022-05-09,423288,False,,-39234.883082,96
5367,515328,8322.43,2022-06-04,429821,False,,-16018.194354,96
5368,515424,8323.7,2022-06-22,899933,False,,-25705.582198,96
5369,515520,8324.83,2022-07-26,361009,False,,-10836.148937,96
5370,515616,8325.97,2022-08-03,546019,False,,-15222.347818,96
5371,515712,8327.22,2022-08-17,23663,False,,-14714.709415,96
5372,515808,8328.5,2022-09-07,507021,False,,-10289.106945,96
5373,515904,8329.79,2022-09-29,262167,False,,-22514.591647,96
5374,516000,8331.07,2022-10-12,689926,False,,-22069.365125,96
5375,516096,8332.51,2022-10-26,19713,False,,-17864.691932,96
5376,516192,8333.81,2022-11-23,67053,False,,-18097.538892,96
5377,516288,8334.92,2022-12-07,877787,False,,-41465.589618,96
5378,516384,8336.19,2022-12-17,243205,False,,-19987.478609,96
5379,516480,8337.32,2022-12-28,173597,False,,-16394.875303,96
5380,516576,8338.4,2022-01-24,639666,False,,-35855.229698,96
5381,516672,8339.65,2022-02-07,425784,False,,-21281.739429,96
5382,516768,8340.97,2022-02-21,15340,False,,-20940.118305,96
5383,516864,8342.43,2022-03-19,482933,False,,-25484.958516,96
5384,516960,8343.67,2022-04-13,201676,False,,-28779.268425,96
5385,517056,8344.67,2022-04-27,378718,False,,-30156.471931,96
5386,517152,8345.93,2022-05-09,700289,False,,-16113.631212,96
5387,517248,8347.18,2022-06-04,596333,False,,-12846.484278,96
5388,517344,8348.55,2022-06-22,2864,False,,-22589.375741,96
5389,517440,8349.73,2022-07-26,441068,False,,-19657.188612,96
5390,517536,8351.04,2022-08-03,540996,False,,-27583.976056,96
5391,517632,8352.42,2022-08-17,648320,False,,-21138.688542,96
5392,517728,8353.48,2022-09-07,884441,False,,-27946.358959,96
5393,517824,8354.81,2022-09-29,831457,False,,-20649.467778,96
5394,517920,8356.02,2022-10-12,624287,False,,-20393.180512,96
5395,518016,8357.29,2022-10-26,136818,False,,-19077.434382,96
5396,518112,8358.49,2022-11-23,383333,False,,-22394.033947,96
5397,518208,8359.63,2022-12-07,896965,False,,-16931.554786,96
5398,518304,8360.82,2022-12-17,520607,False,,-18890.006639,96
5399,518400,8362.2,2022-12-28,700529,False,,-23250.35741,96
5400,518496,8363.52,2022-01-24,318299,False,,-31210.779067,96
5401,518592,8364.55,2022-02-07,995333,False,,-20814.592691,96
5402,518688,8365.72,2022-02-21,185163,False,,-40373.280329,96
5403,518784,8366.83,2022-03-19,904906,False,,-7638.143587,96
5404,518880,8367.97,2022-04-13,350730,False,,-14967.755072,96
5405,518976,8369.27,2022-04-27,473708,False,,-36380.225262,96
5406,519072,8370.58,2022-05-09,498637,False,,-16879.130512,96
5407,519168,8371.65,2022-06-04,432908,False,,-26321.627583,96
5408,519264,8372.69,2022-06-22,503916,False,,-16540.772947,96
5409,519360,8373.9,2022-07-26,72118,False,,-29280.918989,96
5410,519456,8375.15,2022-08-03,641929,False,,-14503.332233,96
5411,519552,8376.14,2022-08-17,718471,False,,-22881.113262,96
5412,519648,8377.29,2022-09-07,241085,False,,-37138.482017,96
5413,519744,8378.39,2022-09-29,832538,False,,-16096.911973,96
5414,519840,8379.53,2022-10-12,833612,False,,-28426.216779,96
5415,519936,8380.53,2022-10-26,651619,False,,-17689.303527,96
5416,520032,8392.11,2022-11-23,704204,False,,-42801.968622,96
5417,520128,8393.45,2022-12-07,643101,False,,-28133.509016,96
5418,520224,8394.7,2022-12-17,196907,False,,-29529.803569,96
5419,520320,8395.97,2022-12-28,318633,False,,-14079.017009,96
5420,520416,8397.03,2022-01-24,990146,False,,-21916.975767,96
5421,520512,8398.2,2022-02-07,40648,False,,-19941.088065,96
5422,520608,8399.42,2022-02-21,562412,False,,-22450.519218,96
5423,520704,8400.82,2022-03-19,132379,False,,-19782.8901,96
5424,520800,8402.27,2022-04-13,757770,False,,-29268.597419,96
5425,520896,8403.37,2022-04-27,61168,False,,-25671.048611,96
5426,520992,8404.63,2022-05-09,202261,False,,-14074.061421,96
5427,521088,8405.77,2022-06-04,662580,False,,-19152.898913,96
5428,521184,8406.94,2022-06-22,708879,False,,-17159.028175,96
5429,521280,8408.04,2022-07-26,845376,False,,-20153.247927,96
5430,521376,8409.24,2022-08-03,664217,False,,-20986.340448,96
5431,521472,8410.39,2022-08-17,69841,False,,-20595.969994,96
5432,521568,8411.56,2022-09-07,422200,False,,-13453.519896,96
5433,521664,8412.88,2022-09-29,790793,False,,-27918.482674,96
5434,521760,8413.97,2022-10-12,700026,False,,-21056.4548,96
5435,521856,8415.11,2022-10-26,655560,False,,-24078.521135,96
5436,521952,8416.37,2022-11-23,296933,False,,-16338.911871,96
5437,522048,8417.57,2022-12-07,564259,False,,-13685.593699,96
5438,522144,8418.78,2022-12-17,452832,False,,-17124.128653,96
5439,522240,8420.0,2022-12-28,402461,False,,-21207.325388,96
5440,522336,8421.33,2022-01-24,447906,False,,-27937.041013,96
5441,522432,8422.61,2022-02-07,493672,False,,-16273.682845,96
5442,522528,8423.77,2022-02-21,675512,False,,-21344.758949,96
5443,522624,8424.85,2022-03-19,530059,False,,-20887.292582,96
5444,522720,8426.15,2022-04-13,481062,False,,-17758.79828,96
5445,522816,8427.54,2022-04-27,950133,False,,-38168.646936,96
5446,522912,8428.67,2022-05-09,592526,False,,-23366.799745,96
5447,523008,8429.8,2022-06-04,250187,False,,-14474.133292,96
5448,523104,8431.15,2022-06-22,941948,False,,-49060.465008,96
5449,523200,8432.37,2022-07-26,707321,False,,-21268.609117,96
5450,523296,8433.54,2022-08-03,931255,False,,-27326.992795,96
5451,523392,8434.71,2022-08-17,745524,False,,-17043.047909,96
5452,523488,8435.84,2022-09-07,641284,False,,-29930.296243,96
5453,523584,8437.15,2022-09-29,684669,False,,-29414.378155,96
5454,523680,8438.52,2022-10-12,555862,False,,-27804.395465,96
5455,523776,8439.73,2022-10-26,634968,False,,-37785.8292,96
5456,523872,8440.98,2022-11-23,736295,False,,-19613.943758,96
5457,523968,8442.25,2022-12-07,864948,False,,-19129.418378,96
5458,524064,8443.61,2022-12-17,88456,False,,-19160.467301,96
5459,524160,8444.91,2022-12-28,542131,False,,-21501.685998,96
5460,524256,8446.21,2022-01-24,673308,False,,-33080.725048,96
5461,524352,8447.28,2022-02-07,25041,False,,-14723.240979,96
5462,524448,8448.51,2022-02-21,348134,False,,-17681.227889,96
5463,524544,8449.9,2022-03-19,631536,False,,-29569.290707,96
5464,524640,8451.22,2022-04-13,632139,False,,-36334.591661,96
5465,524736,8452.53,2022-04-27,469757,False,,-25107.668131,96
5466,524832,8453.55,2022-05-09,632856,False,,-17320.756935,96
5467,524928,8454.66,2022-06-04,744779,False,,-21519.224577,96
5468,525024,8456.02,2022-06-22,422601,False,,-27437.286466,96
5469,525120,8457.27,2022-07-26,626106,False,,-17073.880043,96
5470,525216,8458.45,2022-08-03,943123,False,,-39366.692429,96
5471,525312,8459.59,2022-08-17,721304,False,,-27235.890755,96
5472,525408,8460.69,2022-09-07,720000,False,,-42160.954737,96
5473,525504,8462.07,2022-09-29,655163,False,,-37003.74471,96
5474,525600,8463.24,2022-10-12,924975,False,,-20415.34523,96
5475,525696,8464.38,2022-10-26,265604,False,,-22098.582877,96
5476,525792,8465.47,2022-11-23,318971,False,,-18127.098491,96
5477,525888,8466.67,2022-12-07,368409,False,,-22891.326928,96
5478,525984,8467.84,2022-12-17,701479,False,,-18583.930029,96
5479,526080,8469.21,2022-12-28,504998,False,,-26094.608343,96
5480,526176,8470.42,2022-01-24,978217,False,,-31516.670603,96
5481,526272,8471.69,2022-02-07,576951,False,,-19483.140373,96
5482,526368,8472.94,2022-02-21,308240,False,,-38719.159823,96
5483,526464,8474.09,2022-03-19,89941,False,,-13719.737654,96
5484,526560,8475.3,2022-04-13,600052,False,,-16179.238045,96
5485,526656,8476.6,2022-04-27,6305,False,,-15509.895589,96
5486,526752,8477.8,2022-05-09,404185,False,,-25671.233794,96
5487,526848,8479.14,2022-06-04,983277,False,,-31143.253392,96
5488,526944,8480.31,2022-06-22,506920,False,,-15614.629771,96
5489,527040,8481.71,2022-07-26,21209,False,,-37238.12831,96
5490,527136,8482.95,2022-08-03,923622,False,,-6085.997362,96
5491,527232,8483.97,2022-08-17,878732,False,,-20007.830421,96
5492,527328,8485.15,2022-09-07,886064,False,,-25377.3134,96
5493,527424,8486.35,2022-09-29,808792,False,,-36795.958557,96
5494,527520,8487.61,2022-10-12,435215,False,,-36440.062862,96
5495,527616,8488.95,2022-10-26,55264,False,,-18560.452163,96
5496,527712,8489.98,2022-11-23,152163,False,,-36589.215166,96
5497,527808,8491.23,2022-12-07,42938,False,,-19561.533217,96
5498,527904,8492.35,2022-12-17,185475,False,,-18197.447274,96
5499,528000,8493.56,2022-12-28,249313,False,,-26074.214905,96
5500,528096,8494.94,2022-01-24,528345,False,,-20317.312573,96
5501,528192,8496.13,2022-02-07,775392,False,,-24129.405115,96
5502,528288,8497.46,2022-02-21,599877,False,,-15138.486015,96
5503,528384,8498.82,2022-03-19,840235,False,,-21027.199739,96
5504,528480,8499.93,2022-04-13,809682,False,,-26225.950892,96
5505,528576,8501.18,2022-04-27,531836,False,,-25280.726475,96
5506,528672,8502.41,2022-05-09,823454,False,,-20002.080986,96
5507,528768,8503.8,2022-06-04,172013,False,,-17508.977035,96
5508,528864,8505.12,2022-06-22,179284,False,,-38557.977484,96
5509,528960,8506.24,2022-07-26,633673,False,,-10869.282204,96
5510,529056,8507.34,2022-08-03,769590,False,,-39855.38108,96
5511,529152,8508.7,2022-08-17,988605,False,,-29063.256055,96
5512,529248,8509.86,2022-09-07,964702,False,,-19918.972753,96
5513,529344,8510.94,2022-09-29,444104,False,,-22774.499954,96
5514,529440,8512.0,2022-10-12,107015,False,,-17783.661725,96
5515,529536,8513.39,2022-10-26,534220,False,,-15154.496919,96
5516,529632,8514.54,2022-11-23,804980,False,,-15576.192276,96
5517,529728,8515.59,2022-12-07,208193,False,,-18998.140868,96
5518,529824,8516.9,2022-12-17,178552,False,,-26610.274663,96
5519,529920,8518.12,2022-12-28,137132,False,,-30520.59407,96
5520,530016,8530.05,2022-01-24,975484,False,,-26770.136584,96
5521,530112,8531.24,2022-02-07,225222,False,,-25994.071018,96
5522,530208,8532.69,2022-02-21,333386,False,,-20667.982543,96
5523,530304,8533.84,2022-03-19,599769,False,,-30905.639352,96
5524,530400,8535.08,2022-04-13,45961,False,,-14243.363664,96
5525,530496,8536.39,2022-04-27,813708,False,,-29595.662766,96
5526,530592,8537.68,2022-05-09,345518,False,,-15329.850498,96
5527,530688,8538.85,2022-06-04,140035,False,,-15749.709192,96
5528,530784,8540.22,2022-06-22,51799,False,,-55335.99984,96
5529,530880,8541.42,2022-07-26,672137,False,,-23363.172256,96
5530,530976,8542.6,2022-08-03,270592,False,,-20434.93775,96
5531,531072,8543.87,2022-08-17,441111,False,,-14468.439705,96
5532,531168,8545.17,2022-09-07,119492,False,,-25835.052095,96
5533,531264,8546.35,2022-09-29,630566,False,,-38379.971576,96
5534,531360,8547.58,2022-10-12,958086,False,,-32564.842441,96
5535,531456,8548.95,2022-10-26,68901,False,,-23782.489378,96
5536,531552,8550.18,2022-11-23,388875,False,,-28387.257641,96
5537,531648,8551.43,2022-12-07,503618,False,,-27680.972052,96
5538,531744,8552.84,2022-12-17,755824,False,,-41295.833716,96
5539,531840,8553.99,2022-12-28,116791,False,,-35596.820789,96
5540,531936,8555.16,2022-01-24,511916,False,,-36185.519149,96
5541,532032,8556.43,2022-02-07,278691,False,,-10956.016838,96
5542,532128,8557.73,2022-02-21,397120,False,,-24472.41735,96
5543,532224,8558.8,2022-03-19,753735,False,,-14477.94496,96
5544,532320,8560.08,2022-04-13,111508,False,,-22187.829863,96
5545,532416,8561.31,2022-04-27,634587,False,,-15785.832562,96
5546,532512,8562.38,2022-05-09,959075,False,,-18082.187101,96
5547,532608,8563.55,2022-06-04,66117,False,,-24766.971025,96
5548,532704,8564.82,2022-06-22,384634,False,,-16022.078562,96
5549,532800,8566.16,2022-07-26,337820,False,,-24076.032792,96
5550,532896,8567.4,2022-08-03,677846,False,,-26875.226843,96
5551,532992,8568.63,2022-08-17,911588,False,,-17224.097799,96
5552,533088,8569.9,2022-09-07,624169,False,,-24116.176811,96
5553,533184,8571.31,2022-09-29,253572,False,,-40212.379828,96
5554,533280,8572.55,2022-10-12,906265,False,,-35359.79864,96
5555,533376,8573.79,2022-10-26,253438,False,,-15929.74917,96
5556,533472,8575.17,2022-11-23,316860,False,,-22974.158587,96
5557,533568,8576.54,2022-12-07,695548,False,,-32933.557739,96
5558,533664,8577.75,2022-12-17,323167,False,,-18834.041167,96
5559,533760,8579.16,2022-12-28,100641,False,,-45046.011341,96
5560,533856,8580.36,2022-01-24,827738,False,,-25300.519131,96
5561,533952,8581.59,2022-02-07,465651,False,,-19095.240914,96
5562,534048,8582.85,2022-02-21,438494,False,,-22337.487457,96
5563,534144,8584.1,2022-03-19,143713,False,,-15744.571269,96
5564,534240,8585.3,2022-04-13,267412,False,,-16325.685454,96
5565,534336,8586.32,2022-04-27,13977,False,,-20852.654902,96
5566,534432,8587.42,2022-05-09,771871,False,,-21732.750848,96
5567,534528,8588.78,2022-06-04,11805,False,,-43683.391083,96
5568,534624,8590.04,2022-06-22,833691,False,,-21420.888456,96
5569,534720,8591.3,2022-07-26,330822,False,,-13345.893351,96
5570,534816,8592.5,2022-08-03,358660,False,,-25168.639744,96
5571,534912,8593.84,2022-08-17,389400,False,,-24403.095679,96
5572,535008,8594.95,2022-09-07,704845,False,,-16501.084517,96
5573,535104,8596.2,2022-09-29,967045,False,,-13941.706074,96
5574,535200,8597.53,2022-10-12,520180,False,,-10851.968998,96
5575,535296,8598.65,2022-10-26,775439,False,,-21734.322987,96
5576,535392,8599.89,2022-11-23,174111,False,,-17401.518889,96
5577,535488,8601.18,2022-12-07,65670,False,,-9296.058153,96
5578,535584,8602.4,2022-12-17,74785,False,,-20172.934829,96
5579,535680,8603.66,2022-12-28,124674,False,,-12939.294587,96
5580,535776,8604.87,2022-01-24,827845,False,,-19658.511538,96
5581,535872,8606.3,2022-02-07,599012,False,,-17883.164584,96
5582,535968,8607.41,2022-02-21,74672,False,,-19879.424815,96
5583,536064,8608.72,2022-03-19,43202,False,,-40405.81033,96
5584,536160,8609.93,2022-04-13,204945,False,,-40139.035806,96
5585,536256,8611.33,2022-04-27,819866,False,,-11721.748874,96
5586,536352,8612.63,2022-05-09,403724,False,,-13742.971921,96
5587,536448,8614.06,2022-06-04,690762,False,,-22427.668375,96
5588,536544,8615.32,2022-06-22,772463,False,,-24274.596495,96
5589,536640,8616.51,2022-07-26,40328,False,,-24822.19019,96
5590,536736,8617.63,2022-08-03,463889,False,,-28657.664511,96
5591,536832,8619.0,2022-08-17,548251,False,,-44244.071261,96
5592,536928,8620.22,2022-09-07,59524,False,,-32853.828784,96
5593,537024,8621.39,2022-09-29,977453,False,,-20293.077286,96
5594,537120,8622.74,2022-10-12,884221,False,,-17603.080146,96
5595,537216,8623.94,2022-10-26,613378,False,,-15091.727379,96
5596,537312,8625.09,2022-11-23,537209,False,,-23174.262056,96
5597,537408,8626.38,2022-12-07,388912,False,,-20047.47119,96
5598,537504,8627.58,2022-12-17,215486,False,,-23593.010685,96
5599,537600,8628.93,2022-12-28,481355,False,,-34673.942037,96
5600,537696,8630.26,2022-01-24,31706,False,,-13417.859517,96
5601,537792,8631.51,2022-02-07,597102,False,,-29754.167488,96
5602,537888,8632.88,2022-02-21,559443,False,,-20684.904818,96
5603,537984,8634.02,2022-03-19,539036,False,,-35199.088889,96
5604,538080,8635.21,2022-04-13,324105,False,,-16288.967964,96
5605,538176,8636.41,2022-04-27,912238,False,,-38630.118032,96
5606,538272,8637.55,2022-05-09,119622,False,,-23842.852379,96
5607,538368,8638.73,2022-06-04,715024,False,,-36877.178293,96
5608,538464,8640.07,2022-06-22,187642,False,,-36621.118187,96
5609,538560,8641.42,2022-07-26,448183,False,,-22786.131331,96
5610,538656,8642.67,2022-08-03,11933,False,,-22041.41451,96
5611,538752,8644.07,2022-08-17,277707,False,,-17932.390435,96
5612,538848,8645.36,2022-09-07,84756,False,,-25198.875119,96
5613,538944,8646.63,2022-09-29,801878,False,,-18350.563539,96
5614,539040,8647.9,2022-10-12,678804,False,,-27237.534445,96
5615,539136,8649.0,2022-10-26,482688,False,,-22664.418587,96
5616,539232,8650.16,2022-11-23,221495,False,,-27839.121956,96
5617,539328,8651.34,2022-12-07,507068,False,,-33010.946422,96
5618,539424,8652.66,2022-12-17,734692,False,,-15824.573775,96
5619,539520,8653.98,2022-12-28,91143,False,,-23298.661534,96
5620,539616,8655.2,2022-01-24,947331,False,,-24900.940831,96
5621,539712,8656.44,2022-02-07,353093,False,,-10725.124109,96
5622,539808,8657.54,2022-02-21,177885,False,,-23825.932427,96
5623,539904,8658.72,2022-03-19,666640,False,,-28877.986878,96
5624,540000,8659.92,2022-04-13,166331,False,,-24920.028743,96
5625,540096,8671.92,2022-04-27,89063,False,,-19239.873618,96
5626,540192,8673.07,2022-05-09,295598,False,,-16076.763826,96
5627,540288,8674.27,2022-06-04,101023,False,,-34276.112296,96
5628,540384,8675.54,2022-06-22,592379,False,,-24726.124403,96
5629,540480,8676.8,2022-07-26,743475,False,,-20313.154288,96
5630,540576,8677.97,2022-08-03,787688,False,,-14789.015391,96
5631,540672,8679.08,2022-08-17,140133,False,,-16592.619472,96
5632,540768,8680.3,2022-09-07,875045,False,,-26283.030399,96
5633,540864,8681.61,2022-09-29,732886,False,,-24871.782653,96
5634,540960,8682.86,2022-10-12,726587,False,,-16720.933406,96
5635,541056,8684.02,2022-10-26,660893,False,,-18990.467573,96
5636,541152,8685.37,2022-11-23,995350,False,,-13344.929045,96
5637,541248,8686.64,2022-12-07,844872,False,,-21769.816732,96
5638,541344,8687.72,2022-12-17,643795,False,,-35657.160991,96
5639,541440,8689.08,2022-12-28,599092,False,,-27394.797593,96
5640,541536,8690.38,2022-01-24,268004,False,,-13795.986018,96
5641,541632,8691.58,2022-02-07,105186,False,,-14875.370524,96
5642,541728,8692.71,2022-02-21,747270,False,,-21726.419097,96
5643,541824,8694.13,2022-03-19,314149,False,,-15340.791631,96
5644,541920,8695.38,2022-04-13,817281,False,,-22496.427306,96
5645,542016,8696.61,2022-04-27,632758,False,,-27081.337766,96
5646,542112,8697.86,2022-05-09,485546,False,,-23921.959895,96
5647,542208,8699.2,2022-06-04,616868,False,,-13582.707484,96
5648,542304,8700.49,2022-06-22,66984,False,,-31148.612644,96
5649,542400,8701.66,2022-07-26,634241,False,,-18438.661863,96
5650,542496,8702.85,2022-08-03,720058,False,,-21684.611851,96
5651,542592,8703.94,2022-08-17,530015,False,,-19362.692143,96
5652,542688,8705.16,2022-09-07,459442,False,,-27830.392124,96
5653,542784,8706.16,2022-09-29,15489,False,,-18966.370624,96
5654,542880,8707.3,2022-10-12,659744,False,,-19160.074514,96
5655,542976,8708.63,2022-10-26,441557,False,,-28731.663788,96
5656,543072,8709.85,2022-11-23,911028,False,,-50483.401529,96
5657,543168,8710.93,2022-12-07,187717,False,,-35139.610763,96
5658,543264,8712.01,2022-12-17,811340,False,,-31662.634445,96
5659,543360,8713.26,2022-12-28,948836,False,,-31751.245938,96
5660,543456,8714.27,2022-01-24,913539,False,,-25465.034889,96
5661,543552,8715.51,2022-02-07,816815,False,,-32313.393129,96
5662,543648,8716.83,2022-02-21,852406,False,,-27111.382992,96
5663,543744,8718.13,2022-03-19,698725,False,,-29773.784463,96
5664,543840,8719.16,2022-04-13,279917,False,,-30952.040335,96
5665,543936,8720.54,2022-04-27,456994,False,,-26402.39152,96
5666,544032,8721.97,2022-05-09,319694,False,,-39132.41729,96
5667,544128,8723.08,2022-06-04,862373,False,,-17382.562459,96
5668,544224,8724.26,2022-06-22,376016,False,,-45025.224488,96
5669,544320,8725.58,2022-07-26,375650,False,,-22108.157507,96
5670,544416,8726.84,2022-08-03,615379,False,,-22083.359898,96
5671,544512,8727.97,2022-08-17,444128,False,,-16150.182873,96
5672,544608,8729.33,2022-09-07,777122,False,,-14812.483068,96
5673,544704,8730.74,2022-09-29,508517,False,,-25746.127275,96
5674,544800,8731.85,2022-10-12,450411,False,,-23287.150018,96
5675,544896,8733.07,2022-10-26,594650,False,,-48112.494472,96
5676,544992,8734.64,2022-11-23,894415,False,,-28138.035767,96
5677,545088,8736.07,2022-12-07,844354,False,,-26202.795125,96
5678,545184,8737.37,2022-12-17,593554,False,,-14574.698765,96
5679,545280,8738.62,2022-12-28,781791,False,,-23020.619541,96
5680,545376,8739.91,2022-01-24,197041,False,,-15249.792309,96
5681,545472,8741.09,2022-02-07,143386,False,,-16520.320507,96
5682,545568,8742.52,2022-02-21,836885,False,,-44576.872361,96
5683,545664,8743.77,2022-03-19,887411,False,,-27460.026829,96
5684,545760,8744.9,2022-04-13,565273,False,,-12942.138496,96
5685,545856,8746.04,2022-04-27,643580,False,,-46728.507305,96
5686,545952,8747.41,2022-05-09,731894,False,,-27028.291257,96
5687,546048,8748.72,2022-06-04,810553,False,,-30449.489828,96
5688,546144,8750.04,2022-06-22,396240,False,,-19772.861706,96
5689,546240,8751.34,2022-07-26,4407,False,,-19564.613145,96
5690,546336,8752.43,2022-08-03,383389,False,,-16696.840863,96
5691,546432,8753.53,2022-08-17,759630,False,,-26400.811834,96
5692,546528,8754.69,2022-09-07,753064,False,,-13269.044386,96
5693,546624,8755.95,2022-09-29,731739,False,,-21192.822317,96
5694,546720,8757.14,2022-10-12,962074,False,,-12976.120285,96
5695,546816,8758.38,2022-10-26,921707,False,,-28150.083859,96
5696,546912,8759.36,2022-11-23,551311,False,,-36174.852708,96
5697,547008,8760.64,2022-12-07,935568,False,,-10135.805243,96
5698,547104,8761.9,2022-12-17,156425,False,,-21251.6876,96
5699,547200,8762.93,2022-12-28,9565,False,,-27861.803446,96
5700,547296,8764.33,2022-01-24,300613,False,,-23334.589914,96
5701,547392,8765.43,2022-02-07,215386,False,,-32877.295465,96
5702,547488,8766.57,2022-02-21,713321,False,,-11380.061627,96
5703,547584,8767.74,2022-03-19,461603,False,,-6169.080868,96
5704,547680,8769.08,2022-04-13,867071,False,,-22452.725893,96
5705,547776,8770.15,2022-04-27,55567,False,,-20883.467813,96
5706,547872,8771.39,2022-05-09,521078,False,,-49979.121407,96
5707,547968,8772.39,2022-06-04,592289,False,,-32589.148812,96
5708,548064,8773.75,2022-06-22,206681,False,,-19877.373837,96
5709,548160,8775.14,2022-07-26,576732,False,,-16586.829594,96
5710,548256,8776.51,2022-08-03,289338,False,,-17590.92299,96
5711,548352,8777.68,2022-08-17,817778,False,,-32833.783366,96
5712,548448,8778.89,2022-09-07,353297,False,,-36293.842853,96
5713,548544,8780.12,2022-09-29,289237,False,,-23191.454067,96
5714,548640,8781.32,2022-10-12,58349,False,,-22793.577967,96
5715,548736,8782.59,2022-10-26,400664,False,,-38051.110754,96
5716,548832,8783.75,2022-11-23,689553,False,,-21096.588762,96
5717,548928,8784.97,2022-12-07,827539,False,,-29806.582938,96
5718,549024,8786.21,2022-12-17,77144,False,,-25761.82212,96
5719,549120,8787.63,2022-12-28,700310,False,,-29685.229127,96
5720,549216,8788.89,2022-01-24,533372,False,,-17530.935559,96
5721,549312,8789.98,2022-02-07,553917,False,,-24482.672339,96
5722,549408,8791.15,2022-02-21,795510,False,,-33009.805753,96
5723,549504,8792.13,2022-03-19,22846,False,,-28346.044967,96
5724,549600,8793.27,2022-04-13,85262,False,,-12626.619009,96
5725,549696,8794.44,2022-04-27,340415,False,,-22569.089395,96
5726,549792,8795.62,2022-05-09,856830,False,,-19476.621759,96
5727,549888,8796.92,2022-06-04,190083,False,,-18140.565954,96
5728,549984,8798.22,2022-06-22,699148,False,,-14741.592494,96
5729,550080,8809.95,2022-07-26,652615,False,,-29533.793083,96
5730,550176,8811.33,2022-08-03,786963,False,,-24706.312534,96
5731,550272,8812.54,2022-08-17,64716,False,,-20555.119011,96
5732,550368,8813.91,2022-09-07,820696,False,,-29610.445146,96
5733,550464,8815.01,2022-09-29,685869,False,,-50376.779948,96
5734,550560,8816.11,2022-10-12,151160,False,,-22186.602538,96
5735,550656,8817.06,2022-10-26,337016,False,,-11910.803716,96
5736,550752,8818.3,2022-11-23,61431,False,,-34235.427492,96
5737,550848,8819.4,2022-12-07,208041,False,,-21086.063212,96
5738,550944,8820.74,2022-12-17,471055,False,,-22498.961241,96
5739,551040,8822.1,2022-12-28,776525,False,,-16957.956916,96
5740,551136,8823.19,2022-01-24,885749,False,,-21306.872386,96
5741,551232,8824.47,2022-02-07,345056,False,,-16265.480725,96
5742,551328,8825.58,2022-02-21,416574,False,,-25879.086661,96
5743,551424,8826.74,2022-03-19,358507,False,,-19214.875684,96
5744,551520,8827.89,2022-04-13,261144,False,,-38699.459433,96
5745,551616,8829.2,2022-04-27,351643,False,,-24699.008861,96
5746,551712,8830.51,2022-05-09,979550,False,,-24360.302242,96
5747,551808,8831.82,2022-06-04,815830,False,,-41064.028744,96
5748,551904,8833.21,2022-06-22,170227,False,,-30787.45729,96
5749,552000,8834.57,2022-07-26,857509,False,,-37470.694403,96
5750,552096,8835.57,2022-08-03,714756,False,,-13194.297656,96
5751,552192,8836.78,2022-08-17,473668,False,,-38624.134678,96
5752,552288,8838.1,2022-09-07,910725,False,,-14788.455089,96
5753,552384,8839.32,2022-09-29,556066,False,,-18496.764162,96
5754,552480,8840.41,2022-10-12,84353,False,,-19091.468203,96
5755,552576,8841.35,2022-10-26,846655,False,,-37542.21224,96
5756,552672,8842.49,2022-11-23,185218,False,,-13095.384146,96
5757,552768,8843.66,2022-12-07,952773,False,,-28441.80175,96
5758,552864,8844.86,2022-12-17,227446,False,,-13961.936167,96
5759,552960,8845.93,2022-12-28,256633,False,,-12154.989281,96
5760,553056,8847.15,2022-01-24,38777,False,,-19684.614886,96
5761,553152,8848.37,2022-02-07,643339,False,,-15233.292121,96
5762,553248,8849.56,2022-02-21,729615,False,,-19345.568272,96
5763,553344,8850.49,2022-03-19,482510,False,,-17248.708275,96
5764,553440,8851.72,2022-04-13,719232,False,,-17108.759774,96
5765,553536,8852.78,2022-04-27,376804,False,,-28386.431089,96
5766,553632,8853.91,2022-05-09,513084,False,,-7894.662094,96
5767,553728,8855.01,2022-06-04,454353,False,,-12170.166857,96
5768,553824,8856.43,2022-06-22,212531,False,,-16138.517167,96
5769,553920,8857.87,2022-07-26,613796,False,,-21071.894904,96
5770,554016,8859.26,2022-08-03,934939,False,,-33493.100673,96
5771,554112,8860.88,2022-08-17,753649,False,,-16047.131245,96
5772,554208,8862.16,2022-09-07,429971,False,,-17459.282923,96
5773,554304,8863.34,2022-09-29,936155,False,,-16049.828363,96
5774,554400,8864.72,2022-10-12,169470,False,,-28912.45415,96
5775,554496,8865.85,2022-10-26,28602,False,,-28295.513255,96
5776,554592,8867.11,2022-11-23,439300,False,,-28809.339833,96
5777,554688,8868.29,2022-12-07,235220,False,,-12746.927954,96
5778,554784,8869.61,2022-12-17,712478,False,,-26196.95075,96
5779,554880,8871.0,2022-12-28,357587,False,,-40567.231087,96
5780,554976,8872.14,2022-01-24,595426,False,,-18684.879496,96
5781,555072,8873.5,2022-02-07,232304,False,,-22450.750532,96
5782,555168,8874.61,2022-02-21,882272,False,,-30163.296641,96
5783,555264,8875.81,2022-03-19,619089,False,,-12702.868704,96
5784,555360,8877.02,2022-04-13,902427,False,,-14802.798925,96
5785,555456,8878.41,2022-04-27,802403,False,,-20601.72819,96
5786,555552,8879.68,2022-05-09,864232,False,,-21785.547296,96
5787,555648,8881.08,2022-06-04,866178,False,,-16914.589752,96
5788,555744,8882.22,2022-06-22,411409,False,,-16093.620443,96
5789,555840,8883.47,2022-07-26,496291,False,,-29237.451793,96
5790,555936,8884.81,2022-08-03,221422,False,,-21283.485929,96
5791,556032,8886.11,2022-08-17,25596,False,,-30922.590759,96
5792,556128,8887.55,2022-09-07,614189,False,,-20519.141035,96
5793,556224,8888.85,2022-09-29,842613,False,,-15344.009414,96
5794,556320,8890.04,2022-10-12,101810,False,,-28619.227073,96
5795,556416,8891.41,2022-10-26,473633,False,,-15123.116377,96
5796,556512,8892.66,2022-11-23,257991,False,,-28354.839528,96
5797,556608,8893.91,2022-12-07,597158,False,,-25010.846548,96
5798,556704,8894.92,2022-12-17,141578,False,,-16855.755249,96
5799,556800,8896.2,2022-12-28,457705,False,,-21721.395802,96
5800,556896,8897.43,2022-01-24,558764,False,,-25647.167164,96
5801,556992,8898.73,2022-02-07,459137,False,,-16191.185374,96
5802,557088,8900.07,2022-02-21,366292,False,,-22301.017413,96
5803,557184,8901.34,2022-03-19,618359,False,,-19664.97166,96
5804,557280,8902.67,2022-04-13,453477,False,,-28662.72863,96
5805,557376,8903.93,2022-04-27,532816,False,,-21465.536476,96
5806,557472,8905.18,2022-05-09,659725,False,,-14949.345933,96
5807,557568,8906.46,2022-06-04,303439,False,,-27891.185185,96
5808,557664,8907.6,2022-06-22,921893,False,,-31728.965486,96
5809,557760,8909.0,2022-07-26,699361,False,,-19247.173551,96
5810,557856,8910.13,2022-08-03,467859,False,,-17864.494067,96
5811,557952,8911.23,2022-08-17,999355,False,,-16181.79974,96
5812,558048,8912.31,2022-09-07,582968,False,,-18638.913185,96
5813,558144,8913.57,2022-09-29,513737,False,,-17045.292177,96
5814,558240,8915.01,2022-10-12,427783,False,,-27700.302812,96
5815,558336,8916.28,2022-10-26,668208,False,,-31262.119798,96
5816,558432,8917.78,2022-11-23,507918,False,,-31280.821666,96
5817,558528,8918.89,2022-12-07,191250,False,,-15181.334939,96
5818,558624,8920.2,2022-12-17,592207,False,,-23812.599003,96
5819,558720,8921.36,2022-12-28,957254,False,,-16279.270585,96
5820,558816,8922.58,2022-01-24,322512,False,,-24968.031002,96
5821,558912,8923.65,2022-02-07,138029,False,,-33790.569515,96
5822,559008,8924.9,2022-02-21,56884,False,,-23881.327411,96
5823,559104,8926.27,2022-03-19,885706,False,,-11409.265934,96
5824,559200,8927.67,2022-04-13,244431,False,,-23471.59767,96
5825,559296,8928.92,2022-04-27,817598,False,,-33369.95885,96
5826,559392,8930.25,2022-05-09,232074,False,,-13122.278826,96
5827,559488,8931.57,2022-06-04,257875,False,,-15866.83628,96
5828,559584,8932.69,2022-06-22,684275,False,,-26460.996188,96
5829,559680,8933.92,2022-07-26,511865,False,,-37667.429003,96
5830,559776,8934.92,2022-08-03,869197,False,,-22671.816799,96
5831,559872,8936.12,2022-08-17,286292,False,,-15668.793691,96
5832,559968,8937.36,2022-09-07,491882,False,,-35337.541839,96
5833,560064,8950.07,2022-09-29,77082,False,,-30450.266762,96
5834,560160,8951.46,2022-10-12,848418,False,,-20094.667315,96
5835,560256,8952.74,2022-10-26,416218,False,,-26691.569531,96
5836,560352,8954.06,2022-11-23,669244,False,,-20625.143126,96
5837,560448,8955.32,2022-12-07,737595,False,,-26805.232999,96
5838,560544,8956.61,2022-12-17,956762,False,,-18742.738112,96
5839,560640,8957.76,2022-12-28,818221,False,,-25034.961925,96
5840,560736,8958.98,2022-01-24,645520,False,,-19740.560706,96
5841,560832,8960.18,2022-02-07,823728,False,,-15577.662309,96
5842,560928,8961.4,2022-02-21,792388,False,,-17674.477907,96
5843,561024,8962.71,2022-03-19,373755,False,,-29046.490601,96
5844,561120,8963.75,2022-04-13,891290,False,,-26487.136118,96
5845,561216,8965.05,2022-04-27,250609,False,,-16998.63876,96
5846,561312,8966.19,2022-05-09,907792,False,,-25366.306768,96
5847,561408,8967.48,2022-06-04,920505,False,,-28846.842979,96
5848,561504,8968.78,2022-06-22,703843,False,,-15773.782986,96
5849,561600,8969.93,2022-07-26,930939,False,,-29247.753629,96
5850,561696,8971.14,2022-08-03,909136,False,,-23825.725321,96
5851,561792,8972.26,2022-08-17,457326,False,,-21803.776579,96
5852,561888,8973.44,2022-09-07,312683,False,,-16850.526741,96
5853,561984,8974.79,2022-09-29,569740,False,,-11156.21981,96
5854,562080,8976.16,2022-10-12,665664,False,,-33066.89716,96
5855,562176,8977.19,2022-10-26,659052,False,,-51216.442721,96
5856,562272,8978.5,2022-11-23,296030,False,,-36134.212263,96
5857,562368,8979.62,2022-12-07,568079,False,,-21409.348557,96
5858,562464,8981.07,2022-12-17,799089,False,,-20110.078729,96
5859,562560,8982.44,2022-12-28,923959,False,,-27036.038029,96
5860,562656,8983.63,2022-01-24,243397,False,,-17023.323144,96
5861,562752,8984.89,2022-02-07,598190,False,,-24593.753301,96
5862,562848,8986.21,2022-02-21,150503,False,,-17247.903366,96
5863,562944,8987.35,2022-03-19,493386,False,,-19983.084121,96
5864,563040,8988.47,2022-04-13,127173,False,,-45356.395369,96
5865,563136,8989.69,2022-04-27,891370,False,,-23158.326527,96
5866,563232,8991.02,2022-05-09,752689,False,,-47356.338388,96
5867,563328,8992.29,2022-06-04,687100,False,,-18150.493503,96
5868,563424,8993.49,2022-06-22,569386,False,,-27085.534968,96
5869,563520,8994.77,2022-07-26,709835,False,,-11992.481296,96
5870,563616,8996.03,2022-08-03,595770,False,,-14491.152697,96
5871,563712,8997.38,2022-08-17,814017,False,,-27294.475462,96
5872,563808,8998.73,2022-09-07,539134,False,,-35057.069346,96
5873,563904,8999.99,2022-09-29,36679,False,,-37312.315867,96
5874,564000,9001.36,2022-10-12,352730,False,,-18600.430204,96
5875,564096,9002.59,2022-10-26,302522,False,,-13306.069936,96
5876,564192,9003.67,2022-11-23,624042,False,,-21487.27662,96
5877,564288,9004.74,2022-12-07,103896,False,,-33511.462955,96
5878,564384,9005.84,2022-12-17,45862,False,,-27327.603176,96
5879,564480,9007.08,2022-12-28,18732,False,,-13697.414845,96
5880,564576,9008.14,2022-01-24,183517,False,,-24326.198566,96
5881,564672,9009.57,2022-02-07,911839,False,,-22083.091275,96
5882,564768,9010.95,2022-02-21,127548,False,,-31521.091287,96
5883,564864,9011.98,2022-03-19,31066,False,,-11749.825571,96
5884,564960,9013.31,2022-04-13,24678,False,,-24524.901851,96
5885,565056,9014.45,2022-04-27,98726,False,,-21347.322993,96
5886,565152,9015.71,2022-05-09,561809,False,,-20178.856819,96
5887,565248,9016.99,2022-06-04,942725,False,,-13285.507373,96
5888,565344,9018.19,2022-06-22,785566,False,,-26339.201063,96
5889,565440,9019.41,2022-07-26,337625,False,,-28431.4437,96
5890,565536,9020.51,2022-08-03,362051,False,,-60625.182339,96
5891,565632,9021.58,2022-08-17,54008,False,,-21633.435206,96
5892,565728,9022.74,2022-09-07,387377,False,,-25578.125803,96
5893,565824,9023.98,2022-09-29,822147,False,,-28362.757485,96
5894,565920,9025.34,2022-10-12,568429,False,,-14774.182718,96
5895,566016,9026.58,2022-10-26,118371,False,,-10378.049581,96
5896,566112,9027.95,2022-11-23,394347,False,,-13963.896334,96
5897,566208,9029.21,2022-12-07,371156,False,,-17786.675177,96
5898,566304,9030.64,2022-12-17,481763,False,,-27032.892648,96
5899,566400,9032.08,2022-12-28,870705,False,,-13860.335763,96
5900,566496,9033.36,2022-01-24,912616,False,,-39645.240578,96
5901,566592,9034.67,2022-02-07,756464,False,,-25938.148404,96
5902,566688,9036.04,2022-02-21,240111,False,,-16048.970771,96
5903,566784,9037.17,2022-03-19,367359,False,,-14856.863481,96
5904,566880,9038.55,2022-04-13,177307,False,,-21580.281489,96
5905,566976,9039.86,2022-04-27,537761,False,,-26663.934784,96
5906,567072,9041.23,2022-05-09,113674,False,,-28652.377453,96
5907,567168,9042.47,2022-06-04,33170,False,,-29528.899795,96
5908,567264,9043.71,2022-06-22,837331,False,,-18989.173357,96
5909,567360,9045.09,2022-07-26,502877,False,,-19410.611441,96
5910,567456,9046.2,2022-08-03,289952,False,,-25425.630882,96
5911,567552,9047.31,2022-08-17,499940,False,,-27536.076012,96
5912,567648,9048.71,2022-09-07,20645,False,,-16354.506566,96
5913,567744,9050.1,2022-09-29,348734,False,,-38398.638884,96
5914,567840,9051.53,2022-10-12,592386,False,,-18534.5818,96
5915,567936,9052.57,2022-10-26,350079,False,,-39028.294091,96
5916,568032,9053.8,2022-11-23,893117,False,,-30234.104068,96
5917,568128,9054.79,2022-12-07,919374,False,,-29289.268822,96
5918,568224,9055.84,2022-12-17,511962,False,,-12570.486173,96
5919,568320,9057.12,2022-12-28,277433,False,,-10855.702412,96
5920,568416,9058.37,2022-01-24,659287,False,,-23141.220001,96
5921,568512,9059.49,2022-02-07,861409,False,,-17288.73501,96
5922,568608,9060.58,2022-02-21,396901,False,,-38690.226448,96
5923,568704,9061.73,2022-03-19,709871,False,,-35977.056954,96
5924,568800,9063.07,2022-04-13,822072,False,,-12262.667554,96
5925,568896,9064.04,2022-04-27,800525,False,,-10278.70368,96
5926,568992,9065.16,2022-05-09,427089,False,,-32423.069375,96
5927,569088,9066.09,2022-06-04,941053,False,,-10282.055267,96
5928,569184,9067.37,2022-06-22,93636,False,,-25215.11178,96
5929,569280,9068.56,2022-07-26,389655,False,,-16062.633668,96
5930,569376,9069.88,2022-08-03,391029,False,,-21393.521061,96
5931,569472,9070.93,2022-08-17,860745,False,,-18136.684873,96
5932,569568,9072.28,2022-09-07,385877,False,,-13012.24321,96
5933,569664,9073.56,2022-09-29,133154,False,,-16954.721581,96
5934,569760,9074.77,2022-10-12,344962,False,,-27994.549733,96
5935,569856,9076.06,2022-10-26,479940,False,,-19584.684333,96
5936,569952,9077.4,2022-11-23,467025,False,,-25135.44295,96
5937,570048,9090.1,2022-12-07,244073,False,,-44434.961782,96
5938,570144,9091.3,2022-12-17,521606,False,,-16386.055177,96
5939,570240,9092.39,2022-12-28,766098,False,,-19544.095789,96
5940,570336,9093.56,2022-01-24,695890,False,,-25183.937625,96
5941,570432,9094.6,2022-02-07,68897,False,,-32867.899237,96
5942,570528,9095.96,2022-02-21,416630,False,,-23869.321126,96
5943,570624,9097.29,2022-03-19,594052,False,,-11639.348569,96
5944,570720,9098.35,2022-04-13,678569,False,,-21440.146786,96
5945,570816,9099.45,2022-04-27,248648,False,,-16593.884189,96
5946,570912,9100.47,2022-05-09,9513,False,,-25495.929235,96
5947,571008,9101.74,2022-06-04,746587,False,,-24488.175716,96
5948,571104,9103.12,2022-06-22,471477,False,,-15073.798121,96
5949,571200,9104.26,2022-07-26,467922,False,,-30421.941963,96
5950,571296,9105.53,2022-08-03,871290,False,,-14334.055724,96
5951,571392,9106.61,2022-08-17,469536,False,,-29038.430044,96
5952,571488,9107.93,2022-09-07,831125,False,,-17194.52248,96
5953,571584,9109.31,2022-09-29,319726,False,,-19356.64897,96
5954,571680,9110.5,2022-10-12,803728,False,,-16959.982454,96
5955,571776,9111.77,2022-10-26,120378,False,,-24915.790123,96
5956,571872,9113.17,2022-11-23,444168,False,,-24479.210001,96
5957,571968,9114.5,2022-12-07,617074,False,,-20180.496277,96
5958,572064,9115.53,2022-12-17,179599,False,,-16899.235188,96
5959,572160,9116.79,2022-12-28,981134,False,,-13769.390529,96
5960,572256,9117.69,2022-01-24,930828,False,,-24296.848405,96
5961,572352,9118.93,2022-02-07,836566,False,,-19848.921743,96
5962,572448,9120.19,2022-02-21,856744,False,,-12408.768835,96
5963,572544,9121.35,2022-03-19,419369,False,,-35054.347918,96
5964,572640,9122.42,2022-04-13,26298,False,,-27644.542275,96
5965,572736,9123.73,2022-04-27,908909,False,,-46466.545906,96
5966,572832,9125.04,2022-05-09,290276,False,,-21578.882822,96
5967,572928,9126.1,2022-06-04,504454,False,,-25838.31123,96
5968,573024,9127.38,2022-06-22,649919,False,,-17050.683026,96
5969,573120,9128.47,2022-07-26,259077,False,,-14563.964121,96
5970,573216,9129.62,2022-08-03,117758,False,,-39094.423114,96
5971,573312,9130.76,2022-08-17,931500,False,,-25090.150955,96
5972,573408,9131.85,2022-09-07,352442,False,,-19214.539764,96
5973,573504,9133.11,2022-09-29,536833,False,,-32824.086683,96
5974,573600,9134.31,2022-10-12,533849,False,,-33158.117244,96
5975,573696,9135.53,2022-10-26,254067,False,,-21778.300575,96
5976,573792,9136.76,2022-11-23,873663,False,,-19266.465861,96
5977,573888,9138.0,2022-12-07,100291,False,,-11830.456238,96
5978,573984,9139.11,2022-12-17,919157,False,,-14995.000747,96
5979,574080,9140.33,2022-12-28,366557,False,,-15439.309717,96
5980,574176,9141.59,2022-01-24,23775,False,,-40674.045687,96
5981,574272,9142.64,2022-02-07,904024,False,,-27131.860541,96
5982,574368,9143.94,2022-02-21,964630,False,,-15180.749931,96
5983,574464,9145.32,2022-03-19,938953,False,,-12495.207414,96
5984,574560,9146.45,2022-04-13,980646,False,,-24943.134175,96
5985,574656,9147.86,2022-04-27,395655,False,,-20163.272012,96
5986,574752,9149.02,2022-05-09,729896,False,,-24352.556663,96
5987,574848,9149.99,2022-06-04,917724,False,,-14579.109113,96
5988,574944,9151.42,2022-06-22,460629,False,,-16557.952401,96
5989,575040,9152.63,2022-07-26,507978,False,,-22865.90759,96
5990,575136,9153.95,2022-08-03,11277,False,,-26186.555004,96
5991,575232,9155.24,2022-08-17,854709,False,,-39233.601638,96
5992,575328,9156.37,2022-09-07,387405,False,,-13907.666352,96
5993,575424,9157.49,2022-09-29,35910,False,,-17700.147304,96
5994,575520,9158.66,2022-10-12,259729,False,,-7429.378785,96
5995,575616,9159.91,2022-10-26,146011,False,,-30875.850986,96
5996,575712,9161.25,2022-11-23,370036,False,,-33323.780078,96
5997,575808,9162.7,2022-12-07,42029,False,,-20214.533348,96
5998,575904,9164.02,2022-12-17,342288,False,,-29514.052672,96
5999,576000,9165.27,2022-12-28,159524,False,,-11618.305402,96
6000,576096,9166.55,2022-01-24,452616,False,,-20790.050545,96
6001,576192,9167.7,2022-02-07,81090,False,,-14447.173239,96
6002,576288,9168.95,2022-02-21,153965,False,,-16618.834797,96
6003,576384,9170.2,2022-03-19,786167,False,,-40085.637672,96
6004,576480,9171.52,2022-04-13,433712,False,,-50144.318591,96
6005,576576,9172.79,2022-04-27,532756,False,,-32694.663348,96
6006,576672,9174.11,2022-05-09,466811,False,,-32005.628174,96
6007,576768,9175.43,2022-06-04,956910,False,,-15009.370971,96
6008,576864,9176.79,2022-06-22,3742,False,,-12227.48195,96
6009,576960,9177.98,2022-07-26,429233,False,,-11953.463477,96
6010,577056,9179.19,2022-08-03,31999,False,,-24516.382683,96
6011,577152,9180.65,2022-08-17,561670,False,,-16521.828133,96
6012,577248,9181.89,2022-09-07,397512,False,,-19330.166352,96
6013,577344,9183.21,2022-09-29,41376,False,,-49130.058117,96
6014,577440,9184.46,2022-10-12,152885,False,,-25707.70649,96
6015,577536,9185.88,2022-10-26,323776,False,,-17708.159153,96
6016,577632,9187.2,2022-11-23,175978,False,,-17004.793881,96
6017,577728,9188.59,2022-12-07,848760,False,,-38482.431229,96
6018,577824,9189.84,2022-12-17,525683,False,,-7014.243487,96
6019,577920,9191.18,2022-12-28,797093,False,,-40791.235823,96
6020,578016,9192.35,2022-01-24,45244,False,,-21318.595467,96
6021,578112,9193.69,2022-02-07,818235,False,,-29990.654585,96
6022,578208,9194.81,2022-02-21,810197,False,,-25291.649226,96
6023,578304,9196.09,2022-03-19,441968,False,,-16064.286074,96
6024,578400,9197.39,2022-04-13,990521,False,,-19943.608998,96
6025,578496,9198.69,2022-04-27,376401,False,,-17999.801063,96
6026,578592,9200.1,2022-05-09,269046,False,,-8441.665538,96
6027,578688,9201.06,2022-06-04,307245,False,,-15966.496073,96
6028,578784,9202.32,2022-06-22,270763,False,,-28062.823195,96
6029,578880,9203.65,2022-07-26,892257,False,,-27338.664397,96
6030,578976,9204.68,2022-08-03,293815,False,,-34742.823578,96
6031,579072,9205.86,2022-08-17,257961,False,,-20773.846977,96
6032,579168,9207.15,2022-09-07,992703,False,,-23179.630928,96
6033,579264,9208.37,2022-09-29,513536,False,,-18654.288222,96
6034,579360,9209.58,2022-10-12,623108,False,,-25928.54194,96
6035,579456,9210.84,2022-10-26,813206,False,,-50577.647865,96
6036,579552,9212.07,2022-11-23,813381,False,,-18546.485741,96
6037,579648,9213.35,2022-12-07,44229,False,,-31202.171269,96
6038,579744,9214.63,2022-12-17,825106,False,,-37648.139836,96
6039,579840,9215.77,2022-12-28,687800,False,,-36407.982794,96
6040,579936,9216.96,2022-01-24,779029,False,,-47861.650106,96
6041,580032,9229.3,2022-02-07,815830,False,,-49018.238055,96
6042,580128,9230.63,2022-02-21,297274,False,,-30204.387372,96
6043,580224,9231.82,2022-03-19,210492,False,,-30426.008547,96
6044,580320,9232.89,2022-04-13,481608,False,,-18833.815086,96
6045,580416,9234.03,2022-04-27,766192,False,,-52636.476947,96
6046,580512,9235.15,2022-05-09,72431,False,,-34958.965951,96
6047,580608,9236.26,2022-06-04,19907,False,,-31622.837091,96
6048,580704,9237.39,2022-06-22,841968,False,,-24306.492201,96
6049,580800,9238.57,2022-07-26,43117,False,,-31878.06144,96
6050,580896,9239.82,2022-08-03,730665,False,,-19328.296405,96
6051,580992,9241.13,2022-08-17,890887,False,,-33660.021581,96
6052,581088,9242.43,2022-09-07,677099,False,,-28290.272025,96
6053,581184,9243.6,2022-09-29,474665,False,,-13210.955372,96
6054,581280,9244.83,2022-10-12,66164,False,,-21874.984697,96
6055,581376,9246.01,2022-10-26,248890,False,,-12372.564505,96
6056,581472,9247.17,2022-11-23,167055,False,,-19957.715278,96
6057,581568,9248.44,2022-12-07,28658,False,,-43377.700683,96
6058,581664,9249.78,2022-12-17,967389,False,,-23750.558319,96
6059,581760,9250.99,2022-12-28,138279,False,,-14728.924293,96
6060,581856,9252.13,2022-01-24,783547,False,,-40152.453285,96
6061,581952,9253.5,2022-02-07,452900,False,,-19497.588282,96
6062,582048,9254.53,2022-02-21,568067,False,,-11582.465791,96
6063,582144,9255.9,2022-03-19,22980,False,,-12872.11977,96
6064,582240,9257.2,2022-04-13,512835,False,,-46377.450644,96
6065,582336,9258.47,2022-04-27,311640,False,,-38256.146786,96
6066,582432,9259.67,2022-05-09,622355,False,,-26972.190584,96
6067,582528,9260.99,2022-06-04,735906,False,,-27509.836985,96
6068,582624,9262.19,2022-06-22,989874,False,,-45786.42773,96
6069,582720,9263.45,2022-07-26,689272,False,,-41894.721644,96
6070,582816,9264.73,2022-08-03,732986,False,,-67225.596046,96
6071,582912,9265.8,2022-08-17,687965,False,,-59687.291603,96
6072,583008,9267.12,2022-09-07,922739,False,,-16829.528543,96
6073,583104,9268.2,2022-09-29,859127,False,,-12910.69627,96
6074,583200,9269.38,2022-10-12,631400,False,,-21551.117272,96
6075,583296,9270.41,2022-10-26,867733,False,,-15722.068373,96
6076,583392,9271.76,2022-11-23,274341,False,,-14085.599893,96
6077,583488,9273.04,2022-12-07,758841,False,,-15283.068199,96
6078,583584,9274.44,2022-12-17,906394,False,,-30168.461436,96
6079,583680,9275.55,2022-12-28,474070,False,,-30609.107932,96
6080,583776,9276.95,2022-01-24,248230,False,,-24507.844361,96
6081,583872,9278.26,2022-02-07,499899,False,,-15729.022063,96
6082,583968,9279.48,2022-02-21,938598,False,,-30216.781182,96
6083,584064,9280.82,2022-03-19,759137,False,,-20524.110584,96
6084,584160,9282.03,2022-04-13,534214,False,,-17209.49108,96
6085,584256,9283.25,2022-04-27,769399,False,,-26178.037178,96
6086,584352,9284.37,2022-05-09,920050,False,,-32316.330353,96
6087,584448,9285.63,2022-06-04,820451,False,,-23612.534409,96
6088,584544,9286.81,2022-06-22,514037,False,,-14086.581545,96
6089,584640,9288.09,2022-07-26,410665,False,,-19265.666621,96
6090,584736,9289.43,2022-08-03,611340,False,,-22120.353204,96
6091,584832,9290.78,2022-08-17,626948,False,,-18200.544848,96
6092,584928,9292.18,2022-09-07,480729,False,,-24421.318099,96
6093,585024,9293.63,2022-09-29,51488,False,,-26351.625242,96
6094,585120,9294.95,2022-10-12,754406,False,,-79167.78992,96
6095,585216,9296.14,2022-10-26,266538,False,,-43249.28074,96
6096,585312,9297.3,2022-11-23,79033,False,,-16379.022634,96
6097,585408,9298.35,2022-12-07,448308,False,,-24329.61328,96
6098,585504,9299.54,2022-12-17,754709,False,,-9974.817083,96
6099,585600,9300.62,2022-12-28,788577,False,,-16696.542963,96
6100,585696,9301.93,2022-01-24,91528,False,,-22980.92402,96
6101,585792,9303.23,2022-02-07,926418,False,,-24203.699675,96
6102,585888,9304.38,2022-02-21,609969,False,,-18908.575767,96
6103,585984,9305.43,2022-03-19,52354,False,,-12393.881812,96
6104,586080,9306.68,2022-04-13,236799,False,,-31755.817043,96
6105,586176,9307.88,2022-04-27,608413,False,,-24628.223328,96
6106,586272,9309.26,2022-05-09,502672,False,,-19407.889667,96
6107,586368,9310.3,2022-06-04,40766,False,,-16136.25781,96
6108,586464,9311.63,2022-06-22,652193,False,,-30363.34876,96
6109,586560,9312.91,2022-07-26,375826,False,,-13333.567082,96
6110,586656,9314.1,2022-08-03,413249,False,,-16907.547371,96
6111,586752,9315.32,2022-08-17,866619,False,,-23140.084811,96
6112,586848,9316.67,2022-09-07,503667,False,,-40721.267533,96
6113,586944,9317.8,2022-09-29,399913,False,,-15421.592062,96
6114,587040,9319.1,2022-10-12,275114,False,,-18036.226297,96
6115,587136,9320.33,2022-10-26,229445,False,,-27043.016168,96
6116,587232,9321.73,2022-11-23,71204,False,,-19623.262166,96
6117,587328,9322.86,2022-12-07,283505,False,,-15661.651205,96
6118,587424,9324.12,2022-12-17,429082,False,,-14693.226218,96
6119,587520,9325.26,2022-12-28,318180,False,,-16493.531523,96
6120,587616,9326.63,2022-01-24,151140,False,,-18792.606588,96
6121,587712,9327.97,2022-02-07,12280,False,,-14232.978589,96
6122,587808,9329.11,2022-02-21,27717,False,,-14987.130716,96
6123,587904,9330.38,2022-03-19,139940,False,,-30879.100514,96
6124,588000,9331.64,2022-04-13,12468,False,,-9883.236728,96
6125,588096,9332.74,2022-04-27,39533,False,,-15171.691175,96
6126,588192,9333.99,2022-05-09,379187,False,,-16240.977968,96
6127,588288,9335.34,2022-06-04,66892,False,,-21141.492797,96
6128,588384,9336.7,2022-06-22,947279,False,,-15800.313622,96
6129,588480,9338.2,2022-07-26,276204,False,,-31410.765611,96
6130,588576,9339.61,2022-08-03,609486,False,,-35903.358147,96
6131,588672,9340.87,2022-08-17,75311,False,,-28724.37844,96
6132,588768,9342.18,2022-09-07,945328,False,,-36672.179899,96
6133,588864,9343.3,2022-09-29,169267,False,,-30384.330717,96
6134,588960,9344.33,2022-10-12,454287,False,,-25250.038562,96
6135,589056,9345.67,2022-10-26,382253,False,,-20968.251187,96
6136,589152,9347.0,2022-11-23,158846,False,,-25142.895267,96
6137,589248,9348.2,2022-12-07,656711,False,,-27387.305118,96
6138,589344,9349.36,2022-12-17,105468,False,,-15632.395571,96
6139,589440,9350.27,2022-12-28,122245,False,,-14599.944226,96
6140,589536,9351.49,2022-01-24,384456,False,,-17356.257518,96
6141,589632,9352.73,2022-02-07,882421,False,,-34314.794481,96
6142,589728,9353.94,2022-02-21,265687,False,,-25636.5948,96
6143,589824,9354.97,2022-03-19,570270,False,,-23957.867441,96
6144,589920,9356.16,2022-04-13,255383,False,,-32970.670562,96
6145,590016,9368.39,2022-04-27,825785,False,,-29343.745309,96
6146,590112,9369.41,2022-05-09,244628,False,,-22449.413643,96
6147,590208,9370.43,2022-06-04,955150,False,,-28812.740726,96
6148,590304,9371.53,2022-06-22,752970,False,,-38416.154633,96
6149,590400,9372.55,2022-07-26,949444,False,,-15440.867889,96
6150,590496,9373.91,2022-08-03,9278,False,,-19634.425467,96
6151,590592,9375.05,2022-08-17,591684,False,,-43358.171187,96
6152,590688,9376.27,2022-09-07,6939,False,,-38962.691253,96
6153,590784,9377.32,2022-09-29,585604,False,,-24812.411405,96
6154,590880,9378.44,2022-10-12,885060,False,,-81022.459793,96
6155,590976,9379.8,2022-10-26,618995,False,,-28543.557682,96
6156,591072,9381.08,2022-11-23,241634,False,,-8103.240137,96
6157,591168,9382.49,2022-12-07,926777,False,,-28254.156575,96
6158,591264,9383.56,2022-12-17,95610,False,,-15697.341813,96
6159,591360,9384.82,2022-12-28,736297,False,,-51892.103547,96
6160,591456,9386.0,2022-01-24,343986,False,,-13900.572038,96
6161,591552,9387.19,2022-02-07,498170,False,,-36220.933487,96
6162,591648,9388.34,2022-02-21,170644,False,,-45576.339022,96
6163,591744,9389.72,2022-03-19,225030,False,,-40377.973644,96
6164,591840,9391.15,2022-04-13,716472,False,,-20437.842426,96
6165,591936,9392.5,2022-04-27,765180,False,,-18059.972196,96
6166,592032,9393.45,2022-05-09,535851,False,,-41797.071228,96
6167,592128,9394.71,2022-06-04,427478,False,,-16875.52778,96
6168,592224,9395.92,2022-06-22,364567,False,,-11566.324617,96
6169,592320,9397.27,2022-07-26,559637,False,,-26657.988185,96
6170,592416,9398.57,2022-08-03,38116,False,,-33038.959458,96
6171,592512,9399.72,2022-08-17,545472,False,,-24441.641896,96
6172,592608,9400.93,2022-09-07,167937,False,,-14392.064901,96
6173,592704,9402.06,2022-09-29,565429,False,,-34191.987913,96
6174,592800,9403.47,2022-10-12,103355,False,,-32792.037578,96
6175,592896,9404.59,2022-10-26,190584,False,,-36148.387818,96
6176,592992,9405.9,2022-11-23,815230,False,,-37228.023052,96
6177,593088,9406.94,2022-12-07,169016,False,,-18320.221882,96
6178,593184,9408.31,2022-12-17,882634,False,,-29562.348646,96
6179,593280,9409.49,2022-12-28,65675,False,,-25110.848609,96
6180,593376,9410.86,2022-01-24,696996,False,,-22930.582464,96
6181,593472,9412.27,2022-02-07,136401,False,,-24625.551824,96
6182,593568,9413.56,2022-02-21,989644,False,,-29554.917237,96
6183,593664,9414.92,2022-03-19,722398,False,,-23277.617925,96
6184,593760,9416.32,2022-04-13,557092,False,,-24548.143728,96
6185,593856,9417.44,2022-04-27,162505,False,,-36913.738563,96
6186,593952,9418.44,2022-05-09,934707,False,,-24645.478623,96
6187,594048,9419.73,2022-06-04,620373,False,,-13958.888186,96
6188,594144,9421.02,2022-06-22,394152,False,,-19440.852169,96
6189,594240,9422.38,2022-07-26,597228,False,,-26913.957587,96
6190,594336,9423.48,2022-08-03,204233,False,,-21584.134571,96
6191,594432,9424.61,2022-08-17,438120,False,,-21432.307219,96
6192,594528,9425.96,2022-09-07,232183,False,,-22825.830201,96
6193,594624,9427.2,2022-09-29,926281,False,,-20870.336194,96
6194,594720,9428.6,2022-10-12,131978,False,,-20726.837041,96
6195,594816,9429.97,2022-10-26,784507,False,,-18917.694094,96
6196,594912,9431.13,2022-11-23,389946,False,,-38002.226518,96
6197,595008,9432.58,2022-12-07,322055,False,,-55681.540903,96
6198,595104,9434.13,2022-12-17,184751,False,,-28046.662781,96
6199,595200,9435.47,2022-12-28,953490,False,,-19542.480764,96
6200,595296,9436.74,2022-01-24,116501,False,,-16970.980679,96
6201,595392,9437.99,2022-02-07,683723,False,,-19898.098595,96
6202,595488,9439.36,2022-02-21,535527,False,,-19200.784566,96
6203,595584,9440.38,2022-03-19,279235,False,,-38278.249008,96
6204,595680,9441.87,2022-04-13,15814,False,,-20472.216401,96
6205,595776,9442.95,2022-04-27,589879,False,,-24490.183042,96
6206,595872,9443.91,2022-05-09,335544,False,,-18184.701764,96
6207,595968,9445.19,2022-06-04,936824,False,,-21968.404566,96
6208,596064,9446.61,2022-06-22,817191,False,,-8237.827902,96
6209,596160,9447.93,2022-07-26,91884,False,,-47917.730517,96
6210,596256,9449.12,2022-08-03,404531,False,,-23867.963814,96
6211,596352,9450.34,2022-08-17,40087,False,,-17760.204981,96
6212,596448,9451.49,2022-09-07,357418,False,,-35106.360226,96
6213,596544,9452.65,2022-09-29,202391,False,,-23783.85833,96
6214,596640,9453.93,2022-10-12,848318,False,,-18383.281109,96
6215,596736,9455.12,2022-10-26,359145,False,,-48485.499303,96
6216,596832,9456.52,2022-11-23,168142,False,,-41289.326393,96
6217,596928,9457.98,2022-12-07,839979,False,,-39051.683124,96
6218,597024,9459.32,2022-12-17,55132,False,,-30487.487599,96
6219,597120,9460.86,2022-12-28,380823,False,,-28777.888037,96
6220,597216,9462.16,2022-01-24,559531,False,,-26649.43539,96
6221,597312,9463.33,2022-02-07,186752,False,,-24291.655354,96
6222,597408,9464.37,2022-02-21,384872,False,,-14503.622303,96
6223,597504,9465.81,2022-03-19,708052,False,,-32744.861447,96
6224,597600,9467.26,2022-04-13,859577,False,,-23094.805095,96
6225,597696,9468.44,2022-04-27,378640,False,,-20135.895095,96
6226,597792,9469.55,2022-05-09,106971,False,,-35268.186968,96
6227,597888,9470.92,2022-06-04,874039,False,,-16578.065819,96
6228,597984,9472.07,2022-06-22,285233,False,,-25302.35885,96
6229,598080,9473.22,2022-07-26,671129,False,,-40561.781059,96
6230,598176,9474.25,2022-08-03,324124,False,,-30181.29071,96
6231,598272,9475.38,2022-08-17,660231,False,,-10853.009367,96
6232,598368,9476.65,2022-09-07,854710,False,,-18290.466319,96
6233,598464,9477.78,2022-09-29,840884,False,,-24122.673702,96
6234,598560,9478.99,2022-10-12,780845,False,,-16761.775913,96
6235,598656,9480.41,2022-10-26,357027,False,,-31942.221916,96
6236,598752,9481.75,2022-11-23,630917,False,,-18155.454826,96
6237,598848,9483.01,2022-12-07,830653,False,,-12224.967583,96
6238,598944,9484.28,2022-12-17,552055,False,,-13155.409288,96
6239,599040,9485.56,2022-12-28,573810,False,,-40550.032559,96
6240,599136,9486.8,2022-01-24,125367,False,,-40086.134639,96
6241,599232,9488.19,2022-02-07,810291,False,,-25526.186406,96
6242,599328,9489.35,2022-02-21,313780,False,,-32534.921741,96
6243,599424,9490.82,2022-03-19,678592,False,,-19895.620363,96
6244,599520,9492.35,2022-04-13,383727,False,,-41697.273452,96
6245,599616,9493.6,2022-04-27,583936,False,,-25720.242804,96
6246,599712,9494.9,2022-05-09,967289,False,,-49637.878792,96
6247,599808,9496.13,2022-06-04,804182,False,,-14096.10049,96
6248,599904,9497.38,2022-06-22,111330,False,,-8169.482186,96
6249,600000,9498.66,2022-07-26,151428,False,,-23415.767433,96
6250,600096,9510.86,2022-08-03,922171,False,,-17416.333406,96
6251,600192,9512.16,2022-08-17,350916,False,,-30744.139923,96
6252,600288,9513.36,2022-09-07,841150,False,,-25797.00389,96
6253,600384,9514.54,2022-09-29,763256,False,,-19786.855444,96
6254,600480,9515.79,2022-10-12,424879,False,,-22757.775498,96
6255,600576,9516.95,2022-10-26,694583,False,,-69575.933608,96
6256,600672,9518.01,2022-11-23,161055,False,,-15272.922118,96
6257,600768,9519.35,2022-12-07,560728,False,,-27341.2088,96
6258,600864,9520.54,2022-12-17,188769,False,,-13946.098243,96
6259,600960,9521.74,2022-12-28,667425,False,,-39658.745183,96
6260,601056,9522.95,2022-01-24,528527,False,,-44104.430093,96
6261,601152,9524.1,2022-02-07,147245,False,,-32682.620421,96
6262,601248,9525.25,2022-02-21,54944,False,,-10165.298003,96
6263,601344,9526.42,2022-03-19,581521,False,,-19151.401152,96
6264,601440,9527.54,2022-04-13,983465,False,,-22097.970064,96
6265,601536,9528.64,2022-04-27,395348,False,,-20864.805752,96
6266,601632,9529.77,2022-05-09,500616,False,,-22584.569744,96
6267,601728,9530.92,2022-06-04,586895,False,,-16951.638604,96
6268,601824,9532.07,2022-06-22,542942,False,,-18856.610794,96
6269,601920,9533.32,2022-07-26,403655,False,,-30678.485168,96
6270,602016,9534.49,2022-08-03,790653,False,,-29437.701819,96
6271,602112,9535.6,2022-08-17,661133,False,,-35200.939774,96
6272,602208,9537.01,2022-09-07,127620,False,,-18900.187955,96
6273,602304,9538.22,2022-09-29,971242,False,,-26666.941899,96
6274,602400,9539.65,2022-10-12,494512,False,,-15613.683986,96
6275,602496,9540.81,2022-10-26,448375,False,,-22288.484259,96
6276,602592,9542.13,2022-11-23,530068,False,,-13706.748616,96
6277,602688,9543.4,2022-12-07,45730,False,,-36036.467966,96
6278,602784,9544.46,2022-12-17,492018,False,,-36357.086068,96
6279,602880,9545.69,2022-12-28,676560,False,,-25619.149012,96
6280,602976,9547.08,2022-01-24,962991,False,,-40803.687839,96
6281,603072,9548.5,2022-02-07,769751,False,,-55248.825722,96
6282,603168,9549.78,2022-02-21,929837,False,,-18465.351756,96
6283,603264,9550.93,2022-03-19,76775,False,,-20224.701142,96
6284,603360,9552.21,2022-04-13,849347,False,,-16412.312477,96
6285,603456,9553.48,2022-04-27,170180,False,,-19353.786552,96
6286,603552,9554.82,2022-05-09,925938,False,,-17732.328027,96
6287,603648,9556.21,2022-06-04,765439,False,,-26192.462779,96
6288,603744,9557.54,2022-06-22,232135,False,,-42725.51525,96
6289,603840,9558.66,2022-07-26,876876,False,,-46130.173633,96
6290,603936,9559.81,2022-08-03,243077,False,,-35486.053361,96
6291,604032,9561.05,2022-08-17,748561,False,,-18588.780072,96
6292,604128,9562.29,2022-09-07,602484,False,,-31201.387102,96
6293,604224,9563.6,2022-09-29,330241,False,,-35971.766013,96
6294,604320,9564.79,2022-10-12,61031,False,,-53435.498497,96
6295,604416,9565.97,2022-10-26,971553,False,,-13228.807806,96
6296,604512,9567.08,2022-11-23,990724,False,,-25060.428054,96
6297,604608,9568.4,2022-12-07,575129,False,,-29677.587554,96
6298,604704,9569.62,2022-12-17,977639,False,,-13545.107302,96
6299,604800,9570.93,2022-12-28,507001,False,,-24017.282658,96
6300,604896,9572.29,2022-01-24,89417,False,,-28151.182623,96
6301,604992,9573.44,2022-02-07,77311,False,,-37164.780593,96
6302,605088,9574.74,2022-02-21,906494,False,,-11483.817648,96
6303,605184,9576.09,2022-03-19,305590,False,,-13099.536923,96
6304,605280,9577.51,2022-04-13,535508,False,,-7772.554698,96
6305,605376,9578.93,2022-04-27,966510,False,,-12516.946457,96
6306,605472,9579.93,2022-05-09,656650,False,,-17415.542611,96
6307,605568,9581.23,2022-06-04,417884,False,,-10309.070066,96
6308,605664,9582.56,2022-06-22,607650,False,,-19804.774422,96
6309,605760,9583.78,2022-07-26,775843,False,,-21160.526479,96
6310,605856,9584.95,2022-08-03,520619,False,,-22394.725197,96
6311,605952,9586.19,2022-08-17,775932,False,,-34845.452285,96
6312,606048,9587.42,2022-09-07,43748,False,,-20869.591853,96
6313,606144,9588.77,2022-09-29,838299,False,,-22147.213786,96
6314,606240,9589.99,2022-10-12,502930,False,,-28019.880945,96
6315,606336,9591.05,2022-10-26,984450,False,,-18554.181903,96
6316,606432,9592.2,2022-11-23,119328,False,,-40453.263857,96
6317,606528,9593.45,2022-12-07,679215,False,,-8498.367962,96
6318,606624,9594.72,2022-12-17,937882,False,,-14097.470583,96
6319,606720,9596.05,2022-12-28,268527,False,,-19950.859855,96
6320,606816,9597.42,2022-01-24,450375,False,,-19904.54168,96
6321,606912,9598.81,2022-02-07,66269,False,,-28762.410491,96
6322,607008,9600.02,2022-02-21,816826,False,,-34031.631144,96
6323,607104,9601.33,2022-03-19,622810,False,,-23473.129747,96
6324,607200,9602.45,2022-04-13,274894,False,,-29409.964854,96
6325,607296,9603.88,2022-04-27,953347,False,,-29730.641348,96
6326,607392,9605.06,2022-05-09,276186,False,,-35657.596405,96
6327,607488,9606.16,2022-06-04,942594,False,,-18441.792122,96
6328,607584,9607.63,2022-06-22,382132,False,,-32455.940758,96
6329,607680,9608.99,2022-07-26,274016,False,,-15291.344039,96
6330,607776,9610.05,2022-08-03,292171,False,,-35531.404761,96
6331,607872,9611.29,2022-08-17,40981,False,,-21700.258383,96
6332,607968,9612.6,2022-09-07,754003,False,,-14886.055399,96
6333,608064,9613.99,2022-09-29,839370,False,,-17199.864872,96
6334,608160,9615.33,2022-10-12,595344,False,,-22143.018971,96
6335,608256,9616.46,2022-10-26,51640,False,,-15530.100552,96
6336,608352,9617.69,2022-11-23,439679,False,,-13013.132669,96
6337,608448,9618.85,2022-12-07,14140,False,,-21297.266541,96
6338,608544,9620.08,2022-12-17,888604,False,,-45964.796719,96
6339,608640,9621.42,2022-12-28,839565,False,,-15103.344475,96
6340,608736,9622.65,2022-01-24,427915,False,,-23729.784505,96
6341,608832,9624.0,2022-02-07,652132,False,,-17409.362945,96
6342,608928,9624.98,2022-02-21,195713,False,,-14677.98949,96
6343,609024,9626.17,2022-03-19,628368,False,,-14690.499563,96
6344,609120,9627.4,2022-04-13,902259,False,,-17903.438727,96
6345,609216,9628.7,2022-04-27,223041,False,,-13369.531377,96
6346,609312,9629.81,2022-05-09,48152,False,,-32741.756583,96
6347,609408,9631.12,2022-06-04,109128,False,,-24546.749415,96
6348,609504,9632.27,2022-06-22,178968,False,,-31938.581052,96
6349,609600,9633.5,2022-07-26,709828,False,,-21268.581044,96
6350,609696,9634.71,2022-08-03,900560,False,,-17687.373907,96
6351,609792,9636.1,2022-08-17,912108,False,,-23628.16524,96
6352,609888,9637.3,2022-09-07,299295,False,,-14416.238867,96
6353,609984,9638.58,2022-09-29,915994,False,,-14690.492598,96
6354,610080,9650.85,2022-10-12,783561,False,,-16984.039326,96
6355,610176,9652.03,2022-10-26,236754,False,,-22529.77947,96
6356,610272,9653.34,2022-11-23,796511,False,,-23326.53136,96
6357,610368,9654.55,2022-12-07,953260,False,,-21280.843859,96
6358,610464,9655.77,2022-12-17,288517,False,,-16046.237408,96
6359,610560,9657.13,2022-12-28,598673,False,,-17499.055549,96
6360,610656,9658.51,2022-01-24,641608,False,,-36501.683964,96
6361,610752,9659.57,2022-02-07,681479,False,,-21924.716691,96
6362,610848,9660.88,2022-02-21,633069,False,,-38268.726604,96
6363,610944,9661.99,2022-03-19,270284,False,,-23749.191886,96
6364,611040,9663.37,2022-04-13,396834,False,,-25648.525588,96
6365,611136,9664.51,2022-04-27,179000,False,,-21100.195383,96
6366,611232,9665.73,2022-05-09,581436,False,,-21463.7056,96
6367,611328,9666.84,2022-06-04,651713,False,,-23242.357245,96
6368,611424,9668.11,2022-06-22,662942,False,,-32406.68151,96
6369,611520,9669.22,2022-07-26,339267,False,,-15934.116352,96
6370,611616,9670.42,2022-08-03,691169,False,,-16861.53637,96
6371,611712,9671.71,2022-08-17,809178,False,,-12193.175837,96
6372,611808,9672.95,2022-09-07,787682,False,,-13222.327283,96
6373,611904,9674.33,2022-09-29,333493,False,,-23616.480068,96
6374,612000,9675.44,2022-10-12,620702,False,,-25330.534271,96
6375,612096,9676.81,2022-10-26,749850,False,,-9508.12531,96
6376,612192,9678.19,2022-11-23,566703,False,,-25942.768245,96
6377,612288,9679.42,2022-12-07,724433,False,,-31038.71157,96
6378,612384,9680.6,2022-12-17,521834,False,,-20845.285166,96
6379,612480,9681.78,2022-12-28,77578,False,,-14601.781536,96
6380,612576,9683.14,2022-01-24,384673,False,,-14506.217488,96
6381,612672,9684.4,2022-02-07,964730,False,,-20491.766385,96
6382,612768,9685.5,2022-02-21,410399,False,,-22487.183006,96
6383,612864,9686.51,2022-03-19,363987,False,,-23804.171149,96
6384,612960,9687.53,2022-04-13,306532,False,,-18386.709131,96
6385,613056,9688.62,2022-04-27,333902,False,,-15810.98833,96
6386,613152,9689.87,2022-05-09,733262,False,,-30962.54052,96
6387,613248,9690.99,2022-06-04,397059,False,,-23308.614781,96
6388,613344,9692.37,2022-06-22,209146,False,,-12550.521418,96
6389,613440,9693.75,2022-07-26,229822,False,,-42667.679523,96
6390,613536,9695.11,2022-08-03,198844,False,,-27088.549227,96
6391,613632,9696.4,2022-08-17,764014,False,,-26456.147561,96
6392,613728,9697.86,2022-09-07,790427,False,,-16686.963794,96
6393,613824,9699.21,2022-09-29,507774,False,,-18524.152368,96
6394,613920,9700.36,2022-10-12,321213,False,,-14576.063705,96
6395,614016,9701.85,2022-10-26,495653,False,,-30782.229682,96
6396,614112,9703.44,2022-11-23,850967,False,,-36863.478498,96
6397,614208,9704.95,2022-12-07,993230,False,,-16963.356392,96
6398,614304,9706.45,2022-12-17,514923,False,,-38933.260824,96
6399,614400,9707.96,2022-12-28,490069,False,,-37517.16289,96
6400,614496,9709.51,2022-01-24,533313,False,,-36378.447386,96
6401,614592,9711.08,2022-02-07,487931,False,,-29009.893007,96
6402,614688,9712.62,2022-02-21,433107,False,,-18802.049677,96
6403,614784,9714.18,2022-03-19,158241,False,,-16491.836743,96
6404,614880,9715.76,2022-04-13,818370,False,,-23347.749352,96
6405,614976,9717.35,2022-04-27,222051,False,,-22626.659516,96
6406,615072,9718.92,2022-05-09,276452,False,,-22665.538288,96
6407,615168,9720.53,2022-06-04,808269,False,,-24894.923963,96
6408,615264,9722.08,2022-06-22,541392,False,,-22177.645109,96
6409,615360,9723.68,2022-07-26,304461,False,,-25680.736627,96
6410,615456,9725.3,2022-08-03,525917,False,,-17461.467028,96
6411,615552,9726.9,2022-08-17,208455,False,,-16906.201339,96
6412,615648,9728.46,2022-09-07,173210,False,,-19410.068446,96
6413,615744,9730.0,2022-09-29,640869,False,,-24387.002436,96
6414,615840,9731.16,2022-10-12,762623,False,,-20562.639008,96
6415,615936,9732.57,2022-10-26,312357,False,,-25259.601678,96
6416,616032,9733.8,2022-11-23,336787,False,,-39527.209565,96
6417,616128,9735.03,2022-12-07,628849,False,,-14216.547522,96
6418,616224,9736.27,2022-12-17,170849,False,,-12917.936056,96
6419,616320,9737.44,2022-12-28,507486,False,,-29241.250037,96
6420,616416,9739.01,2022-01-24,950527,False,,-24417.458468,96
6421,616512,9740.47,2022-02-07,857828,False,,-14210.427574,96
6422,616608,9741.84,2022-02-21,598996,False,,-18636.037814,96
6423,616704,9743.32,2022-03-19,781676,False,,-38744.42397,96
6424,616800,9744.75,2022-04-13,538115,False,,-37464.985957,96
6425,616896,9746.18,2022-04-27,773615,False,,-15637.220834,96
6426,616992,9747.54,2022-05-09,866538,False,,-21060.028429,96
6427,617088,9748.84,2022-06-04,857379,False,,-4931.571214,96
6428,617184,9749.94,2022-06-22,246968,False,,-36033.657787,96
6429,617280,9751.03,2022-07-26,224886,False,,-17962.338976,96
6430,617376,9752.23,2022-08-03,847422,False,,-48811.979933,96
6431,617472,9753.35,2022-08-17,706641,False,,-15919.878102,96
6432,617568,9754.66,2022-09-07,57280,False,,-11962.193454,96
6433,617664,9755.98,2022-09-29,374195,False,,-23139.698221,96
6434,617760,9757.24,2022-10-12,854912,False,,-30318.452228,96
6435,617856,9758.59,2022-10-26,766957,False,,-23378.139842,96
6436,617952,9759.87,2022-11-23,634277,False,,-26208.771264,96
6437,618048,9761.37,2022-12-07,183122,False,,-55031.162127,96
6438,618144,9762.59,2022-12-17,235527,False,,-41781.802038,96
6439,618240,9764.08,2022-12-28,914020,False,,-34574.191989,96
6440,618336,9765.33,2022-01-24,128711,False,,-24135.353,96
6441,618432,9766.49,2022-02-07,395569,False,,-35037.400832,96
6442,618528,9767.77,2022-02-21,383921,False,,-20269.952868,96
6443,618624,9768.94,2022-03-19,587964,False,,-16869.590009,96
6444,618720,9770.14,2022-04-13,362896,False,,-43009.639303,96
6445,618816,9771.54,2022-04-27,652246,False,,-19017.508513,96
6446,618912,9772.68,2022-05-09,104360,False,,-23215.402736,96
6447,619008,9773.86,2022-06-04,400133,False,,-21876.777987,96
6448,619104,9775.1,2022-06-22,900800,False,,-15050.844568,96
6449,619200,9776.43,2022-07-26,902,False,,-25503.622751,96
6450,619296,9777.73,2022-08-03,454577,False,,-17485.540363,96
6451,619392,9778.89,2022-08-17,240699,False,,-11233.769469,96
6452,619488,9780.1,2022-09-07,31922,False,,-32969.85518,96
6453,619584,9781.47,2022-09-29,242271,False,,-33882.329869,96
6454,619680,9782.74,2022-10-12,298652,False,,-15313.400343,96
6455,619776,9784.12,2022-10-26,977391,False,,-27893.000422,96
6456,619872,9785.26,2022-11-23,505772,False,,-32573.35653,96
6457,619968,9786.5,2022-12-07,701840,False,,-15016.468898,96
6458,620064,9799.01,2022-12-17,833322,False,,-25634.587123,96
6459,620160,9800.4,2022-12-28,38355,False,,-28060.639797,96
6460,620256,9801.74,2022-01-24,709914,False,,-31470.867072,96
6461,620352,9803.04,2022-02-07,44703,False,,-38948.088904,96
6462,620448,9804.14,2022-02-21,538832,False,,-22277.555885,96
6463,620544,9805.34,2022-03-19,193422,False,,-27038.488131,96
6464,620640,9806.42,2022-04-13,407112,False,,-27419.560791,96
6465,620736,9807.67,2022-04-27,566270,False,,-12367.401101,96
6466,620832,9808.91,2022-05-09,609535,False,,-33569.935312,96
6467,620928,9810.28,2022-06-04,469322,False,,-14798.140863,96
6468,621024,9811.39,2022-06-22,113303,False,,-18230.380527,96
6469,621120,9812.6,2022-07-26,721264,False,,-19503.752364,96
6470,621216,9813.81,2022-08-03,634784,False,,-13923.970424,96
6471,621312,9814.98,2022-08-17,932800,False,,-39393.555308,96
6472,621408,9816.29,2022-09-07,370253,False,,-40723.466769,96
6473,621504,9817.61,2022-09-29,919720,False,,-23383.783935,96
6474,621600,9818.62,2022-10-12,316410,False,,-27988.815105,96
6475,621696,9819.83,2022-10-26,211194,False,,-19262.901277,96
6476,621792,9821.13,2022-11-23,867207,False,,-18805.681099,96
6477,621888,9822.5,2022-12-07,151763,False,,-41334.82292,96
6478,621984,9823.83,2022-12-17,109566,False,,-16764.11954,96
6479,622080,9824.96,2022-12-28,476885,False,,-29899.412492,96
6480,622176,9826.23,2022-01-24,284420,False,,-27534.359985,96
6481,622272,9827.45,2022-02-07,436938,False,,-25533.932855,96
6482,622368,9828.56,2022-02-21,427385,False,,-12427.915209,96
6483,622464,9829.81,2022-03-19,662994,False,,-35170.275868,96
6484,622560,9831.06,2022-04-13,254074,False,,-16013.49745,96
6485,622656,9832.36,2022-04-27,637542,False,,-26477.223316,96
6486,622752,9833.63,2022-05-09,279936,False,,-19327.729819,96
6487,622848,9834.83,2022-06-04,181960,False,,-14990.137937,96
6488,622944,9836.05,2022-06-22,260409,False,,-24364.058481,96
6489,623040,9837.34,2022-07-26,666336,False,,-30169.00068,96
6490,623136,9838.63,2022-08-03,487373,False,,-16796.164066,96
6491,623232,9839.98,2022-08-17,827196,False,,-16390.846206,96
6492,623328,9841.07,2022-09-07,780456,False,,-23861.312971,96
6493,623424,9842.46,2022-09-29,563786,False,,-22913.417662,96
6494,623520,9843.54,2022-10-12,280982,False,,-14414.009235,96
6495,623616,9844.75,2022-10-26,625419,False,,-11686.107991,96
6496,623712,9845.87,2022-11-23,57278,False,,-26445.195307,96
6497,623808,9846.98,2022-12-07,912780,False,,-12528.31783,96
6498,623904,9848.28,2022-12-17,647540,False,,-17378.858526,96
6499,624000,9849.65,2022-12-28,514723,False,,-18577.905932,96
6500,624096,9850.88,2022-01-24,760783,False,,-16890.682449,96
6501,624192,9852.01,2022-02-07,878684,False,,-33834.212997,96
6502,624288,9853.02,2022-02-21,265829,False,,-29227.46744,96
6503,624384,9854.14,2022-03-19,968510,False,,-17598.022029,96
6504,624480,9855.6,2022-04-13,532599,False,,-27020.410812,96
6505,624576,9856.77,2022-04-27,269582,False,,-20261.799393,96
6506,624672,9857.87,2022-05-09,415743,False,,-31721.567937,96
6507,624768,9859.0,2022-06-04,204381,False,,-23873.652337,96
6508,624864,9860.13,2022-06-22,167678,False,,-21939.032852,96
6509,624960,9861.27,2022-07-26,202850,False,,-14342.382437,96
6510,625056,9862.51,2022-08-03,845976,False,,-14335.831522,96
6511,625152,9863.81,2022-08-17,718073,False,,-23265.572203,96
6512,625248,9864.96,2022-09-07,550633,False,,-22904.664787,96
6513,625344,9866.02,2022-09-29,390905,False,,-30061.531131,96
6514,625440,9867.26,2022-10-12,653069,False,,-20743.004118,96
6515,625536,9868.57,2022-10-26,374266,False,,-14737.297431,96
6516,625632,9869.98,2022-11-23,34006,False,,-29374.365069,96
6517,625728,9871.29,2022-12-07,572093,False,,-20022.500061,96
6518,625824,9872.71,2022-12-17,792905,False,,-18960.002203,96
6519,625920,9874.1,2022-12-28,233272,False,,-25187.35354,96
6520,626016,9875.49,2022-01-24,558305,False,,-11256.551242,96
6521,626112,9876.6,2022-02-07,675394,False,,-32040.131629,96
6522,626208,9877.81,2022-02-21,975526,False,,-27685.248959,96
6523,626304,9879.19,2022-03-19,137118,False,,-52450.504078,96
6524,626400,9880.47,2022-04-13,784495,False,,-37141.259126,96
6525,626496,9881.81,2022-04-27,60902,False,,-22151.165135,96
6526,626592,9882.78,2022-05-09,638515,False,,-12635.841694,96
6527,626688,9883.99,2022-06-04,82620,False,,-18109.226223,96
6528,626784,9885.26,2022-06-22,102113,False,,-18635.546128,96
6529,626880,9886.74,2022-07-26,836094,False,,-14037.559346,96
6530,626976,9887.8,2022-08-03,841121,False,,-29301.126734,96
6531,627072,9889.07,2022-08-17,506940,False,,-21806.919126,96
6532,627168,9890.18,2022-09-07,228114,False,,-16238.276052,96
6533,627264,9891.28,2022-09-29,343470,False,,-24171.365981,96
6534,627360,9892.34,2022-10-12,808343,False,,-20313.671602,96
6535,627456,9893.46,2022-10-26,226847,False,,-19683.531797,96
6536,627552,9894.83,2022-11-23,300159,False,,-25943.940676,96
6537,627648,9895.92,2022-12-07,372733,False,,-33964.857961,96
6538,627744,9897.07,2022-12-17,233623,False,,-23605.753115,96
6539,627840,9898.24,2022-12-28,192385,False,,-24009.35801,96
6540,627936,9899.6,2022-01-24,255715,False,,-15096.492004,96
6541,628032,9900.89,2022-02-07,122285,False,,-14580.089512,96
6542,628128,9902.02,2022-02-21,166849,False,,-35676.684872,96
6543,628224,9903.43,2022-03-19,542009,False,,-17825.688274,96
6544,628320,9904.79,2022-04-13,435396,False,,-13852.512174,96
6545,628416,9905.92,2022-04-27,88178,False,,-48014.499305,96
6546,628512,9907.1,2022-05-09,431468,False,,-23635.208293,96
6547,628608,9908.33,2022-06-04,644741,False,,-23073.662671,96
6548,628704,9909.41,2022-06-22,309269,False,,-29253.25184,96
6549,628800,9910.48,2022-07-26,745563,False,,-13802.75486,96
6550,628896,9911.71,2022-08-03,437137,False,,-20175.935569,96
6551,628992,9912.9,2022-08-17,718786,False,,-28136.886475,96
6552,629088,9914.13,2022-09-07,839378,False,,-24766.550823,96
6553,629184,9915.28,2022-09-29,575779,False,,-24988.722594,96
6554,629280,9916.85,2022-10-12,615512,False,,-20194.793738,96
6555,629376,9918.3,2022-10-26,316338,False,,-23880.34193,96
6556,629472,9919.63,2022-11-23,72949,False,,-30624.643784,96
6557,629568,9920.86,2022-12-07,224431,False,,-23527.626567,96
6558,629664,9922.02,2022-12-17,331281,False,,-18391.483447,96
6559,629760,9923.08,2022-12-28,31529,False,,-23309.933806,96
6560,629856,9924.33,2022-01-24,538324,False,,-17939.032227,96
6561,629952,9925.6,2022-02-07,987584,False,,-18800.628479,96
6562,630048,9938.01,2022-02-21,405077,False,,-21570.158861,96
6563,630144,9939.02,2022-03-19,288862,False,,-19214.238823,96
6564,630240,9940.35,2022-04-13,555187,False,,-30386.186021,96
6565,630336,9941.5,2022-04-27,863075,False,,-24900.965385,96
6566,630432,9942.9,2022-05-09,976689,False,,-16841.669235,96
6567,630528,9944.27,2022-06-04,122421,False,,-27447.142353,96
6568,630624,9945.69,2022-06-22,684025,False,,-11867.553797,96
6569,630720,9946.84,2022-07-26,630857,False,,-43794.62008,96
6570,630816,9948.07,2022-08-03,621023,False,,-20711.020973,96
6571,630912,9949.27,2022-08-17,251936,False,,-26767.795948,96
6572,631008,9950.55,2022-09-07,946876,False,,-25513.983016,96
6573,631104,9951.92,2022-09-29,349528,False,,-18098.914797,96
6574,631200,9953.03,2022-10-12,617904,False,,-12269.390445,96
6575,631296,9954.45,2022-10-26,985959,False,,-20227.01072,96
6576,631392,9955.68,2022-11-23,24898,False,,-13451.084666,96
6577,631488,9956.85,2022-12-07,675071,False,,-24746.088701,96
6578,631584,9958.18,2022-12-17,448573,False,,-19412.158018,96
6579,631680,9959.51,2022-12-28,901386,False,,-23000.633142,96
6580,631776,9960.68,2022-01-24,940389,False,,-28916.936779,96
6581,631872,9962.01,2022-02-07,119205,False,,-22809.292191,96
6582,631968,9963.29,2022-02-21,785961,False,,-23171.966225,96
6583,632064,9964.5,2022-03-19,631332,False,,-15192.404304,96
6584,632160,9965.93,2022-04-13,121360,False,,-13573.809863,96
6585,632256,9967.27,2022-04-27,789318,False,,-36476.728472,96
6586,632352,9968.69,2022-05-09,967973,False,,-13091.6987,96
6587,632448,9970.0,2022-06-04,27687,False,,-25641.182595,96
6588,632544,9971.41,2022-06-22,626135,False,,-55598.309529,96
6589,632640,9972.46,2022-07-26,303735,False,,-51920.415978,96
6590,632736,9973.77,2022-08-03,482006,False,,-29943.169236,96
6591,632832,9975.09,2022-08-17,983322,False,,-20917.359061,96
6592,632928,9976.34,2022-09-07,501783,False,,-25856.718574,96
6593,633024,9977.44,2022-09-29,894754,False,,-31390.247348,96
6594,633120,9978.88,2022-10-12,499851,False,,-13482.482828,96
6595,633216,9980.07,2022-10-26,139728,False,,-35081.945338,96
6596,633312,9981.2,2022-11-23,907734,False,,-19964.25796,96
6597,633408,9982.41,2022-12-07,918913,False,,-19451.569919,96
6598,633504,9983.61,2022-12-17,104690,False,,-11883.814013,96
6599,633600,9984.73,2022-12-28,265935,False,,-29229.963712,96
6600,633696,9986.06,2022-01-24,687768,False,,-17538.408105,96
6601,633792,9987.28,2022-02-07,15024,False,,-15855.746739,96
6602,633888,9988.46,2022-02-21,697485,False,,-13556.229482,96
6603,633984,9989.54,2022-03-19,333041,False,,-24737.438777,96
6604,634080,9990.66,2022-04-13,838913,False,,-18799.013939,96
6605,634176,9991.83,2022-04-27,896483,False,,-19829.742311,96
6606,634272,9993.12,2022-05-09,399115,False,,-11562.386416,96
6607,634368,9994.25,2022-06-04,284613,False,,-15141.476552,96
6608,634464,9995.37,2022-06-22,861239,False,,-24492.754292,96
6609,634560,9996.65,2022-07-26,754166,False,,-16451.82406,96
6610,634656,9997.87,2022-08-03,298454,False,,-34259.905605,96
6611,634752,9999.16,2022-08-17,877243,False,,-22007.350874,96
6612,634848,10000.58,2022-09-07,802689,False,,-19007.684941,96
6613,634944,10002.05,2022-09-29,226477,False,,-21560.818923,96
6614,635040,10003.53,2022-10-12,640744,False,,-35661.341158,96
6615,635136,10005.08,2022-10-26,781284,False,,-30250.795845,96
6616,635232,10006.64,2022-11-23,837889,False,,-25808.395355,96
6617,635328,10007.92,2022-12-07,17599,False,,-11678.359376,96
6618,635424,10009.36,2022-12-17,690451,False,,-71656.835453,96
6619,635520,10010.9,2022-12-28,403177,False,,-27866.001073,96
6620,635616,10012.34,2022-01-24,435190,False,,-36530.691379,96
6621,635712,10013.73,2022-02-07,594708,False,,-15326.432064,96
6622,635808,10015.07,2022-02-21,268277,False,,-25601.389748,96
6623,635904,10016.43,2022-03-19,548443,False,,-13545.72314,96
6624,636000,10017.65,2022-04-13,399030,False,,-18155.051031,96
6625,636096,10018.89,2022-04-27,476329,False,,-28459.123021,96
6626,636192,10020.15,2022-05-09,626331,False,,-13210.341551,96
6627,636288,10021.35,2022-06-04,161310,False,,-20518.141025,96
6628,636384,10022.62,2022-06-22,6207,False,,-20385.565712,96
6629,636480,10023.85,2022-07-26,85803,False,,-21971.072822,96
6630,636576,10025.08,2022-08-03,90608,False,,-28540.732424,96
6631,636672,10026.39,2022-08-17,501097,False,,-38483.838265,96
6632,636768,10027.71,2022-09-07,653331,False,,-19323.150818,96
6633,636864,10028.79,2022-09-29,569716,False,,-16092.764458,96
6634,636960,10030.04,2022-10-12,494168,False,,-16139.045195,96
6635,637056,10031.21,2022-10-26,792074,False,,-15932.246916,96
6636,637152,10032.43,2022-11-23,32863,False,,-17715.201945,96
6637,637248,10033.37,2022-12-07,3215,False,,-15517.935336,96
6638,637344,10034.44,2022-12-17,448384,False,,-17005.520283,96
6639,637440,10035.74,2022-12-28,925119,False,,-26358.944202,96
6640,637536,10036.96,2022-01-24,639342,False,,-20714.344697,96
6641,637632,10038.38,2022-02-07,60272,False,,-21070.260512,96
6642,637728,10039.62,2022-02-21,651939,False,,-38074.362472,96
6643,637824,10040.89,2022-03-19,376330,False,,-12544.304721,96
6644,637920,10042.01,2022-04-13,882664,False,,-21929.952904,96
6645,638016,10043.32,2022-04-27,489287,False,,-34804.767835,96
6646,638112,10044.59,2022-05-09,654917,False,,-36252.337344,96
6647,638208,10045.75,2022-06-04,668334,False,,-31519.384484,96
6648,638304,10047.04,2022-06-22,874339,False,,-17327.881803,96
6649,638400,10048.22,2022-07-26,387513,False,,-18362.992904,96
6650,638496,10049.5,2022-08-03,860550,False,,-24906.927451,96
6651,638592,10050.66,2022-08-17,764345,False,,-12230.390452,96
6652,638688,10051.95,2022-09-07,316296,False,,-30788.27467,96
6653,638784,10053.21,2022-09-29,178755,False,,-22724.861986,96
6654,638880,10054.41,2022-10-12,371208,False,,-47662.630672,96
6655,638976,10055.63,2022-10-26,283830,False,,-16730.742558,96
6656,639072,10056.96,2022-11-23,253502,False,,-19359.218635,96
6657,639168,10058.06,2022-12-07,305515,False,,-24096.912144,96
6658,639264,10059.38,2022-12-17,51882,False,,-10041.461535,96
6659,639360,10061.1,2022-12-28,387774,False,,-32612.387517,96
6660,639456,10062.28,2022-01-24,716820,False,,-23214.068303,96
6661,639552,10063.34,2022-02-07,976903,False,,-24229.958576,96
6662,639648,10064.39,2022-02-21,226172,False,,-15953.781091,96
6663,639744,10065.56,2022-03-19,276206,False,,-26703.392425,96
6664,639840,10066.63,2022-04-13,185399,False,,-17482.314197,96
6665,639936,10067.98,2022-04-27,177296,False,,-32823.293159,96
6666,640032,10080.22,2022-05-09,203960,False,,-30147.75912,96
6667,640128,10081.43,2022-06-04,751995,False,,-13926.860525,96
6668,640224,10082.6,2022-06-22,682339,False,,-24263.738196,96
6669,640320,10083.82,2022-07-26,508330,False,,-61146.415315,96
6670,640416,10085.12,2022-08-03,449851,False,,-25394.220519,96
6671,640512,10086.41,2022-08-17,328602,False,,-12857.718145,96
6672,640608,10087.48,2022-09-07,310491,False,,-15144.594085,96
6673,640704,10088.7,2022-09-29,724267,False,,-18198.261928,96
6674,640800,10089.92,2022-10-12,757888,False,,-25010.634056,96
6675,640896,10091.18,2022-10-26,737744,False,,-18795.841502,96
6676,640992,10092.36,2022-11-23,993596,False,,-30659.365536,96
6677,641088,10093.47,2022-12-07,583879,False,,-17060.934783,96
6678,641184,10094.8,2022-12-17,168116,False,,-23696.305588,96
6679,641280,10096.09,2022-12-28,797915,False,,-30181.21802,96
6680,641376,10097.39,2022-01-24,332651,False,,-21059.875342,96
6681,641472,10098.6,2022-02-07,436720,False,,-36611.926519,96
6682,641568,10099.97,2022-02-21,60380,False,,-19389.726961,96
6683,641664,10101.11,2022-03-19,815392,False,,-37474.975062,96
6684,641760,10102.45,2022-04-13,460665,False,,-22159.933536,96
6685,641856,10103.75,2022-04-27,751063,False,,-22206.186451,96
6686,641952,10105.03,2022-05-09,319018,False,,-13052.488686,96
6687,642048,10106.29,2022-06-04,33335,False,,-46392.309396,96
6688,642144,10107.45,2022-06-22,934600,False,,-18686.265966,96
6689,642240,10108.8,2022-07-26,902588,False,,-9876.914298,96
6690,642336,10110.61,2022-08-03,472709,False,,-21987.388761,96
6691,642432,10112.24,2022-08-17,267689,False,,-27911.697543,96
6692,642528,10113.64,2022-09-07,612558,False,,-9101.870514,96
6693,642624,10114.87,2022-09-29,60697,False,,-16424.705624,96
6694,642720,10116.13,2022-10-12,223708,False,,-26177.954406,96
6695,642816,10117.31,2022-10-26,885872,False,,-19603.854328,96
6696,642912,10118.54,2022-11-23,491994,False,,-19587.144896,96
6697,643008,10119.68,2022-12-07,144290,False,,-25979.501606,96
6698,643104,10121.05,2022-12-17,413489,False,,-21885.728684,96
6699,643200,10122.4,2022-12-28,414604,False,,-23228.90443,96
6700,643296,10123.63,2022-01-24,335840,False,,-19071.228057,96
6701,643392,10124.9,2022-02-07,116506,False,,-32017.681203,96
6702,643488,10125.97,2022-02-21,788850,False,,-9271.475028,96
6703,643584,10127.27,2022-03-19,95040,False,,-18531.614277,96
6704,643680,10128.6,2022-04-13,756811,False,,-28148.456363,96
6705,643776,10129.65,2022-04-27,230518,False,,-44146.465196,96
6706,643872,10130.83,2022-05-09,468568,False,,-21715.751445,96
6707,643968,10132.1,2022-06-04,502895,False,,-15578.241514,96
6708,644064,10133.37,2022-06-22,828244,False,,-19188.914365,96
6709,644160,10134.52,2022-07-26,943601,False,,-39522.222448,96
6710,644256,10135.65,2022-08-03,108688,False,,-22062.351355,96
6711,644352,10136.94,2022-08-17,461101,False,,-15448.567082,96
6712,644448,10138.18,2022-09-07,968459,False,,-19013.587259,96
6713,644544,10139.41,2022-09-29,556945,False,,-15075.086254,96
6714,644640,10140.85,2022-10-12,794089,False,,-18703.405223,96
6715,644736,10142.04,2022-10-26,225618,False,,-15410.404021,96
6716,644832,10143.05,2022-11-23,65585,False,,-25583.556482,96
6717,644928,10144.28,2022-12-07,118739,False,,-37500.698145,96
6718,645024,10145.26,2022-12-17,428545,False,,-23714.515149,96
6719,645120,10146.48,2022-12-28,324275,False,,-30025.232703,96
6720,645216,10147.81,2022-01-24,374756,False,,-13901.676317,96
6721,645312,10148.95,2022-02-07,379218,False,,-25999.043544,96
6722,645408,10150.13,2022-02-21,314473,False,,-16748.830789,96
6723,645504,10151.48,2022-03-19,984173,False,,-34514.920754,96
6724,645600,10152.65,2022-04-13,471673,False,,-27739.143787,96
6725,645696,10153.88,2022-04-27,923879,False,,-18727.563244,96
6726,645792,10155.17,2022-05-09,262061,False,,-12605.42187,96
6727,645888,10156.48,2022-06-04,297203,False,,-16593.370623,96
6728,645984,10157.53,2022-06-22,296111,False,,-30315.963938,96
6729,646080,10159.0,2022-07-26,350360,False,,-28597.561455,96
6730,646176,10160.39,2022-08-03,320022,False,,-36220.631373,96
6731,646272,10161.49,2022-08-17,950851,False,,-16718.231888,96
6732,646368,10162.72,2022-09-07,494980,False,,-22683.478387,96
6733,646464,10163.91,2022-09-29,19635,False,,-23593.252671,96
6734,646560,10165.09,2022-10-12,150613,False,,-25519.83511,96
6735,646656,10166.41,2022-10-26,227492,False,,-15224.885946,96
6736,646752,10167.64,2022-11-23,990922,False,,-21548.829036,96
6737,646848,10168.86,2022-12-07,266369,False,,-15338.236509,96
6738,646944,10170.42,2022-12-17,28696,False,,-24347.671914,96
6739,647040,10171.58,2022-12-28,180733,False,,-23997.683993,96
6740,647136,10172.8,2022-01-24,128442,False,,-23376.197921,96
6741,647232,10173.95,2022-02-07,97913,False,,-13354.715747,96
6742,647328,10175.29,2022-02-21,213459,False,,-20160.78854,96
6743,647424,10176.44,2022-03-19,817820,False,,-17704.678457,96
6744,647520,10177.59,2022-04-13,20838,False,,-16515.079341,96
6745,647616,10178.94,2022-04-27,181602,False,,-31067.216785,96
6746,647712,10180.29,2022-05-09,423141,False,,-14228.304079,96
6747,647808,10181.47,2022-06-04,174316,False,,-20704.282471,96
6748,647904,10182.58,2022-06-22,843835,False,,-25332.001285,96
6749,648000,10183.62,2022-07-26,792448,False,,-38366.741565,96
6750,648096,10184.89,2022-08-03,20083,False,,-28373.049888,96
6751,648192,10185.96,2022-08-17,686284,False,,-38315.483157,96
6752,648288,10187.11,2022-09-07,364750,False,,-37735.738573,96
6753,648384,10188.51,2022-09-29,774125,False,,-14411.615037,96
6754,648480,10189.79,2022-10-12,403760,False,,-21197.609413,96
6755,648576,10190.87,2022-10-26,981493,False,,-17928.738399,96
6756,648672,10192.15,2022-11-23,101608,False,,-27453.756952,96
6757,648768,10193.53,2022-12-07,159998,False,,-18798.154375,96
6758,648864,10194.68,2022-12-17,594332,False,,-24166.528125,96
6759,648960,10195.99,2022-12-28,73625,False,,-7844.41846,96
6760,649056,10197.34,2022-01-24,808004,False,,-14734.123928,96
6761,649152,10198.54,2022-02-07,810510,False,,-22058.742479,96
6762,649248,10199.75,2022-02-21,722943,False,,-24840.40313,96
6763,649344,10200.99,2022-03-19,190744,False,,-16681.178036,96
6764,649440,10202.41,2022-04-13,945269,False,,-30633.224234,96
6765,649536,10203.74,2022-04-27,673528,False,,-13157.662273,96
6766,649632,10205.2,2022-05-09,489647,False,,-32549.969389,96
6767,649728,10206.58,2022-06-04,528025,False,,-16307.542843,96
6768,649824,10207.88,2022-06-22,743608,False,,-26621.53649,96
6769,649920,10208.98,2022-07-26,716919,False,,-11518.530946,96
6770,650016,10221.01,2022-08-03,963941,False,,-78015.208917,96
6771,650112,10222.35,2022-08-17,412283,False,,-24103.217674,96
6772,650208,10223.64,2022-09-07,649742,False,,-18396.17807,96
6773,650304,10225.04,2022-09-29,874252,False,,-21781.521431,96
6774,650400,10226.15,2022-10-12,500171,False,,-15218.447195,96
6775,650496,10227.58,2022-10-26,103825,False,,-37926.883741,96
6776,650592,10228.64,2022-11-23,679029,False,,-26504.436747,96
6777,650688,10229.83,2022-12-07,168969,False,,-19309.186141,96
6778,650784,10231.07,2022-12-17,49154,False,,-16658.112039,96
6779,650880,10232.36,2022-12-28,929338,False,,-28749.817392,96
6780,650976,10233.78,2022-01-24,336717,False,,-15512.989116,96
6781,651072,10235.12,2022-02-07,297899,False,,-28648.948956,96
6782,651168,10236.25,2022-02-21,843408,False,,-24168.593891,96
6783,651264,10237.38,2022-03-19,553782,False,,-20854.42854,96
6784,651360,10238.56,2022-04-13,255344,False,,-21910.84546,96
6785,651456,10239.74,2022-04-27,888183,False,,-29338.563443,96
6786,651552,10240.8,2022-05-09,335992,False,,-47881.994061,96
6787,651648,10241.92,2022-06-04,278081,False,,-13948.443276,96
6788,651744,10243.24,2022-06-22,312302,False,,-22759.060695,96
6789,651840,10244.62,2022-07-26,957125,False,,-23241.11303,96
6790,651936,10246.06,2022-08-03,737308,False,,-27229.152244,96
6791,652032,10247.27,2022-08-17,421261,False,,-27693.457692,96
6792,652128,10248.52,2022-09-07,301975,False,,-46600.690355,96
6793,652224,10249.76,2022-09-29,788200,False,,-24708.184016,96
6794,652320,10250.92,2022-10-12,522263,False,,-48251.137518,96
6795,652416,10252.22,2022-10-26,699361,False,,-17238.411492,96
6796,652512,10253.42,2022-11-23,467859,False,,-18539.679497,96
6797,652608,10254.62,2022-12-07,999355,False,,-10171.566074,96
6798,652704,10255.88,2022-12-17,815462,False,,-18196.331135,96
6799,652800,10256.97,2022-12-28,635454,False,,-40038.842536,96
6800,652896,10258.26,2022-01-24,679731,False,,-26231.504959,96
6801,652992,10259.55,2022-02-07,894395,False,,-21561.176062,96
6802,653088,10260.87,2022-02-21,381428,False,,-16821.83474,96
6803,653184,10261.92,2022-03-19,747855,False,,-17381.450712,96
6804,653280,10263.18,2022-04-13,167545,False,,-15517.437287,96
6805,653376,10264.35,2022-04-27,215766,False,,-23803.851536,96
6806,653472,10265.71,2022-05-09,89122,False,,-27944.168551,96
6807,653568,10267.13,2022-06-04,755787,False,,-22841.349637,96
6808,653664,10268.36,2022-06-22,321557,False,,-21606.175735,96
6809,653760,10269.49,2022-07-26,523213,False,,-15117.605375,96
6810,653856,10270.58,2022-08-03,935671,False,,-22066.212139,96
6811,653952,10271.93,2022-08-17,32673,False,,-21134.183682,96
6812,654048,10273.03,2022-09-07,247431,False,,-23531.602222,96
6813,654144,10274.17,2022-09-29,604223,False,,-19634.25041,96
6814,654240,10275.32,2022-10-12,569859,False,,-35643.806283,96
6815,654336,10276.6,2022-10-26,44717,False,,-20436.310505,96
6816,654432,10277.73,2022-11-23,767686,False,,-17763.885332,96
6817,654528,10278.99,2022-12-07,680292,False,,-21203.820137,96
6818,654624,10280.34,2022-12-17,395373,False,,-17926.504788,96
6819,654720,10281.5,2022-12-28,850498,False,,-21744.04673,96
6820,654816,10282.76,2022-01-24,113127,False,,-38775.866623,96
6821,654912,10284.02,2022-02-07,697074,False,,-45518.397955,96
6822,655008,10285.17,2022-02-21,618470,False,,-26150.12065,96
6823,655104,10286.39,2022-03-19,184200,False,,-20120.851731,96
6824,655200,10287.76,2022-04-13,255899,False,,-15860.220787,96
6825,655296,10289.1,2022-04-27,995034,False,,-46403.257486,96
6826,655392,10290.42,2022-05-09,186608,False,,-13307.139568,96
6827,655488,10291.61,2022-06-04,848558,False,,-23845.532527,96
6828,655584,10292.96,2022-06-22,325424,False,,-23896.030643,96
6829,655680,10294.1,2022-07-26,535235,False,,-16546.560952,96
6830,655776,10295.34,2022-08-03,517188,False,,-40975.275759,96
6831,655872,10296.54,2022-08-17,300963,False,,-27637.068213,96
6832,655968,10297.75,2022-09-07,25880,False,,-26638.486423,96
6833,656064,10298.86,2022-09-29,280181,False,,-32361.464948,96
6834,656160,10300.27,2022-10-12,598037,False,,-10025.347036,96
6835,656256,10301.47,2022-10-26,179448,False,,-28007.327587,96
6836,656352,10302.67,2022-11-23,509354,False,,-14901.122863,96
6837,656448,10303.88,2022-12-07,465754,False,,-15409.992605,96
6838,656544,10305.04,2022-12-17,414946,False,,-19175.715299,96
6839,656640,10306.36,2022-12-28,22785,False,,-29780.155229,96
6840,656736,10307.76,2022-01-24,959443,False,,-27827.765817,96
6841,656832,10309.1,2022-02-07,538932,False,,-35692.910738,96
6842,656928,10310.47,2022-02-21,196169,False,,-31258.294218,96
6843,657024,10311.71,2022-03-19,181036,False,,-18753.712049,96
6844,657120,10312.95,2022-04-13,36648,False,,-19318.118029,96
6845,657216,10314.26,2022-04-27,743369,False,,-34232.63747,96
6846,657312,10315.46,2022-05-09,5544,False,,-20771.727139,96
6847,657408,10316.62,2022-06-04,824720,False,,-32294.902283,96
6848,657504,10317.98,2022-06-22,990372,False,,-18423.563056,96
6849,657600,10319.25,2022-07-26,413434,False,,-18925.777098,96
6850,657696,10320.43,2022-08-03,227455,False,,-24970.147092,96
6851,657792,10321.7,2022-08-17,43157,False,,-23424.191685,96
6852,657888,10322.79,2022-09-07,8320,False,,-17134.363877,96
6853,657984,10324.14,2022-09-29,461094,False,,-45945.99399,96
6854,658080,10325.51,2022-10-12,328266,False,,-57667.075806,96
6855,658176,10326.79,2022-10-26,920455,False,,-13431.884266,96
6856,658272,10328.13,2022-11-23,27180,False,,-27071.072692,96
6857,658368,10329.33,2022-12-07,652368,False,,-28290.753814,96
6858,658464,10330.55,2022-12-17,760359,False,,-26255.541205,96
6859,658560,10331.78,2022-12-28,284201,False,,-30492.901457,96
6860,658656,10333.01,2022-01-24,148384,False,,-27822.172739,96
6861,658752,10334.16,2022-02-07,669359,False,,-22004.535043,96
6862,658848,10335.33,2022-02-21,525337,False,,-20403.736768,96
6863,658944,10336.58,2022-03-19,579707,False,,-21886.498772,96
6864,659040,10337.68,2022-04-13,193396,False,,-33603.918731,96
6865,659136,10338.99,2022-04-27,65213,False,,-22466.74578,96
6866,659232,10340.25,2022-05-09,842332,False,,-28544.508057,96
6867,659328,10341.55,2022-06-04,178178,False,,-10326.071825,96
6868,659424,10342.94,2022-06-22,463328,False,,-12982.163233,96
6869,659520,10343.98,2022-07-26,9467,False,,-28002.448278,96
6870,659616,10345.26,2022-08-03,394859,False,,-19825.52698,96
6871,659712,10346.45,2022-08-17,902233,False,,-23214.903797,96
6872,659808,10347.8,2022-09-07,282676,False,,-14774.178153,96
6873,659904,10349.07,2022-09-29,459546,False,,-17984.529042,96
6874,660000,10350.16,2022-10-12,369621,False,,-25474.190751,96
