episode_index,timesteps_at_end,wall_clock_s,train_day,train_scenario_seed,scenario_seed_in_eval_seeds,rejected_eval_seed_draws,episode_reward_raw,episode_length
0,96,0.86,2022-01-24,102,False,,-14813.028781,96
1,192,1.57,2022-02-07,395587,False,,-14311.40781,96
2,288,2.29,2022-02-21,132797,False,,-13428.254316,96
3,384,3.02,2022-03-19,577319,False,,-15089.696064,96
4,480,3.67,2022-04-13,625390,False,,-35517.544884,96
5,576,5.06,2022-04-27,486119,False,,-11779.689716,96
6,672,6.69,2022-05-09,274318,False,,-29740.240299,96
7,768,7.98,2022-06-04,868566,False,,-38193.811406,96
8,864,9.5,2022-06-22,751864,False,,-6459.296498,96
9,960,11.07,2022-07-26,271917,False,,-34741.483127,96
10,1056,12.6,2022-08-03,546189,False,,-27389.490077,96
11,1152,14.03,2022-08-17,659455,False,,-24502.340101,96
12,1248,15.35,2022-09-07,920640,False,,-32277.328864,96
13,1344,16.9,2022-09-29,281391,False,,-36850.678596,96
14,1440,18.33,2022-10-12,373123,False,,-24556.711435,96
15,1536,19.89,2022-10-26,762772,False,,-19739.559595,96
16,1632,21.47,2022-11-23,197450,False,,-25762.825728,96
17,1728,22.85,2022-12-07,160472,False,,-25303.247877,96
18,1824,24.18,2022-12-17,478791,False,,-28369.458553,96
19,1920,25.79,2022-12-28,498419,False,,-10699.247172,96
20,2016,27.38,2022-01-24,222008,False,,-27999.123206,96
21,2112,28.79,2022-02-07,305410,False,,-35492.882259,96
22,2208,30.39,2022-02-21,312633,False,,-10939.259719,96
23,2304,31.88,2022-03-19,191617,False,,-38433.976127,96
24,2400,33.39,2022-04-13,149098,False,,-23513.475248,96
25,2496,34.75,2022-04-27,227462,False,,-23959.752107,96
26,2592,36.23,2022-05-09,222091,False,,-30404.912766,96
27,2688,37.65,2022-06-04,595991,False,,-34655.886487,96
28,2784,39.19,2022-06-22,989931,False,,-19314.141834,96
29,2880,40.69,2022-07-26,328360,False,,-45937.204634,96
30,2976,42.1,2022-08-03,498209,False,,-23787.985152,96
31,3072,43.41,2022-08-17,285290,False,,-20952.530337,96
32,3168,44.95,2022-09-07,561017,False,,-26259.436906,96
33,3264,46.67,2022-09-29,481969,False,,-25953.459485,96
34,3360,48.32,2022-10-12,464813,False,,-26517.983755,96
35,3456,49.75,2022-10-26,129413,False,,-26053.183971,96
36,3552,51.19,2022-11-23,458071,False,,-25087.507912,96
37,3648,52.67,2022-12-07,462087,False,,-23447.411872,96
38,3744,54.03,2022-12-17,567975,False,,-25780.411167,96
39,3840,55.61,2022-12-28,743073,False,,-16716.489046,96
40,3936,57.23,2022-01-24,464061,False,,-24221.163976,96
41,4032,58.81,2022-02-07,463091,False,,-38685.701747,96
42,4128,60.32,2022-02-21,397768,False,,-11817.775854,96
43,4224,61.82,2022-03-19,796685,False,,-31161.353274,96
44,4320,63.38,2022-04-13,560270,False,,-20933.620517,96
45,4416,64.83,2022-04-27,590607,False,,-27776.325788,96
46,4512,66.37,2022-05-09,596819,False,,-14361.018368,96
47,4608,67.86,2022-06-04,518124,False,,-29061.322941,96
48,4704,69.4,2022-06-22,436075,False,,-17483.424768,96
49,4800,70.95,2022-07-26,226066,False,,-38951.54877,96
50,4896,72.56,2022-08-03,27707,False,,-20016.41081,96
51,4992,74.29,2022-08-17,963340,False,,-15605.190539,96
52,5088,75.79,2022-09-07,496962,False,,-30830.029442,96
53,5184,77.19,2022-09-29,209016,False,,-32194.758965,96
54,5280,78.78,2022-10-12,387439,False,,-19572.683191,96
55,5376,80.11,2022-10-26,425515,False,,-16440.766625,96
56,5472,81.63,2022-11-23,894107,False,,-19410.188763,96
57,5568,83.18,2022-12-07,763636,False,,-19355.32179,96
58,5664,84.73,2022-12-17,366343,False,,-19405.991313,96
59,5760,86.26,2022-12-28,310333,False,,-33150.422005,96
60,5856,87.75,2022-01-24,956871,False,,-25686.309693,96
61,5952,89.24,2022-02-07,208841,False,,-22777.238199,96
62,6048,90.75,2022-02-21,239453,False,,-28902.743885,96
63,6144,92.31,2022-03-19,844976,False,,-32880.642367,96
64,6240,93.83,2022-04-13,453148,False,,-37849.030226,96
65,6336,95.31,2022-04-27,8791,False,,-13125.776141,96
66,6432,96.84,2022-05-09,480438,False,,-34982.35869,96
67,6528,98.36,2022-06-04,146514,False,,-21374.884498,96
68,6624,99.76,2022-06-22,41200,False,,-33566.056477,96
69,6720,101.24,2022-07-26,355159,False,,-21660.056792,96
70,6816,102.68,2022-08-03,335528,False,,-14665.194326,96
71,6912,104.21,2022-08-17,811449,False,,-15550.290543,96
72,7008,105.84,2022-09-07,273903,False,,-23680.74926,96
73,7104,107.25,2022-09-29,602870,False,,-15048.648364,96
74,7200,108.95,2022-10-12,223872,False,,-26129.760492,96
75,7296,110.69,2022-10-26,764501,False,,-19764.057251,96
76,7392,112.31,2022-11-23,163797,False,,-13488.697986,96
77,7488,113.96,2022-12-07,351245,False,,-21023.405275,96
78,7584,115.45,2022-12-17,24376,False,,-10831.957287,96
79,7680,117.01,2022-12-28,23913,False,,-33591.604114,96
80,7776,118.38,2022-01-24,458956,False,,-26282.655498,96
81,7872,119.8,2022-02-07,349291,False,,-30411.889182,96
82,7968,121.24,2022-02-21,896849,False,,-29031.019317,96
83,8064,122.81,2022-03-19,616985,False,,-39631.036362,96
84,8160,124.22,2022-04-13,861559,False,,-21944.304616,96
85,8256,125.75,2022-04-27,229237,False,,-18337.558528,96
86,8352,127.39,2022-05-09,884220,False,,-22928.56219,96
87,8448,128.83,2022-06-04,135753,False,,-30567.513234,96
88,8544,130.34,2022-06-22,299605,False,,-15594.608539,96
89,8640,131.74,2022-07-26,428769,False,,-28512.605957,96
90,8736,133.19,2022-08-03,809157,False,,-11008.814692,96
91,8832,134.54,2022-08-17,356983,False,,-30986.718266,96
92,8928,136.01,2022-09-07,584384,False,,-13540.558714,96
93,9024,137.54,2022-09-29,45277,False,,-11454.212676,96
94,9120,139.12,2022-10-12,416199,False,,-12022.012881,96
95,9216,140.6,2022-10-26,19168,False,,-25908.650646,96
96,9312,142.2,2022-11-23,166102,False,,-20898.257076,96
97,9408,143.79,2022-12-07,507243,False,,-20031.562897,96
98,9504,145.35,2022-12-17,662055,False,,-21966.73806,96
99,9600,146.99,2022-12-28,350579,False,,-12359.355795,96
100,9696,148.69,2022-01-24,711552,False,,-6677.922145,96
101,9792,150.26,2022-02-07,610495,False,,-36460.434871,96
102,9888,151.71,2022-02-21,431139,False,,-9974.774694,96
103,9984,153.23,2022-03-19,17276,False,,-15979.800525,96
104,10080,170.03,2022-04-13,986144,False,,-12159.100553,96
105,10176,171.57,2022-04-27,850914,False,,-21206.008583,96
106,10272,172.98,2022-05-09,212670,False,,-62054.382269,96
107,10368,174.72,2022-06-04,171435,False,,-18876.360856,96
108,10464,176.51,2022-06-22,747842,False,,-11079.15868,96
109,10560,178.18,2022-07-26,221439,False,,-17530.486896,96
110,10656,179.72,2022-08-03,936057,False,,-14023.088524,96
111,10752,181.21,2022-08-17,943641,False,,-24651.038443,96
112,10848,182.81,2022-09-07,596389,False,,-25358.070057,96
113,10944,184.39,2022-09-29,392979,False,,-34544.054382,96
114,11040,186.01,2022-10-12,77462,False,,-17176.799896,96
115,11136,187.48,2022-10-26,610475,False,,-22919.612343,96
116,11232,188.89,2022-11-23,913121,False,,-24970.779194,96
117,11328,190.34,2022-12-07,128081,False,,-21620.912938,96
118,11424,191.93,2022-12-17,675240,False,,-26225.021633,96
119,11520,193.54,2022-12-28,490009,False,,-13987.767419,96
120,11616,195.08,2022-01-24,346560,False,,-30351.158683,96
121,11712,196.58,2022-02-07,957773,False,,-25470.004311,96
122,11808,198.03,2022-02-21,121841,False,,-24743.656498,96
123,11904,199.69,2022-03-19,431964,False,,-22238.564977,96
124,12000,201.4,2022-04-13,67958,False,,-14658.529017,96
125,12096,203.16,2022-04-27,748032,False,,-23161.044332,96
126,12192,204.67,2022-05-09,739951,False,,-14551.765324,96
127,12288,205.99,2022-06-04,666381,False,,-36741.400257,96
128,12384,207.77,2022-06-22,495207,False,,-15702.152891,96
129,12480,209.4,2022-07-26,249930,False,,-21133.794154,96
130,12576,211.0,2022-08-03,231887,False,,-24407.965533,96
131,12672,212.61,2022-08-17,603955,False,,-18761.710796,96
132,12768,214.16,2022-09-07,759268,False,,-19830.375738,96
133,12864,215.74,2022-09-29,60448,False,,-23841.655527,96
134,12960,217.38,2022-10-12,224397,False,,-20650.853281,96
135,13056,219.1,2022-10-26,53752,False,,-31259.882756,96
136,13152,220.64,2022-11-23,852267,False,,-21836.158949,96
137,13248,222.14,2022-12-07,314285,False,,-16634.749661,96
138,13344,223.61,2022-12-17,953839,False,,-25894.005743,96
139,13440,225.16,2022-12-28,848309,False,,-11622.030519,96
140,13536,226.58,2022-01-24,788637,False,,-16904.154392,96
141,13632,228.11,2022-02-07,66277,False,,-31394.58018,96
142,13728,229.58,2022-02-21,885460,False,,-19717.638045,96
143,13824,231.21,2022-03-19,778885,False,,-10669.738416,96
144,13920,232.69,2022-04-13,952889,False,,-36990.431438,96
145,14016,234.39,2022-04-27,388083,False,,-24460.642929,96
146,14112,236.16,2022-05-09,822876,False,,-28115.592272,96
147,14208,237.86,2022-06-04,813100,False,,-26976.188002,96
148,14304,239.58,2022-06-22,406800,False,,-17427.735969,96
149,14400,241.12,2022-07-26,6581,False,,-18307.408544,96
150,14496,242.57,2022-08-03,999974,False,,-38155.938868,96
151,14592,243.89,2022-08-17,88274,False,,-22758.502267,96
152,14688,245.39,2022-09-07,754250,False,,-21594.866534,96
153,14784,246.94,2022-09-29,981907,False,,-31494.827401,96
154,14880,248.43,2022-10-12,928089,False,,-36482.794757,96
155,14976,249.98,2022-10-26,415251,False,,-26452.790094,96
156,15072,251.54,2022-11-23,175565,False,,-7360.079482,96
157,15168,253.09,2022-12-07,162061,False,,-37877.41698,96
158,15264,254.48,2022-12-17,881573,False,,-9642.930759,96
159,15360,256.13,2022-12-28,706042,False,,-12545.028036,96
160,15456,257.58,2022-01-24,511852,False,,-13683.359062,96
161,15552,258.97,2022-02-07,762683,False,,-24620.794141,96
162,15648,260.35,2022-02-21,524147,False,,-19715.405415,96
163,15744,261.92,2022-03-19,662823,False,,-24577.855002,96
164,15840,263.52,2022-04-13,475429,False,,-18782.439604,96
165,15936,265.09,2022-04-27,383368,False,,-14309.706082,96
166,16032,266.7,2022-05-09,112733,False,,-18096.654527,96
167,16128,268.18,2022-06-04,985124,False,,-18040.959014,96
168,16224,269.55,2022-06-22,188999,False,,-18786.739181,96
169,16320,271.05,2022-07-26,623160,False,,-17131.002588,96
170,16416,272.43,2022-08-03,495916,False,,-26088.498746,96
171,16512,273.81,2022-08-17,108904,False,,-8839.207197,96
172,16608,275.19,2022-09-07,251338,False,,-12973.100646,96
173,16704,276.66,2022-09-29,410643,False,,-29558.581695,96
174,16800,278.05,2022-10-12,548307,False,,-32629.403004,96
175,16896,279.42,2022-10-26,145810,False,,-19203.242965,96
176,16992,280.83,2022-11-23,310396,False,,-27864.174736,96
177,17088,282.17,2022-12-07,808012,False,,-20936.166184,96
178,17184,283.66,2022-12-17,182700,False,,-24730.8806,96
179,17280,285.03,2022-12-28,698288,False,,-22298.110489,96
180,17376,286.26,2022-01-24,601279,False,,-31457.712122,96
181,17472,287.71,2022-02-07,719492,False,,-23015.911631,96
182,17568,289.12,2022-02-21,767831,False,,-31231.625933,96
183,17664,290.48,2022-03-19,135620,False,,-18941.875906,96
184,17760,292.01,2022-04-13,965807,False,,-11393.281496,96
185,17856,293.45,2022-04-27,853148,False,,-22857.240808,96
186,17952,294.8,2022-05-09,34029,False,,-14625.821644,96
187,18048,296.32,2022-06-04,829735,False,,-22636.336235,96
188,18144,297.75,2022-06-22,344370,False,,-28315.596105,96
189,18240,298.94,2022-07-26,156777,False,,-31831.05451,96
190,18336,300.31,2022-08-03,881460,False,,-41289.071639,96
191,18432,301.79,2022-08-17,493162,False,,-27174.46489,96
192,18528,303.22,2022-09-07,971551,False,,-35608.742862,96
193,18624,304.67,2022-09-29,928849,False,,-16527.778357,96
194,18720,306.06,2022-10-12,951482,False,,-21098.725413,96
195,18816,307.37,2022-10-26,360106,False,,-25666.10151,96
196,18912,308.86,2022-11-23,575119,False,,-27697.909698,96
197,19008,310.11,2022-12-07,114116,False,,-45095.139804,96
198,19104,311.51,2022-12-17,780104,False,,-17596.741372,96
199,19200,312.96,2022-12-28,96177,False,,-14223.243295,96
200,19296,314.52,2022-01-24,706459,False,,-32005.327862,96
201,19392,315.99,2022-02-07,334338,False,,-35325.32239,96
202,19488,317.54,2022-02-21,29095,False,,-15399.199314,96
203,19584,318.83,2022-03-19,586728,False,,-27801.935427,96
204,19680,320.17,2022-04-13,652480,False,,-44868.16617,96
205,19776,321.7,2022-04-27,555686,False,,-25471.740472,96
206,19872,323.1,2022-05-09,831881,False,,-26971.372526,96
207,19968,324.52,2022-06-04,908449,False,,-36598.815674,96
208,20064,340.02,2022-06-22,822305,False,,-13150.648471,96
209,20160,341.57,2022-07-26,682335,False,,-20582.287918,96
210,20256,342.9,2022-08-03,287138,False,,-20017.940549,96
211,20352,344.14,2022-08-17,38773,False,,-8920.198904,96
212,20448,345.6,2022-09-07,33973,False,,-9419.640936,96
213,20544,347.1,2022-09-29,931130,False,,-33399.931686,96
214,20640,348.5,2022-10-12,2343,False,,-23117.292511,96
215,20736,349.82,2022-10-26,266476,False,,-17075.756744,96
216,20832,351.28,2022-11-23,577806,False,,-27192.00641,96
217,20928,352.75,2022-12-07,932712,False,,-25731.418221,96
218,21024,354.19,2022-12-17,500622,False,,-17318.53731,96
219,21120,355.64,2022-12-28,96348,False,,-15258.026119,96
220,21216,357.02,2022-01-24,542770,False,,-32501.852113,96
221,21312,358.43,2022-02-07,958906,False,,-18250.17459,96
222,21408,360.04,2022-02-21,553507,False,,-12893.823215,96
223,21504,361.58,2022-03-19,765937,False,,-14821.028427,96
224,21600,362.95,2022-04-13,986131,False,,-31884.73238,96
225,21696,364.54,2022-04-27,909310,False,,-31075.427782,96
226,21792,365.97,2022-05-09,448504,False,,-25499.277861,96
227,21888,367.47,2022-06-04,263417,False,,-16085.164604,96
228,21984,368.92,2022-06-22,584640,False,,-18977.211502,96
229,22080,370.25,2022-07-26,801042,False,,-9892.315524,96
230,22176,371.56,2022-08-03,678566,False,,-16058.167594,96
231,22272,372.99,2022-08-17,709281,False,,-11005.693976,96
232,22368,374.42,2022-09-07,645820,False,,-18324.258567,96
233,22464,375.83,2022-09-29,671114,False,,-35752.311829,96
234,22560,377.61,2022-10-12,497888,False,,-19898.192889,96
235,22656,379.09,2022-10-26,83755,False,,-18520.248869,96
236,22752,380.51,2022-11-23,133821,False,,-22757.39137,96
237,22848,381.96,2022-12-07,598833,False,,-22521.521367,96
238,22944,383.35,2022-12-17,816423,False,,-14939.736091,96
239,23040,384.74,2022-12-28,166013,False,,-19293.334233,96
240,23136,386.05,2022-01-24,858062,False,,-17772.684669,96
241,23232,387.29,2022-02-07,225823,False,,-31619.072213,96
242,23328,388.7,2022-02-21,866646,False,,-20796.323267,96
243,23424,390.18,2022-03-19,846347,False,,-11435.594785,96
244,23520,391.52,2022-04-13,480788,False,,-11008.786003,96
245,23616,392.81,2022-04-27,633500,False,,-21107.776288,96
246,23712,394.27,2022-05-09,910607,False,,-35308.851112,96
247,23808,395.65,2022-06-04,597367,False,,-41059.718185,96
248,23904,397.17,2022-06-22,619766,False,,-15936.643957,96
249,24000,398.6,2022-07-26,308945,False,,-55745.245539,96
250,24096,400.04,2022-08-03,953027,False,,-20086.194152,96
251,24192,401.4,2022-08-17,983902,False,,-16781.766925,96
252,24288,402.74,2022-09-07,961062,False,,-17997.101235,96
253,24384,404.03,2022-09-29,563505,False,,-26195.29151,96
254,24480,405.41,2022-10-12,238812,False,,-14221.075225,96
255,24576,406.78,2022-10-26,869592,False,,-19255.347488,96
256,24672,408.07,2022-11-23,724228,False,,-24445.620832,96
257,24768,409.26,2022-12-07,258203,False,,-26415.005055,96
258,24864,410.64,2022-12-17,932205,False,,-28627.777935,96
259,24960,411.96,2022-12-28,940170,False,,-27153.21725,96
260,25056,413.42,2022-01-24,471932,False,,-24557.464668,96
261,25152,414.66,2022-02-07,647070,False,,-9415.483482,96
262,25248,416.0,2022-02-21,976443,False,,-16132.384037,96
263,25344,417.46,2022-03-19,344941,False,,-21222.215894,96
264,25440,418.72,2022-04-13,177013,False,,-22705.65043,96
265,25536,420.05,2022-04-27,715799,False,,-17036.702108,96
266,25632,421.33,2022-05-09,767649,False,,-35381.782122,96
267,25728,422.67,2022-06-04,814183,False,,-25537.142595,96
268,25824,424.1,2022-06-22,679019,False,,-23420.487478,96
269,25920,425.48,2022-07-26,830496,False,,-5043.724492,96
270,26016,426.96,2022-08-03,9989,False,,-18863.461796,96
271,26112,428.34,2022-08-17,450104,False,,-26327.385259,96
272,26208,429.69,2022-09-07,635507,False,,-27472.843119,96
273,26304,431.02,2022-09-29,37006,False,,-50329.494526,96
274,26400,432.58,2022-10-12,744943,False,,-20509.896584,96
275,26496,433.91,2022-10-26,290405,False,,-16894.502519,96
276,26592,435.18,2022-11-23,423328,False,,-16145.024516,96
277,26688,436.6,2022-12-07,277003,False,,-31796.737289,96
278,26784,437.88,2022-12-17,605861,False,,-24577.188603,96
279,26880,439.36,2022-12-28,390630,False,,-19702.67471,96
280,26976,440.73,2022-01-24,685991,False,,-28988.624746,96
281,27072,441.94,2022-02-07,155331,False,,-17642.385063,96
282,27168,443.35,2022-02-21,525339,False,,-14364.848531,96
283,27264,444.59,2022-03-19,204798,False,,-18416.255399,96
284,27360,445.88,2022-04-13,742476,False,,-12321.367476,96
285,27456,447.38,2022-04-27,803808,False,,-18105.070129,96
286,27552,448.99,2022-05-09,163422,False,,-29368.908848,96
287,27648,450.53,2022-06-04,584950,False,,-16665.391872,96
288,27744,451.83,2022-06-22,886090,False,,-18186.785901,96
289,27840,453.19,2022-07-26,883118,False,,-16833.602173,96
290,27936,454.64,2022-08-03,434329,False,,-42073.593003,96
291,28032,456.26,2022-08-17,770033,False,,-20683.326143,96
292,28128,457.74,2022-09-07,783402,False,,-31478.125903,96
293,28224,459.05,2022-09-29,997889,False,,-39481.588025,96
294,28320,460.87,2022-10-12,711625,False,,-10134.80691,96
295,28416,462.32,2022-10-26,847004,False,,-34174.446221,96
296,28512,463.72,2022-11-23,87376,False,,-23219.273523,96
297,28608,465.16,2022-12-07,743679,False,,-21592.658506,96
298,28704,466.57,2022-12-17,939016,False,,-15031.846674,96
299,28800,468.0,2022-12-28,566870,False,,-27449.508248,96
300,28896,469.55,2022-01-24,668918,False,,-24603.367888,96
301,28992,471.07,2022-02-07,938234,False,,-17226.99368,96
302,29088,472.44,2022-02-21,108772,False,,-17189.967504,96
303,29184,473.73,2022-03-19,135612,False,,-28373.688554,96
304,29280,475.13,2022-04-13,380259,False,,-33519.436614,96
305,29376,476.4,2022-04-27,78333,False,,-10946.026984,96
306,29472,477.84,2022-05-09,629102,False,,-15115.219681,96
307,29568,479.13,2022-06-04,103668,False,,-23940.018144,96
308,29664,480.6,2022-06-22,514313,False,,-9541.397641,96
309,29760,481.99,2022-07-26,869790,False,,-20745.609355,96
310,29856,483.32,2022-08-03,621542,False,,-16625.175184,96
311,29952,484.6,2022-08-17,761188,False,,-20121.1726,96
312,30048,499.43,2022-09-07,266451,False,,-9270.400562,96
313,30144,500.66,2022-09-29,99761,False,,-38243.277723,96
314,30240,502.08,2022-10-12,770690,False,,-25817.831098,96
315,30336,503.36,2022-10-26,85622,False,,-13873.718125,96
316,30432,504.81,2022-11-23,751830,False,,-12910.026714,96
317,30528,506.33,2022-12-07,3982,False,,-35206.673934,96
318,30624,507.54,2022-12-17,743062,False,,-19351.806633,96
319,30720,509.01,2022-12-28,451971,False,,-39062.305447,96
320,30816,510.25,2022-01-24,947228,False,,-9951.2088,96
321,30912,511.69,2022-02-07,555645,False,,-30008.064334,96
322,31008,513.21,2022-02-21,163870,False,,-15796.257818,96
323,31104,514.58,2022-03-19,669180,False,,-21212.193559,96
324,31200,516.0,2022-04-13,904584,False,,-13526.428816,96
325,31296,517.54,2022-04-27,509465,False,,-10777.045558,96
326,31392,518.97,2022-05-09,50457,False,,-17203.896059,96
327,31488,520.27,2022-06-04,169193,False,,-26628.181276,96
328,31584,521.68,2022-06-22,621441,False,,-28521.221923,96
329,31680,523.24,2022-07-26,244073,False,,-30720.036677,96
330,31776,524.7,2022-08-03,652040,False,,-16641.228781,96
331,31872,526.19,2022-08-17,661399,False,,-15034.601927,96
332,31968,527.64,2022-09-07,706917,False,,-24123.987143,96
333,32064,528.95,2022-09-29,330858,False,,-12246.343401,96
334,32160,530.41,2022-10-12,120871,False,,-9394.675046,96
335,32256,531.76,2022-10-26,668144,False,,-10763.037555,96
336,32352,532.96,2022-11-23,565352,False,,-48607.515194,96
337,32448,534.4,2022-12-07,528857,False,,-30246.253291,96
338,32544,535.85,2022-12-17,544458,False,,-18852.351937,96
339,32640,537.08,2022-12-28,839560,False,,-19738.508901,96
340,32736,538.6,2022-01-24,971798,False,,-30394.748264,96
341,32832,539.95,2022-02-07,881255,False,,-20008.399392,96
342,32928,541.39,2022-02-21,980108,False,,-9619.398483,96
343,33024,542.71,2022-03-19,655454,False,,-12583.06117,96
344,33120,544.08,2022-04-13,294331,False,,-20845.074821,96
345,33216,545.38,2022-04-27,560721,False,,-21952.183968,96
346,33312,546.82,2022-05-09,299449,False,,-21461.048827,96
347,33408,548.17,2022-06-04,591822,False,,-19088.336795,96
348,33504,549.77,2022-06-22,261725,False,,-17752.31233,96
349,33600,551.21,2022-07-26,479499,False,,-18298.797664,96
350,33696,552.68,2022-08-03,205613,False,,-9847.085134,96
351,33792,554.24,2022-08-17,58918,False,,-10907.891583,96
352,33888,555.84,2022-09-07,467195,False,,-17248.66931,96
353,33984,557.24,2022-09-29,861395,False,,-18418.736383,96
354,34080,558.77,2022-10-12,768971,False,,-28464.312328,96
355,34176,560.26,2022-10-26,64040,False,,-42931.082488,96
356,34272,561.64,2022-11-23,779164,False,,-14188.086202,96
357,34368,563.04,2022-12-07,752229,False,,-35581.451222,96
358,34464,564.42,2022-12-17,224001,False,,-16712.508057,96
359,34560,565.7,2022-12-28,753737,False,,-23657.978944,96
360,34656,566.96,2022-01-24,240911,False,,-11353.965618,96
361,34752,568.19,2022-02-07,514871,False,,-12526.079055,96
362,34848,569.65,2022-02-21,532621,False,,-17503.117588,96
363,34944,571.12,2022-03-19,521328,False,,-17163.311931,96
364,35040,572.45,2022-04-13,552783,False,,-26183.064638,96
365,35136,573.88,2022-04-27,384203,False,,-11845.916861,96
366,35232,575.29,2022-05-09,60175,False,,-18183.812722,96
367,35328,576.84,2022-06-04,228076,False,,-28489.052178,96
368,35424,578.23,2022-06-22,653061,False,,-22916.7967,96
369,35520,579.6,2022-07-26,22119,False,,-34927.912005,96
370,35616,581.06,2022-08-03,207161,False,,-38999.62171,96
371,35712,582.44,2022-08-17,440828,False,,-24577.272438,96
372,35808,583.84,2022-09-07,770803,False,,-18013.121125,96
373,35904,585.24,2022-09-29,195290,False,,-17819.119569,96
374,36000,586.55,2022-10-12,389515,False,,-21690.389508,96
375,36096,587.96,2022-10-26,8019,False,,-26468.311553,96
376,36192,589.3,2022-11-23,744,False,,-22790.243897,96
377,36288,590.61,2022-12-07,897314,False,,-15338.576915,96
378,36384,591.98,2022-12-17,935549,False,,-9782.177179,96
379,36480,593.37,2022-12-28,206931,False,,-13172.41572,96
380,36576,594.72,2022-01-24,818974,False,,-35697.409907,96
381,36672,596.06,2022-02-07,98626,False,,-29458.661774,96
382,36768,597.31,2022-02-21,266709,False,,-27405.180019,96
383,36864,598.73,2022-03-19,47381,False,,-12085.381525,96
384,36960,599.99,2022-04-13,145003,False,,-20648.345894,96
385,37056,601.4,2022-04-27,27694,False,,-25597.293495,96
386,37152,602.89,2022-05-09,991089,False,,-23197.14639,96
387,37248,604.29,2022-06-04,981291,False,,-17804.123846,96
388,37344,605.61,2022-06-22,495651,False,,-11897.549846,96
389,37440,606.93,2022-07-26,270961,False,,-28638.300521,96
390,37536,608.42,2022-08-03,597847,False,,-26707.032574,96
391,37632,609.82,2022-08-17,435743,False,,-11698.347447,96
392,37728,611.03,2022-09-07,826866,False,,-31502.506488,96
393,37824,612.38,2022-09-29,655237,False,,-9721.699539,96
394,37920,613.77,2022-10-12,892309,False,,-29494.972364,96
395,38016,615.19,2022-10-26,497727,False,,-15752.305513,96
396,38112,616.63,2022-11-23,398095,False,,-31895.356752,96
397,38208,617.79,2022-12-07,526504,False,,-14321.391778,96
398,38304,619.34,2022-12-17,22218,False,,-20387.928639,96
399,38400,620.79,2022-12-28,388964,False,,-12899.493383,96
400,38496,622.26,2022-01-24,854991,False,,-18872.138763,96
401,38592,623.59,2022-02-07,163313,False,,-37510.275947,96
402,38688,625.02,2022-02-21,887639,False,,-17673.849989,96
403,38784,626.38,2022-03-19,917910,False,,-19141.13994,96
404,38880,627.66,2022-04-13,655695,False,,-11049.980715,96
405,38976,629.13,2022-04-27,932027,False,,-30474.287511,96
406,39072,630.34,2022-05-09,557304,False,,-23547.009221,96
407,39168,631.78,2022-06-04,942347,False,,-10945.898045,96
408,39264,633.17,2022-06-22,252626,False,,-24764.520078,96
409,39360,634.59,2022-07-26,860719,False,,-24963.968576,96
410,39456,635.96,2022-08-03,832291,False,,-15725.851558,96
411,39552,637.39,2022-08-17,208123,False,,-26873.34094,96
412,39648,638.97,2022-09-07,29684,False,,-19190.836128,96
413,39744,640.6,2022-09-29,679892,False,,-26596.317356,96
414,39840,642.23,2022-10-12,634815,False,,-14652.404668,96
415,39936,643.88,2022-10-26,569625,False,,-11100.434142,96
416,40032,658.81,2022-11-23,796497,False,,-21805.198582,96
417,40128,660.41,2022-12-07,95695,False,,-26029.570888,96
418,40224,661.88,2022-12-17,325188,False,,-28540.192321,96
419,40320,663.38,2022-12-28,518195,False,,-14830.491994,96
420,40416,664.91,2022-01-24,299329,False,,-16188.329446,96
421,40512,666.42,2022-02-07,921551,False,,-24288.473988,96
422,40608,667.81,2022-02-21,642242,False,,-15337.256557,96
423,40704,669.26,2022-03-19,862801,False,,-29411.347628,96
424,40800,670.71,2022-04-13,40915,False,,-23968.169433,96
425,40896,672.12,2022-04-27,440160,False,,-30611.292302,96
426,40992,673.42,2022-05-09,452586,False,,-22497.576344,96
427,41088,674.87,2022-06-04,914972,False,,-20753.654258,96
428,41184,676.13,2022-06-22,792901,False,,-13244.87962,96
429,41280,677.54,2022-07-26,97028,False,,-53143.564766,96
430,41376,678.95,2022-08-03,166099,False,,-18570.397199,96
431,41472,680.33,2022-08-17,771416,False,,-19362.086609,96
432,41568,681.68,2022-09-07,826200,False,,-14957.524205,96
433,41664,683.07,2022-09-29,481632,False,,-21205.344423,96
434,41760,684.61,2022-10-12,503681,False,,-9118.867513,96
435,41856,685.96,2022-10-26,758993,False,,-17092.700256,96
436,41952,687.35,2022-11-23,247935,False,,-9007.337949,96
437,42048,688.75,2022-12-07,363545,False,,-16750.431078,96
438,42144,690.22,2022-12-17,838688,False,,-17079.502283,96
439,42240,691.6,2022-12-28,240273,False,,-24200.609996,96
440,42336,693.0,2022-01-24,690622,False,,-21872.224295,96
441,42432,694.45,2022-02-07,577926,False,,-22935.566929,96
442,42528,695.93,2022-02-21,273582,False,,-20102.352871,96
443,42624,697.29,2022-03-19,123783,False,,-22479.533776,96
444,42720,698.62,2022-04-13,415033,False,,-22525.721856,96
445,42816,700.1,2022-04-27,389481,False,,-15853.375254,96
446,42912,701.34,2022-05-09,412735,False,,-30135.825629,96
447,43008,702.76,2022-06-04,31493,False,,-25618.126041,96
448,43104,704.21,2022-06-22,269229,False,,-8075.607587,96
449,43200,705.57,2022-07-26,597031,False,,-25179.373382,96
450,43296,707.03,2022-08-03,642572,False,,-20611.380087,96
451,43392,708.49,2022-08-17,511447,False,,-16576.112997,96
452,43488,710.1,2022-09-07,117152,False,,-23772.622316,96
453,43584,711.46,2022-09-29,687161,False,,-25404.528094,96
454,43680,712.86,2022-10-12,863366,False,,-29489.33712,96
455,43776,714.22,2022-10-26,68813,False,,-31207.139964,96
456,43872,715.55,2022-11-23,345847,False,,-25802.971276,96
457,43968,716.95,2022-12-07,307695,False,,-18686.715502,96
458,44064,718.2,2022-12-17,355188,False,,-36598.168954,96
459,44160,719.55,2022-12-28,421122,False,,-24437.388761,96
460,44256,720.96,2022-01-24,152236,False,,-13710.974455,96
461,44352,722.38,2022-02-07,507007,False,,-18478.910993,96
462,44448,723.78,2022-02-21,2794,False,,-12926.755235,96
463,44544,725.15,2022-03-19,825628,False,,-26416.80153,96
464,44640,726.64,2022-04-13,267997,False,,-26178.415072,96
465,44736,728.1,2022-04-27,996168,False,,-35359.498722,96
466,44832,729.84,2022-05-09,619384,False,,-4987.251498,96
467,44928,731.36,2022-06-04,593442,False,,-16879.432698,96
468,45024,732.89,2022-06-22,614630,False,,-34799.372036,96
469,45120,734.55,2022-07-26,764684,False,,-23677.821607,96
470,45216,736.17,2022-08-03,289183,False,,-22924.763982,96
471,45312,737.71,2022-08-17,693041,False,,-36607.249145,96
472,45408,739.17,2022-09-07,88920,False,,-20068.10167,96
473,45504,740.91,2022-09-29,475539,False,,-39891.388365,96
474,45600,742.49,2022-10-12,275998,False,,-17811.236071,96
475,45696,744.0,2022-10-26,603586,False,,-58966.060519,96
476,45792,745.52,2022-11-23,68319,False,,-28545.710679,96
477,45888,747.03,2022-12-07,115777,False,,-12534.419748,96
478,45984,748.61,2022-12-17,955613,False,,-18133.657793,96
479,46080,750.26,2022-12-28,59233,False,,-13898.851313,96
480,46176,752.0,2022-01-24,662509,False,,-50198.246883,96
481,46272,753.52,2022-02-07,991578,False,,-15903.062187,96
482,46368,755.04,2022-02-21,280911,False,,-15497.562471,96
483,46464,756.56,2022-03-19,129515,False,,-9730.326194,96
484,46560,758.74,2022-04-13,204185,False,,-21654.33568,96
485,46656,760.44,2022-04-27,620390,False,,-27331.338179,96
486,46752,762.09,2022-05-09,823748,False,,-18274.74129,96
487,46848,763.72,2022-06-04,317148,False,,-24585.649061,96
488,46944,765.07,2022-06-22,829009,False,,-21075.581192,96
489,47040,766.48,2022-07-26,461476,False,,-27905.953761,96
490,47136,767.83,2022-08-03,588327,False,,-29495.205586,96
491,47232,769.38,2022-08-17,220835,False,,-37013.83509,96
492,47328,770.81,2022-09-07,342535,False,,-35381.686643,96
493,47424,772.36,2022-09-29,465898,False,,-28197.787324,96
494,47520,773.8,2022-10-12,145934,False,,-25573.732136,96
495,47616,775.19,2022-10-26,846570,False,,-24392.321269,96
496,47712,776.92,2022-11-23,674798,False,,-23259.164431,96
497,47808,778.4,2022-12-07,718226,False,,-51946.617701,96
498,47904,779.92,2022-12-17,85709,False,,-26093.02332,96
499,48000,781.28,2022-12-28,593362,False,,-18625.744707,96
500,48096,782.75,2022-01-24,441999,False,,-32876.891452,96
501,48192,783.93,2022-02-07,740977,False,,-21928.416989,96
502,48288,785.43,2022-02-21,516571,False,,-29402.53902,96
503,48384,786.87,2022-03-19,362457,False,,-17720.293896,96
504,48480,788.12,2022-04-13,248893,False,,-17242.425638,96
505,48576,789.47,2022-04-27,190822,False,,-11136.216353,96
506,48672,790.96,2022-05-09,373099,False,,-18002.754674,96
507,48768,792.44,2022-06-04,750174,False,,-35359.549365,96
508,48864,793.82,2022-06-22,961025,False,,-6546.762053,96
509,48960,795.1,2022-07-26,757997,False,,-23509.034575,96
510,49056,796.6,2022-08-03,331878,False,,-14484.055843,96
511,49152,798.14,2022-08-17,801405,False,,-21796.193152,96
512,49248,799.72,2022-09-07,863489,False,,-8371.24747,96
513,49344,801.19,2022-09-29,925757,False,,-24539.127146,96
514,49440,802.74,2022-10-12,180690,False,,-21906.159392,96
515,49536,804.37,2022-10-26,135598,False,,-39450.590747,96
516,49632,805.7,2022-11-23,213303,False,,-21910.361845,96
517,49728,807.19,2022-12-07,306500,False,,-20721.186412,96
518,49824,808.82,2022-12-17,129722,False,,-23571.775737,96
519,49920,810.26,2022-12-28,309176,False,,-12901.07856,96
520,50016,825.51,2022-01-24,966021,False,,-26167.617407,96
521,50112,826.89,2022-02-07,87501,False,,-17064.91848,96
522,50208,828.42,2022-02-21,293304,False,,-23765.970386,96
523,50304,829.98,2022-03-19,421571,False,,-18026.878655,96
524,50400,831.55,2022-04-13,273970,False,,-15848.549959,96
525,50496,832.93,2022-04-27,595441,False,,-8899.20126,96
526,50592,834.4,2022-05-09,639427,False,,-32701.210782,96
527,50688,835.97,2022-06-04,91236,False,,-29691.108793,96
528,50784,837.45,2022-06-22,398338,False,,-21066.744927,96
529,50880,838.82,2022-07-26,365601,False,,-31286.424212,96
530,50976,840.08,2022-08-03,203255,False,,-16929.875124,96
531,51072,841.54,2022-08-17,652096,False,,-20484.524478,96
532,51168,842.91,2022-09-07,697836,False,,-21220.524478,96
533,51264,844.33,2022-09-29,88221,False,,-36127.668549,96
534,51360,845.83,2022-10-12,489263,False,,-17378.420694,96
535,51456,847.1,2022-10-26,295890,False,,-14878.385147,96
536,51552,848.64,2022-11-23,393844,False,,-28018.825846,96
537,51648,850.46,2022-12-07,458178,False,,-22785.379951,96
538,51744,851.87,2022-12-17,296648,False,,-19352.550756,96
539,51840,853.41,2022-12-28,407618,False,,-16795.315731,96
540,51936,855.1,2022-01-24,347807,False,,-36324.243957,96
541,52032,856.87,2022-02-07,559003,False,,-36939.736098,96
542,52128,858.52,2022-02-21,661815,False,,-13047.730028,96
543,52224,859.99,2022-03-19,329399,False,,-15057.086453,96
544,52320,861.39,2022-04-13,806975,False,,-20856.275612,96
545,52416,862.69,2022-04-27,310156,False,,-15185.642875,96
546,52512,864.17,2022-05-09,156940,False,,-25775.313772,96
547,52608,865.64,2022-06-04,273776,False,,-17373.788627,96
548,52704,867.07,2022-06-22,289115,False,,-31042.735671,96
549,52800,868.58,2022-07-26,851364,False,,-19935.963185,96
550,52896,870.03,2022-08-03,628611,False,,-31001.029488,96
551,52992,871.54,2022-08-17,953924,False,,-22028.645756,96
552,53088,873.21,2022-09-07,312708,False,,-26548.170127,96
553,53184,874.57,2022-09-29,969858,False,,-16406.597538,96
554,53280,875.84,2022-10-12,923475,False,,-22974.088649,96
555,53376,877.21,2022-10-26,716902,False,,-19990.45474,96
556,53472,878.76,2022-11-23,813505,False,,-31991.346767,96
557,53568,880.18,2022-12-07,913313,False,,-17254.517227,96
558,53664,881.76,2022-12-17,245449,False,,-26836.043239,96
559,53760,883.17,2022-12-28,327441,False,,-17152.374124,96
560,53856,884.77,2022-01-24,326578,False,,-22491.968534,96
561,53952,886.18,2022-02-07,60164,False,,-11068.105406,96
562,54048,887.55,2022-02-21,866827,False,,-39117.145059,96
563,54144,889.02,2022-03-19,667888,False,,-17027.422861,96
564,54240,890.52,2022-04-13,318694,False,,-22893.944856,96
565,54336,891.88,2022-04-27,388727,False,,-14240.75077,96
566,54432,893.34,2022-05-09,71306,False,,-16451.843631,96
567,54528,894.77,2022-06-04,922624,False,,-16230.070961,96
568,54624,896.19,2022-06-22,356342,False,,-14510.730217,96
569,54720,897.6,2022-07-26,920681,False,,-19387.01819,96
570,54816,898.99,2022-08-03,508225,False,,-9275.706027,96
571,54912,900.52,2022-08-17,514617,False,,-35701.811285,96
572,55008,902.06,2022-09-07,435908,False,,-22461.914077,96
573,55104,903.55,2022-09-29,667966,False,,-28449.336477,96
574,55200,904.97,2022-10-12,855005,False,,-23549.854773,96
575,55296,906.54,2022-10-26,922972,False,,-43045.792146,96
576,55392,907.99,2022-11-23,412654,False,,-15217.671315,96
577,55488,909.56,2022-12-07,493924,False,,-29629.238907,96
578,55584,911.09,2022-12-17,290147,False,,-29132.212852,96
579,55680,912.57,2022-12-28,937796,False,,-22707.98483,96
580,55776,914.04,2022-01-24,253317,False,,-45459.227883,96
581,55872,915.53,2022-02-07,285010,False,,-35420.45696,96
582,55968,917.11,2022-02-21,12793,False,,-9897.336702,96
583,56064,918.62,2022-03-19,711897,False,,-23074.18929,96
584,56160,920.17,2022-04-13,930931,False,,-37839.198151,96
585,56256,921.67,2022-04-27,60458,False,,-28231.376389,96
586,56352,923.21,2022-05-09,590534,False,,-16178.987358,96
587,56448,924.7,2022-06-04,88914,False,,-39077.156809,96
588,56544,926.03,2022-06-22,217223,False,,-33525.087799,96
589,56640,927.43,2022-07-26,970920,False,,-13794.704323,96
590,56736,928.99,2022-08-03,508781,False,,-22712.095743,96
591,56832,930.49,2022-08-17,568877,False,,-30474.31174,96
592,56928,931.93,2022-09-07,104040,False,,-25830.079815,96
593,57024,933.44,2022-09-29,59638,False,,-12074.336871,96
594,57120,935.03,2022-10-12,717069,False,,-15166.552504,96
595,57216,936.57,2022-10-26,663304,False,,-25728.981744,96
596,57312,938.03,2022-11-23,755724,False,,-49252.527617,96
597,57408,939.6,2022-12-07,930499,False,,-13690.721561,96
598,57504,941.18,2022-12-17,65813,False,,-22110.860809,96
599,57600,942.77,2022-12-28,638614,False,,-19310.09516,96
600,57696,944.45,2022-01-24,390516,False,,-15878.778335,96
601,57792,946.0,2022-02-07,145354,False,,-29611.412535,96
602,57888,947.63,2022-02-21,665070,False,,-13173.37086,96
603,57984,949.15,2022-03-19,285609,False,,-20706.452131,96
604,58080,950.68,2022-04-13,680388,False,,-18618.007546,96
605,58176,952.35,2022-04-27,445818,False,,-17210.053364,96
606,58272,953.85,2022-05-09,556400,False,,-35740.485731,96
607,58368,955.19,2022-06-04,229672,False,,-15643.306565,96
608,58464,956.72,2022-06-22,842587,False,,-21355.412833,96
609,58560,958.36,2022-07-26,718002,False,,-15673.985014,96
610,58656,959.71,2022-08-03,718691,False,,-20505.175618,96
611,58752,961.15,2022-08-17,736873,False,,-19000.240715,96
612,58848,962.58,2022-09-07,783601,False,,-31515.889464,96
613,58944,964.22,2022-09-29,996811,False,,-26920.810146,96
614,59040,965.81,2022-10-12,956461,False,,-32081.841294,96
615,59136,967.32,2022-10-26,2222,False,,-32630.303026,96
616,59232,968.6,2022-11-23,800241,False,,-24245.099811,96
617,59328,970.05,2022-12-07,23337,False,,-23892.188304,96
618,59424,971.58,2022-12-17,79982,False,,-14502.392104,96
619,59520,973.07,2022-12-28,405968,False,,-15179.981414,96
620,59616,974.49,2022-01-24,984593,False,,-14925.420072,96
621,59712,975.99,2022-02-07,118289,False,,-14173.93694,96
622,59808,977.85,2022-02-21,918480,False,,-30708.425587,96
623,59904,979.68,2022-03-19,125089,False,,-42808.983901,96
624,60000,981.32,2022-04-13,125228,False,,-25972.166403,96
625,60096,997.71,2022-04-27,688305,False,,-30802.208449,96
626,60192,999.26,2022-05-09,214653,False,,-23085.406742,96
627,60288,1000.73,2022-06-04,312851,False,,-23258.504663,96
628,60384,1002.27,2022-06-22,823052,False,,-31075.070766,96
629,60480,1003.83,2022-07-26,140129,False,,-34209.797887,96
630,60576,1005.29,2022-08-03,315928,False,,-22088.933949,96
631,60672,1006.81,2022-08-17,579349,False,,-9858.23931,96
632,60768,1008.4,2022-09-07,209066,False,,-20646.200559,96
633,60864,1009.72,2022-09-29,652993,False,,-10044.05469,96
634,60960,1011.28,2022-10-12,159,False,,-31472.099981,96
635,61056,1012.84,2022-10-26,936080,False,,-22933.998794,96
636,61152,1014.39,2022-11-23,341627,False,,-22329.886358,96
637,61248,1016.07,2022-12-07,856871,False,,-18572.042078,96
638,61344,1017.54,2022-12-17,498693,False,,-28931.470875,96
639,61440,1019.07,2022-12-28,649912,False,,-13443.725883,96
640,61536,1020.55,2022-01-24,607318,False,,-28599.795796,96
641,61632,1022.05,2022-02-07,614727,False,,-22667.297925,96
642,61728,1023.98,2022-02-21,497391,False,,-21536.117663,96
643,61824,1025.78,2022-03-19,402743,False,,-21519.728376,96
644,61920,1027.33,2022-04-13,740795,False,,-19899.740332,96
645,62016,1028.88,2022-04-27,935870,False,,-18573.758403,96
646,62112,1030.16,2022-05-09,4214,False,,-29276.821712,96
647,62208,1031.73,2022-06-04,729911,False,,-13634.683063,96
648,62304,1033.21,2022-06-22,161470,False,,-16163.806869,96
649,62400,1034.58,2022-07-26,990901,False,,-17707.081296,96
650,62496,1036.14,2022-08-03,667470,False,,-21001.558766,96
651,62592,1037.55,2022-08-17,588253,False,,-17701.009769,96
652,62688,1038.98,2022-09-07,789682,False,,-15652.70468,96
653,62784,1040.38,2022-09-29,262027,False,,-16655.973344,96
654,62880,1041.73,2022-10-12,959672,False,,-33928.474704,96
655,62976,1043.23,2022-10-26,4281,False,,-17403.171999,96
656,63072,1044.62,2022-11-23,972929,False,,-20323.404852,96
657,63168,1046.36,2022-12-07,456808,False,,-17882.543796,96
658,63264,1048.14,2022-12-17,688058,False,,-25104.75817,96
659,63360,1049.66,2022-12-28,406022,False,,-21703.732112,96
660,63456,1051.28,2022-01-24,648333,False,,-64067.098128,96
661,63552,1053.02,2022-02-07,980316,False,,-19799.143932,96
662,63648,1054.53,2022-02-21,839276,False,,-18152.588945,96
663,63744,1056.06,2022-03-19,674352,False,,-48523.009345,96
664,63840,1057.52,2022-04-13,653325,False,,-13372.97391,96
665,63936,1059.32,2022-04-27,704487,False,,-15501.72414,96
666,64032,1061.41,2022-05-09,317047,False,,-26655.27548,96
667,64128,1063.13,2022-06-04,153427,False,,-38626.538612,96
668,64224,1064.65,2022-06-22,287211,False,,-24282.522168,96
669,64320,1066.09,2022-07-26,172126,False,,-18621.4185,96
670,64416,1068.04,2022-08-03,200652,False,,-11406.685693,96
671,64512,1069.68,2022-08-17,469418,False,,-29112.908261,96
672,64608,1071.1,2022-09-07,459839,False,,-11430.825555,96
673,64704,1072.73,2022-09-29,350369,False,,-32723.425877,96
674,64800,1074.19,2022-10-12,104979,False,,-32220.499384,96
675,64896,1075.59,2022-10-26,439660,False,,-41616.625633,96
676,64992,1076.99,2022-11-23,251803,False,,-21597.138668,96
677,65088,1078.34,2022-12-07,238023,False,,-18410.050646,96
678,65184,1079.61,2022-12-17,747271,False,,-8513.61792,96
679,65280,1081.0,2022-12-28,539184,False,,-10925.326256,96
680,65376,1082.5,2022-01-24,11623,False,,-23086.775542,96
681,65472,1084.86,2022-02-07,520020,False,,-33406.926732,96
682,65568,1086.44,2022-02-21,926233,False,,-23845.868701,96
683,65664,1088.14,2022-03-19,930424,False,,-19388.940615,96
684,65760,1089.99,2022-04-13,452529,False,,-17083.569329,96
685,65856,1091.53,2022-04-27,269090,False,,-29732.352617,96
686,65952,1093.06,2022-05-09,142253,False,,-18163.718008,96
687,66048,1094.74,2022-06-04,865574,False,,-12359.867477,96
688,66144,1096.32,2022-06-22,979418,False,,-11343.884112,96
689,66240,1098.17,2022-07-26,253266,False,,-18454.038025,96
690,66336,1099.64,2022-08-03,264762,False,,-14489.654777,96
691,66432,1101.02,2022-08-17,304345,False,,-14235.168565,96
692,66528,1102.44,2022-09-07,25242,False,,-21730.605503,96
693,66624,1103.89,2022-09-29,93916,False,,-16601.900447,96
694,66720,1105.33,2022-10-12,718462,False,,-20246.468062,96
695,66816,1106.98,2022-10-26,562946,False,,-11923.941712,96
696,66912,1108.82,2022-11-23,352004,False,,-19249.841419,96
697,67008,1110.48,2022-12-07,463717,False,,-10560.8711,96
698,67104,1112.02,2022-12-17,134463,False,,-13676.097371,96
699,67200,1113.61,2022-12-28,236198,False,,-21869.290722,96
700,67296,1115.11,2022-01-24,677807,False,,-24840.709506,96
701,67392,1116.42,2022-02-07,210747,False,,-14247.232676,96
702,67488,1117.9,2022-02-21,760774,False,,-24439.161002,96
703,67584,1119.36,2022-03-19,255646,False,,-22844.854204,96
704,67680,1120.64,2022-04-13,679662,False,,-23445.307745,96
705,67776,1122.01,2022-04-27,497707,False,,-17193.95258,96
706,67872,1123.6,2022-05-09,936512,False,,-17043.282394,96
707,67968,1125.21,2022-06-04,902140,False,,-35586.494763,96
708,68064,1126.81,2022-06-22,15941,False,,-14485.625654,96
709,68160,1128.23,2022-07-26,726521,False,,-14618.052852,96
710,68256,1129.61,2022-08-03,821324,False,,-37348.787948,96
711,68352,1131.12,2022-08-17,372554,False,,-48765.305519,96
712,68448,1132.53,2022-09-07,797755,False,,-16992.826796,96
713,68544,1133.96,2022-09-29,686706,False,,-27512.795711,96
714,68640,1135.35,2022-10-12,11079,False,,-24074.90335,96
715,68736,1136.68,2022-10-26,304098,False,,-14255.7787,96
716,68832,1138.06,2022-11-23,137037,False,,-24245.698422,96
717,68928,1139.6,2022-12-07,445687,False,,-33143.618671,96
718,69024,1141.13,2022-12-17,348061,False,,-39424.932899,96
719,69120,1142.77,2022-12-28,511362,False,,-20309.790684,96
720,69216,1144.18,2022-01-24,448669,False,,-14846.36214,96
721,69312,1145.54,2022-02-07,919684,False,,-20601.347409,96
722,69408,1147.04,2022-02-21,982280,False,,-24269.574915,96
723,69504,1148.65,2022-03-19,812203,False,,-16973.0014,96
724,69600,1149.99,2022-04-13,68567,False,,-12728.006668,96
725,69696,1151.38,2022-04-27,45652,False,,-20248.250027,96
726,69792,1152.76,2022-05-09,624300,False,,-24743.211027,96
727,69888,1154.2,2022-06-04,2007,False,,-13520.603733,96
728,69984,1155.62,2022-06-22,73250,False,,-18781.251332,96
729,70080,1170.67,2022-07-26,939495,False,,-41959.686379,96
730,70176,1172.09,2022-08-03,522441,False,,-21948.72203,96
731,70272,1173.45,2022-08-17,767485,False,,-32412.566264,96
732,70368,1174.79,2022-09-07,919406,False,,-27257.610171,96
733,70464,1176.27,2022-09-29,967498,False,,-38591.434346,96
734,70560,1177.65,2022-10-12,211206,False,,-13292.615141,96
735,70656,1179.02,2022-10-26,153778,False,,-17279.747564,96
736,70752,1180.43,2022-11-23,496654,False,,-42338.145265,96
737,70848,1181.84,2022-12-07,987138,False,,-26822.930161,96
738,70944,1183.35,2022-12-17,770889,False,,-17905.899136,96
739,71040,1184.77,2022-12-28,113090,False,,-22744.043297,96
740,71136,1186.14,2022-01-24,757186,False,,-20287.239644,96
741,71232,1187.74,2022-02-07,251985,False,,-15673.925549,96
742,71328,1189.22,2022-02-21,246466,False,,-10238.94437,96
743,71424,1190.65,2022-03-19,947040,False,,-20183.962642,96
744,71520,1192.02,2022-04-13,178219,False,,-30297.563025,96
745,71616,1193.43,2022-04-27,842557,False,,-19019.894662,96
746,71712,1194.65,2022-05-09,804318,False,,-19451.576676,96
747,71808,1196.05,2022-06-04,220342,False,,-14965.821262,96
748,71904,1197.39,2022-06-22,680518,False,,-22273.98211,96
749,72000,1198.72,2022-07-26,630548,False,,-26329.07509,96
750,72096,1200.15,2022-08-03,554202,False,,-10201.934427,96
751,72192,1201.59,2022-08-17,455571,False,,-21972.13735,96
752,72288,1202.97,2022-09-07,990151,False,,-18398.526523,96
753,72384,1204.24,2022-09-29,174699,False,,-14954.105581,96
754,72480,1205.73,2022-10-12,138921,False,,-15118.93891,96
755,72576,1207.07,2022-10-26,654774,False,,-34865.620189,96
756,72672,1208.43,2022-11-23,761599,False,,-31788.856258,96
757,72768,1210.02,2022-12-07,607002,False,,-21009.132631,96
758,72864,1211.51,2022-12-17,672449,False,,-30046.475484,96
759,72960,1212.88,2022-12-28,26338,False,,-23820.981916,96
760,73056,1214.33,2022-01-24,11494,False,,-18505.3307,96
761,73152,1215.67,2022-02-07,868887,False,,-11930.275756,96
762,73248,1217.03,2022-02-21,654763,False,,-20474.432463,96
763,73344,1218.52,2022-03-19,376868,False,,-23165.661117,96
764,73440,1219.8,2022-04-13,772300,False,,-33998.556063,96
765,73536,1221.1,2022-04-27,264363,False,,-39575.370465,96
766,73632,1222.61,2022-05-09,577291,False,,-51016.938229,96
767,73728,1224.01,2022-06-04,102174,False,,-22927.822923,96
768,73824,1225.49,2022-06-22,230737,False,,-14000.464798,96
769,73920,1226.98,2022-07-26,815123,False,,-19139.840734,96
770,74016,1228.45,2022-08-03,714353,False,,-12937.861165,96
771,74112,1229.73,2022-08-17,434198,False,,-21362.54573,96
772,74208,1231.14,2022-09-07,981931,False,,-20227.126785,96
773,74304,1232.51,2022-09-29,580301,False,,-36654.687837,96
774,74400,1233.86,2022-10-12,606080,False,,-17350.968864,96
775,74496,1235.15,2022-10-26,462561,False,,-24605.555483,96
776,74592,1236.58,2022-11-23,36016,False,,-31474.804507,96
777,74688,1238.07,2022-12-07,838601,False,,-17985.816718,96
778,74784,1239.56,2022-12-17,144213,False,,-24395.832382,96
779,74880,1241.08,2022-12-28,101791,False,,-22788.305155,96
780,74976,1242.55,2022-01-24,568257,False,,-14766.084817,96
781,75072,1243.94,2022-02-07,924788,False,,-22009.39986,96
782,75168,1245.48,2022-02-21,194954,False,,-29523.204904,96
783,75264,1246.8,2022-03-19,253779,False,,-18872.488356,96
784,75360,1248.45,2022-04-13,132190,False,,-22006.76982,96
785,75456,1250.05,2022-04-27,490604,False,,-14370.141997,96
786,75552,1251.45,2022-05-09,154377,False,,-18293.043318,96
787,75648,1252.8,2022-06-04,79042,False,,-13801.564881,96
788,75744,1254.14,2022-06-22,609374,False,,-16289.086136,96
789,75840,1255.74,2022-07-26,696327,False,,-26099.661876,96
790,75936,1257.13,2022-08-03,566547,False,,-31870.245523,96
791,76032,1258.5,2022-08-17,778255,False,,-14371.731056,96
792,76128,1259.91,2022-09-07,688141,False,,-12118.778438,96
793,76224,1261.3,2022-09-29,4364,False,,-15517.090457,96
794,76320,1262.72,2022-10-12,397264,False,,-11018.089465,96
795,76416,1264.02,2022-10-26,13508,False,,-22552.029963,96
796,76512,1265.29,2022-11-23,620310,False,,-8176.570809,96
797,76608,1266.68,2022-12-07,408628,False,,-12582.222968,96
798,76704,1267.99,2022-12-17,802939,False,,-8119.568343,96
799,76800,1269.29,2022-12-28,195210,False,,-24372.870029,96
800,76896,1270.77,2022-01-24,724967,False,,-17505.657,96
801,76992,1272.18,2022-02-07,413038,False,,-30184.10605,96
802,77088,1273.66,2022-02-21,802690,False,,-18881.6421,96
803,77184,1275.07,2022-03-19,920184,False,,-23224.73691,96
804,77280,1276.43,2022-04-13,442526,False,,-25646.079517,96
805,77376,1277.74,2022-04-27,866607,False,,-26695.021385,96
806,77472,1278.99,2022-05-09,637360,False,,-13759.514658,96
807,77568,1280.27,2022-06-04,165399,False,,-20548.593022,96
808,77664,1281.65,2022-06-22,511589,False,,-23835.215223,96
809,77760,1282.78,2022-07-26,18480,False,,-23500.386948,96
810,77856,1284.28,2022-08-03,256337,False,,-25855.165848,96
811,77952,1285.72,2022-08-17,573624,False,,-16035.312994,96
812,78048,1287.05,2022-09-07,713783,False,,-31097.700693,96
813,78144,1288.33,2022-09-29,925858,False,,-20744.199761,96
814,78240,1289.66,2022-10-12,5618,False,,-15300.67699,96
815,78336,1291.1,2022-10-26,171044,False,,-13261.137986,96
816,78432,1292.52,2022-11-23,624897,False,,-19802.621412,96
817,78528,1294.01,2022-12-07,131798,False,,-9809.136032,96
818,78624,1295.27,2022-12-17,444206,False,,-32850.286616,96
819,78720,1296.7,2022-12-28,897551,False,,-15321.494648,96
820,78816,1298.08,2022-01-24,474787,False,,-29469.895967,96
821,78912,1299.55,2022-02-07,356435,False,,-21852.981748,96
822,79008,1301.13,2022-02-21,422812,False,,-19248.551401,96
823,79104,1302.69,2022-03-19,429209,False,,-35425.506577,96
824,79200,1304.31,2022-04-13,14713,False,,-21601.952615,96
825,79296,1305.72,2022-04-27,951169,False,,-20166.84276,96
826,79392,1307.1,2022-05-09,550240,False,,-25198.707082,96
827,79488,1308.76,2022-06-04,84736,False,,-31981.909546,96
828,79584,1310.18,2022-06-22,440164,False,,-31828.443424,96
829,79680,1311.8,2022-07-26,278027,False,,-29046.790822,96
830,79776,1313.33,2022-08-03,740460,False,,-21131.403552,96
831,79872,1314.68,2022-08-17,222884,False,,-21761.350308,96
832,79968,1316.16,2022-09-07,745856,False,,-25225.076128,96
833,80064,1330.48,2022-09-29,89121,False,,-11007.363571,96
834,80160,1331.89,2022-10-12,140370,False,,-18431.28718,96
835,80256,1333.39,2022-10-26,240307,False,,-32114.27134,96
836,80352,1334.91,2022-11-23,185787,False,,-27783.836329,96
837,80448,1336.36,2022-12-07,54253,False,,-19178.377149,96
838,80544,1337.84,2022-12-17,807313,False,,-20575.026903,96
839,80640,1339.33,2022-12-28,715852,False,,-20275.841215,96
840,80736,1340.73,2022-01-24,324700,False,,-17598.312555,96
841,80832,1342.35,2022-02-07,226531,False,,-26800.738579,96
842,80928,1343.67,2022-02-21,147115,False,,-18498.654699,96
843,81024,1345.15,2022-03-19,56216,False,,-33504.027933,96
844,81120,1346.71,2022-04-13,459020,False,,-18739.326725,96
845,81216,1348.21,2022-04-27,799896,False,,-28102.120422,96
846,81312,1349.81,2022-05-09,138970,False,,-18835.585214,96
847,81408,1351.29,2022-06-04,492478,False,,-16556.490272,96
848,81504,1352.84,2022-06-22,213691,False,,-16598.843352,96
849,81600,1354.27,2022-07-26,997413,False,,-33638.223508,96
850,81696,1355.7,2022-08-03,819995,False,,-18981.182997,96
851,81792,1357.36,2022-08-17,67862,False,,-19616.022842,96
852,81888,1358.9,2022-09-07,232861,False,,-29519.559107,96
853,81984,1360.25,2022-09-29,828355,False,,-10663.494198,96
854,82080,1361.96,2022-10-12,772109,False,,-18666.891806,96
855,82176,1363.67,2022-10-26,773620,False,,-15334.382585,96
856,82272,1365.23,2022-11-23,761829,False,,-23823.22649,96
857,82368,1366.72,2022-12-07,860093,False,,-20756.388999,96
858,82464,1368.37,2022-12-17,452209,False,,-25941.548589,96
859,82560,1369.85,2022-12-28,458929,False,,-10564.023239,96
860,82656,1371.41,2022-01-24,508852,False,,-16506.56915,96
861,82752,1372.8,2022-02-07,38322,False,,-25730.66298,96
862,82848,1374.37,2022-02-21,608428,False,,-30328.208254,96
863,82944,1375.69,2022-03-19,994689,False,,-26239.141143,96
864,83040,1377.1,2022-04-13,640469,False,,-19644.512159,96
865,83136,1378.69,2022-04-27,685386,False,,-19763.843677,96
866,83232,1380.13,2022-05-09,613518,False,,-32260.656129,96
867,83328,1381.49,2022-06-04,404332,False,,-26519.6836,96
868,83424,1382.91,2022-06-22,844475,False,,-19863.711627,96
869,83520,1384.24,2022-07-26,681554,False,,-11001.763166,96
870,83616,1385.49,2022-08-03,825721,False,,-11062.729397,96
871,83712,1386.87,2022-08-17,287361,False,,-24405.424704,96
872,83808,1388.29,2022-09-07,271305,False,,-21298.89419,96
873,83904,1389.53,2022-09-29,415810,False,,-19858.612836,96
874,84000,1390.98,2022-10-12,648767,False,,-24307.223083,96
875,84096,1392.33,2022-10-26,752249,False,,-12020.715571,96
876,84192,1393.74,2022-11-23,199200,False,,-14441.976585,96
877,84288,1395.07,2022-12-07,817687,False,,-14610.569719,96
878,84384,1396.51,2022-12-17,861818,False,,-15530.608509,96
879,84480,1397.96,2022-12-28,841377,False,,-16452.958594,96
880,84576,1399.22,2022-01-24,545046,False,,-28708.446716,96
881,84672,1400.84,2022-02-07,139772,False,,-19708.002589,96
882,84768,1402.27,2022-02-21,206747,False,,-36832.884765,96
883,84864,1403.63,2022-03-19,924438,False,,-30091.568451,96
884,84960,1405.04,2022-04-13,385074,False,,-17930.119646,96
885,85056,1406.49,2022-04-27,605601,False,,-27227.642185,96
886,85152,1407.89,2022-05-09,623862,False,,-21232.625171,96
887,85248,1409.31,2022-06-04,881718,False,,-12344.212652,96
888,85344,1410.71,2022-06-22,391771,False,,-25691.916541,96
889,85440,1412.05,2022-07-26,836970,False,,-13994.632216,96
890,85536,1413.51,2022-08-03,63362,False,,-14514.649444,96
891,85632,1415.1,2022-08-17,15209,False,,-14276.525587,96
892,85728,1416.56,2022-09-07,850364,False,,-26313.967691,96
893,85824,1417.89,2022-09-29,127599,False,,-10540.850472,96
894,85920,1419.38,2022-10-12,369324,False,,-17335.219345,96
895,86016,1420.94,2022-10-26,951474,False,,-16974.260867,96
896,86112,1422.66,2022-11-23,634621,False,,-33604.739506,96
897,86208,1424.1,2022-12-07,183443,False,,-30457.979968,96
898,86304,1425.64,2022-12-17,832549,False,,-26352.184347,96
899,86400,1427.05,2022-12-28,656808,False,,-18319.560202,96
900,86496,1428.52,2022-01-24,694787,False,,-18329.243806,96
901,86592,1429.86,2022-02-07,104105,False,,-17359.868787,96
902,86688,1431.46,2022-02-21,543422,False,,-30216.582038,96
903,86784,1433.07,2022-03-19,105893,False,,-11395.115659,96
904,86880,1434.56,2022-04-13,152539,False,,-19967.094907,96
905,86976,1435.92,2022-04-27,292226,False,,-18565.880929,96
906,87072,1437.33,2022-05-09,360640,False,,-20219.236246,96
907,87168,1438.93,2022-06-04,497851,False,,-16329.374976,96
908,87264,1440.7,2022-06-22,698836,False,,-25686.492235,96
909,87360,1442.45,2022-07-26,174061,False,,-17937.983024,96
910,87456,1443.92,2022-08-03,894329,False,,-38280.557978,96
911,87552,1445.37,2022-08-17,965579,False,,-22625.18497,96
912,87648,1447.25,2022-09-07,251039,False,,-20751.172955,96
913,87744,1449.02,2022-09-29,641129,False,,-23011.861002,96
914,87840,1450.7,2022-10-12,65890,False,,-17439.830559,96
915,87936,1452.15,2022-10-26,134940,False,,-29060.178928,96
916,88032,1453.65,2022-11-23,40435,False,,-14444.973064,96
917,88128,1455.11,2022-12-07,266350,False,,-21801.970237,96
918,88224,1456.57,2022-12-17,149474,False,,-16318.111343,96
919,88320,1458.64,2022-12-28,132436,False,,-31271.465661,96
920,88416,1460.37,2022-01-24,79453,False,,-40159.965592,96
921,88512,1462.03,2022-02-07,894601,False,,-23692.784012,96
922,88608,1463.66,2022-02-21,112043,False,,-9420.796875,96
923,88704,1465.26,2022-03-19,152898,False,,-24731.082425,96
924,88800,1466.79,2022-04-13,545221,False,,-28818.701724,96
925,88896,1468.48,2022-04-27,916806,False,,-24865.406237,96
926,88992,1470.32,2022-05-09,783288,False,,-24085.166414,96
927,89088,1471.99,2022-06-04,827788,False,,-25682.083313,96
928,89184,1473.55,2022-06-22,766433,False,,-21779.712313,96
929,89280,1475.33,2022-07-26,665085,False,,-34140.966783,96
930,89376,1476.76,2022-08-03,619006,False,,-14118.872661,96
931,89472,1478.32,2022-08-17,34888,False,,-24511.979484,96
932,89568,1480.11,2022-09-07,695893,False,,-14552.992643,96
933,89664,1481.9,2022-09-29,807013,False,,-10330.204241,96
934,89760,1483.66,2022-10-12,578682,False,,-18481.316083,96
935,89856,1485.26,2022-10-26,452620,False,,-13962.098551,96
936,89952,1486.82,2022-11-23,428656,False,,-28562.829577,96
937,90048,1501.82,2022-12-07,461372,False,,-14820.608037,96
938,90144,1503.14,2022-12-17,956079,False,,-26086.016533,96
939,90240,1504.7,2022-12-28,344459,False,,-24431.391822,96
940,90336,1506.2,2022-01-24,110120,False,,-22275.120786,96
941,90432,1507.84,2022-02-07,478565,False,,-24781.856289,96
942,90528,1509.29,2022-02-21,201334,False,,-32375.687073,96
943,90624,1510.66,2022-03-19,46026,False,,-28024.401982,96
944,90720,1512.13,2022-04-13,272144,False,,-11255.513604,96
945,90816,1513.48,2022-04-27,666362,False,,-19576.168442,96
946,90912,1514.98,2022-05-09,877852,False,,-26854.953699,96
947,91008,1516.61,2022-06-04,941821,False,,-15444.817965,96
948,91104,1518.38,2022-06-22,995540,False,,-19686.185816,96
949,91200,1519.91,2022-07-26,428241,False,,-20362.836976,96
950,91296,1521.39,2022-08-03,652999,False,,-21711.441781,96
951,91392,1523.16,2022-08-17,614307,False,,-20680.085765,96
952,91488,1524.96,2022-09-07,854594,False,,-37385.021246,96
953,91584,1527.45,2022-09-29,104546,False,,-27377.265292,96
954,91680,1529.45,2022-10-12,48151,False,,-35248.366259,96
955,91776,1530.94,2022-10-26,161493,False,,-25598.320199,96
956,91872,1532.67,2022-11-23,830832,False,,-11208.68484,96
957,91968,1534.28,2022-12-07,539708,False,,-12799.384198,96
958,92064,1536.13,2022-12-17,167337,False,,-26862.699985,96
959,92160,1537.9,2022-12-28,554220,False,,-20604.957322,96
960,92256,1539.53,2022-01-24,27687,False,,-24770.29524,96
961,92352,1541.31,2022-02-07,986525,False,,-20144.895932,96
962,92448,1542.97,2022-02-21,458730,False,,-25459.481999,96
963,92544,1544.51,2022-03-19,118852,False,,-21578.714061,96
964,92640,1546.29,2022-04-13,638510,False,,-15675.891745,96
965,92736,1548.14,2022-04-27,171674,False,,-18151.604044,96
966,92832,1549.88,2022-05-09,976182,False,,-17463.663199,96
967,92928,1551.49,2022-06-04,13654,False,,-12487.413981,96
968,93024,1553.17,2022-06-22,518133,False,,-14373.795237,96
969,93120,1554.56,2022-07-26,962672,False,,-41811.772432,96
970,93216,1556.14,2022-08-03,908503,False,,-13552.440243,96
971,93312,1557.65,2022-08-17,176102,False,,-22428.734559,96
972,93408,1559.36,2022-09-07,736517,False,,-27835.902065,96
973,93504,1560.98,2022-09-29,668693,False,,-26896.502695,96
974,93600,1562.55,2022-10-12,510353,False,,-11576.14309,96
975,93696,1564.14,2022-10-26,812351,False,,-23563.455767,96
976,93792,1565.75,2022-11-23,733871,False,,-33244.600773,96
977,93888,1567.28,2022-12-07,965013,False,,-20192.700157,96
978,93984,1568.81,2022-12-17,369203,False,,-28858.158113,96
979,94080,1570.57,2022-12-28,437048,False,,-15217.649294,96
980,94176,1572.22,2022-01-24,246872,False,,-32493.778127,96
981,94272,1574.01,2022-02-07,985304,False,,-35780.595825,96
982,94368,1575.95,2022-02-21,687422,False,,-23391.810745,96
983,94464,1577.47,2022-03-19,509272,False,,-13330.808528,96
984,94560,1578.99,2022-04-13,444315,False,,-26973.45733,96
985,94656,1580.52,2022-04-27,189759,False,,-22575.708551,96
986,94752,1582.23,2022-05-09,136426,False,,-25867.704943,96
987,94848,1583.69,2022-06-04,497783,False,,-13179.352339,96
988,94944,1585.19,2022-06-22,543750,False,,-30714.616835,96
989,95040,1586.82,2022-07-26,855183,False,,-19388.495253,96
990,95136,1588.53,2022-08-03,946929,False,,-17410.475326,96
991,95232,1590.31,2022-08-17,404615,False,,-21089.572825,96
992,95328,1591.98,2022-09-07,807198,False,,-18353.923652,96
993,95424,1593.63,2022-09-29,442641,False,,-15368.430776,96
994,95520,1595.29,2022-10-12,184310,False,,-14787.662929,96
995,95616,1597.09,2022-10-26,375228,False,,-16932.381043,96
996,95712,1598.73,2022-11-23,291357,False,,-16860.305161,96
997,95808,1600.32,2022-12-07,85210,False,,-14295.605603,96
998,95904,1601.94,2022-12-17,406392,False,,-13255.287428,96
999,96000,1603.48,2022-12-28,790295,False,,-13543.467486,96
1000,96096,1605.0,2022-01-24,944340,False,,-25892.396528,96
1001,96192,1606.77,2022-02-07,167409,False,,-14824.026784,96
1002,96288,1608.32,2022-02-21,786697,False,,-23108.226438,96
1003,96384,1609.99,2022-03-19,700205,False,,-10187.147352,96
1004,96480,1611.64,2022-04-13,768188,False,,-23748.184492,96
1005,96576,1613.31,2022-04-27,777958,False,,-23329.308193,96
1006,96672,1614.84,2022-05-09,63274,False,,-15608.443403,96
1007,96768,1616.37,2022-06-04,455606,False,,-12561.818964,96
1008,96864,1618.06,2022-06-22,40596,False,,-13142.556024,96
1009,96960,1619.79,2022-07-26,523573,False,,-20935.972678,96
1010,97056,1621.28,2022-08-03,643540,False,,-42934.907668,96
1011,97152,1623.05,2022-08-17,491418,False,,-33393.763101,96
1012,97248,1624.49,2022-09-07,5418,False,,-18545.800292,96
1013,97344,1625.94,2022-09-29,260245,False,,-30915.55968,96
1014,97440,1627.69,2022-10-12,623571,False,,-20052.426858,96
1015,97536,1629.01,2022-10-26,425989,False,,-19160.367688,96
1016,97632,1630.62,2022-11-23,409759,False,,-21710.201025,96
1017,97728,1632.18,2022-12-07,527631,False,,-34206.55054,96
1018,97824,1633.69,2022-12-17,627240,False,,-23736.308749,96
1019,97920,1635.43,2022-12-28,312250,False,,-14252.093193,96
1020,98016,1637.24,2022-01-24,532121,False,,-27967.794406,96
1021,98112,1638.96,2022-02-07,118806,False,,-29476.926941,96
1022,98208,1640.42,2022-02-21,994386,False,,-36754.131211,96
1023,98304,1642.12,2022-03-19,702308,False,,-23281.283534,96
1024,98400,1643.64,2022-04-13,119328,False,,-34873.850925,96
1025,98496,1645.16,2022-04-27,679215,False,,-10025.826621,96
1026,98592,1646.64,2022-05-09,801706,False,,-18499.842535,96
1027,98688,1648.24,2022-06-04,81293,False,,-25940.928764,96
1028,98784,1649.75,2022-06-22,339019,False,,-21930.459494,96
1029,98880,1651.36,2022-07-26,813592,False,,-22702.51224,96
1030,98976,1652.98,2022-08-03,291970,False,,-13418.647471,96
1031,99072,1654.62,2022-08-17,380331,False,,-16662.843294,96
1032,99168,1656.03,2022-09-07,419555,False,,-9931.875025,96
1033,99264,1657.5,2022-09-29,622491,False,,-22560.671829,96
1034,99360,1658.9,2022-10-12,864106,False,,-26777.306982,96
1035,99456,1660.88,2022-10-26,513924,False,,-33898.058185,96
1036,99552,1662.45,2022-11-23,816174,False,,-16962.193861,96
1037,99648,1664.34,2022-12-07,686466,False,,-20959.118963,96
1038,99744,1666.17,2022-12-17,691609,False,,-32403.266897,96
1039,99840,1667.98,2022-12-28,537150,False,,-36833.755269,96
1040,99936,1669.66,2022-01-24,451920,False,,-34380.438705,96
1041,100032,1685.96,2022-02-07,673775,False,,-15301.110584,96
1042,100128,1687.53,2022-02-21,36106,False,,-10087.979591,96
1043,100224,1689.06,2022-03-19,793699,False,,-15122.133868,96
1044,100320,1690.49,2022-04-13,379725,False,,-28176.860689,96
1045,100416,1691.97,2022-04-27,748762,False,,-16447.728623,96
1046,100512,1693.57,2022-05-09,397151,False,,-20188.589327,96
1047,100608,1695.04,2022-06-04,601396,False,,-14033.717541,96
1048,100704,1696.62,2022-06-22,449480,False,,-21676.123126,96
1049,100800,1698.02,2022-07-26,176312,False,,-15120.539496,96
1050,100896,1699.46,2022-08-03,912566,False,,-17061.663454,96
1051,100992,1701.05,2022-08-17,233599,False,,-28988.733402,96
1052,101088,1702.72,2022-09-07,55621,False,,-27550.776788,96
1053,101184,1704.24,2022-09-29,116874,False,,-15717.904703,96
1054,101280,1705.67,2022-10-12,287335,False,,-36513.248129,96
1055,101376,1707.0,2022-10-26,540046,False,,-19151.708195,96
1056,101472,1708.37,2022-11-23,839162,False,,-32520.054232,96
1057,101568,1709.76,2022-12-07,926401,False,,-28933.661443,96
1058,101664,1711.23,2022-12-17,253599,False,,-17676.212887,96
1059,101760,1712.77,2022-12-28,878057,False,,-38345.072244,96
1060,101856,1714.03,2022-01-24,657150,False,,-21026.12586,96
1061,101952,1715.3,2022-02-07,729603,False,,-23643.798467,96
1062,102048,1716.7,2022-02-21,665247,False,,-28877.208166,96
1063,102144,1718.18,2022-03-19,719696,False,,-22030.332854,96
1064,102240,1719.63,2022-04-13,605403,False,,-19987.004027,96
1065,102336,1721.03,2022-04-27,835511,False,,-33696.572546,96
1066,102432,1722.44,2022-05-09,279473,False,,-18319.270846,96
1067,102528,1723.87,2022-06-04,824435,False,,-18298.018318,96
1068,102624,1725.17,2022-06-22,806415,False,,-40598.695354,96
1069,102720,1726.59,2022-07-26,692727,False,,-27128.959737,96
1070,102816,1728.04,2022-08-03,129068,False,,-10318.227896,96
1071,102912,1729.58,2022-08-17,646229,False,,-27337.983392,96
1072,103008,1731.38,2022-09-07,677407,False,,-20648.382592,96
1073,103104,1732.93,2022-09-29,8523,False,,-15820.342051,96
1074,103200,1734.45,2022-10-12,51580,False,,-30231.360117,96
1075,103296,1735.89,2022-10-26,771655,False,,-20672.965819,96
1076,103392,1737.36,2022-11-23,833553,False,,-12304.15629,96
1077,103488,1738.76,2022-12-07,704723,False,,-29805.1422,96
1078,103584,1740.26,2022-12-17,66969,False,,-28938.421065,96
1079,103680,1741.72,2022-12-28,666853,False,,-14299.190948,96
1080,103776,1743.13,2022-01-24,160972,False,,-18433.745091,96
1081,103872,1744.48,2022-02-07,501932,False,,-16210.284816,96
1082,103968,1746.0,2022-02-21,356549,False,,-20814.149629,96
1083,104064,1747.41,2022-03-19,596592,False,,-30634.158835,96
1084,104160,1748.85,2022-04-13,99061,False,,-31714.074502,96
1085,104256,1750.2,2022-04-27,133235,False,,-30441.016613,96
1086,104352,1751.57,2022-05-09,358970,False,,-29640.000155,96
1087,104448,1752.85,2022-06-04,254759,False,,-10904.480567,96
1088,104544,1754.42,2022-06-22,324111,False,,-27314.106963,96
1089,104640,1755.81,2022-07-26,490732,False,,-16311.017102,96
1090,104736,1757.09,2022-08-03,257332,False,,-34052.653031,96
1091,104832,1758.35,2022-08-17,568351,False,,-27281.996848,96
1092,104928,1759.71,2022-09-07,833078,False,,-30937.024022,96
1093,105024,1761.19,2022-09-29,551079,False,,-19423.472018,96
1094,105120,1762.73,2022-10-12,130616,False,,-47262.23612,96
1095,105216,1764.19,2022-10-26,251869,False,,-25267.65359,96
1096,105312,1765.62,2022-11-23,242649,False,,-28683.072451,96
1097,105408,1767.08,2022-12-07,637759,False,,-13563.503709,96
1098,105504,1768.58,2022-12-17,197197,False,,-22233.172265,96
1099,105600,1770.01,2022-12-28,73145,False,,-11574.273318,96
1100,105696,1771.35,2022-01-24,574152,False,,-21561.50708,96
1101,105792,1772.71,2022-02-07,337685,False,,-20528.596598,96
1102,105888,1774.18,2022-02-21,368056,False,,-15014.790798,96
1103,105984,1775.48,2022-03-19,66909,False,,-10170.034725,96
1104,106080,1776.8,2022-04-13,72299,False,,-34201.89087,96
1105,106176,1778.16,2022-04-27,430789,False,,-15752.697911,96
1106,106272,1779.73,2022-05-09,96677,False,,-24533.568082,96
1107,106368,1781.21,2022-06-04,169716,False,,-26568.774208,96
1108,106464,1782.7,2022-06-22,276965,False,,-17386.347808,96
1109,106560,1783.94,2022-07-26,622270,False,,-34274.578114,96
1110,106656,1785.41,2022-08-03,784075,False,,-34961.361698,96
1111,106752,1786.86,2022-08-17,894052,False,,-13263.253663,96
1112,106848,1788.65,2022-09-07,217295,False,,-20070.596731,96
1113,106944,1790.36,2022-09-29,790227,False,,-35846.05107,96
1114,107040,1791.91,2022-10-12,10940,False,,-22576.972462,96
1115,107136,1793.28,2022-10-26,166598,False,,-21167.967745,96
1116,107232,1794.93,2022-11-23,357152,False,,-19134.663692,96
1117,107328,1796.36,2022-12-07,459723,False,,-42539.252582,96
1118,107424,1797.75,2022-12-17,313799,False,,-16686.501747,96
1119,107520,1799.14,2022-12-28,672408,False,,-23051.593204,96
1120,107616,1800.59,2022-01-24,829029,False,,-26121.297405,96
1121,107712,1801.96,2022-02-07,981549,False,,-18323.206239,96
1122,107808,1803.38,2022-02-21,198741,False,,-24421.960978,96
1123,107904,1804.74,2022-03-19,947205,False,,-29621.211044,96
1124,108000,1806.28,2022-04-13,937286,False,,-23782.625387,96
1125,108096,1807.72,2022-04-27,397142,False,,-22470.720088,96
1126,108192,1809.15,2022-05-09,472213,False,,-35720.783549,96
1127,108288,1810.69,2022-06-04,691499,False,,-20012.040782,96
1128,108384,1812.2,2022-06-22,478387,False,,-23128.837929,96
1129,108480,1813.73,2022-07-26,48327,False,,-24184.12393,96
1130,108576,1815.15,2022-08-03,155830,False,,-46327.407,96
1131,108672,1816.79,2022-08-17,305870,False,,-13219.492691,96
1132,108768,1818.19,2022-09-07,140408,False,,-25539.195648,96
1133,108864,1819.64,2022-09-29,698753,False,,-15919.39623,96
1134,108960,1821.2,2022-10-12,925023,False,,-22668.684066,96
1135,109056,1822.81,2022-10-26,434088,False,,-15377.032902,96
1136,109152,1824.13,2022-11-23,453327,False,,-24167.588022,96
1137,109248,1825.66,2022-12-07,570439,False,,-16874.598425,96
1138,109344,1827.18,2022-12-17,361391,False,,-41586.421752,96
1139,109440,1828.73,2022-12-28,257179,False,,-23085.337335,96
1140,109536,1830.28,2022-01-24,122998,False,,-22506.55593,96
1141,109632,1831.77,2022-02-07,659810,False,,-20191.452012,96
1142,109728,1833.41,2022-02-21,988970,False,,-32215.517331,96
1143,109824,1835.12,2022-03-19,306044,False,,-50254.885306,96
1144,109920,1836.64,2022-04-13,105223,False,,-12644.790047,96
1145,110016,1851.85,2022-04-27,722636,False,,-47296.883565,96
1146,110112,1853.31,2022-05-09,971435,False,,-17756.909355,96
1147,110208,1855.14,2022-06-04,571655,False,,-14806.159384,96
1148,110304,1856.74,2022-06-22,870669,False,,-32172.328855,96
1149,110400,1858.27,2022-07-26,446108,False,,-29706.018628,96
1150,110496,1859.99,2022-08-03,478882,False,,-24804.691963,96
1151,110592,1861.5,2022-08-17,855891,False,,-24308.071598,96
1152,110688,1863.18,2022-09-07,147773,False,,-39237.539778,96
1153,110784,1864.73,2022-09-29,540923,False,,-21361.098319,96
1154,110880,1866.42,2022-10-12,709046,False,,-15896.689511,96
1155,110976,1868.05,2022-10-26,903504,False,,-15889.414387,96
1156,111072,1869.67,2022-11-23,146590,False,,-30339.184909,96
1157,111168,1871.26,2022-12-07,675511,False,,-14932.233735,96
1158,111264,1873.03,2022-12-17,554119,False,,-47582.485477,96
1159,111360,1874.82,2022-12-28,747156,False,,-25484.231125,96
1160,111456,1876.43,2022-01-24,638846,False,,-25327.8327,96
1161,111552,1878.25,2022-02-07,138839,False,,-19981.723035,96
1162,111648,1880.0,2022-02-21,676672,False,,-48543.212303,96
1163,111744,1881.66,2022-03-19,262159,False,,-16972.717742,96
1164,111840,1883.51,2022-04-13,300452,False,,-17083.520642,96
1165,111936,1885.26,2022-04-27,25564,False,,-9742.481012,96
1166,112032,1886.96,2022-05-09,378957,False,,-17445.371428,96
1167,112128,1888.48,2022-06-04,824198,False,,-32627.229786,96
1168,112224,1890.17,2022-06-22,121299,False,,-41182.298327,96
1169,112320,1891.93,2022-07-26,717996,False,,-23485.064127,96
1170,112416,1893.65,2022-08-03,353003,False,,-19090.838734,96
1171,112512,1895.36,2022-08-17,692636,False,,-9224.742935,96
1172,112608,1896.89,2022-09-07,974507,False,,-30792.822657,96
1173,112704,1898.48,2022-09-29,645443,False,,-27477.262444,96
1174,112800,1900.17,2022-10-12,66505,False,,-14047.835116,96
1175,112896,1901.94,2022-10-26,596307,False,,-29009.199334,96
1176,112992,1903.48,2022-11-23,896922,False,,-24207.588994,96
1177,113088,1905.05,2022-12-07,109849,False,,-10072.493967,96
1178,113184,1906.67,2022-12-17,581224,False,,-15988.880799,96
1179,113280,1908.42,2022-12-28,879437,False,,-31665.324323,96
1180,113376,1910.04,2022-01-24,107298,False,,-16595.161975,96
1181,113472,1911.73,2022-02-07,208187,False,,-21729.893643,96
1182,113568,1913.53,2022-02-21,265285,False,,-26843.116746,96
1183,113664,1915.17,2022-03-19,835388,False,,-36757.739737,96
1184,113760,1916.86,2022-04-13,582898,False,,-30668.425035,96
1185,113856,1918.6,2022-04-27,46223,False,,-25170.105384,96
1186,113952,1920.19,2022-05-09,577678,False,,-11044.341882,96
1187,114048,1921.84,2022-06-04,232905,False,,-8845.501723,96
1188,114144,1923.46,2022-06-22,365372,False,,-20806.666734,96
1189,114240,1925.11,2022-07-26,480013,False,,-14143.81859,96
1190,114336,1926.59,2022-08-03,184868,False,,-31956.503574,96
1191,114432,1928.33,2022-08-17,451489,False,,-17062.842196,96
1192,114528,1929.97,2022-09-07,787105,False,,-14733.41678,96
1193,114624,1931.57,2022-09-29,538009,False,,-35744.208986,96
1194,114720,1933.3,2022-10-12,392579,False,,-11375.79612,96
1195,114816,1934.9,2022-10-26,62849,False,,-13179.901177,96
1196,114912,1936.54,2022-11-23,310168,False,,-28175.464797,96
1197,115008,1938.1,2022-12-07,326455,False,,-27268.162615,96
1198,115104,1939.78,2022-12-17,260066,False,,-16822.474618,96
1199,115200,1941.3,2022-12-28,591655,False,,-38372.026915,96
1200,115296,1943.01,2022-01-24,427392,False,,-23882.507155,96
1201,115392,1944.67,2022-02-07,959218,False,,-49123.228145,96
1202,115488,1946.3,2022-02-21,163000,False,,-25636.556643,96
1203,115584,1948.06,2022-03-19,440112,False,,-16512.336688,96
1204,115680,1949.57,2022-04-13,575984,False,,-21248.968881,96
1205,115776,1951.16,2022-04-27,474511,False,,-14883.632432,96
1206,115872,1952.74,2022-05-09,688816,False,,-14289.957303,96
1207,115968,1954.46,2022-06-04,345983,False,,-12793.415336,96
1208,116064,1956.11,2022-06-22,271934,False,,-42472.394415,96
1209,116160,1957.55,2022-07-26,475267,False,,-10399.480702,96
1210,116256,1959.08,2022-08-03,871806,False,,-25886.429949,96
1211,116352,1960.38,2022-08-17,357806,False,,-22472.963549,96
1212,116448,1961.81,2022-09-07,412718,False,,-18661.867076,96
1213,116544,1963.09,2022-09-29,84815,False,,-20685.055996,96
1214,116640,1964.66,2022-10-12,932444,False,,-14993.49387,96
1215,116736,1966.27,2022-10-26,555764,False,,-19642.34609,96
1216,116832,1967.72,2022-11-23,234823,False,,-18117.379144,96
1217,116928,1969.22,2022-12-07,980677,False,,-17690.067242,96
1218,117024,1970.72,2022-12-17,204864,False,,-29285.363267,96
1219,117120,1972.22,2022-12-28,504909,False,,-28763.642618,96
1220,117216,1973.63,2022-01-24,859095,False,,-26736.842466,96
1221,117312,1975.16,2022-02-07,24929,False,,-22868.571049,96
1222,117408,1976.57,2022-02-21,18608,False,,-20615.776269,96
1223,117504,1978.1,2022-03-19,91198,False,,-32572.475082,96
1224,117600,1979.55,2022-04-13,501186,False,,-12980.018101,96
1225,117696,1981.07,2022-04-27,756854,False,,-15795.077461,96
1226,117792,1982.53,2022-05-09,766806,False,,-34632.928661,96
1227,117888,1984.11,2022-06-04,321445,False,,-26415.905412,96
1228,117984,1985.56,2022-06-22,858301,False,,-15811.508004,96
1229,118080,1987.0,2022-07-26,857408,False,,-22099.506961,96
1230,118176,1988.6,2022-08-03,807374,False,,-18312.50994,96
1231,118272,1990.07,2022-08-17,411495,False,,-30851.820874,96
1232,118368,1991.51,2022-09-07,690316,False,,-24374.434849,96
1233,118464,1993.03,2022-09-29,502416,False,,-23495.186717,96
1234,118560,1994.6,2022-10-12,472774,False,,-25720.780533,96
1235,118656,1996.07,2022-10-26,907417,False,,-28968.575579,96
1236,118752,1997.52,2022-11-23,545091,False,,-10456.11554,96
1237,118848,1998.95,2022-12-07,903772,False,,-31201.639963,96
1238,118944,2000.46,2022-12-17,134116,False,,-22478.918799,96
1239,119040,2001.92,2022-12-28,553788,False,,-19103.668633,96
1240,119136,2003.38,2022-01-24,587728,False,,-22309.530164,96
1241,119232,2004.77,2022-02-07,879176,False,,-13562.129363,96
1242,119328,2006.31,2022-02-21,158406,False,,-19426.081196,96
1243,119424,2007.83,2022-03-19,747650,False,,-10194.705849,96
1244,119520,2009.35,2022-04-13,242716,False,,-30671.163249,96
1245,119616,2010.92,2022-04-27,610641,False,,-29215.056081,96
1246,119712,2012.43,2022-05-09,834328,False,,-32507.354602,96
1247,119808,2014.04,2022-06-04,414158,False,,-18846.739632,96
1248,119904,2015.49,2022-06-22,972412,False,,-16723.483408,96
1249,120000,2017.05,2022-07-26,339621,False,,-32941.026333,96
1250,120096,2031.88,2022-08-03,378580,False,,-23688.54188,96
1251,120192,2033.35,2022-08-17,306827,False,,-21297.331103,96
1252,120288,2034.9,2022-09-07,364297,False,,-51956.669516,96
1253,120384,2036.31,2022-09-29,557416,False,,-34909.408922,96
1254,120480,2037.76,2022-10-12,867762,False,,-38296.235758,96
1255,120576,2039.19,2022-10-26,296111,False,,-29125.607261,96
1256,120672,2040.77,2022-11-23,350360,False,,-16124.638564,96
1257,120768,2042.35,2022-12-07,320022,False,,-36206.676316,96
1258,120864,2043.95,2022-12-17,935894,False,,-52747.390997,96
1259,120960,2045.36,2022-12-28,62523,False,,-32514.747523,96
1260,121056,2046.87,2022-01-24,280778,False,,-20649.947302,96
1261,121152,2048.36,2022-02-07,232854,False,,-24003.285637,96
1262,121248,2049.85,2022-02-21,794652,False,,-32056.393865,96
1263,121344,2051.51,2022-03-19,983910,False,,-17886.866115,96
1264,121440,2052.86,2022-04-13,508368,False,,-18756.653204,96
1265,121536,2054.22,2022-04-27,111462,False,,-31937.322068,96
1266,121632,2055.69,2022-05-09,599599,False,,-20937.636063,96
1267,121728,2057.19,2022-06-04,286167,False,,-20066.854871,96
1268,121824,2058.7,2022-06-22,517234,False,,-22956.288344,96
1269,121920,2060.26,2022-07-26,902690,False,,-30284.073764,96
1270,122016,2061.75,2022-08-03,510874,False,,-28687.931234,96
1271,122112,2063.29,2022-08-17,703991,False,,-28766.781199,96
1272,122208,2064.8,2022-09-07,873787,False,,-21545.422814,96
1273,122304,2066.23,2022-09-29,402265,False,,-21345.556316,96
1274,122400,2067.69,2022-10-12,382431,False,,-18693.993778,96
1275,122496,2069.1,2022-10-26,965843,False,,-21500.825578,96
1276,122592,2070.64,2022-11-23,456062,False,,-39560.459273,96
1277,122688,2072.07,2022-12-07,621945,False,,-20483.247454,96
1278,122784,2073.56,2022-12-17,410502,False,,-25326.298312,96
1279,122880,2074.92,2022-12-28,59913,False,,-21692.923142,96
1280,122976,2076.49,2022-01-24,603880,False,,-22870.950203,96
1281,123072,2077.98,2022-02-07,986759,False,,-30934.036502,96
1282,123168,2079.48,2022-02-21,255926,False,,-18335.671059,96
1283,123264,2080.96,2022-03-19,30090,False,,-19028.678212,96
1284,123360,2082.53,2022-04-13,441823,False,,-39138.456215,96
1285,123456,2084.01,2022-04-27,623455,False,,-33208.152462,96
1286,123552,2085.54,2022-05-09,535280,False,,-35031.852379,96
1287,123648,2087.08,2022-06-04,962077,False,,-26948.441846,96
1288,123744,2088.46,2022-06-22,40087,False,,-13683.577092,96
1289,123840,2089.84,2022-07-26,357418,False,,-29623.170125,96
1290,123936,2091.27,2022-08-03,202391,False,,-10766.683674,96
1291,124032,2092.85,2022-08-17,848318,False,,-23939.285202,96
1292,124128,2094.33,2022-09-07,359145,False,,-32412.253178,96
1293,124224,2095.71,2022-09-29,168142,False,,-19225.98607,96
1294,124320,2097.18,2022-10-12,839979,False,,-28021.436988,96
1295,124416,2098.59,2022-10-26,878077,False,,-25414.921575,96
1296,124512,2100.03,2022-11-23,858798,False,,-18447.986252,96
1297,124608,2101.59,2022-12-07,265745,False,,-49345.997278,96
1298,124704,2103.04,2022-12-17,862286,False,,-27531.199397,96
1299,124800,2104.59,2022-12-28,734490,False,,-13407.812213,96
1300,124896,2106.11,2022-01-24,953274,False,,-9905.855068,96
1301,124992,2107.48,2022-02-07,804503,False,,-26949.6293,96
1302,125088,2109.06,2022-02-21,654270,False,,-25674.683905,96
1303,125184,2110.58,2022-03-19,971314,False,,-10304.166251,96
1304,125280,2112.16,2022-04-13,699310,False,,-13354.654754,96
1305,125376,2113.71,2022-04-27,734511,False,,-27974.465568,96
1306,125472,2115.15,2022-05-09,875969,False,,-14459.181886,96
1307,125568,2116.62,2022-06-04,267498,False,,-21652.060901,96
1308,125664,2118.11,2022-06-22,96053,False,,-21276.037825,96
1309,125760,2119.62,2022-07-26,431800,False,,-16308.901242,96
1310,125856,2121.14,2022-08-03,460713,False,,-19829.531046,96
1311,125952,2122.7,2022-08-17,27579,False,,-16076.147316,96
1312,126048,2124.23,2022-09-07,997351,False,,-24521.270926,96
1313,126144,2125.73,2022-09-29,670644,False,,-21328.852981,96
1314,126240,2127.31,2022-10-12,465957,False,,-27333.366776,96
1315,126336,2128.77,2022-10-26,498520,False,,-29674.195073,96
1316,126432,2130.36,2022-11-23,476694,False,,-9842.419172,96
1317,126528,2131.86,2022-12-07,670036,False,,-26075.647181,96
1318,126624,2133.42,2022-12-17,672311,False,,-18099.215987,96
1319,126720,2134.82,2022-12-28,303102,False,,-11054.670012,96
1320,126816,2136.34,2022-01-24,304376,False,,-12515.954829,96
1321,126912,2137.8,2022-02-07,727527,False,,-18604.461816,96
1322,127008,2139.41,2022-02-21,65940,False,,-23173.776404,96
1323,127104,2140.89,2022-03-19,607996,False,,-34283.248538,96
1324,127200,2142.43,2022-04-13,518902,False,,-31334.953913,96
1325,127296,2143.99,2022-04-27,771730,False,,-25949.487593,96
1326,127392,2145.54,2022-05-09,540756,False,,-18461.286086,96
1327,127488,2146.99,2022-06-04,62592,False,,-28630.441388,96
1328,127584,2148.57,2022-06-22,839322,False,,-19363.825422,96
1329,127680,2150.14,2022-07-26,821526,False,,-27091.408302,96
1330,127776,2151.61,2022-08-03,484469,False,,-13231.344344,96
1331,127872,2153.21,2022-08-17,849950,False,,-37502.660341,96
1332,127968,2154.66,2022-09-07,286761,False,,-12652.408275,96
1333,128064,2156.21,2022-09-29,601130,False,,-18458.260251,96
1334,128160,2157.81,2022-10-12,525904,False,,-31448.72868,96
1335,128256,2159.71,2022-10-26,163136,False,,-30199.548408,96
1336,128352,2161.34,2022-11-23,329640,False,,-18561.709335,96
1337,128448,2162.99,2022-12-07,43249,False,,-16504.743676,96
1338,128544,2164.52,2022-12-17,797706,False,,-29314.923854,96
1339,128640,2166.03,2022-12-28,222165,False,,-16659.604138,96
1340,128736,2167.59,2022-01-24,570608,False,,-39088.148132,96
1341,128832,2169.14,2022-02-07,982647,False,,-11141.248837,96
1342,128928,2170.53,2022-02-21,233910,False,,-35061.439578,96
1343,129024,2171.96,2022-03-19,161048,False,,-28557.367896,96
1344,129120,2173.58,2022-04-13,803051,False,,-16569.388827,96
1345,129216,2175.33,2022-04-27,420130,False,,-21390.741957,96
1346,129312,2176.84,2022-05-09,644209,False,,-17467.447605,96
1347,129408,2178.36,2022-06-04,471847,False,,-16378.451235,96
1348,129504,2179.78,2022-06-22,194621,False,,-31670.486814,96
1349,129600,2181.31,2022-07-26,150464,False,,-16255.335589,96
1350,129696,2182.76,2022-08-03,185935,False,,-16530.913951,96
1351,129792,2184.26,2022-08-17,351737,False,,-16523.681034,96
1352,129888,2185.67,2022-09-07,590991,False,,-22005.165115,96
1353,129984,2187.16,2022-09-29,771921,False,,-33752.373378,96
1354,130080,2202.43,2022-10-12,848538,False,,-17924.033363,96
1355,130176,2203.88,2022-10-26,21524,False,,-21348.799487,96
1356,130272,2205.42,2022-11-23,977132,False,,-49990.256538,96
1357,130368,2206.97,2022-12-07,891563,False,,-24744.271051,96
1358,130464,2208.36,2022-12-17,80530,False,,-24905.624899,96
1359,130560,2209.83,2022-12-28,881306,False,,-14146.338388,96
1360,130656,2211.36,2022-01-24,645600,False,,-16190.894401,96
1361,130752,2212.98,2022-02-07,715728,False,,-14878.223583,96
1362,130848,2214.41,2022-02-21,39069,False,,-16960.633368,96
1363,130944,2215.93,2022-03-19,55082,False,,-24268.499452,96
1364,131040,2217.33,2022-04-13,81320,False,,-23750.902974,96
1365,131136,2218.83,2022-04-27,702192,False,,-23587.974612,96
1366,131232,2220.24,2022-05-09,738954,False,,-42944.89657,96
1367,131328,2221.76,2022-06-04,522514,False,,-22973.734424,96
1368,131424,2223.24,2022-06-22,750227,False,,-22162.02993,96
1369,131520,2224.76,2022-07-26,3884,False,,-17358.354129,96
1370,131616,2226.31,2022-08-03,87061,False,,-19139.984342,96
1371,131712,2227.88,2022-08-17,736074,False,,-11536.707811,96
1372,131808,2229.31,2022-09-07,739159,False,,-17016.854269,96
1373,131904,2230.83,2022-09-29,780938,False,,-20907.245949,96
1374,132000,2232.39,2022-10-12,553584,False,,-28762.982479,96
1375,132096,2233.83,2022-10-26,643308,False,,-44732.050413,96
1376,132192,2235.31,2022-11-23,365329,False,,-14223.360773,96
1377,132288,2236.81,2022-12-07,698614,False,,-6476.789912,96
1378,132384,2238.26,2022-12-17,833109,False,,-18236.921408,96
1379,132480,2239.74,2022-12-28,883008,False,,-16948.772136,96
1380,132576,2241.24,2022-01-24,804228,False,,-18290.975764,96
1381,132672,2242.84,2022-02-07,386181,False,,-16155.791561,96
1382,132768,2244.41,2022-02-21,134202,False,,-26765.610786,96
1383,132864,2245.91,2022-03-19,348008,False,,-23260.809041,96
1384,132960,2247.4,2022-04-13,180703,False,,-26446.165497,96
1385,133056,2249.0,2022-04-27,345220,False,,-21049.162138,96
1386,133152,2250.52,2022-05-09,47393,False,,-23838.071811,96
1387,133248,2252.12,2022-06-04,482901,False,,-20452.188324,96
1388,133344,2253.69,2022-06-22,14144,False,,-14684.992282,96
1389,133440,2255.17,2022-07-26,495428,False,,-23240.466927,96
1390,133536,2256.64,2022-08-03,363213,False,,-24111.67695,96
1391,133632,2258.05,2022-08-17,208873,False,,-17060.253063,96
1392,133728,2259.6,2022-09-07,818670,False,,-15060.479657,96
1393,133824,2261.32,2022-09-29,150858,False,,-21353.508598,96
1394,133920,2262.79,2022-10-12,681479,False,,-19223.114383,96
1395,134016,2264.26,2022-10-26,633069,False,,-48834.673773,96
1396,134112,2265.87,2022-11-23,859401,False,,-14389.456917,96
1397,134208,2267.67,2022-12-07,163260,False,,-13606.398748,96
1398,134304,2269.17,2022-12-17,34951,False,,-24635.520366,96
1399,134400,2270.7,2022-12-28,191077,False,,-18048.439415,96
1400,134496,2272.19,2022-01-24,149046,False,,-27697.756496,96
1401,134592,2273.72,2022-02-07,524003,False,,-19157.108561,96
1402,134688,2275.3,2022-02-21,337895,False,,-14747.580255,96
1403,134784,2276.81,2022-03-19,9775,False,,-41256.399665,96
1404,134880,2278.29,2022-04-13,995053,False,,-15610.538564,96
1405,134976,2279.83,2022-04-27,215,False,,-23662.291093,96
1406,135072,2281.42,2022-05-09,137447,False,,-18871.659271,96
1407,135168,2282.84,2022-06-04,43308,False,,-14941.527828,96
1408,135264,2284.46,2022-06-22,600548,False,,-14611.159962,96
1409,135360,2286.07,2022-07-26,656880,False,,-37672.264815,96
1410,135456,2287.86,2022-08-03,744202,False,,-18525.29251,96
1411,135552,2289.5,2022-08-17,450050,False,,-10224.758414,96
1412,135648,2291.21,2022-09-07,758001,False,,-17291.515229,96
1413,135744,2292.82,2022-09-29,272350,False,,-11035.70263,96
1414,135840,2294.25,2022-10-12,121665,False,,-20052.088705,96
1415,135936,2295.89,2022-10-26,87092,False,,-28100.87352,96
1416,136032,2297.29,2022-11-23,915867,False,,-22359.779863,96
1417,136128,2298.87,2022-12-07,233059,False,,-15970.134467,96
1418,136224,2300.34,2022-12-17,428871,False,,-27414.17834,96
1419,136320,2301.86,2022-12-28,825004,False,,-33948.721703,96
1420,136416,2303.39,2022-01-24,984915,False,,-22641.100937,96
1421,136512,2304.94,2022-02-07,306747,False,,-27372.904592,96
1422,136608,2306.38,2022-02-21,291323,False,,-13413.40984,96
1423,136704,2308.05,2022-03-19,749279,False,,-38459.07168,96
1424,136800,2309.57,2022-04-13,5569,False,,-32330.793727,96
1425,136896,2311.0,2022-04-27,154469,False,,-26598.277019,96
1426,136992,2312.49,2022-05-09,62849,False,,-13857.205653,96
1427,137088,2314.02,2022-06-04,443403,False,,-20379.202801,96
1428,137184,2315.57,2022-06-22,859107,False,,-17706.242454,96
1429,137280,2317.07,2022-07-26,126635,False,,-33762.498389,96
1430,137376,2318.44,2022-08-03,892624,False,,-31473.379499,96
1431,137472,2319.99,2022-08-17,346899,False,,-9646.766335,96
1432,137568,2321.39,2022-09-07,868428,False,,-38778.971392,96
1433,137664,2322.95,2022-09-29,575016,False,,-12029.279196,96
1434,137760,2324.74,2022-10-12,139705,False,,-25410.350167,96
1435,137856,2326.6,2022-10-26,106316,False,,-10015.75481,96
1436,137952,2328.31,2022-11-23,621740,False,,-19956.136011,96
1437,138048,2329.97,2022-12-07,903341,False,,-18349.343071,96
1438,138144,2331.45,2022-12-17,374010,False,,-17665.057622,96
1439,138240,2333.0,2022-12-28,77454,False,,-22795.533207,96
1440,138336,2334.51,2022-01-24,458374,False,,-12154.725519,96
1441,138432,2336.0,2022-02-07,148538,False,,-22847.419869,96
1442,138528,2337.58,2022-02-21,520153,False,,-17240.064909,96
1443,138624,2339.28,2022-03-19,83547,False,,-24831.194705,96
1444,138720,2340.92,2022-04-13,573659,False,,-27445.269871,96
1445,138816,2342.61,2022-04-27,678579,False,,-15857.983751,96
1446,138912,2344.14,2022-05-09,952523,False,,-20013.872237,96
1447,139008,2345.67,2022-06-04,547183,False,,-33529.645967,96
1448,139104,2347.29,2022-06-22,669441,False,,-30364.127805,96
1449,139200,2348.77,2022-07-26,50006,False,,-28848.087847,96
1450,139296,2350.3,2022-08-03,63071,False,,-18076.977345,96
1451,139392,2351.84,2022-08-17,500432,False,,-36551.535276,96
1452,139488,2353.44,2022-09-07,321672,False,,-18943.761466,96
1453,139584,2355.0,2022-09-29,735521,False,,-16776.423054,96
1454,139680,2356.52,2022-10-12,16749,False,,-13119.284954,96
1455,139776,2358.09,2022-10-26,336647,False,,-16053.907563,96
1456,139872,2359.7,2022-11-23,678266,False,,-39067.811546,96
1457,139968,2361.27,2022-12-07,243302,False,,-21667.744526,96
1458,140064,2376.55,2022-12-17,163204,False,,-20511.214354,96
1459,140160,2378.05,2022-12-28,422375,False,,-21792.425088,96
1460,140256,2379.54,2022-01-24,593344,False,,-20212.397777,96
1461,140352,2381.08,2022-02-07,619955,False,,-32380.580065,96
1462,140448,2382.48,2022-02-21,167647,False,,-26672.565115,96
1463,140544,2383.99,2022-03-19,984634,False,,-12502.745791,96
1464,140640,2385.45,2022-04-13,722100,False,,-24901.407454,96
1465,140736,2386.89,2022-04-27,366864,False,,-25054.000402,96
1466,140832,2388.3,2022-05-09,157057,False,,-30278.156237,96
1467,140928,2389.84,2022-06-04,827213,False,,-27667.844781,96
1468,141024,2391.3,2022-06-22,690570,False,,-22041.694634,96
1469,141120,2392.73,2022-07-26,894943,False,,-11959.664168,96
1470,141216,2394.24,2022-08-03,554107,False,,-36331.6373,96
1471,141312,2395.9,2022-08-17,46016,False,,-12162.582226,96
1472,141408,2397.34,2022-09-07,632053,False,,-17539.964263,96
1473,141504,2398.83,2022-09-29,250533,False,,-25836.271022,96
1474,141600,2400.32,2022-10-12,506312,False,,-20464.602166,96
1475,141696,2401.71,2022-10-26,394948,False,,-24421.254989,96
1476,141792,2403.03,2022-11-23,921928,False,,-27995.098076,96
1477,141888,2404.47,2022-12-07,939363,False,,-19419.22609,96
1478,141984,2405.97,2022-12-17,52074,False,,-22377.366577,96
1479,142080,2407.55,2022-12-28,877185,False,,-19392.09243,96
1480,142176,2409.17,2022-01-24,335597,False,,-19006.338757,96
1481,142272,2410.64,2022-02-07,370697,False,,-38707.685028,96
1482,142368,2412.13,2022-02-21,213098,False,,-16696.047299,96
1483,142464,2413.57,2022-03-19,970475,False,,-13862.836203,96
1484,142560,2415.06,2022-04-13,103579,False,,-33846.943375,96
1485,142656,2416.59,2022-04-27,312017,False,,-39992.155117,96
1486,142752,2418.15,2022-05-09,923648,False,,-20268.354245,96
1487,142848,2419.71,2022-06-04,313259,False,,-33719.933361,96
1488,142944,2421.25,2022-06-22,389923,False,,-18203.073393,96
1489,143040,2422.63,2022-07-26,717990,False,,-9792.199629,96
1490,143136,2424.06,2022-08-03,530325,False,,-22020.794954,96
1491,143232,2425.43,2022-08-17,871621,False,,-14040.002671,96
1492,143328,2426.83,2022-09-07,794965,False,,-17019.870278,96
1493,143424,2428.38,2022-09-29,382830,False,,-13811.216206,96
1494,143520,2429.81,2022-10-12,45006,False,,-12364.02356,96
1495,143616,2431.2,2022-10-26,461873,False,,-14436.19077,96
1496,143712,2432.73,2022-11-23,686665,False,,-27124.641378,96
1497,143808,2434.31,2022-12-07,755389,False,,-10186.56427,96
1498,143904,2435.95,2022-12-17,108988,False,,-23663.744564,96
1499,144000,2437.42,2022-12-28,108191,False,,-38192.743121,96
1500,144096,2439.02,2022-01-24,845465,False,,-28141.916702,96
1501,144192,2440.56,2022-02-07,538421,False,,-26913.817157,96
1502,144288,2442.04,2022-02-21,913351,False,,-21293.663241,96
1503,144384,2443.43,2022-03-19,586052,False,,-20948.507584,96
1504,144480,2444.95,2022-04-13,176551,False,,-16403.037301,96
1505,144576,2446.37,2022-04-27,435182,False,,-15790.944946,96
1506,144672,2447.9,2022-05-09,501675,False,,-16415.157897,96
1507,144768,2449.46,2022-06-04,314953,False,,-16121.655972,96
1508,144864,2451.08,2022-06-22,638098,False,,-18204.910167,96
1509,144960,2452.76,2022-07-26,590142,False,,-25580.469695,96
1510,145056,2454.38,2022-08-03,365137,False,,-19278.057193,96
1511,145152,2455.97,2022-08-17,137906,False,,-17648.493541,96
1512,145248,2457.41,2022-09-07,7935,False,,-21844.272866,96
1513,145344,2458.92,2022-09-29,17015,False,,-17988.508807,96
1514,145440,2460.48,2022-10-12,97192,False,,-28178.619909,96
1515,145536,2462.03,2022-10-26,487254,False,,-15148.260694,96
1516,145632,2463.56,2022-11-23,27274,False,,-29152.201501,96
1517,145728,2464.94,2022-12-07,321558,False,,-20038.974009,96
1518,145824,2466.41,2022-12-17,711318,False,,-36999.914173,96
1519,145920,2467.85,2022-12-28,255736,False,,-33415.697549,96
1520,146016,2469.33,2022-01-24,643317,False,,-24296.067645,96
1521,146112,2470.79,2022-02-07,91333,False,,-17559.088331,96
1522,146208,2472.21,2022-02-21,509553,False,,-18759.903028,96
1523,146304,2473.91,2022-03-19,515792,False,,-16336.474218,96
1524,146400,2475.5,2022-04-13,228510,False,,-17281.322936,96
1525,146496,2476.93,2022-04-27,651712,False,,-14896.505537,96
1526,146592,2478.37,2022-05-09,42308,False,,-15951.422864,96
1527,146688,2479.86,2022-06-04,655196,False,,-17949.063517,96
1528,146784,2481.37,2022-06-22,297805,False,,-30750.455409,96
1529,146880,2482.83,2022-07-26,219208,False,,-26763.078385,96
1530,146976,2484.26,2022-08-03,2476,False,,-21757.649726,96
1531,147072,2485.88,2022-08-17,983934,False,,-15042.083467,96
1532,147168,2487.3,2022-09-07,12548,False,,-23243.750147,96
1533,147264,2488.63,2022-09-29,441074,False,,-13099.711692,96
1534,147360,2490.23,2022-10-12,619466,False,,-24407.37805,96
1535,147456,2491.78,2022-10-26,409096,False,,-30402.72114,96
1536,147552,2493.27,2022-11-23,942500,False,,-19950.686556,96
1537,147648,2494.77,2022-12-07,248146,False,,-19009.596915,96
1538,147744,2496.33,2022-12-17,47118,False,,-22299.910105,96
1539,147840,2497.8,2022-12-28,919858,False,,-18579.559024,96
1540,147936,2499.31,2022-01-24,9926,False,,-51345.721221,96
1541,148032,2500.82,2022-02-07,222466,False,,-19491.018865,96
1542,148128,2502.18,2022-02-21,672298,False,,-27589.170288,96
1543,148224,2503.63,2022-03-19,856578,False,,-17313.880439,96
1544,148320,2505.09,2022-04-13,72484,False,,-35646.289521,96
1545,148416,2506.47,2022-04-27,478791,False,,-22460.720829,96
1546,148512,2507.94,2022-05-09,444224,False,,-25392.457465,96
1547,148608,2509.4,2022-06-04,524692,False,,-31151.454064,96
1548,148704,2510.98,2022-06-22,822311,False,,-27212.931989,96
1549,148800,2512.48,2022-07-26,693154,False,,-23720.452075,96
1550,148896,2514.08,2022-08-03,204560,False,,-36195.512118,96
1551,148992,2515.5,2022-08-17,322093,False,,-26261.067967,96
1552,149088,2516.96,2022-09-07,394766,False,,-16374.074011,96
1553,149184,2518.42,2022-09-29,742949,False,,-31302.189323,96
1554,149280,2519.9,2022-10-12,403002,False,,-13974.862446,96
1555,149376,2521.39,2022-10-26,744112,False,,-20556.644803,96
1556,149472,2522.84,2022-11-23,676321,False,,-20081.528682,96
1557,149568,2524.21,2022-12-07,186586,False,,-19388.720185,96
1558,149664,2525.67,2022-12-17,20229,False,,-8965.538823,96
1559,149760,2527.21,2022-12-28,88534,False,,-23262.875068,96
1560,149856,2528.66,2022-01-24,609130,False,,-24974.780503,96
1561,149952,2530.16,2022-02-07,666160,False,,-45793.746173,96
1562,150048,2545.4,2022-02-21,397533,False,,-22967.174289,96
1563,150144,2546.87,2022-03-19,444820,False,,-22868.601659,96
1564,150240,2548.44,2022-04-13,975749,False,,-24114.672324,96
1565,150336,2549.98,2022-04-27,603955,False,,-19923.269844,96
1566,150432,2551.61,2022-05-09,24393,False,,-21679.652598,96
1567,150528,2552.98,2022-06-04,505057,False,,-20262.614346,96
1568,150624,2554.42,2022-06-22,591656,False,,-16226.366428,96
1569,150720,2556.01,2022-07-26,511674,False,,-34339.825325,96
1570,150816,2557.59,2022-08-03,926338,False,,-18249.743496,96
1571,150912,2559.07,2022-08-17,217987,False,,-18087.156489,96
1572,151008,2560.51,2022-09-07,649227,False,,-28387.457658,96
1573,151104,2562.39,2022-09-29,665851,False,,-35680.817674,96
1574,151200,2563.96,2022-10-12,549492,False,,-26101.257552,96
1575,151296,2565.42,2022-10-26,474936,False,,-19394.436606,96
1576,151392,2566.9,2022-11-23,949022,False,,-22590.651047,96
1577,151488,2568.48,2022-12-07,926150,False,,-14859.345272,96
1578,151584,2569.96,2022-12-17,698398,False,,-26034.600184,96
1579,151680,2571.67,2022-12-28,150771,False,,-18211.751951,96
1580,151776,2573.1,2022-01-24,846571,False,,-32353.240676,96
1581,151872,2574.46,2022-02-07,966522,False,,-25189.370237,96
1582,151968,2575.82,2022-02-21,73205,False,,-45072.861663,96
1583,152064,2577.32,2022-03-19,971894,False,,-62470.736347,96
1584,152160,2578.67,2022-04-13,598520,False,,-19265.144034,96
1585,152256,2580.0,2022-04-27,160625,False,,-14772.761402,96
1586,152352,2581.17,2022-05-09,489861,False,,-19190.214822,96
1587,152448,2582.44,2022-06-04,389639,False,,-18788.685628,96
1588,152544,2583.78,2022-06-22,225880,False,,-24531.505426,96
1589,152640,2585.21,2022-07-26,548921,False,,-20225.92463,96
1590,152736,2586.61,2022-08-03,71064,False,,-28915.276078,96
1591,152832,2587.92,2022-08-17,932555,False,,-19306.786688,96
1592,152928,2589.36,2022-09-07,1310,False,,-20513.160539,96
1593,153024,2590.58,2022-09-29,122554,False,,-25629.329341,96
1594,153120,2591.97,2022-10-12,560358,False,,-8243.544284,96
1595,153216,2593.29,2022-10-26,561871,False,,-32346.196819,96
1596,153312,2594.7,2022-11-23,384949,False,,-17961.856335,96
1597,153408,2596.1,2022-12-07,548463,False,,-40273.770402,96
1598,153504,2597.71,2022-12-17,632983,False,,-35689.795129,96
1599,153600,2599.16,2022-12-28,526113,False,,-42298.664416,96
1600,153696,2600.59,2022-01-24,272808,False,,-21546.931165,96
1601,153792,2602.12,2022-02-07,307806,False,,-19688.385084,96
1602,153888,2603.34,2022-02-21,860991,False,,-30297.815023,96
1603,153984,2604.79,2022-03-19,1551,False,,-19894.543135,96
1604,154080,2606.37,2022-04-13,289921,False,,-26743.690416,96
1605,154176,2607.8,2022-04-27,688810,False,,-23882.415234,96
1606,154272,2609.22,2022-05-09,67281,False,,-16634.74153,96
1607,154368,2610.82,2022-06-04,945828,False,,-15989.556433,96
1608,154464,2612.22,2022-06-22,683515,False,,-29577.066492,96
1609,154560,2613.81,2022-07-26,550996,False,,-28140.113702,96
1610,154656,2615.22,2022-08-03,929006,False,,-25579.679804,96
1611,154752,2616.63,2022-08-17,290173,False,,-19825.913177,96
1612,154848,2618.26,2022-09-07,236487,False,,-13811.237132,96
1613,154944,2619.74,2022-09-29,825580,False,,-29990.727702,96
1614,155040,2620.92,2022-10-12,989649,False,,-15247.581496,96
1615,155136,2622.5,2022-10-26,154307,False,,-84811.883166,96
1616,155232,2624.02,2022-11-23,666168,False,,-22517.546222,96
1617,155328,2625.54,2022-12-07,178982,False,,-17974.76829,96
1618,155424,2626.91,2022-12-17,84072,False,,-14407.597055,96
1619,155520,2628.29,2022-12-28,564316,False,,-53897.877332,96
1620,155616,2629.81,2022-01-24,577660,False,,-18756.417388,96
1621,155712,2631.11,2022-02-07,786389,False,,-12262.36903,96
1622,155808,2632.54,2022-02-21,980170,False,,-20854.950875,96
1623,155904,2634.13,2022-03-19,600493,False,,-26828.395521,96
1624,156000,2635.68,2022-04-13,89004,False,,-21866.028136,96
1625,156096,2637.2,2022-04-27,938366,False,,-22076.581804,96
1626,156192,2638.62,2022-05-09,887631,False,,-20513.502828,96
1627,156288,2639.99,2022-06-04,206145,False,,-20089.90706,96
1628,156384,2641.47,2022-06-22,868916,False,,-15526.992745,96
1629,156480,2642.98,2022-07-26,53516,False,,-26756.264415,96
1630,156576,2644.42,2022-08-03,313613,False,,-13013.849417,96
1631,156672,2645.88,2022-08-17,54835,False,,-27597.191735,96
1632,156768,2647.29,2022-09-07,293569,False,,-19294.594442,96
1633,156864,2648.62,2022-09-29,320032,False,,-28336.015207,96
1634,156960,2650.04,2022-10-12,552203,False,,-39215.387586,96
1635,157056,2651.55,2022-10-26,12606,False,,-22403.652964,96
1636,157152,2653.05,2022-11-23,745202,False,,-15996.583673,96
1637,157248,2654.47,2022-12-07,815071,False,,-17962.275372,96
1638,157344,2655.97,2022-12-17,166696,False,,-34102.921241,96
1639,157440,2657.31,2022-12-28,30545,False,,-21294.644771,96
1640,157536,2658.97,2022-01-24,20240,False,,-37865.807492,96
1641,157632,2660.55,2022-02-07,960407,False,,-19752.811404,96
1642,157728,2661.85,2022-02-21,142387,False,,-28865.344763,96
1643,157824,2663.25,2022-03-19,798172,False,,-36109.24332,96
1644,157920,2664.56,2022-04-13,971230,False,,-31033.0311,96
1645,158016,2666.17,2022-04-27,229811,False,,-21878.245328,96
1646,158112,2667.66,2022-05-09,228509,False,,-19168.582088,96
1647,158208,2669.19,2022-06-04,726959,False,,-20449.536186,96
1648,158304,2670.7,2022-06-22,790520,False,,-20417.082824,96
1649,158400,2672.21,2022-07-26,659346,False,,-17203.090857,96
1650,158496,2673.79,2022-08-03,971719,False,,-43958.463406,96
1651,158592,2675.34,2022-08-17,325279,False,,-59249.709911,96
1652,158688,2676.88,2022-09-07,519714,False,,-25407.788621,96
1653,158784,2678.33,2022-09-29,84937,False,,-13766.580266,96
1654,158880,2679.78,2022-10-12,425395,False,,-15477.659548,96
1655,158976,2681.2,2022-10-26,763241,False,,-17684.793005,96
1656,159072,2682.78,2022-11-23,19869,False,,-36677.467136,96
1657,159168,2684.18,2022-12-07,279455,False,,-11780.055952,96
1658,159264,2685.69,2022-12-17,401386,False,,-17709.051422,96
1659,159360,2687.17,2022-12-28,216941,False,,-18780.323421,96
1660,159456,2688.62,2022-01-24,385259,False,,-35056.222584,96
1661,159552,2690.05,2022-02-07,269206,False,,-18143.37982,96
1662,159648,2691.46,2022-02-21,313047,False,,-14808.66422,96
1663,159744,2693.03,2022-03-19,822245,False,,-16067.142598,96
1664,159840,2694.56,2022-04-13,69561,False,,-29324.549819,96
1665,159936,2696.02,2022-04-27,276868,False,,-22165.338116,96
1666,160032,2711.17,2022-05-09,733311,False,,-36839.4039,96
1667,160128,2712.45,2022-06-04,337940,False,,-26371.446733,96
1668,160224,2714.02,2022-06-22,250777,False,,-24912.786299,96
1669,160320,2715.53,2022-07-26,445900,False,,-23063.405064,96
1670,160416,2716.74,2022-08-03,287469,False,,-33935.093716,96
1671,160512,2718.14,2022-08-17,260375,False,,-21717.203764,96
1672,160608,2719.6,2022-09-07,239757,False,,-14341.483848,96
1673,160704,2721.19,2022-09-29,415957,False,,-31511.808092,96
1674,160800,2722.39,2022-10-12,400831,False,,-20329.315147,96
1675,160896,2723.8,2022-10-26,366198,False,,-31770.935384,96
1676,160992,2725.15,2022-11-23,379923,False,,-27741.891054,96
1677,161088,2726.64,2022-12-07,890312,False,,-43589.163623,96
1678,161184,2728.02,2022-12-17,302094,False,,-37013.358022,96
1679,161280,2729.26,2022-12-28,979249,False,,-45670.309312,96
1680,161376,2730.54,2022-01-24,9507,False,,-30983.511966,96
1681,161472,2731.64,2022-02-07,404524,False,,-25778.650602,96
1682,161568,2732.96,2022-02-21,946722,False,,-27865.91444,96
1683,161664,2734.5,2022-03-19,743136,False,,-24246.80463,96
1684,161760,2735.73,2022-04-13,940584,False,,-39314.549788,96
1685,161856,2737.2,2022-04-27,613277,False,,-46644.607664,96
1686,161952,2738.66,2022-05-09,859372,False,,-19554.324227,96
1687,162048,2740.07,2022-06-04,680621,False,,-11429.475637,96
1688,162144,2741.75,2022-06-22,410512,False,,-50276.646859,96
1689,162240,2743.33,2022-07-26,977812,False,,-17718.034477,96
1690,162336,2744.82,2022-08-03,965931,False,,-22902.845694,96
1691,162432,2746.35,2022-08-17,164958,False,,-27113.13191,96
1692,162528,2747.63,2022-09-07,345193,False,,-18169.149908,96
1693,162624,2749.03,2022-09-29,651462,False,,-21172.955019,96
1694,162720,2750.36,2022-10-12,756693,False,,-25890.457323,96
1695,162816,2751.74,2022-10-26,732758,False,,-24069.029878,96
1696,162912,2753.07,2022-11-23,781354,False,,-43264.187408,96
1697,163008,2754.5,2022-12-07,456633,False,,-63197.885646,96
1698,163104,2755.79,2022-12-17,271995,False,,-29193.361384,96
1699,163200,2757.37,2022-12-28,237592,False,,-26269.614779,96
1700,163296,2758.83,2022-01-24,524322,False,,-23350.183587,96
1701,163392,2760.25,2022-02-07,308857,False,,-24108.966611,96
1702,163488,2761.79,2022-02-21,399432,False,,-23454.668002,96
1703,163584,2763.21,2022-03-19,960831,False,,-14627.443639,96
1704,163680,2764.65,2022-04-13,428098,False,,-15541.284189,96
1705,163776,2766.16,2022-04-27,714451,False,,-22939.6186,96
1706,163872,2767.62,2022-05-09,20104,False,,-20348.914252,96
1707,163968,2769.07,2022-06-04,918307,False,,-49461.696693,96
1708,164064,2770.54,2022-06-22,390520,False,,-28993.971603,96
1709,164160,2771.81,2022-07-26,750088,False,,-39362.189009,96
1710,164256,2773.11,2022-08-03,145713,False,,-27504.547513,96
1711,164352,2774.47,2022-08-17,288374,False,,-40905.0752,96
1712,164448,2775.76,2022-09-07,873026,False,,-23172.280552,96
1713,164544,2777.17,2022-09-29,279387,False,,-40103.126247,96
1714,164640,2778.6,2022-10-12,535232,False,,-41106.615839,96
1715,164736,2780.16,2022-10-26,53214,False,,-15585.36247,96
1716,164832,2781.63,2022-11-23,921421,False,,-16138.5804,96
1717,164928,2783.11,2022-12-07,703294,False,,-17211.007034,96
1718,165024,2784.4,2022-12-17,98062,False,,-22390.854133,96
1719,165120,2785.89,2022-12-28,874004,False,,-27485.37306,96
1720,165216,2787.23,2022-01-24,145121,False,,-27683.487561,96
1721,165312,2788.52,2022-02-07,237042,False,,-19653.91085,96
1722,165408,2789.88,2022-02-21,347383,False,,-10129.776632,96
1723,165504,2791.29,2022-03-19,588336,False,,-26607.998849,96
1724,165600,2792.64,2022-04-13,837008,False,,-36581.575432,96
1725,165696,2793.94,2022-04-27,324706,False,,-13660.173598,96
1726,165792,2795.35,2022-05-09,41912,False,,-19577.811856,96
1727,165888,2796.6,2022-06-04,421901,False,,-20764.048886,96
1728,165984,2797.96,2022-06-22,532417,False,,-37438.549669,96
1729,166080,2799.38,2022-07-26,296080,False,,-15782.74635,96
1730,166176,2800.85,2022-08-03,817221,False,,-15921.665073,96
1731,166272,2802.36,2022-08-17,481852,False,,-8804.388757,96
1732,166368,2803.74,2022-09-07,412681,False,,-18611.630193,96
1733,166464,2805.17,2022-09-29,721813,False,,-17992.016218,96
1734,166560,2806.7,2022-10-12,328494,False,,-20224.099392,96
1735,166656,2808.3,2022-10-26,402774,False,,-17066.770275,96
1736,166752,2809.68,2022-11-23,540533,False,,-16000.860946,96
1737,166848,2811.2,2022-12-07,839121,False,,-17056.411461,96
1738,166944,2812.69,2022-12-17,3291,False,,-45656.865937,96
1739,167040,2814.06,2022-12-28,267487,False,,-16687.44838,96
1740,167136,2815.65,2022-01-24,811264,False,,-20714.924055,96
1741,167232,2817.17,2022-02-07,917702,False,,-17518.358634,96
1742,167328,2818.64,2022-02-21,620508,False,,-9680.63949,96
1743,167424,2820.02,2022-03-19,62651,False,,-11938.336085,96
1744,167520,2821.3,2022-04-13,394038,False,,-39665.800827,96
1745,167616,2822.79,2022-04-27,452879,False,,-25470.651509,96
1746,167712,2823.94,2022-05-09,138856,False,,-40252.545237,96
1747,167808,2825.29,2022-06-04,403478,False,,-14073.5146,96
1748,167904,2826.84,2022-06-22,50706,False,,-18324.726289,96
1749,168000,2828.28,2022-07-26,848333,False,,-24705.048049,96
1750,168096,2829.63,2022-08-03,953267,False,,-18732.516993,96
1751,168192,2831.22,2022-08-17,551530,False,,-24817.730934,96
1752,168288,2832.69,2022-09-07,616583,False,,-17946.598982,96
1753,168384,2834.18,2022-09-29,510871,False,,-25737.26933,96
1754,168480,2835.65,2022-10-12,200338,False,,-36043.708556,96
1755,168576,2837.0,2022-10-26,490949,False,,-46217.978675,96
1756,168672,2838.61,2022-11-23,603853,False,,-13837.717794,96
1757,168768,2840.14,2022-12-07,772956,False,,-26573.038627,96
1758,168864,2841.53,2022-12-17,513351,False,,-33324.194301,96
1759,168960,2842.92,2022-12-28,167205,False,,-16756.025213,96
1760,169056,2844.37,2022-01-24,102486,False,,-26513.145378,96
1761,169152,2845.79,2022-02-07,171747,False,,-29673.201016,96
1762,169248,2847.54,2022-02-21,463821,False,,-22666.662653,96
1763,169344,2849.02,2022-03-19,264835,False,,-22667.249181,96
1764,169440,2850.51,2022-04-13,934435,False,,-28889.075422,96
1765,169536,2851.91,2022-04-27,506894,False,,-21008.230383,96
1766,169632,2853.44,2022-05-09,15937,False,,-15375.854329,96
1767,169728,2854.72,2022-06-04,599579,False,,-16824.055257,96
1768,169824,2856.33,2022-06-22,330545,False,,-30274.59861,96
1769,169920,2857.74,2022-07-26,97409,False,,-32256.987615,96
1770,170016,2875.0,2022-08-03,963243,False,,-43226.298316,96
1771,170112,2876.6,2022-08-17,936507,False,,-24435.043937,96
1772,170208,2878.08,2022-09-07,937700,False,,-29774.014879,96
1773,170304,2879.73,2022-09-29,492123,False,,-24572.350514,96
1774,170400,2881.31,2022-10-12,948075,False,,-34168.875284,96
1775,170496,2882.91,2022-10-26,605675,False,,-19157.193562,96
1776,170592,2885.55,2022-11-23,526260,False,,-16658.884799,96
1777,170688,2887.07,2022-12-07,708948,False,,-17602.070422,96
1778,170784,2888.63,2022-12-17,787196,False,,-30780.112908,96
1779,170880,2890.2,2022-12-28,349190,False,,-18189.05219,96
1780,170976,2891.66,2022-01-24,53342,False,,-29790.040346,96
1781,171072,2893.13,2022-02-07,701219,False,,-24713.555627,96
1782,171168,2894.57,2022-02-21,211928,False,,-21573.1784,96
1783,171264,2896.11,2022-03-19,15167,False,,-25984.432365,96
1784,171360,2897.45,2022-04-13,446575,False,,-27762.420833,96
1785,171456,2898.9,2022-04-27,740227,False,,-17785.219146,96
1786,171552,2900.52,2022-05-09,90498,False,,-41675.663722,96
1787,171648,2902.17,2022-06-04,686420,False,,-30721.704127,96
1788,171744,2903.64,2022-06-22,949864,False,,-32112.551557,96
1789,171840,2905.26,2022-07-26,201606,False,,-17973.188561,96
1790,171936,2906.82,2022-08-03,914458,False,,-19059.321606,96
1791,172032,2908.63,2022-08-17,655828,False,,-15576.022652,96
1792,172128,2911.2,2022-09-07,514891,False,,-28359.012563,96
1793,172224,2912.65,2022-09-29,700343,False,,-33216.779197,96
1794,172320,2914.2,2022-10-12,345479,False,,-18954.444612,96
1795,172416,2915.66,2022-10-26,613606,False,,-39859.354173,96
1796,172512,2917.19,2022-11-23,181961,False,,-22523.548489,96
1797,172608,2918.57,2022-12-07,999585,False,,-24562.487595,96
1798,172704,2919.98,2022-12-17,348433,False,,-33565.640117,96
1799,172800,2921.29,2022-12-28,945043,False,,-31529.364396,96
1800,172896,2922.72,2022-01-24,281512,False,,-49687.471411,96
1801,172992,2924.19,2022-02-07,536217,False,,-31033.540971,96
1802,173088,2925.57,2022-02-21,727793,False,,-46217.000661,96
1803,173184,2926.97,2022-03-19,163870,False,,-13401.324966,96
1804,173280,2928.42,2022-04-13,114786,False,,-26416.325345,96
1805,173376,2929.69,2022-04-27,109966,False,,-32711.10613,96
1806,173472,2931.16,2022-05-09,679353,False,,-19515.308302,96
1807,173568,2932.72,2022-06-04,549845,False,,-25224.431971,96
1808,173664,2934.2,2022-06-22,136974,False,,-13519.933552,96
1809,173760,2935.73,2022-07-26,866109,False,,-28913.676936,96
1810,173856,2937.16,2022-08-03,304230,False,,-13642.41705,96
1811,173952,2938.46,2022-08-17,284134,False,,-27517.623763,96
1812,174048,2940.02,2022-09-07,337773,False,,-26083.772043,96
1813,174144,2941.56,2022-09-29,586211,False,,-38133.37091,96
1814,174240,2942.92,2022-10-12,228912,False,,-13169.906491,96
1815,174336,2944.47,2022-10-26,416972,False,,-10676.20392,96
1816,174432,2945.97,2022-11-23,206722,False,,-21782.665797,96
1817,174528,2947.16,2022-12-07,904048,False,,-22412.834653,96
1818,174624,2948.58,2022-12-17,991192,False,,-31551.336843,96
1819,174720,2950.0,2022-12-28,348377,False,,-28570.632064,96
1820,174816,2951.41,2022-01-24,302994,False,,-29600.992802,96
1821,174912,2953.0,2022-02-07,336039,False,,-24218.955729,96
1822,175008,2954.55,2022-02-21,143878,False,,-21578.498104,96
1823,175104,2955.83,2022-03-19,338083,False,,-11566.204971,96
1824,175200,2957.15,2022-04-13,151301,False,,-21691.483794,96
1825,175296,2958.51,2022-04-27,718929,False,,-70239.9795,96
1826,175392,2960.01,2022-05-09,909410,False,,-36693.903367,96
1827,175488,2961.56,2022-06-04,629730,False,,-19327.828543,96
1828,175584,2962.87,2022-06-22,840693,False,,-28373.001871,96
1829,175680,2964.36,2022-07-26,24037,False,,-58080.10672,96
1830,175776,2965.68,2022-08-03,158638,False,,-12254.574095,96
1831,175872,2967.23,2022-08-17,124645,False,,-25708.970343,96
1832,175968,2968.77,2022-09-07,383900,False,,-29543.009413,96
1833,176064,2970.47,2022-09-29,7812,False,,-16495.466689,96
1834,176160,2971.98,2022-10-12,934512,False,,-21085.167454,96
1835,176256,2973.37,2022-10-26,900026,False,,-14459.652593,96
1836,176352,2974.81,2022-11-23,572780,False,,-23839.216207,96
1837,176448,2976.19,2022-12-07,152079,False,,-21305.505404,96
1838,176544,2977.66,2022-12-17,697089,False,,-14554.592966,96
1839,176640,2979.13,2022-12-28,962214,False,,-13084.499291,96
1840,176736,2980.54,2022-01-24,765950,False,,-57491.542252,96
1841,176832,2982.0,2022-02-07,376895,False,,-21355.929461,96
1842,176928,2983.19,2022-02-21,658254,False,,-35081.676917,96
1843,177024,2984.63,2022-03-19,28666,False,,-29122.673276,96
1844,177120,2986.08,2022-04-13,669925,False,,-20754.542289,96
1845,177216,2987.5,2022-04-27,890895,False,,-30125.290704,96
1846,177312,2988.98,2022-05-09,286194,False,,-19706.389385,96
1847,177408,2990.37,2022-06-04,551741,False,,-23086.484673,96
1848,177504,2991.94,2022-06-22,954841,False,,-21005.006567,96
1849,177600,2993.32,2022-07-26,272552,False,,-16596.066278,96
1850,177696,2994.85,2022-08-03,173676,False,,-23904.110305,96
1851,177792,2996.37,2022-08-17,428872,False,,-19976.260222,96
1852,177888,2997.57,2022-09-07,296969,False,,-29112.777321,96
1853,177984,2998.92,2022-09-29,54857,False,,-24905.844745,96
1854,178080,3000.28,2022-10-12,617649,False,,-54608.476692,96
1855,178176,3001.74,2022-10-26,455151,False,,-30687.456439,96
1856,178272,3003.11,2022-11-23,904503,False,,-43354.148922,96
1857,178368,3004.61,2022-12-07,744202,False,,-23612.327378,96
1858,178464,3006.04,2022-12-17,186792,False,,-18322.096079,96
1859,178560,3007.43,2022-12-28,727004,False,,-32428.031467,96
1860,178656,3008.91,2022-01-24,789008,False,,-17683.958397,96
1861,178752,3010.28,2022-02-07,440342,False,,-30628.664309,96
1862,178848,3011.62,2022-02-21,976745,False,,-14922.87586,96
1863,178944,3013.18,2022-03-19,739356,False,,-16117.355869,96
1864,179040,3014.58,2022-04-13,625994,False,,-33484.932831,96
1865,179136,3016.14,2022-04-27,387745,False,,-39540.745626,96
1866,179232,3017.73,2022-05-09,591276,False,,-31461.65389,96
1867,179328,3019.01,2022-06-04,515141,False,,-14692.745577,96
1868,179424,3020.47,2022-06-22,218199,False,,-24620.793267,96
1869,179520,3021.89,2022-07-26,803799,False,,-31667.310029,96
1870,179616,3023.37,2022-08-03,355784,False,,-29177.634439,96
1871,179712,3024.8,2022-08-17,491767,False,,-24287.053489,96
1872,179808,3026.27,2022-09-07,187321,False,,-16662.173755,96
1873,179904,3027.5,2022-09-29,781007,False,,-16309.996415,96
1874,180000,3029.19,2022-10-12,264024,False,,-21220.325989,96
1875,180096,3045.61,2022-10-26,687852,False,,-22413.580072,96
1876,180192,3047.13,2022-11-23,882736,False,,-36991.949482,96
1877,180288,3048.72,2022-12-07,407516,False,,-21815.413891,96
1878,180384,3050.24,2022-12-17,84217,False,,-11529.19926,96
1879,180480,3051.83,2022-12-28,16876,False,,-23743.54792,96
1880,180576,3053.37,2022-01-24,782530,False,,-20803.952462,96
1881,180672,3054.93,2022-02-07,652434,False,,-56892.308898,96
1882,180768,3056.17,2022-02-21,720086,False,,-14069.27545,96
1883,180864,3057.67,2022-03-19,716808,False,,-38196.565728,96
1884,180960,3059.21,2022-04-13,735569,False,,-25090.554391,96
1885,181056,3060.88,2022-04-27,117630,False,,-21958.151515,96
1886,181152,3062.44,2022-05-09,439614,False,,-23687.576268,96
1887,181248,3063.96,2022-06-04,593047,False,,-51736.846034,96
1888,181344,3065.43,2022-06-22,410273,False,,-20027.008588,96
1889,181440,3067.1,2022-07-26,559754,False,,-26826.363982,96
1890,181536,3068.82,2022-08-03,890655,False,,-11005.857168,96
1891,181632,3070.48,2022-08-17,270037,False,,-32433.961983,96
1892,181728,3072.03,2022-09-07,899448,False,,-46456.764944,96
1893,181824,3073.75,2022-09-29,954806,False,,-32009.184788,96
1894,181920,3075.44,2022-10-12,96721,False,,-8973.316212,96
1895,182016,3077.02,2022-10-26,909395,False,,-24700.131494,96
1896,182112,3078.41,2022-11-23,788861,False,,-21503.960953,96
1897,182208,3080.01,2022-12-07,833710,False,,-37986.366554,96
1898,182304,3081.49,2022-12-17,151381,False,,-32602.199251,96
1899,182400,3083.18,2022-12-28,169727,False,,-17515.815128,96
1900,182496,3084.83,2022-01-24,43009,False,,-26067.501671,96
1901,182592,3086.28,2022-02-07,349337,False,,-18306.496844,96
1902,182688,3087.8,2022-02-21,286607,False,,-17036.324712,96
1903,182784,3089.39,2022-03-19,189590,False,,-22712.124488,96
1904,182880,3090.92,2022-04-13,796943,False,,-21878.083713,96
1905,182976,3092.41,2022-04-27,437070,False,,-13916.585767,96
1906,183072,3094.11,2022-05-09,320877,False,,-45606.507486,96
1907,183168,3095.74,2022-06-04,822441,False,,-43441.01881,96
1908,183264,3097.36,2022-06-22,305618,False,,-37436.421863,96
1909,183360,3098.97,2022-07-26,935958,False,,-18595.246424,96
1910,183456,3100.66,2022-08-03,907512,False,,-12133.786199,96
1911,183552,3102.23,2022-08-17,437881,False,,-12769.510951,96
1912,183648,3103.97,2022-09-07,357755,False,,-18059.206209,96
1913,183744,3105.45,2022-09-29,404805,False,,-19147.360441,96
1914,183840,3106.96,2022-10-12,893688,False,,-15787.337869,96
1915,183936,3108.55,2022-10-26,550170,False,,-18984.338506,96
1916,184032,3109.99,2022-11-23,328350,False,,-13619.872893,96
1917,184128,3111.82,2022-12-07,592231,False,,-28483.344072,96
1918,184224,3113.26,2022-12-17,839848,False,,-21555.137906,96
1919,184320,3114.98,2022-12-28,436755,False,,-16439.82138,96
1920,184416,3116.49,2022-01-24,481209,False,,-21892.828988,96
1921,184512,3118.15,2022-02-07,636780,False,,-32761.500733,96
1922,184608,3119.64,2022-02-21,618767,False,,-51282.113115,96
1923,184704,3121.23,2022-03-19,82614,False,,-11230.848185,96
1924,184800,3122.85,2022-04-13,284139,False,,-20953.322023,96
1925,184896,3124.53,2022-04-27,138700,False,,-26265.269988,96
1926,184992,3126.1,2022-05-09,783477,False,,-26640.457823,96
1927,185088,3127.65,2022-06-04,804675,False,,-18379.474383,96
1928,185184,3129.22,2022-06-22,163044,False,,-33094.515034,96
1929,185280,3130.83,2022-07-26,345939,False,,-24142.571194,96
1930,185376,3132.53,2022-08-03,139770,False,,-21855.47177,96
1931,185472,3134.11,2022-08-17,346642,False,,-27466.742676,96
1932,185568,3135.57,2022-09-07,571320,False,,-29798.131859,96
1933,185664,3137.18,2022-09-29,919347,False,,-21588.733215,96
1934,185760,3138.8,2022-10-12,697074,False,,-28156.522801,96
1935,185856,3140.33,2022-10-26,618470,False,,-25807.172577,96
1936,185952,3141.8,2022-11-23,492283,False,,-28757.727371,96
1937,186048,3143.28,2022-12-07,366658,False,,-6719.530675,96
1938,186144,3144.92,2022-12-17,687054,False,,-16864.615755,96
1939,186240,3146.38,2022-12-28,706482,False,,-20513.761363,96
1940,186336,3147.9,2022-01-24,762491,False,,-35248.800258,96
1941,186432,3149.57,2022-02-07,530232,False,,-24612.551696,96
1942,186528,3151.37,2022-02-21,996862,False,,-25454.017257,96
1943,186624,3153.09,2022-03-19,397588,False,,-18094.490698,96
1944,186720,3154.81,2022-04-13,685486,False,,-26487.71444,96
1945,186816,3156.55,2022-04-27,415974,False,,-32148.38168,96
1946,186912,3158.2,2022-05-09,822213,False,,-23315.972376,96
1947,187008,3159.82,2022-06-04,378095,False,,-22428.829301,96
1948,187104,3161.4,2022-06-22,89302,False,,-20256.237539,96
1949,187200,3162.96,2022-07-26,549181,False,,-16386.128518,96
1950,187296,3164.67,2022-08-03,635633,False,,-19455.687922,96
1951,187392,3166.28,2022-08-17,473067,False,,-18028.377402,96
1952,187488,3167.84,2022-09-07,702533,False,,-14246.745649,96
1953,187584,3169.35,2022-09-29,773424,False,,-30372.725643,96
1954,187680,3170.93,2022-10-12,562466,False,,-27525.443695,96
1955,187776,3172.51,2022-10-26,707100,False,,-50406.884008,96
1956,187872,3174.06,2022-11-23,252272,False,,-25248.620922,96
1957,187968,3175.5,2022-12-07,927095,False,,-17586.512865,96
1958,188064,3177.06,2022-12-17,559685,False,,-28128.732456,96
1959,188160,3178.62,2022-12-28,750866,False,,-18885.346649,96
1960,188256,3180.2,2022-01-24,932227,False,,-21598.237852,96
1961,188352,3181.59,2022-02-07,787750,False,,-16605.011463,96
1962,188448,3183.08,2022-02-21,290126,False,,-17236.685268,96
1963,188544,3184.62,2022-03-19,660345,False,,-17103.77806,96
1964,188640,3186.21,2022-04-13,392901,False,,-25201.349528,96
1965,188736,3187.72,2022-04-27,500849,False,,-19686.481468,96
1966,188832,3189.35,2022-05-09,128477,False,,-8910.794818,96
1967,188928,3190.85,2022-06-04,171958,False,,-24418.986972,96
1968,189024,3192.15,2022-06-22,392841,False,,-22990.428109,96
1969,189120,3193.76,2022-07-26,162474,False,,-19426.461191,96
1970,189216,3195.33,2022-08-03,850337,False,,-26390.260766,96
1971,189312,3196.89,2022-08-17,653941,False,,-16017.32946,96
1972,189408,3198.41,2022-09-07,624529,False,,-26922.654321,96
1973,189504,3199.98,2022-09-29,667494,False,,-22323.204303,96
1974,189600,3201.46,2022-10-12,359888,False,,-31218.078072,96
1975,189696,3202.99,2022-10-26,293363,False,,-33802.982284,96
1976,189792,3204.5,2022-11-23,793560,False,,-18300.922712,96
1977,189888,3205.98,2022-12-07,19818,False,,-15162.894321,96
1978,189984,3207.5,2022-12-17,940206,False,,-21451.978082,96
1979,190080,3224.07,2022-12-28,510021,False,,-12065.452256,96
1980,190176,3225.58,2022-01-24,262095,False,,-16503.606012,96
1981,190272,3227.05,2022-02-07,217092,False,,-21284.772949,96
1982,190368,3228.7,2022-02-21,271004,False,,-17138.442755,96
1983,190464,3230.25,2022-03-19,178847,False,,-19358.787411,96
1984,190560,3231.81,2022-04-13,371342,False,,-31174.985913,96
1985,190656,3233.39,2022-04-27,85908,False,,-25692.748162,96
1986,190752,3234.92,2022-05-09,752296,False,,-16248.384686,96
1987,190848,3236.32,2022-06-04,587877,False,,-23549.381441,96
1988,190944,3237.57,2022-06-22,558958,False,,-21845.986054,96
1989,191040,3238.98,2022-07-26,184215,False,,-21293.527644,96
1990,191136,3240.57,2022-08-03,127439,False,,-25728.284503,96
1991,191232,3242.01,2022-08-17,485496,False,,-23595.515094,96
1992,191328,3243.52,2022-09-07,433402,False,,-14605.913833,96
1993,191424,3245.12,2022-09-29,969605,False,,-10743.446531,96
1994,191520,3246.7,2022-10-12,734451,False,,-75494.313867,96
1995,191616,3248.29,2022-10-26,864310,False,,-36401.802181,96
1996,191712,3249.96,2022-11-23,827560,False,,-27080.419267,96
1997,191808,3251.64,2022-12-07,804341,False,,-14201.373476,96
1998,191904,3253.26,2022-12-17,90160,False,,-60472.47244,96
1999,192000,3254.79,2022-12-28,907208,False,,-18622.453282,96
2000,192096,3256.39,2022-01-24,17517,False,,-30025.409865,96
2001,192192,3258.02,2022-02-07,422809,False,,-22662.1838,96
2002,192288,3259.73,2022-02-21,981957,False,,-27188.860265,96
2003,192384,3261.27,2022-03-19,449725,False,,-27198.698262,96
2004,192480,3262.8,2022-04-13,138649,False,,-19223.881689,96
2005,192576,3264.43,2022-04-27,798540,False,,-21354.035908,96
2006,192672,3265.77,2022-05-09,79202,False,,-32726.186148,96
2007,192768,3267.2,2022-06-04,943965,False,,-32130.333722,96
2008,192864,3268.77,2022-06-22,714914,False,,-25725.265393,96
2009,192960,3270.31,2022-07-26,7396,False,,-26100.396446,96
2010,193056,3271.82,2022-08-03,225990,False,,-33531.908568,96
2011,193152,3273.27,2022-08-17,143653,False,,-18559.290451,96
2012,193248,3274.98,2022-09-07,284728,False,,-25859.090534,96
2013,193344,3276.66,2022-09-29,355034,False,,-44458.412776,96
2014,193440,3278.25,2022-10-12,740195,False,,-16972.798174,96
2015,193536,3279.94,2022-10-26,750636,False,,-28575.848307,96
2016,193632,3281.62,2022-11-23,299544,False,,-18573.05595,96
2017,193728,3283.03,2022-12-07,970152,False,,-18215.763203,96
2018,193824,3284.7,2022-12-17,877090,False,,-27062.295057,96
2019,193920,3286.41,2022-12-28,888651,False,,-21334.824694,96
2020,194016,3287.97,2022-01-24,265176,False,,-15546.367,96
2021,194112,3289.56,2022-02-07,86124,False,,-19526.833311,96
2022,194208,3291.14,2022-02-21,353466,False,,-44669.684494,96
2023,194304,3292.75,2022-03-19,136595,False,,-44598.741228,96
2024,194400,3294.32,2022-04-13,577293,False,,-24024.947885,96
2025,194496,3295.78,2022-04-27,31706,False,,-18858.524401,96
2026,194592,3297.1,2022-05-09,597102,False,,-23957.929562,96
2027,194688,3298.65,2022-06-04,880809,False,,-23925.192205,96
2028,194784,3300.08,2022-06-22,803075,False,,-24053.425651,96
2029,194880,3301.68,2022-07-26,243939,False,,-34900.860492,96
2030,194976,3303.24,2022-08-03,764713,False,,-14879.507201,96
2031,195072,3304.87,2022-08-17,360963,False,,-20314.762405,96
2032,195168,3306.41,2022-09-07,437509,False,,-18106.257786,96
2033,195264,3308.11,2022-09-29,756723,False,,-32151.43004,96
2034,195360,3309.78,2022-10-12,539122,False,,-20816.857248,96
2035,195456,3311.42,2022-10-26,494611,False,,-32600.924464,96
2036,195552,3313.02,2022-11-23,402101,False,,-17789.324833,96
2037,195648,3314.53,2022-12-07,904698,False,,-36766.946794,96
2038,195744,3316.14,2022-12-17,959885,False,,-51295.011699,96
2039,195840,3317.71,2022-12-28,531963,False,,-7710.461008,96
2040,195936,3319.23,2022-01-24,760943,False,,-33604.577192,96
2041,196032,3320.94,2022-02-07,349291,False,,-29014.889297,96
2042,196128,3322.58,2022-02-21,776260,False,,-22241.75182,96
2043,196224,3324.2,2022-03-19,454747,False,,-34756.120609,96
2044,196320,3325.86,2022-04-13,6487,False,,-25544.51194,96
2045,196416,3327.43,2022-04-27,366948,False,,-17663.46712,96
2046,196512,3329.07,2022-05-09,718905,False,,-15854.481399,96
2047,196608,3330.67,2022-06-04,839831,False,,-17159.30483,96
2048,196704,3332.35,2022-06-22,721778,False,,-36307.989983,96
2049,196800,3334.12,2022-07-26,324843,False,,-9098.746842,96
2050,196896,3335.8,2022-08-03,191400,False,,-15821.800639,96
2051,196992,3337.47,2022-08-17,652679,False,,-32776.242916,96
2052,197088,3339.18,2022-09-07,105263,False,,-20203.345949,96
2053,197184,3340.72,2022-09-29,498022,False,,-28152.039611,96
2054,197280,3342.4,2022-10-12,562386,False,,-19049.678749,96
2055,197376,3343.96,2022-10-26,850692,False,,-44295.877947,96
2056,197472,3345.55,2022-11-23,518384,False,,-28689.455694,96
2057,197568,3347.14,2022-12-07,105552,False,,-51353.577816,96
2058,197664,3348.89,2022-12-17,104717,False,,-16606.034852,96
2059,197760,3350.62,2022-12-28,247548,False,,-25933.303714,96
2060,197856,3352.24,2022-01-24,102662,False,,-19668.705765,96
2061,197952,3353.84,2022-02-07,732760,False,,-36633.018257,96
2062,198048,3355.45,2022-02-21,221226,False,,-59996.455706,96
2063,198144,3356.9,2022-03-19,219023,False,,-19238.013611,96
2064,198240,3358.49,2022-04-13,951645,False,,-27768.718877,96
2065,198336,3360.11,2022-04-27,429815,False,,-41340.751525,96
2066,198432,3361.76,2022-05-09,600097,False,,-26381.105654,96
2067,198528,3363.53,2022-06-04,861157,False,,-37807.425791,96
2068,198624,3365.23,2022-06-22,427487,False,,-26777.68231,96
2069,198720,3366.91,2022-07-26,942661,False,,-22225.032256,96
2070,198816,3368.42,2022-08-03,560666,False,,-34892.80258,96
2071,198912,3370.23,2022-08-17,432555,False,,-27313.325907,96
2072,199008,3371.96,2022-09-07,884900,False,,-25800.866269,96
2073,199104,3373.7,2022-09-29,310361,False,,-12338.346681,96
2074,199200,3375.27,2022-10-12,1543,False,,-31827.142713,96
2075,199296,3376.99,2022-10-26,775312,False,,-15126.361727,96
2076,199392,3378.54,2022-11-23,550250,False,,-26869.605609,96
2077,199488,3380.17,2022-12-07,418909,False,,-35011.259505,96
2078,199584,3381.75,2022-12-17,869136,False,,-34833.777332,96
2079,199680,3383.41,2022-12-28,652937,False,,-25536.77749,96
2080,199776,3384.91,2022-01-24,399696,False,,-29202.603262,96
2081,199872,3386.26,2022-02-07,880406,False,,-11608.647821,96
2082,199968,3387.72,2022-02-21,845097,False,,-41876.682469,96
2083,200064,3403.72,2022-03-19,386990,False,,-22571.370885,96
2084,200160,3405.11,2022-04-13,746501,False,,-27530.176824,96
2085,200256,3406.68,2022-04-27,668827,False,,-23949.845633,96
2086,200352,3408.4,2022-05-09,597311,False,,-26637.188309,96
2087,200448,3409.97,2022-06-04,176696,False,,-15625.096487,96
2088,200544,3411.6,2022-06-22,565953,False,,-27585.02775,96
2089,200640,3413.3,2022-07-26,986161,False,,-37076.281229,96
2090,200736,3414.98,2022-08-03,206890,False,,-21532.328011,96
2091,200832,3416.32,2022-08-17,555021,False,,-21286.668987,96
2092,200928,3417.89,2022-09-07,430484,False,,-20072.955461,96
2093,201024,3419.5,2022-09-29,525929,False,,-48771.378488,96
2094,201120,3421.1,2022-10-12,248125,False,,-17635.236743,96
2095,201216,3422.67,2022-10-26,947464,False,,-18110.442363,96
2096,201312,3424.19,2022-11-23,22022,False,,-22566.24838,96
2097,201408,3425.52,2022-12-07,317332,False,,-26362.114102,96
2098,201504,3427.06,2022-12-17,57930,False,,-31657.533661,96
2099,201600,3428.72,2022-12-28,154916,False,,-21198.262391,96
2100,201696,3430.43,2022-01-24,813538,False,,-23861.501864,96
2101,201792,3432.05,2022-02-07,853845,False,,-38562.131077,96
2102,201888,3433.74,2022-02-21,946979,False,,-48465.541753,96
2103,201984,3435.33,2022-03-19,860691,False,,-21116.501342,96
2104,202080,3436.85,2022-04-13,695588,False,,-24297.689924,96
2105,202176,3438.52,2022-04-27,355893,False,,-13959.298855,96
2106,202272,3440.19,2022-05-09,969432,False,,-13527.837867,96
2107,202368,3441.79,2022-06-04,1975,False,,-14991.570539,96
2108,202464,3443.32,2022-06-22,862279,False,,-50948.271666,96
2109,202560,3444.71,2022-07-26,847513,False,,-12226.538042,96
2110,202656,3446.21,2022-08-03,281335,False,,-31209.223759,96
2111,202752,3447.92,2022-08-17,805138,False,,-16782.78853,96
2112,202848,3449.57,2022-09-07,215073,False,,-17023.509067,96
2113,202944,3451.23,2022-09-29,670929,False,,-22231.093138,96
2114,203040,3452.87,2022-10-12,550716,False,,-37333.461336,96
2115,203136,3454.43,2022-10-26,598547,False,,-21761.528193,96
2116,203232,3456.12,2022-11-23,183497,False,,-23799.929595,96
2117,203328,3457.73,2022-12-07,300417,False,,-21803.134031,96
2118,203424,3459.15,2022-12-17,738450,False,,-22335.854339,96
2119,203520,3460.98,2022-12-28,193728,False,,-28670.61988,96
2120,203616,3462.48,2022-01-24,806631,False,,-41156.679671,96
2121,203712,3464.35,2022-02-07,463619,False,,-17626.368811,96
2122,203808,3465.99,2022-02-21,831823,False,,-49811.252318,96
2123,203904,3467.61,2022-03-19,976520,False,,-21190.463293,96
2124,204000,3469.27,2022-04-13,657336,False,,-32029.826066,96
2125,204096,3470.81,2022-04-27,489762,False,,-31848.049213,96
2126,204192,3472.51,2022-05-09,612970,False,,-29320.062819,96
2127,204288,3474.25,2022-06-04,673185,False,,-22330.835924,96
2128,204384,3476.16,2022-06-22,487940,False,,-20880.434205,96
2129,204480,3477.7,2022-07-26,376827,False,,-33253.710072,96
2130,204576,3479.15,2022-08-03,425688,False,,-23574.651858,96
2131,204672,3480.77,2022-08-17,912843,False,,-17291.388209,96
2132,204768,3481.92,2022-09-07,210145,False,,-15524.468544,96
2133,204864,3483.23,2022-09-29,688747,False,,-14508.686657,96
2134,204960,3484.78,2022-10-12,69737,False,,-22965.092252,96
2135,205056,3486.22,2022-10-26,855191,False,,-44246.103064,96
2136,205152,3487.72,2022-11-23,922189,False,,-20315.006446,96
2137,205248,3489.15,2022-12-07,211263,False,,-18447.308878,96
2138,205344,3490.79,2022-12-17,198406,False,,-42714.645076,96
2139,205440,3492.22,2022-12-28,14546,False,,-35210.101143,96
2140,205536,3493.61,2022-01-24,274720,False,,-19268.566682,96
2141,205632,3494.83,2022-02-07,256256,False,,-27766.058268,96
2142,205728,3496.22,2022-02-21,387209,False,,-19331.36291,96
2143,205824,3497.72,2022-03-19,639301,False,,-27889.496199,96
2144,205920,3499.19,2022-04-13,748718,False,,-32783.34889,96
2145,206016,3500.74,2022-04-27,209688,False,,-25532.054078,96
2146,206112,3502.13,2022-05-09,729847,False,,-9182.2481,96
2147,206208,3503.67,2022-06-04,385095,False,,-39281.988371,96
2148,206304,3505.14,2022-06-22,545768,False,,-33354.369955,96
2149,206400,3506.66,2022-07-26,100447,False,,-15084.344973,96
2150,206496,3508.2,2022-08-03,98444,False,,-22562.327141,96
2151,206592,3509.63,2022-08-17,433094,False,,-16199.78478,96
2152,206688,3511.3,2022-09-07,517825,False,,-14616.6225,96
2153,206784,3512.78,2022-09-29,152109,False,,-28774.354557,96
2154,206880,3514.11,2022-10-12,125666,False,,-39248.373622,96
2155,206976,3515.62,2022-10-26,526324,False,,-45306.193529,96
2156,207072,3517.13,2022-11-23,577470,False,,-30733.334327,96
2157,207168,3518.63,2022-12-07,788255,False,,-16299.424044,96
2158,207264,3520.06,2022-12-17,235031,False,,-22833.047693,96
2159,207360,3521.53,2022-12-28,511903,False,,-17662.275277,96
2160,207456,3523.04,2022-01-24,460900,False,,-17112.984789,96
2161,207552,3524.49,2022-02-07,350364,False,,-12616.584857,96
2162,207648,3525.91,2022-02-21,949099,False,,-23648.823031,96
2163,207744,3527.22,2022-03-19,886625,False,,-23322.060265,96
2164,207840,3528.55,2022-04-13,550606,False,,-11831.268273,96
2165,207936,3529.91,2022-04-27,871794,False,,-15786.558738,96
2166,208032,3531.43,2022-05-09,483676,False,,-20768.915326,96
2167,208128,3532.8,2022-06-04,286085,False,,-37537.279529,96
2168,208224,3534.32,2022-06-22,52689,False,,-18146.053623,96
2169,208320,3535.89,2022-07-26,257958,False,,-32141.135548,96
2170,208416,3537.16,2022-08-03,665889,False,,-32220.879215,96
2171,208512,3538.57,2022-08-17,170209,False,,-42007.074775,96
2172,208608,3540.21,2022-09-07,784668,False,,-23085.265783,96
2173,208704,3541.57,2022-09-29,650892,False,,-55377.038712,96
2174,208800,3542.97,2022-10-12,709384,False,,-13081.660777,96
2175,208896,3544.57,2022-10-26,395087,False,,-24602.657568,96
2176,208992,3546.0,2022-11-23,77907,False,,-56110.437842,96
2177,209088,3547.53,2022-12-07,747479,False,,-25640.604103,96
2178,209184,3549.12,2022-12-17,508072,False,,-22779.831156,96
2179,209280,3550.61,2022-12-28,239481,False,,-26059.19153,96
2180,209376,3551.83,2022-01-24,989145,False,,-27190.944307,96
2181,209472,3553.41,2022-02-07,958225,False,,-20351.806304,96
2182,209568,3554.67,2022-02-21,907963,False,,-40935.466619,96
2183,209664,3556.09,2022-03-19,75321,False,,-22274.902334,96
2184,209760,3557.56,2022-04-13,757430,False,,-28323.513052,96
2185,209856,3558.83,2022-04-27,357838,False,,-36461.45547,96
2186,209952,3560.17,2022-05-09,413271,False,,-70341.871693,96
2187,210048,3574.99,2022-06-04,49083,False,,-17944.128875,96
2188,210144,3576.54,2022-06-22,974826,False,,-31332.473842,96
2189,210240,3578.07,2022-07-26,280325,False,,-16358.369232,96
2190,210336,3579.67,2022-08-03,254298,False,,-27830.865119,96
2191,210432,3581.07,2022-08-17,328232,False,,-35492.73698,96
2192,210528,3582.45,2022-09-07,38100,False,,-8994.456615,96
2193,210624,3583.81,2022-09-29,86120,False,,-15811.553644,96
2194,210720,3585.26,2022-10-12,74968,False,,-22617.054429,96
2195,210816,3586.54,2022-10-26,154531,False,,-20529.299579,96
2196,210912,3587.77,2022-11-23,897002,False,,-55847.361692,96
2197,211008,3589.11,2022-12-07,831006,False,,-18917.566545,96
2198,211104,3590.37,2022-12-17,391873,False,,-15337.742376,96
2199,211200,3591.93,2022-12-28,611120,False,,-25883.936641,96
2200,211296,3593.31,2022-01-24,92113,False,,-25886.345188,96
2201,211392,3594.63,2022-02-07,202074,False,,-23181.127458,96
2202,211488,3596.02,2022-02-21,436166,False,,-28565.926269,96
2203,211584,3597.44,2022-03-19,309687,False,,-26829.91671,96
2204,211680,3599.03,2022-04-13,585048,False,,-21155.828759,96
2205,211776,3600.64,2022-04-27,757695,False,,-19341.089613,96
2206,211872,3602.14,2022-05-09,743347,False,,-30996.126704,96
2207,211968,3603.75,2022-06-04,204698,False,,-17372.982832,96
2208,212064,3605.27,2022-06-22,712836,False,,-9256.422969,96
2209,212160,3606.76,2022-07-26,512500,False,,-8597.519076,96
2210,212256,3608.25,2022-08-03,703098,False,,-16904.907386,96
2211,212352,3609.72,2022-08-17,282928,False,,-26045.145883,96
2212,212448,3611.08,2022-09-07,309550,False,,-24078.097334,96
2213,212544,3612.6,2022-09-29,57317,False,,-35916.781921,96
2214,212640,3614.0,2022-10-12,452902,False,,-25048.658731,96
2215,212736,3615.57,2022-10-26,747351,False,,-51075.212396,96
2216,212832,3617.1,2022-11-23,583639,False,,-26474.536288,96
2217,212928,3618.47,2022-12-07,408556,False,,-23689.048365,96
2218,213024,3619.8,2022-12-17,463284,False,,-11017.780081,96
2219,213120,3621.11,2022-12-28,51035,False,,-20842.558562,96
2220,213216,3622.67,2022-01-24,478029,False,,-17920.686506,96
2221,213312,3624.12,2022-02-07,857948,False,,-30586.473087,96
2222,213408,3625.39,2022-02-21,349468,False,,-18318.837674,96
2223,213504,3626.9,2022-03-19,640801,False,,-15591.453091,96
2224,213600,3628.43,2022-04-13,216899,False,,-35626.857699,96
2225,213696,3629.8,2022-04-27,510799,False,,-19945.926831,96
2226,213792,3631.35,2022-05-09,656238,False,,-18467.806196,96
2227,213888,3632.66,2022-06-04,432276,False,,-17489.529261,96
2228,213984,3634.03,2022-06-22,973546,False,,-29287.17969,96
2229,214080,3635.54,2022-07-26,87936,False,,-20315.779571,96
2230,214176,3637.03,2022-08-03,790001,False,,-40562.643562,96
2231,214272,3638.34,2022-08-17,107124,False,,-15940.623504,96
2232,214368,3639.7,2022-09-07,557645,False,,-23404.797498,96
2233,214464,3641.05,2022-09-29,30663,False,,-63483.752527,96
2234,214560,3642.49,2022-10-12,150115,False,,-28947.323373,96
2235,214656,3643.72,2022-10-26,621461,False,,-20140.984351,96
2236,214752,3645.17,2022-11-23,122490,False,,-30392.253248,96
2237,214848,3646.34,2022-12-07,897173,False,,-41768.307017,96
2238,214944,3647.9,2022-12-17,97865,False,,-20075.849828,96
2239,215040,3649.35,2022-12-28,209690,False,,-35749.421142,96
2240,215136,3650.79,2022-01-24,139555,False,,-23616.511077,96
2241,215232,3652.04,2022-02-07,836806,False,,-20018.478349,96
2242,215328,3653.49,2022-02-21,901706,False,,-8446.158616,96
2243,215424,3655.0,2022-03-19,983055,False,,-24897.765646,96
2244,215520,3656.62,2022-04-13,58500,False,,-50201.666955,96
2245,215616,3658.05,2022-04-27,655387,False,,-39301.65045,96
2246,215712,3659.59,2022-05-09,906597,False,,-21971.509384,96
2247,215808,3661.09,2022-06-04,143356,False,,-18582.752294,96
2248,215904,3662.54,2022-06-22,355540,False,,-22193.510169,96
2249,216000,3663.97,2022-07-26,471971,False,,-19748.389324,96
2250,216096,3665.46,2022-08-03,609992,False,,-31062.606581,96
2251,216192,3666.89,2022-08-17,172869,False,,-24180.023252,96
2252,216288,3668.27,2022-09-07,654964,False,,-12795.042716,96
2253,216384,3669.62,2022-09-29,328630,False,,-30855.034975,96
2254,216480,3671.0,2022-10-12,656808,False,,-20786.870895,96
2255,216576,3672.35,2022-10-26,694787,False,,-16794.451473,96
2256,216672,3673.93,2022-11-23,104105,False,,-24550.841792,96
2257,216768,3675.45,2022-12-07,543422,False,,-32692.96118,96
2258,216864,3676.97,2022-12-17,105893,False,,-12878.942578,96
2259,216960,3678.55,2022-12-28,152539,False,,-26433.723912,96
2260,217056,3680.07,2022-01-24,292226,False,,-41237.585154,96
2261,217152,3681.42,2022-02-07,360640,False,,-22608.887024,96
2262,217248,3682.88,2022-02-21,149130,False,,-15862.466405,96
2263,217344,3684.33,2022-03-19,736726,False,,-15032.690536,96
2264,217440,3685.71,2022-04-13,452342,False,,-18056.986121,96
2265,217536,3687.0,2022-04-27,358483,False,,-33758.159616,96
2266,217632,3688.24,2022-05-09,256868,False,,-15308.331551,96
2267,217728,3689.49,2022-06-04,548682,False,,-23845.472524,96
2268,217824,3690.79,2022-06-22,796979,False,,-43493.711599,96
2269,217920,3692.17,2022-07-26,564979,False,,-24274.039994,96
2270,218016,3693.62,2022-08-03,280446,False,,-35262.232494,96
2271,218112,3695.02,2022-08-17,985261,False,,-23507.639596,96
2272,218208,3696.45,2022-09-07,126509,False,,-20876.109402,96
2273,218304,3697.97,2022-09-29,951884,False,,-58769.672789,96
2274,218400,3699.52,2022-10-12,478627,False,,-20244.734036,96
2275,218496,3701.07,2022-10-26,937910,False,,-15937.677171,96
2276,218592,3702.38,2022-11-23,810213,False,,-18265.938879,96
2277,218688,3703.7,2022-12-07,271456,False,,-19210.547558,96
2278,218784,3705.2,2022-12-17,140565,False,,-15160.540012,96
2279,218880,3706.67,2022-12-28,333344,False,,-28830.559644,96
2280,218976,3708.09,2022-01-24,26436,False,,-29109.698205,96
2281,219072,3709.18,2022-02-07,89274,False,,-19739.516276,96
2282,219168,3710.58,2022-02-21,388854,False,,-24142.619534,96
2283,219264,3712.07,2022-03-19,257025,False,,-14527.459958,96
2284,219360,3713.51,2022-04-13,246340,False,,-34924.793835,96
2285,219456,3715.18,2022-04-27,32363,False,,-28591.014369,96
2286,219552,3716.59,2022-05-09,452059,False,,-61093.353937,96
2287,219648,3718.01,2022-06-04,847572,False,,-22758.601053,96
2288,219744,3719.59,2022-06-22,825883,False,,-26556.808396,96
2289,219840,3721.02,2022-07-26,273852,False,,-15462.939232,96
2290,219936,3722.26,2022-08-03,76218,False,,-30358.655899,96
2291,220032,3736.19,2022-08-17,994115,False,,-28101.43285,96
2292,220128,3737.64,2022-09-07,790915,False,,-20765.303439,96
2293,220224,3739.11,2022-09-29,80778,False,,-33823.326715,96
2294,220320,3740.69,2022-10-12,904334,False,,-19392.709053,96
2295,220416,3741.93,2022-10-26,194126,False,,-28409.181064,96
2296,220512,3743.43,2022-11-23,22596,False,,-16903.258601,96
2297,220608,3744.95,2022-12-07,815257,False,,-20439.514233,96
2298,220704,3746.44,2022-12-17,436235,False,,-19192.362574,96
2299,220800,3747.99,2022-12-28,108309,False,,-30094.254459,96
2300,220896,3749.45,2022-01-24,344594,False,,-27124.689791,96
2301,220992,3751.21,2022-02-07,739135,False,,-24345.760949,96
2302,221088,3752.93,2022-02-21,663197,False,,-45128.182357,96
2303,221184,3754.17,2022-03-19,889608,False,,-36708.123523,96
2304,221280,3755.67,2022-04-13,565054,False,,-11644.652764,96
2305,221376,3757.08,2022-04-27,681403,False,,-35945.954715,96
2306,221472,3758.39,2022-05-09,46882,False,,-26293.047795,96
2307,221568,3759.82,2022-06-04,643945,False,,-16929.257706,96
2308,221664,3761.44,2022-06-22,572860,False,,-37152.862862,96
2309,221760,3762.94,2022-07-26,327887,False,,-20532.068022,96
2310,221856,3764.49,2022-08-03,98993,False,,-15429.08984,96
2311,221952,3765.85,2022-08-17,518333,False,,-12159.280506,96
2312,222048,3767.34,2022-09-07,563021,False,,-16297.945074,96
2313,222144,3768.74,2022-09-29,687404,False,,-18819.988024,96
2314,222240,3770.17,2022-10-12,27422,False,,-34460.676857,96
2315,222336,3771.52,2022-10-26,119878,False,,-21486.544701,96
2316,222432,3773.0,2022-11-23,812410,False,,-27657.344243,96
2317,222528,3774.31,2022-12-07,351404,False,,-31815.325086,96
2318,222624,3775.82,2022-12-17,676622,False,,-19975.199427,96
2319,222720,3777.33,2022-12-28,682256,False,,-38730.917309,96
2320,222816,3778.91,2022-01-24,302392,False,,-23270.687292,96
2321,222912,3780.58,2022-02-07,408910,False,,-11682.205878,96
2322,223008,3782.27,2022-02-21,981999,False,,-16351.300955,96
2323,223104,3783.83,2022-03-19,926842,False,,-27388.703532,96
2324,223200,3785.2,2022-04-13,111203,False,,-29332.617537,96
2325,223296,3786.54,2022-04-27,122030,False,,-29007.080508,96
2326,223392,3788.08,2022-05-09,748529,False,,-18480.57134,96
2327,223488,3789.69,2022-06-04,548795,False,,-20644.58212,96
2328,223584,3791.22,2022-06-22,25966,False,,-22229.250195,96
2329,223680,3792.66,2022-07-26,962953,False,,-43020.930833,96
2330,223776,3794.08,2022-08-03,647814,False,,-21311.083679,96
2331,223872,3795.49,2022-08-17,762182,False,,-25563.482918,96
2332,223968,3796.96,2022-09-07,983014,False,,-33645.357565,96
2333,224064,3798.11,2022-09-29,965647,False,,-15057.519261,96
2334,224160,3799.41,2022-10-12,373633,False,,-43838.887776,96
2335,224256,3801.0,2022-10-26,297415,False,,-41052.202877,96
2336,224352,3802.49,2022-11-23,448183,False,,-13289.955482,96
2337,224448,3803.83,2022-12-07,11933,False,,-31672.180564,96
2338,224544,3805.03,2022-12-17,999418,False,,-48255.874455,96
2339,224640,3806.27,2022-12-28,285583,False,,-16167.133586,96
2340,224736,3807.72,2022-01-24,520591,False,,-29204.138273,96
2341,224832,3809.23,2022-02-07,702682,False,,-20526.032655,96
2342,224928,3810.77,2022-02-21,785052,False,,-35263.842857,96
2343,225024,3812.07,2022-03-19,831717,False,,-19929.549059,96
2344,225120,3813.32,2022-04-13,827610,False,,-30102.564797,96
2345,225216,3814.71,2022-04-27,726421,False,,-17672.524207,96
2346,225312,3816.1,2022-05-09,857500,False,,-21813.973469,96
2347,225408,3817.55,2022-06-04,344962,False,,-14662.577465,96
2348,225504,3818.8,2022-06-22,423801,False,,-24367.525283,96
2349,225600,3820.41,2022-07-26,562924,False,,-13995.385106,96
2350,225696,3821.86,2022-08-03,107080,False,,-37255.789838,96
2351,225792,3823.11,2022-08-17,926824,False,,-13447.762416,96
2352,225888,3824.5,2022-09-07,521037,False,,-29652.09702,96
2353,225984,3826.01,2022-09-29,988006,False,,-25318.928093,96
2354,226080,3827.44,2022-10-12,407600,False,,-19928.730026,96
2355,226176,3829.06,2022-10-26,241527,False,,-32709.787251,96
2356,226272,3830.47,2022-11-23,227064,False,,-21592.654077,96
2357,226368,3831.69,2022-12-07,104366,False,,-52700.011402,96
2358,226464,3833.11,2022-12-17,81195,False,,-46949.910223,96
2359,226560,3834.64,2022-12-28,509716,False,,-43439.984795,96
2360,226656,3836.1,2022-01-24,37815,False,,-33478.819356,96
2361,226752,3837.56,2022-02-07,983626,False,,-33049.025329,96
2362,226848,3838.87,2022-02-21,729084,False,,-33566.871535,96
2363,226944,3840.23,2022-03-19,313625,False,,-23935.981319,96
2364,227040,3841.86,2022-04-13,845443,False,,-32092.117114,96
2365,227136,3843.23,2022-04-27,241494,False,,-20670.99558,96
2366,227232,3844.66,2022-05-09,811581,False,,-20874.769428,96
2367,227328,3846.02,2022-06-04,834764,False,,-58415.133963,96
2368,227424,3847.46,2022-06-22,91449,False,,-28715.028685,96
2369,227520,3848.98,2022-07-26,342723,False,,-44975.107576,96
2370,227616,3850.49,2022-08-03,196492,False,,-24328.316681,96
2371,227712,3851.81,2022-08-17,508789,False,,-20984.106063,96
2372,227808,3853.22,2022-09-07,855215,False,,-21614.781781,96
2373,227904,3854.64,2022-09-29,630888,False,,-29889.357383,96
2374,228000,3856.09,2022-10-12,279931,False,,-31283.598531,96
2375,228096,3857.76,2022-10-26,251992,False,,-31952.35722,96
2376,228192,3859.29,2022-11-23,562874,False,,-25284.47477,96
2377,228288,3860.72,2022-12-07,406727,False,,-37720.703267,96
2378,228384,3862.25,2022-12-17,431718,False,,-31222.228014,96
2379,228480,3863.66,2022-12-28,293902,False,,-34544.890186,96
2380,228576,3865.09,2022-01-24,912881,False,,-41978.662077,96
2381,228672,3866.68,2022-02-07,1762,False,,-37227.336383,96
2382,228768,3867.93,2022-02-21,94705,False,,-26087.977135,96
2383,228864,3869.27,2022-03-19,852988,False,,-15668.478152,96
2384,228960,3870.85,2022-04-13,858608,False,,-22894.155644,96
2385,229056,3872.35,2022-04-27,303147,False,,-19265.714055,96
2386,229152,3873.63,2022-05-09,783819,False,,-14345.813567,96
2387,229248,3874.91,2022-06-04,572813,False,,-29674.747923,96
2388,229344,3876.48,2022-06-22,799233,False,,-32919.908072,96
2389,229440,3877.75,2022-07-26,423777,False,,-58417.328595,96
2390,229536,3878.88,2022-08-03,852158,False,,-33093.101044,96
2391,229632,3880.48,2022-08-17,914843,False,,-28371.109843,96
2392,229728,3881.79,2022-09-07,247167,False,,-30602.173081,96
2393,229824,3883.24,2022-09-29,809143,False,,-40440.397102,96
2394,229920,3884.85,2022-10-12,409451,False,,-40723.496669,96
2395,230016,3898.55,2022-10-26,752574,False,,-48385.965583,96
2396,230112,3899.97,2022-11-23,207748,False,,-24443.4491,96
2397,230208,3901.41,2022-12-07,689487,False,,-39736.241358,96
2398,230304,3902.96,2022-12-17,573198,False,,-28191.185706,96
2399,230400,3904.42,2022-12-28,472416,False,,-35443.258487,96
2400,230496,3905.75,2022-01-24,49461,False,,-23924.920566,96
2401,230592,3907.17,2022-02-07,144218,False,,-16876.386838,96
2402,230688,3908.42,2022-02-21,255277,False,,-20709.659318,96
2403,230784,3909.78,2022-03-19,122651,False,,-27382.962399,96
2404,230880,3911.3,2022-04-13,354985,False,,-24164.04454,96
2405,230976,3912.9,2022-04-27,413097,False,,-13946.91418,96
2406,231072,3914.41,2022-05-09,981027,False,,-20061.892148,96
2407,231168,3915.87,2022-06-04,37251,False,,-39602.733649,96
2408,231264,3917.18,2022-06-22,344087,False,,-39942.822721,96
2409,231360,3918.72,2022-07-26,883891,False,,-36691.611409,96
2410,231456,3920.12,2022-08-03,799555,False,,-31912.876467,96
2411,231552,3921.56,2022-08-17,472554,False,,-25215.266881,96
2412,231648,3922.94,2022-09-07,531710,False,,-48083.255521,96
2413,231744,3924.39,2022-09-29,916150,False,,-31268.33415,96
2414,231840,3925.68,2022-10-12,806280,False,,-45504.218324,96
2415,231936,3927.12,2022-10-26,604447,False,,-24700.926346,96
2416,232032,3928.33,2022-11-23,936183,False,,-48409.379385,96
2417,232128,3929.73,2022-12-07,833899,False,,-21442.664404,96
2418,232224,3931.45,2022-12-17,630321,False,,-32434.421163,96
2419,232320,3932.97,2022-12-28,619881,False,,-37019.253204,96
2420,232416,3934.39,2022-01-24,450298,False,,-44757.659506,96
2421,232512,3935.82,2022-02-07,482042,False,,-47511.476222,96
2422,232608,3937.26,2022-02-21,192879,False,,-28406.525841,96
2423,232704,3938.85,2022-03-19,317525,False,,-25504.656998,96
2424,232800,3940.37,2022-04-13,175128,False,,-28620.964162,96
2425,232896,3941.79,2022-04-27,635047,False,,-32169.425994,96
2426,232992,3943.06,2022-05-09,348973,False,,-11182.205167,96
2427,233088,3944.51,2022-06-04,754521,False,,-21770.1612,96
2428,233184,3945.91,2022-06-22,619561,False,,-31730.322877,96
2429,233280,3947.42,2022-07-26,999160,False,,-19781.012003,96
2430,233376,3948.95,2022-08-03,99850,False,,-20253.264875,96
2431,233472,3950.37,2022-08-17,149208,False,,-21757.964066,96
2432,233568,3951.68,2022-09-07,862757,False,,-42824.829884,96
2433,233664,3953.26,2022-09-29,568461,False,,-13395.95732,96
2434,233760,3954.7,2022-10-12,540118,False,,-17983.668372,96
2435,233856,3956.11,2022-10-26,126986,False,,-14838.34441,96
2436,233952,3957.41,2022-11-23,411320,False,,-41977.856018,96
2437,234048,3958.77,2022-12-07,803257,False,,-33694.121844,96
2438,234144,3960.16,2022-12-17,114701,False,,-32929.791065,96
2439,234240,3961.42,2022-12-28,768603,False,,-13606.89772,96
2440,234336,3962.8,2022-01-24,823958,False,,-29448.929568,96
2441,234432,3964.18,2022-02-07,926227,False,,-30845.260205,96
2442,234528,3965.63,2022-02-21,899796,False,,-15041.630666,96
2443,234624,3967.05,2022-03-19,415850,False,,-30140.562417,96
2444,234720,3968.31,2022-04-13,761761,False,,-31665.819029,96
2445,234816,3969.67,2022-04-27,271456,False,,-16790.594003,96
2446,234912,3970.95,2022-05-09,874420,False,,-25799.518525,96
2447,235008,3972.16,2022-06-04,510603,False,,-34947.438831,96
2448,235104,3973.84,2022-06-22,654583,False,,-25730.189546,96
2449,235200,3975.31,2022-07-26,344808,False,,-23514.745095,96
2450,235296,3976.97,2022-08-03,787612,False,,-24909.672562,96
2451,235392,3978.66,2022-08-17,54871,False,,-13400.517448,96
2452,235488,3980.25,2022-09-07,53071,False,,-22139.937194,96
2453,235584,3981.86,2022-09-29,961362,False,,-50064.908242,96
2454,235680,3983.3,2022-10-12,472190,False,,-48321.350551,96
2455,235776,3984.76,2022-10-26,402921,False,,-21645.399886,96
2456,235872,3986.22,2022-11-23,324275,False,,-33656.370288,96
2457,235968,3987.76,2022-12-07,374756,False,,-17783.004282,96
2458,236064,3989.22,2022-12-17,501314,False,,-9599.492717,96
2459,236160,3990.68,2022-12-28,889332,False,,-18912.517042,96
2460,236256,3992.11,2022-01-24,420888,False,,-19252.302252,96
2461,236352,3993.63,2022-02-07,212736,False,,-17754.913596,96
2462,236448,3995.1,2022-02-21,956621,False,,-21863.619131,96
2463,236544,3996.7,2022-03-19,669127,False,,-25889.107113,96
2464,236640,3998.21,2022-04-13,971551,False,,-35863.612147,96
2465,236736,3999.71,2022-04-27,349857,False,,-14567.784795,96
2466,236832,4001.09,2022-05-09,806532,False,,-15975.912256,96
2467,236928,4002.65,2022-06-04,175248,False,,-22231.589145,96
2468,237024,4004.04,2022-06-22,592436,False,,-68035.319019,96
2469,237120,4005.59,2022-07-26,823031,False,,-18683.922108,96
2470,237216,4007.07,2022-08-03,243050,False,,-25661.764985,96
2471,237312,4008.5,2022-08-17,402275,False,,-30269.91847,96
2472,237408,4009.87,2022-09-07,373536,False,,-19694.118123,96
2473,237504,4011.08,2022-09-29,529700,False,,-23086.820712,96
2474,237600,4012.37,2022-10-12,62790,False,,-6435.275677,96
2475,237696,4013.72,2022-10-26,919484,False,,-16248.42524,96
2476,237792,4015.24,2022-11-23,108391,False,,-46187.149179,96
2477,237888,4016.98,2022-12-07,232532,False,,-19582.127536,96
2478,237984,4018.32,2022-12-17,63386,False,,-28004.060186,96
2479,238080,4019.79,2022-12-28,236740,False,,-13685.228128,96
2480,238176,4021.41,2022-01-24,33671,False,,-20610.811414,96
2481,238272,4023.02,2022-02-07,645487,False,,-61303.949856,96
2482,238368,4024.34,2022-02-21,633766,False,,-29161.767154,96
2483,238464,4025.82,2022-03-19,697846,False,,-15652.948296,96
2484,238560,4027.46,2022-04-13,797204,False,,-22919.920621,96
2485,238656,4028.73,2022-04-27,920001,False,,-24538.658879,96
2486,238752,4030.12,2022-05-09,319875,False,,-39496.207734,96
2487,238848,4031.54,2022-06-04,978591,False,,-26691.283633,96
2488,238944,4032.95,2022-06-22,650561,False,,-17046.279469,96
2489,239040,4034.44,2022-07-26,939178,False,,-21496.295704,96
2490,239136,4035.71,2022-08-03,252789,False,,-20239.391447,96
2491,239232,4037.15,2022-08-17,352800,False,,-29599.715608,96
2492,239328,4038.66,2022-09-07,226214,False,,-24050.662424,96
2493,239424,4040.04,2022-09-29,285371,False,,-34667.223462,96
2494,239520,4041.38,2022-10-12,144263,False,,-18591.662405,96
2495,239616,4042.97,2022-10-26,903835,False,,-13963.242178,96
2496,239712,4044.36,2022-11-23,741699,False,,-29757.255806,96
2497,239808,4045.83,2022-12-07,297821,False,,-10699.8091,96
2498,239904,4047.37,2022-12-17,852240,False,,-25012.013563,96
2499,240000,4048.89,2022-12-28,964109,False,,-16646.707009,96
2500,240096,4063.89,2022-01-24,935234,False,,-13452.489658,96
2501,240192,4065.34,2022-02-07,14946,False,,-21713.271261,96
2502,240288,4067.02,2022-02-21,564473,False,,-20446.755804,96
2503,240384,4068.33,2022-03-19,444528,False,,-19561.955999,96
2504,240480,4069.67,2022-04-13,183553,False,,-32719.540565,96
2505,240576,4071.23,2022-04-27,632874,False,,-12572.16813,96
2506,240672,4072.6,2022-05-09,72344,False,,-19035.617342,96
2507,240768,4073.87,2022-06-04,574894,False,,-29928.614168,96
2508,240864,4075.2,2022-06-22,575602,False,,-19930.25686,96
2509,240960,4076.74,2022-07-26,862550,False,,-28792.570593,96
2510,241056,4078.03,2022-08-03,876213,False,,-26758.518855,96
2511,241152,4079.4,2022-08-17,688195,False,,-23413.826887,96
2512,241248,4080.89,2022-09-07,699316,False,,-45107.828803,96
2513,241344,4082.38,2022-09-29,771218,False,,-31365.025933,96
2514,241440,4083.88,2022-10-12,534118,False,,-21667.669824,96
2515,241536,4085.38,2022-10-26,137146,False,,-15855.857147,96
2516,241632,4086.83,2022-11-23,553643,False,,-21092.861683,96
2517,241728,4088.16,2022-12-07,341733,False,,-20603.139568,96
2518,241824,4089.7,2022-12-17,902823,False,,-51353.545335,96
2519,241920,4091.12,2022-12-28,162385,False,,-10797.936022,96
2520,242016,4092.59,2022-01-24,648785,False,,-19758.59666,96
2521,242112,4094.13,2022-02-07,409823,False,,-30345.009459,96
2522,242208,4095.55,2022-02-21,332891,False,,-23473.532834,96
2523,242304,4097.02,2022-03-19,432930,False,,-8073.935371,96
2524,242400,4098.42,2022-04-13,201206,False,,-28247.103265,96
2525,242496,4099.93,2022-04-27,74605,False,,-12018.413922,96
2526,242592,4101.03,2022-05-09,806664,False,,-21218.811639,96
2527,242688,4102.47,2022-06-04,937829,False,,-30854.800806,96
2528,242784,4104.25,2022-06-22,34639,False,,-14007.090007,96
2529,242880,4105.61,2022-07-26,613937,False,,-16792.073934,96
2530,242976,4106.91,2022-08-03,433137,False,,-18853.688607,96
2531,243072,4108.38,2022-08-17,321179,False,,-14298.397986,96
2532,243168,4109.76,2022-09-07,289148,False,,-33764.323539,96
2533,243264,4111.33,2022-09-29,355043,False,,-34488.421875,96
2534,243360,4112.84,2022-10-12,848636,False,,-19550.731452,96
2535,243456,4114.51,2022-10-26,853233,False,,-19207.8342,96
2536,243552,4115.7,2022-11-23,676506,False,,-44138.699095,96
2537,243648,4117.32,2022-12-07,195877,False,,-27944.098136,96
2538,243744,4118.89,2022-12-17,814417,False,,-30475.003709,96
2539,243840,4120.35,2022-12-28,355380,False,,-10855.25374,96
2540,243936,4121.85,2022-01-24,972473,False,,-7277.796452,96
2541,244032,4123.13,2022-02-07,987449,False,,-17037.848461,96
2542,244128,4124.59,2022-02-21,253004,False,,-14072.128334,96
2543,244224,4126.15,2022-03-19,925558,False,,-22471.217439,96
2544,244320,4127.7,2022-04-13,612079,False,,-28612.049396,96
2545,244416,4129.03,2022-04-27,321267,False,,-17368.365284,96
2546,244512,4130.45,2022-05-09,631346,False,,-13555.455279,96
2547,244608,4132.04,2022-06-04,638585,False,,-30019.982913,96
2548,244704,4133.54,2022-06-22,843928,False,,-13046.415735,96
2549,244800,4134.87,2022-07-26,547372,False,,-21642.273371,96
2550,244896,4136.21,2022-08-03,795278,False,,-20951.427784,96
2551,244992,4137.84,2022-08-17,920815,False,,-19182.769497,96
2552,245088,4139.34,2022-09-07,304144,False,,-23728.131966,96
2553,245184,4140.73,2022-09-29,134857,False,,-35996.006962,96
2554,245280,4142.3,2022-10-12,382577,False,,-30414.405123,96
2555,245376,4143.78,2022-10-26,720642,False,,-29848.747856,96
2556,245472,4145.13,2022-11-23,20876,False,,-30048.824407,96
2557,245568,4146.45,2022-12-07,386653,False,,-16647.143415,96
2558,245664,4147.66,2022-12-17,474836,False,,-25651.168687,96
2559,245760,4148.95,2022-12-28,96171,False,,-15535.087673,96
2560,245856,4150.21,2022-01-24,461088,False,,-17897.595911,96
2561,245952,4151.66,2022-02-07,363354,False,,-26867.047011,96
2562,246048,4153.06,2022-02-21,745429,False,,-43876.795391,96
2563,246144,4154.5,2022-03-19,814076,False,,-26640.821549,96
2564,246240,4155.82,2022-04-13,174519,False,,-45470.743196,96
2565,246336,4157.37,2022-04-27,444602,False,,-23729.250812,96
2566,246432,4158.79,2022-05-09,211480,False,,-13310.705833,96
2567,246528,4160.28,2022-06-04,941355,False,,-31704.710485,96
2568,246624,4161.66,2022-06-22,567624,False,,-34728.03701,96
2569,246720,4163.19,2022-07-26,171787,False,,-33659.799295,96
2570,246816,4164.6,2022-08-03,496888,False,,-32919.949673,96
2571,246912,4166.05,2022-08-17,381085,False,,-21888.980566,96
2572,247008,4167.46,2022-09-07,318404,False,,-22607.642149,96
2573,247104,4169.05,2022-09-29,393345,False,,-23259.098599,96
2574,247200,4170.48,2022-10-12,960356,False,,-23188.505585,96
2575,247296,4171.95,2022-10-26,684897,False,,-26860.248193,96
2576,247392,4173.48,2022-11-23,636824,False,,-28839.219635,96
2577,247488,4174.89,2022-12-07,417012,False,,-22724.215752,96
2578,247584,4176.31,2022-12-17,931071,False,,-22714.36793,96
2579,247680,4177.8,2022-12-28,812776,False,,-17168.069516,96
2580,247776,4179.1,2022-01-24,569126,False,,-26505.162569,96
2581,247872,4180.54,2022-02-07,222884,False,,-24681.577183,96
2582,247968,4181.96,2022-02-21,745856,False,,-28269.436045,96
2583,248064,4183.44,2022-03-19,167573,False,,-24090.262585,96
2584,248160,4184.91,2022-04-13,464846,False,,-28205.833598,96
2585,248256,4186.35,2022-04-27,21879,False,,-15157.743364,96
2586,248352,4187.83,2022-05-09,174633,False,,-29759.587497,96
2587,248448,4189.25,2022-06-04,210413,False,,-29200.365772,96
2588,248544,4190.73,2022-06-22,293886,False,,-18227.284334,96
2589,248640,4192.17,2022-07-26,721130,False,,-40233.996682,96
2590,248736,4193.8,2022-08-03,747674,False,,-12520.379037,96
2591,248832,4195.22,2022-08-17,38697,False,,-19818.178875,96
2592,248928,4196.72,2022-09-07,909208,False,,-23692.898433,96
2593,249024,4198.12,2022-09-29,714453,False,,-26979.798867,96
2594,249120,4199.51,2022-10-12,815956,False,,-19013.881206,96
2595,249216,4201.02,2022-10-26,928827,False,,-20798.003237,96
2596,249312,4202.62,2022-11-23,518293,False,,-11801.778476,96
2597,249408,4204.07,2022-12-07,321480,False,,-38525.045918,96
2598,249504,4205.46,2022-12-17,270117,False,,-46028.027162,96
2599,249600,4206.84,2022-12-28,874243,False,,-24268.547199,96
2600,249696,4208.28,2022-01-24,871630,False,,-17220.701176,96
2601,249792,4209.8,2022-02-07,587970,False,,-12855.978217,96
2602,249888,4211.3,2022-02-21,695626,False,,-16235.432669,96
2603,249984,4212.78,2022-03-19,251797,False,,-13268.775863,96
2604,250080,4227.16,2022-04-13,358281,False,,-11671.88804,96
2605,250176,4228.65,2022-04-27,970825,False,,-38318.189191,96
2606,250272,4230.2,2022-05-09,514463,False,,-31811.744224,96
2607,250368,4231.66,2022-06-04,230240,False,,-17391.965664,96
2608,250464,4233.26,2022-06-22,268783,False,,-20222.207,96
2609,250560,4234.8,2022-07-26,81640,False,,-17157.601016,96
2610,250656,4236.01,2022-08-03,202298,False,,-20357.492701,96
2611,250752,4237.41,2022-08-17,732129,False,,-21511.606617,96
2612,250848,4238.83,2022-09-07,769823,False,,-32443.492304,96
2613,250944,4240.17,2022-09-29,69232,False,,-26114.300286,96
2614,251040,4241.55,2022-10-12,54192,False,,-24099.878037,96
2615,251136,4243.1,2022-10-26,962015,False,,-27902.572023,96
2616,251232,4244.47,2022-11-23,873230,False,,-30778.165296,96
2617,251328,4245.79,2022-12-07,188350,False,,-13057.809891,96
2618,251424,4247.29,2022-12-17,400108,False,,-19923.683379,96
2619,251520,4248.74,2022-12-28,112748,False,,-21939.10047,96
2620,251616,4250.07,2022-01-24,104533,False,,-11092.963177,96
2621,251712,4251.63,2022-02-07,695110,False,,-27239.426788,96
2622,251808,4253.05,2022-02-21,306702,False,,-23219.591035,96
2623,251904,4254.47,2022-03-19,629073,False,,-28544.591182,96
2624,252000,4255.91,2022-04-13,774217,False,,-20081.385315,96
2625,252096,4257.22,2022-04-27,322262,False,,-16472.157533,96
2626,252192,4258.57,2022-05-09,514285,False,,-34691.890808,96
2627,252288,4260.05,2022-06-04,807912,False,,-33269.683958,96
2628,252384,4261.38,2022-06-22,574630,False,,-17300.414143,96
2629,252480,4262.87,2022-07-26,991365,False,,-14001.755477,96
2630,252576,4264.31,2022-08-03,937568,False,,-20103.176208,96
2631,252672,4265.85,2022-08-17,82172,False,,-27012.753668,96
2632,252768,4267.1,2022-09-07,411627,False,,-19226.000738,96
2633,252864,4268.57,2022-09-29,866038,False,,-31235.124675,96
2634,252960,4270.08,2022-10-12,56282,False,,-26952.09071,96
2635,253056,4271.39,2022-10-26,494579,False,,-22969.408021,96
2636,253152,4272.88,2022-11-23,333304,False,,-23030.006462,96
2637,253248,4274.47,2022-12-07,162852,False,,-32271.668452,96
2638,253344,4276.05,2022-12-17,786719,False,,-59065.220921,96
2639,253440,4277.42,2022-12-28,683212,False,,-26619.100508,96
2640,253536,4278.75,2022-01-24,311381,False,,-13544.319211,96
2641,253632,4280.11,2022-02-07,419960,False,,-18388.484334,96
2642,253728,4281.64,2022-02-21,668374,False,,-20785.823978,96
2643,253824,4283.04,2022-03-19,954581,False,,-9095.848367,96
2644,253920,4284.28,2022-04-13,152557,False,,-19040.647698,96
2645,254016,4285.55,2022-04-27,560190,False,,-19644.249815,96
2646,254112,4286.78,2022-05-09,666826,False,,-29751.394557,96
2647,254208,4288.1,2022-06-04,809203,False,,-23923.356927,96
2648,254304,4289.48,2022-06-22,57331,False,,-20581.49732,96
2649,254400,4291.04,2022-07-26,2520,False,,-30256.285206,96
2650,254496,4292.62,2022-08-03,485395,False,,-31960.32758,96
2651,254592,4294.15,2022-08-17,533354,False,,-17836.287938,96
2652,254688,4295.72,2022-09-07,639680,False,,-16108.374719,96
2653,254784,4297.01,2022-09-29,527660,False,,-26373.971116,96
2654,254880,4298.46,2022-10-12,91950,False,,-27006.748072,96
2655,254976,4300.06,2022-10-26,194598,False,,-16509.417693,96
2656,255072,4301.44,2022-11-23,828105,False,,-22962.392074,96
2657,255168,4302.96,2022-12-07,695069,False,,-33705.712276,96
2658,255264,4304.42,2022-12-17,282166,False,,-23969.24857,96
2659,255360,4305.74,2022-12-28,782117,False,,-47281.972024,96
2660,255456,4307.2,2022-01-24,56097,False,,-29840.261479,96
2661,255552,4308.54,2022-02-07,870589,False,,-13556.824434,96
2662,255648,4310.01,2022-02-21,151903,False,,-38099.529048,96
2663,255744,4311.32,2022-03-19,178073,False,,-14238.446655,96
2664,255840,4312.64,2022-04-13,912631,False,,-10550.882755,96
2665,255936,4314.19,2022-04-27,46402,False,,-24160.717134,96
2666,256032,4315.45,2022-05-09,894374,False,,-23936.673378,96
2667,256128,4316.91,2022-06-04,475509,False,,-20268.844644,96
2668,256224,4318.35,2022-06-22,340086,False,,-15034.19482,96
2669,256320,4319.83,2022-07-26,52896,False,,-29230.502651,96
2670,256416,4321.33,2022-08-03,58087,False,,-42350.965647,96
2671,256512,4322.62,2022-08-17,783700,False,,-15011.820675,96
2672,256608,4324.18,2022-09-07,175894,False,,-20792.127044,96
2673,256704,4325.76,2022-09-29,936527,False,,-18846.284156,96
2674,256800,4327.25,2022-10-12,840159,False,,-14800.066496,96
2675,256896,4328.71,2022-10-26,263184,False,,-17672.233009,96
2676,256992,4330.02,2022-11-23,640148,False,,-20577.012528,96
2677,257088,4331.59,2022-12-07,272829,False,,-18552.454004,96
2678,257184,4333.18,2022-12-17,740245,False,,-48891.419433,96
2679,257280,4334.78,2022-12-28,795691,False,,-40732.524311,96
2680,257376,4336.28,2022-01-24,992204,False,,-31388.222475,96
2681,257472,4337.84,2022-02-07,270026,False,,-42732.273376,96
2682,257568,4339.21,2022-02-21,956557,False,,-13453.845766,96
2683,257664,4340.59,2022-03-19,997707,False,,-22587.391355,96
2684,257760,4341.99,2022-04-13,292487,False,,-24269.125766,96
2685,257856,4343.29,2022-04-27,685404,False,,-32963.050464,96
2686,257952,4344.85,2022-05-09,400751,False,,-19993.597921,96
2687,258048,4346.2,2022-06-04,717006,False,,-18616.791368,96
2688,258144,4347.71,2022-06-22,423581,False,,-40257.302035,96
2689,258240,4349.17,2022-07-26,917050,False,,-21466.30565,96
2690,258336,4350.67,2022-08-03,816734,False,,-22155.855103,96
2691,258432,4352.18,2022-08-17,361167,False,,-24734.456674,96
2692,258528,4353.59,2022-09-07,417552,False,,-20709.714604,96
2693,258624,4355.15,2022-09-29,985555,False,,-16087.562428,96
2694,258720,4356.48,2022-10-12,466742,False,,-30360.648805,96
2695,258816,4357.95,2022-10-26,420260,False,,-25394.04728,96
2696,258912,4359.44,2022-11-23,314733,False,,-30792.354513,96
2697,259008,4360.91,2022-12-07,470257,False,,-25609.201913,96
2698,259104,4362.29,2022-12-17,95525,False,,-40687.501882,96
2699,259200,4363.56,2022-12-28,257425,False,,-31060.939092,96
2700,259296,4364.92,2022-01-24,413095,False,,-17704.641653,96
2701,259392,4366.34,2022-02-07,474105,False,,-24450.527542,96
2702,259488,4367.82,2022-02-21,816008,False,,-19615.401698,96
2703,259584,4369.34,2022-03-19,894281,False,,-17252.448678,96
2704,259680,4370.8,2022-04-13,601860,False,,-28748.645985,96
2705,259776,4372.1,2022-04-27,910557,False,,-38917.411283,96
2706,259872,4373.51,2022-05-09,750927,False,,-14047.451737,96
2707,259968,4374.99,2022-06-04,24414,False,,-16981.084358,96
2708,260064,4389.25,2022-06-22,408098,False,,-21021.227929,96
2709,260160,4390.83,2022-07-26,603388,False,,-34907.248858,96
2710,260256,4392.07,2022-08-03,163103,False,,-21321.185964,96
2711,260352,4393.38,2022-08-17,112925,False,,-25825.390345,96
2712,260448,4394.76,2022-09-07,105533,False,,-16960.209754,96
2713,260544,4396.13,2022-09-29,679295,False,,-22231.311817,96
2714,260640,4397.4,2022-10-12,38420,False,,-11294.687755,96
2715,260736,4398.98,2022-10-26,645379,False,,-21781.191126,96
2716,260832,4400.52,2022-11-23,402876,False,,-34841.779031,96
2717,260928,4402.09,2022-12-07,293009,False,,-19070.802312,96
2718,261024,4403.57,2022-12-17,117758,False,,-23350.081464,96
2719,261120,4404.89,2022-12-28,949228,False,,-12959.359885,96
2720,261216,4406.47,2022-01-24,724852,False,,-33431.160414,96
2721,261312,4407.81,2022-02-07,501273,False,,-28499.458583,96
2722,261408,4409.31,2022-02-21,671087,False,,-21398.280426,96
2723,261504,4410.82,2022-03-19,432215,False,,-8725.967019,96
2724,261600,4412.34,2022-04-13,213244,False,,-37144.041321,96
2725,261696,4413.55,2022-04-27,560438,False,,-28117.654844,96
2726,261792,4414.95,2022-05-09,588413,False,,-27964.880432,96
2727,261888,4416.37,2022-06-04,706501,False,,-25425.572892,96
2728,261984,4417.73,2022-06-22,302522,False,,-13375.336784,96
2729,262080,4419.3,2022-07-26,624042,False,,-30237.020279,96
2730,262176,4420.81,2022-08-03,103896,False,,-20874.995195,96
2731,262272,4422.12,2022-08-17,356098,False,,-15227.862317,96
2732,262368,4423.67,2022-09-07,711336,False,,-24169.294513,96
2733,262464,4425.2,2022-09-29,832724,False,,-23702.844004,96
2734,262560,4426.64,2022-10-12,923656,False,,-47216.016177,96
2735,262656,4428.14,2022-10-26,655442,False,,-33803.376412,96
2736,262752,4429.51,2022-11-23,222463,False,,-23443.732999,96
2737,262848,4430.82,2022-12-07,592832,False,,-20968.176343,96
2738,262944,4432.34,2022-12-17,178659,False,,-34880.206776,96
2739,263040,4433.64,2022-12-28,135505,False,,-60188.011712,96
2740,263136,4435.09,2022-01-24,534078,False,,-14479.47384,96
2741,263232,4436.73,2022-02-07,822353,False,,-26339.190913,96
2742,263328,4438.07,2022-02-21,957429,False,,-12988.580516,96
2743,263424,4439.43,2022-03-19,961416,False,,-15858.857432,96
2744,263520,4440.8,2022-04-13,362357,False,,-28399.300781,96
2745,263616,4442.19,2022-04-27,504342,False,,-23897.676616,96
2746,263712,4443.52,2022-05-09,998502,False,,-14678.071535,96
2747,263808,4444.88,2022-06-04,449124,False,,-26119.616795,96
2748,263904,4446.11,2022-06-22,475231,False,,-32578.777853,96
2749,264000,4447.4,2022-07-26,492724,False,,-21096.112898,96
2750,264096,4448.63,2022-08-03,880539,False,,-17743.240388,96
2751,264192,4450.14,2022-08-17,806666,False,,-33384.463536,96
2752,264288,4451.63,2022-09-07,691684,False,,-19718.136667,96
2753,264384,4453.08,2022-09-29,238108,False,,-20235.082108,96
2754,264480,4454.62,2022-10-12,644199,False,,-23086.247451,96
2755,264576,4455.94,2022-10-26,944956,False,,-38249.792377,96
2756,264672,4457.3,2022-11-23,142453,False,,-16945.163186,96
2757,264768,4458.72,2022-12-07,654385,False,,-31778.59913,96
2758,264864,4460.1,2022-12-17,474068,False,,-30864.978385,96
2759,264960,4461.53,2022-12-28,926398,False,,-26935.318483,96
2760,265056,4463.05,2022-01-24,838605,False,,-22019.559207,96
2761,265152,4464.36,2022-02-07,59314,False,,-26203.841731,96
2762,265248,4465.76,2022-02-21,789800,False,,-18475.050666,96
2763,265344,4467.28,2022-03-19,464328,False,,-15973.093181,96
2764,265440,4468.73,2022-04-13,659287,False,,-22083.062371,96
2765,265536,4470.16,2022-04-27,861409,False,,-12393.080542,96
2766,265632,4471.45,2022-05-09,396901,False,,-41468.002646,96
2767,265728,4472.93,2022-06-04,709871,False,,-33943.698276,96
2768,265824,4474.5,2022-06-22,822072,False,,-23604.431381,96
2769,265920,4475.94,2022-07-26,800525,False,,-22756.556998,96
2770,266016,4477.29,2022-08-03,427089,False,,-20287.173265,96
2771,266112,4478.8,2022-08-17,130199,False,,-11593.350007,96
2772,266208,4480.14,2022-09-07,781327,False,,-19561.972815,96
2773,266304,4481.44,2022-09-29,360835,False,,-31179.837453,96
2774,266400,4482.85,2022-10-12,737188,False,,-19515.900687,96
2775,266496,4484.35,2022-10-26,630167,False,,-24974.770784,96
2776,266592,4485.96,2022-11-23,170868,False,,-30422.052236,96
2777,266688,4487.34,2022-12-07,817470,False,,-36377.289242,96
2778,266784,4488.74,2022-12-17,126124,False,,-15171.95827,96
2779,266880,4490.07,2022-12-28,912666,False,,-19839.923933,96
2780,266976,4491.47,2022-01-24,571880,False,,-23575.473048,96
2781,267072,4492.84,2022-02-07,996870,False,,-39799.134021,96
2782,267168,4494.0,2022-02-21,120410,False,,-30701.318169,96
2783,267264,4495.39,2022-03-19,833376,False,,-13575.718431,96
2784,267360,4496.8,2022-04-13,23634,False,,-38073.263312,96
2785,267456,4498.17,2022-04-27,923804,False,,-26305.193763,96
2786,267552,4499.67,2022-05-09,82243,False,,-23278.57784,96
2787,267648,4501.06,2022-06-04,926947,False,,-31326.949211,96
2788,267744,4502.58,2022-06-22,518022,False,,-25797.603698,96
2789,267840,4504.0,2022-07-26,816426,False,,-23404.93,96
2790,267936,4505.54,2022-08-03,27366,False,,-13404.150817,96
2791,268032,4506.85,2022-08-17,103516,False,,-26928.598228,96
2792,268128,4508.08,2022-09-07,750140,False,,-16571.624086,96
2793,268224,4509.44,2022-09-29,187923,False,,-18908.92795,96
2794,268320,4510.89,2022-10-12,47506,False,,-27693.148188,96
2795,268416,4512.37,2022-10-26,232044,False,,-21624.877542,96
2796,268512,4513.8,2022-11-23,564142,False,,-25582.773952,96
2797,268608,4515.24,2022-12-07,748059,False,,-21588.467376,96
2798,268704,4516.35,2022-12-17,565973,False,,-26208.246057,96
2799,268800,4517.8,2022-12-28,9506,False,,-36883.954309,96
2800,268896,4519.1,2022-01-24,784124,False,,-19732.448677,96
2801,268992,4520.44,2022-02-07,823183,False,,-20768.009105,96
2802,269088,4521.96,2022-02-21,467302,False,,-28039.031426,96
2803,269184,4523.4,2022-03-19,204887,False,,-17797.631461,96
2804,269280,4524.78,2022-04-13,961989,False,,-24731.630382,96
2805,269376,4526.38,2022-04-27,436917,False,,-42384.770117,96
2806,269472,4527.92,2022-05-09,618274,False,,-30652.410079,96
2807,269568,4529.31,2022-06-04,502718,False,,-16241.370065,96
2808,269664,4530.8,2022-06-22,421475,False,,-51719.15924,96
2809,269760,4532.13,2022-07-26,583540,False,,-14726.441228,96
2810,269856,4533.52,2022-08-03,536001,False,,-14560.110234,96
2811,269952,4534.89,2022-08-17,105485,False,,-21973.072665,96
2812,270048,4550.24,2022-09-07,766769,False,,-33977.912192,96
2813,270144,4551.56,2022-09-29,260483,False,,-32095.669005,96
2814,270240,4552.88,2022-10-12,971094,False,,-34635.349001,96
2815,270336,4554.3,2022-10-26,667040,False,,-24122.51249,96
2816,270432,4555.68,2022-11-23,647507,False,,-17860.925002,96
2817,270528,4557.12,2022-12-07,870303,False,,-14713.161826,96
2818,270624,4558.63,2022-12-17,589553,False,,-9003.476522,96
2819,270720,4559.98,2022-12-28,709562,False,,-49374.975179,96
2820,270816,4561.36,2022-01-24,74612,False,,-27805.751011,96
2821,270912,4562.63,2022-02-07,680905,False,,-11148.926627,96
2822,271008,4564.05,2022-02-21,356709,False,,-12467.329444,96
2823,271104,4565.48,2022-03-19,792864,False,,-13712.742974,96
2824,271200,4566.93,2022-04-13,637314,False,,-25956.348657,96
2825,271296,4568.22,2022-04-27,713804,False,,-28895.323423,96
2826,271392,4569.73,2022-05-09,643794,False,,-15819.746806,96
2827,271488,4571.22,2022-06-04,140300,False,,-28882.128473,96
2828,271584,4572.63,2022-06-22,735530,False,,-7357.511063,96
2829,271680,4574.07,2022-07-26,891214,False,,-26167.277013,96
2830,271776,4575.35,2022-08-03,534432,False,,-15710.303629,96
2831,271872,4576.72,2022-08-17,923905,False,,-19492.880727,96
2832,271968,4578.18,2022-09-07,959894,False,,-15467.934341,96
2833,272064,4579.75,2022-09-29,364150,False,,-27723.869509,96
2834,272160,4581.22,2022-10-12,709344,False,,-37729.702037,96
2835,272256,4582.54,2022-10-26,838165,False,,-24869.253926,96
2836,272352,4584.1,2022-11-23,80068,False,,-9604.399308,96
2837,272448,4585.66,2022-12-07,52368,False,,-30694.351923,96
2838,272544,4587.1,2022-12-17,21497,False,,-9291.114245,96
2839,272640,4588.6,2022-12-28,498993,False,,-17522.198268,96
2840,272736,4590.03,2022-01-24,492460,False,,-19056.234366,96
2841,272832,4591.37,2022-02-07,664589,False,,-18822.483621,96
2842,272928,4592.93,2022-02-21,970883,False,,-18460.331125,96
2843,273024,4594.44,2022-03-19,761221,False,,-32465.487946,96
2844,273120,4595.89,2022-04-13,128070,False,,-25198.206189,96
2845,273216,4597.38,2022-04-27,766568,False,,-46876.567581,96
2846,273312,4598.71,2022-05-09,531821,False,,-18659.79271,96
2847,273408,4600.16,2022-06-04,241134,False,,-33400.870712,96
2848,273504,4601.68,2022-06-22,394599,False,,-35759.350384,96
2849,273600,4603.27,2022-07-26,260459,False,,-42139.884113,96
2850,273696,4604.65,2022-08-03,462285,False,,-28035.247206,96
2851,273792,4606.12,2022-08-17,538305,False,,-17085.94614,96
2852,273888,4607.44,2022-09-07,327643,False,,-13021.057657,96
2853,273984,4609.0,2022-09-29,391673,False,,-35421.761951,96
2854,274080,4610.4,2022-10-12,925221,False,,-20434.192599,96
2855,274176,4611.83,2022-10-26,189435,False,,-13866.379288,96
2856,274272,4613.27,2022-11-23,504721,False,,-13903.00961,96
2857,274368,4614.64,2022-12-07,657788,False,,-18419.389709,96
2858,274464,4616.13,2022-12-17,86702,False,,-29885.970123,96
2859,274560,4617.56,2022-12-28,873231,False,,-21553.857896,96
2860,274656,4619.01,2022-01-24,503944,False,,-23993.779488,96
2861,274752,4620.43,2022-02-07,542420,False,,-15396.098754,96
2862,274848,4621.89,2022-02-21,677206,False,,-36093.632744,96
2863,274944,4623.39,2022-03-19,625702,False,,-21601.336023,96
2864,275040,4624.95,2022-04-13,733474,False,,-38492.447229,96
2865,275136,4626.39,2022-04-27,630559,False,,-50164.161824,96
2866,275232,4627.62,2022-05-09,464748,False,,-16674.423427,96
2867,275328,4628.79,2022-06-04,293646,False,,-26130.527078,96
2868,275424,4630.21,2022-06-22,483135,False,,-28947.081531,96
2869,275520,4631.66,2022-07-26,525233,False,,-25019.381464,96
2870,275616,4633.21,2022-08-03,693890,False,,-15054.489131,96
2871,275712,4634.73,2022-08-17,881255,False,,-42939.473198,96
2872,275808,4636.2,2022-09-07,218908,False,,-21043.332462,96
2873,275904,4637.75,2022-09-29,698465,False,,-15679.906987,96
2874,276000,4639.31,2022-10-12,971657,False,,-51081.700762,96
2875,276096,4640.43,2022-10-26,946462,False,,-12473.048145,96
2876,276192,4641.85,2022-11-23,702631,False,,-36206.678166,96
2877,276288,4643.16,2022-12-07,542508,False,,-53563.209119,96
2878,276384,4644.49,2022-12-17,904201,False,,-33664.446985,96
2879,276480,4646.06,2022-12-28,12814,False,,-15331.895327,96
2880,276576,4647.54,2022-01-24,598855,False,,-21929.295253,96
2881,276672,4648.9,2022-02-07,283789,False,,-20760.339449,96
2882,276768,4650.24,2022-02-21,38103,False,,-32739.933658,96
2883,276864,4651.57,2022-03-19,633646,False,,-57346.358258,96
2884,276960,4652.86,2022-04-13,671692,False,,-22199.659133,96
2885,277056,4654.37,2022-04-27,184233,False,,-25930.357303,96
2886,277152,4655.63,2022-05-09,736463,False,,-18828.329043,96
2887,277248,4656.84,2022-06-04,362535,False,,-23565.319558,96
2888,277344,4658.23,2022-06-22,98350,False,,-49525.555238,96
2889,277440,4659.91,2022-07-26,792776,False,,-19689.133274,96
2890,277536,4661.46,2022-08-03,673732,False,,-37345.940421,96
2891,277632,4662.95,2022-08-17,951168,False,,-21274.739297,96
2892,277728,4664.47,2022-09-07,833301,False,,-10811.848874,96
2893,277824,4665.78,2022-09-29,423879,False,,-18037.620711,96
2894,277920,4667.38,2022-10-12,141823,False,,-39429.394577,96
2895,278016,4668.96,2022-10-26,727735,False,,-27040.246605,96
2896,278112,4670.37,2022-11-23,644781,False,,-21409.767903,96
2897,278208,4671.84,2022-12-07,370958,False,,-23981.057847,96
2898,278304,4673.34,2022-12-17,538362,False,,-28108.719892,96
2899,278400,4674.71,2022-12-28,986552,False,,-12508.353326,96
2900,278496,4676.07,2022-01-24,652841,False,,-17641.251077,96
2901,278592,4677.33,2022-02-07,48819,False,,-30811.344143,96
2902,278688,4678.65,2022-02-21,632940,False,,-39198.965644,96
2903,278784,4680.0,2022-03-19,504262,False,,-37377.978092,96
2904,278880,4681.24,2022-04-13,785437,False,,-24576.728215,96
2905,278976,4682.65,2022-04-27,542349,False,,-25294.362209,96
2906,279072,4684.01,2022-05-09,707510,False,,-24191.386922,96
2907,279168,4685.3,2022-06-04,884702,False,,-13228.789995,96
2908,279264,4686.69,2022-06-22,268446,False,,-26574.924428,96
2909,279360,4687.95,2022-07-26,954659,False,,-21452.557022,96
2910,279456,4689.62,2022-08-03,805450,False,,-19616.805612,96
2911,279552,4690.96,2022-08-17,627387,False,,-20191.457226,96
2912,279648,4692.3,2022-09-07,587070,False,,-25775.800756,96
2913,279744,4693.63,2022-09-29,520671,False,,-19071.321754,96
2914,279840,4694.91,2022-10-12,539422,False,,-29996.761152,96
2915,279936,4696.4,2022-10-26,961759,False,,-37624.075215,96
2916,280032,4711.04,2022-11-23,880135,False,,-14067.133872,96
2917,280128,4712.49,2022-12-07,163422,False,,-13334.021808,96
2918,280224,4713.96,2022-12-17,983814,False,,-16549.884313,96
2919,280320,4715.32,2022-12-28,245010,False,,-30208.635258,96
2920,280416,4716.63,2022-01-24,460505,False,,-22848.20873,96
2921,280512,4717.94,2022-02-07,976250,False,,-13508.408627,96
2922,280608,4719.46,2022-02-21,994427,False,,-26488.021013,96
2923,280704,4720.69,2022-03-19,992542,False,,-23572.631453,96
2924,280800,4721.92,2022-04-13,848311,False,,-24555.449519,96
2925,280896,4723.52,2022-04-27,25331,False,,-15557.833925,96
2926,280992,4724.76,2022-05-09,802450,False,,-69370.015567,96
2927,281088,4726.04,2022-06-04,305705,False,,-13954.48181,96
2928,281184,4727.39,2022-06-22,226180,False,,-17779.557662,96
2929,281280,4728.91,2022-07-26,110509,False,,-25952.896422,96
2930,281376,4730.47,2022-08-03,544379,False,,-18245.06892,96
2931,281472,4731.85,2022-08-17,872582,False,,-18847.179087,96
2932,281568,4733.28,2022-09-07,300287,False,,-20571.995254,96
2933,281664,4734.64,2022-09-29,362056,False,,-19437.486282,96
2934,281760,4736.08,2022-10-12,953374,False,,-19688.938176,96
2935,281856,4737.61,2022-10-26,789135,False,,-23800.769333,96
2936,281952,4738.93,2022-11-23,829449,False,,-31454.483959,96
2937,282048,4740.36,2022-12-07,651211,False,,-17992.138474,96
2938,282144,4741.81,2022-12-17,118185,False,,-18965.953986,96
2939,282240,4743.09,2022-12-28,890870,False,,-16103.272131,96
2940,282336,4744.57,2022-01-24,57313,False,,-24334.494389,96
2941,282432,4745.87,2022-02-07,865600,False,,-25610.562332,96
2942,282528,4747.17,2022-02-21,404952,False,,-44628.548632,96
2943,282624,4748.51,2022-03-19,58643,False,,-39570.19831,96
2944,282720,4749.88,2022-04-13,674189,False,,-29920.815176,96
2945,282816,4751.39,2022-04-27,662868,False,,-32160.327157,96
2946,282912,4752.81,2022-05-09,560186,False,,-14938.980152,96
2947,283008,4754.13,2022-06-04,334841,False,,-11524.12668,96
2948,283104,4755.43,2022-06-22,625690,False,,-14638.644,96
2949,283200,4756.83,2022-07-26,85947,False,,-26178.592945,96
2950,283296,4758.19,2022-08-03,79200,False,,-32363.469744,96
2951,283392,4759.57,2022-08-17,126789,False,,-19907.317267,96
2952,283488,4761.03,2022-09-07,389612,False,,-46614.648137,96
2953,283584,4762.45,2022-09-29,71597,False,,-25664.738754,96
2954,283680,4763.86,2022-10-12,92120,False,,-35579.225092,96
2955,283776,4765.19,2022-10-26,593762,False,,-23813.796673,96
2956,283872,4766.42,2022-11-23,815191,False,,-26711.176177,96
2957,283968,4767.94,2022-12-07,526295,False,,-15188.659788,96
2958,284064,4769.45,2022-12-17,369988,False,,-24777.456518,96
2959,284160,4770.83,2022-12-28,635269,False,,-21107.460775,96
2960,284256,4772.43,2022-01-24,96478,False,,-24748.881154,96
2961,284352,4774.0,2022-02-07,376807,False,,-18480.441636,96
2962,284448,4775.36,2022-02-21,288112,False,,-23900.470839,96
2963,284544,4776.72,2022-03-19,801909,False,,-21218.966848,96
2964,284640,4778.25,2022-04-13,583152,False,,-29633.329689,96
2965,284736,4779.57,2022-04-27,661877,False,,-10318.055038,96
2966,284832,4780.98,2022-05-09,105436,False,,-26936.018765,96
2967,284928,4782.28,2022-06-04,46081,False,,-15751.763669,96
2968,285024,4783.75,2022-06-22,718608,False,,-35570.850055,96
2969,285120,4785.23,2022-07-26,279691,False,,-27349.191735,96
2970,285216,4786.67,2022-08-03,941633,False,,-15386.079222,96
2971,285312,4788.17,2022-08-17,201308,False,,-29330.649321,96
2972,285408,4789.69,2022-09-07,428379,False,,-34136.303834,96
2973,285504,4791.04,2022-09-29,67210,False,,-36631.795213,96
2974,285600,4792.6,2022-10-12,822614,False,,-41700.452551,96
2975,285696,4794.14,2022-10-26,303000,False,,-24748.333711,96
2976,285792,4795.5,2022-11-23,977184,False,,-13818.019019,96
2977,285888,4797.08,2022-12-07,945487,False,,-25271.357068,96
2978,285984,4798.56,2022-12-17,779791,False,,-36121.685655,96
2979,286080,4800.21,2022-12-28,797637,False,,-20612.519906,96
2980,286176,4801.56,2022-01-24,374219,False,,-23020.85196,96
2981,286272,4802.86,2022-02-07,360749,False,,-33709.802271,96
2982,286368,4804.33,2022-02-21,296520,False,,-19284.47356,96
2983,286464,4805.94,2022-03-19,217446,False,,-40303.739398,96
2984,286560,4807.35,2022-04-13,778385,False,,-23150.117011,96
2985,286656,4808.83,2022-04-27,209737,False,,-28175.612368,96
2986,286752,4810.41,2022-05-09,606959,False,,-15189.052076,96
2987,286848,4811.76,2022-06-04,607249,False,,-43967.436275,96
2988,286944,4813.09,2022-06-22,520477,False,,-28126.056976,96
2989,287040,4814.59,2022-07-26,918253,False,,-23987.078211,96
2990,287136,4816.0,2022-08-03,819680,False,,-40788.703965,96
2991,287232,4817.15,2022-08-17,963831,False,,-28461.836295,96
2992,287328,4818.34,2022-09-07,31526,False,,-23075.706855,96
2993,287424,4819.84,2022-09-29,925003,False,,-35325.929332,96
2994,287520,4821.2,2022-10-12,255686,False,,-32504.947195,96
2995,287616,4822.63,2022-10-26,642185,False,,-49917.176388,96
2996,287712,4824.01,2022-11-23,973003,False,,-27418.597652,96
2997,287808,4825.46,2022-12-07,745259,False,,-21545.86209,96
2998,287904,4826.98,2022-12-17,555729,False,,-25580.936337,96
2999,288000,4828.28,2022-12-28,922220,False,,-37857.427874,96
3000,288096,4829.68,2022-01-24,833309,False,,-29468.974472,96
3001,288192,4831.16,2022-02-07,963590,False,,-17372.775861,96
3002,288288,4832.67,2022-02-21,23669,False,,-25872.537604,96
3003,288384,4834.15,2022-03-19,257132,False,,-16725.110179,96
3004,288480,4835.6,2022-04-13,184467,False,,-18133.963774,96
3005,288576,4837.05,2022-04-27,724095,False,,-20594.615912,96
3006,288672,4838.53,2022-05-09,308898,False,,-24082.37068,96
3007,288768,4839.9,2022-06-04,231081,False,,-14703.971372,96
3008,288864,4841.34,2022-06-22,392161,False,,-13128.547907,96
3009,288960,4842.92,2022-07-26,93991,False,,-34693.20621,96
3010,289056,4844.26,2022-08-03,868606,False,,-19046.457402,96
3011,289152,4845.73,2022-08-17,76293,False,,-25670.200534,96
3012,289248,4847.31,2022-09-07,386244,False,,-23850.663113,96
3013,289344,4848.71,2022-09-29,235101,False,,-23465.897657,96
3014,289440,4850.31,2022-10-12,815780,False,,-26520.518713,96
3015,289536,4851.86,2022-10-26,744899,False,,-43410.206336,96
3016,289632,4853.27,2022-11-23,825538,False,,-36083.120379,96
3017,289728,4854.54,2022-12-07,93915,False,,-16677.619492,96
3018,289824,4855.92,2022-12-17,637317,False,,-40495.183224,96
3019,289920,4857.45,2022-12-28,817400,False,,-16923.776266,96
3020,290016,4871.85,2022-01-24,729821,False,,-23605.486517,96
3021,290112,4873.34,2022-02-07,76588,False,,-14443.533398,96
3022,290208,4874.7,2022-02-21,176945,False,,-12345.362737,96
3023,290304,4876.12,2022-03-19,579361,False,,-20200.411036,96
3024,290400,4877.57,2022-04-13,289535,False,,-18795.63495,96
3025,290496,4878.96,2022-04-27,11451,False,,-31675.80217,96
3026,290592,4880.24,2022-05-09,759804,False,,-28600.534704,96
3027,290688,4881.62,2022-06-04,648920,False,,-39473.197935,96
3028,290784,4883.26,2022-06-22,620836,False,,-25238.084307,96
3029,290880,4884.79,2022-07-26,21372,False,,-25339.590953,96
3030,290976,4886.18,2022-08-03,532724,False,,-49193.09102,96
3031,291072,4887.64,2022-08-17,153624,False,,-16372.992859,96
3032,291168,4889.08,2022-09-07,561350,False,,-19800.315344,96
3033,291264,4890.57,2022-09-29,20988,False,,-13356.566108,96
3034,291360,4892.06,2022-10-12,609157,False,,-13438.890329,96
3035,291456,4893.38,2022-10-26,12676,False,,-22852.063523,96
3036,291552,4894.88,2022-11-23,106753,False,,-43289.456234,96
3037,291648,4896.45,2022-12-07,942107,False,,-30758.873677,96
3038,291744,4897.95,2022-12-17,147590,False,,-20553.56354,96
3039,291840,4899.31,2022-12-28,267172,False,,-14284.736408,96
3040,291936,4900.58,2022-01-24,131190,False,,-20204.616765,96
3041,292032,4902.15,2022-02-07,11413,False,,-27540.388431,96
3042,292128,4903.56,2022-02-21,90635,False,,-31320.357907,96
3043,292224,4904.9,2022-03-19,421166,False,,-29619.146542,96
3044,292320,4906.23,2022-04-13,954730,False,,-28798.40042,96
3045,292416,4907.6,2022-04-27,125657,False,,-36887.337404,96
3046,292512,4908.99,2022-05-09,348653,False,,-33619.084903,96
3047,292608,4910.54,2022-06-04,845568,False,,-7840.234582,96
3048,292704,4912.06,2022-06-22,958450,False,,-23198.062817,96
3049,292800,4913.45,2022-07-26,611561,False,,-24354.084452,96
3050,292896,4914.95,2022-08-03,611256,False,,-19563.072556,96
3051,292992,4916.09,2022-08-17,856431,False,,-24517.059028,96
3052,293088,4917.36,2022-09-07,92564,False,,-19378.284454,96
3053,293184,4918.69,2022-09-29,995384,False,,-31739.510742,96
3054,293280,4920.1,2022-10-12,734747,False,,-14607.088834,96
3055,293376,4921.55,2022-10-26,325490,False,,-21901.775018,96
3056,293472,4922.96,2022-11-23,755597,False,,-37666.699614,96
3057,293568,4924.19,2022-12-07,192276,False,,-28165.533379,96
3058,293664,4925.51,2022-12-17,410552,False,,-23425.022409,96
3059,293760,4926.89,2022-12-28,653772,False,,-48267.296418,96
3060,293856,4928.31,2022-01-24,160425,False,,-19824.443078,96
3061,293952,4929.85,2022-02-07,280430,False,,-32189.730216,96
3062,294048,4931.2,2022-02-21,284882,False,,-26725.854772,96
3063,294144,4932.72,2022-03-19,859947,False,,-21503.540319,96
3064,294240,4934.18,2022-04-13,366920,False,,-24997.526675,96
3065,294336,4935.56,2022-04-27,954091,False,,-40351.391724,96
3066,294432,4936.96,2022-05-09,523532,False,,-13862.882454,96
3067,294528,4938.41,2022-06-04,126220,False,,-19985.970094,96
3068,294624,4939.77,2022-06-22,242533,False,,-27394.359516,96
3069,294720,4941.25,2022-07-26,554271,False,,-27927.157039,96
3070,294816,4942.57,2022-08-03,578625,False,,-17387.734479,96
3071,294912,4943.93,2022-08-17,403352,False,,-14160.61769,96
3072,295008,4945.35,2022-09-07,605538,False,,-18034.889557,96
3073,295104,4946.93,2022-09-29,713078,False,,-25296.67616,96
3074,295200,4948.43,2022-10-12,926184,False,,-42875.877868,96
3075,295296,4949.98,2022-10-26,658187,False,,-19604.381943,96
3076,295392,4951.46,2022-11-23,420478,False,,-17179.152289,96
3077,295488,4953.22,2022-12-07,129630,False,,-31079.204006,96
3078,295584,4954.48,2022-12-17,651603,False,,-35157.351437,96
3079,295680,4955.85,2022-12-28,653808,False,,-28040.231355,96
3080,295776,4957.24,2022-01-24,229568,False,,-34033.904692,96
3081,295872,4958.8,2022-02-07,381030,False,,-17744.885528,96
3082,295968,4960.27,2022-02-21,654084,False,,-34845.910477,96
3083,296064,4961.75,2022-03-19,735375,False,,-12817.976249,96
3084,296160,4963.16,2022-04-13,982818,False,,-22414.630443,96
3085,296256,4964.52,2022-04-27,139669,False,,-24412.482527,96
3086,296352,4966.14,2022-05-09,834601,False,,-47854.09694,96
3087,296448,4967.69,2022-06-04,27311,False,,-19967.976317,96
3088,296544,4969.35,2022-06-22,225391,False,,-19961.845966,96
3089,296640,4971.02,2022-07-26,798514,False,,-35202.480251,96
3090,296736,4972.54,2022-08-03,88548,False,,-14734.60953,96
3091,296832,4973.92,2022-08-17,735965,False,,-15009.791492,96
3092,296928,4975.46,2022-09-07,931675,False,,-29512.669641,96
3093,297024,4977.01,2022-09-29,149696,False,,-70484.956924,96
3094,297120,4978.34,2022-10-12,121275,False,,-79610.703977,96
3095,297216,4979.62,2022-10-26,968877,False,,-33655.708492,96
3096,297312,4980.99,2022-11-23,671523,False,,-28482.227338,96
3097,297408,4982.56,2022-12-07,370921,False,,-18170.993924,96
3098,297504,4984.12,2022-12-17,952618,False,,-19703.130651,96
3099,297600,4985.62,2022-12-28,679432,False,,-28701.091385,96
3100,297696,4987.14,2022-01-24,597915,False,,-30530.37252,96
3101,297792,4988.67,2022-02-07,162673,False,,-17206.826474,96
3102,297888,4989.97,2022-02-21,806624,False,,-33538.232143,96
3103,297984,4991.46,2022-03-19,103829,False,,-27610.95946,96
3104,298080,4992.9,2022-04-13,189271,False,,-41134.569866,96
3105,298176,4994.33,2022-04-27,458480,False,,-57153.002501,96
3106,298272,4995.88,2022-05-09,107024,False,,-17614.977076,96
3107,298368,4997.24,2022-06-04,616305,False,,-42637.538587,96
3108,298464,4998.88,2022-06-22,96432,False,,-15776.576373,96
3109,298560,5000.37,2022-07-26,255282,False,,-22693.828244,96
3110,298656,5001.86,2022-08-03,69339,False,,-21931.452876,96
3111,298752,5003.28,2022-08-17,949329,False,,-19858.235242,96
3112,298848,5004.78,2022-09-07,882415,False,,-37755.737113,96
3113,298944,5006.23,2022-09-29,958944,False,,-36817.381909,96
3114,299040,5007.79,2022-10-12,819320,False,,-18702.844429,96
3115,299136,5009.27,2022-10-26,938952,False,,-19149.549912,96
3116,299232,5010.77,2022-11-23,707487,False,,-33818.076316,96
3117,299328,5012.11,2022-12-07,867823,False,,-24897.311705,96
3118,299424,5013.56,2022-12-17,486087,False,,-11219.726385,96
3119,299520,5014.97,2022-12-28,918668,False,,-25340.015681,96
3120,299616,5016.26,2022-01-24,707638,False,,-27680.399549,96
3121,299712,5017.77,2022-02-07,984682,False,,-20969.663817,96
3122,299808,5019.26,2022-02-21,331952,False,,-24098.698016,96
3123,299904,5020.74,2022-03-19,663201,False,,-35031.112839,96
3124,300000,5022.13,2022-04-13,318129,False,,-26173.807224,96
3125,300096,5037.21,2022-04-27,891417,False,,-35555.988212,96
3126,300192,5038.52,2022-05-09,289376,False,,-40847.249076,96
3127,300288,5039.88,2022-06-04,686419,False,,-24846.767711,96
3128,300384,5041.33,2022-06-22,140230,False,,-21158.078652,96
3129,300480,5042.87,2022-07-26,997868,False,,-44168.811023,96
3130,300576,5044.27,2022-08-03,86488,False,,-30151.056452,96
3131,300672,5045.68,2022-08-17,83870,False,,-17178.917552,96
3132,300768,5047.21,2022-09-07,714910,False,,-18819.436353,96
3133,300864,5048.55,2022-09-29,198895,False,,-16460.022877,96
3134,300960,5049.78,2022-10-12,674058,False,,-16344.356478,96
3135,301056,5051.2,2022-10-26,595608,False,,-19160.885769,96
3136,301152,5052.64,2022-11-23,886700,False,,-21396.349898,96
3137,301248,5053.99,2022-12-07,765101,False,,-38367.659428,96
3138,301344,5055.33,2022-12-17,798641,False,,-38627.208495,96
3139,301440,5056.81,2022-12-28,329996,False,,-42173.724211,96
3140,301536,5058.13,2022-01-24,737891,False,,-14738.623146,96
3141,301632,5059.53,2022-02-07,793477,False,,-26351.103742,96
3142,301728,5060.79,2022-02-21,20700,False,,-8731.884495,96
3143,301824,5062.26,2022-03-19,772233,False,,-30151.779577,96
3144,301920,5063.88,2022-04-13,261957,False,,-18200.271525,96
3145,302016,5065.27,2022-04-27,473637,False,,-23656.585867,96
3146,302112,5066.6,2022-05-09,776536,False,,-23610.28747,96
3147,302208,5067.92,2022-06-04,657592,False,,-27429.879752,96
3148,302304,5069.39,2022-06-22,878766,False,,-23308.056335,96
3149,302400,5070.72,2022-07-26,219897,False,,-22617.058797,96
3150,302496,5072.21,2022-08-03,15573,False,,-41979.584958,96
3151,302592,5073.67,2022-08-17,527488,False,,-28860.748934,96
3152,302688,5075.07,2022-09-07,654447,False,,-19348.636916,96
3153,302784,5076.45,2022-09-29,924488,False,,-12450.958599,96
3154,302880,5078.03,2022-10-12,818942,False,,-17614.736655,96
3155,302976,5079.53,2022-10-26,370941,False,,-33645.648646,96
3156,303072,5080.9,2022-11-23,171489,False,,-30811.186025,96
3157,303168,5082.21,2022-12-07,648756,False,,-15164.613397,96
3158,303264,5083.48,2022-12-17,240759,False,,-20413.413263,96
3159,303360,5084.96,2022-12-28,938227,False,,-17178.835243,96
3160,303456,5086.26,2022-01-24,868284,False,,-18161.940923,96
3161,303552,5087.72,2022-02-07,11083,False,,-33601.076079,96
3162,303648,5089.1,2022-02-21,350822,False,,-18898.534543,96
3163,303744,5090.46,2022-03-19,336471,False,,-24530.873191,96
3164,303840,5091.79,2022-04-13,238991,False,,-19660.496802,96
3165,303936,5093.3,2022-04-27,883424,False,,-15668.156955,96
3166,304032,5094.69,2022-05-09,740637,False,,-17761.593739,96
3167,304128,5096.22,2022-06-04,227239,False,,-19236.81588,96
3168,304224,5097.67,2022-06-22,555168,False,,-20525.870155,96
3169,304320,5099.05,2022-07-26,596076,False,,-29943.970928,96
3170,304416,5100.62,2022-08-03,1907,False,,-25638.816139,96
3171,304512,5101.88,2022-08-17,599213,False,,-21815.408835,96
3172,304608,5103.26,2022-09-07,102450,False,,-24716.359136,96
3173,304704,5104.81,2022-09-29,203689,False,,-38545.342564,96
3174,304800,5106.25,2022-10-12,68906,False,,-18503.276142,96
3175,304896,5107.72,2022-10-26,830660,False,,-15711.892973,96
3176,304992,5109.01,2022-11-23,425649,False,,-29302.947946,96
3177,305088,5110.39,2022-12-07,911119,False,,-13329.234201,96
3178,305184,5111.82,2022-12-17,754249,False,,-25181.65129,96
3179,305280,5113.38,2022-12-28,516948,False,,-20396.83955,96
3180,305376,5114.95,2022-01-24,753408,False,,-27888.861529,96
3181,305472,5116.34,2022-02-07,610737,False,,-31251.777932,96
3182,305568,5117.89,2022-02-21,308230,False,,-17221.338922,96
3183,305664,5119.44,2022-03-19,34141,False,,-17997.835075,96
3184,305760,5121.04,2022-04-13,724,False,,-44087.970794,96
3185,305856,5122.48,2022-04-27,781295,False,,-33680.63651,96
3186,305952,5123.93,2022-05-09,137539,False,,-50580.594445,96
3187,306048,5125.43,2022-06-04,302732,False,,-13829.87083,96
3188,306144,5126.91,2022-06-22,89360,False,,-25651.808164,96
3189,306240,5128.43,2022-07-26,290297,False,,-28301.23998,96
3190,306336,5130.27,2022-08-03,979472,False,,-26049.791873,96
3191,306432,5131.58,2022-08-17,364705,False,,-16987.426024,96
3192,306528,5132.96,2022-09-07,120206,False,,-22040.262963,96
3193,306624,5134.32,2022-09-29,64283,False,,-29519.021428,96
3194,306720,5135.76,2022-10-12,98705,False,,-32941.550429,96
3195,306816,5137.33,2022-10-26,973821,False,,-23850.49625,96
3196,306912,5138.73,2022-11-23,140428,False,,-22801.673199,96
3197,307008,5140.15,2022-12-07,415858,False,,-20273.482826,96
3198,307104,5141.53,2022-12-17,415378,False,,-26380.515663,96
3199,307200,5142.8,2022-12-28,711342,False,,-22309.289146,96
3200,307296,5144.34,2022-01-24,203263,False,,-21428.117714,96
3201,307392,5145.66,2022-02-07,913149,False,,-12832.432684,96
3202,307488,5146.85,2022-02-21,464657,False,,-16685.336859,96
3203,307584,5148.4,2022-03-19,385506,False,,-20085.89101,96
3204,307680,5149.9,2022-04-13,263027,False,,-32485.370819,96
3205,307776,5151.33,2022-04-27,280465,False,,-29763.830155,96
3206,307872,5152.7,2022-05-09,624975,False,,-46340.14842,96
3207,307968,5154.09,2022-06-04,479277,False,,-24649.384558,96
3208,308064,5155.64,2022-06-22,901438,False,,-16536.640716,96
3209,308160,5157.01,2022-07-26,741904,False,,-28075.012457,96
3210,308256,5158.41,2022-08-03,135772,False,,-26153.721349,96
3211,308352,5159.81,2022-08-17,988343,False,,-26076.339213,96
3212,308448,5161.08,2022-09-07,550198,False,,-37902.663617,96
3213,308544,5162.62,2022-09-29,301142,False,,-7481.074155,96
3214,308640,5164.09,2022-10-12,473257,False,,-39809.738388,96
3215,308736,5165.67,2022-10-26,562447,False,,-19121.042488,96
3216,308832,5167.09,2022-11-23,955540,False,,-23444.736638,96
3217,308928,5168.3,2022-12-07,433934,False,,-14346.073111,96
3218,309024,5169.83,2022-12-17,809864,False,,-13130.517905,96
3219,309120,5171.47,2022-12-28,906249,False,,-20818.495662,96
3220,309216,5172.97,2022-01-24,275207,False,,-18758.408524,96
3221,309312,5174.51,2022-02-07,918727,False,,-36253.207569,96
3222,309408,5175.83,2022-02-21,447966,False,,-21903.768562,96
3223,309504,5177.34,2022-03-19,118311,False,,-28302.345147,96
3224,309600,5178.73,2022-04-13,713838,False,,-21692.216208,96
3225,309696,5180.19,2022-04-27,58961,False,,-29424.329716,96
3226,309792,5181.47,2022-05-09,945890,False,,-15393.343294,96
3227,309888,5182.99,2022-06-04,665680,False,,-20400.193909,96
3228,309984,5184.48,2022-06-22,750974,False,,-17727.683536,96
3229,310080,5199.25,2022-07-26,465978,False,,-63479.726797,96
3230,310176,5200.68,2022-08-03,88314,False,,-51045.491825,96
3231,310272,5202.14,2022-08-17,920060,False,,-31874.978894,96
3232,310368,5203.49,2022-09-07,354202,False,,-15341.322478,96
3233,310464,5204.93,2022-09-29,492639,False,,-47160.109098,96
3234,310560,5206.28,2022-10-12,135462,False,,-31769.540684,96
3235,310656,5207.79,2022-10-26,302396,False,,-15396.313375,96
3236,310752,5209.16,2022-11-23,209692,False,,-18509.692445,96
3237,310848,5210.61,2022-12-07,224397,False,,-15045.787445,96
3238,310944,5212.04,2022-12-17,414814,False,,-42965.284133,96
3239,311040,5213.41,2022-12-28,643931,False,,-25808.093824,96
3240,311136,5214.82,2022-01-24,890295,False,,-35137.969067,96
3241,311232,5216.25,2022-02-07,266612,False,,-27620.961566,96
3242,311328,5217.55,2022-02-21,232513,False,,-15457.605356,96
3243,311424,5218.95,2022-03-19,25117,False,,-23868.684088,96
3244,311520,5220.46,2022-04-13,313761,False,,-28181.995075,96
3245,311616,5222.04,2022-04-27,656321,False,,-22104.777004,96
3246,311712,5223.49,2022-05-09,64671,False,,-36756.144877,96
3247,311808,5224.85,2022-06-04,835444,False,,-12751.104582,96
3248,311904,5226.18,2022-06-22,882172,False,,-20577.230372,96
3249,312000,5227.48,2022-07-26,854403,False,,-27315.711596,96
3250,312096,5228.87,2022-08-03,695626,False,,-32656.328998,96
3251,312192,5230.22,2022-08-17,67495,False,,-22026.072417,96
3252,312288,5231.4,2022-09-07,396200,False,,-33885.28683,96
3253,312384,5232.7,2022-09-29,111787,False,,-15437.452931,96
3254,312480,5234.14,2022-10-12,634621,False,,-22104.410171,96
3255,312576,5235.56,2022-10-26,183443,False,,-53911.30549,96
3256,312672,5237.14,2022-11-23,38110,False,,-11611.673075,96
3257,312768,5238.44,2022-12-07,608003,False,,-27036.726328,96
3258,312864,5239.71,2022-12-17,61796,False,,-18970.662638,96
3259,312960,5241.3,2022-12-28,765839,False,,-21751.526996,96
3260,313056,5242.75,2022-01-24,665407,False,,-22158.131287,96
3261,313152,5244.27,2022-02-07,369854,False,,-13106.245487,96
3262,313248,5245.55,2022-02-21,323,False,,-14547.837301,96
3263,313344,5246.99,2022-03-19,573099,False,,-15292.137399,96
3264,313440,5248.45,2022-04-13,634919,False,,-10904.313992,96
3265,313536,5249.83,2022-04-27,645238,False,,-18510.488759,96
3266,313632,5251.24,2022-05-09,499556,False,,-11904.707734,96
3267,313728,5252.58,2022-06-04,864479,False,,-36481.260425,96
3268,313824,5254.05,2022-06-22,891618,False,,-17324.093767,96
3269,313920,5255.46,2022-07-26,70019,False,,-28649.345306,96
3270,314016,5256.98,2022-08-03,293196,False,,-20370.968689,96
3271,314112,5258.39,2022-08-17,293411,False,,-44347.866284,96
3272,314208,5260.04,2022-09-07,421239,False,,-15668.572119,96
3273,314304,5261.67,2022-09-29,475666,False,,-23816.325148,96
3274,314400,5263.3,2022-10-12,16879,False,,-20625.351803,96
3275,314496,5264.83,2022-10-26,776340,False,,-29306.883406,96
3276,314592,5266.16,2022-11-23,820758,False,,-31693.126702,96
3277,314688,5267.65,2022-12-07,36198,False,,-22686.216819,96
3278,314784,5269.15,2022-12-17,596714,False,,-30836.855084,96
3279,314880,5270.69,2022-12-28,114191,False,,-15755.731964,96
3280,314976,5272.02,2022-01-24,380387,False,,-17846.596609,96
3281,315072,5273.57,2022-02-07,141402,False,,-15931.324774,96
3282,315168,5274.89,2022-02-21,610211,False,,-15561.01143,96
3283,315264,5276.24,2022-03-19,404765,False,,-24396.069774,96
3284,315360,5277.67,2022-04-13,307826,False,,-41856.272488,96
3285,315456,5279.02,2022-04-27,855839,False,,-12835.220419,96
3286,315552,5280.43,2022-05-09,944962,False,,-19464.903557,96
3287,315648,5281.71,2022-06-04,760595,False,,-17179.642695,96
3288,315744,5283.25,2022-06-22,680643,False,,-25563.344797,96
3289,315840,5284.78,2022-07-26,520743,False,,-25341.532925,96
3290,315936,5286.18,2022-08-03,613950,False,,-22703.682076,96
3291,316032,5287.59,2022-08-17,321930,False,,-26426.256271,96
3292,316128,5288.99,2022-09-07,63317,False,,-27261.031252,96
3293,316224,5290.49,2022-09-29,515357,False,,-18063.9632,96
3294,316320,5291.85,2022-10-12,403199,False,,-42418.967821,96
3295,316416,5293.16,2022-10-26,978330,False,,-33656.540208,96
3296,316512,5294.61,2022-11-23,954993,False,,-21020.169467,96
3297,316608,5296.07,2022-12-07,122449,False,,-34395.149237,96
3298,316704,5297.58,2022-12-17,402381,False,,-22018.406695,96
3299,316800,5298.96,2022-12-28,391219,False,,-34765.825626,96
3300,316896,5300.27,2022-01-24,539124,False,,-33757.147905,96
3301,316992,5301.64,2022-02-07,724023,False,,-24216.081351,96
3302,317088,5303.15,2022-02-21,302783,False,,-23432.923527,96
3303,317184,5304.46,2022-03-19,536137,False,,-17395.455825,96
3304,317280,5305.92,2022-04-13,285587,False,,-30326.551917,96
3305,317376,5307.3,2022-04-27,170287,False,,-42198.546587,96
3306,317472,5308.56,2022-05-09,103119,False,,-24954.655007,96
3307,317568,5309.8,2022-06-04,105875,False,,-20839.95118,96
3308,317664,5311.2,2022-06-22,12389,False,,-16835.494516,96
3309,317760,5312.59,2022-07-26,310575,False,,-30057.824259,96
3310,317856,5314.18,2022-08-03,578409,False,,-22471.256553,96
3311,317952,5315.74,2022-08-17,35562,False,,-26364.973216,96
3312,318048,5317.24,2022-09-07,792089,False,,-35458.202554,96
3313,318144,5318.57,2022-09-29,67029,False,,-32313.571487,96
3314,318240,5319.97,2022-10-12,519329,False,,-22829.705099,96
3315,318336,5321.25,2022-10-26,161911,False,,-13464.232274,96
3316,318432,5322.6,2022-11-23,144370,False,,-58055.515046,96
3317,318528,5324.15,2022-12-07,85137,False,,-20180.529988,96
3318,318624,5325.53,2022-12-17,523466,False,,-32592.213334,96
3319,318720,5326.95,2022-12-28,260839,False,,-18345.914231,96
3320,318816,5328.42,2022-01-24,522509,False,,-41883.02981,96
3321,318912,5329.93,2022-02-07,320638,False,,-12715.679444,96
3322,319008,5331.44,2022-02-21,295972,False,,-29132.983818,96
3323,319104,5332.94,2022-03-19,766843,False,,-16695.340428,96
3324,319200,5334.36,2022-04-13,929185,False,,-17998.687581,96
3325,319296,5335.76,2022-04-27,560700,False,,-21783.726246,96
3326,319392,5337.23,2022-05-09,270842,False,,-37928.59065,96
3327,319488,5338.66,2022-06-04,512524,False,,-43753.741431,96
3328,319584,5340.24,2022-06-22,989506,False,,-6979.413586,96
3329,319680,5341.78,2022-07-26,447510,False,,-29775.782955,96
3330,319776,5343.05,2022-08-03,768353,False,,-23435.699655,96
3331,319872,5344.51,2022-08-17,741034,False,,-30745.505264,96
3332,319968,5345.99,2022-09-07,120188,False,,-12487.197772,96
3333,320064,5361.0,2022-09-29,763256,False,,-15549.73177,96
3334,320160,5362.56,2022-10-12,424879,False,,-22089.804996,96
3335,320256,5363.96,2022-10-26,694583,False,,-62843.938858,96
3336,320352,5365.41,2022-11-23,161055,False,,-41112.893509,96
3337,320448,5366.66,2022-12-07,560728,False,,-35334.095527,96
3338,320544,5368.22,2022-12-17,188769,False,,-20710.701115,96
3339,320640,5369.74,2022-12-28,667425,False,,-57385.06521,96
3340,320736,5371.22,2022-01-24,528527,False,,-33599.189963,96
3341,320832,5372.69,2022-02-07,147245,False,,-22917.904243,96
3342,320928,5374.02,2022-02-21,54944,False,,-13150.308665,96
3343,321024,5375.5,2022-03-19,581521,False,,-23936.102381,96
3344,321120,5377.11,2022-04-13,983465,False,,-22152.501031,96
3345,321216,5378.37,2022-04-27,395348,False,,-32949.711837,96
3346,321312,5379.91,2022-05-09,500616,False,,-26631.638113,96
3347,321408,5381.39,2022-06-04,586895,False,,-32968.213635,96
3348,321504,5382.77,2022-06-22,542942,False,,-28580.317051,96
3349,321600,5384.21,2022-07-26,403655,False,,-37852.977232,96
3350,321696,5385.62,2022-08-03,790653,False,,-29227.845897,96
3351,321792,5387.11,2022-08-17,661133,False,,-53969.916518,96
3352,321888,5388.47,2022-09-07,127620,False,,-28909.202826,96
3353,321984,5389.87,2022-09-29,971242,False,,-22564.883213,96
3354,322080,5391.24,2022-10-12,494512,False,,-11068.225524,96
3355,322176,5392.64,2022-10-26,448375,False,,-16886.466775,96
3356,322272,5394.01,2022-11-23,530068,False,,-12162.291634,96
3357,322368,5395.51,2022-12-07,45730,False,,-34269.098892,96
3358,322464,5397.05,2022-12-17,492018,False,,-49512.29047,96
3359,322560,5398.42,2022-12-28,676560,False,,-27828.797111,96
3360,322656,5400.05,2022-01-24,962991,False,,-90157.421549,96
3361,322752,5401.56,2022-02-07,769751,False,,-47614.662252,96
3362,322848,5402.97,2022-02-21,929837,False,,-11890.86807,96
3363,322944,5404.37,2022-03-19,76775,False,,-13804.293156,96
3364,323040,5405.54,2022-04-13,849347,False,,-35021.508928,96
3365,323136,5407.08,2022-04-27,170180,False,,-22685.444769,96
3366,323232,5408.52,2022-05-09,925938,False,,-36598.50733,96
3367,323328,5409.99,2022-06-04,765439,False,,-32598.899869,96
3368,323424,5411.37,2022-06-22,232135,False,,-19290.063956,96
3369,323520,5412.8,2022-07-26,876876,False,,-43545.4733,96
3370,323616,5414.24,2022-08-03,243077,False,,-51359.191565,96
3371,323712,5415.75,2022-08-17,748561,False,,-20101.651454,96
3372,323808,5417.31,2022-09-07,602484,False,,-30845.727529,96
3373,323904,5418.73,2022-09-29,330241,False,,-34017.06818,96
3374,324000,5420.13,2022-10-12,61031,False,,-39495.969938,96
3375,324096,5421.49,2022-10-26,971553,False,,-11026.16491,96
3376,324192,5422.96,2022-11-23,990724,False,,-20195.567735,96
3377,324288,5424.44,2022-12-07,575129,False,,-28269.401952,96
3378,324384,5425.81,2022-12-17,977639,False,,-11219.16092,96
3379,324480,5427.2,2022-12-28,507001,False,,-37508.524258,96
3380,324576,5428.63,2022-01-24,89417,False,,-31874.248212,96
3381,324672,5430.0,2022-02-07,77311,False,,-23221.94094,96
3382,324768,5431.5,2022-02-21,906494,False,,-17781.912482,96
3383,324864,5432.74,2022-03-19,305590,False,,-13735.938968,96
3384,324960,5434.24,2022-04-13,535508,False,,-15267.188557,96
3385,325056,5435.72,2022-04-27,966510,False,,-15914.776788,96
3386,325152,5437.25,2022-05-09,656650,False,,-18289.487267,96
3387,325248,5438.6,2022-06-04,417884,False,,-17963.390197,96
3388,325344,5439.98,2022-06-22,607650,False,,-29240.064942,96
3389,325440,5441.41,2022-07-26,775843,False,,-18470.527131,96
3390,325536,5442.96,2022-08-03,520619,False,,-33857.746327,96
3391,325632,5444.28,2022-08-17,775932,False,,-49672.915626,96
3392,325728,5445.7,2022-09-07,43748,False,,-33522.5828,96
3393,325824,5447.12,2022-09-29,838299,False,,-23249.977084,96
3394,325920,5448.56,2022-10-12,502930,False,,-22911.978034,96
3395,326016,5449.82,2022-10-26,984450,False,,-18165.459995,96
3396,326112,5451.33,2022-11-23,119328,False,,-26383.473452,96
3397,326208,5452.61,2022-12-07,679215,False,,-8011.725518,96
3398,326304,5453.99,2022-12-17,937882,False,,-25284.753222,96
3399,326400,5455.52,2022-12-28,268527,False,,-25098.021253,96
3400,326496,5456.9,2022-01-24,450375,False,,-17330.025306,96
3401,326592,5458.16,2022-02-07,66269,False,,-46852.576878,96
3402,326688,5459.67,2022-02-21,816826,False,,-57629.592877,96
3403,326784,5460.94,2022-03-19,622810,False,,-12724.974675,96
3404,326880,5462.31,2022-04-13,274894,False,,-21026.500778,96
3405,326976,5463.78,2022-04-27,953347,False,,-27884.436143,96
3406,327072,5465.13,2022-05-09,276186,False,,-30402.121749,96
3407,327168,5466.43,2022-06-04,942594,False,,-34669.35245,96
3408,327264,5468.03,2022-06-22,382132,False,,-31927.062988,96
3409,327360,5469.5,2022-07-26,274016,False,,-20561.871821,96
3410,327456,5470.84,2022-08-03,292171,False,,-61725.477661,96
3411,327552,5472.39,2022-08-17,40981,False,,-24531.730861,96
3412,327648,5473.98,2022-09-07,754003,False,,-17589.701489,96
3413,327744,5475.28,2022-09-29,839370,False,,-13062.823386,96
3414,327840,5476.72,2022-10-12,595344,False,,-39141.609755,96
3415,327936,5478.22,2022-10-26,51640,False,,-21929.852501,96
3416,328032,5479.67,2022-11-23,439679,False,,-21246.756211,96
3417,328128,5481.04,2022-12-07,14140,False,,-37605.596269,96
3418,328224,5482.45,2022-12-17,888604,False,,-33184.688501,96
3419,328320,5483.81,2022-12-28,839565,False,,-31998.296936,96
3420,328416,5485.23,2022-01-24,427915,False,,-26625.927645,96
3421,328512,5486.72,2022-02-07,652132,False,,-25787.390766,96
3422,328608,5488.32,2022-02-21,195713,False,,-15061.948532,96
3423,328704,5489.74,2022-03-19,628368,False,,-30252.606444,96
3424,328800,5491.07,2022-04-13,902259,False,,-24678.92499,96
3425,328896,5492.52,2022-04-27,223041,False,,-19570.776269,96
3426,328992,5493.98,2022-05-09,48152,False,,-24216.128759,96
3427,329088,5495.32,2022-06-04,109128,False,,-23555.619564,96
3428,329184,5496.89,2022-06-22,178968,False,,-33644.911195,96
3429,329280,5498.45,2022-07-26,709828,False,,-22034.934068,96
3430,329376,5500.0,2022-08-03,900560,False,,-17933.92288,96
3431,329472,5501.34,2022-08-17,912108,False,,-65596.564538,96
3432,329568,5502.69,2022-09-07,299295,False,,-27919.282353,96
3433,329664,5504.18,2022-09-29,915994,False,,-24164.602187,96
3434,329760,5505.5,2022-10-12,783561,False,,-20461.22329,96
3435,329856,5506.89,2022-10-26,236754,False,,-28499.869925,96
3436,329952,5508.18,2022-11-23,796511,False,,-26053.739183,96
3437,330048,5522.42,2022-12-07,953260,False,,-21640.958163,96
3438,330144,5523.78,2022-12-17,288517,False,,-24600.423931,96
3439,330240,5525.37,2022-12-28,598673,False,,-20858.07362,96
3440,330336,5526.91,2022-01-24,641608,False,,-23394.926718,96
3441,330432,5528.33,2022-02-07,681479,False,,-18821.109774,96
3442,330528,5529.63,2022-02-21,633069,False,,-48663.201228,96
3443,330624,5530.99,2022-03-19,270284,False,,-15129.596361,96
3444,330720,5532.45,2022-04-13,396834,False,,-39141.607235,96
3445,330816,5533.9,2022-04-27,179000,False,,-35404.146934,96
3446,330912,5535.11,2022-05-09,581436,False,,-20801.859099,96
3447,331008,5536.58,2022-06-04,651713,False,,-21280.286662,96
3448,331104,5538.0,2022-06-22,662942,False,,-41472.624564,96
3449,331200,5539.4,2022-07-26,339267,False,,-23782.972628,96
3450,331296,5540.93,2022-08-03,691169,False,,-78688.980484,96
3451,331392,5542.35,2022-08-17,809178,False,,-19543.939289,96
3452,331488,5543.68,2022-09-07,787682,False,,-22806.703223,96
3453,331584,5545.11,2022-09-29,333493,False,,-25095.027961,96
3454,331680,5546.7,2022-10-12,620702,False,,-18847.318468,96
3455,331776,5548.09,2022-10-26,749850,False,,-21070.577169,96
3456,331872,5549.32,2022-11-23,566703,False,,-19722.605724,96
3457,331968,5550.43,2022-12-07,724433,False,,-19213.921263,96
3458,332064,5551.81,2022-12-17,521834,False,,-28976.011827,96
3459,332160,5553.13,2022-12-28,77578,False,,-23744.834097,96
3460,332256,5554.44,2022-01-24,384673,False,,-10838.659171,96
3461,332352,5555.88,2022-02-07,964730,False,,-15377.730049,96
3462,332448,5557.26,2022-02-21,410399,False,,-29696.582896,96
3463,332544,5558.81,2022-03-19,363987,False,,-12407.232964,96
3464,332640,5560.19,2022-04-13,306532,False,,-75947.611452,96
3465,332736,5561.44,2022-04-27,333902,False,,-17761.066762,96
3466,332832,5562.79,2022-05-09,733262,False,,-20602.134191,96
3467,332928,5564.23,2022-06-04,397059,False,,-52527.874439,96
3468,333024,5565.75,2022-06-22,209146,False,,-14529.360247,96
3469,333120,5567.25,2022-07-26,229822,False,,-38229.191483,96
3470,333216,5568.61,2022-08-03,198844,False,,-26740.925295,96
3471,333312,5569.91,2022-08-17,764014,False,,-32783.476267,96
3472,333408,5571.37,2022-09-07,790427,False,,-19466.687608,96
3473,333504,5572.78,2022-09-29,507774,False,,-26894.082259,96
3474,333600,5574.14,2022-10-12,321213,False,,-19075.139718,96
3475,333696,5575.54,2022-10-26,495653,False,,-24901.366632,96
3476,333792,5577.06,2022-11-23,850967,False,,-38815.935109,96
3477,333888,5578.65,2022-12-07,993230,False,,-30152.971979,96
3478,333984,5580.07,2022-12-17,514923,False,,-42570.495945,96
3479,334080,5581.52,2022-12-28,490069,False,,-31309.495642,96
3480,334176,5582.93,2022-01-24,533313,False,,-43431.011935,96
3481,334272,5584.27,2022-02-07,487931,False,,-21048.04908,96
3482,334368,5585.87,2022-02-21,433107,False,,-15372.138099,96
3483,334464,5587.33,2022-03-19,158241,False,,-45648.461687,96
3484,334560,5588.75,2022-04-13,818370,False,,-36791.536433,96
3485,334656,5590.19,2022-04-27,222051,False,,-55943.102481,96
3486,334752,5591.73,2022-05-09,276452,False,,-46023.164267,96
3487,334848,5593.04,2022-06-04,808269,False,,-14629.816365,96
3488,334944,5594.64,2022-06-22,541392,False,,-37240.850909,96
3489,335040,5596.05,2022-07-26,304461,False,,-21174.103181,96
3490,335136,5597.59,2022-08-03,525917,False,,-32188.604806,96
3491,335232,5599.19,2022-08-17,208455,False,,-16320.254321,96
3492,335328,5600.67,2022-09-07,173210,False,,-23071.479079,96
3493,335424,5602.14,2022-09-29,640869,False,,-33843.579742,96
3494,335520,5603.56,2022-10-12,762623,False,,-18843.378768,96
3495,335616,5604.86,2022-10-26,312357,False,,-28101.888318,96
3496,335712,5606.27,2022-11-23,336787,False,,-46028.593798,96
3497,335808,5607.74,2022-12-07,628849,False,,-32005.401832,96
3498,335904,5609.07,2022-12-17,170849,False,,-14754.637065,96
3499,336000,5610.39,2022-12-28,507486,False,,-32514.706063,96
3500,336096,5611.84,2022-01-24,950527,False,,-31477.523437,96
3501,336192,5613.09,2022-02-07,857828,False,,-12266.601137,96
3502,336288,5614.59,2022-02-21,598996,False,,-34571.899878,96
3503,336384,5615.93,2022-03-19,781676,False,,-29743.05081,96
3504,336480,5617.22,2022-04-13,538115,False,,-44111.601522,96
3505,336576,5618.66,2022-04-27,773615,False,,-19150.983298,96
3506,336672,5620.13,2022-05-09,866538,False,,-25184.791223,96
3507,336768,5621.61,2022-06-04,857379,False,,-13295.811342,96
3508,336864,5622.97,2022-06-22,246968,False,,-34077.309057,96
3509,336960,5624.42,2022-07-26,224886,False,,-28950.194301,96
3510,337056,5625.8,2022-08-03,847422,False,,-43938.911306,96
3511,337152,5627.36,2022-08-17,706641,False,,-35185.021984,96
3512,337248,5628.72,2022-09-07,57280,False,,-13520.79942,96
3513,337344,5630.08,2022-09-29,374195,False,,-16792.071892,96
3514,337440,5631.61,2022-10-12,854912,False,,-63589.28961,96
3515,337536,5632.93,2022-10-26,766957,False,,-21901.8342,96
3516,337632,5634.43,2022-11-23,634277,False,,-39187.548024,96
3517,337728,5636.0,2022-12-07,183122,False,,-30235.586614,96
3518,337824,5637.34,2022-12-17,235527,False,,-18348.259627,96
3519,337920,5638.53,2022-12-28,914020,False,,-25873.119945,96
3520,338016,5639.97,2022-01-24,128711,False,,-46425.625444,96
3521,338112,5641.52,2022-02-07,395569,False,,-31724.743358,96
3522,338208,5642.78,2022-02-21,383921,False,,-20634.526725,96
3523,338304,5644.26,2022-03-19,587964,False,,-22966.24682,96
3524,338400,5645.71,2022-04-13,362896,False,,-46861.876864,96
3525,338496,5647.11,2022-04-27,652246,False,,-21123.957194,96
3526,338592,5648.58,2022-05-09,104360,False,,-45862.28818,96
3527,338688,5649.72,2022-06-04,400133,False,,-17930.112063,96
3528,338784,5651.13,2022-06-22,900800,False,,-16144.595946,96
3529,338880,5652.65,2022-07-26,902,False,,-33838.689745,96
3530,338976,5654.02,2022-08-03,454577,False,,-18192.172616,96
3531,339072,5655.63,2022-08-17,240699,False,,-21986.588032,96
3532,339168,5657.06,2022-09-07,31922,False,,-22178.730704,96
3533,339264,5658.34,2022-09-29,242271,False,,-46450.82682,96
3534,339360,5659.63,2022-10-12,298652,False,,-17651.582117,96
3535,339456,5661.06,2022-10-26,977391,False,,-41308.0874,96
3536,339552,5662.58,2022-11-23,505772,False,,-53390.868135,96
3537,339648,5663.89,2022-12-07,701840,False,,-24249.653602,96
3538,339744,5665.26,2022-12-17,833322,False,,-25415.587007,96
3539,339840,5666.71,2022-12-28,38355,False,,-44345.382785,96
3540,339936,5668.15,2022-01-24,709914,False,,-35880.907786,96
3541,340032,5682.12,2022-02-07,44703,False,,-22105.954669,96
3542,340128,5683.73,2022-02-21,538832,False,,-19969.657154,96
3543,340224,5685.15,2022-03-19,193422,False,,-45488.263018,96
3544,340320,5686.75,2022-04-13,407112,False,,-32518.678726,96
3545,340416,5688.23,2022-04-27,566270,False,,-14920.755711,96
3546,340512,5689.68,2022-05-09,609535,False,,-30240.303997,96
3547,340608,5691.24,2022-06-04,469322,False,,-16364.661795,96
3548,340704,5692.6,2022-06-22,113303,False,,-27990.772121,96
3549,340800,5694.05,2022-07-26,721264,False,,-20213.466228,96
3550,340896,5695.63,2022-08-03,634784,False,,-16599.94836,96
3551,340992,5697.09,2022-08-17,932800,False,,-49378.761667,96
3552,341088,5698.6,2022-09-07,370253,False,,-28806.484947,96
3553,341184,5700.18,2022-09-29,919720,False,,-27600.775164,96
3554,341280,5701.8,2022-10-12,316410,False,,-39095.965228,96
3555,341376,5703.25,2022-10-26,211194,False,,-27003.025457,96
3556,341472,5704.68,2022-11-23,867207,False,,-14198.232411,96
3557,341568,5706.14,2022-12-07,151763,False,,-52393.344891,96
3558,341664,5707.72,2022-12-17,109566,False,,-17305.595989,96
3559,341760,5709.18,2022-12-28,476885,False,,-37245.887407,96
3560,341856,5710.56,2022-01-24,284420,False,,-37697.540701,96
3561,341952,5711.88,2022-02-07,436938,False,,-15336.756172,96
3562,342048,5713.33,2022-02-21,427385,False,,-19054.008283,96
3563,342144,5714.76,2022-03-19,662994,False,,-40579.117311,96
3564,342240,5716.28,2022-04-13,254074,False,,-29149.131281,96
3565,342336,5717.66,2022-04-27,637542,False,,-35334.495834,96
3566,342432,5719.12,2022-05-09,279936,False,,-28719.451243,96
3567,342528,5720.53,2022-06-04,181960,False,,-21028.597301,96
3568,342624,5722.07,2022-06-22,260409,False,,-20258.200237,96
3569,342720,5723.5,2022-07-26,666336,False,,-30226.675913,96
3570,342816,5724.84,2022-08-03,487373,False,,-37594.069787,96
3571,342912,5726.17,2022-08-17,827196,False,,-17642.774977,96
3572,343008,5727.65,2022-09-07,780456,False,,-22564.613219,96
3573,343104,5729.01,2022-09-29,563786,False,,-22186.579281,96
3574,343200,5730.37,2022-10-12,280982,False,,-15277.425643,96
3575,343296,5731.57,2022-10-26,625419,False,,-16566.640139,96
3576,343392,5733.14,2022-11-23,57278,False,,-23141.945698,96
3577,343488,5734.63,2022-12-07,912780,False,,-14871.551983,96
3578,343584,5735.92,2022-12-17,647540,False,,-36492.262138,96
3579,343680,5737.34,2022-12-28,514723,False,,-34858.537494,96
3580,343776,5738.83,2022-01-24,760783,False,,-11523.331577,96
3581,343872,5740.17,2022-02-07,878684,False,,-30442.260344,96
3582,343968,5741.62,2022-02-21,265829,False,,-17950.664671,96
3583,344064,5743.18,2022-03-19,968510,False,,-14396.235454,96
3584,344160,5744.52,2022-04-13,532599,False,,-36875.476894,96
3585,344256,5746.14,2022-04-27,269582,False,,-30052.712129,96
3586,344352,5747.72,2022-05-09,415743,False,,-41972.034656,96
3587,344448,5749.13,2022-06-04,204381,False,,-36721.632872,96
3588,344544,5750.39,2022-06-22,167678,False,,-20870.651943,96
3589,344640,5751.56,2022-07-26,202850,False,,-19040.392109,96
3590,344736,5753.03,2022-08-03,845976,False,,-19941.721348,96
3591,344832,5754.53,2022-08-17,718073,False,,-32795.944267,96
3592,344928,5755.87,2022-09-07,550633,False,,-23292.221068,96
3593,345024,5757.34,2022-09-29,390905,False,,-34402.946254,96
3594,345120,5758.92,2022-10-12,653069,False,,-16434.250179,96
3595,345216,5760.44,2022-10-26,374266,False,,-12851.53179,96
3596,345312,5761.9,2022-11-23,34006,False,,-35048.762516,96
3597,345408,5763.52,2022-12-07,572093,False,,-22775.439008,96
3598,345504,5764.85,2022-12-17,792905,False,,-15907.087009,96
3599,345600,5766.42,2022-12-28,233272,False,,-23061.425967,96
3600,345696,5768.0,2022-01-24,558305,False,,-8224.339116,96
3601,345792,5769.26,2022-02-07,675394,False,,-20562.659309,96
3602,345888,5770.74,2022-02-21,975526,False,,-42335.033501,96
3603,345984,5772.11,2022-03-19,137118,False,,-52686.087997,96
3604,346080,5773.55,2022-04-13,784495,False,,-31549.613496,96
3605,346176,5774.92,2022-04-27,60902,False,,-19287.676055,96
3606,346272,5776.23,2022-05-09,638515,False,,-17728.410372,96
3607,346368,5777.72,2022-06-04,82620,False,,-27696.809736,96
3608,346464,5779.38,2022-06-22,102113,False,,-27668.878455,96
3609,346560,5780.95,2022-07-26,836094,False,,-16719.95583,96
3610,346656,5782.48,2022-08-03,841121,False,,-53063.134142,96
3611,346752,5783.84,2022-08-17,506940,False,,-46584.000381,96
3612,346848,5785.2,2022-09-07,228114,False,,-33540.451224,96
3613,346944,5786.64,2022-09-29,343470,False,,-17905.026627,96
3614,347040,5788.1,2022-10-12,808343,False,,-19081.168772,96
3615,347136,5789.52,2022-10-26,226847,False,,-32806.921386,96
3616,347232,5790.96,2022-11-23,300159,False,,-14336.421874,96
3617,347328,5792.73,2022-12-07,372733,False,,-21436.664128,96
3618,347424,5794.43,2022-12-17,233623,False,,-32955.546747,96
3619,347520,5795.88,2022-12-28,192385,False,,-29005.13968,96
3620,347616,5797.51,2022-01-24,255715,False,,-23285.026854,96
3621,347712,5798.88,2022-02-07,122285,False,,-39162.478322,96
3622,347808,5800.3,2022-02-21,166849,False,,-22819.929715,96
3623,347904,5801.73,2022-03-19,542009,False,,-20439.813157,96
3624,348000,5803.13,2022-04-13,435396,False,,-22627.510573,96
3625,348096,5804.54,2022-04-27,88178,False,,-24356.439636,96
3626,348192,5805.91,2022-05-09,431468,False,,-48661.570111,96
3627,348288,5807.2,2022-06-04,644741,False,,-33608.55113,96
3628,348384,5808.54,2022-06-22,309269,False,,-32165.677426,96
3629,348480,5809.85,2022-07-26,745563,False,,-31901.938051,96
3630,348576,5811.33,2022-08-03,437137,False,,-34679.569921,96
3631,348672,5812.78,2022-08-17,718786,False,,-30836.496014,96
3632,348768,5814.22,2022-09-07,839378,False,,-21286.860217,96
3633,348864,5815.64,2022-09-29,575779,False,,-15831.867214,96
3634,348960,5817.17,2022-10-12,615512,False,,-31354.358311,96
3635,349056,5818.45,2022-10-26,316338,False,,-18861.842752,96
3636,349152,5819.83,2022-11-23,72949,False,,-26524.064078,96
3637,349248,5821.06,2022-12-07,224431,False,,-33330.923051,96
3638,349344,5822.57,2022-12-17,331281,False,,-19605.097983,96
3639,349440,5823.99,2022-12-28,31529,False,,-21712.737349,96
3640,349536,5825.54,2022-01-24,538324,False,,-17483.082546,96
3641,349632,5827.02,2022-02-07,987584,False,,-20433.38443,96
3642,349728,5828.43,2022-02-21,405077,False,,-50896.424669,96
3643,349824,5829.58,2022-03-19,288862,False,,-19991.407675,96
3644,349920,5830.91,2022-04-13,555187,False,,-25001.551968,96
3645,350016,5845.35,2022-04-27,863075,False,,-29975.353443,96
3646,350112,5846.79,2022-05-09,976689,False,,-18958.096114,96
3647,350208,5848.29,2022-06-04,122421,False,,-33693.132438,96
3648,350304,5849.89,2022-06-22,684025,False,,-15547.904433,96
3649,350400,5851.34,2022-07-26,630857,False,,-38828.003449,96
3650,350496,5852.89,2022-08-03,621023,False,,-23639.500587,96
3651,350592,5854.3,2022-08-17,251936,False,,-28040.490432,96
3652,350688,5855.69,2022-09-07,946876,False,,-28605.430903,96
3653,350784,5857.27,2022-09-29,349528,False,,-26086.508297,96
3654,350880,5858.54,2022-10-12,617904,False,,-12028.885413,96
3655,350976,5860.18,2022-10-26,985959,False,,-21733.260619,96
3656,351072,5861.65,2022-11-23,24898,False,,-14892.865915,96
3657,351168,5862.95,2022-12-07,675071,False,,-17071.825758,96
3658,351264,5864.38,2022-12-17,448573,False,,-14470.743717,96
3659,351360,5865.96,2022-12-28,901386,False,,-23909.40983,96
3660,351456,5867.49,2022-01-24,940389,False,,-25911.912919,96
3661,351552,5868.91,2022-02-07,119205,False,,-15160.156436,96
3662,351648,5870.26,2022-02-21,785961,False,,-14677.057672,96
3663,351744,5871.74,2022-03-19,631332,False,,-17969.231898,96
3664,351840,5873.17,2022-04-13,121360,False,,-22345.907989,96
3665,351936,5874.53,2022-04-27,789318,False,,-24294.612589,96
3666,352032,5875.93,2022-05-09,967973,False,,-28212.060297,96
3667,352128,5877.25,2022-06-04,27687,False,,-35276.955612,96
3668,352224,5878.49,2022-06-22,626135,False,,-26674.691737,96
3669,352320,5879.98,2022-07-26,303735,False,,-36731.009146,96
3670,352416,5881.33,2022-08-03,482006,False,,-20061.588488,96
3671,352512,5882.82,2022-08-17,983322,False,,-12839.478236,96
3672,352608,5884.17,2022-09-07,501783,False,,-16711.808745,96
3673,352704,5885.49,2022-09-29,894754,False,,-20629.142851,96
3674,352800,5886.81,2022-10-12,499851,False,,-17159.847728,96
3675,352896,5888.28,2022-10-26,139728,False,,-56936.479077,96
3676,352992,5889.79,2022-11-23,907734,False,,-12886.710817,96
3677,353088,5891.28,2022-12-07,918913,False,,-12709.761367,96
3678,353184,5892.86,2022-12-17,104690,False,,-20347.25046,96
3679,353280,5894.2,2022-12-28,265935,False,,-48789.714525,96
3680,353376,5895.68,2022-01-24,687768,False,,-20556.898147,96
3681,353472,5897.31,2022-02-07,15024,False,,-24006.725465,96
3682,353568,5898.76,2022-02-21,697485,False,,-29981.000823,96
3683,353664,5900.24,2022-03-19,333041,False,,-15990.179849,96
3684,353760,5901.76,2022-04-13,838913,False,,-27735.655531,96
3685,353856,5903.04,2022-04-27,896483,False,,-19810.565793,96
3686,353952,5904.57,2022-05-09,399115,False,,-13602.096553,96
3687,354048,5905.89,2022-06-04,284613,False,,-16183.363066,96
3688,354144,5907.29,2022-06-22,861239,False,,-40566.140423,96
3689,354240,5908.78,2022-07-26,754166,False,,-12437.831564,96
3690,354336,5910.22,2022-08-03,298454,False,,-26558.932406,96
3691,354432,5911.58,2022-08-17,877243,False,,-29548.377719,96
3692,354528,5913.0,2022-09-07,802689,False,,-20794.41906,96
3693,354624,5914.37,2022-09-29,226477,False,,-19201.742752,96
3694,354720,5916.03,2022-10-12,640744,False,,-49250.486954,96
3695,354816,5917.38,2022-10-26,781284,False,,-28072.125902,96
3696,354912,5918.73,2022-11-23,837889,False,,-33413.298569,96
3697,355008,5920.15,2022-12-07,17599,False,,-22928.611246,96
3698,355104,5921.51,2022-12-17,690451,False,,-91594.380537,96
3699,355200,5923.14,2022-12-28,403177,False,,-65057.720867,96
3700,355296,5924.51,2022-01-24,435190,False,,-26951.993668,96
3701,355392,5925.85,2022-02-07,594708,False,,-25190.776787,96
3702,355488,5927.28,2022-02-21,268277,False,,-43558.985233,96
3703,355584,5928.79,2022-03-19,548443,False,,-13995.740544,96
3704,355680,5930.34,2022-04-13,399030,False,,-21536.896091,96
3705,355776,5931.79,2022-04-27,476329,False,,-22889.207539,96
3706,355872,5933.3,2022-05-09,626331,False,,-14495.700752,96
3707,355968,5934.76,2022-06-04,161310,False,,-19446.292796,96
3708,356064,5936.25,2022-06-22,6207,False,,-30044.359651,96
3709,356160,5937.78,2022-07-26,85803,False,,-24004.538635,96
3710,356256,5939.14,2022-08-03,90608,False,,-50510.167138,96
3711,356352,5940.47,2022-08-17,501097,False,,-33420.332899,96
3712,356448,5941.8,2022-09-07,653331,False,,-18322.396322,96
3713,356544,5943.2,2022-09-29,569716,False,,-14996.871085,96
3714,356640,5944.74,2022-10-12,494168,False,,-18861.770021,96
3715,356736,5946.05,2022-10-26,792074,False,,-28967.929822,96
3716,356832,5947.4,2022-11-23,32863,False,,-36012.028544,96
3717,356928,5948.75,2022-12-07,3215,False,,-16228.237332,96
3718,357024,5950.24,2022-12-17,448384,False,,-35971.180824,96
3719,357120,5951.78,2022-12-28,925119,False,,-11063.172029,96
3720,357216,5953.26,2022-01-24,639342,False,,-40600.356238,96
3721,357312,5954.74,2022-02-07,60272,False,,-24776.279136,96
3722,357408,5956.0,2022-02-21,651939,False,,-41291.241238,96
3723,357504,5957.33,2022-03-19,376330,False,,-12956.106371,96
3724,357600,5958.89,2022-04-13,882664,False,,-28223.052191,96
3725,357696,5960.35,2022-04-27,489287,False,,-43726.926014,96
3726,357792,5961.68,2022-05-09,654917,False,,-18251.015729,96
3727,357888,5963.15,2022-06-04,668334,False,,-36938.000502,96
3728,357984,5964.7,2022-06-22,874339,False,,-22862.195063,96
3729,358080,5965.92,2022-07-26,387513,False,,-19780.537021,96
3730,358176,5967.29,2022-08-03,860550,False,,-27188.881061,96
3731,358272,5968.65,2022-08-17,764345,False,,-21531.411423,96
3732,358368,5970.0,2022-09-07,316296,False,,-37273.045001,96
3733,358464,5971.46,2022-09-29,178755,False,,-27456.549723,96
3734,358560,5972.94,2022-10-12,371208,False,,-34992.659684,96
3735,358656,5974.41,2022-10-26,283830,False,,-14849.266852,96
3736,358752,5975.86,2022-11-23,253502,False,,-36790.4143,96
3737,358848,5977.36,2022-12-07,305515,False,,-24549.622037,96
3738,358944,5978.91,2022-12-17,51882,False,,-12359.793831,96
3739,359040,5980.16,2022-12-28,387774,False,,-31267.468112,96
3740,359136,5981.58,2022-01-24,716820,False,,-22522.831868,96
3741,359232,5983.04,2022-02-07,976903,False,,-29230.217979,96
3742,359328,5984.38,2022-02-21,226172,False,,-23516.240207,96
3743,359424,5985.81,2022-03-19,276206,False,,-18072.322515,96
3744,359520,5987.41,2022-04-13,185399,False,,-37873.298029,96
3745,359616,5988.95,2022-04-27,177296,False,,-18548.843458,96
3746,359712,5990.16,2022-05-09,203960,False,,-54278.947786,96
3747,359808,5991.53,2022-06-04,751995,False,,-11892.27933,96
3748,359904,5993.02,2022-06-22,682339,False,,-28863.1592,96
3749,360000,5994.28,2022-07-26,508330,False,,-55020.187881,96
3750,360096,6008.71,2022-08-03,449851,False,,-35817.882075,96
3751,360192,6010.14,2022-08-17,328602,False,,-24720.166856,96
3752,360288,6011.65,2022-09-07,310491,False,,-9606.829107,96
3753,360384,6013.04,2022-09-29,724267,False,,-13940.689245,96
3754,360480,6014.58,2022-10-12,757888,False,,-31731.69931,96
3755,360576,6016.04,2022-10-26,737744,False,,-27326.410856,96
3756,360672,6017.45,2022-11-23,993596,False,,-36702.37834,96
3757,360768,6018.9,2022-12-07,583879,False,,-23300.669746,96
3758,360864,6020.23,2022-12-17,168116,False,,-21438.484946,96
3759,360960,6021.65,2022-12-28,797915,False,,-44949.260809,96
3760,361056,6023.11,2022-01-24,332651,False,,-41057.76488,96
3761,361152,6024.58,2022-02-07,436720,False,,-29875.395062,96
3762,361248,6025.98,2022-02-21,60380,False,,-17906.017073,96
3763,361344,6027.49,2022-03-19,815392,False,,-27992.822374,96
3764,361440,6028.98,2022-04-13,460665,False,,-20323.439199,96
3765,361536,6030.46,2022-04-27,751063,False,,-20814.188108,96
3766,361632,6032.07,2022-05-09,319018,False,,-21520.68707,96
3767,361728,6033.57,2022-06-04,33335,False,,-60545.849137,96
3768,361824,6034.98,2022-06-22,934600,False,,-39767.429385,96
3769,361920,6036.54,2022-07-26,902588,False,,-14138.006754,96
3770,362016,6038.06,2022-08-03,472709,False,,-33705.514868,96
3771,362112,6039.38,2022-08-17,267689,False,,-29887.67117,96
3772,362208,6040.78,2022-09-07,612558,False,,-10445.552905,96
3773,362304,6042.33,2022-09-29,60697,False,,-17394.801078,96
3774,362400,6043.66,2022-10-12,223708,False,,-44578.771985,96
3775,362496,6045.18,2022-10-26,885872,False,,-13612.762065,96
3776,362592,6046.71,2022-11-23,491994,False,,-9267.414471,96
3777,362688,6048.0,2022-12-07,144290,False,,-37480.367323,96
3778,362784,6049.43,2022-12-17,413489,False,,-18278.694725,96
3779,362880,6050.88,2022-12-28,414604,False,,-36924.768811,96
3780,362976,6052.32,2022-01-24,335840,False,,-25279.697477,96
3781,363072,6053.85,2022-02-07,116506,False,,-22406.628378,96
3782,363168,6055.37,2022-02-21,788850,False,,-33663.132496,96
3783,363264,6056.72,2022-03-19,95040,False,,-17475.60381,96
3784,363360,6058.05,2022-04-13,756811,False,,-12382.32077,96
3785,363456,6059.47,2022-04-27,230518,False,,-17658.013719,96
3786,363552,6061.04,2022-05-09,468568,False,,-19975.530364,96
3787,363648,6062.42,2022-06-04,502895,False,,-14288.184873,96
3788,363744,6063.96,2022-06-22,828244,False,,-32075.529729,96
3789,363840,6065.39,2022-07-26,943601,False,,-43893.79385,96
3790,363936,6066.81,2022-08-03,108688,False,,-23716.272173,96
3791,364032,6068.23,2022-08-17,461101,False,,-17721.505601,96
3792,364128,6069.57,2022-09-07,968459,False,,-18074.485014,96
3793,364224,6071.08,2022-09-29,556945,False,,-15865.610149,96
3794,364320,6072.62,2022-10-12,794089,False,,-15271.407365,96
3795,364416,6074.32,2022-10-26,225618,False,,-16456.931999,96
3796,364512,6075.83,2022-11-23,65585,False,,-45981.811756,96
3797,364608,6077.2,2022-12-07,118739,False,,-21605.563501,96
3798,364704,6078.67,2022-12-17,428545,False,,-19166.605876,96
3799,364800,6080.01,2022-12-28,324275,False,,-34616.772275,96
3800,364896,6081.57,2022-01-24,374756,False,,-23222.665803,96
3801,364992,6083.12,2022-02-07,379218,False,,-20528.030083,96
3802,365088,6084.54,2022-02-21,314473,False,,-24781.729041,96
3803,365184,6085.94,2022-03-19,984173,False,,-44077.172802,96
3804,365280,6087.28,2022-04-13,471673,False,,-29491.624431,96
3805,365376,6088.59,2022-04-27,923879,False,,-31389.82914,96
3806,365472,6090.07,2022-05-09,262061,False,,-20675.950644,96
3807,365568,6091.44,2022-06-04,297203,False,,-16726.41406,96
3808,365664,6093.0,2022-06-22,296111,False,,-38855.806701,96
3809,365760,6094.34,2022-07-26,350360,False,,-35803.482611,96
3810,365856,6095.66,2022-08-03,320022,False,,-43243.607238,96
3811,365952,6097.19,2022-08-17,950851,False,,-25925.98123,96
3812,366048,6098.65,2022-09-07,494980,False,,-30195.45697,96
3813,366144,6099.98,2022-09-29,19635,False,,-21978.750538,96
3814,366240,6101.44,2022-10-12,150613,False,,-31566.683699,96
3815,366336,6102.87,2022-10-26,227492,False,,-32308.172068,96
3816,366432,6104.38,2022-11-23,990922,False,,-19976.080019,96
3817,366528,6105.75,2022-12-07,266369,False,,-13613.860842,96
3818,366624,6107.24,2022-12-17,28696,False,,-24818.67851,96
3819,366720,6108.66,2022-12-28,180733,False,,-28969.433433,96
3820,366816,6110.06,2022-01-24,128442,False,,-23942.628198,96
3821,366912,6111.58,2022-02-07,97913,False,,-20299.554883,96
3822,367008,6113.03,2022-02-21,213459,False,,-19213.115856,96
3823,367104,6114.31,2022-03-19,817820,False,,-25618.776792,96
3824,367200,6115.77,2022-04-13,20838,False,,-19932.660496,96
3825,367296,6117.36,2022-04-27,181602,False,,-36851.093575,96
3826,367392,6118.75,2022-05-09,423141,False,,-10819.0105,96
3827,367488,6120.1,2022-06-04,174316,False,,-16315.671892,96
3828,367584,6121.52,2022-06-22,843835,False,,-40314.227632,96
3829,367680,6123.04,2022-07-26,792448,False,,-19339.764384,96
3830,367776,6124.3,2022-08-03,20083,False,,-22148.128404,96
3831,367872,6125.57,2022-08-17,686284,False,,-42274.465684,96
3832,367968,6126.96,2022-09-07,364750,False,,-19168.884895,96
3833,368064,6128.39,2022-09-29,774125,False,,-22002.338441,96
3834,368160,6129.91,2022-10-12,403760,False,,-45767.91593,96
3835,368256,6131.29,2022-10-26,981493,False,,-26837.163764,96
3836,368352,6132.75,2022-11-23,101608,False,,-17702.215724,96
3837,368448,6134.23,2022-12-07,159998,False,,-33129.379534,96
3838,368544,6135.56,2022-12-17,594332,False,,-48971.313626,96
3839,368640,6136.95,2022-12-28,73625,False,,-17304.694036,96
3840,368736,6138.18,2022-01-24,808004,False,,-15692.464614,96
3841,368832,6139.47,2022-02-07,810510,False,,-50288.283725,96
3842,368928,6140.64,2022-02-21,722943,False,,-25793.147452,96
3843,369024,6141.87,2022-03-19,190744,False,,-17587.703061,96
3844,369120,6143.49,2022-04-13,945269,False,,-42940.228361,96
3845,369216,6144.95,2022-04-27,673528,False,,-20184.446445,96
3846,369312,6146.4,2022-05-09,489647,False,,-29063.055582,96
3847,369408,6147.67,2022-06-04,528025,False,,-11199.646654,96
3848,369504,6149.01,2022-06-22,743608,False,,-32508.394579,96
3849,369600,6150.25,2022-07-26,716919,False,,-15667.216229,96
3850,369696,6151.59,2022-08-03,963941,False,,-69226.471132,96
3851,369792,6152.98,2022-08-17,412283,False,,-21646.527068,96
3852,369888,6154.35,2022-09-07,649742,False,,-23926.392785,96
3853,369984,6155.79,2022-09-29,874252,False,,-19867.04865,96
3854,370080,6170.66,2022-10-12,500171,False,,-19715.704527,96
3855,370176,6172.01,2022-10-26,103825,False,,-24900.896386,96
3856,370272,6173.43,2022-11-23,679029,False,,-15527.068895,96
3857,370368,6174.98,2022-12-07,168969,False,,-29889.568771,96
3858,370464,6176.03,2022-12-17,49154,False,,-22769.470169,96
3859,370560,6177.36,2022-12-28,929338,False,,-35235.750953,96
3860,370656,6178.83,2022-01-24,336717,False,,-16918.510809,96
3861,370752,6179.99,2022-02-07,297899,False,,-28745.532575,96
3862,370848,6181.55,2022-02-21,843408,False,,-25166.674057,96
3863,370944,6183.04,2022-03-19,553782,False,,-20854.42854,96
3864,371040,6184.6,2022-04-13,255344,False,,-28079.007237,96
3865,371136,6185.85,2022-04-27,888183,False,,-40673.248632,96
3866,371232,6187.18,2022-05-09,335992,False,,-29279.576964,96
3867,371328,6188.54,2022-06-04,278081,False,,-22041.564244,96
3868,371424,6189.99,2022-06-22,312302,False,,-20095.894387,96
3869,371520,6191.39,2022-07-26,957125,False,,-19749.843172,96
3870,371616,6192.88,2022-08-03,737308,False,,-28086.662481,96
3871,371712,6194.28,2022-08-17,421261,False,,-23996.835011,96
3872,371808,6195.69,2022-09-07,301975,False,,-36700.756232,96
3873,371904,6197.2,2022-09-29,788200,False,,-24125.160211,96
3874,372000,6198.55,2022-10-12,522263,False,,-35289.950795,96
3875,372096,6200.0,2022-10-26,699361,False,,-25007.485363,96
3876,372192,6201.41,2022-11-23,467859,False,,-31258.082306,96
3877,372288,6202.8,2022-12-07,999355,False,,-9533.919212,96
3878,372384,6204.03,2022-12-17,815462,False,,-21421.298452,96
3879,372480,6205.24,2022-12-28,635454,False,,-32356.340373,96
3880,372576,6206.54,2022-01-24,679731,False,,-16890.52634,96
3881,372672,6208.05,2022-02-07,894395,False,,-20820.806306,96
3882,372768,6209.41,2022-02-21,381428,False,,-15396.629164,96
3883,372864,6210.83,2022-03-19,747855,False,,-15803.445857,96
3884,372960,6212.17,2022-04-13,167545,False,,-20781.925303,96
3885,373056,6213.68,2022-04-27,215766,False,,-22303.918232,96
3886,373152,6215.28,2022-05-09,89122,False,,-28884.483683,96
3887,373248,6216.75,2022-06-04,755787,False,,-22397.277403,96
3888,373344,6218.08,2022-06-22,321557,False,,-21501.479536,96
3889,373440,6219.54,2022-07-26,523213,False,,-22557.092589,96
3890,373536,6220.96,2022-08-03,935671,False,,-56189.188116,96
3891,373632,6222.31,2022-08-17,32673,False,,-25382.822546,96
3892,373728,6223.65,2022-09-07,247431,False,,-18426.102248,96
3893,373824,6225.09,2022-09-29,604223,False,,-15640.606725,96
3894,373920,6226.49,2022-10-12,569859,False,,-34889.534027,96
3895,374016,6227.83,2022-10-26,44717,False,,-22713.049992,96
3896,374112,6229.23,2022-11-23,767686,False,,-13135.606245,96
3897,374208,6230.85,2022-12-07,680292,False,,-14756.575073,96
3898,374304,6232.41,2022-12-17,395373,False,,-20503.72406,96
3899,374400,6233.9,2022-12-28,850498,False,,-18026.30917,96
3900,374496,6235.43,2022-01-24,113127,False,,-20067.401022,96
3901,374592,6236.72,2022-02-07,697074,False,,-53029.570662,96
3902,374688,6237.93,2022-02-21,618470,False,,-37311.744784,96
3903,374784,6239.47,2022-03-19,184200,False,,-17252.672921,96
3904,374880,6240.88,2022-04-13,255899,False,,-15526.982466,96
3905,374976,6242.51,2022-04-27,995034,False,,-54489.765858,96
3906,375072,6244.04,2022-05-09,186608,False,,-34042.93,96
3907,375168,6245.22,2022-06-04,848558,False,,-24699.421874,96
3908,375264,6246.66,2022-06-22,325424,False,,-17952.027212,96
3909,375360,6248.18,2022-07-26,535235,False,,-28412.739481,96
3910,375456,6249.53,2022-08-03,517188,False,,-25872.420216,96
3911,375552,6250.99,2022-08-17,300963,False,,-23853.214707,96
3912,375648,6252.36,2022-09-07,25880,False,,-55581.409935,96
3913,375744,6253.65,2022-09-29,280181,False,,-24876.548475,96
3914,375840,6255.16,2022-10-12,598037,False,,-20253.592176,96
3915,375936,6256.5,2022-10-26,179448,False,,-22545.802637,96
3916,376032,6257.89,2022-11-23,509354,False,,-15563.452883,96
3917,376128,6259.11,2022-12-07,465754,False,,-13960.61926,96
3918,376224,6260.46,2022-12-17,414946,False,,-27688.827301,96
3919,376320,6262.12,2022-12-28,22785,False,,-21292.846521,96
3920,376416,6263.55,2022-01-24,959443,False,,-25748.165836,96
3921,376512,6264.96,2022-02-07,538932,False,,-52678.595411,96
3922,376608,6266.51,2022-02-21,196169,False,,-50812.907179,96
3923,376704,6268.08,2022-03-19,181036,False,,-18693.325884,96
3924,376800,6269.58,2022-04-13,36648,False,,-30164.096733,96
3925,376896,6271.11,2022-04-27,743369,False,,-24086.206776,96
3926,376992,6272.58,2022-05-09,5544,False,,-22053.37877,96
3927,377088,6273.84,2022-06-04,824720,False,,-21928.286115,96
3928,377184,6275.27,2022-06-22,990372,False,,-29060.077829,96
3929,377280,6276.59,2022-07-26,413434,False,,-37970.835303,96
3930,377376,6278.06,2022-08-03,227455,False,,-25916.801339,96
3931,377472,6279.45,2022-08-17,43157,False,,-33795.991947,96
3932,377568,6280.88,2022-09-07,8320,False,,-13172.310632,96
3933,377664,6282.37,2022-09-29,461094,False,,-33164.939114,96
3934,377760,6283.69,2022-10-12,328266,False,,-56874.734674,96
3935,377856,6285.23,2022-10-26,920455,False,,-11888.001167,96
3936,377952,6286.4,2022-11-23,27180,False,,-27222.322775,96
3937,378048,6287.65,2022-12-07,652368,False,,-27535.055566,96
3938,378144,6289.05,2022-12-17,760359,False,,-36420.001239,96
3939,378240,6290.48,2022-12-28,284201,False,,-37704.968178,96
3940,378336,6291.95,2022-01-24,148384,False,,-41387.678961,96
3941,378432,6293.35,2022-02-07,669359,False,,-25584.818534,96
3942,378528,6294.6,2022-02-21,525337,False,,-17483.006218,96
3943,378624,6296.18,2022-03-19,579707,False,,-21852.806635,96
3944,378720,6297.58,2022-04-13,193396,False,,-27484.902925,96
3945,378816,6298.94,2022-04-27,65213,False,,-33070.281581,96
3946,378912,6300.48,2022-05-09,842332,False,,-49396.560753,96
3947,379008,6301.91,2022-06-04,178178,False,,-15017.807594,96
3948,379104,6303.21,2022-06-22,463328,False,,-15895.15357,96
3949,379200,6304.48,2022-07-26,9467,False,,-32478.870641,96
3950,379296,6305.93,2022-08-03,394859,False,,-11466.024371,96
3951,379392,6307.5,2022-08-17,902233,False,,-20731.254886,96
3952,379488,6308.87,2022-09-07,282676,False,,-14042.6128,96
3953,379584,6310.36,2022-09-29,459546,False,,-17352.323353,96
3954,379680,6311.78,2022-10-12,369621,False,,-33979.295259,96
3955,379776,6313.3,2022-10-26,422166,False,,-24367.097166,96
3956,379872,6314.82,2022-11-23,872408,False,,-41345.291942,96
3957,379968,6316.37,2022-12-07,734376,False,,-19244.048642,96
3958,380064,6331.04,2022-12-17,622702,False,,-15422.205952,96
3959,380160,6332.5,2022-12-28,289497,False,,-13087.15944,96
3960,380256,6334.0,2022-01-24,599879,False,,-18494.237447,96
3961,380352,6335.3,2022-02-07,106693,False,,-27009.399102,96
3962,380448,6336.66,2022-02-21,658147,False,,-28606.775464,96
3963,380544,6338.1,2022-03-19,326064,False,,-52138.633302,96
3964,380640,6339.49,2022-04-13,684945,False,,-15444.481211,96
3965,380736,6340.78,2022-04-27,500987,False,,-42427.654333,96
3966,380832,6342.22,2022-05-09,191099,False,,-27326.97274,96
3967,380928,6343.64,2022-06-04,789017,False,,-15344.884071,96
3968,381024,6345.13,2022-06-22,992920,False,,-16050.52373,96
3969,381120,6346.59,2022-07-26,364051,False,,-21237.51992,96
3970,381216,6347.99,2022-08-03,130845,False,,-38788.919688,96
3971,381312,6349.25,2022-08-17,143075,False,,-28804.298894,96
3972,381408,6350.62,2022-09-07,562751,False,,-26466.093312,96
3973,381504,6351.95,2022-09-29,737814,False,,-22628.927857,96
3974,381600,6353.5,2022-10-12,301328,False,,-35416.250842,96
3975,381696,6354.88,2022-10-26,355639,False,,-40749.169835,96
3976,381792,6356.36,2022-11-23,997177,False,,-19832.837107,96
3977,381888,6357.74,2022-12-07,10003,False,,-23255.749693,96
3978,381984,6359.06,2022-12-17,178936,False,,-34231.555558,96
3979,382080,6360.49,2022-12-28,650611,False,,-18389.287146,96
3980,382176,6361.72,2022-01-24,845073,False,,-26610.29925,96
3981,382272,6363.13,2022-02-07,416775,False,,-17218.780445,96
3982,382368,6364.75,2022-02-21,294261,False,,-30852.029788,96
3983,382464,6366.23,2022-03-19,807167,False,,-14045.708228,96
3984,382560,6367.66,2022-04-13,833389,False,,-33080.798527,96
3985,382656,6369.31,2022-04-27,282406,False,,-29535.283331,96
3986,382752,6370.7,2022-05-09,809984,False,,-21091.486322,96
3987,382848,6372.07,2022-06-04,389906,False,,-13751.42382,96
3988,382944,6373.66,2022-06-22,617590,False,,-30622.703248,96
3989,383040,6375.13,2022-07-26,951461,False,,-35236.331497,96
3990,383136,6376.55,2022-08-03,293314,False,,-21091.048604,96
3991,383232,6378.08,2022-08-17,432581,False,,-24990.019994,96
3992,383328,6379.56,2022-09-07,989902,False,,-27494.850473,96
3993,383424,6381.07,2022-09-29,930680,False,,-31835.016898,96
3994,383520,6382.47,2022-10-12,493028,False,,-12114.115831,96
3995,383616,6383.82,2022-10-26,105103,False,,-58241.433493,96
3996,383712,6385.32,2022-11-23,767883,False,,-21658.416867,96
3997,383808,6386.72,2022-12-07,910222,False,,-19617.074599,96
3998,383904,6388.18,2022-12-17,325000,False,,-23091.637136,96
3999,384000,6389.72,2022-12-28,272650,False,,-20830.338863,96
4000,384096,6391.06,2022-01-24,980952,False,,-34869.866505,96
4001,384192,6392.55,2022-02-07,966949,False,,-39587.52106,96
4002,384288,6393.84,2022-02-21,833995,False,,-20372.15139,96
4003,384384,6395.38,2022-03-19,528129,False,,-14630.010355,96
4004,384480,6396.67,2022-04-13,5158,False,,-36275.527092,96
4005,384576,6397.89,2022-04-27,802822,False,,-12119.118421,96
4006,384672,6399.25,2022-05-09,933538,False,,-29959.939173,96
4007,384768,6400.74,2022-06-04,594957,False,,-15087.357616,96
4008,384864,6402.07,2022-06-22,942565,False,,-17080.831938,96
4009,384960,6403.53,2022-07-26,684242,False,,-68074.54035,96
4010,385056,6405.0,2022-08-03,791408,False,,-21495.263526,96
4011,385152,6406.52,2022-08-17,647682,False,,-46436.627574,96
4012,385248,6408.07,2022-09-07,152305,False,,-34633.071187,96
4013,385344,6409.42,2022-09-29,898330,False,,-25842.989456,96
4014,385440,6410.97,2022-10-12,108888,False,,-37616.738279,96
4015,385536,6412.42,2022-10-26,33790,False,,-28027.341193,96
4016,385632,6413.79,2022-11-23,276758,False,,-22448.395456,96
4017,385728,6415.2,2022-12-07,241704,False,,-21204.51719,96
4018,385824,6416.45,2022-12-17,20000,False,,-20987.58661,96
4019,385920,6417.83,2022-12-28,128137,False,,-25598.767073,96
4020,386016,6419.21,2022-01-24,92536,False,,-47783.063682,96
4021,386112,6420.64,2022-02-07,503171,False,,-33820.298177,96
4022,386208,6422.03,2022-02-21,137666,False,,-38417.049698,96
4023,386304,6423.35,2022-03-19,776855,False,,-11928.020037,96
4024,386400,6424.7,2022-04-13,40267,False,,-13320.277862,96
4025,386496,6426.25,2022-04-27,582825,False,,-30412.880606,96
4026,386592,6427.7,2022-05-09,351962,False,,-21321.268896,96
4027,386688,6429.2,2022-06-04,383679,False,,-12769.11526,96
4028,386784,6430.69,2022-06-22,442342,False,,-18603.386284,96
4029,386880,6431.94,2022-07-26,661463,False,,-32532.013697,96
4030,386976,6433.17,2022-08-03,524235,False,,-32961.240142,96
4031,387072,6434.48,2022-08-17,720190,False,,-24989.087509,96
4032,387168,6435.6,2022-09-07,761018,False,,-21725.899429,96
4033,387264,6437.02,2022-09-29,240112,False,,-36578.076489,96
4034,387360,6438.57,2022-10-12,66386,False,,-24119.514548,96
4035,387456,6440.12,2022-10-26,749174,False,,-32953.705134,96
4036,387552,6441.37,2022-11-23,984809,False,,-17670.911445,96
4037,387648,6442.84,2022-12-07,854562,False,,-24860.995553,96
4038,387744,6444.22,2022-12-17,154868,False,,-13644.578966,96
4039,387840,6445.75,2022-12-28,126688,False,,-18052.009744,96
4040,387936,6447.2,2022-01-24,914678,False,,-21230.44041,96
4041,388032,6448.63,2022-02-07,545785,False,,-34886.732764,96
4042,388128,6449.97,2022-02-21,530676,False,,-18951.200448,96
4043,388224,6451.44,2022-03-19,655401,False,,-23575.06954,96
4044,388320,6453.01,2022-04-13,691587,False,,-26066.067153,96
4045,388416,6454.34,2022-04-27,601503,False,,-28983.531292,96
4046,388512,6455.8,2022-05-09,507901,False,,-39054.092115,96
4047,388608,6457.38,2022-06-04,892075,False,,-16667.804454,96
4048,388704,6458.87,2022-06-22,129660,False,,-24124.12861,96
4049,388800,6460.59,2022-07-26,753047,False,,-61023.191763,96
4050,388896,6461.89,2022-08-03,661057,False,,-29491.410854,96
4051,388992,6463.14,2022-08-17,322746,False,,-34238.79018,96
4052,389088,6464.61,2022-09-07,659457,False,,-16023.457447,96
4053,389184,6465.97,2022-09-29,289703,False,,-16113.280271,96
4054,389280,6467.57,2022-10-12,238903,False,,-32791.588047,96
4055,389376,6468.74,2022-10-26,750333,False,,-26680.330069,96
4056,389472,6470.15,2022-11-23,470020,False,,-16727.146215,96
4057,389568,6471.65,2022-12-07,767817,False,,-35039.343414,96
4058,389664,6473.14,2022-12-17,91864,False,,-16593.525966,96
4059,389760,6474.53,2022-12-28,240382,False,,-27229.396488,96
4060,389856,6475.98,2022-01-24,905494,False,,-30791.670484,96
4061,389952,6477.42,2022-02-07,33973,False,,-9875.20893,96
4062,390048,6491.63,2022-02-21,725059,False,,-17954.025726,96
4063,390144,6493.02,2022-03-19,169920,False,,-21481.975099,96
4064,390240,6494.58,2022-04-13,758749,False,,-26749.223786,96
4065,390336,6495.99,2022-04-27,609796,False,,-26902.754194,96
4066,390432,6497.54,2022-05-09,315284,False,,-16691.090247,96
4067,390528,6498.99,2022-06-04,205699,False,,-28122.047397,96
4068,390624,6500.52,2022-06-22,217621,False,,-32678.412785,96
4069,390720,6501.82,2022-07-26,778782,False,,-28008.140405,96
4070,390816,6503.17,2022-08-03,622767,False,,-66253.421221,96
4071,390912,6504.41,2022-08-17,678803,False,,-33130.640103,96
4072,391008,6505.88,2022-09-07,712758,False,,-18609.973226,96
4073,391104,6507.17,2022-09-29,288986,False,,-18987.04486,96
4074,391200,6508.52,2022-10-12,725060,False,,-19954.157815,96
4075,391296,6509.99,2022-10-26,16315,False,,-19009.742593,96
4076,391392,6511.52,2022-11-23,6457,False,,-16930.992422,96
4077,391488,6512.87,2022-12-07,657104,False,,-29426.975278,96
4078,391584,6514.38,2022-12-17,327099,False,,-19826.752565,96
4079,391680,6515.98,2022-12-28,295484,False,,-23037.939441,96
4080,391776,6517.67,2022-01-24,572128,False,,-31260.133273,96
4081,391872,6519.23,2022-02-07,74412,False,,-33815.239331,96
4082,391968,6520.83,2022-02-21,366757,False,,-52316.968927,96
4083,392064,6522.2,2022-03-19,852903,False,,-33201.29619,96
4084,392160,6523.7,2022-04-13,401858,False,,-25451.664534,96
4085,392256,6525.11,2022-04-27,594232,False,,-20782.671982,96
4086,392352,6526.46,2022-05-09,571988,False,,-21956.035779,96
4087,392448,6527.75,2022-06-04,105106,False,,-28831.757739,96
4088,392544,6529.24,2022-06-22,967220,False,,-22074.220661,96
4089,392640,6530.91,2022-07-26,956627,False,,-19843.106296,96
4090,392736,6532.35,2022-08-03,716798,False,,-27939.465531,96
4091,392832,6533.78,2022-08-17,491119,False,,-8494.821958,96
4092,392928,6535.07,2022-09-07,324731,False,,-28976.069631,96
4093,393024,6536.63,2022-09-29,738260,False,,-22516.140705,96
4094,393120,6537.99,2022-10-12,548959,False,,-10034.872799,96
4095,393216,6539.45,2022-10-26,853591,False,,-22061.750291,96
4096,393312,6540.99,2022-11-23,188995,False,,-18880.989741,96
4097,393408,6542.52,2022-12-07,303928,False,,-21611.113085,96
4098,393504,6544.03,2022-12-17,352055,False,,-19073.67503,96
4099,393600,6545.43,2022-12-28,532241,False,,-28662.060916,96
4100,393696,6546.91,2022-01-24,542004,False,,-24757.595266,96
4101,393792,6548.35,2022-02-07,268191,False,,-50757.77081,96
4102,393888,6549.75,2022-02-21,24498,False,,-14453.40629,96
4103,393984,6551.26,2022-03-19,371373,False,,-9886.237437,96
4104,394080,6552.7,2022-04-13,94351,False,,-53099.52518,96
4105,394176,6554.05,2022-04-27,841753,False,,-38524.573864,96
4106,394272,6555.53,2022-05-09,198612,False,,-29320.56611,96
4107,394368,6556.88,2022-06-04,864578,False,,-35873.041953,96
4108,394464,6558.27,2022-06-22,731640,False,,-39936.435654,96
4109,394560,6559.64,2022-07-26,321218,False,,-18850.90023,96
4110,394656,6561.04,2022-08-03,826032,False,,-10550.059021,96
4111,394752,6562.55,2022-08-17,45352,False,,-20215.448828,96
4112,394848,6563.98,2022-09-07,906864,False,,-14770.14345,96
4113,394944,6565.47,2022-09-29,930834,False,,-18292.011257,96
4114,395040,6566.99,2022-10-12,506617,False,,-33743.313745,96
4115,395136,6568.56,2022-10-26,518962,False,,-18592.84929,96
4116,395232,6570.02,2022-11-23,554446,False,,-29081.005182,96
4117,395328,6571.51,2022-12-07,486497,False,,-26548.448277,96
4118,395424,6573.0,2022-12-17,302490,False,,-28279.822661,96
4119,395520,6574.36,2022-12-28,901814,False,,-32125.548781,96
4120,395616,6575.76,2022-01-24,483966,False,,-45648.405462,96
4121,395712,6577.32,2022-02-07,849678,False,,-22469.118431,96
4122,395808,6578.7,2022-02-21,132219,False,,-30226.744025,96
4123,395904,6579.97,2022-03-19,837271,False,,-32492.465937,96
4124,396000,6581.33,2022-04-13,999685,False,,-15812.715329,96
4125,396096,6582.72,2022-04-27,63371,False,,-25539.469649,96
4126,396192,6584.2,2022-05-09,482451,False,,-14707.458463,96
4127,396288,6585.7,2022-06-04,628438,False,,-23147.166248,96
4128,396384,6587.13,2022-06-22,785011,False,,-16207.361877,96
4129,396480,6588.62,2022-07-26,25196,False,,-14830.986791,96
4130,396576,6589.88,2022-08-03,867943,False,,-20422.973358,96
4131,396672,6591.02,2022-08-17,503604,False,,-13270.962644,96
4132,396768,6592.31,2022-09-07,792932,False,,-28625.364077,96
4133,396864,6593.72,2022-09-29,525553,False,,-49732.243325,96
4134,396960,6595.12,2022-10-12,170122,False,,-32971.308308,96
4135,397056,6596.76,2022-10-26,590862,False,,-19929.017407,96
4136,397152,6598.22,2022-11-23,371512,False,,-23479.939215,96
4137,397248,6599.72,2022-12-07,39912,False,,-30280.575105,96
4138,397344,6601.22,2022-12-17,967458,False,,-13282.979454,96
4139,397440,6602.65,2022-12-28,726514,False,,-20990.437105,96
4140,397536,6603.95,2022-01-24,759715,False,,-27855.31359,96
4141,397632,6605.07,2022-02-07,403692,False,,-13824.368009,96
4142,397728,6606.42,2022-02-21,689849,False,,-34045.973371,96
4143,397824,6607.76,2022-03-19,728357,False,,-9405.649177,96
4144,397920,6609.11,2022-04-13,210208,False,,-26719.633686,96
4145,398016,6610.53,2022-04-27,937320,False,,-27706.63157,96
4146,398112,6611.95,2022-05-09,246479,False,,-20131.366448,96
4147,398208,6613.39,2022-06-04,858561,False,,-45956.315206,96
4148,398304,6614.77,2022-06-22,108755,False,,-21022.557424,96
4149,398400,6615.95,2022-07-26,678535,False,,-25706.36357,96
4150,398496,6617.28,2022-08-03,812438,False,,-28355.401215,96
4151,398592,6618.57,2022-08-17,504223,False,,-25970.73928,96
4152,398688,6619.86,2022-09-07,938924,False,,-11092.995244,96
4153,398784,6621.15,2022-09-29,282098,False,,-19388.696839,96
4154,398880,6622.4,2022-10-12,406400,False,,-37149.940666,96
4155,398976,6623.78,2022-10-26,787610,False,,-24367.088344,96
4156,399072,6625.09,2022-11-23,561504,False,,-32262.542403,96
4157,399168,6626.45,2022-12-07,931175,False,,-18718.479013,96
4158,399264,6627.67,2022-12-17,895920,False,,-19743.949045,96
4159,399360,6629.16,2022-12-28,29663,False,,-17772.758853,96
4160,399456,6630.6,2022-01-24,322430,False,,-29665.475981,96
4161,399552,6631.99,2022-02-07,619264,False,,-20304.527173,96
4162,399648,6633.31,2022-02-21,143129,False,,-23424.35259,96
4163,399744,6634.59,2022-03-19,935933,False,,-17769.424896,96
4164,399840,6635.99,2022-04-13,510487,False,,-25880.766177,96
4165,399936,6637.35,2022-04-27,753477,False,,-13939.04593,96
4166,400032,6651.56,2022-05-09,70454,False,,-16285.314222,96
4167,400128,6653.04,2022-06-04,680903,False,,-10368.492646,96
4168,400224,6654.5,2022-06-22,622447,False,,-32385.313061,96
4169,400320,6655.9,2022-07-26,137383,False,,-27694.781087,96
4170,400416,6657.33,2022-08-03,458513,False,,-31020.490866,96
4171,400512,6658.57,2022-08-17,490949,False,,-47653.225085,96
4172,400608,6660.11,2022-09-07,603853,False,,-17060.030792,96
4173,400704,6661.56,2022-09-29,772956,False,,-21802.246012,96
4174,400800,6662.81,2022-10-12,702165,False,,-28047.125047,96
4175,400896,6664.31,2022-10-26,818759,False,,-22716.13093,96
4176,400992,6665.66,2022-11-23,120956,False,,-34776.194629,96
4177,401088,6667.05,2022-12-07,141168,False,,-24525.094208,96
4178,401184,6668.48,2022-12-17,600903,False,,-40226.333487,96
4179,401280,6669.76,2022-12-28,828041,False,,-28840.451479,96
4180,401376,6671.06,2022-01-24,581497,False,,-23343.96052,96
4181,401472,6672.56,2022-02-07,196189,False,,-15511.039431,96
4182,401568,6674.22,2022-02-21,406816,False,,-28460.351764,96
4183,401664,6675.82,2022-03-19,740642,False,,-32717.51119,96
4184,401760,6677.3,2022-04-13,184600,False,,-19609.870618,96
4185,401856,6678.72,2022-04-27,235102,False,,-15685.832895,96
4186,401952,6680.17,2022-05-09,811531,False,,-42477.582938,96
4187,402048,6681.5,2022-06-04,624669,False,,-9133.468842,96
4188,402144,6682.87,2022-06-22,304172,False,,-22772.308946,96
4189,402240,6684.31,2022-07-26,417641,False,,-46782.398078,96
4190,402336,6685.62,2022-08-03,453344,False,,-25839.319187,96
4191,402432,6687.19,2022-08-17,687001,False,,-20039.838666,96
4192,402528,6688.62,2022-09-07,208370,False,,-16093.661292,96
4193,402624,6690.0,2022-09-29,454825,False,,-15669.122687,96
4194,402720,6691.42,2022-10-12,632300,False,,-21208.352348,96
4195,402816,6692.89,2022-10-26,473063,False,,-38575.711867,96
4196,402912,6694.19,2022-11-23,540537,False,,-33895.916708,96
4197,403008,6695.56,2022-12-07,991431,False,,-13975.926521,96
4198,403104,6697.04,2022-12-17,953019,False,,-28471.304724,96
4199,403200,6698.38,2022-12-28,37442,False,,-24869.686207,96
4200,403296,6699.74,2022-01-24,757305,False,,-29181.710853,96
4201,403392,6701.2,2022-02-07,417619,False,,-26398.316045,96
4202,403488,6702.74,2022-02-21,637521,False,,-22637.061178,96
4203,403584,6704.11,2022-03-19,170393,False,,-19155.1151,96
4204,403680,6705.59,2022-04-13,809045,False,,-37836.960465,96
4205,403776,6706.94,2022-04-27,226620,False,,-19219.224516,96
4206,403872,6708.35,2022-05-09,690472,False,,-20793.342901,96
4207,403968,6709.94,2022-06-04,666539,False,,-16324.949544,96
4208,404064,6711.4,2022-06-22,65496,False,,-16428.842352,96
4209,404160,6712.67,2022-07-26,434200,False,,-21847.178728,96
4210,404256,6714.12,2022-08-03,295513,False,,-22052.452347,96
4211,404352,6715.63,2022-08-17,275305,False,,-34915.887351,96
4212,404448,6717.04,2022-09-07,661628,False,,-18997.917162,96
4213,404544,6718.57,2022-09-29,476666,False,,-20602.881959,96
4214,404640,6720.12,2022-10-12,573927,False,,-21480.836161,96
4215,404736,6721.68,2022-10-26,716837,False,,-31638.242767,96
4216,404832,6723.26,2022-11-23,446023,False,,-28595.580912,96
4217,404928,6724.71,2022-12-07,486903,False,,-29267.291693,96
4218,405024,6726.02,2022-12-17,2979,False,,-20196.956927,96
4219,405120,6727.28,2022-12-28,534415,False,,-51863.250225,96
4220,405216,6728.6,2022-01-24,105007,False,,-38297.812782,96
4221,405312,6729.87,2022-02-07,650604,False,,-39975.322622,96
4222,405408,6731.15,2022-02-21,187152,False,,-13931.419683,96
4223,405504,6732.51,2022-03-19,75704,False,,-17105.206079,96
4224,405600,6734.09,2022-04-13,349394,False,,-24367.920027,96
4225,405696,6735.65,2022-04-27,84158,False,,-32516.674985,96
4226,405792,6737.0,2022-05-09,125364,False,,-27058.791134,96
4227,405888,6738.43,2022-06-04,317801,False,,-11907.418443,96
4228,405984,6739.91,2022-06-22,501273,False,,-35401.123886,96
4229,406080,6741.36,2022-07-26,671087,False,,-24252.927942,96
4230,406176,6742.92,2022-08-03,80703,False,,-34424.343356,96
4231,406272,6744.56,2022-08-17,526498,False,,-14919.44414,96
4232,406368,6746.06,2022-09-07,408144,False,,-23291.107589,96
4233,406464,6747.47,2022-09-29,428015,False,,-21889.377062,96
4234,406560,6748.89,2022-10-12,146665,False,,-20802.831196,96
4235,406656,6750.47,2022-10-26,818403,False,,-46739.760261,96
4236,406752,6751.86,2022-11-23,765297,False,,-41435.592793,96
4237,406848,6753.42,2022-12-07,476633,False,,-28597.778321,96
4238,406944,6754.75,2022-12-17,858698,False,,-28539.643841,96
4239,407040,6756.17,2022-12-28,200970,False,,-31790.027494,96
4240,407136,6757.57,2022-01-24,302492,False,,-17486.205844,96
4241,407232,6759.09,2022-02-07,50888,False,,-20923.9998,96
4242,407328,6760.58,2022-02-21,539828,False,,-40083.416653,96
4243,407424,6761.98,2022-03-19,469797,False,,-17807.325251,96
4244,407520,6763.44,2022-04-13,170424,False,,-24986.514804,96
4245,407616,6764.9,2022-04-27,371673,False,,-30455.939181,96
4246,407712,6766.08,2022-05-09,962964,False,,-24357.501909,96
4247,407808,6767.64,2022-06-04,591649,False,,-18497.876784,96
4248,407904,6769.02,2022-06-22,860992,False,,-26316.547529,96
4249,408000,6770.42,2022-07-26,7796,False,,-28500.960457,96
4250,408096,6771.85,2022-08-03,269878,False,,-15328.429991,96
4251,408192,6773.05,2022-08-17,500699,False,,-29282.945214,96
4252,408288,6774.39,2022-09-07,728971,False,,-29676.978004,96
4253,408384,6775.7,2022-09-29,73502,False,,-67820.663381,96
4254,408480,6777.23,2022-10-12,704775,False,,-30828.987196,96
4255,408576,6778.78,2022-10-26,693574,False,,-28422.385498,96
4256,408672,6780.1,2022-11-23,700554,False,,-17552.149128,96
4257,408768,6781.51,2022-12-07,50917,False,,-15058.262739,96
4258,408864,6782.86,2022-12-17,606208,False,,-12432.965683,96
4259,408960,6784.16,2022-12-28,692253,False,,-23719.868843,96
4260,409056,6785.55,2022-01-24,407068,False,,-16834.406792,96
4261,409152,6786.96,2022-02-07,124942,False,,-69067.594042,96
4262,409248,6788.26,2022-02-21,212093,False,,-29542.116626,96
4263,409344,6789.37,2022-03-19,944207,False,,-11011.147129,96
4264,409440,6790.83,2022-04-13,52730,False,,-29283.512885,96
4265,409536,6792.25,2022-04-27,959902,False,,-34185.50256,96
4266,409632,6793.6,2022-05-09,829912,False,,-14508.910682,96
4267,409728,6795.11,2022-06-04,784419,False,,-14467.605756,96
4268,409824,6796.52,2022-06-22,26727,False,,-12867.650669,96
4269,409920,6797.66,2022-07-26,675271,False,,-12883.362072,96
4270,410016,6812.54,2022-08-03,877110,False,,-51762.807017,96
4271,410112,6813.97,2022-08-17,402774,False,,-21757.135158,96
4272,410208,6815.37,2022-09-07,540533,False,,-13227.534241,96
4273,410304,6816.69,2022-09-29,839121,False,,-18102.193223,96
4274,410400,6818.13,2022-10-12,507750,False,,-27403.714037,96
4275,410496,6819.62,2022-10-26,607468,False,,-32598.080469,96
4276,410592,6821.06,2022-11-23,628847,False,,-70815.968158,96
4277,410688,6822.43,2022-12-07,441095,False,,-22272.303277,96
4278,410784,6823.87,2022-12-17,558435,False,,-24449.564036,96
4279,410880,6825.33,2022-12-28,482681,False,,-22884.203167,96
4280,410976,6826.9,2022-01-24,731855,False,,-51286.49453,96
4281,411072,6828.34,2022-02-07,691500,False,,-21033.615272,96
4282,411168,6829.78,2022-02-21,774120,False,,-37018.603875,96
4283,411264,6831.17,2022-03-19,379500,False,,-10366.113503,96
4284,411360,6832.53,2022-04-13,312001,False,,-39167.906782,96
4285,411456,6834.09,2022-04-27,767249,False,,-46347.667985,96
4286,411552,6835.5,2022-05-09,423288,False,,-40670.74861,96
4287,411648,6837.0,2022-06-04,429821,False,,-19973.406296,96
4288,411744,6838.55,2022-06-22,899933,False,,-31820.38961,96
4289,411840,6839.93,2022-07-26,361009,False,,-32417.439578,96
4290,411936,6841.27,2022-08-03,546019,False,,-20168.959049,96
4291,412032,6842.67,2022-08-17,23663,False,,-17367.751472,96
4292,412128,6843.71,2022-09-07,507021,False,,-17195.179168,96
4293,412224,6845.29,2022-09-29,262167,False,,-18701.355775,96
4294,412320,6846.81,2022-10-12,689926,False,,-23678.952884,96
4295,412416,6848.32,2022-10-26,19713,False,,-14637.938507,96
4296,412512,6849.78,2022-11-23,67053,False,,-29501.010998,96
4297,412608,6851.13,2022-12-07,877787,False,,-38586.449579,96
4298,412704,6852.51,2022-12-17,243205,False,,-28006.28449,96
4299,412800,6853.76,2022-12-28,173597,False,,-21003.316704,96
4300,412896,6855.15,2022-01-24,639666,False,,-18614.066191,96
4301,412992,6856.42,2022-02-07,425784,False,,-23586.650335,96
4302,413088,6857.77,2022-02-21,15340,False,,-43923.350616,96
4303,413184,6859.14,2022-03-19,482933,False,,-22539.710014,96
4304,413280,6860.58,2022-04-13,201676,False,,-25455.852502,96
4305,413376,6862.11,2022-04-27,378718,False,,-20948.068706,96
4306,413472,6863.62,2022-05-09,700289,False,,-19145.94653,96
4307,413568,6865.06,2022-06-04,596333,False,,-19031.506214,96
4308,413664,6866.54,2022-06-22,2864,False,,-17118.477436,96
4309,413760,6867.8,2022-07-26,441068,False,,-18786.343541,96
4310,413856,6869.36,2022-08-03,540996,False,,-42642.623895,96
4311,413952,6870.88,2022-08-17,648320,False,,-23848.859913,96
4312,414048,6872.26,2022-09-07,884441,False,,-14426.604931,96
4313,414144,6873.63,2022-09-29,831457,False,,-23451.780854,96
4314,414240,6875.14,2022-10-12,624287,False,,-15377.574523,96
4315,414336,6876.61,2022-10-26,136818,False,,-21643.926554,96
4316,414432,6877.91,2022-11-23,383333,False,,-20515.425224,96
4317,414528,6879.4,2022-12-07,896965,False,,-21072.250605,96
4318,414624,6880.96,2022-12-17,520607,False,,-14742.234712,96
4319,414720,6882.45,2022-12-28,700529,False,,-47521.321281,96
4320,414816,6884.05,2022-01-24,318299,False,,-37541.773794,96
4321,414912,6885.33,2022-02-07,995333,False,,-15553.544733,96
4322,415008,6886.75,2022-02-21,185163,False,,-25135.096597,96
4323,415104,6888.22,2022-03-19,904906,False,,-9390.325943,96
4324,415200,6889.79,2022-04-13,350730,False,,-16891.541165,96
4325,415296,6891.16,2022-04-27,473708,False,,-37178.92407,96
4326,415392,6892.52,2022-05-09,498637,False,,-13939.323897,96
4327,415488,6893.98,2022-06-04,432908,False,,-18171.703654,96
4328,415584,6895.29,2022-06-22,503916,False,,-30145.234305,96
4329,415680,6896.61,2022-07-26,72118,False,,-24869.917006,96
4330,415776,6898.04,2022-08-03,641929,False,,-20200.844514,96
4331,415872,6899.37,2022-08-17,718471,False,,-22550.473628,96
4332,415968,6900.67,2022-09-07,241085,False,,-79281.258049,96
4333,416064,6902.12,2022-09-29,832538,False,,-25274.890094,96
4334,416160,6903.53,2022-10-12,833612,False,,-25127.201885,96
4335,416256,6904.85,2022-10-26,651619,False,,-22040.452379,96
4336,416352,6906.27,2022-11-23,704204,False,,-46490.983683,96
4337,416448,6907.76,2022-12-07,643101,False,,-25116.598661,96
4338,416544,6909.17,2022-12-17,196907,False,,-37876.013315,96
4339,416640,6910.63,2022-12-28,318633,False,,-17590.247306,96
4340,416736,6912.03,2022-01-24,990146,False,,-18100.214279,96
4341,416832,6913.44,2022-02-07,40648,False,,-19127.737171,96
4342,416928,6914.75,2022-02-21,562412,False,,-15924.246735,96
4343,417024,6915.96,2022-03-19,132379,False,,-14590.859049,96
4344,417120,6917.2,2022-04-13,757770,False,,-23542.752517,96
4345,417216,6918.58,2022-04-27,61168,False,,-29550.972603,96
4346,417312,6919.82,2022-05-09,202261,False,,-18392.274977,96
4347,417408,6921.18,2022-06-04,662580,False,,-18336.784689,96
4348,417504,6922.5,2022-06-22,708879,False,,-28107.057829,96
4349,417600,6923.93,2022-07-26,845376,False,,-56060.929199,96
4350,417696,6925.33,2022-08-03,664217,False,,-15588.565663,96
4351,417792,6926.75,2022-08-17,69841,False,,-19583.19697,96
4352,417888,6928.16,2022-09-07,422200,False,,-16308.95543,96
4353,417984,6929.52,2022-09-29,790793,False,,-15059.329968,96
4354,418080,6930.88,2022-10-12,700026,False,,-22104.192066,96
4355,418176,6932.32,2022-10-26,655560,False,,-14917.395452,96
4356,418272,6933.85,2022-11-23,296933,False,,-18181.165248,96
4357,418368,6935.46,2022-12-07,564259,False,,-26901.89295,96
4358,418464,6936.88,2022-12-17,452832,False,,-35454.704398,96
4359,418560,6938.31,2022-12-28,402461,False,,-22239.585934,96
4360,418656,6939.87,2022-01-24,447906,False,,-29820.120585,96
4361,418752,6941.45,2022-02-07,493672,False,,-27753.908979,96
4362,418848,6942.96,2022-02-21,675512,False,,-21353.601627,96
4363,418944,6944.38,2022-03-19,530059,False,,-26283.507513,96
4364,419040,6945.86,2022-04-13,481062,False,,-26110.446324,96
4365,419136,6947.28,2022-04-27,950133,False,,-31870.360621,96
4366,419232,6948.8,2022-05-09,592526,False,,-31740.920509,96
4367,419328,6950.09,2022-06-04,250187,False,,-30513.041401,96
4368,419424,6951.51,2022-06-22,941948,False,,-50573.324847,96
4369,419520,6952.97,2022-07-26,707321,False,,-20742.825736,96
4370,419616,6954.51,2022-08-03,931255,False,,-22871.773864,96
4371,419712,6955.94,2022-08-17,745524,False,,-27892.814577,96
4372,419808,6957.15,2022-09-07,641284,False,,-22986.480352,96
4373,419904,6958.6,2022-09-29,684669,False,,-37689.391543,96
4374,420000,6960.15,2022-10-12,555862,False,,-28456.748483,96
4375,420096,6974.51,2022-10-26,634968,False,,-41869.258815,96
4376,420192,6975.84,2022-11-23,736295,False,,-32635.759309,96
4377,420288,6977.23,2022-12-07,864948,False,,-12896.625307,96
4378,420384,6978.63,2022-12-17,88456,False,,-13422.863218,96
4379,420480,6980.11,2022-12-28,542131,False,,-22752.158635,96
4380,420576,6981.49,2022-01-24,673308,False,,-26721.863275,96
4381,420672,6982.78,2022-02-07,25041,False,,-29110.774041,96
4382,420768,6984.16,2022-02-21,348134,False,,-18322.270366,96
4383,420864,6985.57,2022-03-19,631536,False,,-19992.019275,96
4384,420960,6986.83,2022-04-13,632139,False,,-25433.88285,96
4385,421056,6988.31,2022-04-27,469757,False,,-14254.43562,96
4386,421152,6989.83,2022-05-09,632856,False,,-23442.491233,96
4387,421248,6991.28,2022-06-04,744779,False,,-29795.92782,96
4388,421344,6992.66,2022-06-22,422601,False,,-40444.286624,96
4389,421440,6994.0,2022-07-26,626106,False,,-23780.452212,96
4390,421536,6995.34,2022-08-03,943123,False,,-20925.414804,96
4391,421632,6996.88,2022-08-17,721304,False,,-26157.582633,96
4392,421728,6998.27,2022-09-07,720000,False,,-26899.325427,96
4393,421824,6999.72,2022-09-29,655163,False,,-47703.193532,96
4394,421920,7001.26,2022-10-12,924975,False,,-18834.242747,96
4395,422016,7002.74,2022-10-26,265604,False,,-18924.839905,96
4396,422112,7004.17,2022-11-23,318971,False,,-41568.935123,96
4397,422208,7005.55,2022-12-07,368409,False,,-24950.494357,96
4398,422304,7006.87,2022-12-17,701479,False,,-20176.580969,96
4399,422400,7008.13,2022-12-28,504998,False,,-25806.903159,96
4400,422496,7009.47,2022-01-24,978217,False,,-26150.523691,96
4401,422592,7010.88,2022-02-07,576951,False,,-25118.4249,96
4402,422688,7012.31,2022-02-21,308240,False,,-37669.759925,96
4403,422784,7013.72,2022-03-19,89941,False,,-23491.533122,96
4404,422880,7015.15,2022-04-13,600052,False,,-18714.35802,96
4405,422976,7016.54,2022-04-27,6305,False,,-7398.962541,96
4406,423072,7017.93,2022-05-09,404185,False,,-24325.231543,96
4407,423168,7019.37,2022-06-04,983277,False,,-40588.284807,96
4408,423264,7020.73,2022-06-22,506920,False,,-18394.801701,96
4409,423360,7022.18,2022-07-26,21209,False,,-28731.643601,96
4410,423456,7023.62,2022-08-03,923622,False,,-8063.984777,96
4411,423552,7025.07,2022-08-17,878732,False,,-30701.461736,96
4412,423648,7026.49,2022-09-07,886064,False,,-66154.874168,96
4413,423744,7027.91,2022-09-29,808792,False,,-34215.315187,96
4414,423840,7029.45,2022-10-12,435215,False,,-26590.166319,96
4415,423936,7030.8,2022-10-26,55264,False,,-20227.501564,96
4416,424032,7032.04,2022-11-23,152163,False,,-37809.025935,96
4417,424128,7033.4,2022-12-07,42938,False,,-32812.195775,96
4418,424224,7034.86,2022-12-17,185475,False,,-22430.993937,96
4419,424320,7036.43,2022-12-28,249313,False,,-24387.528556,96
4420,424416,7037.83,2022-01-24,528345,False,,-18154.121284,96
4421,424512,7039.18,2022-02-07,775392,False,,-25924.849954,96
4422,424608,7040.43,2022-02-21,599877,False,,-40935.099259,96
4423,424704,7041.91,2022-03-19,840235,False,,-21297.191885,96
4424,424800,7043.24,2022-04-13,809682,False,,-26563.326786,96
4425,424896,7044.79,2022-04-27,531836,False,,-39155.210392,96
4426,424992,7046.14,2022-05-09,823454,False,,-21814.735767,96
4427,425088,7047.48,2022-06-04,172013,False,,-18470.94281,96
4428,425184,7048.99,2022-06-22,179284,False,,-25799.281672,96
4429,425280,7050.19,2022-07-26,633673,False,,-13864.76286,96
4430,425376,7051.56,2022-08-03,769590,False,,-23767.968151,96
4431,425472,7053.06,2022-08-17,988605,False,,-35540.375548,96
4432,425568,7054.56,2022-09-07,964702,False,,-30600.592606,96
4433,425664,7055.98,2022-09-29,444104,False,,-25711.923298,96
4434,425760,7057.33,2022-10-12,107015,False,,-23932.5853,96
4435,425856,7058.64,2022-10-26,534220,False,,-21990.855953,96
4436,425952,7060.39,2022-11-23,804980,False,,-16228.556991,96
4437,426048,7062.0,2022-12-07,208193,False,,-22058.546334,96
4438,426144,7063.45,2022-12-17,178552,False,,-35026.21709,96
4439,426240,7064.76,2022-12-28,137132,False,,-20410.151383,96
4440,426336,7066.24,2022-01-24,975484,False,,-27933.447853,96
4441,426432,7067.78,2022-02-07,225222,False,,-29603.966855,96
4442,426528,7069.27,2022-02-21,333386,False,,-22482.445561,96
4443,426624,7070.78,2022-03-19,599769,False,,-22215.551813,96
4444,426720,7072.22,2022-04-13,45961,False,,-20053.074534,96
4445,426816,7073.71,2022-04-27,813708,False,,-30244.213386,96
4446,426912,7075.2,2022-05-09,345518,False,,-16938.615107,96
4447,427008,7076.61,2022-06-04,140035,False,,-22742.77515,96
4448,427104,7078.19,2022-06-22,51799,False,,-52412.328336,96
4449,427200,7079.57,2022-07-26,672137,False,,-25926.026219,96
4450,427296,7081.09,2022-08-03,270592,False,,-32806.440554,96
4451,427392,7082.56,2022-08-17,441111,False,,-29010.942801,96
4452,427488,7083.7,2022-09-07,119492,False,,-30920.446977,96
4453,427584,7085.11,2022-09-29,630566,False,,-37430.363721,96
4454,427680,7086.39,2022-10-12,958086,False,,-20232.353131,96
4455,427776,7087.67,2022-10-26,68901,False,,-21440.311383,96
4456,427872,7088.78,2022-11-23,388875,False,,-11258.353549,96
4457,427968,7090.08,2022-12-07,503618,False,,-36928.720445,96
4458,428064,7091.41,2022-12-17,755824,False,,-37540.500749,96
4459,428160,7092.7,2022-12-28,116791,False,,-21830.285996,96
4460,428256,7094.07,2022-01-24,511916,False,,-33397.408548,96
4461,428352,7095.49,2022-02-07,278691,False,,-19057.034659,96
4462,428448,7096.83,2022-02-21,397120,False,,-19539.623944,96
4463,428544,7098.36,2022-03-19,753735,False,,-8607.02568,96
4464,428640,7099.62,2022-04-13,111508,False,,-14982.075322,96
4465,428736,7100.96,2022-04-27,634587,False,,-22240.084281,96
4466,428832,7102.25,2022-05-09,959075,False,,-13009.10729,96
4467,428928,7103.61,2022-06-04,66117,False,,-15513.78485,96
4468,429024,7105.05,2022-06-22,384634,False,,-20991.972737,96
4469,429120,7106.6,2022-07-26,337820,False,,-22348.546841,96
4470,429216,7107.94,2022-08-03,677846,False,,-41863.887854,96
4471,429312,7109.5,2022-08-17,911588,False,,-21229.030231,96
4472,429408,7111.04,2022-09-07,624169,False,,-25663.650548,96
4473,429504,7112.35,2022-09-29,253572,False,,-15050.832757,96
4474,429600,7113.93,2022-10-12,906265,False,,-28671.459903,96
4475,429696,7115.53,2022-10-26,253438,False,,-26549.313715,96
4476,429792,7116.91,2022-11-23,316860,False,,-19111.244017,96
4477,429888,7118.25,2022-12-07,695548,False,,-26843.199703,96
4478,429984,7119.66,2022-12-17,323167,False,,-24594.976553,96
4479,430080,7134.7,2022-12-28,100641,False,,-44283.193983,96
4480,430176,7136.13,2022-01-24,827738,False,,-26465.200264,96
4481,430272,7137.55,2022-02-07,465651,False,,-23705.324164,96
4482,430368,7138.9,2022-02-21,438494,False,,-34788.967804,96
4483,430464,7140.37,2022-03-19,143713,False,,-17076.857413,96
4484,430560,7141.86,2022-04-13,267412,False,,-14832.258751,96
4485,430656,7143.3,2022-04-27,13977,False,,-25468.654264,96
4486,430752,7144.77,2022-05-09,771871,False,,-16165.701126,96
4487,430848,7146.15,2022-06-04,11805,False,,-14411.751701,96
4488,430944,7147.6,2022-06-22,833691,False,,-19096.65489,96
4489,431040,7149.07,2022-07-26,330822,False,,-15381.771968,96
4490,431136,7150.52,2022-08-03,358660,False,,-30418.34227,96
4491,431232,7151.98,2022-08-17,389400,False,,-23536.301601,96
4492,431328,7153.44,2022-09-07,704845,False,,-9370.489152,96
4493,431424,7154.88,2022-09-29,967045,False,,-13777.458837,96
4494,431520,7156.43,2022-10-12,520180,False,,-13558.317643,96
4495,431616,7157.89,2022-10-26,775439,False,,-21165.078497,96
4496,431712,7159.27,2022-11-23,174111,False,,-22099.145667,96
4497,431808,7160.67,2022-12-07,65670,False,,-6715.414704,96
4498,431904,7162.21,2022-12-17,74785,False,,-14468.405151,96
4499,432000,7163.66,2022-12-28,124674,False,,-10422.032451,96
4500,432096,7165.1,2022-01-24,827845,False,,-16587.611283,96
4501,432192,7166.63,2022-02-07,599012,False,,-19847.393786,96
4502,432288,7168.01,2022-02-21,74672,False,,-18517.40436,96
4503,432384,7169.43,2022-03-19,43202,False,,-29264.962694,96
4504,432480,7170.82,2022-04-13,204945,False,,-51437.119722,96
4505,432576,7172.11,2022-04-27,819866,False,,-18553.563744,96
4506,432672,7173.46,2022-05-09,403724,False,,-12328.447016,96
4507,432768,7174.95,2022-06-04,690762,False,,-19040.885987,96
4508,432864,7176.41,2022-06-22,772463,False,,-25476.583067,96
4509,432960,7177.68,2022-07-26,40328,False,,-25076.953652,96
4510,433056,7179.02,2022-08-03,463889,False,,-42494.499911,96
4511,433152,7180.24,2022-08-17,548251,False,,-38242.193884,96
4512,433248,7181.54,2022-09-07,59524,False,,-34640.336345,96
4513,433344,7182.84,2022-09-29,977453,False,,-21233.550547,96
4514,433440,7184.26,2022-10-12,884221,False,,-21343.45067,96
4515,433536,7185.62,2022-10-26,613378,False,,-18635.630603,96
4516,433632,7187.02,2022-11-23,537209,False,,-15480.087232,96
4517,433728,7188.4,2022-12-07,388912,False,,-15908.828373,96
4518,433824,7189.91,2022-12-17,215486,False,,-9380.514156,96
4519,433920,7191.38,2022-12-28,481355,False,,-34763.540157,96
4520,434016,7192.79,2022-01-24,31706,False,,-16127.726188,96
4521,434112,7194.14,2022-02-07,597102,False,,-18864.658213,96
4522,434208,7195.64,2022-02-21,559443,False,,-26598.655722,96
4523,434304,7197.1,2022-03-19,539036,False,,-22294.613181,96
4524,434400,7198.5,2022-04-13,324105,False,,-10905.352112,96
4525,434496,7199.97,2022-04-27,912238,False,,-37544.850959,96
4526,434592,7201.46,2022-05-09,119622,False,,-14386.118372,96
4527,434688,7202.7,2022-06-04,715024,False,,-16565.231238,96
4528,434784,7204.34,2022-06-22,187642,False,,-26470.490838,96
4529,434880,7205.73,2022-07-26,448183,False,,-35794.863657,96
4530,434976,7207.25,2022-08-03,11933,False,,-33815.826591,96
4531,435072,7208.76,2022-08-17,277707,False,,-28016.190624,96
4532,435168,7210.18,2022-09-07,84756,False,,-18419.660613,96
4533,435264,7211.54,2022-09-29,801878,False,,-20882.644546,96
4534,435360,7212.97,2022-10-12,678804,False,,-32161.730426,96
4535,435456,7214.57,2022-10-26,482688,False,,-14696.293034,96
4536,435552,7216.07,2022-11-23,221495,False,,-19126.732373,96
4537,435648,7217.42,2022-12-07,507068,False,,-26146.621604,96
4538,435744,7218.67,2022-12-17,734692,False,,-14299.308951,96
4539,435840,7219.88,2022-12-28,91143,False,,-17397.763795,96
4540,435936,7221.16,2022-01-24,947331,False,,-18673.464179,96
4541,436032,7222.4,2022-02-07,353093,False,,-8430.237538,96
4542,436128,7223.86,2022-02-21,177885,False,,-36535.355771,96
4543,436224,7225.34,2022-03-19,666640,False,,-47299.547468,96
4544,436320,7226.84,2022-04-13,166331,False,,-29886.576332,96
4545,436416,7228.37,2022-04-27,89063,False,,-12328.186315,96
4546,436512,7229.8,2022-05-09,295598,False,,-31350.638035,96
4547,436608,7231.01,2022-06-04,101023,False,,-35724.68443,96
4548,436704,7232.41,2022-06-22,592379,False,,-28855.174517,96
4549,436800,7233.69,2022-07-26,743475,False,,-31407.052276,96
4550,436896,7235.16,2022-08-03,787688,False,,-26816.772663,96
4551,436992,7236.57,2022-08-17,140133,False,,-16041.367446,96
4552,437088,7238.0,2022-09-07,875045,False,,-26868.064835,96
4553,437184,7239.35,2022-09-29,732886,False,,-31915.897669,96
4554,437280,7240.84,2022-10-12,726587,False,,-18158.818984,96
4555,437376,7242.26,2022-10-26,660893,False,,-11080.227746,96
4556,437472,7243.67,2022-11-23,995350,False,,-15171.284672,96
4557,437568,7245.1,2022-12-07,844872,False,,-13889.041336,96
4558,437664,7246.37,2022-12-17,643795,False,,-21979.763402,96
4559,437760,7247.91,2022-12-28,599092,False,,-28104.930598,96
4560,437856,7249.28,2022-01-24,268004,False,,-37981.892808,96
4561,437952,7250.7,2022-02-07,105186,False,,-15787.969752,96
4562,438048,7252.09,2022-02-21,747270,False,,-16191.686356,96
4563,438144,7253.66,2022-03-19,314149,False,,-16623.55268,96
4564,438240,7255.13,2022-04-13,817281,False,,-31581.136456,96
4565,438336,7256.49,2022-04-27,632758,False,,-17678.081036,96
4566,438432,7257.88,2022-05-09,485546,False,,-32952.335242,96
4567,438528,7259.44,2022-06-04,616868,False,,-10122.723637,96
4568,438624,7260.89,2022-06-22,66984,False,,-30323.63123,96
4569,438720,7262.22,2022-07-26,634241,False,,-44826.461188,96
4570,438816,7263.66,2022-08-03,720058,False,,-16298.789054,96
4571,438912,7265.14,2022-08-17,530015,False,,-11416.102402,96
4572,439008,7266.56,2022-09-07,459442,False,,-34049.277132,96
4573,439104,7267.8,2022-09-29,15489,False,,-23336.621859,96
4574,439200,7268.98,2022-10-12,659744,False,,-31076.88652,96
4575,439296,7270.52,2022-10-26,441557,False,,-17544.791684,96
4576,439392,7272.11,2022-11-23,911028,False,,-13755.40585,96
4577,439488,7273.71,2022-12-07,187717,False,,-27297.813463,96
4578,439584,7275.25,2022-12-17,811340,False,,-23990.188544,96
4579,439680,7276.64,2022-12-28,948836,False,,-39411.368494,96
4580,439776,7278.02,2022-01-24,913539,False,,-15891.815499,96
4581,439872,7279.46,2022-02-07,816815,False,,-29026.198477,96
4582,439968,7280.93,2022-02-21,852406,False,,-30315.943703,96
4583,440064,7295.33,2022-03-19,698725,False,,-28026.066463,96
4584,440160,7296.76,2022-04-13,279917,False,,-46043.459074,96
4585,440256,7298.19,2022-04-27,456994,False,,-31213.292516,96
4586,440352,7299.58,2022-05-09,319694,False,,-47236.087811,96
4587,440448,7301.05,2022-06-04,862373,False,,-14999.602502,96
4588,440544,7302.4,2022-06-22,376016,False,,-48368.766299,96
4589,440640,7303.96,2022-07-26,375650,False,,-27809.094595,96
4590,440736,7305.26,2022-08-03,615379,False,,-36785.914877,96
4591,440832,7306.81,2022-08-17,444128,False,,-16748.702872,96
4592,440928,7308.16,2022-09-07,777122,False,,-15849.445511,96
4593,441024,7309.68,2022-09-29,508517,False,,-37079.338313,96
4594,441120,7310.99,2022-10-12,450411,False,,-24724.535077,96
4595,441216,7312.35,2022-10-26,594650,False,,-75351.294638,96
4596,441312,7313.64,2022-11-23,894415,False,,-20885.205582,96
4597,441408,7315.2,2022-12-07,844354,False,,-35060.86923,96
4598,441504,7316.62,2022-12-17,593554,False,,-10158.998856,96
4599,441600,7318.05,2022-12-28,781791,False,,-17785.305989,96
4600,441696,7319.67,2022-01-24,197041,False,,-17669.553371,96
4601,441792,7320.92,2022-02-07,143386,False,,-15381.488786,96
4602,441888,7322.22,2022-02-21,836885,False,,-19595.07891,96
4603,441984,7323.73,2022-03-19,887411,False,,-31109.876248,96
4604,442080,7325.15,2022-04-13,565273,False,,-17071.097773,96
4605,442176,7326.49,2022-04-27,643580,False,,-33434.553694,96
4606,442272,7327.76,2022-05-09,731894,False,,-21103.12621,96
4607,442368,7329.09,2022-06-04,810553,False,,-20736.561034,96
4608,442464,7330.41,2022-06-22,396240,False,,-16283.793817,96
4609,442560,7331.79,2022-07-26,4407,False,,-20865.324431,96
4610,442656,7333.14,2022-08-03,383389,False,,-20390.276269,96
4611,442752,7334.44,2022-08-17,759630,False,,-29181.270693,96
4612,442848,7336.04,2022-09-07,753064,False,,-21347.857897,96
4613,442944,7337.55,2022-09-29,731739,False,,-26836.465634,96
4614,443040,7338.93,2022-10-12,962074,False,,-25937.900963,96
4615,443136,7340.31,2022-10-26,921707,False,,-38978.51149,96
4616,443232,7341.71,2022-11-23,551311,False,,-42338.07037,96
4617,443328,7342.97,2022-12-07,935568,False,,-12872.886462,96
4618,443424,7344.21,2022-12-17,156425,False,,-26046.644786,96
4619,443520,7345.68,2022-12-28,9565,False,,-16776.577348,96
4620,443616,7346.96,2022-01-24,300613,False,,-24620.847929,96
4621,443712,7348.32,2022-02-07,215386,False,,-36968.639773,96
4622,443808,7349.78,2022-02-21,713321,False,,-25899.579929,96
4623,443904,7351.04,2022-03-19,461603,False,,-9837.669333,96
4624,444000,7352.54,2022-04-13,867071,False,,-16424.552259,96
4625,444096,7354.08,2022-04-27,55567,False,,-27508.839109,96
4626,444192,7355.45,2022-05-09,521078,False,,-44648.029096,96
4627,444288,7356.99,2022-06-04,592289,False,,-21418.239556,96
4628,444384,7358.48,2022-06-22,206681,False,,-15117.418872,96
4629,444480,7359.9,2022-07-26,576732,False,,-19854.613344,96
4630,444576,7361.25,2022-08-03,289338,False,,-20908.9986,96
4631,444672,7362.72,2022-08-17,817778,False,,-37160.815702,96
4632,444768,7364.03,2022-09-07,353297,False,,-20955.182324,96
4633,444864,7365.52,2022-09-29,289237,False,,-14641.219784,96
4634,444960,7366.97,2022-10-12,58349,False,,-22850.729944,96
4635,445056,7368.43,2022-10-26,400664,False,,-31931.503934,96
4636,445152,7369.98,2022-11-23,689553,False,,-23329.54204,96
4637,445248,7371.39,2022-12-07,827539,False,,-48284.387712,96
4638,445344,7372.57,2022-12-17,77144,False,,-17596.343396,96
4639,445440,7373.92,2022-12-28,700310,False,,-29124.5124,96
4640,445536,7375.35,2022-01-24,533372,False,,-27529.367194,96
4641,445632,7376.88,2022-02-07,553917,False,,-26841.091205,96
4642,445728,7378.21,2022-02-21,795510,False,,-20486.964616,96
4643,445824,7379.72,2022-03-19,22846,False,,-26670.535908,96
4644,445920,7381.32,2022-04-13,85262,False,,-23364.064226,96
4645,446016,7382.85,2022-04-27,340415,False,,-17128.776949,96
4646,446112,7384.37,2022-05-09,856830,False,,-20253.543924,96
4647,446208,7385.77,2022-06-04,190083,False,,-20199.799232,96
4648,446304,7387.12,2022-06-22,699148,False,,-12085.863936,96
4649,446400,7388.44,2022-07-26,652615,False,,-30930.792353,96
4650,446496,7389.79,2022-08-03,786963,False,,-18562.733138,96
4651,446592,7391.27,2022-08-17,64716,False,,-50746.344863,96
4652,446688,7392.56,2022-09-07,820696,False,,-51708.349492,96
4653,446784,7393.95,2022-09-29,685869,False,,-30216.549806,96
4654,446880,7395.35,2022-10-12,151160,False,,-19325.918939,96
4655,446976,7396.7,2022-10-26,337016,False,,-10724.58364,96
4656,447072,7398.1,2022-11-23,61431,False,,-24018.358072,96
4657,447168,7399.43,2022-12-07,208041,False,,-29845.891786,96
4658,447264,7400.87,2022-12-17,471055,False,,-16922.357446,96
4659,447360,7402.39,2022-12-28,776525,False,,-20595.635,96
4660,447456,7403.76,2022-01-24,885749,False,,-26228.421191,96
4661,447552,7405.23,2022-02-07,345056,False,,-15068.109289,96
4662,447648,7406.81,2022-02-21,416574,False,,-34360.186529,96
4663,447744,7408.16,2022-03-19,358507,False,,-17537.207049,96
4664,447840,7409.65,2022-04-13,261144,False,,-17362.896342,96
4665,447936,7411.18,2022-04-27,351643,False,,-9674.410375,96
4666,448032,7412.76,2022-05-09,979550,False,,-29834.5727,96
4667,448128,7414.06,2022-06-04,815830,False,,-42696.789485,96
4668,448224,7415.42,2022-06-22,170227,False,,-23396.04219,96
4669,448320,7416.79,2022-07-26,857509,False,,-29355.189939,96
4670,448416,7418.18,2022-08-03,714756,False,,-30777.73656,96
4671,448512,7419.65,2022-08-17,473668,False,,-28623.979325,96
4672,448608,7420.97,2022-09-07,910725,False,,-17610.224025,96
4673,448704,7422.51,2022-09-29,556066,False,,-19228.271691,96
4674,448800,7423.9,2022-10-12,84353,False,,-15991.515312,96
4675,448896,7425.16,2022-10-26,846655,False,,-18783.456916,96
4676,448992,7426.53,2022-11-23,185218,False,,-12411.580931,96
4677,449088,7427.82,2022-12-07,952773,False,,-33911.193526,96
4678,449184,7429.32,2022-12-17,227446,False,,-28132.876801,96
4679,449280,7430.7,2022-12-28,256633,False,,-20604.715546,96
4680,449376,7432.14,2022-01-24,38777,False,,-18359.762874,96
4681,449472,7433.67,2022-02-07,643339,False,,-21873.413626,96
4682,449568,7435.24,2022-02-21,729615,False,,-24304.149908,96
4683,449664,7436.49,2022-03-19,482510,False,,-16400.407313,96
4684,449760,7437.95,2022-04-13,719232,False,,-13624.61777,96
4685,449856,7439.34,2022-04-27,376804,False,,-27220.033105,96
4686,449952,7440.77,2022-05-09,513084,False,,-23405.303912,96
4687,450048,7455.03,2022-06-04,454353,False,,-11958.532595,96
4688,450144,7456.3,2022-06-22,212531,False,,-22013.647589,96
4689,450240,7457.77,2022-07-26,613796,False,,-26454.888191,96
4690,450336,7459.15,2022-08-03,934939,False,,-34830.816137,96
4691,450432,7460.64,2022-08-17,753649,False,,-36887.007201,96
4692,450528,7462.12,2022-09-07,429971,False,,-22007.214478,96
4693,450624,7463.45,2022-09-29,936155,False,,-18728.89006,96
4694,450720,7464.93,2022-10-12,169470,False,,-24856.953081,96
4695,450816,7466.1,2022-10-26,28602,False,,-20331.617453,96
4696,450912,7467.48,2022-11-23,439300,False,,-34039.770018,96
4697,451008,7468.74,2022-12-07,235220,False,,-19986.866564,96
4698,451104,7470.24,2022-12-17,712478,False,,-19964.968713,96
4699,451200,7471.71,2022-12-28,357587,False,,-23595.840338,96
4700,451296,7473.2,2022-01-24,595426,False,,-10092.397704,96
4701,451392,7474.78,2022-02-07,232304,False,,-18145.588724,96
4702,451488,7476.24,2022-02-21,882272,False,,-50391.671645,96
4703,451584,7477.6,2022-03-19,619089,False,,-36027.30559,96
4704,451680,7478.92,2022-04-13,902427,False,,-23667.28492,96
4705,451776,7480.55,2022-04-27,802403,False,,-27453.672508,96
4706,451872,7482.06,2022-05-09,864232,False,,-22581.611389,96
4707,451968,7483.42,2022-06-04,866178,False,,-18632.733028,96
4708,452064,7484.8,2022-06-22,411409,False,,-17048.435843,96
4709,452160,7486.46,2022-07-26,496291,False,,-49019.20458,96
4710,452256,7487.89,2022-08-03,221422,False,,-13588.035804,96
4711,452352,7489.26,2022-08-17,25596,False,,-38408.642437,96
4712,452448,7490.77,2022-09-07,614189,False,,-20970.773816,96
4713,452544,7492.1,2022-09-29,842613,False,,-26125.098393,96
4714,452640,7493.52,2022-10-12,101810,False,,-31476.656185,96
4715,452736,7494.93,2022-10-26,473633,False,,-15138.183869,96
4716,452832,7496.44,2022-11-23,257991,False,,-29079.082537,96
4717,452928,7497.96,2022-12-07,597158,False,,-15855.993191,96
4718,453024,7499.1,2022-12-17,141578,False,,-10775.716672,96
4719,453120,7500.64,2022-12-28,457705,False,,-24879.302097,96
4720,453216,7502.09,2022-01-24,558764,False,,-27698.051424,96
4721,453312,7503.7,2022-02-07,459137,False,,-18071.336796,96
4722,453408,7505.15,2022-02-21,366292,False,,-14866.700927,96
4723,453504,7506.43,2022-03-19,618359,False,,-14846.640628,96
4724,453600,7507.93,2022-04-13,453477,False,,-33167.033708,96
4725,453696,7509.38,2022-04-27,532816,False,,-14744.407315,96
4726,453792,7510.95,2022-05-09,659725,False,,-22586.778838,96
4727,453888,7512.44,2022-06-04,303439,False,,-19700.367553,96
4728,453984,7513.91,2022-06-22,921893,False,,-25364.850354,96
4729,454080,7515.22,2022-07-26,699361,False,,-28462.329061,96
4730,454176,7516.54,2022-08-03,467859,False,,-15375.424047,96
4731,454272,7517.95,2022-08-17,999355,False,,-14474.588345,96
4732,454368,7519.34,2022-09-07,582968,False,,-19870.33963,96
4733,454464,7520.63,2022-09-29,513737,False,,-18887.867504,96
4734,454560,7522.02,2022-10-12,427783,False,,-21129.471178,96
4735,454656,7523.55,2022-10-26,668208,False,,-24239.01576,96
4736,454752,7524.93,2022-11-23,507918,False,,-22326.356083,96
4737,454848,7526.33,2022-12-07,191250,False,,-20108.322389,96
4738,454944,7527.8,2022-12-17,592207,False,,-30288.036925,96
4739,455040,7529.2,2022-12-28,957254,False,,-21160.130439,96
4740,455136,7530.68,2022-01-24,322512,False,,-18342.017068,96
4741,455232,7532.08,2022-02-07,138029,False,,-31465.99753,96
4742,455328,7533.3,2022-02-21,56884,False,,-42503.565704,96
4743,455424,7534.66,2022-03-19,885706,False,,-17989.504047,96
4744,455520,7536.05,2022-04-13,244431,False,,-37099.898609,96
4745,455616,7537.6,2022-04-27,817598,False,,-18396.099728,96
4746,455712,7539.08,2022-05-09,232074,False,,-24306.510663,96
4747,455808,7540.54,2022-06-04,257875,False,,-27393.364264,96
4748,455904,7542.05,2022-06-22,684275,False,,-32313.420767,96
4749,456000,7543.53,2022-07-26,511865,False,,-24395.724574,96
4750,456096,7544.99,2022-08-03,869197,False,,-17424.382044,96
4751,456192,7546.48,2022-08-17,286292,False,,-15598.7114,96
4752,456288,7548.01,2022-09-07,491882,False,,-32253.620835,96
4753,456384,7549.62,2022-09-29,77082,False,,-17333.67686,96
4754,456480,7551.09,2022-10-12,848418,False,,-15991.155628,96
4755,456576,7552.61,2022-10-26,416218,False,,-28656.311993,96
4756,456672,7554.18,2022-11-23,669244,False,,-31996.368963,96
4757,456768,7555.42,2022-12-07,737595,False,,-17565.691995,96
4758,456864,7556.81,2022-12-17,956762,False,,-10208.800921,96
4759,456960,7558.17,2022-12-28,818221,False,,-17980.167308,96
4760,457056,7559.56,2022-01-24,645520,False,,-28338.66564,96
4761,457152,7561.08,2022-02-07,823728,False,,-19220.662167,96
4762,457248,7562.4,2022-02-21,792388,False,,-18246.200645,96
4763,457344,7563.98,2022-03-19,373755,False,,-21451.836204,96
4764,457440,7565.34,2022-04-13,891290,False,,-19495.619372,96
4765,457536,7566.98,2022-04-27,250609,False,,-23046.183693,96
4766,457632,7568.3,2022-05-09,907792,False,,-20387.935274,96
4767,457728,7569.61,2022-06-04,920505,False,,-29250.545045,96
4768,457824,7570.9,2022-06-22,703843,False,,-23553.159131,96
4769,457920,7572.26,2022-07-26,930939,False,,-25455.446307,96
4770,458016,7573.63,2022-08-03,909136,False,,-15924.259743,96
4771,458112,7574.96,2022-08-17,457326,False,,-21321.667779,96
4772,458208,7576.59,2022-09-07,312683,False,,-19063.594908,96
4773,458304,7578.26,2022-09-29,569740,False,,-10120.078909,96
4774,458400,7579.76,2022-10-12,665664,False,,-31052.083083,96
4775,458496,7581.15,2022-10-26,659052,False,,-43214.212184,96
4776,458592,7582.54,2022-11-23,296030,False,,-19853.989701,96
4777,458688,7583.96,2022-12-07,568079,False,,-13526.716902,96
4778,458784,7585.5,2022-12-17,799089,False,,-18687.001728,96
4779,458880,7586.93,2022-12-28,923959,False,,-26184.354397,96
4780,458976,7588.32,2022-01-24,243397,False,,-19164.786623,96
4781,459072,7589.57,2022-02-07,598190,False,,-31546.127821,96
4782,459168,7590.88,2022-02-21,150503,False,,-22269.779645,96
4783,459264,7592.39,2022-03-19,493386,False,,-20087.877667,96
4784,459360,7593.69,2022-04-13,127173,False,,-18461.911737,96
4785,459456,7595.1,2022-04-27,891370,False,,-23601.483168,96
4786,459552,7596.55,2022-05-09,752689,False,,-36329.967523,96
4787,459648,7598.16,2022-06-04,687100,False,,-12867.061194,96
4788,459744,7599.53,2022-06-22,569386,False,,-10800.1434,96
4789,459840,7600.96,2022-07-26,709835,False,,-10360.415467,96
4790,459936,7602.39,2022-08-03,595770,False,,-15496.829032,96
4791,460032,7616.72,2022-08-17,814017,False,,-29117.570389,96
4792,460128,7618.07,2022-09-07,539134,False,,-33740.821537,96
4793,460224,7619.42,2022-09-29,36679,False,,-22258.009879,96
4794,460320,7620.72,2022-10-12,352730,False,,-40589.240059,96
4795,460416,7622.04,2022-10-26,302522,False,,-30764.968175,96
4796,460512,7623.62,2022-11-23,624042,False,,-19647.251985,96
4797,460608,7625.16,2022-12-07,103896,False,,-23868.730182,96
4798,460704,7626.51,2022-12-17,45862,False,,-24514.0963,96
4799,460800,7627.72,2022-12-28,18732,False,,-17438.704856,96
4800,460896,7629.09,2022-01-24,183517,False,,-12474.713656,96
4801,460992,7630.57,2022-02-07,911839,False,,-24802.660862,96
4802,461088,7632.14,2022-02-21,127548,False,,-26435.990346,96
4803,461184,7633.46,2022-03-19,31066,False,,-17019.289406,96
4804,461280,7634.98,2022-04-13,24678,False,,-41010.485306,96
4805,461376,7636.5,2022-04-27,98726,False,,-32231.872813,96
4806,461472,7637.9,2022-05-09,561809,False,,-19137.591446,96
4807,461568,7639.3,2022-06-04,942725,False,,-31198.871797,96
4808,461664,7640.56,2022-06-22,785566,False,,-22123.113535,96
4809,461760,7641.89,2022-07-26,337625,False,,-28170.782719,96
4810,461856,7643.26,2022-08-03,362051,False,,-50520.570929,96
4811,461952,7644.54,2022-08-17,54008,False,,-22516.300229,96
4812,462048,7645.86,2022-09-07,387377,False,,-17570.696621,96
4813,462144,7647.32,2022-09-29,822147,False,,-34267.176925,96
4814,462240,7648.92,2022-10-12,568429,False,,-21296.552683,96
4815,462336,7650.28,2022-10-26,118371,False,,-15910.594513,96
4816,462432,7651.85,2022-11-23,394347,False,,-10532.158972,96
4817,462528,7653.33,2022-12-07,371156,False,,-18894.714317,96
4818,462624,7654.68,2022-12-17,481763,False,,-26625.761275,96
4819,462720,7656.21,2022-12-28,870705,False,,-15000.168845,96
4820,462816,7657.61,2022-01-24,912616,False,,-20154.445746,96
4821,462912,7658.99,2022-02-07,756464,False,,-23756.925433,96
4822,463008,7660.76,2022-02-21,240111,False,,-18681.385227,96
4823,463104,7662.24,2022-03-19,367359,False,,-14251.334909,96
4824,463200,7663.59,2022-04-13,177307,False,,-25797.249233,96
4825,463296,7665.07,2022-04-27,537761,False,,-31282.785899,96
4826,463392,7666.46,2022-05-09,113674,False,,-25575.217761,96
4827,463488,7668.1,2022-06-04,33170,False,,-18051.496853,96
4828,463584,7669.42,2022-06-22,837331,False,,-28231.097759,96
4829,463680,7670.76,2022-07-26,502877,False,,-12507.874348,96
4830,463776,7672.36,2022-08-03,289952,False,,-20117.424101,96
4831,463872,7673.65,2022-08-17,499940,False,,-18977.632569,96
4832,463968,7674.98,2022-09-07,20645,False,,-25064.131552,96
4833,464064,7676.6,2022-09-29,348734,False,,-15962.065976,96
4834,464160,7678.03,2022-10-12,592386,False,,-23903.499518,96
4835,464256,7679.54,2022-10-26,350079,False,,-15928.62982,96
4836,464352,7680.96,2022-11-23,893117,False,,-20286.161646,96
4837,464448,7682.44,2022-12-07,919374,False,,-20072.731659,96
4838,464544,7683.87,2022-12-17,511962,False,,-16389.366915,96
4839,464640,7685.41,2022-12-28,277433,False,,-23730.907377,96
4840,464736,7686.88,2022-01-24,659287,False,,-35528.977293,96
4841,464832,7688.39,2022-02-07,861409,False,,-9302.772491,96
4842,464928,7689.77,2022-02-21,396901,False,,-19780.628538,96
4843,465024,7691.22,2022-03-19,709871,False,,-23876.570743,96
4844,465120,7692.54,2022-04-13,822072,False,,-13546.344835,96
4845,465216,7694.03,2022-04-27,800525,False,,-19350.140831,96
4846,465312,7695.61,2022-05-09,427089,False,,-16626.299627,96
4847,465408,7696.94,2022-06-04,941053,False,,-12693.650525,96
4848,465504,7698.19,2022-06-22,93636,False,,-33463.765058,96
4849,465600,7699.67,2022-07-26,389655,False,,-23086.133727,96
4850,465696,7701.03,2022-08-03,391029,False,,-30146.432572,96
4851,465792,7702.63,2022-08-17,860745,False,,-18618.751092,96
4852,465888,7704.25,2022-09-07,385877,False,,-12506.120312,96
4853,465984,7705.88,2022-09-29,133154,False,,-15359.069938,96
4854,466080,7707.26,2022-10-12,344962,False,,-29854.695382,96
4855,466176,7708.64,2022-10-26,479940,False,,-14114.15838,96
4856,466272,7710.07,2022-11-23,467025,False,,-31865.026052,96
4857,466368,7711.49,2022-12-07,244073,False,,-45178.801476,96
4858,466464,7712.73,2022-12-17,521606,False,,-33150.015309,96
4859,466560,7714.02,2022-12-28,766098,False,,-22880.99414,96
4860,466656,7715.53,2022-01-24,695890,False,,-24310.841919,96
4861,466752,7717.02,2022-02-07,68897,False,,-15154.032563,96
4862,466848,7718.59,2022-02-21,416630,False,,-37488.720206,96
4863,466944,7720.02,2022-03-19,594052,False,,-13221.832266,96
4864,467040,7721.59,2022-04-13,678569,False,,-13597.155451,96
4865,467136,7722.95,2022-04-27,248648,False,,-13539.446073,96
4866,467232,7724.22,2022-05-09,9513,False,,-14753.421541,96
4867,467328,7725.7,2022-06-04,746587,False,,-29555.784451,96
4868,467424,7727.24,2022-06-22,471477,False,,-20815.995847,96
4869,467520,7728.75,2022-07-26,467922,False,,-12057.169419,96
4870,467616,7730.22,2022-08-03,871290,False,,-20526.350627,96
4871,467712,7731.46,2022-08-17,469536,False,,-37861.672424,96
4872,467808,7732.75,2022-09-07,831125,False,,-16951.468378,96
4873,467904,7734.18,2022-09-29,319726,False,,-23793.90062,96
4874,468000,7735.63,2022-10-12,803728,False,,-16336.070861,96
4875,468096,7737.03,2022-10-26,120378,False,,-19500.182886,96
4876,468192,7738.46,2022-11-23,444168,False,,-13149.470482,96
4877,468288,7739.89,2022-12-07,617074,False,,-25320.053724,96
4878,468384,7741.33,2022-12-17,179599,False,,-24395.976479,96
4879,468480,7742.89,2022-12-28,981134,False,,-13927.446147,96
4880,468576,7744.4,2022-01-24,930828,False,,-39504.87965,96
4881,468672,7745.97,2022-02-07,836566,False,,-28262.358661,96
4882,468768,7747.39,2022-02-21,856744,False,,-20212.110156,96
4883,468864,7748.77,2022-03-19,419369,False,,-33221.465886,96
4884,468960,7750.31,2022-04-13,26298,False,,-19293.724456,96
4885,469056,7751.71,2022-04-27,908909,False,,-34579.97277,96
4886,469152,7753.15,2022-05-09,290276,False,,-17940.123121,96
4887,469248,7754.41,2022-06-04,504454,False,,-25141.04468,96
4888,469344,7756.01,2022-06-22,649919,False,,-16718.798275,96
4889,469440,7757.48,2022-07-26,259077,False,,-30711.326969,96
4890,469536,7758.79,2022-08-03,117758,False,,-26697.51986,96
4891,469632,7760.08,2022-08-17,931500,False,,-17556.262859,96
4892,469728,7761.3,2022-09-07,352442,False,,-21182.562355,96
4893,469824,7762.66,2022-09-29,536833,False,,-48625.377008,96
4894,469920,7764.08,2022-10-12,533849,False,,-34533.122769,96
4895,470016,7778.75,2022-10-26,254067,False,,-27455.148957,96
4896,470112,7780.17,2022-11-23,873663,False,,-16861.758164,96
4897,470208,7781.73,2022-12-07,100291,False,,-15978.275507,96
4898,470304,7783.0,2022-12-17,919157,False,,-16528.419968,96
4899,470400,7784.39,2022-12-28,366557,False,,-22045.478085,96
4900,470496,7785.71,2022-01-24,23775,False,,-40439.133447,96
4901,470592,7787.14,2022-02-07,904024,False,,-43598.254391,96
4902,470688,7788.52,2022-02-21,964630,False,,-12523.315746,96
4903,470784,7789.9,2022-03-19,938953,False,,-31386.480492,96
4904,470880,7791.17,2022-04-13,980646,False,,-21120.663922,96
4905,470976,7792.45,2022-04-27,395655,False,,-21384.76706,96
4906,471072,7793.69,2022-05-09,729896,False,,-20736.925568,96
4907,471168,7794.9,2022-06-04,917724,False,,-22724.421805,96
4908,471264,7796.12,2022-06-22,460629,False,,-16343.324585,96
4909,471360,7797.62,2022-07-26,507978,False,,-23654.763136,96
4910,471456,7798.96,2022-08-03,11277,False,,-24770.367238,96
4911,471552,7800.41,2022-08-17,854709,False,,-22611.096375,96
4912,471648,7801.98,2022-09-07,387405,False,,-20944.325344,96
4913,471744,7803.43,2022-09-29,35910,False,,-19200.577849,96
4914,471840,7804.83,2022-10-12,259729,False,,-11785.677773,96
4915,471936,7806.16,2022-10-26,146011,False,,-48835.870926,96
4916,472032,7807.54,2022-11-23,370036,False,,-36701.715176,96
4917,472128,7808.79,2022-12-07,42029,False,,-23043.81586,96
4918,472224,7810.15,2022-12-17,342288,False,,-20513.881503,96
4919,472320,7811.52,2022-12-28,159524,False,,-14159.712429,96
4920,472416,7813.03,2022-01-24,452616,False,,-11844.000603,96
4921,472512,7814.5,2022-02-07,81090,False,,-20420.037812,96
4922,472608,7815.88,2022-02-21,153965,False,,-25330.4551,96
4923,472704,7817.37,2022-03-19,786167,False,,-31650.355143,96
4924,472800,7818.86,2022-04-13,433712,False,,-21553.663122,96
4925,472896,7820.51,2022-04-27,532756,False,,-39596.25728,96
4926,472992,7822.15,2022-05-09,466811,False,,-46751.20604,96
4927,473088,7823.69,2022-06-04,956910,False,,-18506.741158,96
4928,473184,7825.15,2022-06-22,3742,False,,-11557.611739,96
4929,473280,7826.5,2022-07-26,429233,False,,-19907.748934,96
4930,473376,7827.91,2022-08-03,31999,False,,-25381.352971,96
4931,473472,7829.31,2022-08-17,561670,False,,-23984.850511,96
4932,473568,7830.65,2022-09-07,397512,False,,-7540.388452,96
4933,473664,7831.94,2022-09-29,41376,False,,-20395.103101,96
4934,473760,7833.4,2022-10-12,152885,False,,-26595.551279,96
4935,473856,7834.75,2022-10-26,323776,False,,-42733.897158,96
4936,473952,7836.05,2022-11-23,175978,False,,-27773.665594,96
4937,474048,7837.51,2022-12-07,848760,False,,-31371.594525,96
4938,474144,7838.64,2022-12-17,525683,False,,-8917.149103,96
4939,474240,7840.13,2022-12-28,797093,False,,-39016.74156,96
4940,474336,7841.81,2022-01-24,45244,False,,-25643.392697,96
4941,474432,7843.36,2022-02-07,818235,False,,-32503.763936,96
4942,474528,7844.91,2022-02-21,810197,False,,-22674.307191,96
4943,474624,7846.16,2022-03-19,441968,False,,-18097.344148,96
4944,474720,7847.55,2022-04-13,990521,False,,-27001.030521,96
4945,474816,7848.68,2022-04-27,376401,False,,-16848.663671,96
4946,474912,7850.15,2022-05-09,269046,False,,-9189.475735,96
4947,475008,7851.43,2022-06-04,307245,False,,-21480.940054,96
4948,475104,7852.71,2022-06-22,270763,False,,-11284.135387,96
4949,475200,7854.1,2022-07-26,892257,False,,-23631.830858,96
4950,475296,7855.5,2022-08-03,293815,False,,-57954.702014,96
4951,475392,7856.96,2022-08-17,257961,False,,-18564.471337,96
4952,475488,7858.48,2022-09-07,992703,False,,-21768.812581,96
4953,475584,7859.86,2022-09-29,513536,False,,-15076.035368,96
4954,475680,7861.35,2022-10-12,623108,False,,-22972.792344,96
4955,475776,7862.77,2022-10-26,813206,False,,-32193.313023,96
4956,475872,7864.14,2022-11-23,813381,False,,-19744.197079,96
4957,475968,7865.54,2022-12-07,44229,False,,-18293.381114,96
4958,476064,7866.95,2022-12-17,825106,False,,-33501.018827,96
4959,476160,7868.39,2022-12-28,687800,False,,-26610.084472,96
4960,476256,7869.77,2022-01-24,779029,False,,-24889.629703,96
4961,476352,7871.2,2022-02-07,815830,False,,-29029.740735,96
4962,476448,7872.59,2022-02-21,297274,False,,-39469.731993,96
4963,476544,7873.89,2022-03-19,210492,False,,-19081.665083,96
4964,476640,7874.93,2022-04-13,481608,False,,-20634.76594,96
4965,476736,7876.14,2022-04-27,766192,False,,-37535.561005,96
4966,476832,7877.25,2022-05-09,72431,False,,-46900.019681,96
4967,476928,7878.53,2022-06-04,19907,False,,-19173.209992,96
4968,477024,7880.0,2022-06-22,841968,False,,-23964.042509,96
4969,477120,7881.19,2022-07-26,43117,False,,-14513.886754,96
4970,477216,7882.36,2022-08-03,730665,False,,-44867.27303,96
4971,477312,7883.44,2022-08-17,890887,False,,-20319.307159,96
4972,477408,7884.53,2022-09-07,677099,False,,-19329.141531,96
4973,477504,7885.73,2022-09-29,474665,False,,-12749.307852,96
4974,477600,7887.19,2022-10-12,66164,False,,-20079.18342,96
4975,477696,7888.36,2022-10-26,248890,False,,-16974.55805,96
4976,477792,7889.76,2022-11-23,167055,False,,-17431.642923,96
4977,477888,7891.15,2022-12-07,28658,False,,-34928.180649,96
4978,477984,7892.31,2022-12-17,967389,False,,-26280.212925,96
4979,478080,7893.55,2022-12-28,138279,False,,-9539.405155,96
4980,478176,7894.97,2022-01-24,783547,False,,-37548.794064,96
4981,478272,7896.21,2022-02-07,452900,False,,-34235.847459,96
4982,478368,7897.24,2022-02-21,568067,False,,-20603.343455,96
4983,478464,7898.44,2022-03-19,22980,False,,-11450.90847,96
4984,478560,7899.81,2022-04-13,512835,False,,-42645.829265,96
4985,478656,7900.91,2022-04-27,311640,False,,-12699.209183,96
4986,478752,7902.1,2022-05-09,622355,False,,-32674.238924,96
4987,478848,7903.22,2022-06-04,735906,False,,-12499.427215,96
4988,478944,7904.53,2022-06-22,989874,False,,-18576.062017,96
4989,479040,7905.98,2022-07-26,689272,False,,-21312.082147,96
4990,479136,7907.14,2022-08-03,732986,False,,-34029.867788,96
4991,479232,7908.31,2022-08-17,687965,False,,-36029.151061,96
4992,479328,7909.4,2022-09-07,922739,False,,-16328.954691,96
4993,479424,7910.71,2022-09-29,859127,False,,-13325.612212,96
4994,479520,7912.15,2022-10-12,631400,False,,-22700.366443,96
4995,479616,7913.56,2022-10-26,867733,False,,-10486.756529,96
4996,479712,7914.87,2022-11-23,274341,False,,-16457.263048,96
4997,479808,7916.28,2022-12-07,758841,False,,-39110.83167,96
4998,479904,7917.48,2022-12-17,906394,False,,-15718.455799,96
4999,480000,7918.79,2022-12-28,474070,False,,-34646.182836,96
5000,480096,7930.62,2022-01-24,248230,False,,-21883.87135,96
5001,480192,7931.78,2022-02-07,499899,False,,-12837.612854,96
5002,480288,7932.95,2022-02-21,938598,False,,-19376.388343,96
5003,480384,7934.27,2022-03-19,759137,False,,-28645.789242,96
5004,480480,7935.41,2022-04-13,534214,False,,-15909.356758,96
5005,480576,7936.62,2022-04-27,769399,False,,-17450.727861,96
5006,480672,7937.63,2022-05-09,920050,False,,-26082.055463,96
5007,480768,7938.88,2022-06-04,820451,False,,-13109.118689,96
5008,480864,7939.99,2022-06-22,514037,False,,-26824.325786,96
5009,480960,7941.35,2022-07-26,410665,False,,-20984.570012,96
5010,481056,7942.47,2022-08-03,611340,False,,-20811.377363,96
5011,481152,7943.78,2022-08-17,626948,False,,-34420.361702,96
5012,481248,7945.19,2022-09-07,480729,False,,-27597.865552,96
5013,481344,7946.29,2022-09-29,51488,False,,-22352.04304,96
5014,481440,7947.5,2022-10-12,754406,False,,-26497.97007,96
5015,481536,7948.57,2022-10-26,266538,False,,-45588.046192,96
5016,481632,7949.83,2022-11-23,79033,False,,-37765.835486,96
5017,481728,7950.99,2022-12-07,448308,False,,-34933.145132,96
5018,481824,7952.14,2022-12-17,754709,False,,-23321.818762,96
5019,481920,7953.28,2022-12-28,788577,False,,-21388.293481,96
5020,482016,7954.58,2022-01-24,91528,False,,-10360.457576,96
5021,482112,7955.69,2022-02-07,926418,False,,-31310.235947,96
5022,482208,7957.15,2022-02-21,609969,False,,-20518.820324,96
5023,482304,7958.4,2022-03-19,52354,False,,-8963.828134,96
5024,482400,7959.53,2022-04-13,236799,False,,-35003.292516,96
5025,482496,7960.87,2022-04-27,608413,False,,-25577.365852,96
5026,482592,7962.08,2022-05-09,502672,False,,-40001.582934,96
5027,482688,7963.4,2022-06-04,40766,False,,-30173.391657,96
5028,482784,7964.72,2022-06-22,652193,False,,-24191.534038,96
5029,482880,7965.91,2022-07-26,375826,False,,-18191.09003,96
5030,482976,7967.34,2022-08-03,413249,False,,-15124.945904,96
5031,483072,7968.57,2022-08-17,866619,False,,-14967.183289,96
5032,483168,7969.94,2022-09-07,503667,False,,-26523.889836,96
5033,483264,7971.28,2022-09-29,399913,False,,-17779.832633,96
5034,483360,7972.53,2022-10-12,275114,False,,-13590.674423,96
5035,483456,7973.72,2022-10-26,229445,False,,-22413.108073,96
5036,483552,7974.97,2022-11-23,71204,False,,-26370.780611,96
5037,483648,7976.25,2022-12-07,283505,False,,-11010.358714,96
5038,483744,7977.28,2022-12-17,429082,False,,-13426.468634,96
5039,483840,7978.59,2022-12-28,318180,False,,-21757.595036,96
5040,483936,7979.8,2022-01-24,151140,False,,-39591.707049,96
5041,484032,7980.94,2022-02-07,12280,False,,-13339.651706,96
5042,484128,7982.15,2022-02-21,27717,False,,-31431.059876,96
5043,484224,7983.32,2022-03-19,139940,False,,-27436.268784,96
5044,484320,7984.68,2022-04-13,12468,False,,-20846.971179,96
5045,484416,7986.07,2022-04-27,39533,False,,-12420.300593,96
5046,484512,7987.29,2022-05-09,379187,False,,-14184.677467,96
5047,484608,7988.34,2022-06-04,66892,False,,-11856.619835,96
5048,484704,7989.73,2022-06-22,947279,False,,-13086.649374,96
5049,484800,7991.1,2022-07-26,276204,False,,-23771.368801,96
5050,484896,7992.38,2022-08-03,609486,False,,-41952.103232,96
5051,484992,7993.51,2022-08-17,75311,False,,-17248.40388,96
5052,485088,7994.78,2022-09-07,945328,False,,-42269.716256,96
5053,485184,7996.15,2022-09-29,169267,False,,-18333.287644,96
5054,485280,7997.36,2022-10-12,454287,False,,-14709.600251,96
5055,485376,7998.74,2022-10-26,382253,False,,-21551.874975,96
5056,485472,7999.97,2022-11-23,158846,False,,-21743.387204,96
5057,485568,8001.19,2022-12-07,656711,False,,-20615.322152,96
5058,485664,8002.45,2022-12-17,105468,False,,-19498.993715,96
5059,485760,8003.69,2022-12-28,122245,False,,-15669.130389,96
5060,485856,8005.02,2022-01-24,384456,False,,-18271.298183,96
5061,485952,8006.33,2022-02-07,882421,False,,-42088.049887,96
5062,486048,8007.38,2022-02-21,265687,False,,-13521.60651,96
5063,486144,8008.65,2022-03-19,570270,False,,-31767.904307,96
5064,486240,8009.9,2022-04-13,255383,False,,-23639.224286,96
5065,486336,8011.24,2022-04-27,825785,False,,-20561.997715,96
5066,486432,8012.51,2022-05-09,244628,False,,-16371.393121,96
5067,486528,8013.5,2022-06-04,955150,False,,-19243.814885,96
5068,486624,8014.91,2022-06-22,752970,False,,-22112.082269,96
5069,486720,8016.09,2022-07-26,949444,False,,-12301.449385,96
5070,486816,8017.49,2022-08-03,9278,False,,-10572.217084,96
5071,486912,8018.79,2022-08-17,591684,False,,-33905.301415,96
5072,487008,8020.08,2022-09-07,6939,False,,-34986.008621,96
5073,487104,8021.29,2022-09-29,585604,False,,-27055.745648,96
5074,487200,8022.44,2022-10-12,885060,False,,-26083.259769,96
5075,487296,8023.85,2022-10-26,618995,False,,-22993.064624,96
5076,487392,8024.96,2022-11-23,241634,False,,-9931.417887,96
5077,487488,8026.23,2022-12-07,926777,False,,-20842.667383,96
5078,487584,8027.34,2022-12-17,95610,False,,-16988.517348,96
5079,487680,8028.64,2022-12-28,736297,False,,-22644.864866,96
5080,487776,8029.81,2022-01-24,343986,False,,-14309.726896,96
5081,487872,8031.21,2022-02-07,498170,False,,-39996.845393,96
5082,487968,8032.4,2022-02-21,170644,False,,-32240.379393,96
5083,488064,8033.33,2022-03-19,225030,False,,-11711.327674,96
5084,488160,8034.66,2022-04-13,716472,False,,-21534.763362,96
5085,488256,8035.95,2022-04-27,765180,False,,-16782.694868,96
5086,488352,8037.15,2022-05-09,535851,False,,-23024.399229,96
5087,488448,8038.35,2022-06-04,427478,False,,-13422.455934,96
5088,488544,8039.43,2022-06-22,364567,False,,-14586.991982,96
5089,488640,8040.52,2022-07-26,559637,False,,-30910.214816,96
5090,488736,8041.77,2022-08-03,38116,False,,-25881.734054,96
5091,488832,8043.18,2022-08-17,545472,False,,-13005.671594,96
5092,488928,8044.31,2022-09-07,167937,False,,-13596.442541,96
5093,489024,8045.63,2022-09-29,565429,False,,-17732.752475,96
5094,489120,8046.56,2022-10-12,103355,False,,-38642.835865,96
5095,489216,8047.62,2022-10-26,190584,False,,-12705.447321,96
5096,489312,8048.71,2022-11-23,815230,False,,-59081.254079,96
5097,489408,8050.01,2022-12-07,169016,False,,-23257.691885,96
5098,489504,8051.4,2022-12-17,882634,False,,-30109.242564,96
5099,489600,8052.57,2022-12-28,65675,False,,-19423.214722,96
5100,489696,8053.87,2022-01-24,696996,False,,-17298.888775,96
5101,489792,8055.23,2022-02-07,136401,False,,-35536.966734,96
5102,489888,8056.58,2022-02-21,989644,False,,-16239.610593,96
5103,489984,8057.76,2022-03-19,722398,False,,-13755.407227,96
5104,490080,8070.04,2022-04-13,557092,False,,-20169.91156,96
5105,490176,8071.11,2022-04-27,162505,False,,-17004.854508,96
5106,490272,8072.25,2022-05-09,934707,False,,-24059.728914,96
5107,490368,8073.46,2022-06-04,620373,False,,-12899.037181,96
5108,490464,8074.63,2022-06-22,394152,False,,-11188.999952,96
5109,490560,8075.74,2022-07-26,597228,False,,-24511.406806,96
5110,490656,8076.93,2022-08-03,204233,False,,-17527.437155,96
5111,490752,8078.05,2022-08-17,438120,False,,-17774.002676,96
5112,490848,8079.42,2022-09-07,232183,False,,-12180.684497,96
5113,490944,8080.64,2022-09-29,926281,False,,-17260.21832,96
5114,491040,8081.86,2022-10-12,131978,False,,-15086.988166,96
5115,491136,8083.2,2022-10-26,784507,False,,-11400.131757,96
5116,491232,8084.49,2022-11-23,389946,False,,-13638.52058,96
5117,491328,8085.7,2022-12-07,322055,False,,-35113.701187,96
5118,491424,8086.85,2022-12-17,184751,False,,-15432.784891,96
5119,491520,8088.08,2022-12-28,953490,False,,-18151.626782,96
5120,491616,8089.3,2022-01-24,116501,False,,-23945.891888,96
5121,491712,8090.38,2022-02-07,683723,False,,-18047.168344,96
5122,491808,8091.61,2022-02-21,535527,False,,-20914.829608,96
5123,491904,8092.98,2022-03-19,279235,False,,-27464.032195,96
5124,492000,8094.02,2022-04-13,15814,False,,-15940.124099,96
5125,492096,8095.26,2022-04-27,589879,False,,-23075.25596,96
5126,492192,8096.58,2022-05-09,335544,False,,-34506.531455,96
5127,492288,8097.62,2022-06-04,936824,False,,-18539.65686,96
5128,492384,8099.0,2022-06-22,817191,False,,-17971.706087,96
5129,492480,8100.42,2022-07-26,91884,False,,-29417.406776,96
5130,492576,8101.71,2022-08-03,404531,False,,-15789.901863,96
5131,492672,8102.93,2022-08-17,40087,False,,-17621.803802,96
5132,492768,8104.0,2022-09-07,357418,False,,-16410.549855,96
5133,492864,8105.43,2022-09-29,202391,False,,-25135.255122,96
5134,492960,8106.8,2022-10-12,848318,False,,-23247.275179,96
5135,493056,8107.96,2022-10-26,359145,False,,-49467.381229,96
5136,493152,8109.25,2022-11-23,168142,False,,-33527.389575,96
5137,493248,8110.3,2022-12-07,839979,False,,-28417.408645,96
5138,493344,8111.43,2022-12-17,55132,False,,-18715.428825,96
5139,493440,8112.71,2022-12-28,380823,False,,-17703.707519,96
5140,493536,8114.14,2022-01-24,559531,False,,-12508.443247,96
5141,493632,8115.28,2022-02-07,186752,False,,-41798.011399,96
5142,493728,8116.34,2022-02-21,384872,False,,-13190.810608,96
5143,493824,8117.52,2022-03-19,708052,False,,-39085.714459,96
5144,493920,8118.56,2022-04-13,859577,False,,-17325.325488,96
5145,494016,8119.7,2022-04-27,378640,False,,-12529.72567,96
5146,494112,8120.88,2022-05-09,106971,False,,-47868.00494,96
5147,494208,8122.1,2022-06-04,874039,False,,-11501.981565,96
5148,494304,8123.29,2022-06-22,285233,False,,-10087.49379,96
5149,494400,8124.43,2022-07-26,671129,False,,-22543.061037,96
5150,494496,8125.71,2022-08-03,324124,False,,-37998.466665,96
5151,494592,8126.88,2022-08-17,660231,False,,-9149.492279,96
5152,494688,8128.23,2022-09-07,854710,False,,-17464.455746,96
5153,494784,8129.63,2022-09-29,840884,False,,-22964.512859,96
5154,494880,8130.8,2022-10-12,780845,False,,-16658.223201,96
5155,494976,8132.18,2022-10-26,357027,False,,-13983.898378,96
5156,495072,8133.47,2022-11-23,630917,False,,-23066.367859,96
5157,495168,8134.93,2022-12-07,830653,False,,-16103.562614,96
5158,495264,8136.3,2022-12-17,552055,False,,-14844.074039,96
5159,495360,8137.44,2022-12-28,573810,False,,-40355.836397,96
5160,495456,8138.69,2022-01-24,125367,False,,-18927.000517,96
5161,495552,8139.86,2022-02-07,810291,False,,-16814.211454,96
5162,495648,8141.12,2022-02-21,313780,False,,-28970.129538,96
5163,495744,8142.28,2022-03-19,678592,False,,-16609.35308,96
5164,495840,8143.66,2022-04-13,383727,False,,-39865.4896,96
5165,495936,8144.72,2022-04-27,583936,False,,-18549.989946,96
5166,496032,8146.15,2022-05-09,967289,False,,-24300.05605,96
5167,496128,8147.26,2022-06-04,804182,False,,-20306.352733,96
5168,496224,8148.48,2022-06-22,111330,False,,-10044.313834,96
5169,496320,8149.63,2022-07-26,151428,False,,-18640.566849,96
5170,496416,8150.83,2022-08-03,922171,False,,-13418.949222,96
5171,496512,8152.09,2022-08-17,350916,False,,-29253.068399,96
5172,496608,8153.25,2022-09-07,841150,False,,-33018.71454,96
5173,496704,8154.37,2022-09-29,763256,False,,-13312.599169,96
5174,496800,8155.75,2022-10-12,424879,False,,-23566.599096,96
5175,496896,8156.92,2022-10-26,694583,False,,-37653.705552,96
5176,496992,8158.2,2022-11-23,161055,False,,-26251.881798,96
5177,497088,8159.45,2022-12-07,560728,False,,-16299.046276,96
5178,497184,8160.64,2022-12-17,188769,False,,-26573.810754,96
5179,497280,8161.8,2022-12-28,667425,False,,-36790.202611,96
5180,497376,8163.12,2022-01-24,528527,False,,-24982.689328,96
5181,497472,8164.33,2022-02-07,147245,False,,-19595.756495,96
5182,497568,8165.49,2022-02-21,54944,False,,-36527.273431,96
5183,497664,8166.72,2022-03-19,581521,False,,-20667.66669,96
5184,497760,8167.78,2022-04-13,983465,False,,-20044.058956,96
5185,497856,8168.87,2022-04-27,395348,False,,-22110.504324,96
5186,497952,8169.88,2022-05-09,500616,False,,-21457.396903,96
5187,498048,8170.98,2022-06-04,586895,False,,-13273.102147,96
5188,498144,8172.29,2022-06-22,542942,False,,-19895.864959,96
5189,498240,8173.51,2022-07-26,403655,False,,-36476.610794,96
5190,498336,8174.76,2022-08-03,790653,False,,-20794.215442,96
5191,498432,8175.91,2022-08-17,661133,False,,-25370.914659,96
5192,498528,8177.19,2022-09-07,127620,False,,-20066.22553,96
5193,498624,8178.32,2022-09-29,971242,False,,-22874.524861,96
5194,498720,8179.58,2022-10-12,494512,False,,-13429.193754,96
5195,498816,8180.78,2022-10-26,448375,False,,-11425.978403,96
5196,498912,8182.06,2022-11-23,530068,False,,-32156.94639,96
5197,499008,8183.38,2022-12-07,45730,False,,-33111.631812,96
5198,499104,8184.73,2022-12-17,492018,False,,-28882.704077,96
5199,499200,8186.06,2022-12-28,676560,False,,-29406.220448,96
5200,499296,8187.36,2022-01-24,962991,False,,-37652.331492,96
5201,499392,8188.37,2022-02-07,769751,False,,-31839.295903,96
5202,499488,8189.64,2022-02-21,929837,False,,-9662.85627,96
5203,499584,8190.64,2022-03-19,76775,False,,-8017.740732,96
5204,499680,8191.87,2022-04-13,849347,False,,-18333.632724,96
5205,499776,8193.24,2022-04-27,170180,False,,-33402.470201,96
5206,499872,8194.64,2022-05-09,925938,False,,-15538.431747,96
5207,499968,8195.95,2022-06-04,765439,False,,-35925.352983,96
5208,500064,8208.84,2022-06-22,232135,False,,-13079.162401,96
5209,500160,8210.1,2022-07-26,876876,False,,-36165.397923,96
5210,500256,8211.39,2022-08-03,243077,False,,-24340.261465,96
5211,500352,8212.56,2022-08-17,748561,False,,-22350.951332,96
5212,500448,8213.94,2022-09-07,602484,False,,-32439.72899,96
5213,500544,8215.44,2022-09-29,330241,False,,-21973.42517,96
5214,500640,8216.92,2022-10-12,61031,False,,-34540.572839,96
5215,500736,8218.26,2022-10-26,971553,False,,-15247.815381,96
5216,500832,8219.61,2022-11-23,990724,False,,-20741.038015,96
5217,500928,8220.91,2022-12-07,575129,False,,-33048.710398,96
5218,501024,8221.98,2022-12-17,977639,False,,-16395.6077,96
5219,501120,8223.16,2022-12-28,507001,False,,-21590.236418,96
5220,501216,8224.4,2022-01-24,89417,False,,-29686.841543,96
5221,501312,8225.63,2022-02-07,77311,False,,-33083.533452,96
5222,501408,8226.86,2022-02-21,906494,False,,-15288.231156,96
5223,501504,8228.0,2022-03-19,305590,False,,-17479.407481,96
5224,501600,8229.49,2022-04-13,535508,False,,-12471.378784,96
5225,501696,8230.71,2022-04-27,966510,False,,-15592.158292,96
5226,501792,8232.24,2022-05-09,656650,False,,-11351.281318,96
5227,501888,8233.24,2022-06-04,417884,False,,-11331.83962,96
5228,501984,8234.66,2022-06-22,607650,False,,-14913.569714,96
5229,502080,8235.91,2022-07-26,775843,False,,-18547.522045,96
5230,502176,8237.07,2022-08-03,520619,False,,-39506.677572,96
5231,502272,8238.44,2022-08-17,775932,False,,-40162.867352,96
5232,502368,8239.49,2022-09-07,43748,False,,-19185.945525,96
5233,502464,8240.75,2022-09-29,838299,False,,-28874.784172,96
5234,502560,8241.91,2022-10-12,502930,False,,-20136.284722,96
5235,502656,8243.41,2022-10-26,984450,False,,-11426.737451,96
5236,502752,8244.74,2022-11-23,119328,False,,-27384.945183,96
5237,502848,8246.01,2022-12-07,679215,False,,-11365.53084,96
5238,502944,8247.38,2022-12-17,937882,False,,-14619.166706,96
5239,503040,8248.76,2022-12-28,268527,False,,-24258.328438,96
5240,503136,8250.13,2022-01-24,450375,False,,-22297.915151,96
5241,503232,8251.47,2022-02-07,66269,False,,-29916.241219,96
5242,503328,8252.77,2022-02-21,816826,False,,-37562.306545,96
5243,503424,8253.95,2022-03-19,622810,False,,-22153.092955,96
5244,503520,8255.27,2022-04-13,274894,False,,-27891.582977,96
5245,503616,8256.37,2022-04-27,953347,False,,-14634.762262,96
5246,503712,8257.49,2022-05-09,276186,False,,-21589.985012,96
5247,503808,8258.7,2022-06-04,942594,False,,-39625.555324,96
5248,503904,8260.32,2022-06-22,382132,False,,-41064.680333,96
5249,504000,8261.68,2022-07-26,274016,False,,-17922.826742,96
5250,504096,8262.84,2022-08-03,292171,False,,-25104.473679,96
5251,504192,8263.87,2022-08-17,40981,False,,-21933.492988,96
5252,504288,8265.16,2022-09-07,754003,False,,-22250.263941,96
5253,504384,8266.48,2022-09-29,839370,False,,-16960.230994,96
5254,504480,8267.64,2022-10-12,595344,False,,-17787.318355,96
5255,504576,8268.84,2022-10-26,51640,False,,-20363.990619,96
5256,504672,8269.91,2022-11-23,439679,False,,-31668.010573,96
5257,504768,8271.04,2022-12-07,14140,False,,-30038.655858,96
5258,504864,8272.24,2022-12-17,888604,False,,-24110.236428,96
5259,504960,8273.61,2022-12-28,839565,False,,-28961.828044,96
5260,505056,8274.9,2022-01-24,427915,False,,-22580.925491,96
5261,505152,8275.9,2022-02-07,652132,False,,-24451.536828,96
5262,505248,8277.07,2022-02-21,195713,False,,-18261.650803,96
5263,505344,8278.29,2022-03-19,628368,False,,-15700.604182,96
5264,505440,8279.7,2022-04-13,902259,False,,-26120.244678,96
5265,505536,8280.85,2022-04-27,223041,False,,-10456.489538,96
5266,505632,8282.29,2022-05-09,48152,False,,-22200.571397,96
5267,505728,8283.48,2022-06-04,109128,False,,-18079.838937,96
5268,505824,8284.63,2022-06-22,178968,False,,-21208.997954,96
5269,505920,8285.75,2022-07-26,709828,False,,-33969.024612,96
5270,506016,8286.87,2022-08-03,900560,False,,-15319.968978,96
5271,506112,8288.24,2022-08-17,912108,False,,-31996.461474,96
5272,506208,8289.51,2022-09-07,299295,False,,-46952.877304,96
5273,506304,8290.82,2022-09-29,915994,False,,-27975.259172,96
5274,506400,8292.13,2022-10-12,783561,False,,-45940.370363,96
5275,506496,8293.49,2022-10-26,236754,False,,-24220.173987,96
5276,506592,8294.67,2022-11-23,796511,False,,-26229.235109,96
5277,506688,8295.82,2022-12-07,953260,False,,-29958.280676,96
5278,506784,8297.25,2022-12-17,288517,False,,-22343.417778,96
5279,506880,8298.39,2022-12-28,598673,False,,-15646.206769,96
5280,506976,8299.67,2022-01-24,641608,False,,-41422.847911,96
5281,507072,8300.81,2022-02-07,681479,False,,-13174.80272,96
5282,507168,8302.06,2022-02-21,633069,False,,-26108.097607,96
5283,507264,8303.44,2022-03-19,270284,False,,-20886.734332,96
5284,507360,8304.67,2022-04-13,396834,False,,-10002.476583,96
5285,507456,8305.81,2022-04-27,179000,False,,-23572.604716,96
5286,507552,8306.94,2022-05-09,581436,False,,-19788.220953,96
5287,507648,8308.14,2022-06-04,651713,False,,-11343.948023,96
5288,507744,8309.56,2022-06-22,662942,False,,-7482.141924,96
5289,507840,8310.79,2022-07-26,339267,False,,-12801.007263,96
5290,507936,8312.04,2022-08-03,691169,False,,-23452.945383,96
5291,508032,8313.49,2022-08-17,809178,False,,-11812.144752,96
5292,508128,8314.57,2022-09-07,787682,False,,-27972.792303,96
5293,508224,8315.85,2022-09-29,333493,False,,-21242.399672,96
5294,508320,8317.1,2022-10-12,620702,False,,-52323.416435,96
5295,508416,8318.31,2022-10-26,749850,False,,-25486.372148,96
5296,508512,8319.48,2022-11-23,566703,False,,-27179.361504,96
5297,508608,8320.61,2022-12-07,724433,False,,-25012.302114,96
5298,508704,8321.83,2022-12-17,521834,False,,-28070.162436,96
5299,508800,8323.24,2022-12-28,77578,False,,-24690.754656,96
5300,508896,8324.38,2022-01-24,384673,False,,-9980.945193,96
5301,508992,8325.38,2022-02-07,964730,False,,-13031.132991,96
5302,509088,8326.65,2022-02-21,410399,False,,-29648.718402,96
5303,509184,8327.91,2022-03-19,363987,False,,-19367.423673,96
5304,509280,8329.14,2022-04-13,306532,False,,-18379.426933,96
5305,509376,8330.42,2022-04-27,333902,False,,-16610.858944,96
5306,509472,8331.73,2022-05-09,733262,False,,-23581.999571,96
5307,509568,8332.96,2022-06-04,397059,False,,-30056.003191,96
5308,509664,8334.14,2022-06-22,209146,False,,-15227.329652,96
5309,509760,8335.33,2022-07-26,229822,False,,-34646.571283,96
5310,509856,8336.65,2022-08-03,198844,False,,-20392.834946,96
5311,509952,8337.67,2022-08-17,764014,False,,-45924.702607,96
5312,510048,8349.59,2022-09-07,790427,False,,-18126.083613,96
5313,510144,8350.73,2022-09-29,507774,False,,-19718.031581,96
5314,510240,8352.19,2022-10-12,321213,False,,-13020.110913,96
5315,510336,8353.39,2022-10-26,495653,False,,-19131.76253,96
5316,510432,8354.73,2022-11-23,850967,False,,-25165.474018,96
5317,510528,8355.91,2022-12-07,993230,False,,-22416.784432,96
5318,510624,8357.1,2022-12-17,514923,False,,-17194.577344,96
5319,510720,8358.12,2022-12-28,490069,False,,-26863.091305,96
5320,510816,8359.15,2022-01-24,533313,False,,-27372.055482,96
5321,510912,8360.18,2022-02-07,487931,False,,-21839.421252,96
5322,511008,8361.48,2022-02-21,433107,False,,-19288.320268,96
5323,511104,8362.83,2022-03-19,158241,False,,-13592.014384,96
5324,511200,8364.0,2022-04-13,818370,False,,-25919.740347,96
5325,511296,8365.17,2022-04-27,222051,False,,-35208.85202,96
5326,511392,8366.39,2022-05-09,276452,False,,-16545.691906,96
5327,511488,8367.77,2022-06-04,808269,False,,-15232.281524,96
5328,511584,8368.98,2022-06-22,541392,False,,-18753.664764,96
5329,511680,8370.35,2022-07-26,304461,False,,-26471.521625,96
5330,511776,8371.56,2022-08-03,525917,False,,-17799.293715,96
5331,511872,8372.66,2022-08-17,208455,False,,-16059.337199,96
5332,511968,8374.04,2022-09-07,173210,False,,-22103.17288,96
5333,512064,8375.18,2022-09-29,640869,False,,-47443.897492,96
5334,512160,8376.23,2022-10-12,762623,False,,-20976.189681,96
5335,512256,8377.32,2022-10-26,312357,False,,-35877.480593,96
5336,512352,8378.3,2022-11-23,336787,False,,-59445.065917,96
5337,512448,8379.49,2022-12-07,628849,False,,-9048.274863,96
5338,512544,8380.72,2022-12-17,170849,False,,-11644.092259,96
5339,512640,8381.87,2022-12-28,507486,False,,-18975.264724,96
5340,512736,8383.17,2022-01-24,950527,False,,-27752.590525,96
5341,512832,8384.37,2022-02-07,857828,False,,-8315.208566,96
5342,512928,8385.63,2022-02-21,598996,False,,-26009.142807,96
5343,513024,8386.81,2022-03-19,781676,False,,-33871.457688,96
5344,513120,8388.14,2022-04-13,538115,False,,-32086.877137,96
5345,513216,8389.33,2022-04-27,773615,False,,-20832.150235,96
5346,513312,8390.54,2022-05-09,866538,False,,-22995.724702,96
5347,513408,8391.67,2022-06-04,857379,False,,-6692.331016,96
5348,513504,8393.05,2022-06-22,246968,False,,-39751.861752,96
5349,513600,8394.38,2022-07-26,224886,False,,-18612.62429,96
5350,513696,8395.58,2022-08-03,847422,False,,-20690.575696,96
5351,513792,8396.8,2022-08-17,706641,False,,-31963.245848,96
5352,513888,8398.06,2022-09-07,57280,False,,-11970.471972,96
5353,513984,8399.47,2022-09-29,374195,False,,-20520.096323,96
5354,514080,8400.86,2022-10-12,854912,False,,-38961.267298,96
5355,514176,8402.28,2022-10-26,766957,False,,-19419.346629,96
5356,514272,8403.49,2022-11-23,634277,False,,-26956.297329,96
5357,514368,8404.49,2022-12-07,183122,False,,-31546.311921,96
5358,514464,8405.7,2022-12-17,235527,False,,-19085.547701,96
5359,514560,8406.86,2022-12-28,914020,False,,-34604.777779,96
5360,514656,8408.29,2022-01-24,128711,False,,-30792.849794,96
5361,514752,8409.47,2022-02-07,395569,False,,-22259.324397,96
5362,514848,8410.66,2022-02-21,383921,False,,-21028.701757,96
5363,514944,8412.04,2022-03-19,587964,False,,-14336.566134,96
5364,515040,8413.03,2022-04-13,362896,False,,-52030.647517,96
5365,515136,8413.99,2022-04-27,652246,False,,-15340.3144,96
5366,515232,8415.35,2022-05-09,104360,False,,-12950.888541,96
5367,515328,8416.53,2022-06-04,400133,False,,-17012.183285,96
5368,515424,8417.79,2022-06-22,900800,False,,-12727.93139,96
5369,515520,8419.16,2022-07-26,902,False,,-36523.454015,96
5370,515616,8420.35,2022-08-03,454577,False,,-28445.29674,96
5371,515712,8421.77,2022-08-17,240699,False,,-13513.045804,96
5372,515808,8422.83,2022-09-07,31922,False,,-17251.032623,96
5373,515904,8423.82,2022-09-29,242271,False,,-21575.90001,96
5374,516000,8425.02,2022-10-12,298652,False,,-10978.717928,96
5375,516096,8426.37,2022-10-26,977391,False,,-48584.596073,96
5376,516192,8427.7,2022-11-23,505772,False,,-36054.607232,96
5377,516288,8428.68,2022-12-07,701840,False,,-24821.2648,96
5378,516384,8430.06,2022-12-17,833322,False,,-34588.49412,96
5379,516480,8431.32,2022-12-28,38355,False,,-25912.846678,96
5380,516576,8432.64,2022-01-24,709914,False,,-30150.320388,96
5381,516672,8433.75,2022-02-07,44703,False,,-22172.180672,96
5382,516768,8434.79,2022-02-21,538832,False,,-23524.828797,96
5383,516864,8436.11,2022-03-19,193422,False,,-26116.967676,96
5384,516960,8437.41,2022-04-13,407112,False,,-26189.040709,96
5385,517056,8438.76,2022-04-27,566270,False,,-12743.931681,96
5386,517152,8440.08,2022-05-09,609535,False,,-16543.60297,96
5387,517248,8441.36,2022-06-04,469322,False,,-19942.687539,96
5388,517344,8442.71,2022-06-22,113303,False,,-19637.38055,96
5389,517440,8444.02,2022-07-26,721264,False,,-20427.61205,96
5390,517536,8445.26,2022-08-03,634784,False,,-33093.450202,96
5391,517632,8446.58,2022-08-17,932800,False,,-24273.928579,96
5392,517728,8447.91,2022-09-07,370253,False,,-25909.316688,96
5393,517824,8449.21,2022-09-29,919720,False,,-25916.729594,96
5394,517920,8450.54,2022-10-12,316410,False,,-34311.817986,96
5395,518016,8451.75,2022-10-26,211194,False,,-17804.118557,96
5396,518112,8452.89,2022-11-23,867207,False,,-10671.402691,96
5397,518208,8453.93,2022-12-07,151763,False,,-32252.611164,96
5398,518304,8455.18,2022-12-17,109566,False,,-13023.160141,96
5399,518400,8456.61,2022-12-28,476885,False,,-43771.786439,96
5400,518496,8457.77,2022-01-24,284420,False,,-27732.862039,96
5401,518592,8458.89,2022-02-07,436938,False,,-22013.963914,96
5402,518688,8459.92,2022-02-21,427385,False,,-28290.942444,96
5403,518784,8461.24,2022-03-19,662994,False,,-20417.897298,96
5404,518880,8462.39,2022-04-13,254074,False,,-22265.419882,96
5405,518976,8463.5,2022-04-27,637542,False,,-30659.509789,96
5406,519072,8464.69,2022-05-09,279936,False,,-21450.681704,96
5407,519168,8465.97,2022-06-04,181960,False,,-15908.28008,96
5408,519264,8467.08,2022-06-22,260409,False,,-38325.620242,96
5409,519360,8468.33,2022-07-26,666336,False,,-21500.430035,96
5410,519456,8469.72,2022-08-03,487373,False,,-16564.331105,96
5411,519552,8471.07,2022-08-17,827196,False,,-22672.539828,96
5412,519648,8472.38,2022-09-07,780456,False,,-20200.50161,96
5413,519744,8473.57,2022-09-29,563786,False,,-35007.751634,96
5414,519840,8474.77,2022-10-12,280982,False,,-11131.670157,96
5415,519936,8476.08,2022-10-26,625419,False,,-11869.578856,96
5416,520032,8488.16,2022-11-23,57278,False,,-26034.773856,96
5417,520128,8489.26,2022-12-07,912780,False,,-18905.758202,96
5418,520224,8490.54,2022-12-17,647540,False,,-36172.931115,96
5419,520320,8491.67,2022-12-28,514723,False,,-20765.694864,96
5420,520416,8492.97,2022-01-24,760783,False,,-15222.601606,96
5421,520512,8494.26,2022-02-07,878684,False,,-21351.755706,96
5422,520608,8495.39,2022-02-21,265829,False,,-18973.936938,96
5423,520704,8496.64,2022-03-19,968510,False,,-22699.27933,96
5424,520800,8497.93,2022-04-13,532599,False,,-36663.297152,96
5425,520896,8499.07,2022-04-27,269582,False,,-23414.88313,96
5426,520992,8500.11,2022-05-09,415743,False,,-33978.317958,96
5427,521088,8501.43,2022-06-04,204381,False,,-19655.338544,96
5428,521184,8502.84,2022-06-22,167678,False,,-40951.515403,96
5429,521280,8504.13,2022-07-26,202850,False,,-21720.075264,96
5430,521376,8505.34,2022-08-03,845976,False,,-15371.332479,96
5431,521472,8506.33,2022-08-17,718073,False,,-18520.132669,96
5432,521568,8507.69,2022-09-07,550633,False,,-32254.483441,96
5433,521664,8508.9,2022-09-29,390905,False,,-15469.954653,96
5434,521760,8510.08,2022-10-12,653069,False,,-18926.594541,96
5435,521856,8511.15,2022-10-26,374266,False,,-15362.750741,96
5436,521952,8512.39,2022-11-23,34006,False,,-23125.733256,96
5437,522048,8513.73,2022-12-07,572093,False,,-26677.956156,96
5438,522144,8514.81,2022-12-17,792905,False,,-8814.070998,96
5439,522240,8516.26,2022-12-28,233272,False,,-53475.89689,96
5440,522336,8517.57,2022-01-24,558305,False,,-12877.583197,96
5441,522432,8518.62,2022-02-07,675394,False,,-23516.054561,96
5442,522528,8519.75,2022-02-21,975526,False,,-30530.398996,96
5443,522624,8521.09,2022-03-19,137118,False,,-30349.638991,96
5444,522720,8522.42,2022-04-13,784495,False,,-25436.647645,96
5445,522816,8523.76,2022-04-27,60902,False,,-25048.18911,96
5446,522912,8525.0,2022-05-09,638515,False,,-15630.63676,96
5447,523008,8526.28,2022-06-04,82620,False,,-19075.545376,96
5448,523104,8527.52,2022-06-22,102113,False,,-20365.859221,96
5449,523200,8528.98,2022-07-26,836094,False,,-11696.421712,96
5450,523296,8530.26,2022-08-03,841121,False,,-19328.06131,96
5451,523392,8531.65,2022-08-17,506940,False,,-27011.895301,96
5452,523488,8533.03,2022-09-07,228114,False,,-36801.094721,96
5453,523584,8534.04,2022-09-29,343470,False,,-15303.666302,96
5454,523680,8535.28,2022-10-12,808343,False,,-13715.070961,96
5455,523776,8536.59,2022-10-26,226847,False,,-15106.257485,96
5456,523872,8537.73,2022-11-23,300159,False,,-17173.54429,96
5457,523968,8538.87,2022-12-07,372733,False,,-22938.822565,96
5458,524064,8540.15,2022-12-17,233623,False,,-27948.758483,96
5459,524160,8541.45,2022-12-28,192385,False,,-33007.274069,96
5460,524256,8542.6,2022-01-24,255715,False,,-38057.98955,96
5461,524352,8543.85,2022-02-07,122285,False,,-41346.24313,96
5462,524448,8545.16,2022-02-21,166849,False,,-42571.394385,96
5463,524544,8546.4,2022-03-19,542009,False,,-29745.749823,96
5464,524640,8547.57,2022-04-13,435396,False,,-21551.377289,96
5465,524736,8548.88,2022-04-27,88178,False,,-25259.549396,96
5466,524832,8550.09,2022-05-09,431468,False,,-29153.785617,96
5467,524928,8551.09,2022-06-04,644741,False,,-24843.033516,96
5468,525024,8552.53,2022-06-22,309269,False,,-26954.918297,96
5469,525120,8553.64,2022-07-26,745563,False,,-19188.159628,96
5470,525216,8554.69,2022-08-03,437137,False,,-30035.550353,96
5471,525312,8555.97,2022-08-17,718786,False,,-17318.344643,96
5472,525408,8557.35,2022-09-07,839378,False,,-16166.769019,96
5473,525504,8558.34,2022-09-29,575779,False,,-13050.488054,96
5474,525600,8559.59,2022-10-12,615512,False,,-19081.113603,96
5475,525696,8560.75,2022-10-26,316338,False,,-39378.235705,96
5476,525792,8561.89,2022-11-23,72949,False,,-25049.971598,96
5477,525888,8563.06,2022-12-07,224431,False,,-19121.529969,96
5478,525984,8564.35,2022-12-17,331281,False,,-16532.8344,96
5479,526080,8565.77,2022-12-28,31529,False,,-54311.829268,96
5480,526176,8567.01,2022-01-24,538324,False,,-16538.473487,96
5481,526272,8568.1,2022-02-07,987584,False,,-18092.490187,96
5482,526368,8569.42,2022-02-21,405077,False,,-29674.15215,96
5483,526464,8570.79,2022-03-19,288862,False,,-34024.588329,96
5484,526560,8571.96,2022-04-13,555187,False,,-21771.958928,96
5485,526656,8573.27,2022-04-27,863075,False,,-38515.116765,96
5486,526752,8574.68,2022-05-09,976689,False,,-17600.415352,96
5487,526848,8576.04,2022-06-04,122421,False,,-39543.180649,96
5488,526944,8577.11,2022-06-22,684025,False,,-11802.225428,96
5489,527040,8578.57,2022-07-26,630857,False,,-22334.999483,96
5490,527136,8579.84,2022-08-03,621023,False,,-20948.017707,96
5491,527232,8581.25,2022-08-17,251936,False,,-33127.916906,96
5492,527328,8582.42,2022-09-07,946876,False,,-20772.218441,96
5493,527424,8583.7,2022-09-29,349528,False,,-14719.663343,96
5494,527520,8584.98,2022-10-12,617904,False,,-25590.461677,96
5495,527616,8586.09,2022-10-26,985959,False,,-38406.95116,96
5496,527712,8587.23,2022-11-23,24898,False,,-11485.281462,96
5497,527808,8588.67,2022-12-07,675071,False,,-22936.37475,96
5498,527904,8589.99,2022-12-17,448573,False,,-16488.609701,96
5499,528000,8591.28,2022-12-28,901386,False,,-21895.838333,96
5500,528096,8592.62,2022-01-24,940389,False,,-27796.247397,96
5501,528192,8593.97,2022-02-07,119205,False,,-27999.482768,96
5502,528288,8595.24,2022-02-21,785961,False,,-18110.450755,96
5503,528384,8596.59,2022-03-19,631332,False,,-15017.001193,96
5504,528480,8597.78,2022-04-13,121360,False,,-35075.779007,96
5505,528576,8598.86,2022-04-27,789318,False,,-25819.192267,96
5506,528672,8600.15,2022-05-09,967973,False,,-37287.243384,96
5507,528768,8601.25,2022-06-04,27687,False,,-43598.654365,96
5508,528864,8602.48,2022-06-22,626135,False,,-28342.519486,96
5509,528960,8603.6,2022-07-26,303735,False,,-29373.355064,96
5510,529056,8604.94,2022-08-03,482006,False,,-26527.943173,96
5511,529152,8606.3,2022-08-17,983322,False,,-16239.244593,96
5512,529248,8607.37,2022-09-07,501783,False,,-21456.235525,96
5513,529344,8608.73,2022-09-29,894754,False,,-36145.832868,96
5514,529440,8610.11,2022-10-12,499851,False,,-12726.738493,96
5515,529536,8611.45,2022-10-26,139728,False,,-54782.13977,96
5516,529632,8612.64,2022-11-23,907734,False,,-21258.903066,96
5517,529728,8614.11,2022-12-07,918913,False,,-19853.595924,96
5518,529824,8615.17,2022-12-17,104690,False,,-13679.886295,96
5519,529920,8616.27,2022-12-28,265935,False,,-22020.122668,96
5520,530016,8629.26,2022-01-24,687768,False,,-30853.954029,96
5521,530112,8630.51,2022-02-07,15024,False,,-26745.651099,96
5522,530208,8631.76,2022-02-21,697485,False,,-26224.597113,96
5523,530304,8633.04,2022-03-19,333041,False,,-10628.831657,96
5524,530400,8634.22,2022-04-13,838913,False,,-28471.319353,96
5525,530496,8635.61,2022-04-27,896483,False,,-17045.170427,96
5526,530592,8636.62,2022-05-09,399115,False,,-17500.371567,96
5527,530688,8637.73,2022-06-04,284613,False,,-16298.894416,96
5528,530784,8639.06,2022-06-22,861239,False,,-25551.039876,96
5529,530880,8640.26,2022-07-26,754166,False,,-14506.231137,96
5530,530976,8641.64,2022-08-03,298454,False,,-31228.472965,96
5531,531072,8642.88,2022-08-17,877243,False,,-24624.92613,96
5532,531168,8644.19,2022-09-07,802689,False,,-29466.871771,96
5533,531264,8645.61,2022-09-29,226477,False,,-17286.154933,96
5534,531360,8646.89,2022-10-12,640744,False,,-29238.225147,96
5535,531456,8648.09,2022-10-26,781284,False,,-22852.926124,96
5536,531552,8649.26,2022-11-23,837889,False,,-24270.973237,96
5537,531648,8650.57,2022-12-07,17599,False,,-19790.100836,96
5538,531744,8651.95,2022-12-17,690451,False,,-67090.578868,96
5539,531840,8653.23,2022-12-28,403177,False,,-25399.63867,96
5540,531936,8654.36,2022-01-24,435190,False,,-16526.475976,96
5541,532032,8655.52,2022-02-07,594708,False,,-21221.405614,96
5542,532128,8656.88,2022-02-21,268277,False,,-23730.295096,96
5543,532224,8657.98,2022-03-19,548443,False,,-22899.17143,96
5544,532320,8659.27,2022-04-13,399030,False,,-24061.125592,96
5545,532416,8660.4,2022-04-27,476329,False,,-31000.252181,96
5546,532512,8661.65,2022-05-09,626331,False,,-16122.33982,96
5547,532608,8662.97,2022-06-04,161310,False,,-18170.034494,96
5548,532704,8664.26,2022-06-22,6207,False,,-19778.19942,96
5549,532800,8665.59,2022-07-26,85803,False,,-32549.41098,96
5550,532896,8666.94,2022-08-03,90608,False,,-38332.059268,96
5551,532992,8668.32,2022-08-17,501097,False,,-35784.749992,96
5552,533088,8669.57,2022-09-07,653331,False,,-12820.302484,96
5553,533184,8670.8,2022-09-29,569716,False,,-22649.005428,96
5554,533280,8672.02,2022-10-12,494168,False,,-17991.78703,96
5555,533376,8673.24,2022-10-26,792074,False,,-30857.417675,96
5556,533472,8674.45,2022-11-23,32863,False,,-28186.824283,96
5557,533568,8675.79,2022-12-07,3215,False,,-16723.445278,96
5558,533664,8677.07,2022-12-17,448384,False,,-22295.696843,96
5559,533760,8678.15,2022-12-28,925119,False,,-16224.242759,96
5560,533856,8679.5,2022-01-24,639342,False,,-27834.841702,96
5561,533952,8680.7,2022-02-07,60272,False,,-15178.035656,96
5562,534048,8681.92,2022-02-21,651939,False,,-40792.079426,96
5563,534144,8682.96,2022-03-19,376330,False,,-13651.940803,96
5564,534240,8684.25,2022-04-13,882664,False,,-25710.082624,96
5565,534336,8685.58,2022-04-27,489287,False,,-52276.103861,96
5566,534432,8686.69,2022-05-09,654917,False,,-46666.203331,96
5567,534528,8687.87,2022-06-04,668334,False,,-30498.146793,96
5568,534624,8689.15,2022-06-22,874339,False,,-34634.431998,96
5569,534720,8690.46,2022-07-26,387513,False,,-40589.230069,96
5570,534816,8691.63,2022-08-03,860550,False,,-19280.991756,96
5571,534912,8692.93,2022-08-17,764345,False,,-15905.499689,96
5572,535008,8694.27,2022-09-07,316296,False,,-38700.985232,96
5573,535104,8695.34,2022-09-29,178755,False,,-41167.265709,96
5574,535200,8696.54,2022-10-12,371208,False,,-40551.561638,96
5575,535296,8697.83,2022-10-26,283830,False,,-10088.770516,96
5576,535392,8698.96,2022-11-23,253502,False,,-31521.70413,96
5577,535488,8700.08,2022-12-07,305515,False,,-51702.597549,96
5578,535584,8701.1,2022-12-17,51882,False,,-10286.252084,96
5579,535680,8702.37,2022-12-28,387774,False,,-45754.088126,96
5580,535776,8703.59,2022-01-24,716820,False,,-18875.524781,96
5581,535872,8704.7,2022-02-07,976903,False,,-30343.246586,96
5582,535968,8705.71,2022-02-21,226172,False,,-26485.855883,96
5583,536064,8707.01,2022-03-19,276206,False,,-26410.594762,96
5584,536160,8708.3,2022-04-13,185399,False,,-16386.562847,96
5585,536256,8709.4,2022-04-27,177296,False,,-17160.583155,96
5586,536352,8710.54,2022-05-09,203960,False,,-35533.425785,96
5587,536448,8711.71,2022-06-04,751995,False,,-19933.186205,96
5588,536544,8712.96,2022-06-22,682339,False,,-23526.752458,96
5589,536640,8713.94,2022-07-26,508330,False,,-24254.945876,96
5590,536736,8715.06,2022-08-03,449851,False,,-26867.93692,96
5591,536832,8716.38,2022-08-17,328602,False,,-22136.353582,96
5592,536928,8717.63,2022-09-07,310491,False,,-16196.023954,96
5593,537024,8718.78,2022-09-29,724267,False,,-12609.19967,96
5594,537120,8720.1,2022-10-12,757888,False,,-30063.6912,96
5595,537216,8721.53,2022-10-26,737744,False,,-15599.874416,96
5596,537312,8722.63,2022-11-23,993596,False,,-24610.18902,96
5597,537408,8723.79,2022-12-07,583879,False,,-20611.438713,96
5598,537504,8724.98,2022-12-17,168116,False,,-22169.910889,96
5599,537600,8726.08,2022-12-28,797915,False,,-43271.417635,96
5600,537696,8727.23,2022-01-24,332651,False,,-26475.411548,96
5601,537792,8728.44,2022-02-07,436720,False,,-31212.593752,96
5602,537888,8729.85,2022-02-21,60380,False,,-14574.137197,96
5603,537984,8730.91,2022-03-19,815392,False,,-32790.122775,96
5604,538080,8732.17,2022-04-13,460665,False,,-16607.868544,96
5605,538176,8733.62,2022-04-27,751063,False,,-21037.732739,96
5606,538272,8735.04,2022-05-09,319018,False,,-24705.214431,96
5607,538368,8736.41,2022-06-04,33335,False,,-54519.675187,96
5608,538464,8737.51,2022-06-22,934600,False,,-23216.138546,96
5609,538560,8738.73,2022-07-26,902588,False,,-18690.547354,96
5610,538656,8740.05,2022-08-03,472709,False,,-14509.815214,96
5611,538752,8741.33,2022-08-17,267689,False,,-33719.438759,96
5612,538848,8742.52,2022-09-07,612558,False,,-14411.66732,96
5613,538944,8743.85,2022-09-29,60697,False,,-20593.508285,96
5614,539040,8745.13,2022-10-12,223708,False,,-21320.736509,96
5615,539136,8746.23,2022-10-26,885872,False,,-31837.443197,96
5616,539232,8747.49,2022-11-23,491994,False,,-17691.35633,96
5617,539328,8748.81,2022-12-07,144290,False,,-33734.899811,96
5618,539424,8750.08,2022-12-17,413489,False,,-20410.807784,96
5619,539520,8751.29,2022-12-28,414604,False,,-37862.006717,96
5620,539616,8752.24,2022-01-24,335840,False,,-22349.056362,96
5621,539712,8753.37,2022-02-07,116506,False,,-29840.856531,96
5622,539808,8754.56,2022-02-21,788850,False,,-20728.086432,96
5623,539904,8755.91,2022-03-19,95040,False,,-20999.031018,96
5624,540000,8757.09,2022-04-13,756811,False,,-25444.92925,96
5625,540096,8769.14,2022-04-27,230518,False,,-31034.430331,96
5626,540192,8770.44,2022-05-09,468568,False,,-20355.522909,96
5627,540288,8771.65,2022-06-04,502895,False,,-15224.126521,96
5628,540384,8773.0,2022-06-22,828244,False,,-34533.323932,96
5629,540480,8774.44,2022-07-26,943601,False,,-47732.2337,96
5630,540576,8775.74,2022-08-03,108688,False,,-24304.300286,96
5631,540672,8776.99,2022-08-17,461101,False,,-36557.869313,96
5632,540768,8778.13,2022-09-07,968459,False,,-20680.793161,96
5633,540864,8779.39,2022-09-29,556945,False,,-14157.066669,96
5634,540960,8780.66,2022-10-12,794089,False,,-15653.978077,96
5635,541056,8781.94,2022-10-26,225618,False,,-24547.599748,96
5636,541152,8783.18,2022-11-23,65585,False,,-44751.128661,96
5637,541248,8784.34,2022-12-07,118739,False,,-26074.17638,96
5638,541344,8785.29,2022-12-17,428545,False,,-18421.148029,96
5639,541440,8786.63,2022-12-28,324275,False,,-30814.113866,96
5640,541536,8787.8,2022-01-24,374756,False,,-22477.467788,96
5641,541632,8788.78,2022-02-07,379218,False,,-12836.588649,96
5642,541728,8789.88,2022-02-21,314473,False,,-18228.514168,96
5643,541824,8791.09,2022-03-19,984173,False,,-41085.773497,96
5644,541920,8792.31,2022-04-13,471673,False,,-24606.30052,96
5645,542016,8793.48,2022-04-27,923879,False,,-19260.133999,96
5646,542112,8794.64,2022-05-09,262061,False,,-16711.491951,96
5647,542208,8795.97,2022-06-04,297203,False,,-14379.485418,96
5648,542304,8797.32,2022-06-22,296111,False,,-49506.799695,96
5649,542400,8798.65,2022-07-26,350360,False,,-27937.572961,96
5650,542496,8799.82,2022-08-03,320022,False,,-25553.835837,96
5651,542592,8801.11,2022-08-17,950851,False,,-22631.509565,96
5652,542688,8802.55,2022-09-07,494980,False,,-22171.548024,96
5653,542784,8803.73,2022-09-29,19635,False,,-24741.568921,96
5654,542880,8805.13,2022-10-12,150613,False,,-21570.498315,96
5655,542976,8806.4,2022-10-26,227492,False,,-25887.34272,96
5656,543072,8807.65,2022-11-23,990922,False,,-22207.56309,96
5657,543168,8808.91,2022-12-07,266369,False,,-16278.1414,96
5658,543264,8810.14,2022-12-17,28696,False,,-21050.269851,96
5659,543360,8811.55,2022-12-28,180733,False,,-21817.794952,96
5660,543456,8812.99,2022-01-24,128442,False,,-22102.328733,96
5661,543552,8814.14,2022-02-07,97913,False,,-18699.328185,96
5662,543648,8815.36,2022-02-21,213459,False,,-11696.000609,96
5663,543744,8816.5,2022-03-19,817820,False,,-20621.898011,96
5664,543840,8817.75,2022-04-13,20838,False,,-23546.922679,96
5665,543936,8819.01,2022-04-27,181602,False,,-26375.037843,96
5666,544032,8820.21,2022-05-09,423141,False,,-12084.16334,96
5667,544128,8821.61,2022-06-04,174316,False,,-13430.181422,96
5668,544224,8822.67,2022-06-22,843835,False,,-22933.409693,96
5669,544320,8823.77,2022-07-26,792448,False,,-18175.278924,96
5670,544416,8824.79,2022-08-03,20083,False,,-25204.630756,96
5671,544512,8826.06,2022-08-17,686284,False,,-36060.553542,96
5672,544608,8827.26,2022-09-07,364750,False,,-19071.754078,96
5673,544704,8828.52,2022-09-29,774125,False,,-10747.160125,96
5674,544800,8829.79,2022-10-12,403760,False,,-33209.508955,96
5675,544896,8831.17,2022-10-26,981493,False,,-21009.506001,96
5676,544992,8832.56,2022-11-23,101608,False,,-51470.679464,96
5677,545088,8833.84,2022-12-07,159998,False,,-26409.787539,96
5678,545184,8835.09,2022-12-17,594332,False,,-17111.858363,96
5679,545280,8836.2,2022-12-28,73625,False,,-20974.794848,96
5680,545376,8837.58,2022-01-24,808004,False,,-24413.030712,96
5681,545472,8838.96,2022-02-07,810510,False,,-34074.865301,96
5682,545568,8840.07,2022-02-21,722943,False,,-15293.593999,96
5683,545664,8841.25,2022-03-19,190744,False,,-16932.5939,96
5684,545760,8842.67,2022-04-13,945269,False,,-31438.553616,96
5685,545856,8843.92,2022-04-27,673528,False,,-22847.750525,96
5686,545952,8845.05,2022-05-09,489647,False,,-40215.509551,96
5687,546048,8846.37,2022-06-04,528025,False,,-17577.626938,96
5688,546144,8847.54,2022-06-22,743608,False,,-34234.654992,96
5689,546240,8848.74,2022-07-26,716919,False,,-18307.996751,96
5690,546336,8849.96,2022-08-03,963941,False,,-59063.538307,96
5691,546432,8851.16,2022-08-17,412283,False,,-22479.036418,96
5692,546528,8852.15,2022-09-07,649742,False,,-23312.0276,96
5693,546624,8853.4,2022-09-29,874252,False,,-23457.011938,96
5694,546720,8854.43,2022-10-12,500171,False,,-15753.227335,96
5695,546816,8855.77,2022-10-26,103825,False,,-36036.486938,96
5696,546912,8857.12,2022-11-23,679029,False,,-17208.26941,96
5697,547008,8858.44,2022-12-07,168969,False,,-41670.237632,96
5698,547104,8860.08,2022-12-17,49154,False,,-20080.270849,96
5699,547200,8861.34,2022-12-28,929338,False,,-11813.262207,96
5700,547296,8862.49,2022-01-24,336717,False,,-12496.896982,96
5701,547392,8863.97,2022-02-07,297899,False,,-22282.004422,96
5702,547488,8865.14,2022-02-21,843408,False,,-28879.292997,96
5703,547584,8866.43,2022-03-19,553782,False,,-24168.423551,96
5704,547680,8867.71,2022-04-13,255344,False,,-29432.107313,96
5705,547776,8869.01,2022-04-27,888183,False,,-23631.146446,96
5706,547872,8870.33,2022-05-09,335992,False,,-23437.307523,96
5707,547968,8871.43,2022-06-04,278081,False,,-19463.251544,96
5708,548064,8872.82,2022-06-22,312302,False,,-25529.471113,96
5709,548160,8874.13,2022-07-26,957125,False,,-15629.382061,96
5710,548256,8875.36,2022-08-03,737308,False,,-36463.714697,96
5711,548352,8876.55,2022-08-17,421261,False,,-25764.211253,96
5712,548448,8877.87,2022-09-07,301975,False,,-32521.242539,96
5713,548544,8879.18,2022-09-29,788200,False,,-16878.080827,96
5714,548640,8880.62,2022-10-12,522263,False,,-39610.600389,96
5715,548736,8881.81,2022-10-26,699361,False,,-17473.801872,96
5716,548832,8882.88,2022-11-23,467859,False,,-20332.451381,96
5717,548928,8884.01,2022-12-07,999355,False,,-19278.85302,96
5718,549024,8885.39,2022-12-17,815462,False,,-24116.374013,96
5719,549120,8886.8,2022-12-28,635454,False,,-31080.971626,96
5720,549216,8887.88,2022-01-24,679731,False,,-18292.692869,96
5721,549312,8889.28,2022-02-07,894395,False,,-25011.117573,96
5722,549408,8890.61,2022-02-21,381428,False,,-14146.619826,96
5723,549504,8891.72,2022-03-19,747855,False,,-11094.873436,96
5724,549600,8892.93,2022-04-13,167545,False,,-25069.779062,96
5725,549696,8894.0,2022-04-27,215766,False,,-15711.967665,96
5726,549792,8895.13,2022-05-09,89122,False,,-15500.408778,96
5727,549888,8896.34,2022-06-04,755787,False,,-27953.059845,96
5728,549984,8897.64,2022-06-22,321557,False,,-22195.738017,96
5729,550080,8910.09,2022-07-26,523213,False,,-14185.616901,96
5730,550176,8911.21,2022-08-03,935671,False,,-32023.192064,96
5731,550272,8912.61,2022-08-17,32673,False,,-35645.664017,96
5732,550368,8913.83,2022-09-07,247431,False,,-12395.515331,96
5733,550464,8915.21,2022-09-29,604223,False,,-20992.935059,96
5734,550560,8916.59,2022-10-12,569859,False,,-24660.427829,96
5735,550656,8917.8,2022-10-26,44717,False,,-14208.827762,96
5736,550752,8919.12,2022-11-23,767686,False,,-12455.01172,96
5737,550848,8920.42,2022-12-07,680292,False,,-17679.27443,96
5738,550944,8921.65,2022-12-17,395373,False,,-21320.174053,96
5739,551040,8922.67,2022-12-28,850498,False,,-19278.924032,96
5740,551136,8923.92,2022-01-24,113127,False,,-45716.320184,96
5741,551232,8925.21,2022-02-07,697074,False,,-27495.863883,96
5742,551328,8926.63,2022-02-21,618470,False,,-42490.742561,96
5743,551424,8927.86,2022-03-19,184200,False,,-8165.713876,96
5744,551520,8928.87,2022-04-13,255899,False,,-18667.328261,96
5745,551616,8930.23,2022-04-27,995034,False,,-33590.694272,96
5746,551712,8931.31,2022-05-09,186608,False,,-21471.751442,96
5747,551808,8932.44,2022-06-04,848558,False,,-32717.932583,96
5748,551904,8933.8,2022-06-22,325424,False,,-29957.866881,96
5749,552000,8935.06,2022-07-26,535235,False,,-17242.819195,96
5750,552096,8936.33,2022-08-03,517188,False,,-29544.890637,96
5751,552192,8937.44,2022-08-17,300963,False,,-20409.942838,96
5752,552288,8938.52,2022-09-07,25880,False,,-29840.499149,96
5753,552384,8939.88,2022-09-29,280181,False,,-15777.601823,96
5754,552480,8941.18,2022-10-12,598037,False,,-17752.928548,96
5755,552576,8942.42,2022-10-26,179448,False,,-24439.545773,96
5756,552672,8943.75,2022-11-23,509354,False,,-13911.667263,96
5757,552768,8945.12,2022-12-07,465754,False,,-10241.852849,96
5758,552864,8946.54,2022-12-17,414946,False,,-29672.308857,96
5759,552960,8947.89,2022-12-28,22785,False,,-15758.870432,96
5760,553056,8949.26,2022-01-24,959443,False,,-22013.930834,96
5761,553152,8950.52,2022-02-07,538932,False,,-32827.27172,96
5762,553248,8951.88,2022-02-21,196169,False,,-25910.243409,96
5763,553344,8953.15,2022-03-19,181036,False,,-11838.712466,96
5764,553440,8954.48,2022-04-13,36648,False,,-18407.150144,96
5765,553536,8955.74,2022-04-27,743369,False,,-22670.273405,96
5766,553632,8956.92,2022-05-09,5544,False,,-32933.523351,96
5767,553728,8958.2,2022-06-04,824720,False,,-22180.827139,96
5768,553824,8959.25,2022-06-22,990372,False,,-19419.336125,96
5769,553920,8960.56,2022-07-26,413434,False,,-24070.21241,96
5770,554016,8961.84,2022-08-03,227455,False,,-28644.268399,96
5771,554112,8963.02,2022-08-17,43157,False,,-25035.184981,96
5772,554208,8964.2,2022-09-07,8320,False,,-17966.721785,96
5773,554304,8965.35,2022-09-29,461094,False,,-32507.893813,96
5774,554400,8966.52,2022-10-12,328266,False,,-58860.39171,96
5775,554496,8967.86,2022-10-26,920455,False,,-14437.983212,96
5776,554592,8969.07,2022-11-23,27180,False,,-44207.840694,96
5777,554688,8970.29,2022-12-07,652368,False,,-26988.778537,96
5778,554784,8971.38,2022-12-17,760359,False,,-37497.857441,96
5779,554880,8972.41,2022-12-28,284201,False,,-26011.562,96
5780,554976,8973.58,2022-01-24,148384,False,,-29477.41496,96
5781,555072,8974.99,2022-02-07,669359,False,,-20956.952882,96
5782,555168,8976.16,2022-02-21,525337,False,,-17612.242735,96
5783,555264,8977.31,2022-03-19,579707,False,,-36084.862485,96
5784,555360,8978.57,2022-04-13,193396,False,,-38868.625593,96
5785,555456,8979.75,2022-04-27,65213,False,,-21995.05942,96
5786,555552,8981.23,2022-05-09,842332,False,,-47848.870356,96
5787,555648,8982.5,2022-06-04,178178,False,,-14706.79669,96
5788,555744,8983.8,2022-06-22,463328,False,,-20946.704582,96
5789,555840,8985.13,2022-07-26,9467,False,,-27587.60251,96
5790,555936,8986.46,2022-08-03,394859,False,,-18520.930448,96
5791,556032,8987.68,2022-08-17,902233,False,,-16895.199014,96
5792,556128,8988.91,2022-09-07,282676,False,,-15792.165673,96
5793,556224,8989.97,2022-09-29,459546,False,,-13427.331472,96
5794,556320,8991.39,2022-10-12,369621,False,,-14205.352209,96
5795,556416,8992.56,2022-10-26,422166,False,,-44151.352774,96
5796,556512,8993.86,2022-11-23,872408,False,,-40619.693359,96
5797,556608,8995.22,2022-12-07,734376,False,,-13518.332755,96
5798,556704,8996.53,2022-12-17,622702,False,,-10154.512064,96
5799,556800,8997.82,2022-12-28,289497,False,,-14737.324428,96
5800,556896,8999.07,2022-01-24,599879,False,,-35205.972985,96
5801,556992,9000.53,2022-02-07,106693,False,,-23720.980169,96
5802,557088,9001.84,2022-02-21,658147,False,,-24213.237755,96
5803,557184,9003.0,2022-03-19,326064,False,,-26497.249112,96
5804,557280,9004.09,2022-04-13,684945,False,,-9477.291417,96
5805,557376,9005.28,2022-04-27,500987,False,,-19995.104368,96
5806,557472,9006.5,2022-05-09,191099,False,,-19690.107178,96
5807,557568,9007.77,2022-06-04,789017,False,,-27528.406322,96
5808,557664,9009.23,2022-06-22,992920,False,,-34403.094801,96
5809,557760,9010.67,2022-07-26,364051,False,,-14608.178301,96
5810,557856,9011.74,2022-08-03,130845,False,,-25357.260101,96
5811,557952,9012.9,2022-08-17,143075,False,,-34645.594756,96
5812,558048,9013.98,2022-09-07,562751,False,,-25119.485007,96
5813,558144,9015.23,2022-09-29,737814,False,,-17526.353897,96
5814,558240,9016.51,2022-10-12,301328,False,,-26340.510028,96
5815,558336,9017.78,2022-10-26,355639,False,,-11821.311987,96
5816,558432,9018.99,2022-11-23,997177,False,,-12797.964646,96
5817,558528,9020.09,2022-12-07,10003,False,,-20153.000345,96
5818,558624,9021.04,2022-12-17,178936,False,,-32422.558157,96
5819,558720,9022.19,2022-12-28,650611,False,,-12341.304747,96
5820,558816,9023.28,2022-01-24,845073,False,,-23600.632201,96
5821,558912,9024.65,2022-02-07,416775,False,,-21848.44602,96
5822,559008,9025.85,2022-02-21,294261,False,,-20185.871765,96
5823,559104,9027.0,2022-03-19,807167,False,,-8702.87185,96
5824,559200,9028.29,2022-04-13,833389,False,,-28117.550001,96
5825,559296,9029.67,2022-04-27,282406,False,,-23298.360081,96
5826,559392,9031.07,2022-05-09,809984,False,,-17381.05894,96
5827,559488,9032.51,2022-06-04,389906,False,,-14539.086614,96
5828,559584,9033.9,2022-06-22,617590,False,,-20464.863894,96
5829,559680,9035.25,2022-07-26,951461,False,,-40581.430086,96
5830,559776,9036.48,2022-08-03,293314,False,,-14812.952167,96
5831,559872,9037.72,2022-08-17,432581,False,,-19596.24173,96
5832,559968,9039.0,2022-09-07,989902,False,,-23007.396648,96
5833,560064,9052.1,2022-09-29,930680,False,,-28605.847077,96
5834,560160,9053.4,2022-10-12,493028,False,,-14826.388011,96
5835,560256,9054.46,2022-10-26,105103,False,,-25986.212124,96
5836,560352,9055.51,2022-11-23,767883,False,,-16675.677013,96
5837,560448,9056.81,2022-12-07,910222,False,,-17388.763415,96
5838,560544,9058.2,2022-12-17,325000,False,,-24888.672904,96
5839,560640,9059.23,2022-12-28,272650,False,,-25991.416619,96
5840,560736,9060.45,2022-01-24,980952,False,,-33679.394688,96
5841,560832,9061.71,2022-02-07,966949,False,,-23756.146784,96
5842,560928,9062.92,2022-02-21,833995,False,,-23345.156545,96
5843,561024,9064.01,2022-03-19,528129,False,,-15992.480145,96
5844,561120,9065.13,2022-04-13,5158,False,,-17042.635453,96
5845,561216,9066.4,2022-04-27,802822,False,,-14816.753797,96
5846,561312,9067.77,2022-05-09,933538,False,,-27753.798197,96
5847,561408,9069.2,2022-06-04,594957,False,,-24772.590452,96
5848,561504,9070.34,2022-06-22,942565,False,,-19021.39499,96
5849,561600,9071.65,2022-07-26,684242,False,,-39019.446942,96
5850,561696,9072.75,2022-08-03,791408,False,,-14025.798001,96
5851,561792,9074.06,2022-08-17,647682,False,,-23743.074129,96
5852,561888,9075.39,2022-09-07,152305,False,,-29973.908286,96
5853,561984,9076.53,2022-09-29,898330,False,,-12279.834147,96
5854,562080,9077.95,2022-10-12,108888,False,,-19250.169346,96
5855,562176,9078.92,2022-10-26,33790,False,,-19110.907604,96
5856,562272,9080.17,2022-11-23,276758,False,,-40333.942676,96
5857,562368,9081.37,2022-12-07,241704,False,,-14906.484479,96
5858,562464,9082.84,2022-12-17,20000,False,,-32424.012949,96
5859,562560,9084.21,2022-12-28,128137,False,,-19875.013383,96
5860,562656,9085.5,2022-01-24,92536,False,,-24222.459342,96
5861,562752,9086.85,2022-02-07,503171,False,,-20033.086647,96
5862,562848,9088.2,2022-02-21,137666,False,,-26016.230054,96
5863,562944,9089.46,2022-03-19,776855,False,,-20501.183632,96
5864,563040,9090.58,2022-04-13,40267,False,,-11340.738345,96
5865,563136,9091.74,2022-04-27,582825,False,,-17509.334565,96
5866,563232,9092.84,2022-05-09,351962,False,,-19825.820551,96
5867,563328,9094.02,2022-06-04,383679,False,,-22132.627271,96
5868,563424,9095.15,2022-06-22,442342,False,,-29927.91247,96
5869,563520,9096.48,2022-07-26,661463,False,,-22861.180259,96
5870,563616,9097.64,2022-08-03,524235,False,,-22466.880271,96
5871,563712,9098.66,2022-08-17,720190,False,,-12748.002705,96
5872,563808,9099.89,2022-09-07,761018,False,,-23730.855764,96
5873,563904,9100.98,2022-09-29,240112,False,,-40703.737231,96
5874,564000,9102.15,2022-10-12,66386,False,,-22277.869971,96
5875,564096,9103.43,2022-10-26,749174,False,,-20803.291021,96
5876,564192,9104.66,2022-11-23,984809,False,,-10823.721252,96
5877,564288,9105.86,2022-12-07,854562,False,,-27011.100687,96
5878,564384,9107.07,2022-12-17,154868,False,,-11722.856387,96
5879,564480,9108.29,2022-12-28,126688,False,,-20720.229591,96
5880,564576,9109.62,2022-01-24,914678,False,,-22803.813427,96
5881,564672,9110.81,2022-02-07,545785,False,,-33228.578515,96
5882,564768,9112.17,2022-02-21,530676,False,,-23803.690923,96
5883,564864,9113.53,2022-03-19,655401,False,,-23276.958309,96
5884,564960,9114.63,2022-04-13,691587,False,,-19252.427435,96
5885,565056,9115.79,2022-04-27,601503,False,,-20678.248975,96
5886,565152,9117.03,2022-05-09,507901,False,,-19078.114901,96
5887,565248,9118.09,2022-06-04,892075,False,,-11661.015132,96
5888,565344,9119.43,2022-06-22,129660,False,,-21543.876039,96
5889,565440,9120.62,2022-07-26,753047,False,,-30702.169826,96
5890,565536,9121.88,2022-08-03,661057,False,,-15909.843877,96
5891,565632,9123.18,2022-08-17,322746,False,,-17734.15243,96
5892,565728,9124.49,2022-09-07,659457,False,,-15330.996273,96
5893,565824,9125.51,2022-09-29,289703,False,,-21783.75439,96
5894,565920,9126.82,2022-10-12,238903,False,,-20368.008257,96
5895,566016,9128.19,2022-10-26,750333,False,,-17931.632224,96
5896,566112,9129.17,2022-11-23,470020,False,,-21883.160825,96
5897,566208,9130.16,2022-12-07,767817,False,,-17859.112668,96
5898,566304,9131.26,2022-12-17,91864,False,,-14259.203441,96
5899,566400,9132.56,2022-12-28,240382,False,,-20920.910121,96
5900,566496,9133.94,2022-01-24,905494,False,,-33067.554845,96
5901,566592,9135.35,2022-02-07,33973,False,,-10316.086909,96
5902,566688,9136.63,2022-02-21,725059,False,,-14850.379922,96
5903,566784,9137.91,2022-03-19,169920,False,,-31919.002802,96
5904,566880,9139.02,2022-04-13,758749,False,,-13926.430365,96
5905,566976,9140.11,2022-04-27,609796,False,,-26340.50987,96
5906,567072,9141.38,2022-05-09,315284,False,,-27716.865774,96
5907,567168,9142.39,2022-06-04,205699,False,,-23815.905348,96
5908,567264,9143.49,2022-06-22,217621,False,,-23624.213119,96
5909,567360,9144.82,2022-07-26,778782,False,,-26268.659559,96
5910,567456,9146.0,2022-08-03,622767,False,,-34153.243852,96
5911,567552,9147.33,2022-08-17,678803,False,,-16244.057987,96
5912,567648,9148.3,2022-09-07,712758,False,,-19934.668702,96
5913,567744,9149.54,2022-09-29,288986,False,,-22505.899868,96
5914,567840,9150.96,2022-10-12,725060,False,,-37413.329677,96
5915,567936,9152.11,2022-10-26,16315,False,,-16262.075623,96
5916,568032,9153.2,2022-11-23,6457,False,,-20106.738542,96
5917,568128,9154.43,2022-12-07,657104,False,,-45011.830657,96
5918,568224,9155.56,2022-12-17,327099,False,,-20621.107965,96
5919,568320,9156.75,2022-12-28,295484,False,,-19968.72436,96
5920,568416,9157.77,2022-01-24,572128,False,,-14153.208997,96
5921,568512,9159.01,2022-02-07,74412,False,,-53384.801751,96
5922,568608,9160.4,2022-02-21,366757,False,,-41925.708059,96
5923,568704,9161.85,2022-03-19,852903,False,,-46477.391709,96
5924,568800,9163.24,2022-04-13,401858,False,,-21348.006768,96
5925,568896,9164.59,2022-04-27,594232,False,,-16206.45936,96
5926,568992,9165.69,2022-05-09,571988,False,,-24026.432769,96
5927,569088,9166.93,2022-06-04,105106,False,,-18208.474783,96
5928,569184,9168.29,2022-06-22,967220,False,,-20707.057214,96
5929,569280,9169.47,2022-07-26,956627,False,,-19390.900292,96
5930,569376,9170.52,2022-08-03,716798,False,,-14659.834769,96
5931,569472,9171.86,2022-08-17,491119,False,,-9371.542789,96
5932,569568,9173.26,2022-09-07,324731,False,,-11201.2108,96
5933,569664,9174.64,2022-09-29,738260,False,,-26944.370585,96
5934,569760,9175.81,2022-10-12,548959,False,,-11527.110952,96
5935,569856,9177.08,2022-10-26,853591,False,,-27430.970592,96
5936,569952,9178.39,2022-11-23,188995,False,,-25365.527128,96
5937,570048,9191.48,2022-12-07,303928,False,,-45262.178451,96
5938,570144,9192.71,2022-12-17,352055,False,,-18084.504087,96
5939,570240,9193.86,2022-12-28,532241,False,,-18103.365677,96
5940,570336,9195.2,2022-01-24,542004,False,,-17793.270322,96
5941,570432,9196.49,2022-02-07,268191,False,,-25941.627707,96
5942,570528,9197.85,2022-02-21,24498,False,,-15753.956503,96
5943,570624,9199.22,2022-03-19,371373,False,,-7478.187008,96
5944,570720,9200.44,2022-04-13,94351,False,,-38191.588511,96
5945,570816,9201.71,2022-04-27,841753,False,,-26440.889907,96
5946,570912,9203.04,2022-05-09,198612,False,,-17253.032153,96
5947,571008,9204.21,2022-06-04,864578,False,,-23648.414506,96
5948,571104,9205.37,2022-06-22,731640,False,,-27990.789864,96
5949,571200,9206.48,2022-07-26,321218,False,,-22185.364236,96
5950,571296,9207.74,2022-08-03,826032,False,,-22153.459219,96
5951,571392,9208.88,2022-08-17,45352,False,,-28572.277518,96
5952,571488,9210.21,2022-09-07,906864,False,,-15792.582745,96
5953,571584,9211.31,2022-09-29,930834,False,,-15654.132814,96
5954,571680,9212.5,2022-10-12,506617,False,,-17849.629501,96
5955,571776,9213.66,2022-10-26,518962,False,,-22430.756353,96
5956,571872,9214.97,2022-11-23,554446,False,,-24723.708598,96
5957,571968,9216.2,2022-12-07,486497,False,,-17952.568511,96
5958,572064,9217.58,2022-12-17,302490,False,,-27648.289728,96
5959,572160,9219.02,2022-12-28,901814,False,,-52903.582698,96
5960,572256,9220.31,2022-01-24,483966,False,,-28272.307398,96
5961,572352,9221.76,2022-02-07,849678,False,,-15993.83364,96
5962,572448,9223.0,2022-02-21,132219,False,,-20530.040707,96
5963,572544,9224.14,2022-03-19,837271,False,,-15913.394806,96
5964,572640,9225.3,2022-04-13,999685,False,,-10444.962399,96
5965,572736,9226.64,2022-04-27,63371,False,,-17502.180602,96
5966,572832,9227.76,2022-05-09,482451,False,,-16897.694709,96
5967,572928,9229.18,2022-06-04,628438,False,,-15629.637391,96
5968,573024,9230.35,2022-06-22,785011,False,,-15119.031013,96
5969,573120,9231.64,2022-07-26,25196,False,,-13497.505565,96
5970,573216,9232.74,2022-08-03,867943,False,,-29566.268022,96
5971,573312,9233.91,2022-08-17,503604,False,,-11601.298355,96
5972,573408,9235.01,2022-09-07,792932,False,,-24031.016486,96
5973,573504,9236.06,2022-09-29,525553,False,,-37763.281253,96
5974,573600,9237.11,2022-10-12,170122,False,,-31080.208247,96
5975,573696,9238.28,2022-10-26,590862,False,,-24291.043521,96
5976,573792,9239.52,2022-11-23,371512,False,,-27290.471681,96
5977,573888,9240.93,2022-12-07,39912,False,,-23979.778777,96
5978,573984,9242.33,2022-12-17,967458,False,,-12440.445279,96
5979,574080,9243.42,2022-12-28,726514,False,,-28279.931178,96
5980,574176,9244.66,2022-01-24,759715,False,,-20202.94141,96
5981,574272,9245.74,2022-02-07,403692,False,,-16718.649728,96
5982,574368,9246.87,2022-02-21,689849,False,,-31162.68184,96
5983,574464,9248.19,2022-03-19,728357,False,,-15706.257072,96
5984,574560,9249.6,2022-04-13,210208,False,,-15417.060065,96
5985,574656,9250.73,2022-04-27,937320,False,,-41331.067711,96
5986,574752,9252.0,2022-05-09,246479,False,,-24611.326046,96
5987,574848,9253.22,2022-06-04,858561,False,,-37983.214737,96
5988,574944,9254.45,2022-06-22,108755,False,,-8672.112108,96
5989,575040,9255.9,2022-07-26,678535,False,,-10985.483514,96
5990,575136,9257.24,2022-08-03,812438,False,,-22657.718304,96
5991,575232,9258.66,2022-08-17,504223,False,,-21299.156408,96
5992,575328,9259.83,2022-09-07,938924,False,,-11850.251396,96
5993,575424,9261.16,2022-09-29,282098,False,,-26391.809853,96
5994,575520,9262.44,2022-10-12,406400,False,,-31966.689621,96
5995,575616,9263.7,2022-10-26,787610,False,,-40785.161016,96
5996,575712,9264.9,2022-11-23,561504,False,,-35925.79638,96
5997,575808,9266.02,2022-12-07,931175,False,,-19148.026319,96
5998,575904,9267.34,2022-12-17,895920,False,,-28295.779912,96
5999,576000,9268.35,2022-12-28,29663,False,,-18951.700479,96
6000,576096,9269.35,2022-01-24,322430,False,,-22756.698423,96
6001,576192,9270.64,2022-02-07,619264,False,,-19335.268039,96
6002,576288,9271.84,2022-02-21,143129,False,,-24745.305969,96
6003,576384,9273.26,2022-03-19,935933,False,,-23968.594476,96
6004,576480,9274.48,2022-04-13,510487,False,,-23011.487136,96
6005,576576,9275.83,2022-04-27,753477,False,,-12730.611593,96
6006,576672,9277.29,2022-05-09,70454,False,,-18817.570419,96
6007,576768,9278.54,2022-06-04,680903,False,,-14179.315617,96
6008,576864,9279.98,2022-06-22,622447,False,,-28775.450432,96
6009,576960,9281.25,2022-07-26,137383,False,,-24488.247347,96
6010,577056,9282.4,2022-08-03,458513,False,,-24570.740246,96
6011,577152,9283.73,2022-08-17,490949,False,,-23273.73703,96
6012,577248,9285.09,2022-09-07,603853,False,,-12007.766075,96
6013,577344,9286.3,2022-09-29,772956,False,,-17007.297484,96
6014,577440,9287.33,2022-10-12,702165,False,,-22175.621825,96
6015,577536,9288.45,2022-10-26,818759,False,,-29435.440207,96
6016,577632,9289.84,2022-11-23,120956,False,,-25485.147187,96
6017,577728,9291.15,2022-12-07,141168,False,,-22592.810692,96
6018,577824,9292.59,2022-12-17,600903,False,,-20246.291136,96
6019,577920,9294.03,2022-12-28,828041,False,,-14386.458515,96
6020,578016,9295.22,2022-01-24,581497,False,,-22101.840931,96
6021,578112,9296.29,2022-02-07,196189,False,,-17611.095358,96
6022,578208,9297.43,2022-02-21,406816,False,,-12333.125954,96
6023,578304,9298.73,2022-03-19,740642,False,,-36315.616206,96
6024,578400,9299.91,2022-04-13,184600,False,,-13508.09874,96
6025,578496,9301.0,2022-04-27,235102,False,,-12178.316153,96
6026,578592,9302.41,2022-05-09,811531,False,,-32208.694651,96
6027,578688,9303.5,2022-06-04,624669,False,,-13597.293015,96
6028,578784,9304.83,2022-06-22,304172,False,,-39062.436696,96
6029,578880,9306.0,2022-07-26,417641,False,,-23629.245578,96
6030,578976,9307.36,2022-08-03,453344,False,,-16975.836845,96
6031,579072,9308.68,2022-08-17,687001,False,,-21474.86941,96
6032,579168,9309.88,2022-09-07,208370,False,,-7575.117574,96
6033,579264,9311.03,2022-09-29,454825,False,,-8847.489092,96
6034,579360,9312.14,2022-10-12,632300,False,,-19938.374171,96
6035,579456,9313.3,2022-10-26,473063,False,,-20841.853786,96
6036,579552,9314.66,2022-11-23,540537,False,,-17282.773957,96
6037,579648,9315.98,2022-12-07,991431,False,,-15858.819817,96
6038,579744,9317.33,2022-12-17,953019,False,,-18892.473516,96
6039,579840,9318.57,2022-12-28,37442,False,,-24273.403656,96
6040,579936,9319.92,2022-01-24,757305,False,,-17812.357734,96
6041,580032,9332.23,2022-02-07,417619,False,,-26662.405732,96
6042,580128,9333.37,2022-02-21,637521,False,,-17413.185619,96
6043,580224,9334.53,2022-03-19,170393,False,,-21793.230764,96
6044,580320,9335.96,2022-04-13,809045,False,,-40958.432944,96
6045,580416,9337.42,2022-04-27,226620,False,,-19600.675321,96
6046,580512,9338.92,2022-05-09,690472,False,,-32308.956289,96
6047,580608,9340.15,2022-06-04,666539,False,,-18415.978069,96
6048,580704,9341.49,2022-06-22,65496,False,,-22022.893424,96
6049,580800,9342.74,2022-07-26,434200,False,,-13131.090783,96
6050,580896,9343.74,2022-08-03,295513,False,,-11865.612844,96
6051,580992,9344.89,2022-08-17,275305,False,,-21988.630066,96
6052,581088,9346.06,2022-09-07,661628,False,,-18472.220425,96
6053,581184,9347.17,2022-09-29,476666,False,,-13809.973697,96
6054,581280,9348.47,2022-10-12,573927,False,,-23322.290533,96
6055,581376,9349.72,2022-10-26,716837,False,,-21680.960461,96
6056,581472,9350.81,2022-11-23,446023,False,,-37765.632391,96
6057,581568,9352.21,2022-12-07,486903,False,,-11588.68542,96
6058,581664,9353.52,2022-12-17,2979,False,,-17298.198219,96
6059,581760,9354.52,2022-12-28,534415,False,,-36486.555897,96
6060,581856,9355.72,2022-01-24,105007,False,,-24336.558237,96
6061,581952,9356.94,2022-02-07,650604,False,,-30696.64255,96
6062,582048,9358.08,2022-02-21,187152,False,,-14279.709569,96
6063,582144,9359.52,2022-03-19,75704,False,,-17578.201333,96
6064,582240,9360.9,2022-04-13,349394,False,,-15933.702869,96
6065,582336,9362.19,2022-04-27,84158,False,,-29939.712951,96
6066,582432,9363.26,2022-05-09,125364,False,,-32993.088271,96
6067,582528,9364.54,2022-06-04,317801,False,,-22624.961661,96
6068,582624,9365.71,2022-06-22,501273,False,,-31431.571633,96
6069,582720,9366.82,2022-07-26,671087,False,,-30953.842054,96
6070,582816,9367.98,2022-08-03,80703,False,,-22103.649209,96
6071,582912,9369.16,2022-08-17,526498,False,,-12741.916203,96
6072,583008,9370.29,2022-09-07,408144,False,,-21318.452569,96
6073,583104,9371.54,2022-09-29,428015,False,,-19929.353369,96
6074,583200,9372.8,2022-10-12,146665,False,,-35852.229362,96
6075,583296,9374.05,2022-10-26,818403,False,,-26117.519974,96
6076,583392,9375.16,2022-11-23,765297,False,,-24496.943547,96
6077,583488,9376.3,2022-12-07,476633,False,,-17939.150058,96
6078,583584,9377.48,2022-12-17,858698,False,,-16042.696883,96
6079,583680,9378.55,2022-12-28,200970,False,,-11444.334583,96
6080,583776,9379.85,2022-01-24,302492,False,,-17851.352855,96
6081,583872,9381.06,2022-02-07,50888,False,,-16077.805084,96
6082,583968,9382.35,2022-02-21,539828,False,,-36418.404603,96
6083,584064,9383.47,2022-03-19,469797,False,,-19207.202245,96
6084,584160,9384.62,2022-04-13,170424,False,,-26514.553994,96
6085,584256,9385.73,2022-04-27,371673,False,,-17063.372095,96
6086,584352,9386.8,2022-05-09,962964,False,,-9898.150001,96
6087,584448,9388.06,2022-06-04,591649,False,,-14892.217349,96
6088,584544,9389.47,2022-06-22,860992,False,,-18056.805924,96
6089,584640,9390.78,2022-07-26,7796,False,,-30627.605116,96
6090,584736,9392.14,2022-08-03,269878,False,,-28761.082576,96
6091,584832,9393.4,2022-08-17,500699,False,,-22662.206178,96
6092,584928,9394.62,2022-09-07,728971,False,,-14997.094677,96
6093,585024,9395.72,2022-09-29,73502,False,,-41980.423498,96
6094,585120,9397.08,2022-10-12,704775,False,,-15370.771708,96
6095,585216,9398.33,2022-10-26,693574,False,,-38302.494338,96
6096,585312,9399.45,2022-11-23,700554,False,,-20801.653671,96
6097,585408,9400.73,2022-12-07,50917,False,,-29415.152529,96
6098,585504,9401.87,2022-12-17,606208,False,,-18547.410805,96
6099,585600,9403.27,2022-12-28,692253,False,,-26707.764966,96
6100,585696,9404.63,2022-01-24,407068,False,,-9943.278403,96
6101,585792,9405.88,2022-02-07,124942,False,,-60584.524297,96
6102,585888,9407.07,2022-02-21,212093,False,,-16313.454795,96
6103,585984,9408.41,2022-03-19,944207,False,,-14993.086867,96
6104,586080,9409.65,2022-04-13,52730,False,,-18008.399015,96
6105,586176,9411.14,2022-04-27,959902,False,,-41186.182905,96
6106,586272,9412.56,2022-05-09,829912,False,,-9622.988656,96
6107,586368,9413.84,2022-06-04,784419,False,,-14079.199713,96
6108,586464,9415.29,2022-06-22,26727,False,,-13852.621183,96
6109,586560,9416.58,2022-07-26,675271,False,,-19913.907295,96
6110,586656,9417.6,2022-08-03,877110,False,,-32368.251973,96
6111,586752,9418.91,2022-08-17,402774,False,,-17448.148583,96
6112,586848,9420.28,2022-09-07,540533,False,,-12744.14691,96
6113,586944,9421.72,2022-09-29,839121,False,,-20810.875006,96
6114,587040,9422.86,2022-10-12,507750,False,,-22031.346104,96
6115,587136,9424.13,2022-10-26,607468,False,,-23000.90533,96
6116,587232,9425.53,2022-11-23,628847,False,,-46716.541818,96
6117,587328,9426.82,2022-12-07,441095,False,,-43323.453549,96
6118,587424,9428.16,2022-12-17,558435,False,,-19111.814679,96
6119,587520,9429.47,2022-12-28,482681,False,,-26616.840724,96
6120,587616,9430.72,2022-01-24,731855,False,,-38901.046064,96
6121,587712,9432.2,2022-02-07,691500,False,,-31018.637971,96
6122,587808,9433.76,2022-02-21,774120,False,,-26733.156239,96
6123,587904,9435.05,2022-03-19,379500,False,,-31838.674077,96
6124,588000,9436.32,2022-04-13,312001,False,,-32849.436723,96
6125,588096,9437.5,2022-04-27,767249,False,,-24421.049342,96
6126,588192,9438.87,2022-05-09,423288,False,,-32906.758164,96
6127,588288,9439.91,2022-06-04,429821,False,,-10987.377874,96
6128,588384,9441.36,2022-06-22,899933,False,,-17912.043769,96
6129,588480,9442.45,2022-07-26,361009,False,,-19226.579791,96
6130,588576,9443.55,2022-08-03,546019,False,,-26136.65166,96
6131,588672,9444.88,2022-08-17,23663,False,,-22067.746915,96
6132,588768,9446.21,2022-09-07,507021,False,,-13444.731946,96
6133,588864,9447.44,2022-09-29,262167,False,,-26813.086436,96
6134,588960,9448.55,2022-10-12,689926,False,,-20596.871391,96
6135,589056,9449.83,2022-10-26,19713,False,,-16518.71697,96
6136,589152,9450.97,2022-11-23,67053,False,,-19864.551405,96
6137,589248,9452.03,2022-12-07,877787,False,,-23723.787939,96
6138,589344,9453.24,2022-12-17,243205,False,,-13981.808865,96
6139,589440,9454.52,2022-12-28,173597,False,,-9526.408217,96
6140,589536,9455.96,2022-01-24,639666,False,,-37196.53512,96
6141,589632,9457.41,2022-02-07,425784,False,,-39123.226089,96
6142,589728,9458.73,2022-02-21,15340,False,,-21439.243833,96
6143,589824,9460.24,2022-03-19,482933,False,,-25674.971133,96
6144,589920,9461.67,2022-04-13,201676,False,,-29522.989174,96
6145,590016,9473.96,2022-04-27,378718,False,,-38501.865847,96
6146,590112,9475.33,2022-05-09,700289,False,,-28807.571489,96
6147,590208,9476.53,2022-06-04,596333,False,,-13858.848572,96
6148,590304,9477.71,2022-06-22,2864,False,,-28687.244659,96
6149,590400,9479.15,2022-07-26,441068,False,,-21629.324517,96
6150,590496,9480.43,2022-08-03,540996,False,,-21410.811105,96
6151,590592,9481.48,2022-08-17,648320,False,,-35529.253535,96
6152,590688,9482.83,2022-09-07,884441,False,,-26216.014404,96
6153,590784,9484.12,2022-09-29,831457,False,,-22138.186534,96
6154,590880,9485.24,2022-10-12,624287,False,,-15216.836183,96
6155,590976,9486.23,2022-10-26,136818,False,,-14555.61183,96
6156,591072,9487.47,2022-11-23,383333,False,,-18693.031861,96
6157,591168,9488.68,2022-12-07,896965,False,,-30161.680397,96
6158,591264,9490.1,2022-12-17,520607,False,,-24625.292033,96
6159,591360,9491.62,2022-12-28,700529,False,,-33496.123026,96
6160,591456,9492.96,2022-01-24,318299,False,,-25415.42462,96
6161,591552,9494.23,2022-02-07,995333,False,,-11293.884742,96
6162,591648,9495.41,2022-02-21,185163,False,,-28013.200547,96
6163,591744,9496.72,2022-03-19,904906,False,,-6899.73828,96
6164,591840,9497.87,2022-04-13,350730,False,,-11060.175994,96
6165,591936,9499.11,2022-04-27,473708,False,,-24824.781509,96
6166,592032,9500.2,2022-05-09,498637,False,,-13989.786873,96
6167,592128,9501.58,2022-06-04,432908,False,,-21310.405107,96
6168,592224,9502.86,2022-06-22,503916,False,,-26834.521693,96
6169,592320,9504.27,2022-07-26,72118,False,,-20250.382177,96
6170,592416,9505.45,2022-08-03,641929,False,,-15218.984753,96
6171,592512,9506.91,2022-08-17,718471,False,,-17923.298219,96
6172,592608,9508.2,2022-09-07,241085,False,,-45491.201481,96
6173,592704,9509.3,2022-09-29,832538,False,,-14890.510586,96
6174,592800,9510.52,2022-10-12,833612,False,,-39297.672585,96
6175,592896,9511.77,2022-10-26,651619,False,,-17088.193835,96
6176,592992,9513.0,2022-11-23,704204,False,,-47593.614911,96
6177,593088,9514.21,2022-12-07,643101,False,,-21598.832864,96
6178,593184,9515.34,2022-12-17,196907,False,,-24057.254386,96
6179,593280,9516.59,2022-12-28,318633,False,,-14440.699914,96
6180,593376,9517.93,2022-01-24,990146,False,,-21001.62407,96
6181,593472,9519.22,2022-02-07,40648,False,,-15683.823642,96
6182,593568,9520.35,2022-02-21,562412,False,,-13811.192901,96
6183,593664,9521.52,2022-03-19,132379,False,,-22525.224492,96
6184,593760,9522.7,2022-04-13,757770,False,,-41650.16324,96
6185,593856,9523.75,2022-04-27,61168,False,,-41560.672301,96
6186,593952,9524.77,2022-05-09,202261,False,,-28653.670263,96
6187,594048,9525.88,2022-06-04,662580,False,,-13068.111502,96
6188,594144,9527.21,2022-06-22,708879,False,,-24506.415677,96
6189,594240,9528.26,2022-07-26,845376,False,,-60310.106293,96
6190,594336,9529.45,2022-08-03,664217,False,,-19076.554863,96
6191,594432,9530.65,2022-08-17,69841,False,,-19790.876879,96
6192,594528,9531.82,2022-09-07,422200,False,,-18817.226681,96
6193,594624,9533.11,2022-09-29,790793,False,,-40597.233489,96
6194,594720,9534.22,2022-10-12,700026,False,,-20070.30011,96
6195,594816,9535.61,2022-10-26,655560,False,,-21897.07478,96
6196,594912,9536.95,2022-11-23,296933,False,,-19110.35051,96
6197,595008,9538.37,2022-12-07,564259,False,,-20824.033158,96
6198,595104,9539.7,2022-12-17,452832,False,,-20860.500483,96
6199,595200,9540.88,2022-12-28,402461,False,,-23437.73883,96
6200,595296,9542.14,2022-01-24,447906,False,,-30826.292978,96
6201,595392,9543.39,2022-02-07,493672,False,,-20599.564314,96
6202,595488,9544.55,2022-02-21,675512,False,,-39327.664583,96
6203,595584,9545.82,2022-03-19,530059,False,,-12304.044764,96
6204,595680,9547.26,2022-04-13,481062,False,,-18252.918674,96
6205,595776,9548.61,2022-04-27,950133,False,,-28541.739171,96
6206,595872,9549.73,2022-05-09,592526,False,,-38879.32545,96
6207,595968,9551.0,2022-06-04,250187,False,,-20733.077948,96
6208,596064,9552.26,2022-06-22,941948,False,,-44597.095358,96
6209,596160,9553.44,2022-07-26,707321,False,,-29366.358611,96
6210,596256,9554.9,2022-08-03,931255,False,,-27019.053363,96
6211,596352,9556.26,2022-08-17,745524,False,,-22569.670303,96
6212,596448,9557.5,2022-09-07,641284,False,,-21861.032557,96
6213,596544,9558.75,2022-09-29,684669,False,,-29114.590565,96
6214,596640,9559.93,2022-10-12,555862,False,,-22026.030719,96
6215,596736,9561.25,2022-10-26,634968,False,,-40227.422513,96
6216,596832,9562.54,2022-11-23,736295,False,,-27889.762671,96
6217,596928,9563.82,2022-12-07,864948,False,,-15683.592861,96
6218,597024,9565.13,2022-12-17,88456,False,,-15753.902275,96
6219,597120,9566.24,2022-12-28,542131,False,,-19590.587044,96
6220,597216,9567.39,2022-01-24,673308,False,,-20505.307272,96
6221,597312,9568.71,2022-02-07,25041,False,,-13058.228683,96
6222,597408,9569.95,2022-02-21,348134,False,,-15871.404705,96
6223,597504,9571.28,2022-03-19,631536,False,,-19757.528907,96
6224,597600,9572.56,2022-04-13,632139,False,,-37340.400878,96
6225,597696,9573.66,2022-04-27,469757,False,,-21285.66004,96
6226,597792,9575.11,2022-05-09,632856,False,,-21294.920785,96
6227,597888,9576.4,2022-06-04,744779,False,,-33394.73152,96
6228,597984,9577.83,2022-06-22,422601,False,,-17635.241021,96
6229,598080,9579.0,2022-07-26,626106,False,,-22235.985577,96
6230,598176,9580.21,2022-08-03,943123,False,,-21696.978738,96
6231,598272,9581.49,2022-08-17,721304,False,,-26752.214051,96
6232,598368,9582.72,2022-09-07,720000,False,,-10397.27615,96
6233,598464,9583.98,2022-09-29,655163,False,,-15784.426232,96
6234,598560,9585.09,2022-10-12,924975,False,,-31068.507849,96
6235,598656,9586.42,2022-10-26,265604,False,,-19957.22097,96
6236,598752,9587.85,2022-11-23,318971,False,,-28273.880383,96
6237,598848,9589.16,2022-12-07,368409,False,,-17759.295211,96
6238,598944,9590.28,2022-12-17,701479,False,,-26691.863894,96
6239,599040,9591.25,2022-12-28,504998,False,,-15400.846228,96
6240,599136,9592.43,2022-01-24,978217,False,,-18920.594222,96
6241,599232,9593.75,2022-02-07,576951,False,,-15367.308881,96
6242,599328,9594.96,2022-02-21,308240,False,,-18004.115027,96
6243,599424,9596.38,2022-03-19,89941,False,,-15551.86649,96
6244,599520,9597.7,2022-04-13,600052,False,,-17276.18347,96
6245,599616,9598.83,2022-04-27,6305,False,,-20710.086263,96
6246,599712,9599.98,2022-05-09,404185,False,,-18269.565452,96
6247,599808,9601.28,2022-06-04,983277,False,,-31246.420885,96
6248,599904,9602.43,2022-06-22,506920,False,,-12781.804112,96
6249,600000,9603.83,2022-07-26,21209,False,,-26767.755033,96
6250,600096,9616.61,2022-08-03,923622,False,,-16348.679604,96
6251,600192,9617.8,2022-08-17,878732,False,,-8273.016489,96
6252,600288,9618.92,2022-09-07,886064,False,,-26097.426692,96
6253,600384,9620.21,2022-09-29,808792,False,,-39064.681301,96
6254,600480,9621.54,2022-10-12,435215,False,,-29370.468989,96
6255,600576,9622.96,2022-10-26,55264,False,,-26998.746022,96
6256,600672,9624.07,2022-11-23,152163,False,,-26957.5996,96
6257,600768,9625.26,2022-12-07,42938,False,,-19014.97178,96
6258,600864,9626.57,2022-12-17,185475,False,,-16915.141727,96
6259,600960,9627.81,2022-12-28,249313,False,,-20704.74687,96
6260,601056,9629.13,2022-01-24,528345,False,,-12341.947663,96
6261,601152,9630.52,2022-02-07,775392,False,,-22292.675025,96
6262,601248,9631.48,2022-02-21,599877,False,,-19537.730846,96
6263,601344,9632.6,2022-03-19,840235,False,,-15828.024629,96
6264,601440,9633.71,2022-04-13,809682,False,,-19115.062772,96
6265,601536,9635.07,2022-04-27,531836,False,,-33780.397514,96
6266,601632,9636.44,2022-05-09,823454,False,,-12005.076668,96
6267,601728,9637.67,2022-06-04,172013,False,,-26865.797903,96
6268,601824,9638.93,2022-06-22,179284,False,,-25810.397594,96
6269,601920,9640.2,2022-07-26,633673,False,,-11606.481549,96
6270,602016,9641.5,2022-08-03,769590,False,,-30543.208217,96
6271,602112,9642.77,2022-08-17,988605,False,,-26963.136983,96
6272,602208,9643.92,2022-09-07,964702,False,,-60575.868697,96
6273,602304,9645.17,2022-09-29,444104,False,,-27071.88771,96
6274,602400,9646.37,2022-10-12,107015,False,,-24434.197664,96
6275,602496,9647.64,2022-10-26,534220,False,,-24011.004265,96
6276,602592,9648.88,2022-11-23,804980,False,,-19112.543509,96
6277,602688,9650.33,2022-12-07,208193,False,,-18694.375064,96
6278,602784,9651.61,2022-12-17,178552,False,,-19136.889488,96
6279,602880,9653.01,2022-12-28,137132,False,,-19379.468605,96
6280,602976,9654.17,2022-01-24,975484,False,,-48537.813342,96
6281,603072,9655.49,2022-02-07,225222,False,,-21888.122533,96
6282,603168,9656.77,2022-02-21,333386,False,,-20613.989077,96
6283,603264,9658.12,2022-03-19,599769,False,,-19570.392654,96
6284,603360,9659.29,2022-04-13,45961,False,,-11994.360539,96
6285,603456,9660.53,2022-04-27,813708,False,,-30300.12202,96
6286,603552,9661.79,2022-05-09,345518,False,,-16094.816742,96
6287,603648,9663.21,2022-06-04,140035,False,,-31313.316759,96
6288,603744,9664.53,2022-06-22,51799,False,,-36721.910424,96
6289,603840,9665.61,2022-07-26,672137,False,,-27309.430502,96
6290,603936,9666.78,2022-08-03,270592,False,,-28739.768781,96
6291,604032,9667.96,2022-08-17,441111,False,,-17853.549369,96
6292,604128,9669.08,2022-09-07,119492,False,,-18287.896304,96
6293,604224,9670.33,2022-09-29,630566,False,,-17344.317398,96
6294,604320,9671.7,2022-10-12,958086,False,,-19808.998079,96
6295,604416,9672.97,2022-10-26,68901,False,,-12544.46997,96
6296,604512,9674.39,2022-11-23,388875,False,,-16085.610108,96
6297,604608,9675.54,2022-12-07,503618,False,,-46005.417904,96
6298,604704,9676.9,2022-12-17,755824,False,,-36036.723971,96
6299,604800,9678.2,2022-12-28,116791,False,,-16583.358535,96
6300,604896,9679.38,2022-01-24,511916,False,,-36010.886037,96
6301,604992,9680.72,2022-02-07,278691,False,,-19620.254819,96
6302,605088,9681.76,2022-02-21,397120,False,,-15773.546085,96
6303,605184,9683.03,2022-03-19,753735,False,,-8539.745976,96
6304,605280,9684.17,2022-04-13,111508,False,,-19807.658598,96
6305,605376,9685.42,2022-04-27,634587,False,,-17653.078288,96
6306,605472,9686.57,2022-05-09,959075,False,,-19556.236297,96
6307,605568,9687.82,2022-06-04,66117,False,,-23101.361156,96
6308,605664,9689.11,2022-06-22,384634,False,,-16968.931374,96
6309,605760,9690.34,2022-07-26,337820,False,,-22921.000721,96
6310,605856,9691.63,2022-08-03,677846,False,,-27970.550259,96
6311,605952,9693.01,2022-08-17,911588,False,,-20962.784905,96
6312,606048,9694.44,2022-09-07,624169,False,,-20377.858623,96
6313,606144,9695.86,2022-09-29,253572,False,,-33175.894351,96
6314,606240,9697.42,2022-10-12,906265,False,,-19103.553697,96
6315,606336,9698.93,2022-10-26,253438,False,,-26832.609138,96
6316,606432,9700.18,2022-11-23,316860,False,,-26553.929717,96
6317,606528,9701.76,2022-12-07,695548,False,,-33286.66234,96
6318,606624,9703.36,2022-12-17,323167,False,,-20920.487736,96
6319,606720,9704.79,2022-12-28,100641,False,,-19518.50168,96
6320,606816,9706.38,2022-01-24,827738,False,,-23977.744534,96
6321,606912,9707.96,2022-02-07,465651,False,,-27819.477171,96
6322,607008,9709.56,2022-02-21,438494,False,,-49978.760956,96
6323,607104,9711.18,2022-03-19,143713,False,,-12121.445569,96
6324,607200,9712.79,2022-04-13,267412,False,,-18738.965658,96
6325,607296,9714.4,2022-04-27,13977,False,,-24400.357469,96
6326,607392,9715.94,2022-05-09,771871,False,,-15087.078247,96
6327,607488,9717.57,2022-06-04,11805,False,,-30113.830117,96
6328,607584,9719.19,2022-06-22,833691,False,,-16169.977083,96
6329,607680,9720.8,2022-07-26,330822,False,,-29514.734689,96
6330,607776,9722.33,2022-08-03,358660,False,,-24589.36487,96
6331,607872,9723.96,2022-08-17,389400,False,,-24867.58224,96
6332,607968,9725.59,2022-09-07,704845,False,,-13500.523963,96
6333,608064,9727.14,2022-09-29,967045,False,,-11433.418737,96
6334,608160,9728.79,2022-10-12,520180,False,,-22099.60899,96
6335,608256,9730.13,2022-10-26,775439,False,,-18547.303446,96
6336,608352,9731.52,2022-11-23,174111,False,,-30155.11496,96
6337,608448,9732.99,2022-12-07,65670,False,,-7826.198105,96
6338,608544,9734.17,2022-12-17,74785,False,,-22222.78157,96
6339,608640,9735.45,2022-12-28,124674,False,,-8688.185799,96
6340,608736,9736.78,2022-01-24,827845,False,,-17899.40788,96
6341,608832,9738.35,2022-02-07,599012,False,,-19727.469927,96
6342,608928,9739.79,2022-02-21,74672,False,,-27575.269182,96
6343,609024,9741.14,2022-03-19,43202,False,,-35919.508127,96
6344,609120,9742.58,2022-04-13,204945,False,,-38966.370241,96
6345,609216,9744.04,2022-04-27,819866,False,,-30135.793967,96
6346,609312,9745.44,2022-05-09,403724,False,,-18592.713226,96
6347,609408,9746.84,2022-06-04,690762,False,,-13149.962643,96
6348,609504,9748.19,2022-06-22,772463,False,,-21449.76083,96
6349,609600,9749.23,2022-07-26,40328,False,,-10928.85075,96
6350,609696,9750.49,2022-08-03,463889,False,,-37442.118876,96
6351,609792,9751.72,2022-08-17,548251,False,,-35914.486212,96
6352,609888,9753.01,2022-09-07,59524,False,,-25732.358958,96
6353,609984,9754.16,2022-09-29,977453,False,,-32927.475566,96
6354,610080,9766.95,2022-10-12,884221,False,,-15661.188198,96
6355,610176,9768.25,2022-10-26,613378,False,,-13154.033789,96
6356,610272,9769.67,2022-11-23,537209,False,,-15896.965019,96
6357,610368,9771.05,2022-12-07,388912,False,,-16033.894179,96
6358,610464,9772.21,2022-12-17,215486,False,,-14663.920957,96
6359,610560,9773.39,2022-12-28,481355,False,,-37981.311899,96
6360,610656,9774.8,2022-01-24,31706,False,,-19332.16933,96
6361,610752,9776.13,2022-02-07,597102,False,,-16140.195424,96
6362,610848,9777.32,2022-02-21,559443,False,,-15794.004475,96
6363,610944,9778.46,2022-03-19,539036,False,,-16634.645649,96
6364,611040,9779.72,2022-04-13,324105,False,,-17230.645786,96
6365,611136,9781.13,2022-04-27,912238,False,,-31185.461947,96
6366,611232,9782.53,2022-05-09,119622,False,,-22942.028322,96
6367,611328,9783.72,2022-06-04,715024,False,,-32894.246845,96
6368,611424,9784.83,2022-06-22,187642,False,,-18913.140946,96
6369,611520,9786.16,2022-07-26,448183,False,,-12420.202511,96
6370,611616,9787.4,2022-08-03,11933,False,,-37870.517016,96
6371,611712,9788.76,2022-08-17,277707,False,,-19380.363459,96
6372,611808,9789.99,2022-09-07,84756,False,,-44316.649078,96
6373,611904,9791.27,2022-09-29,801878,False,,-14434.235513,96
6374,612000,9792.63,2022-10-12,678804,False,,-14147.140503,96
6375,612096,9794.02,2022-10-26,482688,False,,-21428.700958,96
6376,612192,9795.17,2022-11-23,221495,False,,-24996.484243,96
6377,612288,9796.63,2022-12-07,507068,False,,-23008.915289,96
6378,612384,9797.98,2022-12-17,734692,False,,-17129.370775,96
6379,612480,9799.28,2022-12-28,91143,False,,-27339.342557,96
6380,612576,9800.65,2022-01-24,947331,False,,-15872.920426,96
6381,612672,9801.99,2022-02-07,353093,False,,-11601.855473,96
6382,612768,9803.19,2022-02-21,177885,False,,-23730.019095,96
6383,612864,9804.37,2022-03-19,666640,False,,-47899.316717,96
6384,612960,9805.58,2022-04-13,166331,False,,-23365.625188,96
6385,613056,9806.72,2022-04-27,89063,False,,-20993.925825,96
6386,613152,9807.94,2022-05-09,295598,False,,-17234.280903,96
6387,613248,9809.31,2022-06-04,101023,False,,-43340.33349,96
6388,613344,9810.56,2022-06-22,592379,False,,-18188.767586,96
6389,613440,9811.77,2022-07-26,743475,False,,-37030.625023,96
6390,613536,9812.87,2022-08-03,787688,False,,-14313.272277,96
6391,613632,9814.01,2022-08-17,140133,False,,-16810.835764,96
6392,613728,9815.21,2022-09-07,875045,False,,-11337.168207,96
6393,613824,9816.52,2022-09-29,732886,False,,-25899.886458,96
6394,613920,9817.63,2022-10-12,726587,False,,-11751.568798,96
6395,614016,9818.96,2022-10-26,660893,False,,-17163.218067,96
6396,614112,9820.19,2022-11-23,995350,False,,-26759.464862,96
6397,614208,9821.45,2022-12-07,844872,False,,-30784.021775,96
6398,614304,9822.57,2022-12-17,643795,False,,-23926.10514,96
6399,614400,9823.8,2022-12-28,599092,False,,-22518.404154,96
6400,614496,9825.19,2022-01-24,268004,False,,-31782.197216,96
6401,614592,9826.63,2022-02-07,105186,False,,-12009.575342,96
6402,614688,9827.82,2022-02-21,747270,False,,-20629.437948,96
6403,614784,9829.03,2022-03-19,314149,False,,-15967.406489,96
6404,614880,9830.29,2022-04-13,817281,False,,-52371.115448,96
6405,614976,9831.46,2022-04-27,632758,False,,-14923.432989,96
6406,615072,9832.84,2022-05-09,485546,False,,-34020.771157,96
6407,615168,9834.08,2022-06-04,616868,False,,-9764.190965,96
6408,615264,9835.29,2022-06-22,66984,False,,-21778.207631,96
6409,615360,9836.59,2022-07-26,634241,False,,-13910.070489,96
6410,615456,9837.93,2022-08-03,720058,False,,-20065.724049,96
6411,615552,9839.36,2022-08-17,530015,False,,-18913.39177,96
6412,615648,9840.5,2022-09-07,459442,False,,-26261.600595,96
6413,615744,9841.94,2022-09-29,15489,False,,-24988.04331,96
6414,615840,9843.13,2022-10-12,659744,False,,-22287.153271,96
6415,615936,9844.31,2022-10-26,441557,False,,-49577.812214,96
6416,616032,9845.37,2022-11-23,911028,False,,-16371.359941,96
6417,616128,9846.36,2022-12-07,187717,False,,-15989.78478,96
6418,616224,9847.69,2022-12-17,811340,False,,-9335.8908,96
6419,616320,9849.03,2022-12-28,948836,False,,-17728.202753,96
6420,616416,9850.23,2022-01-24,913539,False,,-15011.080353,96
6421,616512,9851.52,2022-02-07,816815,False,,-26885.73154,96
6422,616608,9852.82,2022-02-21,852406,False,,-15014.407939,96
6423,616704,9854.11,2022-03-19,698725,False,,-22661.015226,96
6424,616800,9855.54,2022-04-13,279917,False,,-28647.362632,96
6425,616896,9856.63,2022-04-27,456994,False,,-24247.423544,96
6426,616992,9857.72,2022-05-09,319694,False,,-28913.716009,96
6427,617088,9858.91,2022-06-04,862373,False,,-11395.853737,96
6428,617184,9860.21,2022-06-22,376016,False,,-63311.0795,96
6429,617280,9861.39,2022-07-26,375650,False,,-22508.922529,96
6430,617376,9862.75,2022-08-03,615379,False,,-20858.208491,96
6431,617472,9864.02,2022-08-17,444128,False,,-16508.545221,96
6432,617568,9865.11,2022-09-07,777122,False,,-25650.50364,96
6433,617664,9866.12,2022-09-29,508517,False,,-31391.94994,96
6434,617760,9867.5,2022-10-12,450411,False,,-27896.116648,96
6435,617856,9868.93,2022-10-26,594650,False,,-55418.801762,96
6436,617952,9870.41,2022-11-23,894415,False,,-32496.89499,96
6437,618048,9871.67,2022-12-07,844354,False,,-36621.835811,96
6438,618144,9873.04,2022-12-17,593554,False,,-11183.642627,96
6439,618240,9874.49,2022-12-28,781791,False,,-22914.489296,96
6440,618336,9875.74,2022-01-24,197041,False,,-23415.330846,96
6441,618432,9876.93,2022-02-07,143386,False,,-11963.530887,96
6442,618528,9878.28,2022-02-21,836885,False,,-28679.764757,96
6443,618624,9879.38,2022-03-19,887411,False,,-27007.990409,96
6444,618720,9880.71,2022-04-13,565273,False,,-21935.405847,96
6445,618816,9881.85,2022-04-27,643580,False,,-23603.919579,96
6446,618912,9883.18,2022-05-09,731894,False,,-13242.25978,96
6447,619008,9884.52,2022-06-04,810553,False,,-30842.215124,96
6448,619104,9885.96,2022-06-22,396240,False,,-19267.047633,96
6449,619200,9887.24,2022-07-26,4407,False,,-21326.740871,96
6450,619296,9888.45,2022-08-03,383389,False,,-21557.99302,96
6451,619392,9889.51,2022-08-17,759630,False,,-26030.478064,96
6452,619488,9890.65,2022-09-07,753064,False,,-23240.343751,96
6453,619584,9891.8,2022-09-29,731739,False,,-17230.805943,96
6454,619680,9892.96,2022-10-12,962074,False,,-17251.580691,96
6455,619776,9894.25,2022-10-26,921707,False,,-22906.680476,96
6456,619872,9895.34,2022-11-23,551311,False,,-30394.90154,96
6457,619968,9896.5,2022-12-07,935568,False,,-15031.739065,96
6458,620064,9908.5,2022-12-17,156425,False,,-24661.428606,96
6459,620160,9909.67,2022-12-28,9565,False,,-15402.889848,96
6460,620256,9910.98,2022-01-24,300613,False,,-13947.70126,96
6461,620352,9912.15,2022-02-07,215386,False,,-21579.937429,96
6462,620448,9913.21,2022-02-21,713321,False,,-17031.679784,96
6463,620544,9914.51,2022-03-19,461603,False,,-12373.301493,96
6464,620640,9916.01,2022-04-13,867071,False,,-11083.791434,96
6465,620736,9917.45,2022-04-27,55567,False,,-37967.243289,96
6466,620832,9918.73,2022-05-09,521078,False,,-16692.642011,96
6467,620928,9920.0,2022-06-04,592289,False,,-23358.186296,96
6468,621024,9921.2,2022-06-22,206681,False,,-14221.888375,96
6469,621120,9922.26,2022-07-26,576732,False,,-18593.363972,96
6470,621216,9923.43,2022-08-03,289338,False,,-29843.426726,96
6471,621312,9924.74,2022-08-17,817778,False,,-26330.490124,96
6472,621408,9925.96,2022-09-07,353297,False,,-23068.598794,96
6473,621504,9927.23,2022-09-29,289237,False,,-28329.115388,96
6474,621600,9928.55,2022-10-12,58349,False,,-34385.22188,96
6475,621696,9929.89,2022-10-26,400664,False,,-24166.881227,96
6476,621792,9931.18,2022-11-23,689553,False,,-24026.637432,96
6477,621888,9932.4,2022-12-07,827539,False,,-32199.278614,96
6478,621984,9933.73,2022-12-17,77144,False,,-11209.642062,96
6479,622080,9935.07,2022-12-28,700310,False,,-34991.261659,96
6480,622176,9936.38,2022-01-24,533372,False,,-24504.537213,96
6481,622272,9937.8,2022-02-07,553917,False,,-33152.568942,96
6482,622368,9939.09,2022-02-21,795510,False,,-17431.047676,96
6483,622464,9940.38,2022-03-19,22846,False,,-22566.742,96
6484,622560,9941.67,2022-04-13,85262,False,,-11744.372553,96
6485,622656,9943.05,2022-04-27,340415,False,,-19165.271692,96
6486,622752,9944.46,2022-05-09,856830,False,,-17331.762946,96
6487,622848,9945.81,2022-06-04,190083,False,,-19627.8443,96
6488,622944,9947.16,2022-06-22,699148,False,,-16377.980391,96
6489,623040,9948.49,2022-07-26,652615,False,,-32548.494488,96
6490,623136,9949.67,2022-08-03,786963,False,,-18239.088195,96
6491,623232,9950.85,2022-08-17,64716,False,,-17816.747884,96
6492,623328,9952.17,2022-09-07,820696,False,,-35998.459375,96
6493,623424,9953.57,2022-09-29,685869,False,,-36396.714854,96
6494,623520,9954.66,2022-10-12,151160,False,,-22985.053971,96
6495,623616,9955.68,2022-10-26,337016,False,,-11037.174157,96
6496,623712,9956.82,2022-11-23,61431,False,,-24902.598846,96
6497,623808,9958.14,2022-12-07,208041,False,,-37022.019441,96
6498,623904,9959.34,2022-12-17,471055,False,,-19638.873525,96
6499,624000,9960.59,2022-12-28,776525,False,,-7339.279908,96
6500,624096,9961.85,2022-01-24,885749,False,,-18498.535812,96
6501,624192,9963.1,2022-02-07,345056,False,,-48870.445234,96
6502,624288,9964.32,2022-02-21,416574,False,,-31509.808438,96
6503,624384,9965.59,2022-03-19,358507,False,,-18792.403889,96
6504,624480,9966.98,2022-04-13,261144,False,,-28252.177543,96
6505,624576,9968.31,2022-04-27,351643,False,,-16767.073908,96
6506,624672,9969.55,2022-05-09,979550,False,,-15890.183754,96
6507,624768,9970.96,2022-06-04,815830,False,,-32969.652949,96
6508,624864,9972.04,2022-06-22,170227,False,,-21758.40622,96
6509,624960,9973.36,2022-07-26,857509,False,,-40021.252366,96
6510,625056,9974.61,2022-08-03,714756,False,,-42407.369155,96
6511,625152,9975.89,2022-08-17,473668,False,,-18331.264544,96
6512,625248,9977.14,2022-09-07,910725,False,,-25859.000345,96
6513,625344,9978.53,2022-09-29,556066,False,,-28634.65407,96
6514,625440,9979.59,2022-10-12,84353,False,,-11506.032897,96
6515,625536,9980.93,2022-10-26,846655,False,,-24312.716588,96
6516,625632,9982.14,2022-11-23,185218,False,,-19671.01899,96
6517,625728,9983.39,2022-12-07,952773,False,,-17689.24494,96
6518,625824,9984.49,2022-12-17,227446,False,,-28265.370302,96
6519,625920,9985.93,2022-12-28,256633,False,,-13916.842168,96
6520,626016,9986.88,2022-01-24,38777,False,,-22362.719724,96
6521,626112,9988.21,2022-02-07,643339,False,,-12287.137266,96
6522,626208,9989.39,2022-02-21,729615,False,,-18609.844405,96
6523,626304,9990.34,2022-03-19,482510,False,,-23851.662712,96
6524,626400,9991.43,2022-04-13,719232,False,,-10689.54395,96
6525,626496,9992.78,2022-04-27,376804,False,,-37908.386755,96
6526,626592,9993.96,2022-05-09,513084,False,,-24252.435708,96
6527,626688,9995.26,2022-06-04,454353,False,,-9484.051628,96
6528,626784,9996.46,2022-06-22,212531,False,,-23947.446982,96
6529,626880,9997.67,2022-07-26,613796,False,,-34418.388989,96
6530,626976,9999.12,2022-08-03,934939,False,,-22397.937129,96
6531,627072,10000.54,2022-08-17,753649,False,,-23007.466913,96
6532,627168,10001.96,2022-09-07,429971,False,,-33272.65625,96
6533,627264,10003.46,2022-09-29,936155,False,,-10824.019402,96
6534,627360,10004.92,2022-10-12,169470,False,,-20467.268592,96
6535,627456,10006.43,2022-10-26,28602,False,,-12275.703191,96
6536,627552,10007.74,2022-11-23,439300,False,,-27953.119292,96
6537,627648,10009.22,2022-12-07,235220,False,,-17855.071859,96
6538,627744,10010.68,2022-12-17,712478,False,,-17274.169873,96
6539,627840,10012.07,2022-12-28,357587,False,,-25407.791297,96
6540,627936,10013.51,2022-01-24,595426,False,,-19281.885146,96
6541,628032,10014.75,2022-02-07,232304,False,,-24521.502787,96
6542,628128,10016.07,2022-02-21,882272,False,,-46906.018901,96
6543,628224,10017.21,2022-03-19,619089,False,,-16083.904993,96
6544,628320,10018.31,2022-04-13,902427,False,,-20730.984081,96
6545,628416,10019.51,2022-04-27,802403,False,,-39289.402526,96
6546,628512,10020.84,2022-05-09,864232,False,,-22668.986821,96
6547,628608,10022.1,2022-06-04,866178,False,,-14783.720356,96
6548,628704,10023.22,2022-06-22,411409,False,,-16787.864577,96
6549,628800,10024.49,2022-07-26,496291,False,,-41439.417572,96
6550,628896,10025.77,2022-08-03,221422,False,,-22238.101617,96
6551,628992,10027.03,2022-08-17,25596,False,,-25732.318444,96
6552,629088,10028.13,2022-09-07,614189,False,,-16569.09524,96
6553,629184,10029.35,2022-09-29,842613,False,,-14158.955636,96
6554,629280,10030.64,2022-10-12,101810,False,,-15456.379822,96
6555,629376,10031.86,2022-10-26,473633,False,,-22731.474588,96
6556,629472,10033.08,2022-11-23,257991,False,,-23408.213438,96
6557,629568,10034.18,2022-12-07,597158,False,,-13524.556766,96
6558,629664,10035.51,2022-12-17,141578,False,,-18475.510717,96
6559,629760,10036.83,2022-12-28,457705,False,,-20432.398652,96
6560,629856,10038.09,2022-01-24,558764,False,,-19964.615248,96
6561,629952,10039.34,2022-02-07,459137,False,,-16659.15225,96
6562,630048,10051.61,2022-02-21,366292,False,,-22659.986244,96
6563,630144,10052.93,2022-03-19,618359,False,,-19728.961814,96
6564,630240,10054.06,2022-04-13,453477,False,,-31223.970889,96
6565,630336,10055.4,2022-04-27,532816,False,,-19299.495821,96
6566,630432,10056.66,2022-05-09,659725,False,,-19255.404841,96
6567,630528,10057.83,2022-06-04,303439,False,,-14597.517639,96
6568,630624,10059.23,2022-06-22,921893,False,,-44356.593889,96
6569,630720,10060.84,2022-07-26,699361,False,,-10930.618601,96
6570,630816,10062.07,2022-08-03,467859,False,,-22238.021024,96
6571,630912,10063.23,2022-08-17,999355,False,,-12333.744049,96
6572,631008,10064.39,2022-09-07,582968,False,,-25484.452698,96
6573,631104,10065.64,2022-09-29,513737,False,,-25459.596462,96
6574,631200,10066.97,2022-10-12,427783,False,,-27642.002239,96
6575,631296,10068.37,2022-10-26,668208,False,,-20401.443432,96
6576,631392,10069.58,2022-11-23,507918,False,,-17851.821008,96
6577,631488,10070.82,2022-12-07,191250,False,,-22995.106856,96
6578,631584,10071.96,2022-12-17,592207,False,,-39165.559853,96
6579,631680,10073.09,2022-12-28,957254,False,,-15958.826146,96
6580,631776,10074.26,2022-01-24,322512,False,,-20345.615822,96
6581,631872,10075.6,2022-02-07,138029,False,,-29174.551818,96
6582,631968,10076.91,2022-02-21,56884,False,,-21173.18675,96
6583,632064,10078.16,2022-03-19,885706,False,,-12210.385712,96
6584,632160,10079.3,2022-04-13,244431,False,,-20666.763139,96
6585,632256,10080.62,2022-04-27,817598,False,,-13579.932559,96
6586,632352,10081.93,2022-05-09,232074,False,,-12500.520417,96
6587,632448,10083.08,2022-06-04,257875,False,,-18499.701909,96
6588,632544,10084.27,2022-06-22,684275,False,,-28997.098383,96
6589,632640,10085.49,2022-07-26,511865,False,,-20806.832591,96
6590,632736,10086.61,2022-08-03,869197,False,,-23877.487585,96
6591,632832,10087.73,2022-08-17,286292,False,,-8794.256602,96
6592,632928,10088.88,2022-09-07,491882,False,,-33380.049641,96
6593,633024,10089.98,2022-09-29,77082,False,,-18002.554323,96
6594,633120,10091.42,2022-10-12,848418,False,,-15099.579185,96
6595,633216,10092.45,2022-10-26,416218,False,,-18747.484052,96
6596,633312,10093.52,2022-11-23,669244,False,,-13258.908872,96
6597,633408,10094.79,2022-12-07,737595,False,,-29602.739975,96
6598,633504,10095.96,2022-12-17,956762,False,,-16947.515747,96
6599,633600,10097.37,2022-12-28,818221,False,,-15249.039777,96
6600,633696,10098.64,2022-01-24,645520,False,,-16659.321694,96
6601,633792,10099.93,2022-02-07,823728,False,,-18805.521379,96
6602,633888,10101.14,2022-02-21,792388,False,,-9382.739787,96
6603,633984,10102.58,2022-03-19,373755,False,,-11992.544593,96
6604,634080,10103.78,2022-04-13,891290,False,,-41757.661457,96
6605,634176,10105.01,2022-04-27,250609,False,,-8889.21842,96
6606,634272,10106.06,2022-05-09,907792,False,,-19304.402887,96
6607,634368,10107.18,2022-06-04,920505,False,,-26426.714134,96
6608,634464,10108.52,2022-06-22,703843,False,,-17469.308226,96
6609,634560,10110.69,2022-07-26,930939,False,,-42133.201223,96
6610,634656,10111.99,2022-08-03,909136,False,,-15982.624217,96
6611,634752,10113.4,2022-08-17,457326,False,,-14040.790488,96
6612,634848,10114.65,2022-09-07,312683,False,,-23382.051156,96
6613,634944,10115.81,2022-09-29,569740,False,,-9138.648087,96
6614,635040,10116.93,2022-10-12,665664,False,,-28368.440081,96
6615,635136,10118.19,2022-10-26,659052,False,,-22031.708973,96
6616,635232,10119.38,2022-11-23,296030,False,,-23261.973493,96
6617,635328,10120.83,2022-12-07,568079,False,,-12667.340336,96
6618,635424,10122.1,2022-12-17,799089,False,,-15056.084064,96
6619,635520,10123.46,2022-12-28,923959,False,,-30496.506636,96
6620,635616,10124.7,2022-01-24,243397,False,,-16362.019208,96
6621,635712,10126.02,2022-02-07,598190,False,,-26942.03243,96
6622,635808,10127.47,2022-02-21,150503,False,,-40451.285199,96
6623,635904,10128.61,2022-03-19,493386,False,,-17638.00707,96
6624,636000,10129.82,2022-04-13,127173,False,,-21659.231944,96
6625,636096,10130.94,2022-04-27,891370,False,,-25476.899597,96
6626,636192,10132.19,2022-05-09,752689,False,,-22307.541175,96
6627,636288,10133.41,2022-06-04,687100,False,,-16129.441742,96
6628,636384,10134.51,2022-06-22,569386,False,,-15235.506797,96
6629,636480,10135.89,2022-07-26,709835,False,,-8655.924698,96
6630,636576,10137.16,2022-08-03,595770,False,,-13348.952355,96
6631,636672,10138.57,2022-08-17,814017,False,,-32776.711525,96
6632,636768,10140.06,2022-09-07,539134,False,,-31067.59901,96
6633,636864,10141.3,2022-09-29,36679,False,,-12719.615693,96
6634,636960,10142.36,2022-10-12,352730,False,,-13048.937873,96
6635,637056,10143.47,2022-10-26,302522,False,,-15962.016551,96
6636,637152,10144.64,2022-11-23,624042,False,,-17997.836462,96
6637,637248,10145.94,2022-12-07,103896,False,,-19339.184697,96
6638,637344,10147.28,2022-12-17,45862,False,,-44236.610081,96
6639,637440,10148.49,2022-12-28,18732,False,,-13422.718491,96
6640,637536,10149.67,2022-01-24,183517,False,,-11198.318094,96
6641,637632,10150.96,2022-02-07,911839,False,,-25804.357293,96
6642,637728,10151.91,2022-02-21,127548,False,,-27117.367937,96
6643,637824,10153.18,2022-03-19,31066,False,,-14889.94794,96
6644,637920,10154.32,2022-04-13,24678,False,,-26970.050342,96
6645,638016,10155.53,2022-04-27,98726,False,,-27062.006518,96
6646,638112,10156.67,2022-05-09,561809,False,,-12856.531999,96
6647,638208,10158.08,2022-06-04,942725,False,,-16979.338487,96
6648,638304,10159.52,2022-06-22,785566,False,,-22305.429366,96
6649,638400,10160.72,2022-07-26,337625,False,,-41939.094492,96
6650,638496,10161.84,2022-08-03,362051,False,,-20269.550576,96
6651,638592,10162.97,2022-08-17,54008,False,,-14093.163907,96
6652,638688,10164.15,2022-09-07,387377,False,,-15211.78377,96
6653,638784,10165.58,2022-09-29,822147,False,,-34806.91603,96
6654,638880,10166.71,2022-10-12,568429,False,,-12500.885458,96
6655,638976,10167.91,2022-10-26,118371,False,,-18150.624753,96
6656,639072,10169.37,2022-11-23,394347,False,,-12077.774694,96
6657,639168,10170.75,2022-12-07,371156,False,,-14023.984285,96
6658,639264,10172.13,2022-12-17,481763,False,,-15726.038704,96
6659,639360,10173.35,2022-12-28,870705,False,,-13850.515804,96
6660,639456,10174.71,2022-01-24,912616,False,,-35583.526647,96
6661,639552,10175.97,2022-02-07,756464,False,,-19956.703279,96
6662,639648,10177.08,2022-02-21,240111,False,,-26464.485131,96
6663,639744,10178.32,2022-03-19,367359,False,,-27161.570068,96
6664,639840,10179.71,2022-04-13,177307,False,,-18367.497864,96
6665,639936,10180.8,2022-04-27,537761,False,,-18341.074397,96
6666,640032,10193.12,2022-05-09,113674,False,,-30391.551343,96
6667,640128,10194.23,2022-06-04,33170,False,,-14859.962147,96
6668,640224,10195.54,2022-06-22,837331,False,,-10551.735625,96
6669,640320,10196.92,2022-07-26,502877,False,,-10202.668786,96
6670,640416,10198.24,2022-08-03,289952,False,,-12726.570421,96
6671,640512,10199.43,2022-08-17,499940,False,,-16506.851537,96
6672,640608,10200.85,2022-09-07,20645,False,,-19790.755546,96
6673,640704,10202.14,2022-09-29,348734,False,,-21809.254266,96
6674,640800,10203.51,2022-10-12,592386,False,,-20357.912933,96
6675,640896,10204.92,2022-10-26,350079,False,,-11554.889138,96
6676,640992,10206.25,2022-11-23,893117,False,,-14115.556509,96
6677,641088,10207.61,2022-12-07,919374,False,,-19766.860594,96
6678,641184,10208.73,2022-12-17,511962,False,,-11246.349197,96
6679,641280,10210.08,2022-12-28,277433,False,,-16477.709978,96
6680,641376,10211.47,2022-01-24,659287,False,,-25013.228762,96
6681,641472,10212.66,2022-02-07,861409,False,,-18053.313334,96
6682,641568,10214.05,2022-02-21,396901,False,,-16843.942123,96
6683,641664,10215.39,2022-03-19,709871,False,,-23043.973127,96
6684,641760,10216.58,2022-04-13,822072,False,,-13408.234507,96
6685,641856,10217.81,2022-04-27,800525,False,,-9556.951034,96
6686,641952,10218.95,2022-05-09,427089,False,,-22354.03777,96
6687,642048,10220.12,2022-06-04,941053,False,,-17784.200848,96
6688,642144,10221.56,2022-06-22,93636,False,,-19552.373046,96
6689,642240,10223.02,2022-07-26,389655,False,,-25225.951128,96
6690,642336,10224.47,2022-08-03,391029,False,,-27335.07397,96
6691,642432,10225.6,2022-08-17,860745,False,,-11578.699736,96
6692,642528,10227.06,2022-09-07,385877,False,,-15191.546791,96
6693,642624,10228.24,2022-09-29,133154,False,,-16559.955194,96
6694,642720,10229.51,2022-10-12,344962,False,,-44848.485545,96
6695,642816,10230.84,2022-10-26,479940,False,,-18247.148514,96
6696,642912,10232.24,2022-11-23,467025,False,,-24649.102397,96
6697,643008,10233.6,2022-12-07,244073,False,,-46907.038013,96
6698,643104,10234.87,2022-12-17,521606,False,,-34041.758632,96
6699,643200,10236.14,2022-12-28,766098,False,,-15086.494657,96
6700,643296,10237.28,2022-01-24,695890,False,,-20353.767789,96
6701,643392,10238.43,2022-02-07,68897,False,,-26888.780306,96
6702,643488,10239.65,2022-02-21,416630,False,,-16365.603869,96
6703,643584,10240.94,2022-03-19,594052,False,,-23797.214956,96
6704,643680,10242.05,2022-04-13,678569,False,,-11313.384713,96
6705,643776,10243.43,2022-04-27,248648,False,,-12343.809923,96
6706,643872,10244.71,2022-05-09,9513,False,,-28722.884121,96
6707,643968,10245.89,2022-06-04,746587,False,,-18136.023745,96
6708,644064,10247.22,2022-06-22,471477,False,,-13465.694793,96
6709,644160,10248.57,2022-07-26,467922,False,,-17448.172223,96
6710,644256,10249.72,2022-08-03,871290,False,,-11645.654855,96
6711,644352,10251.02,2022-08-17,469536,False,,-25534.919266,96
6712,644448,10252.27,2022-09-07,831125,False,,-18849.285693,96
6713,644544,10253.42,2022-09-29,319726,False,,-12383.784655,96
6714,644640,10254.49,2022-10-12,803728,False,,-12564.988808,96
6715,644736,10255.74,2022-10-26,120378,False,,-18539.382964,96
6716,644832,10256.96,2022-11-23,444168,False,,-11106.104669,96
6717,644928,10258.38,2022-12-07,617074,False,,-28822.57328,96
6718,645024,10259.74,2022-12-17,179599,False,,-24081.100326,96
6719,645120,10260.92,2022-12-28,981134,False,,-23251.015666,96
6720,645216,10262.2,2022-01-24,930828,False,,-18206.91853,96
6721,645312,10263.26,2022-02-07,836566,False,,-13238.868575,96
6722,645408,10264.44,2022-02-21,856744,False,,-20020.833318,96
6723,645504,10265.79,2022-03-19,419369,False,,-21280.141243,96
6724,645600,10267.08,2022-04-13,26298,False,,-17020.872313,96
6725,645696,10268.31,2022-04-27,908909,False,,-31998.421353,96
6726,645792,10269.53,2022-05-09,290276,False,,-23237.596463,96
6727,645888,10270.93,2022-06-04,504454,False,,-14786.160511,96
6728,645984,10272.07,2022-06-22,649919,False,,-32912.040954,96
6729,646080,10273.21,2022-07-26,259077,False,,-19195.204654,96
6730,646176,10274.52,2022-08-03,117758,False,,-20886.690871,96
6731,646272,10275.76,2022-08-17,931500,False,,-17466.692789,96
6732,646368,10277.12,2022-09-07,352442,False,,-21050.437902,96
6733,646464,10278.34,2022-09-29,536833,False,,-19112.675496,96
6734,646560,10279.65,2022-10-12,533849,False,,-13766.823269,96
6735,646656,10280.98,2022-10-26,254067,False,,-25932.366545,96
6736,646752,10282.14,2022-11-23,873663,False,,-24985.975992,96
6737,646848,10283.36,2022-12-07,100291,False,,-14811.357022,96
6738,646944,10284.7,2022-12-17,919157,False,,-31284.258834,96
6739,647040,10285.92,2022-12-28,366557,False,,-18471.954151,96
6740,647136,10287.35,2022-01-24,23775,False,,-44315.001277,96
6741,647232,10288.75,2022-02-07,904024,False,,-30247.887898,96
6742,647328,10289.97,2022-02-21,964630,False,,-20182.34471,96
6743,647424,10291.28,2022-03-19,938953,False,,-10717.84231,96
6744,647520,10292.38,2022-04-13,980646,False,,-16583.195777,96
6745,647616,10293.49,2022-04-27,395655,False,,-21333.210124,96
6746,647712,10294.75,2022-05-09,729896,False,,-26464.097226,96
6747,647808,10296.1,2022-06-04,917724,False,,-20034.324359,96
6748,647904,10297.22,2022-06-22,460629,False,,-14013.315775,96
6749,648000,10298.56,2022-07-26,507978,False,,-17478.672437,96
6750,648096,10299.98,2022-08-03,11277,False,,-29632.28767,96
6751,648192,10300.93,2022-08-17,854709,False,,-27670.885424,96
6752,648288,10302.2,2022-09-07,387405,False,,-19786.691931,96
6753,648384,10303.47,2022-09-29,35910,False,,-8375.755679,96
6754,648480,10304.78,2022-10-12,259729,False,,-10185.336999,96
6755,648576,10306.06,2022-10-26,146011,False,,-26096.408433,96
6756,648672,10307.45,2022-11-23,370036,False,,-29110.629417,96
6757,648768,10308.64,2022-12-07,42029,False,,-17730.791801,96
6758,648864,10309.98,2022-12-17,342288,False,,-22488.669781,96
6759,648960,10311.3,2022-12-28,159524,False,,-12202.958586,96
6760,649056,10312.55,2022-01-24,452616,False,,-26849.63461,96
6761,649152,10313.83,2022-02-07,81090,False,,-13938.531603,96
6762,649248,10315.03,2022-02-21,153965,False,,-23713.382492,96
6763,649344,10316.12,2022-03-19,786167,False,,-16122.899141,96
6764,649440,10317.34,2022-04-13,433712,False,,-21278.014937,96
6765,649536,10318.7,2022-04-27,532756,False,,-26132.671152,96
6766,649632,10320.1,2022-05-09,466811,False,,-28234.372749,96
6767,649728,10321.31,2022-06-04,956910,False,,-18150.272805,96
6768,649824,10322.5,2022-06-22,3742,False,,-9606.042113,96
6769,649920,10323.93,2022-07-26,429233,False,,-17380.430994,96
6770,650016,10336.38,2022-08-03,31999,False,,-19801.030178,96
6771,650112,10337.51,2022-08-17,561670,False,,-23631.31473,96
6772,650208,10338.75,2022-09-07,397512,False,,-22248.113305,96
6773,650304,10340.13,2022-09-29,41376,False,,-30946.205667,96
6774,650400,10341.56,2022-10-12,152885,False,,-20639.752353,96
6775,650496,10342.71,2022-10-26,323776,False,,-16428.643941,96
6776,650592,10343.91,2022-11-23,175978,False,,-16771.269634,96
6777,650688,10345.3,2022-12-07,848760,False,,-28037.299355,96
6778,650784,10346.58,2022-12-17,525683,False,,-8933.139317,96
6779,650880,10348.03,2022-12-28,797093,False,,-17573.87579,96
6780,650976,10349.12,2022-01-24,45244,False,,-40121.810946,96
6781,651072,10350.16,2022-02-07,818235,False,,-23239.931575,96
6782,651168,10351.4,2022-02-21,810197,False,,-20760.313851,96
6783,651264,10352.64,2022-03-19,441968,False,,-21767.775567,96
6784,651360,10353.91,2022-04-13,990521,False,,-15615.647099,96
6785,651456,10355.07,2022-04-27,376401,False,,-20519.473649,96
6786,651552,10356.46,2022-05-09,269046,False,,-9570.337561,96
6787,651648,10357.84,2022-06-04,307245,False,,-16358.040903,96
6788,651744,10359.15,2022-06-22,270763,False,,-15629.251446,96
6789,651840,10360.67,2022-07-26,892257,False,,-33188.655536,96
6790,651936,10361.97,2022-08-03,293815,False,,-40903.252832,96
6791,652032,10363.11,2022-08-17,257961,False,,-29288.031094,96
6792,652128,10364.21,2022-09-07,992703,False,,-20164.629533,96
6793,652224,10365.13,2022-09-29,513536,False,,-21958.58411,96
6794,652320,10366.09,2022-10-12,623108,False,,-25177.165012,96
6795,652416,10367.07,2022-10-26,813206,False,,-26953.895016,96
6796,652512,10368.06,2022-11-23,813381,False,,-16831.936463,96
6797,652608,10369.06,2022-12-07,44229,False,,-20089.41007,96
6798,652704,10370.0,2022-12-17,825106,False,,-19546.147048,96
6799,652800,10371.04,2022-12-28,687800,False,,-30073.077671,96
6800,652896,10372.07,2022-01-24,779029,False,,-18638.873707,96
6801,652992,10373.07,2022-02-07,815830,False,,-25768.722872,96
6802,653088,10373.97,2022-02-21,297274,False,,-14883.31332,96
6803,653184,10374.94,2022-03-19,210492,False,,-17231.281342,96
6804,653280,10376.04,2022-04-13,481608,False,,-15200.815339,96
6805,653376,10377.02,2022-04-27,766192,False,,-28179.646366,96
6806,653472,10378.04,2022-05-09,72431,False,,-15245.196624,96
6807,653568,10379.01,2022-06-04,19907,False,,-25751.182506,96
6808,653664,10380.04,2022-06-22,841968,False,,-12173.839898,96
6809,653760,10380.9,2022-07-26,43117,False,,-25838.595526,96
6810,653856,10381.93,2022-08-03,730665,False,,-17261.964994,96
6811,653952,10382.92,2022-08-17,890887,False,,-21568.658732,96
6812,654048,10383.95,2022-09-07,677099,False,,-19997.249709,96
6813,654144,10384.87,2022-09-29,474665,False,,-14618.357814,96
6814,654240,10385.75,2022-10-12,66164,False,,-18425.563156,96
6815,654336,10386.81,2022-10-26,248890,False,,-10315.794629,96
6816,654432,10387.64,2022-11-23,167055,False,,-12193.67208,96
6817,654528,10388.74,2022-12-07,28658,False,,-24031.627305,96
6818,654624,10389.68,2022-12-17,967389,False,,-22601.639184,96
6819,654720,10390.63,2022-12-28,138279,False,,-20720.392233,96
6820,654816,10391.69,2022-01-24,783547,False,,-54935.193415,96
6821,654912,10392.72,2022-02-07,452900,False,,-37194.470528,96
6822,655008,10393.64,2022-02-21,568067,False,,-11288.608931,96
6823,655104,10394.66,2022-03-19,22980,False,,-15752.935561,96
6824,655200,10395.72,2022-04-13,512835,False,,-18294.781362,96
6825,655296,10396.64,2022-04-27,311640,False,,-5367.068986,96
6826,655392,10397.59,2022-05-09,622355,False,,-21724.009438,96
6827,655488,10398.65,2022-06-04,735906,False,,-16114.448846,96
6828,655584,10399.65,2022-06-22,989874,False,,-16969.52947,96
6829,655680,10400.64,2022-07-26,689272,False,,-23183.726143,96
6830,655776,10401.69,2022-08-03,732986,False,,-21983.117576,96
6831,655872,10402.86,2022-08-17,687965,False,,-13684.743569,96
6832,655968,10403.89,2022-09-07,922739,False,,-13192.700183,96
6833,656064,10404.95,2022-09-29,859127,False,,-17705.728811,96
6834,656160,10405.89,2022-10-12,631400,False,,-11980.279822,96
6835,656256,10406.95,2022-10-26,867733,False,,-14596.328431,96
6836,656352,10407.95,2022-11-23,274341,False,,-14127.909715,96
6837,656448,10409.0,2022-12-07,758841,False,,-16879.276611,96
6838,656544,10410.13,2022-12-17,906394,False,,-27388.301838,96
6839,656640,10411.11,2022-12-28,474070,False,,-25731.582093,96
6840,656736,10412.15,2022-01-24,248230,False,,-21919.333391,96
6841,656832,10413.11,2022-02-07,499899,False,,-18545.733809,96
6842,656928,10414.01,2022-02-21,938598,False,,-14440.629956,96
6843,657024,10414.91,2022-03-19,759137,False,,-19307.68432,96
6844,657120,10415.86,2022-04-13,534214,False,,-24746.652853,96
6845,657216,10416.85,2022-04-27,769399,False,,-25078.571406,96
6846,657312,10417.94,2022-05-09,920050,False,,-21960.003993,96
6847,657408,10418.92,2022-06-04,820451,False,,-17498.932743,96
6848,657504,10420.0,2022-06-22,514037,False,,-8120.961873,96
6849,657600,10420.93,2022-07-26,410665,False,,-35715.758752,96
6850,657696,10421.93,2022-08-03,611340,False,,-17393.226065,96
6851,657792,10422.87,2022-08-17,626948,False,,-26660.998789,96
6852,657888,10423.91,2022-09-07,480729,False,,-31773.424359,96
6853,657984,10424.99,2022-09-29,51488,False,,-18105.478382,96
6854,658080,10426.02,2022-10-12,754406,False,,-23110.520502,96
6855,658176,10427.03,2022-10-26,266538,False,,-25251.952573,96
6856,658272,10428.17,2022-11-23,79033,False,,-37083.503194,96
6857,658368,10429.27,2022-12-07,448308,False,,-21172.941299,96
6858,658464,10430.23,2022-12-17,754709,False,,-11195.494725,96
6859,658560,10431.14,2022-12-28,788577,False,,-13167.1624,96
6860,658656,10432.14,2022-01-24,91528,False,,-19092.805942,96
6861,658752,10433.08,2022-02-07,926418,False,,-21677.944688,96
6862,658848,10434.08,2022-02-21,609969,False,,-17592.09819,96
6863,658944,10435.07,2022-03-19,52354,False,,-12892.744096,96
6864,659040,10435.97,2022-04-13,236799,False,,-19845.31548,96
6865,659136,10437.07,2022-04-27,608413,False,,-22900.509361,96
6866,659232,10438.04,2022-05-09,502672,False,,-23592.528322,96
6867,659328,10439.13,2022-06-04,40766,False,,-18713.911946,96
6868,659424,10440.2,2022-06-22,652193,False,,-20433.322795,96
6869,659520,10441.28,2022-07-26,375826,False,,-19753.721325,96
6870,659616,10442.27,2022-08-03,413249,False,,-21696.061776,96
6871,659712,10443.12,2022-08-17,866619,False,,-17202.04844,96
6872,659808,10444.11,2022-09-07,503667,False,,-22146.979775,96
6873,659904,10445.04,2022-09-29,399913,False,,-16709.0786,96
6874,660000,10446.04,2022-10-12,275114,False,,-21086.161513,96
6875,660096,10455.58,2022-10-26,229445,False,,-14793.372727,96
6876,660192,10456.56,2022-11-23,71204,False,,-31810.245697,96
6877,660288,10457.59,2022-12-07,283505,False,,-6994.162018,96
6878,660384,10458.6,2022-12-17,429082,False,,-9219.518687,96
6879,660480,10459.58,2022-12-28,318180,False,,-9770.355919,96
6880,660576,10460.49,2022-01-24,151140,False,,-23618.460329,96
6881,660672,10461.48,2022-02-07,12280,False,,-22097.178579,96
6882,660768,10462.6,2022-02-21,27717,False,,-21977.589598,96
6883,660864,10463.59,2022-03-19,139940,False,,-23084.555804,96
6884,660960,10464.63,2022-04-13,12468,False,,-16950.54352,96
6885,661056,10465.69,2022-04-27,39533,False,,-10488.518474,96
6886,661152,10466.67,2022-05-09,379187,False,,-10363.856554,96
6887,661248,10467.61,2022-06-04,66892,False,,-20065.182153,96
6888,661344,10468.53,2022-06-22,947279,False,,-11571.872694,96
6889,661440,10469.52,2022-07-26,276204,False,,-20859.974017,96
6890,661536,10470.45,2022-08-03,609486,False,,-30534.380257,96
6891,661632,10471.54,2022-08-17,75311,False,,-22350.72827,96
6892,661728,10472.46,2022-09-07,945328,False,,-43648.871088,96
6893,661824,10473.46,2022-09-29,169267,False,,-14594.465917,96
6894,661920,10474.41,2022-10-12,454287,False,,-13584.680282,96
6895,662016,10475.42,2022-10-26,382253,False,,-14196.894526,96
6896,662112,10476.44,2022-11-23,158846,False,,-9080.112319,96
6897,662208,10477.39,2022-12-07,656711,False,,-26459.038046,96
6898,662304,10478.38,2022-12-17,105468,False,,-32242.065488,96
6899,662400,10479.35,2022-12-28,122245,False,,-14480.795448,96
6900,662496,10480.42,2022-01-24,384456,False,,-16826.294962,96
6901,662592,10481.33,2022-02-07,882421,False,,-40410.578047,96
6902,662688,10482.28,2022-02-21,265687,False,,-16475.455823,96
6903,662784,10483.25,2022-03-19,570270,False,,-24627.451975,96
6904,662880,10484.31,2022-04-13,255383,False,,-22563.626961,96
6905,662976,10485.25,2022-04-27,825785,False,,-15914.992916,96
6906,663072,10486.28,2022-05-09,244628,False,,-15562.794977,96
6907,663168,10487.14,2022-06-04,955150,False,,-19557.479167,96
6908,663264,10488.02,2022-06-22,752970,False,,-37728.792438,96
6909,663360,10489.12,2022-07-26,949444,False,,-21725.924565,96
6910,663456,10489.97,2022-08-03,9278,False,,-19108.024564,96
6911,663552,10490.89,2022-08-17,591684,False,,-20477.237546,96
6912,663648,10491.82,2022-09-07,6939,False,,-47448.254557,96
6913,663744,10492.79,2022-09-29,585604,False,,-16101.927231,96
6914,663840,10493.71,2022-10-12,885060,False,,-41961.114906,96
6915,663936,10494.8,2022-10-26,618995,False,,-13037.430152,96
6916,664032,10495.74,2022-11-23,241634,False,,-11055.173437,96
6917,664128,10496.67,2022-12-07,926777,False,,-29939.254636,96
6918,664224,10497.73,2022-12-17,95610,False,,-27833.361839,96
6919,664320,10498.7,2022-12-28,736297,False,,-40771.147593,96
6920,664416,10499.83,2022-01-24,343986,False,,-18549.011543,96
6921,664512,10500.77,2022-02-07,498170,False,,-36318.293131,96
6922,664608,10501.7,2022-02-21,170644,False,,-39961.102143,96
6923,664704,10502.7,2022-03-19,225030,False,,-39784.054057,96
6924,664800,10503.77,2022-04-13,716472,False,,-13725.608101,96
6925,664896,10504.76,2022-04-27,765180,False,,-20622.669127,96
6926,664992,10505.84,2022-05-09,535851,False,,-47133.07522,96
6927,665088,10506.87,2022-06-04,427478,False,,-12724.50875,96
6928,665184,10507.86,2022-06-22,364567,False,,-17718.757543,96
6929,665280,10508.9,2022-07-26,559637,False,,-29286.186275,96
6930,665376,10509.96,2022-08-03,38116,False,,-24764.919446,96
6931,665472,10511.02,2022-08-17,545472,False,,-38297.914804,96
6932,665568,10512.09,2022-09-07,167937,False,,-18610.999659,96
6933,665664,10513.12,2022-09-29,565429,False,,-13879.622134,96
6934,665760,10514.13,2022-10-12,103355,False,,-24905.168177,96
6935,665856,10515.11,2022-10-26,190584,False,,-17352.319404,96
6936,665952,10516.09,2022-11-23,815230,False,,-30365.414343,96
6937,666048,10517.04,2022-12-07,169016,False,,-21247.706673,96
6938,666144,10518.02,2022-12-17,882634,False,,-36523.430974,96
6939,666240,10518.95,2022-12-28,65675,False,,-17694.410899,96
6940,666336,10520.03,2022-01-24,696996,False,,-10053.332582,96
6941,666432,10520.99,2022-02-07,136401,False,,-18668.018027,96
6942,666528,10521.93,2022-02-21,989644,False,,-27844.531793,96
6943,666624,10522.94,2022-03-19,722398,False,,-19017.722319,96
6944,666720,10524.07,2022-04-13,557092,False,,-18227.020897,96
6945,666816,10524.99,2022-04-27,162505,False,,-21246.544727,96
6946,666912,10526.03,2022-05-09,934707,False,,-19608.090735,96
6947,667008,10527.08,2022-06-04,620373,False,,-12283.113054,96
6948,667104,10528.03,2022-06-22,394152,False,,-30263.692584,96
6949,667200,10529.09,2022-07-26,597228,False,,-30994.047068,96
6950,667296,10530.08,2022-08-03,204233,False,,-13416.309461,96
6951,667392,10531.1,2022-08-17,438120,False,,-14656.18375,96
6952,667488,10532.19,2022-09-07,232183,False,,-42911.77541,96
6953,667584,10533.2,2022-09-29,926281,False,,-17905.702636,96
6954,667680,10534.31,2022-10-12,131978,False,,-18302.638192,96
6955,667776,10535.38,2022-10-26,784507,False,,-21769.276289,96
6956,667872,10536.52,2022-11-23,389946,False,,-27903.948264,96
6957,667968,10537.7,2022-12-07,322055,False,,-26264.140936,96
6958,668064,10538.88,2022-12-17,184751,False,,-15759.187255,96
6959,668160,10540.04,2022-12-28,953490,False,,-14937.61403,96
6960,668256,10541.2,2022-01-24,116501,False,,-13901.487032,96
6961,668352,10542.36,2022-02-07,683723,False,,-18905.979185,96
6962,668448,10543.53,2022-02-21,535527,False,,-36174.439664,96
6963,668544,10544.66,2022-03-19,279235,False,,-39657.123713,96
6964,668640,10545.82,2022-04-13,15814,False,,-14929.31045,96
6965,668736,10546.97,2022-04-27,589879,False,,-22839.136815,96
6966,668832,10548.08,2022-05-09,335544,False,,-17547.976911,96
6967,668928,10549.23,2022-06-04,936824,False,,-13853.874308,96
6968,669024,10550.37,2022-06-22,817191,False,,-8299.590108,96
6969,669120,10551.53,2022-07-26,91884,False,,-24549.685618,96
6970,669216,10552.59,2022-08-03,404531,False,,-30396.868965,96
6971,669312,10553.65,2022-08-17,40087,False,,-18294.906663,96
6972,669408,10554.58,2022-09-07,357418,False,,-18597.840934,96
6973,669504,10555.72,2022-09-29,202391,False,,-22253.84535,96
6974,669600,10556.63,2022-10-12,848318,False,,-21885.881939,96
6975,669696,10557.58,2022-10-26,359145,False,,-55276.858107,96
6976,669792,10558.4,2022-11-23,168142,False,,-19783.164791,96
6977,669888,10559.42,2022-12-07,839979,False,,-56319.354779,96
6978,669984,10560.42,2022-12-17,55132,False,,-21091.838418,96
6979,670080,10569.83,2022-12-28,380823,False,,-24292.279204,96
6980,670176,10570.8,2022-01-24,559531,False,,-15412.821517,96
6981,670272,10571.84,2022-02-07,186752,False,,-30833.853044,96
6982,670368,10572.93,2022-02-21,384872,False,,-11194.866006,96
6983,670464,10574.08,2022-03-19,708052,False,,-19419.535967,96
6984,670560,10575.16,2022-04-13,859577,False,,-24610.155412,96
6985,670656,10576.22,2022-04-27,378640,False,,-20729.363063,96
6986,670752,10577.31,2022-05-09,106971,False,,-27196.287016,96
6987,670848,10578.26,2022-06-04,874039,False,,-11071.771339,96
6988,670944,10579.17,2022-06-22,285233,False,,-17444.456547,96
6989,671040,10580.26,2022-07-26,671129,False,,-25053.145025,96
6990,671136,10581.33,2022-08-03,324124,False,,-17011.948602,96
6991,671232,10582.33,2022-08-17,660231,False,,-12436.015819,96
6992,671328,10583.36,2022-09-07,854710,False,,-15554.921629,96
6993,671424,10584.42,2022-09-29,840884,False,,-27194.749108,96
6994,671520,10585.43,2022-10-12,780845,False,,-24708.75485,96
6995,671616,10586.45,2022-10-26,357027,False,,-14158.937889,96
6996,671712,10587.48,2022-11-23,630917,False,,-18222.385822,96
6997,671808,10588.37,2022-12-07,830653,False,,-16126.227903,96
6998,671904,10589.3,2022-12-17,552055,False,,-14162.188241,96
6999,672000,10590.33,2022-12-28,573810,False,,-22123.969974,96
7000,672096,10591.27,2022-01-24,125367,False,,-46558.091607,96
7001,672192,10592.3,2022-02-07,810291,False,,-21786.377592,96
7002,672288,10593.31,2022-02-21,313780,False,,-27938.166127,96
7003,672384,10594.3,2022-03-19,678592,False,,-16623.2461,96
7004,672480,10595.29,2022-04-13,383727,False,,-12892.001659,96
7005,672576,10596.29,2022-04-27,583936,False,,-15963.528403,96
7006,672672,10597.34,2022-05-09,967289,False,,-42321.760817,96
7007,672768,10598.35,2022-06-04,804182,False,,-15597.059233,96
7008,672864,10599.32,2022-06-22,111330,False,,-12299.174816,96
7009,672960,10600.35,2022-07-26,151428,False,,-22990.979984,96
7010,673056,10601.32,2022-08-03,922171,False,,-16642.631639,96
7011,673152,10602.19,2022-08-17,350916,False,,-21737.912212,96
7012,673248,10603.01,2022-09-07,841150,False,,-34352.326142,96
7013,673344,10603.98,2022-09-29,763256,False,,-19609.019408,96
7014,673440,10604.86,2022-10-12,424879,False,,-21614.660118,96
7015,673536,10605.79,2022-10-26,694583,False,,-47701.969602,96
7016,673632,10606.75,2022-11-23,161055,False,,-17778.618683,96
7017,673728,10607.81,2022-12-07,560728,False,,-15249.036574,96
7018,673824,10608.74,2022-12-17,188769,False,,-11766.218029,96
7019,673920,10609.73,2022-12-28,667425,False,,-35346.058971,96
7020,674016,10610.64,2022-01-24,528527,False,,-19021.326124,96
7021,674112,10611.62,2022-02-07,147245,False,,-18039.530441,96
7022,674208,10612.68,2022-02-21,54944,False,,-14621.020085,96
7023,674304,10613.7,2022-03-19,581521,False,,-17340.84126,96
7024,674400,10614.69,2022-04-13,983465,False,,-22977.518949,96
7025,674496,10615.55,2022-04-27,395348,False,,-31966.569201,96
7026,674592,10616.53,2022-05-09,500616,False,,-13372.33332,96
7027,674688,10617.52,2022-06-04,586895,False,,-18316.681156,96
7028,674784,10618.44,2022-06-22,542942,False,,-19092.102534,96
7029,674880,10619.34,2022-07-26,403655,False,,-20750.958229,96
7030,674976,10620.39,2022-08-03,790653,False,,-16616.095681,96
7031,675072,10621.44,2022-08-17,661133,False,,-25138.225314,96
7032,675168,10622.41,2022-09-07,127620,False,,-19555.988174,96
7033,675264,10623.4,2022-09-29,971242,False,,-19983.090122,96
7034,675360,10624.54,2022-10-12,494512,False,,-18429.194974,96
7035,675456,10625.49,2022-10-26,448375,False,,-13086.237863,96
7036,675552,10626.61,2022-11-23,530068,False,,-22053.045453,96
7037,675648,10627.66,2022-12-07,45730,False,,-31878.618185,96
7038,675744,10628.78,2022-12-17,492018,False,,-18354.498307,96
7039,675840,10629.69,2022-12-28,676560,False,,-21058.044101,96
7040,675936,10630.76,2022-01-24,962991,False,,-26426.223681,96
7041,676032,10631.71,2022-02-07,769751,False,,-52125.527283,96
7042,676128,10632.73,2022-02-21,929837,False,,-7767.910379,96
7043,676224,10633.77,2022-03-19,76775,False,,-14550.909449,96
7044,676320,10634.75,2022-04-13,849347,False,,-21772.784914,96
7045,676416,10635.77,2022-04-27,170180,False,,-13514.00985,96
7046,676512,10636.82,2022-05-09,925938,False,,-18394.922814,96
7047,676608,10637.78,2022-06-04,765439,False,,-19764.877741,96
7048,676704,10638.82,2022-06-22,232135,False,,-20012.956652,96
7049,676800,10639.71,2022-07-26,876876,False,,-62760.455974,96
7050,676896,10640.65,2022-08-03,243077,False,,-13891.051651,96
7051,676992,10641.71,2022-08-17,748561,False,,-15122.522757,96
7052,677088,10642.6,2022-09-07,602484,False,,-35659.205973,96
7053,677184,10643.64,2022-09-29,330241,False,,-25205.515331,96
7054,677280,10644.63,2022-10-12,61031,False,,-42975.072685,96
7055,677376,10645.66,2022-10-26,971553,False,,-15601.640735,96
7056,677472,10646.65,2022-11-23,990724,False,,-19171.838168,96
7057,677568,10647.66,2022-12-07,575129,False,,-24430.627057,96
7058,677664,10648.5,2022-12-17,977639,False,,-12815.878346,96
7059,677760,10649.53,2022-12-28,507001,False,,-18787.262783,96
7060,677856,10650.53,2022-01-24,89417,False,,-23227.628649,96
7061,677952,10651.58,2022-02-07,77311,False,,-20987.013583,96
7062,678048,10652.66,2022-02-21,906494,False,,-18177.61368,96
7063,678144,10653.68,2022-03-19,305590,False,,-16999.378461,96
7064,678240,10654.73,2022-04-13,535508,False,,-9379.992742,96
7065,678336,10655.82,2022-04-27,966510,False,,-21573.334039,96
7066,678432,10656.91,2022-05-09,656650,False,,-21742.314891,96
7067,678528,10657.77,2022-06-04,417884,False,,-9432.91495,96
7068,678624,10658.7,2022-06-22,607650,False,,-22470.815749,96
7069,678720,10660.0,2022-07-26,775843,False,,-31432.024005,96
7070,678816,10661.06,2022-08-03,520619,False,,-18521.615139,96
7071,678912,10662.0,2022-08-17,775932,False,,-36528.935277,96
7072,679008,10663.11,2022-09-07,43748,False,,-21163.811142,96
7073,679104,10664.19,2022-09-29,838299,False,,-23602.916628,96
7074,679200,10665.21,2022-10-12,502930,False,,-33905.114813,96
7075,679296,10666.28,2022-10-26,984450,False,,-10826.795377,96
7076,679392,10667.32,2022-11-23,119328,False,,-22577.800112,96
7077,679488,10668.26,2022-12-07,679215,False,,-8780.459602,96
7078,679584,10669.33,2022-12-17,937882,False,,-13669.588109,96
7079,679680,10670.22,2022-12-28,268527,False,,-19249.859279,96
7080,679776,10671.27,2022-01-24,450375,False,,-15018.598936,96
7081,679872,10672.19,2022-02-07,66269,False,,-21043.445217,96
7082,679968,10673.08,2022-02-21,816826,False,,-18273.887323,96
7083,680064,10682.79,2022-03-19,622810,False,,-18396.810731,96
7084,680160,10683.91,2022-04-13,274894,False,,-15641.239121,96
7085,680256,10685.0,2022-04-27,953347,False,,-23692.988241,96
7086,680352,10685.99,2022-05-09,276186,False,,-21163.906882,96
7087,680448,10686.87,2022-06-04,942594,False,,-22282.135217,96
7088,680544,10687.86,2022-06-22,382132,False,,-34437.999765,96
7089,680640,10688.93,2022-07-26,274016,False,,-16272.40326,96
7090,680736,10689.92,2022-08-03,292171,False,,-25300.664792,96
7091,680832,10691.05,2022-08-17,40981,False,,-29060.959056,96
7092,680928,10692.02,2022-09-07,754003,False,,-15164.041869,96
7093,681024,10692.97,2022-09-29,839370,False,,-11202.402856,96
7094,681120,10694.01,2022-10-12,595344,False,,-13602.135386,96
7095,681216,10695.08,2022-10-26,51640,False,,-20856.102387,96
7096,681312,10695.94,2022-11-23,439679,False,,-11231.654955,96
7097,681408,10696.92,2022-12-07,14140,False,,-24674.457457,96
7098,681504,10697.97,2022-12-17,888604,False,,-40094.459378,96
7099,681600,10698.94,2022-12-28,839565,False,,-13868.493408,96
7100,681696,10699.88,2022-01-24,427915,False,,-17657.898115,96
7101,681792,10700.89,2022-02-07,652132,False,,-39387.868909,96
7102,681888,10701.95,2022-02-21,195713,False,,-15631.459607,96
7103,681984,10702.94,2022-03-19,628368,False,,-15767.03452,96
7104,682080,10704.0,2022-04-13,902259,False,,-14784.357587,96
7105,682176,10704.9,2022-04-27,223041,False,,-14179.751403,96
7106,682272,10705.91,2022-05-09,48152,False,,-35342.816492,96
7107,682368,10706.98,2022-06-04,109128,False,,-21044.158377,96
7108,682464,10708.06,2022-06-22,178968,False,,-36520.01378,96
7109,682560,10709.06,2022-07-26,709828,False,,-19318.248002,96
7110,682656,10710.01,2022-08-03,900560,False,,-15819.192045,96
7111,682752,10711.08,2022-08-17,912108,False,,-32692.933884,96
7112,682848,10712.1,2022-09-07,299295,False,,-7401.723452,96
7113,682944,10713.18,2022-09-29,915994,False,,-28115.324822,96
7114,683040,10714.26,2022-10-12,783561,False,,-26846.018117,96
7115,683136,10715.15,2022-10-26,236754,False,,-19192.971875,96
7116,683232,10716.07,2022-11-23,796511,False,,-16122.770742,96
7117,683328,10717.09,2022-12-07,953260,False,,-17242.349593,96
7118,683424,10718.03,2022-12-17,288517,False,,-20503.551733,96
7119,683520,10719.02,2022-12-28,598673,False,,-9339.308042,96
7120,683616,10720.1,2022-01-24,641608,False,,-31096.064438,96
7121,683712,10721.22,2022-02-07,681479,False,,-15912.452006,96
7122,683808,10722.24,2022-02-21,633069,False,,-33828.406206,96
7123,683904,10723.27,2022-03-19,270284,False,,-15591.746325,96
7124,684000,10724.39,2022-04-13,396834,False,,-26909.566718,96
7125,684096,10725.38,2022-04-27,179000,False,,-31890.125083,96
7126,684192,10726.43,2022-05-09,581436,False,,-24887.572713,96
7127,684288,10727.39,2022-06-04,651713,False,,-11278.701404,96
7128,684384,10728.31,2022-06-22,662942,False,,-30128.25446,96
7129,684480,10729.28,2022-07-26,339267,False,,-14189.345933,96
7130,684576,10730.36,2022-08-03,691169,False,,-32940.909526,96
7131,684672,10731.43,2022-08-17,809178,False,,-17936.676334,96
7132,684768,10732.54,2022-09-07,787682,False,,-24997.599901,96
7133,684864,10733.55,2022-09-29,333493,False,,-22222.094515,96
7134,684960,10734.55,2022-10-12,620702,False,,-16717.342901,96
7135,685056,10735.51,2022-10-26,749850,False,,-10523.724858,96
7136,685152,10736.39,2022-11-23,566703,False,,-14752.133613,96
7137,685248,10737.38,2022-12-07,724433,False,,-33094.015679,96
7138,685344,10738.43,2022-12-17,521834,False,,-17237.709827,96
7139,685440,10739.29,2022-12-28,77578,False,,-30231.030055,96
7140,685536,10740.31,2022-01-24,384673,False,,-12990.351424,96
7141,685632,10741.39,2022-02-07,964730,False,,-11910.250917,96
7142,685728,10742.4,2022-02-21,410399,False,,-26454.428687,96
7143,685824,10743.47,2022-03-19,363987,False,,-15439.912607,96
7144,685920,10744.31,2022-04-13,306532,False,,-38655.386452,96
7145,686016,10745.43,2022-04-27,333902,False,,-15417.649231,96
7146,686112,10746.36,2022-05-09,733262,False,,-23310.593841,96
7147,686208,10747.42,2022-06-04,397059,False,,-21586.933142,96
7148,686304,10748.52,2022-06-22,209146,False,,-15895.19941,96
7149,686400,10749.64,2022-07-26,229822,False,,-39789.44107,96
7150,686496,10750.6,2022-08-03,198844,False,,-27840.118922,96
7151,686592,10751.6,2022-08-17,764014,False,,-22320.983408,96
7152,686688,10752.45,2022-09-07,790427,False,,-12161.823096,96
7153,686784,10753.39,2022-09-29,507774,False,,-21440.695901,96
7154,686880,10754.38,2022-10-12,321213,False,,-13938.673799,96
7155,686976,10755.4,2022-10-26,495653,False,,-13915.054252,96
7156,687072,10756.52,2022-11-23,850967,False,,-30709.556034,96
7157,687168,10757.56,2022-12-07,993230,False,,-16628.525902,96
7158,687264,10758.61,2022-12-17,514923,False,,-23495.661126,96
7159,687360,10759.66,2022-12-28,490069,False,,-25119.698413,96
7160,687456,10760.77,2022-01-24,533313,False,,-28879.673788,96
7161,687552,10761.74,2022-02-07,487931,False,,-23198.867552,96
7162,687648,10762.65,2022-02-21,433107,False,,-18827.123438,96
7163,687744,10763.51,2022-03-19,158241,False,,-17491.690583,96
7164,687840,10764.44,2022-04-13,818370,False,,-20178.912845,96
7165,687936,10765.46,2022-04-27,222051,False,,-39272.01124,96
7166,688032,10766.44,2022-05-09,276452,False,,-29834.174323,96
7167,688128,10767.5,2022-06-04,808269,False,,-19438.514588,96
7168,688224,10768.42,2022-06-22,541392,False,,-27581.79789,96
7169,688320,10769.52,2022-07-26,304461,False,,-16049.320161,96
7170,688416,10770.56,2022-08-03,525917,False,,-24130.948173,96
7171,688512,10771.44,2022-08-17,208455,False,,-21652.439182,96
7172,688608,10772.39,2022-09-07,173210,False,,-21479.41776,96
7173,688704,10773.32,2022-09-29,640869,False,,-19382.109898,96
7174,688800,10774.3,2022-10-12,762623,False,,-20811.038794,96
7175,688896,10775.29,2022-10-26,312357,False,,-33406.957575,96
7176,688992,10776.28,2022-11-23,336787,False,,-29040.173627,96
7177,689088,10777.3,2022-12-07,628849,False,,-12060.024615,96
7178,689184,10778.2,2022-12-17,170849,False,,-8959.509903,96
7179,689280,10779.32,2022-12-28,507486,False,,-27751.541038,96
7180,689376,10780.43,2022-01-24,950527,False,,-32260.683678,96
7181,689472,10781.37,2022-02-07,857828,False,,-14477.37112,96
7182,689568,10782.28,2022-02-21,598996,False,,-22954.649082,96
7183,689664,10783.33,2022-03-19,781676,False,,-24862.03024,96
7184,689760,10784.25,2022-04-13,538115,False,,-16484.661347,96
7185,689856,10785.3,2022-04-27,773615,False,,-20336.560824,96
7186,689952,10786.14,2022-05-09,866538,False,,-24216.380962,96
7187,690048,10795.54,2022-06-04,857379,False,,-7011.865622,96
7188,690144,10796.65,2022-06-22,246968,False,,-24290.40414,96
7189,690240,10797.79,2022-07-26,224886,False,,-13762.313285,96
7190,690336,10798.78,2022-08-03,847422,False,,-34057.69842,96
7191,690432,10799.87,2022-08-17,706641,False,,-17082.537909,96
7192,690528,10800.98,2022-09-07,57280,False,,-13321.638987,96
7193,690624,10802.1,2022-09-29,374195,False,,-23772.709973,96
7194,690720,10802.98,2022-10-12,854912,False,,-27308.1951,96
7195,690816,10803.99,2022-10-26,766957,False,,-17732.231267,96
7196,690912,10804.96,2022-11-23,634277,False,,-44514.783481,96
7197,691008,10805.98,2022-12-07,183122,False,,-35361.688408,96
7198,691104,10807.08,2022-12-17,235527,False,,-22594.22276,96
7199,691200,10808.18,2022-12-28,914020,False,,-51716.828352,96
7200,691296,10809.19,2022-01-24,128711,False,,-21393.547314,96
7201,691392,10810.22,2022-02-07,395569,False,,-23277.748309,96
7202,691488,10811.18,2022-02-21,383921,False,,-22597.797207,96
7203,691584,10812.23,2022-03-19,587964,False,,-18682.381578,96
7204,691680,10813.25,2022-04-13,362896,False,,-62431.980648,96
7205,691776,10814.36,2022-04-27,652246,False,,-12745.334756,96
7206,691872,10815.36,2022-05-09,104360,False,,-28214.123157,96
7207,691968,10816.45,2022-06-04,400133,False,,-15360.995406,96
7208,692064,10817.35,2022-06-22,900800,False,,-9560.422632,96
7209,692160,10818.37,2022-07-26,902,False,,-15930.916112,96
7210,692256,10819.25,2022-08-03,454577,False,,-26558.35904,96
7211,692352,10820.15,2022-08-17,240699,False,,-10060.401027,96
7212,692448,10821.15,2022-09-07,31922,False,,-13108.121298,96
7213,692544,10822.14,2022-09-29,242271,False,,-25921.835635,96
7214,692640,10823.02,2022-10-12,298652,False,,-12341.766799,96
7215,692736,10824.03,2022-10-26,977391,False,,-45729.654824,96
7216,692832,10824.97,2022-11-23,505772,False,,-38249.172497,96
7217,692928,10825.91,2022-12-07,701840,False,,-25814.198982,96
7218,693024,10826.86,2022-12-17,833322,False,,-20487.159867,96
7219,693120,10827.87,2022-12-28,38355,False,,-23699.571109,96
7220,693216,10828.93,2022-01-24,709914,False,,-16171.884615,96
7221,693312,10829.87,2022-02-07,44703,False,,-22631.589888,96
7222,693408,10830.83,2022-02-21,538832,False,,-19244.469367,96
7223,693504,10831.79,2022-03-19,193422,False,,-23580.301262,96
7224,693600,10832.86,2022-04-13,407112,False,,-23326.198079,96
7225,693696,10833.89,2022-04-27,566270,False,,-17014.00757,96
7226,693792,10834.84,2022-05-09,609535,False,,-15290.287921,96
7227,693888,10835.85,2022-06-04,469322,False,,-9610.24674,96
7228,693984,10836.85,2022-06-22,113303,False,,-36928.893638,96
7229,694080,10837.96,2022-07-26,721264,False,,-26012.981506,96
7230,694176,10839.06,2022-08-03,634784,False,,-23450.533484,96
7231,694272,10839.96,2022-08-17,932800,False,,-26837.021174,96
7232,694368,10841.04,2022-09-07,370253,False,,-14737.246854,96
7233,694464,10842.07,2022-09-29,919720,False,,-23381.019931,96
7234,694560,10843.12,2022-10-12,316410,False,,-27469.103819,96
7235,694656,10844.16,2022-10-26,211194,False,,-19994.381858,96
7236,694752,10845.17,2022-11-23,867207,False,,-12408.834184,96
7237,694848,10846.03,2022-12-07,151763,False,,-28615.677006,96
7238,694944,10846.91,2022-12-17,109566,False,,-16096.37931,96
7239,695040,10847.98,2022-12-28,476885,False,,-14946.365117,96
7240,695136,10849.06,2022-01-24,284420,False,,-20512.994754,96
7241,695232,10850.09,2022-02-07,436938,False,,-17576.864082,96
7242,695328,10851.09,2022-02-21,427385,False,,-24282.927168,96
7243,695424,10852.2,2022-03-19,662994,False,,-18143.487957,96
7244,695520,10853.3,2022-04-13,254074,False,,-23633.935329,96
7245,695616,10854.39,2022-04-27,637542,False,,-28659.005208,96
7246,695712,10855.38,2022-05-09,279936,False,,-18249.456874,96
7247,695808,10856.3,2022-06-04,181960,False,,-19770.130017,96
7248,695904,10857.2,2022-06-22,260409,False,,-27280.616654,96
7249,696000,10858.27,2022-07-26,666336,False,,-18675.088985,96
7250,696096,10859.39,2022-08-03,487373,False,,-20085.052767,96
7251,696192,10860.43,2022-08-17,827196,False,,-18648.311123,96
7252,696288,10861.52,2022-09-07,780456,False,,-17692.04911,96
7253,696384,10862.52,2022-09-29,563786,False,,-18332.556305,96
7254,696480,10863.5,2022-10-12,280982,False,,-10002.240093,96
7255,696576,10864.49,2022-10-26,625419,False,,-15851.755911,96
7256,696672,10865.52,2022-11-23,57278,False,,-28120.34433,96
7257,696768,10866.58,2022-12-07,912780,False,,-15195.120884,96
7258,696864,10867.71,2022-12-17,647540,False,,-26150.71462,96
7259,696960,10868.66,2022-12-28,514723,False,,-35485.492775,96
7260,697056,10869.61,2022-01-24,760783,False,,-10200.975935,96
7261,697152,10870.6,2022-02-07,878684,False,,-18755.696763,96
7262,697248,10871.55,2022-02-21,265829,False,,-13541.870506,96
7263,697344,10872.59,2022-03-19,968510,False,,-15483.587335,96
7264,697440,10873.65,2022-04-13,532599,False,,-31456.926159,96
7265,697536,10874.61,2022-04-27,269582,False,,-14311.922071,96
7266,697632,10875.63,2022-05-09,415743,False,,-18637.738233,96
7267,697728,10876.59,2022-06-04,204381,False,,-21216.695569,96
7268,697824,10877.75,2022-06-22,167678,False,,-15369.645319,96
7269,697920,10878.88,2022-07-26,202850,False,,-19607.681681,96
7270,698016,10879.98,2022-08-03,845976,False,,-16864.884799,96
7271,698112,10881.11,2022-08-17,718073,False,,-19910.415567,96
7272,698208,10882.3,2022-09-07,550633,False,,-16933.338538,96
7273,698304,10883.43,2022-09-29,390905,False,,-10147.788031,96
7274,698400,10884.61,2022-10-12,653069,False,,-32246.325811,96
7275,698496,10885.77,2022-10-26,374266,False,,-14396.028147,96
7276,698592,10886.88,2022-11-23,34006,False,,-14551.271502,96
7277,698688,10888.07,2022-12-07,572093,False,,-19649.782984,96
7278,698784,10889.24,2022-12-17,792905,False,,-13531.66066,96
7279,698880,10890.36,2022-12-28,233272,False,,-41642.387358,96
7280,698976,10891.58,2022-01-24,558305,False,,-6587.27604,96
7281,699072,10892.74,2022-02-07,675394,False,,-31832.56638,96
7282,699168,10893.94,2022-02-21,975526,False,,-24847.43136,96
7283,699264,10894.96,2022-03-19,137118,False,,-37684.307136,96
7284,699360,10895.94,2022-04-13,784495,False,,-19808.630561,96
7285,699456,10897.02,2022-04-27,60902,False,,-23570.613879,96
7286,699552,10898.04,2022-05-09,638515,False,,-20855.622357,96
7287,699648,10899.06,2022-06-04,82620,False,,-25201.249721,96
7288,699744,10900.13,2022-06-22,102113,False,,-20610.414574,96
7289,699840,10901.06,2022-07-26,836094,False,,-13799.282442,96
7290,699936,10902.01,2022-08-03,841121,False,,-16609.669351,96
7291,700032,10911.5,2022-08-17,506940,False,,-23200.077955,96
7292,700128,10912.45,2022-09-07,228114,False,,-21421.520225,96
7293,700224,10913.46,2022-09-29,343470,False,,-15734.088815,96
7294,700320,10914.51,2022-10-12,808343,False,,-22809.459321,96
7295,700416,10915.51,2022-10-26,226847,False,,-11767.493246,96
7296,700512,10916.55,2022-11-23,300159,False,,-34532.330921,96
7297,700608,10917.54,2022-12-07,372733,False,,-18056.167423,96
7298,700704,10918.55,2022-12-17,233623,False,,-29660.432216,96
7299,700800,10919.65,2022-12-28,192385,False,,-34158.387363,96
7300,700896,10920.69,2022-01-24,255715,False,,-18394.225667,96
7301,700992,10921.74,2022-02-07,122285,False,,-22194.068059,96
7302,701088,10922.78,2022-02-21,166849,False,,-15315.600234,96
7303,701184,10923.73,2022-03-19,542009,False,,-16949.254088,96
7304,701280,10924.8,2022-04-13,435396,False,,-14537.604549,96
7305,701376,10925.84,2022-04-27,88178,False,,-19547.974401,96
7306,701472,10926.73,2022-05-09,431468,False,,-17079.783778,96
7307,701568,10927.76,2022-06-04,644741,False,,-21346.802975,96
7308,701664,10928.73,2022-06-22,309269,False,,-15013.544756,96
7309,701760,10929.79,2022-07-26,745563,False,,-18096.435758,96
7310,701856,10930.9,2022-08-03,437137,False,,-21131.522369,96
7311,701952,10932.04,2022-08-17,718786,False,,-31314.656718,96
7312,702048,10933.14,2022-09-07,839378,False,,-28907.637257,96
7313,702144,10934.01,2022-09-29,575779,False,,-7377.73919,96
7314,702240,10934.97,2022-10-12,615512,False,,-17652.037453,96
7315,702336,10936.0,2022-10-26,316338,False,,-25682.222012,96
7316,702432,10937.04,2022-11-23,72949,False,,-28377.203925,96
7317,702528,10938.14,2022-12-07,224431,False,,-11859.513549,96
7318,702624,10939.16,2022-12-17,331281,False,,-12140.208019,96
7319,702720,10940.14,2022-12-28,31529,False,,-16782.799263,96
7320,702816,10941.09,2022-01-24,538324,False,,-17144.354675,96
7321,702912,10942.06,2022-02-07,987584,False,,-16950.597344,96
7322,703008,10943.07,2022-02-21,405077,False,,-25249.061453,96
7323,703104,10944.0,2022-03-19,288862,False,,-16892.539249,96
7324,703200,10945.08,2022-04-13,555187,False,,-26715.388133,96
7325,703296,10946.04,2022-04-27,863075,False,,-13486.125599,96
7326,703392,10947.05,2022-05-09,976689,False,,-18880.413408,96
7327,703488,10948.12,2022-06-04,122421,False,,-27357.155561,96
7328,703584,10949.11,2022-06-22,684025,False,,-17615.702308,96
7329,703680,10950.1,2022-07-26,630857,False,,-39877.829208,96
7330,703776,10951.16,2022-08-03,621023,False,,-30508.414492,96
7331,703872,10952.11,2022-08-17,251936,False,,-29213.775587,96
7332,703968,10953.13,2022-09-07,946876,False,,-25731.145207,96
7333,704064,10954.27,2022-09-29,349528,False,,-8436.37763,96
7334,704160,10955.32,2022-10-12,617904,False,,-17584.605407,96
7335,704256,10956.31,2022-10-26,985959,False,,-32487.069952,96
7336,704352,10957.21,2022-11-23,24898,False,,-16408.735245,96
7337,704448,10958.08,2022-12-07,675071,False,,-24700.304933,96
7338,704544,10959.11,2022-12-17,448573,False,,-18578.155913,96
7339,704640,10960.06,2022-12-28,901386,False,,-17315.89514,96
7340,704736,10961.13,2022-01-24,940389,False,,-42718.36198,96
7341,704832,10962.04,2022-02-07,119205,False,,-17048.398275,96
7342,704928,10963.03,2022-02-21,785961,False,,-20017.395222,96
7343,705024,10964.01,2022-03-19,631332,False,,-26703.968455,96
7344,705120,10965.11,2022-04-13,121360,False,,-15453.030142,96
7345,705216,10966.04,2022-04-27,789318,False,,-24670.514051,96
7346,705312,10967.09,2022-05-09,967973,False,,-15085.677786,96
7347,705408,10968.22,2022-06-04,27687,False,,-44222.482015,96
7348,705504,10969.26,2022-06-22,626135,False,,-30205.751307,96
7349,705600,10970.15,2022-07-26,303735,False,,-29941.367647,96
7350,705696,10971.04,2022-08-03,482006,False,,-23886.855985,96
7351,705792,10971.97,2022-08-17,983322,False,,-12068.12351,96
7352,705888,10973.07,2022-09-07,501783,False,,-18596.1513,96
7353,705984,10973.94,2022-09-29,894754,False,,-21599.979961,96
7354,706080,10974.91,2022-10-12,499851,False,,-24037.027954,96
7355,706176,10975.87,2022-10-26,139728,False,,-54334.442365,96
7356,706272,10976.93,2022-11-23,907734,False,,-16837.092141,96
7357,706368,10977.99,2022-12-07,918913,False,,-13681.969827,96
7358,706464,10978.9,2022-12-17,104690,False,,-16829.062511,96
7359,706560,10979.95,2022-12-28,265935,False,,-20771.071102,96
7360,706656,10981.01,2022-01-24,687768,False,,-20835.497859,96
7361,706752,10982.01,2022-02-07,15024,False,,-21607.655252,96
7362,706848,10982.98,2022-02-21,697485,False,,-17944.239059,96
7363,706944,10984.08,2022-03-19,333041,False,,-13425.30601,96
7364,707040,10985.1,2022-04-13,838913,False,,-23752.871562,96
7365,707136,10986.18,2022-04-27,896483,False,,-14018.763381,96
7366,707232,10987.29,2022-05-09,399115,False,,-22656.125253,96
7367,707328,10988.37,2022-06-04,284613,False,,-21632.121185,96
7368,707424,10989.41,2022-06-22,861239,False,,-16463.694054,96
7369,707520,10990.32,2022-07-26,754166,False,,-13314.356083,96
7370,707616,10991.24,2022-08-03,298454,False,,-23626.271816,96
7371,707712,10992.09,2022-08-17,877243,False,,-17038.193428,96
7372,707808,10993.09,2022-09-07,802689,False,,-23871.570817,96
7373,707904,10994.1,2022-09-29,226477,False,,-16621.742344,96
7374,708000,10994.92,2022-10-12,640744,False,,-35341.868295,96
7375,708096,10996.07,2022-10-26,781284,False,,-22868.148731,96
7376,708192,10997.09,2022-11-23,837889,False,,-24459.841375,96
7377,708288,10998.16,2022-12-07,17599,False,,-12926.98642,96
7378,708384,10999.18,2022-12-17,690451,False,,-77285.355069,96
7379,708480,11000.17,2022-12-28,403177,False,,-26497.164693,96
7380,708576,11001.05,2022-01-24,435190,False,,-18558.387444,96
7381,708672,11002.12,2022-02-07,594708,False,,-17460.466931,96
7382,708768,11003.18,2022-02-21,268277,False,,-33720.294256,96
7383,708864,11004.17,2022-03-19,548443,False,,-13502.458209,96
7384,708960,11005.1,2022-04-13,399030,False,,-19212.301899,96
7385,709056,11006.12,2022-04-27,476329,False,,-19535.989542,96
7386,709152,11007.17,2022-05-09,626331,False,,-16058.66897,96
7387,709248,11008.07,2022-06-04,161310,False,,-24625.636186,96
7388,709344,11009.02,2022-06-22,6207,False,,-15534.123582,96
7389,709440,11009.88,2022-07-26,85803,False,,-15953.265064,96
7390,709536,11010.81,2022-08-03,90608,False,,-28099.535929,96
7391,709632,11011.71,2022-08-17,501097,False,,-34862.764862,96
7392,709728,11012.76,2022-09-07,653331,False,,-12218.912103,96
7393,709824,11013.68,2022-09-29,569716,False,,-19732.735725,96
7394,709920,11014.74,2022-10-12,494168,False,,-19934.723263,96
7395,710016,11024.1,2022-10-26,792074,False,,-35509.733715,96
7396,710112,11024.98,2022-11-23,32863,False,,-23588.301063,96
7397,710208,11025.81,2022-12-07,3215,False,,-30630.014866,96
7398,710304,11026.81,2022-12-17,448384,False,,-24785.294607,96
7399,710400,11027.85,2022-12-28,925119,False,,-11187.854611,96
7400,710496,11028.85,2022-01-24,639342,False,,-28619.778866,96
7401,710592,11029.76,2022-02-07,60272,False,,-18847.251988,96
7402,710688,11030.8,2022-02-21,651939,False,,-26870.646186,96
7403,710784,11031.81,2022-03-19,376330,False,,-18574.420938,96
7404,710880,11032.78,2022-04-13,882664,False,,-19136.133478,96
7405,710976,11033.77,2022-04-27,489287,False,,-38926.606615,96
7406,711072,11034.67,2022-05-09,654917,False,,-16087.210787,96
7407,711168,11035.7,2022-06-04,668334,False,,-24883.963837,96
7408,711264,11036.52,2022-06-22,874339,False,,-20496.791244,96
7409,711360,11037.41,2022-07-26,387513,False,,-16542.18369,96
7410,711456,11038.43,2022-08-03,860550,False,,-18892.469691,96
7411,711552,11039.5,2022-08-17,764345,False,,-17752.857766,96
7412,711648,11040.43,2022-09-07,316296,False,,-28242.122677,96
7413,711744,11041.42,2022-09-29,178755,False,,-25025.283722,96
7414,711840,11042.41,2022-10-12,371208,False,,-24669.411817,96
7415,711936,11043.34,2022-10-26,283830,False,,-9778.900962,96
7416,712032,11044.41,2022-11-23,253502,False,,-18820.332837,96
7417,712128,11045.39,2022-12-07,305515,False,,-27274.085501,96
7418,712224,11046.32,2022-12-17,51882,False,,-10973.145263,96
7419,712320,11047.33,2022-12-28,387774,False,,-32250.335836,96
7420,712416,11048.39,2022-01-24,716820,False,,-20099.372796,96
7421,712512,11049.29,2022-02-07,976903,False,,-27823.490838,96
7422,712608,11050.42,2022-02-21,226172,False,,-21551.731231,96
7423,712704,11051.26,2022-03-19,276206,False,,-16765.397412,96
7424,712800,11052.1,2022-04-13,185399,False,,-12475.908734,96
7425,712896,11052.98,2022-04-27,177296,False,,-18522.06694,96
7426,712992,11053.88,2022-05-09,203960,False,,-26823.937634,96
7427,713088,11055.01,2022-06-04,751995,False,,-12096.271783,96
7428,713184,11055.92,2022-06-22,682339,False,,-47420.587046,96
7429,713280,11057.01,2022-07-26,508330,False,,-35586.191521,96
7430,713376,11057.91,2022-08-03,449851,False,,-17678.868149,96
7431,713472,11058.99,2022-08-17,328602,False,,-12752.257922,96
7432,713568,11060.04,2022-09-07,310491,False,,-12124.84002,96
7433,713664,11061.12,2022-09-29,724267,False,,-14096.344005,96
7434,713760,11062.2,2022-10-12,757888,False,,-28873.855026,96
7435,713856,11063.28,2022-10-26,737744,False,,-13260.11054,96
7436,713952,11064.34,2022-11-23,993596,False,,-23325.308232,96
7437,714048,11065.32,2022-12-07,583879,False,,-18919.860627,96
7438,714144,11066.26,2022-12-17,168116,False,,-13387.4515,96
7439,714240,11067.32,2022-12-28,797915,False,,-27826.538265,96
7440,714336,11068.33,2022-01-24,332651,False,,-44024.964763,96
7441,714432,11069.36,2022-02-07,436720,False,,-22467.559155,96
7442,714528,11070.39,2022-02-21,60380,False,,-13465.879891,96
7443,714624,11071.45,2022-03-19,815392,False,,-28777.110402,96
7444,714720,11072.48,2022-04-13,460665,False,,-27998.027554,96
7445,714816,11073.58,2022-04-27,751063,False,,-26470.690395,96
7446,714912,11074.61,2022-05-09,319018,False,,-17455.440373,96
7447,715008,11075.6,2022-06-04,33335,False,,-38105.421849,96
7448,715104,11076.62,2022-06-22,934600,False,,-19098.623274,96
7449,715200,11077.62,2022-07-26,902588,False,,-12635.839675,96
7450,715296,11078.63,2022-08-03,472709,False,,-28539.213554,96
7451,715392,11079.66,2022-08-17,267689,False,,-17254.662359,96
7452,715488,11080.68,2022-09-07,612558,False,,-12928.990361,96
7453,715584,11081.59,2022-09-29,60697,False,,-10513.470281,96
7454,715680,11082.56,2022-10-12,223708,False,,-25215.140225,96
7455,715776,11083.69,2022-10-26,885872,False,,-18515.194631,96
7456,715872,11084.68,2022-11-23,491994,False,,-18326.351317,96
7457,715968,11085.74,2022-12-07,144290,False,,-55875.681504,96
7458,716064,11086.74,2022-12-17,413489,False,,-21216.318106,96
7459,716160,11087.81,2022-12-28,414604,False,,-36786.717311,96
7460,716256,11088.83,2022-01-24,335840,False,,-22530.740077,96
7461,716352,11089.92,2022-02-07,116506,False,,-26640.808896,96
7462,716448,11091.03,2022-02-21,788850,False,,-7910.478401,96
7463,716544,11092.03,2022-03-19,95040,False,,-13676.295029,96
7464,716640,11092.99,2022-04-13,756811,False,,-11349.289601,96
7465,716736,11094.09,2022-04-27,230518,False,,-23027.226099,96
7466,716832,11095.14,2022-05-09,468568,False,,-17670.76421,96
7467,716928,11096.01,2022-06-04,502895,False,,-9413.215444,96
7468,717024,11097.0,2022-06-22,828244,False,,-31562.128898,96
7469,717120,11097.98,2022-07-26,943601,False,,-32256.139807,96
7470,717216,11099.12,2022-08-03,108688,False,,-32393.418227,96
7471,717312,11100.19,2022-08-17,461101,False,,-19692.622084,96
7472,717408,11101.18,2022-09-07,968459,False,,-22490.874708,96
7473,717504,11102.21,2022-09-29,556945,False,,-13337.045708,96
7474,717600,11103.3,2022-10-12,794089,False,,-18010.196189,96
7475,717696,11104.3,2022-10-26,225618,False,,-16486.045579,96
7476,717792,11105.29,2022-11-23,65585,False,,-26624.715368,96
7477,717888,11106.15,2022-12-07,118739,False,,-28551.23565,96
7478,717984,11107.13,2022-12-17,428545,False,,-11296.259501,96
7479,718080,11107.99,2022-12-28,324275,False,,-31108.494754,96
7480,718176,11109.09,2022-01-24,374756,False,,-13416.655737,96
7481,718272,11109.94,2022-02-07,379218,False,,-11945.66488,96
7482,718368,11110.84,2022-02-21,314473,False,,-24150.509191,96
7483,718464,11111.75,2022-03-19,984173,False,,-39166.341779,96
7484,718560,11112.57,2022-04-13,471673,False,,-35772.977739,96
7485,718656,11113.44,2022-04-27,923879,False,,-19256.076984,96
7486,718752,11114.29,2022-05-09,262061,False,,-13364.770138,96
7487,718848,11115.39,2022-06-04,297203,False,,-15257.826491,96
7488,718944,11116.45,2022-06-22,296111,False,,-28334.941107,96
7489,719040,11117.54,2022-07-26,350360,False,,-18495.815726,96
7490,719136,11118.48,2022-08-03,320022,False,,-39472.482579,96
7491,719232,11119.44,2022-08-17,950851,False,,-15723.613956,96
7492,719328,11120.26,2022-09-07,494980,False,,-15790.485732,96
7493,719424,11121.19,2022-09-29,19635,False,,-18500.704222,96
7494,719520,11122.24,2022-10-12,150613,False,,-16845.546493,96
7495,719616,11123.18,2022-10-26,227492,False,,-17519.932572,96
7496,719712,11124.26,2022-11-23,990922,False,,-24558.076658,96
7497,719808,11125.3,2022-12-07,266369,False,,-15191.558415,96
7498,719904,11126.39,2022-12-17,28696,False,,-23638.473778,96
7499,720000,11127.5,2022-12-28,180733,False,,-23188.825332,96
7500,720096,11138.4,2022-01-24,128442,False,,-19258.086176,96
7501,720192,11139.54,2022-02-07,97913,False,,-15901.774758,96
7502,720288,11140.7,2022-02-21,213459,False,,-25812.699416,96
7503,720384,11141.86,2022-03-19,817820,False,,-26643.308096,96
7504,720480,11142.84,2022-04-13,20838,False,,-16751.844161,96
7505,720576,11143.79,2022-04-27,181602,False,,-21577.177057,96
7506,720672,11144.79,2022-05-09,423141,False,,-12803.456116,96
7507,720768,11145.78,2022-06-04,174316,False,,-24643.175295,96
7508,720864,11146.78,2022-06-22,843835,False,,-20432.655479,96
7509,720960,11147.74,2022-07-26,792448,False,,-22995.544278,96
7510,721056,11148.72,2022-08-03,20083,False,,-22219.895264,96
7511,721152,11149.71,2022-08-17,686284,False,,-39100.460578,96
7512,721248,11150.67,2022-09-07,364750,False,,-17271.628534,96
7513,721344,11151.75,2022-09-29,774125,False,,-10263.65658,96
7514,721440,11152.77,2022-10-12,403760,False,,-29125.082653,96
7515,721536,11153.71,2022-10-26,981493,False,,-20111.167306,96
7516,721632,11154.79,2022-11-23,101608,False,,-18369.32853,96
7517,721728,11155.82,2022-12-07,159998,False,,-22216.954263,96
7518,721824,11156.93,2022-12-17,594332,False,,-34637.736515,96
7519,721920,11157.86,2022-12-28,73625,False,,-16315.440384,96
7520,722016,11159.0,2022-01-24,808004,False,,-15357.74156,96
7521,722112,11160.02,2022-02-07,810510,False,,-21109.775946,96
7522,722208,11161.02,2022-02-21,722943,False,,-23498.792803,96
7523,722304,11162.07,2022-03-19,190744,False,,-18103.820558,96
7524,722400,11163.01,2022-04-13,945269,False,,-24785.577984,96
7525,722496,11163.98,2022-04-27,673528,False,,-19784.515384,96
7526,722592,11165.08,2022-05-09,489647,False,,-30240.342031,96
7527,722688,11166.08,2022-06-04,528025,False,,-14767.5823,96
7528,722784,11167.13,2022-06-22,743608,False,,-20662.040147,96
7529,722880,11168.12,2022-07-26,716919,False,,-16742.72967,96
7530,722976,11169.05,2022-08-03,963941,False,,-32785.912037,96
7531,723072,11170.04,2022-08-17,412283,False,,-19243.259739,96
7532,723168,11171.09,2022-09-07,649742,False,,-19947.273307,96
7533,723264,11172.1,2022-09-29,874252,False,,-27135.588208,96
7534,723360,11173.25,2022-10-12,500171,False,,-11863.141767,96
7535,723456,11174.47,2022-10-26,103825,False,,-28904.64502,96
7536,723552,11175.27,2022-11-23,679029,False,,-14028.493228,96
7537,723648,11176.39,2022-12-07,168969,False,,-22997.928905,96
7538,723744,11177.62,2022-12-17,49154,False,,-29420.571498,96
7539,723840,11178.72,2022-12-28,929338,False,,-18430.545892,96
7540,723936,11179.8,2022-01-24,336717,False,,-18850.943525,96
7541,724032,11180.76,2022-02-07,297899,False,,-47665.674238,96
7542,724128,11181.89,2022-02-21,843408,False,,-13152.882645,96
7543,724224,11182.92,2022-03-19,553782,False,,-16610.405525,96
7544,724320,11183.98,2022-04-13,255344,False,,-27877.031753,96
7545,724416,11184.97,2022-04-27,888183,False,,-22845.05704,96
7546,724512,11186.12,2022-05-09,335992,False,,-9417.84935,96
7547,724608,11187.2,2022-06-04,278081,False,,-21611.432625,96
7548,724704,11188.28,2022-06-22,312302,False,,-13773.3449,96
7549,724800,11189.31,2022-07-26,957125,False,,-17399.38779,96
7550,724896,11190.38,2022-08-03,737308,False,,-19629.671137,96
7551,724992,11191.38,2022-08-17,421261,False,,-24103.161547,96
7552,725088,11192.38,2022-09-07,301975,False,,-24464.035263,96
7553,725184,11193.24,2022-09-29,788200,False,,-10944.872097,96
7554,725280,11194.35,2022-10-12,522263,False,,-29704.600367,96
7555,725376,11195.27,2022-10-26,699361,False,,-26967.842943,96
7556,725472,11196.38,2022-11-23,467859,False,,-27658.133964,96
7557,725568,11197.27,2022-12-07,999355,False,,-12723.392361,96
7558,725664,11198.31,2022-12-17,815462,False,,-34949.648036,96
7559,725760,11199.3,2022-12-28,635454,False,,-21657.826644,96
7560,725856,11200.38,2022-01-24,679731,False,,-15010.091464,96
7561,725952,11201.47,2022-02-07,894395,False,,-20023.74933,96
7562,726048,11202.28,2022-02-21,381428,False,,-13992.484546,96
7563,726144,11203.3,2022-03-19,747855,False,,-21039.392457,96
7564,726240,11204.28,2022-04-13,167545,False,,-34071.197511,96
7565,726336,11205.23,2022-04-27,215766,False,,-18374.331197,96
7566,726432,11206.19,2022-05-09,89122,False,,-31358.285373,96
7567,726528,11207.22,2022-06-04,755787,False,,-15725.1323,96
7568,726624,11208.2,2022-06-22,321557,False,,-21164.413022,96
7569,726720,11209.18,2022-07-26,523213,False,,-11078.134812,96
7570,726816,11210.22,2022-08-03,935671,False,,-56311.168417,96
7571,726912,11211.31,2022-08-17,32673,False,,-26421.506586,96
7572,727008,11212.33,2022-09-07,247431,False,,-17032.207002,96
7573,727104,11213.31,2022-09-29,604223,False,,-21027.004438,96
7574,727200,11214.27,2022-10-12,569859,False,,-21178.480246,96
7575,727296,11215.27,2022-10-26,44717,False,,-11671.873429,96
7576,727392,11216.25,2022-11-23,767686,False,,-11161.131662,96
7577,727488,11217.27,2022-12-07,680292,False,,-20526.670139,96
7578,727584,11218.31,2022-12-17,395373,False,,-31688.651578,96
7579,727680,11219.42,2022-12-28,850498,False,,-21455.822783,96
7580,727776,11220.3,2022-01-24,113127,False,,-25634.16414,96
7581,727872,11221.23,2022-02-07,697074,False,,-22971.924861,96
7582,727968,11222.24,2022-02-21,618470,False,,-36342.034975,96
7583,728064,11223.31,2022-03-19,184200,False,,-14871.231266,96
7584,728160,11224.43,2022-04-13,255899,False,,-14518.325287,96
7585,728256,11225.57,2022-04-27,995034,False,,-26512.224755,96
7586,728352,11226.53,2022-05-09,186608,False,,-21976.492795,96
7587,728448,11227.43,2022-06-04,848558,False,,-13995.892597,96
7588,728544,11228.46,2022-06-22,325424,False,,-27422.44672,96
7589,728640,11229.51,2022-07-26,535235,False,,-14724.30507,96
7590,728736,11230.66,2022-08-03,517188,False,,-27126.290565,96
7591,728832,11231.77,2022-08-17,300963,False,,-20495.428741,96
7592,728928,11232.62,2022-09-07,25880,False,,-22745.143642,96
7593,729024,11233.66,2022-09-29,280181,False,,-19305.17442,96
7594,729120,11234.69,2022-10-12,598037,False,,-18106.178912,96
7595,729216,11235.71,2022-10-26,179448,False,,-41376.098319,96
7596,729312,11236.64,2022-11-23,509354,False,,-13821.160881,96
7597,729408,11237.6,2022-12-07,465754,False,,-17453.206434,96
7598,729504,11238.57,2022-12-17,414946,False,,-20745.715571,96
7599,729600,11239.54,2022-12-28,22785,False,,-16868.291315,96
7600,729696,11240.62,2022-01-24,959443,False,,-11667.409575,96
7601,729792,11241.59,2022-02-07,538932,False,,-29349.899742,96
7602,729888,11242.74,2022-02-21,196169,False,,-43268.021547,96
7603,729984,11243.71,2022-03-19,181036,False,,-11767.39911,96
7604,730080,11253.11,2022-04-13,36648,False,,-18543.002154,96
7605,730176,11254.09,2022-04-27,743369,False,,-24395.736574,96
7606,730272,11255.18,2022-05-09,5544,False,,-27090.474918,96
7607,730368,11256.18,2022-06-04,824720,False,,-18136.661887,96
7608,730464,11257.19,2022-06-22,990372,False,,-15308.601598,96
7609,730560,11258.25,2022-07-26,413434,False,,-29665.803358,96
7610,730656,11259.32,2022-08-03,227455,False,,-25854.158475,96
7611,730752,11260.65,2022-08-17,43157,False,,-23924.845031,96
7612,730848,11261.73,2022-09-07,8320,False,,-11553.2276,96
7613,730944,11262.82,2022-09-29,461094,False,,-27054.262975,96
7614,731040,11263.83,2022-10-12,328266,False,,-33330.339495,96
7615,731136,11264.8,2022-10-26,920455,False,,-21201.47258,96
7616,731232,11265.85,2022-11-23,27180,False,,-28194.197251,96
7617,731328,11266.93,2022-12-07,652368,False,,-19968.569718,96
7618,731424,11267.93,2022-12-17,760359,False,,-32115.685011,96
7619,731520,11268.87,2022-12-28,284201,False,,-21431.608697,96
7620,731616,11269.84,2022-01-24,148384,False,,-26742.020458,96
7621,731712,11270.89,2022-02-07,669359,False,,-14805.543757,96
7622,731808,11271.94,2022-02-21,525337,False,,-13407.19599,96
7623,731904,11272.96,2022-03-19,579707,False,,-16102.866038,96
7624,732000,11274.01,2022-04-13,193396,False,,-26377.317356,96
7625,732096,11275.04,2022-04-27,65213,False,,-11117.453507,96
7626,732192,11276.02,2022-05-09,842332,False,,-18141.031267,96
7627,732288,11276.97,2022-06-04,178178,False,,-16155.450266,96
7628,732384,11278.06,2022-06-22,463328,False,,-28368.220885,96
7629,732480,11279.05,2022-07-26,9467,False,,-15262.323118,96
7630,732576,11280.0,2022-08-03,394859,False,,-8123.652734,96
7631,732672,11281.06,2022-08-17,902233,False,,-18781.540704,96
7632,732768,11282.14,2022-09-07,282676,False,,-12457.341943,96
7633,732864,11283.04,2022-09-29,459546,False,,-10134.442566,96
7634,732960,11283.97,2022-10-12,369621,False,,-26349.281452,96
7635,733056,11285.04,2022-10-26,422166,False,,-16019.894768,96
7636,733152,11286.08,2022-11-23,872408,False,,-32830.393587,96
7637,733248,11287.05,2022-12-07,734376,False,,-39876.684131,96
7638,733344,11288.01,2022-12-17,622702,False,,-13264.025272,96
7639,733440,11289.04,2022-12-28,289497,False,,-14781.422509,96
7640,733536,11290.1,2022-01-24,599879,False,,-22423.371387,96
7641,733632,11291.14,2022-02-07,106693,False,,-20298.115067,96
7642,733728,11292.06,2022-02-21,658147,False,,-33838.785319,96
7643,733824,11293.1,2022-03-19,326064,False,,-49023.479795,96
7644,733920,11294.16,2022-04-13,684945,False,,-17150.323376,96
7645,734016,11295.05,2022-04-27,500987,False,,-18159.253401,96
7646,734112,11295.99,2022-05-09,191099,False,,-10136.860561,96
7647,734208,11296.92,2022-06-04,789017,False,,-14533.127559,96
7648,734304,11297.87,2022-06-22,992920,False,,-18866.030232,96
7649,734400,11298.92,2022-07-26,364051,False,,-18102.52523,96
7650,734496,11300.01,2022-08-03,130845,False,,-19720.218744,96
7651,734592,11301.15,2022-08-17,143075,False,,-27527.847733,96
7652,734688,11302.13,2022-09-07,562751,False,,-20076.970432,96
7653,734784,11303.32,2022-09-29,737814,False,,-17930.480539,96
7654,734880,11304.22,2022-10-12,301328,False,,-16582.960192,96
7655,734976,11305.14,2022-10-26,355639,False,,-8208.048412,96
7656,735072,11306.15,2022-11-23,997177,False,,-20910.680178,96
7657,735168,11307.12,2022-12-07,10003,False,,-19831.545931,96
7658,735264,11308.0,2022-12-17,178936,False,,-22139.491754,96
7659,735360,11308.98,2022-12-28,650611,False,,-18202.715855,96
7660,735456,11309.9,2022-01-24,845073,False,,-36646.227716,96
7661,735552,11311.01,2022-02-07,416775,False,,-19742.087935,96
7662,735648,11312.06,2022-02-21,294261,False,,-19288.900845,96
7663,735744,11313.1,2022-03-19,807167,False,,-9122.314217,96
7664,735840,11314.08,2022-04-13,833389,False,,-34752.665758,96
7665,735936,11315.05,2022-04-27,282406,False,,-25388.33527,96
7666,736032,11316.04,2022-05-09,809984,False,,-18320.265137,96
7667,736128,11317.01,2022-06-04,389906,False,,-14315.066006,96
7668,736224,11318.06,2022-06-22,617590,False,,-15237.945226,96
7669,736320,11319.12,2022-07-26,951461,False,,-24110.751162,96
7670,736416,11320.14,2022-08-03,293314,False,,-20473.321431,96
7671,736512,11321.07,2022-08-17,432581,False,,-14683.348974,96
7672,736608,11322.16,2022-09-07,989902,False,,-8987.552668,96
7673,736704,11323.18,2022-09-29,930680,False,,-20273.881834,96
7674,736800,11324.29,2022-10-12,493028,False,,-15894.041999,96
7675,736896,11325.38,2022-10-26,105103,False,,-37134.351391,96
7676,736992,11326.38,2022-11-23,767883,False,,-26847.803496,96
7677,737088,11327.36,2022-12-07,910222,False,,-21320.552026,96
7678,737184,11328.24,2022-12-17,325000,False,,-19082.387561,96
7679,737280,11329.17,2022-12-28,272650,False,,-14211.505826,96
7680,737376,11330.27,2022-01-24,980952,False,,-25041.684036,96
7681,737472,11331.18,2022-02-07,966949,False,,-22371.899698,96
7682,737568,11332.25,2022-02-21,833995,False,,-21544.806971,96
7683,737664,11333.19,2022-03-19,528129,False,,-19783.484735,96
7684,737760,11334.19,2022-04-13,5158,False,,-19972.872465,96
7685,737856,11335.16,2022-04-27,802822,False,,-19703.313579,96
7686,737952,11336.22,2022-05-09,933538,False,,-23362.239914,96
7687,738048,11337.11,2022-06-04,594957,False,,-16840.685372,96
7688,738144,11337.96,2022-06-22,942565,False,,-16175.302317,96
7689,738240,11338.99,2022-07-26,684242,False,,-50825.146205,96
7690,738336,11340.01,2022-08-03,791408,False,,-17659.297788,96
7691,738432,11341.04,2022-08-17,647682,False,,-32144.263463,96
7692,738528,11342.12,2022-09-07,152305,False,,-21816.204257,96
7693,738624,11343.11,2022-09-29,898330,False,,-16601.234059,96
7694,738720,11344.03,2022-10-12,108888,False,,-21065.471799,96
7695,738816,11345.06,2022-10-26,33790,False,,-20865.013034,96
7696,738912,11346.02,2022-11-23,276758,False,,-29309.940384,96
7697,739008,11346.98,2022-12-07,241704,False,,-21677.528479,96
7698,739104,11347.99,2022-12-17,20000,False,,-21046.207691,96
7699,739200,11348.99,2022-12-28,128137,False,,-18778.021337,96
7700,739296,11349.99,2022-01-24,92536,False,,-31096.7774,96
7701,739392,11350.95,2022-02-07,503171,False,,-18754.819638,96
7702,739488,11351.98,2022-02-21,137666,False,,-15024.095911,96
7703,739584,11353.13,2022-03-19,776855,False,,-19125.444988,96
7704,739680,11354.08,2022-04-13,40267,False,,-18542.966972,96
7705,739776,11355.21,2022-04-27,582825,False,,-15768.056169,96
7706,739872,11356.26,2022-05-09,351962,False,,-15140.750956,96
7707,739968,11357.22,2022-06-04,383679,False,,-16401.432786,96
7708,740064,11366.47,2022-06-22,442342,False,,-17726.602732,96
7709,740160,11367.49,2022-07-26,661463,False,,-25621.11921,96
7710,740256,11368.49,2022-08-03,524235,False,,-6580.713983,96
7711,740352,11369.47,2022-08-17,720190,False,,-13544.049464,96
7712,740448,11370.38,2022-09-07,761018,False,,-12772.168879,96
7713,740544,11371.38,2022-09-29,240112,False,,-24875.546047,96
7714,740640,11372.4,2022-10-12,66386,False,,-28974.748693,96
7715,740736,11373.47,2022-10-26,749174,False,,-30147.219394,96
7716,740832,11374.41,2022-11-23,984809,False,,-15477.066778,96
7717,740928,11375.48,2022-12-07,854562,False,,-24921.182335,96
7718,741024,11376.44,2022-12-17,154868,False,,-13517.59599,96
7719,741120,11377.26,2022-12-28,126688,False,,-17372.555154,96
7720,741216,11378.16,2022-01-24,914678,False,,-35362.617584,96
7721,741312,11379.03,2022-02-07,545785,False,,-22144.028876,96
7722,741408,11380.15,2022-02-21,530676,False,,-13177.065,96
7723,741504,11381.14,2022-03-19,655401,False,,-10118.633846,96
7724,741600,11382.12,2022-04-13,691587,False,,-28356.068027,96
7725,741696,11383.05,2022-04-27,601503,False,,-18854.832183,96
7726,741792,11384.05,2022-05-09,507901,False,,-22660.65654,96
7727,741888,11385.09,2022-06-04,892075,False,,-18542.480236,96
7728,741984,11386.2,2022-06-22,129660,False,,-25077.806711,96
7729,742080,11387.27,2022-07-26,753047,False,,-38819.834163,96
7730,742176,11388.28,2022-08-03,661057,False,,-9999.651342,96
7731,742272,11389.39,2022-08-17,322746,False,,-31187.39708,96
7732,742368,11390.39,2022-09-07,659457,False,,-26777.215253,96
7733,742464,11391.47,2022-09-29,289703,False,,-22034.610896,96
7734,742560,11392.35,2022-10-12,238903,False,,-17021.569456,96
7735,742656,11393.41,2022-10-26,750333,False,,-16770.649835,96
7736,742752,11394.36,2022-11-23,470020,False,,-18923.446941,96
7737,742848,11395.39,2022-12-07,767817,False,,-30216.788289,96
7738,742944,11396.34,2022-12-17,91864,False,,-17067.276723,96
7739,743040,11397.4,2022-12-28,240382,False,,-34846.94719,96
7740,743136,11398.54,2022-01-24,905494,False,,-36547.186659,96
7741,743232,11399.55,2022-02-07,33973,False,,-8817.769881,96
7742,743328,11400.5,2022-02-21,725059,False,,-15324.143124,96
7743,743424,11401.47,2022-03-19,169920,False,,-26611.435623,96
7744,743520,11402.41,2022-04-13,758749,False,,-27281.562984,96
7745,743616,11403.48,2022-04-27,609796,False,,-20367.326746,96
7746,743712,11404.57,2022-05-09,315284,False,,-20122.027304,96
7747,743808,11405.6,2022-06-04,205699,False,,-38108.44211,96
7748,743904,11406.38,2022-06-22,217621,False,,-20181.112767,96
7749,744000,11407.47,2022-07-26,778782,False,,-21541.990046,96
7750,744096,11408.57,2022-08-03,622767,False,,-16761.163928,96
7751,744192,11409.51,2022-08-17,678803,False,,-12502.187719,96
7752,744288,11410.49,2022-09-07,712758,False,,-25659.085732,96
7753,744384,11411.56,2022-09-29,288986,False,,-19175.908408,96
7754,744480,11412.58,2022-10-12,725060,False,,-22198.26349,96
7755,744576,11413.62,2022-10-26,16315,False,,-14994.380864,96
7756,744672,11414.72,2022-11-23,6457,False,,-14665.743386,96
7757,744768,11415.68,2022-12-07,657104,False,,-19852.448164,96
7758,744864,11416.67,2022-12-17,327099,False,,-19732.844021,96
7759,744960,11417.72,2022-12-28,295484,False,,-23794.483811,96
7760,745056,11418.73,2022-01-24,572128,False,,-20256.661828,96
7761,745152,11419.78,2022-02-07,74412,False,,-35831.847379,96
7762,745248,11420.81,2022-02-21,366757,False,,-44741.354317,96
7763,745344,11421.71,2022-03-19,852903,False,,-29258.745511,96
7764,745440,11422.62,2022-04-13,401858,False,,-15752.608847,96
7765,745536,11423.51,2022-04-27,594232,False,,-25038.25616,96
7766,745632,11424.36,2022-05-09,571988,False,,-18519.296482,96
7767,745728,11425.36,2022-06-04,105106,False,,-32928.395962,96
7768,745824,11426.45,2022-06-22,967220,False,,-19716.531725,96
7769,745920,11427.47,2022-07-26,956627,False,,-14475.758562,96
7770,746016,11428.47,2022-08-03,716798,False,,-24244.061311,96
7771,746112,11429.49,2022-08-17,491119,False,,-8822.093817,96
7772,746208,11430.43,2022-09-07,324731,False,,-22120.192235,96
7773,746304,11431.42,2022-09-29,738260,False,,-16255.68062,96
7774,746400,11432.54,2022-10-12,548959,False,,-14972.40051,96
7775,746496,11433.48,2022-10-26,853591,False,,-22598.11127,96
7776,746592,11434.67,2022-11-23,188995,False,,-24963.83856,96
7777,746688,11435.71,2022-12-07,303928,False,,-21504.061783,96
7778,746784,11436.72,2022-12-17,352055,False,,-16223.525327,96
7779,746880,11437.72,2022-12-28,532241,False,,-26696.419571,96
7780,746976,11438.76,2022-01-24,542004,False,,-23183.516717,96
7781,747072,11439.82,2022-02-07,268191,False,,-44623.91016,96
7782,747168,11440.89,2022-02-21,24498,False,,-20446.478237,96
7783,747264,11441.75,2022-03-19,371373,False,,-7264.114629,96
7784,747360,11442.85,2022-04-13,94351,False,,-51379.516828,96
7785,747456,11443.79,2022-04-27,841753,False,,-15693.911183,96
7786,747552,11444.83,2022-05-09,198612,False,,-18008.430868,96
7787,747648,11445.94,2022-06-04,864578,False,,-18912.141762,96
7788,747744,11446.97,2022-06-22,731640,False,,-20759.377514,96
7789,747840,11448.0,2022-07-26,321218,False,,-11466.670075,96
7790,747936,11449.05,2022-08-03,826032,False,,-21389.801865,96
7791,748032,11449.99,2022-08-17,45352,False,,-14014.031279,96
7792,748128,11450.95,2022-09-07,906864,False,,-32185.061327,96
7793,748224,11451.92,2022-09-29,930834,False,,-6427.24508,96
7794,748320,11452.99,2022-10-12,506617,False,,-23519.307708,96
7795,748416,11454.01,2022-10-26,518962,False,,-17124.90663,96
7796,748512,11454.97,2022-11-23,554446,False,,-23086.021546,96
7797,748608,11456.01,2022-12-07,486497,False,,-15774.912413,96
7798,748704,11457.03,2022-12-17,302490,False,,-30127.41551,96
7799,748800,11458.13,2022-12-28,901814,False,,-21521.36274,96
7800,748896,11459.2,2022-01-24,483966,False,,-22226.47753,96
7801,748992,11460.22,2022-02-07,849678,False,,-20002.004324,96
7802,749088,11461.12,2022-02-21,132219,False,,-15417.253312,96
7803,749184,11462.23,2022-03-19,837271,False,,-16404.929165,96
7804,749280,11463.09,2022-04-13,999685,False,,-9472.800879,96
7805,749376,11464.0,2022-04-27,63371,False,,-13324.039495,96
7806,749472,11465.07,2022-05-09,482451,False,,-11088.136653,96
7807,749568,11465.94,2022-06-04,628438,False,,-11895.37762,96
7808,749664,11466.9,2022-06-22,785011,False,,-13162.082721,96
7809,749760,11467.89,2022-07-26,25196,False,,-8413.688447,96
7810,749856,11468.85,2022-08-03,867943,False,,-19380.543075,96
7811,749952,11469.92,2022-08-17,503604,False,,-15362.67659,96
7812,750048,11479.65,2022-09-07,792932,False,,-20392.975847,96
7813,750144,11480.73,2022-09-29,525553,False,,-21120.770374,96
7814,750240,11481.83,2022-10-12,170122,False,,-30961.471607,96
7815,750336,11482.9,2022-10-26,590862,False,,-34896.78411,96
7816,750432,11483.95,2022-11-23,371512,False,,-37423.992443,96
7817,750528,11485.01,2022-12-07,39912,False,,-27395.213777,96
7818,750624,11485.85,2022-12-17,967458,False,,-11000.33791,96
7819,750720,11486.81,2022-12-28,726514,False,,-33408.479848,96
7820,750816,11487.78,2022-01-24,759715,False,,-11284.35637,96
7821,750912,11488.78,2022-02-07,403692,False,,-10545.615073,96
7822,751008,11489.76,2022-02-21,689849,False,,-29860.233996,96
7823,751104,11490.91,2022-03-19,728357,False,,-12432.094923,96
7824,751200,11491.86,2022-04-13,210208,False,,-16987.556743,96
7825,751296,11492.8,2022-04-27,937320,False,,-21051.405654,96
7826,751392,11493.83,2022-05-09,246479,False,,-21408.863066,96
7827,751488,11494.97,2022-06-04,858561,False,,-14410.698547,96
7828,751584,11495.98,2022-06-22,108755,False,,-8033.046089,96
7829,751680,11497.09,2022-07-26,678535,False,,-16909.349406,96
7830,751776,11498.09,2022-08-03,812438,False,,-34538.32884,96
7831,751872,11499.16,2022-08-17,504223,False,,-18006.645511,96
7832,751968,11500.21,2022-09-07,938924,False,,-12032.590823,96
7833,752064,11501.25,2022-09-29,282098,False,,-17918.545173,96
7834,752160,11502.33,2022-10-12,406400,False,,-42853.822693,96
7835,752256,11503.39,2022-10-26,787610,False,,-15977.577589,96
7836,752352,11504.4,2022-11-23,561504,False,,-35230.819856,96
7837,752448,11505.51,2022-12-07,931175,False,,-17785.538276,96
7838,752544,11506.56,2022-12-17,895920,False,,-22345.410391,96
7839,752640,11507.69,2022-12-28,29663,False,,-18990.276536,96
7840,752736,11508.67,2022-01-24,322430,False,,-13859.323299,96
7841,752832,11509.65,2022-02-07,619264,False,,-19867.927218,96
7842,752928,11510.54,2022-02-21,143129,False,,-22645.622232,96
7843,753024,11511.64,2022-03-19,935933,False,,-34545.324467,96
7844,753120,11512.53,2022-04-13,510487,False,,-13880.113541,96
7845,753216,11513.58,2022-04-27,753477,False,,-15249.787493,96
7846,753312,11514.62,2022-05-09,70454,False,,-20068.891989,96
7847,753408,11515.77,2022-06-04,680903,False,,-16564.249199,96
7848,753504,11516.75,2022-06-22,622447,False,,-25069.561384,96
7849,753600,11517.69,2022-07-26,137383,False,,-29496.368387,96
7850,753696,11518.69,2022-08-03,458513,False,,-13596.657526,96
7851,753792,11519.82,2022-08-17,490949,False,,-25487.637027,96
7852,753888,11520.76,2022-09-07,603853,False,,-9759.783172,96
7853,753984,11521.74,2022-09-29,772956,False,,-34056.074747,96
7854,754080,11522.78,2022-10-12,702165,False,,-39078.376646,96
7855,754176,11523.7,2022-10-26,818759,False,,-16624.553934,96
7856,754272,11524.69,2022-11-23,120956,False,,-32191.022989,96
7857,754368,11525.72,2022-12-07,141168,False,,-28798.427494,96
7858,754464,11526.76,2022-12-17,600903,False,,-24190.584227,96
7859,754560,11527.78,2022-12-28,828041,False,,-18027.942289,96
7860,754656,11528.89,2022-01-24,581497,False,,-42428.98873,96
7861,754752,11529.85,2022-02-07,196189,False,,-14683.636161,96
7862,754848,11530.94,2022-02-21,406816,False,,-23129.20809,96
7863,754944,11531.96,2022-03-19,740642,False,,-34354.947267,96
7864,755040,11532.96,2022-04-13,184600,False,,-21168.790916,96
7865,755136,11533.96,2022-04-27,235102,False,,-13526.203882,96
7866,755232,11534.95,2022-05-09,811531,False,,-22467.503902,96
7867,755328,11536.02,2022-06-04,624669,False,,-8292.327541,96
7868,755424,11537.13,2022-06-22,304172,False,,-12200.160107,96
7869,755520,11538.07,2022-07-26,417641,False,,-29332.463431,96
7870,755616,11539.15,2022-08-03,453344,False,,-23302.789552,96
7871,755712,11540.21,2022-08-17,687001,False,,-20388.489366,96
7872,755808,11541.26,2022-09-07,208370,False,,-12084.301761,96
7873,755904,11542.24,2022-09-29,454825,False,,-11901.097297,96
7874,756000,11543.2,2022-10-12,632300,False,,-11641.401758,96
7875,756096,11544.11,2022-10-26,473063,False,,-31778.699801,96
7876,756192,11545.1,2022-11-23,540537,False,,-28465.6964,96
7877,756288,11546.22,2022-12-07,991431,False,,-12275.193829,96
7878,756384,11547.18,2022-12-17,953019,False,,-18402.315876,96
7879,756480,11548.17,2022-12-28,37442,False,,-45391.260628,96
7880,756576,11549.23,2022-01-24,757305,False,,-10026.144323,96
7881,756672,11550.23,2022-02-07,417619,False,,-13985.586755,96
7882,756768,11551.28,2022-02-21,637521,False,,-19002.735686,96
7883,756864,11552.23,2022-03-19,170393,False,,-33034.382366,96
7884,756960,11553.34,2022-04-13,809045,False,,-32493.077194,96
7885,757056,11554.31,2022-04-27,226620,False,,-18467.243549,96
7886,757152,11555.36,2022-05-09,690472,False,,-32691.699824,96
7887,757248,11556.34,2022-06-04,666539,False,,-14672.150701,96
7888,757344,11557.35,2022-06-22,65496,False,,-13595.395592,96
7889,757440,11558.28,2022-07-26,434200,False,,-11130.53139,96
7890,757536,11559.33,2022-08-03,295513,False,,-11303.78439,96
7891,757632,11560.32,2022-08-17,275305,False,,-16675.921734,96
7892,757728,11561.36,2022-09-07,661628,False,,-14190.558521,96
7893,757824,11562.37,2022-09-29,476666,False,,-18311.731764,96
7894,757920,11563.38,2022-10-12,573927,False,,-26009.381238,96
7895,758016,11564.26,2022-10-26,716837,False,,-26117.437054,96
7896,758112,11565.1,2022-11-23,446023,False,,-19721.714631,96
7897,758208,11566.18,2022-12-07,486903,False,,-13410.532914,96
7898,758304,11567.22,2022-12-17,2979,False,,-15287.079773,96
7899,758400,11568.19,2022-12-28,534415,False,,-29900.566376,96
7900,758496,11569.18,2022-01-24,105007,False,,-18088.327788,96
7901,758592,11570.15,2022-02-07,650604,False,,-44769.487604,96
7902,758688,11571.14,2022-02-21,187152,False,,-30594.632147,96
7903,758784,11572.15,2022-03-19,75704,False,,-29643.552242,96
7904,758880,11573.15,2022-04-13,349394,False,,-16023.675149,96
7905,758976,11574.3,2022-04-27,84158,False,,-25054.786276,96
7906,759072,11575.28,2022-05-09,125364,False,,-38274.41743,96
7907,759168,11576.27,2022-06-04,317801,False,,-12904.676898,96
7908,759264,11577.26,2022-06-22,501273,False,,-21875.926157,96
7909,759360,11578.33,2022-07-26,671087,False,,-18560.639691,96
7910,759456,11579.39,2022-08-03,80703,False,,-21204.621772,96
7911,759552,11580.26,2022-08-17,526498,False,,-13003.837462,96
7912,759648,11581.28,2022-09-07,408144,False,,-18055.909839,96
7913,759744,11582.37,2022-09-29,428015,False,,-43748.446445,96
7914,759840,11583.36,2022-10-12,146665,False,,-26403.234245,96
7915,759936,11584.45,2022-10-26,818403,False,,-31739.854181,96
7916,760032,11594.11,2022-11-23,765297,False,,-26903.5078,96
7917,760128,11595.24,2022-12-07,476633,False,,-24086.595461,96
7918,760224,11596.38,2022-12-17,858698,False,,-17866.486344,96
7919,760320,11597.34,2022-12-28,200970,False,,-14025.360731,96
7920,760416,11598.2,2022-01-24,302492,False,,-24435.246422,96
7921,760512,11599.15,2022-02-07,50888,False,,-17117.568334,96
7922,760608,11600.18,2022-02-21,539828,False,,-20574.027185,96
7923,760704,11601.27,2022-03-19,469797,False,,-14707.768652,96
7924,760800,11602.28,2022-04-13,170424,False,,-14157.339212,96
7925,760896,11603.26,2022-04-27,371673,False,,-17930.837661,96
7926,760992,11604.29,2022-05-09,962964,False,,-17204.940883,96
7927,761088,11605.18,2022-06-04,591649,False,,-18880.091793,96
7928,761184,11606.17,2022-06-22,860992,False,,-19129.69629,96
7929,761280,11607.23,2022-07-26,7796,False,,-25857.650662,96
7930,761376,11608.16,2022-08-03,269878,False,,-13881.887619,96
7931,761472,11609.07,2022-08-17,500699,False,,-43162.78908,96
7932,761568,11610.07,2022-09-07,728971,False,,-18279.645033,96
7933,761664,11611.08,2022-09-29,73502,False,,-24672.281945,96
7934,761760,11612.08,2022-10-12,704775,False,,-20683.812742,96
7935,761856,11613.11,2022-10-26,693574,False,,-19979.572473,96
7936,761952,11614.09,2022-11-23,700554,False,,-22711.748737,96
7937,762048,11615.03,2022-12-07,50917,False,,-18427.105736,96
7938,762144,11616.11,2022-12-17,606208,False,,-14227.053526,96
7939,762240,11617.22,2022-12-28,692253,False,,-35606.380922,96
7940,762336,11618.41,2022-01-24,407068,False,,-13086.755221,96
7941,762432,11619.73,2022-02-07,124942,False,,-28601.963841,96
7942,762528,11620.87,2022-02-21,212093,False,,-16122.97255,96
7943,762624,11621.83,2022-03-19,944207,False,,-19075.460498,96
7944,762720,11622.89,2022-04-13,52730,False,,-17795.512872,96
7945,762816,11623.79,2022-04-27,959902,False,,-25793.327048,96
7946,762912,11624.87,2022-05-09,829912,False,,-11443.947094,96
7947,763008,11625.95,2022-06-04,784419,False,,-13985.576461,96
7948,763104,11626.9,2022-06-22,26727,False,,-12675.998471,96
7949,763200,11627.86,2022-07-26,675271,False,,-12950.133004,96
7950,763296,11628.8,2022-08-03,877110,False,,-26963.44152,96
7951,763392,11629.69,2022-08-17,402774,False,,-22292.822672,96
7952,763488,11630.66,2022-09-07,540533,False,,-10693.681273,96
7953,763584,11631.65,2022-09-29,839121,False,,-14468.78769,96
7954,763680,11632.7,2022-10-12,507750,False,,-32201.348931,96
7955,763776,11633.76,2022-10-26,607468,False,,-27781.705209,96
7956,763872,11634.66,2022-11-23,628847,False,,-35349.363681,96
7957,763968,11635.72,2022-12-07,441095,False,,-19383.679395,96
7958,764064,11636.54,2022-12-17,558435,False,,-18397.098695,96
7959,764160,11637.64,2022-12-28,482681,False,,-14021.833517,96
7960,764256,11638.65,2022-01-24,731855,False,,-21416.204265,96
7961,764352,11639.54,2022-02-07,691500,False,,-25349.195347,96
7962,764448,11640.45,2022-02-21,774120,False,,-24305.454179,96
7963,764544,11641.5,2022-03-19,379500,False,,-16136.120469,96
7964,764640,11642.53,2022-04-13,312001,False,,-21060.416934,96
7965,764736,11643.49,2022-04-27,767249,False,,-24153.213127,96
7966,764832,11644.41,2022-05-09,423288,False,,-31745.833214,96
7967,764928,11645.34,2022-06-04,429821,False,,-7068.902058,96
7968,765024,11646.39,2022-06-22,899933,False,,-11589.98561,96
7969,765120,11647.32,2022-07-26,361009,False,,-18165.84448,96
7970,765216,11648.35,2022-08-03,546019,False,,-14627.3779,96
7971,765312,11649.36,2022-08-17,23663,False,,-12433.176355,96
7972,765408,11650.47,2022-09-07,507021,False,,-10824.651607,96
7973,765504,11651.41,2022-09-29,262167,False,,-26655.726622,96
7974,765600,11652.41,2022-10-12,689926,False,,-24010.991786,96
7975,765696,11653.42,2022-10-26,19713,False,,-15409.720875,96
7976,765792,11654.52,2022-11-23,67053,False,,-14554.630206,96
7977,765888,11655.42,2022-12-07,877787,False,,-39987.747232,96
7978,765984,11656.34,2022-12-17,243205,False,,-19313.347059,96
7979,766080,11657.36,2022-12-28,173597,False,,-20316.084685,96
7980,766176,11658.25,2022-01-24,639666,False,,-26651.952208,96
7981,766272,11659.29,2022-02-07,425784,False,,-16835.763298,96
7982,766368,11660.3,2022-02-21,15340,False,,-30572.470764,96
7983,766464,11661.18,2022-03-19,482933,False,,-26829.030178,96
7984,766560,11662.18,2022-04-13,201676,False,,-22369.170885,96
7985,766656,11663.02,2022-04-27,378718,False,,-27634.064061,96
7986,766752,11664.07,2022-05-09,700289,False,,-14213.047459,96
7987,766848,11665.05,2022-06-04,596333,False,,-19953.844921,96
7988,766944,11666.08,2022-06-22,2864,False,,-24882.376446,96
7989,767040,11667.12,2022-07-26,441068,False,,-18107.936199,96
7990,767136,11668.18,2022-08-03,540996,False,,-11708.367475,96
7991,767232,11669.16,2022-08-17,648320,False,,-29292.771493,96
7992,767328,11670.18,2022-09-07,884441,False,,-20784.53617,96
7993,767424,11671.19,2022-09-29,831457,False,,-20449.198249,96
7994,767520,11672.04,2022-10-12,624287,False,,-17247.857792,96
7995,767616,11673.02,2022-10-26,136818,False,,-18943.715733,96
7996,767712,11673.94,2022-11-23,383333,False,,-12907.635875,96
7997,767808,11674.93,2022-12-07,896965,False,,-14302.536127,96
7998,767904,11675.95,2022-12-17,520607,False,,-14732.585817,96
7999,768000,11676.94,2022-12-28,700529,False,,-30988.762273,96
8000,768096,11677.87,2022-01-24,318299,False,,-28447.274263,96
8001,768192,11678.97,2022-02-07,995333,False,,-10434.581407,96
8002,768288,11679.97,2022-02-21,185163,False,,-19561.785754,96
8003,768384,11681.08,2022-03-19,904906,False,,-10544.012602,96
8004,768480,11682.03,2022-04-13,350730,False,,-8926.512003,96
8005,768576,11683.09,2022-04-27,473708,False,,-14556.844661,96
8006,768672,11684.15,2022-05-09,498637,False,,-13360.556697,96
8007,768768,11685.27,2022-06-04,432908,False,,-14285.284081,96
8008,768864,11686.31,2022-06-22,503916,False,,-15609.557705,96
8009,768960,11687.24,2022-07-26,72118,False,,-21507.842637,96
8010,769056,11688.21,2022-08-03,641929,False,,-12292.165076,96
8011,769152,11689.23,2022-08-17,718471,False,,-22934.552913,96
8012,769248,11690.35,2022-09-07,241085,False,,-18736.452785,96
8013,769344,11691.41,2022-09-29,832538,False,,-13573.655419,96
8014,769440,11692.28,2022-10-12,833612,False,,-24041.103695,96
8015,769536,11693.46,2022-10-26,651619,False,,-13591.289223,96
8016,769632,11694.45,2022-11-23,704204,False,,-36361.444893,96
8017,769728,11695.56,2022-12-07,643101,False,,-16510.762226,96
8018,769824,11696.45,2022-12-17,196907,False,,-16776.568678,96
8019,769920,11697.37,2022-12-28,318633,False,,-15125.706282,96
8020,770016,11706.76,2022-01-24,990146,False,,-25308.991879,96
8021,770112,11707.76,2022-02-07,40648,False,,-21376.857323,96
8022,770208,11708.84,2022-02-21,562412,False,,-10887.017097,96
8023,770304,11709.92,2022-03-19,132379,False,,-14794.497659,96
8024,770400,11710.95,2022-04-13,757770,False,,-24489.964257,96
8025,770496,11711.92,2022-04-27,61168,False,,-29216.792595,96
8026,770592,11712.94,2022-05-09,202261,False,,-16008.139397,96
8027,770688,11713.86,2022-06-04,662580,False,,-12975.392324,96
8028,770784,11714.84,2022-06-22,708879,False,,-17704.248513,96
8029,770880,11715.82,2022-07-26,845376,False,,-47094.673654,96
8030,770976,11716.85,2022-08-03,664217,False,,-10902.163842,96
8031,771072,11717.93,2022-08-17,69841,False,,-15268.427143,96
8032,771168,11718.95,2022-09-07,422200,False,,-12442.036763,96
8033,771264,11719.81,2022-09-29,790793,False,,-21678.571686,96
8034,771360,11720.83,2022-10-12,700026,False,,-22302.956303,96
8035,771456,11721.76,2022-10-26,655560,False,,-22784.333303,96
8036,771552,11722.75,2022-11-23,296933,False,,-10615.30443,96
8037,771648,11723.81,2022-12-07,564259,False,,-19655.340885,96
8038,771744,11724.92,2022-12-17,452832,False,,-13073.441022,96
8039,771840,11726.06,2022-12-28,402461,False,,-14706.518242,96
8040,771936,11727.05,2022-01-24,447906,False,,-14823.54017,96
8041,772032,11728.01,2022-02-07,493672,False,,-13671.335446,96
8042,772128,11729.1,2022-02-21,675512,False,,-38728.426388,96
8043,772224,11730.1,2022-03-19,530059,False,,-24527.156943,96
8044,772320,11731.12,2022-04-13,481062,False,,-13868.290783,96
8045,772416,11731.98,2022-04-27,950133,False,,-18611.790668,96
8046,772512,11732.96,2022-05-09,592526,False,,-14018.436306,96
8047,772608,11734.06,2022-06-04,250187,False,,-24561.883761,96
8048,772704,11735.12,2022-06-22,941948,False,,-34424.504275,96
8049,772800,11736.23,2022-07-26,707321,False,,-22234.481703,96
8050,772896,11737.38,2022-08-03,931255,False,,-22994.352475,96
8051,772992,11738.36,2022-08-17,745524,False,,-16003.719402,96
8052,773088,11739.48,2022-09-07,641284,False,,-19691.645776,96
8053,773184,11740.5,2022-09-29,684669,False,,-25461.154859,96
8054,773280,11741.39,2022-10-12,555862,False,,-26600.751884,96
8055,773376,11742.33,2022-10-26,634968,False,,-37376.674537,96
8056,773472,11743.4,2022-11-23,736295,False,,-20658.484837,96
8057,773568,11744.32,2022-12-07,864948,False,,-15583.978986,96
8058,773664,11745.3,2022-12-17,88456,False,,-15853.574547,96
8059,773760,11746.3,2022-12-28,542131,False,,-25759.483329,96
8060,773856,11747.22,2022-01-24,673308,False,,-23420.588899,96
8061,773952,11748.2,2022-02-07,25041,False,,-11177.274449,96
8062,774048,11749.17,2022-02-21,348134,False,,-18524.673037,96
8063,774144,11750.11,2022-03-19,631536,False,,-14617.521346,96
8064,774240,11751.12,2022-04-13,632139,False,,-34012.862774,96
8065,774336,11752.09,2022-04-27,469757,False,,-10550.455919,96
8066,774432,11753.04,2022-05-09,632856,False,,-20884.592602,96
8067,774528,11754.04,2022-06-04,744779,False,,-16301.364008,96
8068,774624,11755.07,2022-06-22,422601,False,,-21443.460016,96
8069,774720,11756.06,2022-07-26,626106,False,,-30400.504424,96
8070,774816,11757.02,2022-08-03,943123,False,,-34581.485615,96
8071,774912,11757.88,2022-08-17,721304,False,,-35231.024949,96
8072,775008,11758.89,2022-09-07,720000,False,,-34967.769905,96
8073,775104,11760.0,2022-09-29,655163,False,,-11827.770073,96
8074,775200,11761.07,2022-10-12,924975,False,,-18098.124053,96
8075,775296,11762.08,2022-10-26,265604,False,,-20895.623881,96
8076,775392,11763.1,2022-11-23,318971,False,,-12342.931019,96
8077,775488,11764.07,2022-12-07,368409,False,,-15983.512625,96
8078,775584,11765.11,2022-12-17,701479,False,,-17660.230414,96
8079,775680,11766.21,2022-12-28,504998,False,,-17169.123465,96
8080,775776,11767.14,2022-01-24,978217,False,,-19622.896093,96
8081,775872,11768.19,2022-02-07,576951,False,,-26459.539806,96
8082,775968,11769.24,2022-02-21,308240,False,,-27087.503215,96
8083,776064,11770.11,2022-03-19,89941,False,,-20149.719366,96
8084,776160,11770.97,2022-04-13,600052,False,,-18336.93607,96
8085,776256,11771.84,2022-04-27,6305,False,,-12491.734233,96
8086,776352,11772.91,2022-05-09,404185,False,,-16893.387075,96
8087,776448,11774.01,2022-06-04,983277,False,,-23783.112953,96
8088,776544,11774.99,2022-06-22,506920,False,,-26852.058253,96
8089,776640,11776.04,2022-07-26,21209,False,,-50008.911558,96
8090,776736,11777.09,2022-08-03,923622,False,,-14178.405759,96
8091,776832,11778.09,2022-08-17,878732,False,,-16381.26908,96
8092,776928,11779.08,2022-09-07,886064,False,,-29445.122899,96
8093,777024,11780.1,2022-09-29,808792,False,,-31595.235661,96
8094,777120,11781.24,2022-10-12,435215,False,,-24427.425021,96
8095,777216,11782.13,2022-10-26,55264,False,,-14030.636494,96
8096,777312,11783.22,2022-11-23,152163,False,,-52113.2097,96
8097,777408,11784.25,2022-12-07,42938,False,,-11534.262255,96
8098,777504,11785.15,2022-12-17,185475,False,,-18568.202338,96
8099,777600,11786.12,2022-12-28,249313,False,,-23967.019416,96
8100,777696,11787.05,2022-01-24,528345,False,,-21172.86642,96
8101,777792,11787.98,2022-02-07,775392,False,,-33796.219066,96
8102,777888,11789.11,2022-02-21,599877,False,,-15207.794605,96
8103,777984,11790.17,2022-03-19,840235,False,,-13737.147857,96
8104,778080,11791.16,2022-04-13,809682,False,,-23077.063552,96
8105,778176,11792.19,2022-04-27,531836,False,,-23896.521702,96
8106,778272,11793.19,2022-05-09,823454,False,,-12554.796105,96
8107,778368,11794.3,2022-06-04,172013,False,,-20107.082946,96
8108,778464,11795.35,2022-06-22,179284,False,,-34110.354781,96
8109,778560,11796.37,2022-07-26,633673,False,,-14436.124034,96
8110,778656,11797.22,2022-08-03,769590,False,,-41868.15338,96
8111,778752,11798.31,2022-08-17,988605,False,,-27297.709069,96
8112,778848,11799.35,2022-09-07,964702,False,,-30935.439837,96
8113,778944,11800.34,2022-09-29,444104,False,,-40601.90547,96
8114,779040,11801.34,2022-10-12,107015,False,,-35720.345689,96
8115,779136,11802.32,2022-10-26,534220,False,,-19630.024926,96
8116,779232,11803.26,2022-11-23,804980,False,,-15446.253097,96
8117,779328,11804.3,2022-12-07,208193,False,,-29865.934526,96
8118,779424,11805.34,2022-12-17,178552,False,,-16165.778037,96
8119,779520,11806.17,2022-12-28,137132,False,,-15364.792807,96
8120,779616,11807.28,2022-01-24,975484,False,,-18300.441774,96
8121,779712,11808.37,2022-02-07,225222,False,,-19130.423518,96
8122,779808,11809.29,2022-02-21,333386,False,,-17236.147081,96
8123,779904,11810.35,2022-03-19,599769,False,,-18372.075718,96
8124,780000,11811.36,2022-04-13,45961,False,,-15385.795098,96
8125,780096,11820.92,2022-04-27,813708,False,,-23407.410765,96
8126,780192,11821.89,2022-05-09,345518,False,,-18503.602419,96
8127,780288,11822.72,2022-06-04,140035,False,,-19730.528034,96
8128,780384,11823.72,2022-06-22,51799,False,,-36717.52753,96
8129,780480,11824.72,2022-07-26,672137,False,,-18515.264871,96
8130,780576,11825.74,2022-08-03,270592,False,,-26996.964606,96
8131,780672,11826.64,2022-08-17,441111,False,,-23054.499804,96
8132,780768,11827.67,2022-09-07,119492,False,,-19986.620391,96
8133,780864,11828.61,2022-09-29,630566,False,,-17132.365993,96
8134,780960,11829.57,2022-10-12,958086,False,,-15665.884958,96
8135,781056,11830.6,2022-10-26,68901,False,,-13456.541935,96
8136,781152,11831.59,2022-11-23,388875,False,,-16772.261846,96
8137,781248,11832.51,2022-12-07,503618,False,,-28247.161738,96
8138,781344,11833.44,2022-12-17,755824,False,,-40052.159704,96
8139,781440,11834.35,2022-12-28,116791,False,,-19023.774097,96
8140,781536,11835.29,2022-01-24,511916,False,,-17165.721901,96
8141,781632,11836.23,2022-02-07,278691,False,,-14567.312632,96
8142,781728,11837.16,2022-02-21,397120,False,,-15801.051822,96
8143,781824,11838.19,2022-03-19,753735,False,,-6523.539009,96
8144,781920,11839.19,2022-04-13,111508,False,,-15772.95173,96
8145,782016,11840.06,2022-04-27,634587,False,,-14787.799331,96
8146,782112,11841.03,2022-05-09,959075,False,,-26783.655853,96
8147,782208,11842.12,2022-06-04,66117,False,,-15499.504511,96
8148,782304,11843.17,2022-06-22,384634,False,,-13293.758762,96
8149,782400,11844.25,2022-07-26,337820,False,,-24022.185402,96
8150,782496,11845.24,2022-08-03,677846,False,,-28043.560243,96
8151,782592,11846.25,2022-08-17,911588,False,,-20117.4473,96
8152,782688,11847.25,2022-09-07,624169,False,,-21839.078193,96
8153,782784,11848.18,2022-09-29,253572,False,,-19048.924485,96
8154,782880,11849.14,2022-10-12,906265,False,,-19666.132394,96
8155,782976,11850.21,2022-10-26,253438,False,,-15926.093693,96
8156,783072,11851.26,2022-11-23,316860,False,,-31804.960331,96
8157,783168,11852.15,2022-12-07,695548,False,,-21368.511576,96
8158,783264,11853.14,2022-12-17,323167,False,,-22543.21054,96
8159,783360,11854.14,2022-12-28,100641,False,,-44269.684362,96
8160,783456,11855.16,2022-01-24,827738,False,,-21815.905445,96
8161,783552,11856.25,2022-02-07,465651,False,,-34869.126089,96
8162,783648,11857.21,2022-02-21,438494,False,,-40340.235337,96
8163,783744,11858.19,2022-03-19,143713,False,,-12614.37994,96
8164,783840,11859.15,2022-04-13,267412,False,,-14848.646813,96
8165,783936,11860.52,2022-04-27,13977,False,,-13348.057735,96
8166,784032,11861.46,2022-05-09,771871,False,,-19344.799429,96
8167,784128,11862.49,2022-06-04,11805,False,,-16654.480572,96
8168,784224,11863.56,2022-06-22,833691,False,,-15087.308161,96
8169,784320,11864.63,2022-07-26,330822,False,,-9625.332436,96
8170,784416,11865.51,2022-08-03,358660,False,,-12339.662265,96
8171,784512,11866.65,2022-08-17,389400,False,,-19958.548882,96
8172,784608,11867.69,2022-09-07,704845,False,,-13899.20174,96
8173,784704,11868.66,2022-09-29,967045,False,,-25866.859121,96
8174,784800,11869.69,2022-10-12,520180,False,,-16867.396473,96
8175,784896,11870.77,2022-10-26,775439,False,,-15207.564481,96
8176,784992,11871.7,2022-11-23,174111,False,,-42002.508553,96
8177,785088,11872.67,2022-12-07,65670,False,,-8533.358561,96
8178,785184,11873.75,2022-12-17,74785,False,,-10354.243111,96
8179,785280,11874.74,2022-12-28,124674,False,,-14177.705109,96
8180,785376,11875.82,2022-01-24,827845,False,,-22830.629895,96
8181,785472,11876.89,2022-02-07,599012,False,,-16338.28405,96
8182,785568,11877.85,2022-02-21,74672,False,,-16205.536734,96
8183,785664,11878.84,2022-03-19,43202,False,,-16784.187511,96
8184,785760,11879.78,2022-04-13,204945,False,,-28486.309507,96
8185,785856,11880.78,2022-04-27,819866,False,,-25441.678801,96
8186,785952,11881.8,2022-05-09,403724,False,,-14296.071374,96
8187,786048,11882.78,2022-06-04,690762,False,,-13586.308639,96
8188,786144,11883.77,2022-06-22,772463,False,,-32616.33466,96
8189,786240,11884.83,2022-07-26,40328,False,,-16511.05976,96
8190,786336,11885.75,2022-08-03,463889,False,,-22479.782696,96
8191,786432,11886.77,2022-08-17,548251,False,,-30425.150316,96
8192,786528,11887.83,2022-09-07,59524,False,,-21346.801929,96
8193,786624,11888.83,2022-09-29,977453,False,,-22915.161582,96
8194,786720,11889.83,2022-10-12,884221,False,,-12056.904912,96
8195,786816,11890.84,2022-10-26,613378,False,,-18564.16336,96
8196,786912,11891.91,2022-11-23,537209,False,,-15355.604607,96
8197,787008,11892.84,2022-12-07,388912,False,,-21040.898946,96
8198,787104,11893.93,2022-12-17,215486,False,,-16738.042264,96
8199,787200,11894.86,2022-12-28,481355,False,,-24732.816397,96
8200,787296,11896.0,2022-01-24,31706,False,,-12739.570066,96
8201,787392,11897.01,2022-02-07,597102,False,,-38013.825526,96
8202,787488,11898.08,2022-02-21,559443,False,,-19556.962758,96
8203,787584,11899.15,2022-03-19,539036,False,,-13350.472894,96
8204,787680,11900.03,2022-04-13,324105,False,,-11691.352192,96
8205,787776,11901.06,2022-04-27,912238,False,,-31922.11716,96
8206,787872,11902.2,2022-05-09,119622,False,,-13726.026504,96
8207,787968,11903.25,2022-06-04,715024,False,,-17534.724495,96
8208,788064,11904.32,2022-06-22,187642,False,,-24059.715483,96
8209,788160,11905.38,2022-07-26,448183,False,,-22903.724869,96
8210,788256,11906.34,2022-08-03,11933,False,,-23600.794495,96
8211,788352,11907.34,2022-08-17,277707,False,,-28085.504293,96
8212,788448,11908.34,2022-09-07,84756,False,,-23512.247275,96
8213,788544,11909.47,2022-09-29,801878,False,,-25874.661528,96
8214,788640,11910.38,2022-10-12,678804,False,,-25988.789753,96
8215,788736,11911.44,2022-10-26,482688,False,,-23007.834898,96
8216,788832,11912.39,2022-11-23,221495,False,,-19467.793456,96
8217,788928,11913.49,2022-12-07,507068,False,,-22616.165821,96
8218,789024,11914.52,2022-12-17,734692,False,,-14870.939099,96
8219,789120,11915.5,2022-12-28,91143,False,,-18883.183184,96
8220,789216,11916.57,2022-01-24,947331,False,,-16528.56243,96
8221,789312,11917.6,2022-02-07,353093,False,,-13264.076474,96
8222,789408,11918.57,2022-02-21,177885,False,,-19276.455369,96
8223,789504,11919.46,2022-03-19,666640,False,,-43439.956738,96
8224,789600,11920.29,2022-04-13,166331,False,,-31729.396679,96
8225,789696,11921.32,2022-04-27,89063,False,,-11249.131493,96
8226,789792,11922.16,2022-05-09,295598,False,,-18416.930237,96
8227,789888,11923.14,2022-06-04,101023,False,,-20072.641346,96
8228,789984,11924.26,2022-06-22,592379,False,,-21339.46415,96
8229,790080,11935.25,2022-07-26,743475,False,,-27419.942992,96
8230,790176,11936.43,2022-08-03,787688,False,,-12481.571748,96
8231,790272,11937.45,2022-08-17,140133,False,,-20291.247989,96
8232,790368,11938.46,2022-09-07,875045,False,,-16093.979674,96
8233,790464,11939.46,2022-09-29,732886,False,,-25913.233484,96
8234,790560,11940.45,2022-10-12,726587,False,,-10755.570557,96
8235,790656,11941.37,2022-10-26,660893,False,,-12997.661319,96
8236,790752,11942.29,2022-11-23,995350,False,,-18587.774891,96
8237,790848,11943.22,2022-12-07,844872,False,,-18931.234482,96
8238,790944,11944.24,2022-12-17,643795,False,,-12656.860686,96
8239,791040,11945.36,2022-12-28,599092,False,,-19880.354657,96
8240,791136,11946.38,2022-01-24,268004,False,,-22313.827943,96
8241,791232,11947.35,2022-02-07,105186,False,,-13956.355183,96
8242,791328,11948.44,2022-02-21,747270,False,,-21426.690845,96
8243,791424,11949.47,2022-03-19,314149,False,,-15458.932936,96
8244,791520,11950.4,2022-04-13,817281,False,,-27176.167426,96
8245,791616,11951.42,2022-04-27,632758,False,,-28679.308955,96
8246,791712,11952.41,2022-05-09,485546,False,,-20959.39721,96
8247,791808,11953.39,2022-06-04,616868,False,,-12728.428768,96
8248,791904,11954.43,2022-06-22,66984,False,,-33340.759695,96
8249,792000,11955.37,2022-07-26,634241,False,,-30288.022038,96
8250,792096,11956.52,2022-08-03,720058,False,,-14439.367055,96
8251,792192,11957.49,2022-08-17,530015,False,,-18503.708859,96
8252,792288,11958.6,2022-09-07,459442,False,,-25697.550201,96
8253,792384,11959.56,2022-09-29,15489,False,,-17131.256908,96
8254,792480,11960.52,2022-10-12,659744,False,,-14250.57026,96
8255,792576,11961.53,2022-10-26,441557,False,,-19469.187873,96
8256,792672,11962.51,2022-11-23,911028,False,,-28399.062438,96
8257,792768,11963.48,2022-12-07,187717,False,,-29085.424665,96
8258,792864,11964.46,2022-12-17,811340,False,,-10508.637059,96
8259,792960,11965.43,2022-12-28,948836,False,,-20001.553393,96
8260,793056,11966.45,2022-01-24,913539,False,,-21390.333826,96
8261,793152,11967.45,2022-02-07,816815,False,,-40037.165105,96
8262,793248,11968.35,2022-02-21,852406,False,,-16874.923253,96
8263,793344,11969.45,2022-03-19,698725,False,,-21466.354028,96
8264,793440,11970.46,2022-04-13,279917,False,,-43457.333059,96
8265,793536,11971.52,2022-04-27,456994,False,,-23211.266206,96
8266,793632,11972.49,2022-05-09,319694,False,,-25224.5476,96
8267,793728,11973.57,2022-06-04,862373,False,,-12596.159021,96
8268,793824,11974.65,2022-06-22,376016,False,,-34506.739527,96
8269,793920,11975.64,2022-07-26,375650,False,,-11964.092016,96
8270,794016,11976.63,2022-08-03,615379,False,,-13081.572776,96
8271,794112,11977.6,2022-08-17,444128,False,,-24780.75091,96
8272,794208,11978.62,2022-09-07,777122,False,,-13481.907159,96
8273,794304,11979.53,2022-09-29,508517,False,,-28681.327436,96
8274,794400,11980.47,2022-10-12,450411,False,,-17589.878989,96
8275,794496,11981.36,2022-10-26,594650,False,,-48356.381237,96
8276,794592,11982.45,2022-11-23,894415,False,,-14382.680899,96
8277,794688,11983.54,2022-12-07,844354,False,,-25393.262235,96
8278,794784,11984.5,2022-12-17,593554,False,,-14822.21483,96
8279,794880,11985.45,2022-12-28,781791,False,,-13553.132117,96
8280,794976,11986.35,2022-01-24,197041,False,,-7774.106539,96
8281,795072,11987.26,2022-02-07,143386,False,,-8948.320619,96
8282,795168,11988.25,2022-02-21,836885,False,,-17396.284303,96
8283,795264,11989.22,2022-03-19,887411,False,,-25894.475959,96
8284,795360,11990.16,2022-04-13,565273,False,,-11263.410378,96
8285,795456,11991.06,2022-04-27,643580,False,,-34044.779657,96
8286,795552,11992.02,2022-05-09,731894,False,,-24246.152497,96
8287,795648,11992.91,2022-06-04,810553,False,,-26549.575207,96
8288,795744,11993.96,2022-06-22,396240,False,,-15696.043126,96
8289,795840,11995.03,2022-07-26,4407,False,,-21112.347232,96
8290,795936,11996.17,2022-08-03,383389,False,,-21611.861253,96
8291,796032,11997.18,2022-08-17,759630,False,,-42524.446293,96
8292,796128,11998.28,2022-09-07,753064,False,,-30071.603248,96
8293,796224,11999.16,2022-09-29,731739,False,,-33600.223666,96
8294,796320,12000.21,2022-10-12,962074,False,,-10823.334659,96
8295,796416,12001.19,2022-10-26,921707,False,,-23617.540692,96
8296,796512,12002.3,2022-11-23,551311,False,,-23900.024266,96
8297,796608,12003.31,2022-12-07,935568,False,,-12027.725632,96
8298,796704,12004.35,2022-12-17,156425,False,,-32242.988579,96
8299,796800,12005.41,2022-12-28,9565,False,,-16072.728199,96
8300,796896,12006.45,2022-01-24,300613,False,,-13178.064994,96
8301,796992,12007.52,2022-02-07,215386,False,,-31251.370751,96
8302,797088,12008.59,2022-02-21,713321,False,,-18202.634131,96
8303,797184,12009.56,2022-03-19,461603,False,,-10960.497661,96
8304,797280,12010.58,2022-04-13,867071,False,,-15400.697283,96
8305,797376,12011.54,2022-04-27,55567,False,,-32110.688872,96
8306,797472,12012.36,2022-05-09,521078,False,,-31753.914395,96
8307,797568,12013.49,2022-06-04,592289,False,,-20032.726812,96
8308,797664,12014.5,2022-06-22,206681,False,,-11794.84445,96
8309,797760,12015.46,2022-07-26,576732,False,,-17884.946689,96
8310,797856,12016.46,2022-08-03,289338,False,,-26236.057115,96
8311,797952,12017.57,2022-08-17,817778,False,,-30262.409908,96
8312,798048,12018.59,2022-09-07,353297,False,,-18904.289694,96
8313,798144,12019.55,2022-09-29,289237,False,,-18561.293309,96
8314,798240,12020.54,2022-10-12,58349,False,,-27840.770397,96
8315,798336,12021.55,2022-10-26,400664,False,,-29938.419034,96
8316,798432,12022.6,2022-11-23,689553,False,,-18222.038855,96
8317,798528,12023.6,2022-12-07,827539,False,,-44137.993841,96
8318,798624,12024.64,2022-12-17,77144,False,,-23100.430761,96
8319,798720,12025.67,2022-12-28,700310,False,,-23859.674947,96
8320,798816,12026.7,2022-01-24,533372,False,,-19752.225914,96
8321,798912,12027.69,2022-02-07,553917,False,,-22035.816451,96
8322,799008,12028.57,2022-02-21,795510,False,,-32887.40749,96
8323,799104,12029.55,2022-03-19,22846,False,,-12261.469971,96
8324,799200,12030.55,2022-04-13,85262,False,,-14320.509375,96
8325,799296,12031.66,2022-04-27,340415,False,,-18256.888474,96
8326,799392,12032.55,2022-05-09,856830,False,,-26176.213376,96
8327,799488,12033.68,2022-06-04,190083,False,,-14486.483868,96
8328,799584,12034.69,2022-06-22,699148,False,,-15005.390948,96
8329,799680,12035.7,2022-07-26,652615,False,,-23876.413056,96
8330,799776,12036.78,2022-08-03,786963,False,,-25204.042279,96
8331,799872,12037.93,2022-08-17,64716,False,,-11817.837354,96
8332,799968,12039.0,2022-09-07,820696,False,,-33735.080273,96
8333,800064,12048.37,2022-09-29,685869,False,,-29497.487187,96
8334,800160,12049.49,2022-10-12,151160,False,,-13720.156917,96
8335,800256,12050.53,2022-10-26,337016,False,,-7930.879221,96
8336,800352,12051.56,2022-11-23,61431,False,,-21319.795486,96
8337,800448,12052.63,2022-12-07,208041,False,,-17267.94343,96
8338,800544,12053.6,2022-12-17,471055,False,,-30997.894404,96
8339,800640,12054.55,2022-12-28,776525,False,,-11214.411774,96
8340,800736,12055.46,2022-01-24,885749,False,,-19573.997087,96
8341,800832,12056.33,2022-02-07,345056,False,,-29824.301228,96
8342,800928,12057.33,2022-02-21,416574,False,,-18369.137871,96
8343,801024,12058.31,2022-03-19,358507,False,,-12010.870973,96
8344,801120,12059.31,2022-04-13,261144,False,,-33354.416436,96
8345,801216,12060.28,2022-04-27,351643,False,,-19295.953216,96
8346,801312,12061.4,2022-05-09,979550,False,,-33877.078432,96
8347,801408,12062.48,2022-06-04,815830,False,,-30609.079413,96
8348,801504,12063.46,2022-06-22,170227,False,,-16797.231499,96
8349,801600,12064.41,2022-07-26,857509,False,,-28868.868552,96
8350,801696,12065.49,2022-08-03,714756,False,,-21355.490823,96
8351,801792,12066.54,2022-08-17,473668,False,,-23904.549375,96
8352,801888,12067.6,2022-09-07,910725,False,,-21213.584155,96
8353,801984,12068.58,2022-09-29,556066,False,,-17009.992466,96
8354,802080,12069.52,2022-10-12,84353,False,,-17601.368195,96
8355,802176,12070.47,2022-10-26,846655,False,,-14310.427022,96
8356,802272,12071.59,2022-11-23,185218,False,,-15222.825512,96
8357,802368,12072.47,2022-12-07,952773,False,,-26807.552851,96
8358,802464,12073.51,2022-12-17,227446,False,,-35491.752092,96
8359,802560,12074.36,2022-12-28,256633,False,,-12319.119616,96
8360,802656,12075.48,2022-01-24,38777,False,,-16189.272741,96
8361,802752,12076.49,2022-02-07,643339,False,,-19904.2683,96
8362,802848,12077.58,2022-02-21,729615,False,,-19685.787838,96
8363,802944,12078.5,2022-03-19,482510,False,,-17049.884017,96
8364,803040,12079.6,2022-04-13,719232,False,,-13543.991468,96
8365,803136,12080.66,2022-04-27,376804,False,,-22723.352132,96
8366,803232,12081.76,2022-05-09,513084,False,,-12261.016236,96
8367,803328,12082.61,2022-06-04,454353,False,,-12402.064758,96
8368,803424,12083.56,2022-06-22,212531,False,,-13465.94977,96
8369,803520,12084.44,2022-07-26,613796,False,,-20311.913623,96
8370,803616,12085.37,2022-08-03,934939,False,,-26106.823901,96
8371,803712,12086.25,2022-08-17,753649,False,,-22419.103421,96
8372,803808,12087.29,2022-09-07,429971,False,,-15305.153639,96
8373,803904,12088.26,2022-09-29,936155,False,,-9968.837467,96
8374,804000,12089.31,2022-10-12,169470,False,,-25919.358096,96
8375,804096,12090.29,2022-10-26,28602,False,,-12903.395324,96
8376,804192,12091.24,2022-11-23,439300,False,,-40667.741674,96
8377,804288,12092.23,2022-12-07,235220,False,,-16260.259264,96
8378,804384,12093.24,2022-12-17,712478,False,,-18233.720702,96
8379,804480,12094.37,2022-12-28,357587,False,,-34423.35529,96
8380,804576,12095.43,2022-01-24,595426,False,,-10638.1823,96
8381,804672,12096.39,2022-02-07,232304,False,,-17732.744693,96
8382,804768,12097.45,2022-02-21,882272,False,,-33016.824745,96
8383,804864,12098.35,2022-03-19,619089,False,,-10004.613915,96
8384,804960,12099.44,2022-04-13,902427,False,,-15375.666348,96
8385,805056,12100.49,2022-04-27,802403,False,,-20758.675301,96
8386,805152,12101.51,2022-05-09,864232,False,,-17188.852408,96
8387,805248,12102.46,2022-06-04,866178,False,,-16127.19813,96
8388,805344,12103.53,2022-06-22,411409,False,,-26784.86156,96
8389,805440,12104.56,2022-07-26,496291,False,,-30783.91843,96
8390,805536,12105.61,2022-08-03,221422,False,,-14599.277008,96
8391,805632,12106.62,2022-08-17,25596,False,,-23732.866872,96
8392,805728,12107.66,2022-09-07,614189,False,,-21730.072603,96
8393,805824,12108.58,2022-09-29,842613,False,,-18714.037962,96
8394,805920,12109.55,2022-10-12,101810,False,,-22202.951631,96
8395,806016,12110.47,2022-10-26,473633,False,,-19376.837518,96
8396,806112,12111.52,2022-11-23,257991,False,,-24250.318446,96
8397,806208,12112.47,2022-12-07,597158,False,,-17250.453046,96
8398,806304,12113.48,2022-12-17,141578,False,,-16922.936614,96
8399,806400,12114.46,2022-12-28,457705,False,,-27561.695996,96
8400,806496,12115.43,2022-01-24,558764,False,,-27693.989546,96
8401,806592,12116.38,2022-02-07,459137,False,,-22471.17812,96
8402,806688,12117.48,2022-02-21,366292,False,,-16290.060459,96
8403,806784,12118.5,2022-03-19,618359,False,,-13686.740726,96
8404,806880,12119.59,2022-04-13,453477,False,,-25423.339719,96
8405,806976,12120.63,2022-04-27,532816,False,,-20205.03858,96
8406,807072,12121.66,2022-05-09,659725,False,,-17164.868239,96
8407,807168,12122.68,2022-06-04,303439,False,,-30739.386176,96
8408,807264,12123.64,2022-06-22,921893,False,,-33580.368256,96
8409,807360,12124.68,2022-07-26,699361,False,,-11795.546021,96
8410,807456,12125.72,2022-08-03,467859,False,,-35847.26836,96
8411,807552,12126.74,2022-08-17,999355,False,,-14233.113756,96
8412,807648,12127.85,2022-09-07,582968,False,,-23168.03643,96
8413,807744,12128.82,2022-09-29,513737,False,,-17397.162583,96
8414,807840,12129.95,2022-10-12,427783,False,,-27737.337038,96
8415,807936,12130.88,2022-10-26,668208,False,,-20588.32758,96
8416,808032,12131.84,2022-11-23,507918,False,,-29776.111512,96
8417,808128,12132.8,2022-12-07,191250,False,,-17533.750442,96
8418,808224,12133.82,2022-12-17,592207,False,,-31319.493796,96
8419,808320,12134.84,2022-12-28,957254,False,,-20437.444728,96
8420,808416,12135.83,2022-01-24,322512,False,,-16228.32848,96
8421,808512,12136.87,2022-02-07,138029,False,,-20857.32496,96
8422,808608,12137.92,2022-02-21,56884,False,,-21261.05772,96
8423,808704,12138.94,2022-03-19,885706,False,,-16283.090068,96
8424,808800,12140.03,2022-04-13,244431,False,,-16944.257804,96
8425,808896,12141.06,2022-04-27,817598,False,,-28941.962999,96
8426,808992,12141.99,2022-05-09,232074,False,,-14505.873632,96
8427,809088,12142.93,2022-06-04,257875,False,,-13824.944661,96
8428,809184,12144.03,2022-06-22,684275,False,,-21544.613172,96
8429,809280,12145.05,2022-07-26,511865,False,,-26605.209012,96
8430,809376,12146.04,2022-08-03,869197,False,,-24640.150113,96
8431,809472,12147.11,2022-08-17,286292,False,,-12841.578801,96
8432,809568,12148.16,2022-09-07,491882,False,,-25572.332108,96
8433,809664,12149.03,2022-09-29,77082,False,,-34649.726396,96
8434,809760,12149.86,2022-10-12,848418,False,,-23063.834351,96
8435,809856,12150.79,2022-10-26,416218,False,,-20221.198115,96
8436,809952,12151.7,2022-11-23,669244,False,,-17249.274795,96
8437,810048,12161.17,2022-12-07,737595,False,,-23998.566338,96
8438,810144,12162.08,2022-12-17,956762,False,,-12340.305503,96
8439,810240,12163.18,2022-12-28,818221,False,,-17481.339536,96
8440,810336,12164.16,2022-01-24,645520,False,,-11639.170501,96
8441,810432,12164.97,2022-02-07,823728,False,,-24305.268684,96
8442,810528,12166.11,2022-02-21,792388,False,,-19651.122834,96
8443,810624,12167.1,2022-03-19,373755,False,,-16375.89686,96
8444,810720,12168.11,2022-04-13,891290,False,,-18259.676595,96
8445,810816,12169.09,2022-04-27,250609,False,,-13437.850614,96
8446,810912,12170.08,2022-05-09,907792,False,,-11854.205351,96
8447,811008,12170.99,2022-06-04,920505,False,,-28107.833016,96
8448,811104,12171.96,2022-06-22,703843,False,,-16819.015958,96
8449,811200,12172.86,2022-07-26,930939,False,,-18913.584215,96
8450,811296,12173.91,2022-08-03,909136,False,,-11352.595882,96
8451,811392,12174.98,2022-08-17,457326,False,,-20339.902899,96
8452,811488,12175.92,2022-09-07,312683,False,,-20018.029162,96
8453,811584,12177.0,2022-09-29,569740,False,,-8042.765955,96
8454,811680,12178.09,2022-10-12,665664,False,,-36579.617662,96
8455,811776,12179.1,2022-10-26,659052,False,,-29624.933402,96
8456,811872,12180.07,2022-11-23,296030,False,,-14251.250187,96
8457,811968,12180.96,2022-12-07,568079,False,,-13038.000778,96
8458,812064,12181.94,2022-12-17,799089,False,,-17845.584022,96
8459,812160,12182.85,2022-12-28,923959,False,,-20176.216892,96
8460,812256,12183.81,2022-01-24,243397,False,,-29075.788373,96
8461,812352,12184.75,2022-02-07,598190,False,,-20854.301995,96
8462,812448,12185.55,2022-02-21,150503,False,,-22928.304755,96
8463,812544,12186.53,2022-03-19,493386,False,,-19810.092955,96
8464,812640,12187.56,2022-04-13,127173,False,,-34720.877203,96
8465,812736,12188.66,2022-04-27,891370,False,,-22101.724554,96
8466,812832,12189.72,2022-05-09,752689,False,,-22798.971699,96
8467,812928,12190.8,2022-06-04,687100,False,,-19028.776146,96
8468,813024,12191.78,2022-06-22,569386,False,,-18028.000916,96
8469,813120,12192.84,2022-07-26,709835,False,,-12261.675782,96
8470,813216,12193.78,2022-08-03,595770,False,,-15723.236591,96
8471,813312,12194.92,2022-08-17,814017,False,,-27026.361429,96
8472,813408,12195.79,2022-09-07,539134,False,,-21086.443404,96
8473,813504,12196.78,2022-09-29,36679,False,,-15398.801255,96
8474,813600,12197.74,2022-10-12,352730,False,,-23060.408062,96
8475,813696,12198.74,2022-10-26,302522,False,,-12498.682094,96
8476,813792,12199.82,2022-11-23,624042,False,,-13028.130255,96
8477,813888,12200.84,2022-12-07,103896,False,,-23138.534337,96
8478,813984,12201.83,2022-12-17,45862,False,,-22673.439957,96
8479,814080,12202.74,2022-12-28,18732,False,,-9668.892093,96
8480,814176,12203.72,2022-01-24,183517,False,,-10479.334795,96
8481,814272,12204.7,2022-02-07,911839,False,,-15136.007294,96
8482,814368,12205.72,2022-02-21,127548,False,,-24077.835431,96
8483,814464,12206.77,2022-03-19,31066,False,,-17015.870438,96
8484,814560,12207.69,2022-04-13,24678,False,,-23901.617756,96
8485,814656,12208.7,2022-04-27,98726,False,,-19334.358562,96
8486,814752,12209.62,2022-05-09,561809,False,,-19336.251586,96
8487,814848,12210.59,2022-06-04,942725,False,,-10543.3946,96
8488,814944,12211.56,2022-06-22,785566,False,,-18737.289891,96
8489,815040,12212.58,2022-07-26,337625,False,,-33585.113495,96
8490,815136,12213.61,2022-08-03,362051,False,,-25499.236727,96
8491,815232,12214.63,2022-08-17,54008,False,,-16464.917565,96
8492,815328,12215.73,2022-09-07,387377,False,,-13121.215197,96
8493,815424,12216.79,2022-09-29,822147,False,,-22792.890047,96
8494,815520,12217.92,2022-10-12,568429,False,,-11836.681337,96
8495,815616,12218.78,2022-10-26,118371,False,,-10772.363461,96
8496,815712,12219.83,2022-11-23,394347,False,,-10395.503616,96
8497,815808,12220.8,2022-12-07,371156,False,,-17353.223951,96
8498,815904,12221.74,2022-12-17,481763,False,,-10364.424354,96
8499,816000,12222.71,2022-12-28,870705,False,,-19614.934965,96
8500,816096,12223.79,2022-01-24,912616,False,,-22574.87088,96
8501,816192,12224.82,2022-02-07,756464,False,,-24103.830106,96
8502,816288,12225.85,2022-02-21,240111,False,,-24604.866087,96
8503,816384,12226.73,2022-03-19,367359,False,,-15669.427149,96
8504,816480,12227.81,2022-04-13,177307,False,,-26954.283524,96
8505,816576,12228.75,2022-04-27,537761,False,,-20436.319465,96
8506,816672,12229.76,2022-05-09,113674,False,,-31867.762331,96
8507,816768,12230.82,2022-06-04,33170,False,,-19314.266858,96
8508,816864,12231.83,2022-06-22,837331,False,,-20124.755779,96
8509,816960,12232.86,2022-07-26,502877,False,,-20783.44415,96
8510,817056,12233.86,2022-08-03,289952,False,,-17597.188127,96
8511,817152,12234.88,2022-08-17,499940,False,,-24986.583797,96
8512,817248,12235.82,2022-09-07,20645,False,,-18893.614617,96
8513,817344,12236.9,2022-09-29,348734,False,,-17884.615856,96
8514,817440,12237.8,2022-10-12,592386,False,,-18132.069337,96
8515,817536,12238.73,2022-10-26,350079,False,,-19695.916034,96
8516,817632,12239.75,2022-11-23,893117,False,,-15499.180218,96
8517,817728,12240.66,2022-12-07,919374,False,,-16951.751186,96
8518,817824,12241.58,2022-12-17,511962,False,,-15563.655671,96
8519,817920,12242.5,2022-12-28,277433,False,,-13763.854161,96
8520,818016,12243.43,2022-01-24,659287,False,,-21441.934696,96
8521,818112,12244.54,2022-02-07,861409,False,,-13623.146949,96
8522,818208,12245.56,2022-02-21,396901,False,,-29567.1001,96
8523,818304,12246.55,2022-03-19,709871,False,,-36550.42126,96
8524,818400,12247.51,2022-04-13,822072,False,,-9398.75185,96
8525,818496,12248.37,2022-04-27,800525,False,,-13320.819759,96
8526,818592,12249.28,2022-05-09,427089,False,,-16947.044655,96
8527,818688,12250.35,2022-06-04,941053,False,,-12547.817701,96
8528,818784,12251.34,2022-06-22,93636,False,,-36438.271176,96
8529,818880,12252.35,2022-07-26,389655,False,,-15142.002714,96
8530,818976,12253.24,2022-08-03,391029,False,,-14770.575818,96
8531,819072,12254.4,2022-08-17,860745,False,,-17127.47827,96
8532,819168,12255.33,2022-09-07,385877,False,,-16854.218851,96
8533,819264,12256.28,2022-09-29,133154,False,,-14815.336732,96
8534,819360,12257.22,2022-10-12,344962,False,,-33903.827417,96
8535,819456,12258.09,2022-10-26,479940,False,,-16742.610229,96
8536,819552,12259.04,2022-11-23,467025,False,,-22818.40397,96
8537,819648,12260.18,2022-12-07,244073,False,,-20019.110746,96
8538,819744,12261.18,2022-12-17,521606,False,,-23537.599185,96
8539,819840,12262.18,2022-12-28,766098,False,,-12983.830252,96
8540,819936,12263.23,2022-01-24,695890,False,,-22264.365703,96
8541,820032,12272.38,2022-02-07,68897,False,,-27653.205554,96
8542,820128,12273.33,2022-02-21,416630,False,,-17183.191548,96
8543,820224,12274.43,2022-03-19,594052,False,,-18414.901202,96
8544,820320,12275.41,2022-04-13,678569,False,,-15437.792077,96
8545,820416,12276.4,2022-04-27,248648,False,,-19548.682664,96
8546,820512,12277.38,2022-05-09,9513,False,,-15155.405347,96
8547,820608,12278.31,2022-06-04,746587,False,,-21268.290744,96
8548,820704,12279.36,2022-06-22,471477,False,,-21816.200418,96
8549,820800,12280.46,2022-07-26,467922,False,,-11232.668367,96
8550,820896,12281.46,2022-08-03,871290,False,,-16663.284847,96
8551,820992,12282.51,2022-08-17,469536,False,,-24867.230688,96
8552,821088,12283.47,2022-09-07,831125,False,,-13999.149413,96
8553,821184,12284.47,2022-09-29,319726,False,,-25262.786444,96
8554,821280,12285.44,2022-10-12,803728,False,,-25486.383536,96
8555,821376,12286.32,2022-10-26,120378,False,,-24098.301865,96
8556,821472,12287.31,2022-11-23,444168,False,,-20957.956767,96
8557,821568,12288.3,2022-12-07,617074,False,,-25767.105441,96
8558,821664,12289.27,2022-12-17,179599,False,,-31453.841405,96
8559,821760,12290.37,2022-12-28,981134,False,,-10872.488542,96
8560,821856,12291.36,2022-01-24,930828,False,,-28861.728846,96
8561,821952,12292.42,2022-02-07,836566,False,,-19793.592949,96
8562,822048,12293.4,2022-02-21,856744,False,,-25073.103045,96
8563,822144,12294.39,2022-03-19,419369,False,,-25630.646468,96
8564,822240,12295.4,2022-04-13,26298,False,,-21844.091368,96
8565,822336,12296.56,2022-04-27,908909,False,,-16834.391955,96
8566,822432,12297.57,2022-05-09,290276,False,,-17795.142053,96
8567,822528,12298.68,2022-06-04,504454,False,,-17677.757896,96
8568,822624,12299.74,2022-06-22,649919,False,,-12403.202754,96
8569,822720,12300.8,2022-07-26,259077,False,,-22174.110817,96
8570,822816,12301.83,2022-08-03,117758,False,,-32082.335868,96
8571,822912,12302.84,2022-08-17,931500,False,,-14833.230234,96
8572,823008,12303.94,2022-09-07,352442,False,,-27158.45358,96
8573,823104,12304.95,2022-09-29,536833,False,,-18792.478964,96
8574,823200,12306.0,2022-10-12,533849,False,,-35615.886188,96
8575,823296,12307.07,2022-10-26,254067,False,,-16582.600805,96
8576,823392,12308.05,2022-11-23,873663,False,,-20824.564716,96
8577,823488,12308.94,2022-12-07,100291,False,,-15675.415185,96
8578,823584,12309.97,2022-12-17,919157,False,,-11865.613002,96
8579,823680,12310.96,2022-12-28,366557,False,,-21305.351208,96
8580,823776,12311.85,2022-01-24,23775,False,,-53337.620543,96
8581,823872,12312.86,2022-02-07,904024,False,,-39628.526207,96
8582,823968,12313.83,2022-02-21,964630,False,,-13286.45767,96
8583,824064,12314.81,2022-03-19,938953,False,,-18579.580742,96
8584,824160,12315.81,2022-04-13,980646,False,,-19132.528259,96
8585,824256,12316.81,2022-04-27,395655,False,,-25693.091416,96
8586,824352,12317.91,2022-05-09,729896,False,,-24289.158845,96
8587,824448,12319.01,2022-06-04,917724,False,,-17997.495982,96
8588,824544,12320.16,2022-06-22,460629,False,,-10052.657373,96
8589,824640,12321.24,2022-07-26,507978,False,,-29204.514868,96
8590,824736,12322.07,2022-08-03,11277,False,,-22146.492587,96
8591,824832,12323.09,2022-08-17,854709,False,,-25529.52695,96
8592,824928,12324.03,2022-09-07,387405,False,,-20679.04324,96
8593,825024,12325.02,2022-09-29,35910,False,,-18060.403031,96
8594,825120,12326.12,2022-10-12,259729,False,,-10357.609573,96
8595,825216,12327.21,2022-10-26,146011,False,,-28433.148352,96
8596,825312,12328.34,2022-11-23,370036,False,,-33497.196294,96
8597,825408,12329.24,2022-12-07,42029,False,,-27904.081862,96
8598,825504,12330.24,2022-12-17,342288,False,,-17035.055513,96
8599,825600,12331.15,2022-12-28,159524,False,,-12598.279148,96
8600,825696,12332.05,2022-01-24,452616,False,,-14850.407733,96
8601,825792,12333.02,2022-02-07,81090,False,,-18384.829407,96
8602,825888,12333.94,2022-02-21,153965,False,,-19013.958768,96
8603,825984,12335.07,2022-03-19,786167,False,,-21759.571836,96
8604,826080,12335.98,2022-04-13,433712,False,,-21936.983833,96
8605,826176,12337.09,2022-04-27,532756,False,,-48811.767765,96
8606,826272,12338.31,2022-05-09,466811,False,,-16009.637777,96
8607,826368,12339.45,2022-06-04,956910,False,,-17368.647234,96
8608,826464,12340.41,2022-06-22,3742,False,,-8663.80396,96
8609,826560,12341.42,2022-07-26,429233,False,,-23088.373601,96
8610,826656,12342.49,2022-08-03,31999,False,,-32000.377823,96
8611,826752,12343.42,2022-08-17,561670,False,,-20034.834285,96
8612,826848,12344.37,2022-09-07,397512,False,,-16099.697326,96
8613,826944,12345.3,2022-09-29,41376,False,,-30414.432391,96
8614,827040,12346.17,2022-10-12,152885,False,,-17754.35131,96
8615,827136,12347.15,2022-10-26,323776,False,,-29147.232723,96
8616,827232,12348.26,2022-11-23,175978,False,,-23092.974908,96
8617,827328,12349.21,2022-12-07,848760,False,,-21944.73118,96
8618,827424,12350.25,2022-12-17,525683,False,,-10601.35703,96
8619,827520,12351.13,2022-12-28,797093,False,,-7776.025483,96
8620,827616,12352.18,2022-01-24,45244,False,,-27250.401997,96
8621,827712,12353.27,2022-02-07,818235,False,,-19120.251356,96
8622,827808,12354.22,2022-02-21,810197,False,,-20257.487388,96
8623,827904,12355.35,2022-03-19,441968,False,,-27725.439069,96
8624,828000,12356.38,2022-04-13,990521,False,,-12619.608845,96
8625,828096,12357.39,2022-04-27,376401,False,,-18837.132595,96
8626,828192,12358.35,2022-05-09,269046,False,,-9633.922205,96
8627,828288,12359.46,2022-06-04,307245,False,,-10630.80921,96
8628,828384,12360.45,2022-06-22,270763,False,,-19206.691503,96
8629,828480,12361.34,2022-07-26,892257,False,,-33077.903373,96
8630,828576,12362.42,2022-08-03,293815,False,,-21319.305761,96
8631,828672,12363.45,2022-08-17,257961,False,,-19061.201738,96
8632,828768,12364.45,2022-09-07,992703,False,,-12261.971142,96
8633,828864,12365.47,2022-09-29,513536,False,,-13284.190586,96
8634,828960,12366.44,2022-10-12,623108,False,,-23469.164925,96
8635,829056,12367.46,2022-10-26,813206,False,,-32334.077778,96
8636,829152,12368.49,2022-11-23,813381,False,,-24917.97846,96
8637,829248,12369.49,2022-12-07,44229,False,,-13554.493866,96
8638,829344,12370.43,2022-12-17,825106,False,,-25055.614403,96
8639,829440,12371.49,2022-12-28,687800,False,,-17191.540509,96
8640,829536,12372.62,2022-01-24,779029,False,,-18518.960591,96
8641,829632,12373.85,2022-02-07,815830,False,,-33499.875971,96
8642,829728,12374.88,2022-02-21,297274,False,,-17557.542948,96
8643,829824,12375.81,2022-03-19,210492,False,,-20331.785989,96
8644,829920,12376.79,2022-04-13,481608,False,,-19927.023297,96
8645,830016,12386.19,2022-04-27,766192,False,,-49794.597679,96
8646,830112,12387.31,2022-05-09,72431,False,,-30649.221107,96
8647,830208,12388.41,2022-06-04,19907,False,,-27378.2274,96
8648,830304,12389.42,2022-06-22,841968,False,,-28360.804278,96
8649,830400,12390.46,2022-07-26,43117,False,,-16764.796827,96
8650,830496,12391.49,2022-08-03,730665,False,,-15956.235199,96
8651,830592,12392.46,2022-08-17,890887,False,,-25656.813281,96
8652,830688,12393.44,2022-09-07,677099,False,,-24765.21739,96
8653,830784,12394.42,2022-09-29,474665,False,,-12567.575843,96
8654,830880,12395.48,2022-10-12,66164,False,,-17577.1155,96
8655,830976,12396.35,2022-10-26,248890,False,,-21154.451623,96
8656,831072,12397.35,2022-11-23,167055,False,,-19531.172506,96
8657,831168,12398.2,2022-12-07,28658,False,,-30081.605489,96
8658,831264,12399.17,2022-12-17,967389,False,,-13838.406756,96
8659,831360,12400.19,2022-12-28,138279,False,,-16629.36808,96
8660,831456,12401.27,2022-01-24,783547,False,,-44439.774274,96
8661,831552,12402.28,2022-02-07,452900,False,,-15818.125084,96
8662,831648,12403.32,2022-02-21,568067,False,,-12514.174648,96
8663,831744,12404.26,2022-03-19,22980,False,,-15237.231558,96
8664,831840,12405.38,2022-04-13,512835,False,,-40552.497814,96
8665,831936,12406.35,2022-04-27,311640,False,,-9492.393776,96
8666,832032,12407.45,2022-05-09,622355,False,,-22036.831812,96
8667,832128,12408.28,2022-06-04,735906,False,,-16742.44215,96
8668,832224,12409.29,2022-06-22,989874,False,,-17455.008034,96
8669,832320,12410.24,2022-07-26,689272,False,,-19553.67382,96
8670,832416,12411.31,2022-08-03,732986,False,,-19533.677392,96
8671,832512,12412.34,2022-08-17,687965,False,,-20876.861386,96
8672,832608,12413.28,2022-09-07,922739,False,,-23598.273924,96
8673,832704,12414.34,2022-09-29,859127,False,,-13908.929422,96
8674,832800,12415.28,2022-10-12,631400,False,,-13906.108796,96
8675,832896,12416.12,2022-10-26,867733,False,,-11083.427364,96
8676,832992,12417.01,2022-11-23,274341,False,,-17131.028742,96
8677,833088,12418.13,2022-12-07,758841,False,,-14498.377791,96
8678,833184,12419.09,2022-12-17,906394,False,,-36851.649206,96
8679,833280,12420.1,2022-12-28,474070,False,,-17867.232486,96
8680,833376,12421.2,2022-01-24,248230,False,,-26998.949314,96
8681,833472,12422.28,2022-02-07,499899,False,,-13622.964006,96
8682,833568,12423.27,2022-02-21,938598,False,,-10257.016542,96
8683,833664,12424.22,2022-03-19,759137,False,,-26655.902186,96
8684,833760,12425.1,2022-04-13,534214,False,,-18753.469971,96
8685,833856,12425.94,2022-04-27,769399,False,,-19854.452368,96
8686,833952,12426.84,2022-05-09,920050,False,,-8920.594773,96
8687,834048,12427.94,2022-06-04,820451,False,,-18943.975591,96
8688,834144,12428.94,2022-06-22,514037,False,,-13852.889208,96
8689,834240,12429.92,2022-07-26,410665,False,,-21227.804469,96
8690,834336,12430.98,2022-08-03,611340,False,,-15233.758315,96
8691,834432,12431.95,2022-08-17,626948,False,,-19337.836155,96
8692,834528,12432.99,2022-09-07,480729,False,,-38042.599616,96
8693,834624,12433.93,2022-09-29,51488,False,,-29285.39687,96
8694,834720,12434.96,2022-10-12,754406,False,,-17764.435885,96
8695,834816,12435.99,2022-10-26,266538,False,,-23197.190654,96
8696,834912,12436.83,2022-11-23,79033,False,,-26718.143955,96
8697,835008,12437.72,2022-12-07,448308,False,,-23702.367733,96
8698,835104,12438.78,2022-12-17,754709,False,,-13664.663023,96
8699,835200,12439.77,2022-12-28,788577,False,,-15630.466165,96
8700,835296,12440.79,2022-01-24,91528,False,,-15426.845597,96
8701,835392,12441.72,2022-02-07,926418,False,,-20331.884773,96
8702,835488,12442.69,2022-02-21,609969,False,,-14637.167576,96
8703,835584,12443.79,2022-03-19,52354,False,,-24921.145471,96
8704,835680,12444.73,2022-04-13,236799,False,,-22991.138369,96
8705,835776,12445.8,2022-04-27,608413,False,,-20641.258876,96
8706,835872,12446.77,2022-05-09,502672,False,,-13373.0942,96
8707,835968,12447.75,2022-06-04,40766,False,,-21577.603137,96
8708,836064,12448.77,2022-06-22,652193,False,,-30921.944454,96
8709,836160,12449.74,2022-07-26,375826,False,,-13583.249223,96
8710,836256,12450.6,2022-08-03,413249,False,,-15693.840493,96
8711,836352,12451.58,2022-08-17,866619,False,,-13907.484588,96
8712,836448,12452.63,2022-09-07,503667,False,,-20716.595593,96
8713,836544,12453.64,2022-09-29,399913,False,,-10709.853298,96
8714,836640,12454.66,2022-10-12,275114,False,,-13520.320085,96
8715,836736,12455.66,2022-10-26,229445,False,,-15152.640806,96
8716,836832,12456.5,2022-11-23,71204,False,,-15418.69303,96
8717,836928,12457.57,2022-12-07,283505,False,,-13250.369704,96
8718,837024,12458.61,2022-12-17,429082,False,,-12584.784744,96
8719,837120,12459.7,2022-12-28,318180,False,,-15234.349519,96
8720,837216,12461.04,2022-01-24,151140,False,,-11206.243955,96
8721,837312,12462.08,2022-02-07,12280,False,,-15794.944014,96
8722,837408,12463.07,2022-02-21,27717,False,,-16420.315502,96
8723,837504,12464.1,2022-03-19,139940,False,,-22585.030908,96
8724,837600,12465.07,2022-04-13,12468,False,,-18257.084565,96
8725,837696,12466.07,2022-04-27,39533,False,,-16498.998493,96
8726,837792,12467.03,2022-05-09,379187,False,,-10309.952189,96
8727,837888,12467.95,2022-06-04,66892,False,,-17420.733654,96
8728,837984,12469.05,2022-06-22,947279,False,,-14633.138731,96
8729,838080,12470.05,2022-07-26,276204,False,,-42528.480612,96
8730,838176,12471.0,2022-08-03,609486,False,,-44519.900449,96
8731,838272,12472.13,2022-08-17,75311,False,,-19457.671271,96
8732,838368,12473.04,2022-09-07,945328,False,,-46140.58552,96
8733,838464,12474.13,2022-09-29,169267,False,,-14769.713667,96
8734,838560,12475.18,2022-10-12,454287,False,,-17530.81649,96
8735,838656,12476.11,2022-10-26,382253,False,,-13679.807684,96
8736,838752,12477.1,2022-11-23,158846,False,,-14672.993429,96
8737,838848,12478.07,2022-12-07,656711,False,,-57763.021083,96
8738,838944,12479.02,2022-12-17,105468,False,,-24287.714888,96
8739,839040,12480.09,2022-12-28,122245,False,,-17222.991505,96
8740,839136,12481.04,2022-01-24,384456,False,,-24432.800757,96
8741,839232,12481.92,2022-02-07,882421,False,,-30592.511708,96
8742,839328,12482.92,2022-02-21,265687,False,,-18042.893922,96
8743,839424,12483.9,2022-03-19,570270,False,,-28005.395909,96
8744,839520,12484.94,2022-04-13,255383,False,,-20368.899864,96
8745,839616,12485.9,2022-04-27,825785,False,,-30916.209295,96
8746,839712,12486.97,2022-05-09,244628,False,,-13871.273775,96
8747,839808,12488.16,2022-06-04,955150,False,,-28658.319163,96
8748,839904,12489.25,2022-06-22,752970,False,,-30805.494258,96
8749,840000,12490.24,2022-07-26,949444,False,,-14228.589697,96
8750,840096,12499.79,2022-08-03,9278,False,,-17413.375911,96
8751,840192,12500.73,2022-08-17,591684,False,,-24972.384894,96
8752,840288,12501.75,2022-09-07,6939,False,,-32232.713871,96
8753,840384,12502.82,2022-09-29,585604,False,,-26371.097137,96
8754,840480,12503.85,2022-10-12,885060,False,,-33532.053328,96
8755,840576,12504.85,2022-10-26,618995,False,,-15559.835162,96
8756,840672,12505.97,2022-11-23,241634,False,,-8338.500169,96
8757,840768,12506.91,2022-12-07,926777,False,,-25897.978721,96
8758,840864,12507.94,2022-12-17,95610,False,,-13375.133395,96
8759,840960,12509.03,2022-12-28,736297,False,,-16867.250282,96
8760,841056,12510.09,2022-01-24,343986,False,,-22521.658292,96
8761,841152,12510.96,2022-02-07,498170,False,,-33992.046373,96
8762,841248,12512.01,2022-02-21,170644,False,,-27969.087105,96
8763,841344,12512.92,2022-03-19,225030,False,,-36375.287629,96
8764,841440,12513.94,2022-04-13,716472,False,,-22079.18862,96
8765,841536,12514.93,2022-04-27,765180,False,,-17274.121682,96
8766,841632,12515.98,2022-05-09,535851,False,,-40048.836972,96
8767,841728,12517.07,2022-06-04,427478,False,,-13774.406863,96
8768,841824,12518.2,2022-06-22,364567,False,,-8823.825246,96
8769,841920,12519.09,2022-07-26,559637,False,,-26192.587747,96
8770,842016,12520.2,2022-08-03,38116,False,,-32836.918507,96
8771,842112,12521.21,2022-08-17,545472,False,,-19211.377723,96
8772,842208,12522.17,2022-09-07,167937,False,,-9091.88495,96
8773,842304,12523.13,2022-09-29,565429,False,,-16613.477675,96
8774,842400,12524.24,2022-10-12,103355,False,,-18621.55337,96
8775,842496,12525.18,2022-10-26,190584,False,,-13739.046966,96
8776,842592,12526.21,2022-11-23,815230,False,,-27807.137662,96
8777,842688,12527.37,2022-12-07,169016,False,,-14563.744386,96
8778,842784,12528.31,2022-12-17,882634,False,,-30052.985339,96
8779,842880,12529.37,2022-12-28,65675,False,,-15638.548044,96
8780,842976,12530.3,2022-01-24,696996,False,,-11678.512943,96
8781,843072,12531.3,2022-02-07,136401,False,,-21653.276338,96
8782,843168,12532.18,2022-02-21,989644,False,,-21871.311644,96
8783,843264,12533.32,2022-03-19,722398,False,,-15009.377002,96
8784,843360,12534.13,2022-04-13,557092,False,,-9287.563702,96
8785,843456,12535.04,2022-04-27,162505,False,,-20511.820899,96
8786,843552,12536.05,2022-05-09,934707,False,,-21963.392446,96
8787,843648,12537.03,2022-06-04,620373,False,,-8885.263535,96
8788,843744,12538.08,2022-06-22,394152,False,,-21510.442582,96
8789,843840,12538.95,2022-07-26,597228,False,,-33354.296713,96
8790,843936,12539.97,2022-08-03,204233,False,,-14485.284119,96
8791,844032,12540.98,2022-08-17,438120,False,,-10863.058616,96
8792,844128,12541.87,2022-09-07,232183,False,,-17080.573777,96
8793,844224,12542.73,2022-09-29,926281,False,,-15490.642388,96
8794,844320,12543.68,2022-10-12,131978,False,,-16825.748289,96
8795,844416,12544.7,2022-10-26,784507,False,,-15357.941106,96
8796,844512,12545.65,2022-11-23,389946,False,,-20225.929703,96
8797,844608,12546.6,2022-12-07,322055,False,,-45217.681486,96
8798,844704,12547.69,2022-12-17,184751,False,,-11888.646564,96
8799,844800,12548.83,2022-12-28,953490,False,,-22609.223468,96
8800,844896,12549.88,2022-01-24,116501,False,,-12667.307718,96
8801,844992,12550.91,2022-02-07,683723,False,,-14687.648409,96
8802,845088,12552.04,2022-02-21,535527,False,,-18000.415665,96
8803,845184,12552.95,2022-03-19,279235,False,,-37214.369185,96
8804,845280,12553.97,2022-04-13,15814,False,,-14715.263474,96
8805,845376,12555.05,2022-04-27,589879,False,,-22288.687025,96
8806,845472,12556.08,2022-05-09,335544,False,,-12888.848492,96
8807,845568,12557.08,2022-06-04,936824,False,,-14000.088403,96
8808,845664,12558.12,2022-06-22,817191,False,,-9845.964794,96
8809,845760,12559.06,2022-07-26,91884,False,,-28947.715943,96
8810,845856,12560.13,2022-08-03,404531,False,,-16835.242499,96
8811,845952,12561.17,2022-08-17,40087,False,,-13050.478001,96
8812,846048,12562.22,2022-09-07,357418,False,,-16260.599917,96
8813,846144,12563.16,2022-09-29,202391,False,,-31650.415704,96
8814,846240,12564.04,2022-10-12,848318,False,,-20011.85355,96
8815,846336,12565.08,2022-10-26,359145,False,,-79979.549229,96
8816,846432,12566.13,2022-11-23,168142,False,,-25008.243648,96
8817,846528,12567.17,2022-12-07,839979,False,,-40856.445735,96
8818,846624,12568.24,2022-12-17,55132,False,,-11780.577606,96
8819,846720,12569.33,2022-12-28,380823,False,,-17895.995433,96
8820,846816,12570.27,2022-01-24,559531,False,,-14525.172398,96
8821,846912,12571.24,2022-02-07,186752,False,,-29292.852808,96
8822,847008,12572.18,2022-02-21,384872,False,,-22605.706912,96
8823,847104,12573.17,2022-03-19,708052,False,,-29959.07,96
8824,847200,12574.06,2022-04-13,859577,False,,-26595.838056,96
8825,847296,12575.08,2022-04-27,378640,False,,-27728.9107,96
8826,847392,12576.14,2022-05-09,106971,False,,-20625.595697,96
8827,847488,12577.21,2022-06-04,874039,False,,-15285.881516,96
8828,847584,12578.26,2022-06-22,285233,False,,-22270.375586,96
8829,847680,12579.15,2022-07-26,671129,False,,-24927.593255,96
8830,847776,12580.08,2022-08-03,324124,False,,-24286.92091,96
8831,847872,12581.09,2022-08-17,660231,False,,-30533.54699,96
8832,847968,12582.08,2022-09-07,854710,False,,-16365.348678,96
8833,848064,12582.95,2022-09-29,840884,False,,-25944.827336,96
8834,848160,12584.03,2022-10-12,780845,False,,-23446.367473,96
8835,848256,12585.17,2022-10-26,357027,False,,-17756.22711,96
8836,848352,12586.2,2022-11-23,630917,False,,-19907.997514,96
8837,848448,12587.27,2022-12-07,830653,False,,-19118.294897,96
8838,848544,12588.15,2022-12-17,552055,False,,-21816.451123,96
8839,848640,12589.11,2022-12-28,573810,False,,-36391.700239,96
8840,848736,12590.09,2022-01-24,125367,False,,-35872.009737,96
8841,848832,12591.11,2022-02-07,810291,False,,-21842.841032,96
8842,848928,12591.98,2022-02-21,313780,False,,-14853.966311,96
8843,849024,12592.9,2022-03-19,678592,False,,-16464.14447,96
8844,849120,12593.96,2022-04-13,383727,False,,-20076.182441,96
8845,849216,12594.88,2022-04-27,583936,False,,-24535.001145,96
8846,849312,12595.96,2022-05-09,967289,False,,-51743.482004,96
8847,849408,12596.87,2022-06-04,804182,False,,-17605.170363,96
8848,849504,12597.88,2022-06-22,111330,False,,-7989.839803,96
8849,849600,12598.93,2022-07-26,151428,False,,-31802.873342,96
8850,849696,12600.04,2022-08-03,922171,False,,-32377.064924,96
8851,849792,12601.09,2022-08-17,350916,False,,-22903.360965,96
8852,849888,12602.09,2022-09-07,841150,False,,-36216.834265,96
8853,849984,12603.04,2022-09-29,763256,False,,-22588.765567,96
8854,850080,12612.67,2022-10-12,424879,False,,-17376.866094,96
8855,850176,12613.81,2022-10-26,694583,False,,-32350.677797,96
8856,850272,12614.82,2022-11-23,161055,False,,-16280.208667,96
8857,850368,12615.95,2022-12-07,560728,False,,-17919.71154,96
8858,850464,12616.98,2022-12-17,188769,False,,-16665.807017,96
8859,850560,12617.97,2022-12-28,667425,False,,-53209.189574,96
8860,850656,12618.96,2022-01-24,528527,False,,-31107.722473,96
8861,850752,12619.9,2022-02-07,147245,False,,-20343.419053,96
8862,850848,12621.01,2022-02-21,54944,False,,-14889.364034,96
8863,850944,12622.0,2022-03-19,581521,False,,-23237.785748,96
8864,851040,12623.09,2022-04-13,983465,False,,-21842.463282,96
8865,851136,12624.0,2022-04-27,395348,False,,-21204.585307,96
8866,851232,12624.99,2022-05-09,500616,False,,-10938.37052,96
8867,851328,12625.96,2022-06-04,586895,False,,-25780.345235,96
8868,851424,12627.0,2022-06-22,542942,False,,-15750.311966,96
8869,851520,12627.99,2022-07-26,403655,False,,-21296.791221,96
8870,851616,12628.99,2022-08-03,790653,False,,-19688.876781,96
8871,851712,12629.9,2022-08-17,661133,False,,-26437.96362,96
8872,851808,12630.76,2022-09-07,127620,False,,-18582.171622,96
8873,851904,12631.73,2022-09-29,971242,False,,-18686.529294,96
8874,852000,12632.57,2022-10-12,494512,False,,-13765.127601,96
8875,852096,12633.57,2022-10-26,448375,False,,-16085.202864,96
8876,852192,12634.53,2022-11-23,530068,False,,-17817.208335,96
8877,852288,12635.54,2022-12-07,45730,False,,-38263.887992,96
8878,852384,12636.52,2022-12-17,492018,False,,-22331.070656,96
8879,852480,12637.54,2022-12-28,676560,False,,-34782.647233,96
8880,852576,12638.55,2022-01-24,962991,False,,-48850.241251,96
8881,852672,12639.69,2022-02-07,769751,False,,-33021.737223,96
8882,852768,12640.73,2022-02-21,929837,False,,-8288.709221,96
8883,852864,12641.71,2022-03-19,76775,False,,-11830.267035,96
8884,852960,12642.59,2022-04-13,849347,False,,-28348.500194,96
8885,853056,12643.44,2022-04-27,170180,False,,-15487.460501,96
8886,853152,12644.46,2022-05-09,925938,False,,-20275.946905,96
8887,853248,12645.6,2022-06-04,765439,False,,-37628.306451,96
8888,853344,12646.55,2022-06-22,232135,False,,-10680.625396,96
8889,853440,12647.6,2022-07-26,876876,False,,-34634.167626,96
8890,853536,12648.67,2022-08-03,243077,False,,-31143.908714,96
8891,853632,12649.65,2022-08-17,748561,False,,-25946.616815,96
8892,853728,12650.7,2022-09-07,602484,False,,-26970.806205,96
8893,853824,12651.62,2022-09-29,330241,False,,-18438.804821,96
8894,853920,12652.64,2022-10-12,61031,False,,-25398.917199,96
8895,854016,12653.71,2022-10-26,971553,False,,-10349.986681,96
8896,854112,12654.75,2022-11-23,990724,False,,-20719.169122,96
8897,854208,12655.8,2022-12-07,575129,False,,-29755.069161,96
8898,854304,12656.88,2022-12-17,977639,False,,-12608.506271,96
8899,854400,12657.92,2022-12-28,507001,False,,-18528.941303,96
8900,854496,12658.96,2022-01-24,89417,False,,-32511.861479,96
8901,854592,12659.96,2022-02-07,77311,False,,-23263.374837,96
8902,854688,12660.96,2022-02-21,906494,False,,-13982.688851,96
8903,854784,12662.07,2022-03-19,305590,False,,-15640.779926,96
8904,854880,12663.15,2022-04-13,535508,False,,-11069.954752,96
8905,854976,12664.03,2022-04-27,966510,False,,-14036.43162,96
8906,855072,12664.9,2022-05-09,656650,False,,-12627.404879,96
8907,855168,12665.82,2022-06-04,417884,False,,-10210.872371,96
8908,855264,12666.79,2022-06-22,607650,False,,-14633.165913,96
8909,855360,12667.68,2022-07-26,775843,False,,-22900.882596,96
8910,855456,12668.83,2022-08-03,520619,False,,-14518.558615,96
8911,855552,12669.72,2022-08-17,775932,False,,-24256.988858,96
8912,855648,12670.81,2022-09-07,43748,False,,-16974.540662,96
8913,855744,12671.85,2022-09-29,838299,False,,-22998.254207,96
8914,855840,12672.98,2022-10-12,502930,False,,-22604.440556,96
8915,855936,12673.85,2022-10-26,984450,False,,-10180.301871,96
8916,856032,12674.72,2022-11-23,119328,False,,-22421.299331,96
8917,856128,12675.83,2022-12-07,679215,False,,-10825.064103,96
8918,856224,12676.73,2022-12-17,937882,False,,-14200.03859,96
8919,856320,12677.82,2022-12-28,268527,False,,-18263.471695,96
8920,856416,12678.81,2022-01-24,450375,False,,-26317.36453,96
8921,856512,12679.79,2022-02-07,66269,False,,-25352.361663,96
8922,856608,12680.7,2022-02-21,816826,False,,-20680.353826,96
8923,856704,12681.78,2022-03-19,622810,False,,-14333.831844,96
8924,856800,12682.84,2022-04-13,274894,False,,-19860.158212,96
8925,856896,12683.91,2022-04-27,953347,False,,-20966.174344,96
8926,856992,12684.84,2022-05-09,276186,False,,-16076.960573,96
8927,857088,12685.82,2022-06-04,942594,False,,-33810.270427,96
8928,857184,12686.83,2022-06-22,382132,False,,-27392.841714,96
8929,857280,12687.76,2022-07-26,274016,False,,-18932.091545,96
8930,857376,12688.76,2022-08-03,292171,False,,-34542.84856,96
8931,857472,12689.75,2022-08-17,40981,False,,-22252.062981,96
8932,857568,12690.69,2022-09-07,754003,False,,-16626.913908,96
8933,857664,12691.7,2022-09-29,839370,False,,-12291.207522,96
8934,857760,12692.55,2022-10-12,595344,False,,-20973.768362,96
8935,857856,12693.68,2022-10-26,51640,False,,-22231.541359,96
8936,857952,12694.57,2022-11-23,439679,False,,-23289.080265,96
8937,858048,12695.54,2022-12-07,14140,False,,-27529.294135,96
8938,858144,12696.56,2022-12-17,888604,False,,-72014.09292,96
8939,858240,12697.48,2022-12-28,839565,False,,-12965.093251,96
8940,858336,12698.39,2022-01-24,427915,False,,-20507.087178,96
8941,858432,12699.28,2022-02-07,652132,False,,-17404.42516,96
8942,858528,12700.22,2022-02-21,195713,False,,-15550.929971,96
8943,858624,12701.11,2022-03-19,628368,False,,-20375.344634,96
8944,858720,12702.2,2022-04-13,902259,False,,-23910.093069,96
8945,858816,12703.15,2022-04-27,223041,False,,-16503.97528,96
8946,858912,12704.17,2022-05-09,48152,False,,-19146.025361,96
8947,859008,12705.15,2022-06-04,109128,False,,-21499.44338,96
8948,859104,12706.2,2022-06-22,178968,False,,-27532.258813,96
8949,859200,12707.16,2022-07-26,709828,False,,-22549.1644,96
8950,859296,12708.26,2022-08-03,900560,False,,-24618.883859,96
8951,859392,12709.34,2022-08-17,912108,False,,-30812.621167,96
8952,859488,12710.5,2022-09-07,299295,False,,-19925.984762,96
8953,859584,12711.55,2022-09-29,915994,False,,-19671.820153,96
8954,859680,12712.54,2022-10-12,783561,False,,-20490.949848,96
8955,859776,12713.58,2022-10-26,236754,False,,-18964.950309,96
8956,859872,12714.52,2022-11-23,796511,False,,-31093.433886,96
8957,859968,12715.46,2022-12-07,953260,False,,-17900.178612,96
8958,860064,12725.21,2022-12-17,288517,False,,-18829.599883,96
8959,860160,12726.2,2022-12-28,598673,False,,-10567.49927,96
8960,860256,12727.15,2022-01-24,641608,False,,-30601.609084,96
8961,860352,12728.19,2022-02-07,681479,False,,-13379.009671,96
8962,860448,12729.18,2022-02-21,633069,False,,-38662.514926,96
8963,860544,12730.24,2022-03-19,270284,False,,-37265.486341,96
8964,860640,12731.26,2022-04-13,396834,False,,-30642.152957,96
8965,860736,12732.25,2022-04-27,179000,False,,-25672.474741,96
8966,860832,12733.14,2022-05-09,581436,False,,-20776.466906,96
8967,860928,12734.15,2022-06-04,651713,False,,-18174.489768,96
8968,861024,12735.08,2022-06-22,662942,False,,-31329.772937,96
8969,861120,12736.14,2022-07-26,339267,False,,-11894.542103,96
8970,861216,12737.19,2022-08-03,691169,False,,-30887.864913,96
8971,861312,12738.13,2022-08-17,809178,False,,-15016.114792,96
8972,861408,12739.17,2022-09-07,787682,False,,-13092.43918,96
8973,861504,12740.18,2022-09-29,333493,False,,-18388.976275,96
8974,861600,12741.19,2022-10-12,620702,False,,-32359.42378,96
8975,861696,12742.26,2022-10-26,749850,False,,-28233.771204,96
8976,861792,12743.39,2022-11-23,566703,False,,-22464.179835,96
8977,861888,12744.43,2022-12-07,724433,False,,-35504.825194,96
8978,861984,12745.39,2022-12-17,521834,False,,-35202.91966,96
8979,862080,12746.35,2022-12-28,77578,False,,-16230.757429,96
8980,862176,12747.18,2022-01-24,384673,False,,-17712.302945,96
8981,862272,12748.12,2022-02-07,964730,False,,-15986.570065,96
8982,862368,12749.1,2022-02-21,410399,False,,-29423.61661,96
8983,862464,12750.05,2022-03-19,363987,False,,-17198.460389,96
8984,862560,12750.91,2022-04-13,306532,False,,-35082.911102,96
8985,862656,12751.91,2022-04-27,333902,False,,-17182.26416,96
8986,862752,12752.91,2022-05-09,733262,False,,-27969.125981,96
8987,862848,12753.85,2022-06-04,397059,False,,-20601.605474,96
8988,862944,12754.81,2022-06-22,209146,False,,-14236.994627,96
8989,863040,12755.75,2022-07-26,229822,False,,-30726.575896,96
8990,863136,12756.61,2022-08-03,198844,False,,-19895.41302,96
8991,863232,12757.64,2022-08-17,764014,False,,-30444.475164,96
8992,863328,12758.63,2022-09-07,790427,False,,-11522.865179,96
8993,863424,12759.64,2022-09-29,507774,False,,-16611.715952,96
8994,863520,12760.65,2022-10-12,321213,False,,-17356.991303,96
8995,863616,12761.69,2022-10-26,495653,False,,-14296.146027,96
8996,863712,12762.84,2022-11-23,850967,False,,-26160.434449,96
8997,863808,12763.81,2022-12-07,993230,False,,-20441.539763,96
8998,863904,12764.75,2022-12-17,514923,False,,-40997.738725,96
8999,864000,12765.77,2022-12-28,490069,False,,-28293.609222,96
9000,864096,12766.7,2022-01-24,533313,False,,-28358.523796,96
9001,864192,12767.73,2022-02-07,487931,False,,-27717.764258,96
9002,864288,12768.8,2022-02-21,433107,False,,-16259.242539,96
9003,864384,12769.78,2022-03-19,158241,False,,-22999.221558,96
9004,864480,12770.7,2022-04-13,818370,False,,-28086.094941,96
9005,864576,12771.62,2022-04-27,222051,False,,-33301.207925,96
9006,864672,12772.58,2022-05-09,276452,False,,-17352.764331,96
9007,864768,12773.56,2022-06-04,808269,False,,-11410.63069,96
9008,864864,12774.59,2022-06-22,541392,False,,-33550.567485,96
9009,864960,12775.46,2022-07-26,304461,False,,-15487.880725,96
9010,865056,12776.4,2022-08-03,525917,False,,-15364.504068,96
9011,865152,12777.37,2022-08-17,208455,False,,-22631.703023,96
9012,865248,12778.28,2022-09-07,173210,False,,-23215.150249,96
9013,865344,12779.31,2022-09-29,640869,False,,-65422.415344,96
9014,865440,12780.22,2022-10-12,762623,False,,-13907.050525,96
9015,865536,12781.19,2022-10-26,312357,False,,-14654.379668,96
9016,865632,12782.22,2022-11-23,336787,False,,-37535.663706,96
9017,865728,12783.26,2022-12-07,628849,False,,-12569.722033,96
9018,865824,12784.39,2022-12-17,170849,False,,-10445.042011,96
9019,865920,12785.34,2022-12-28,507486,False,,-19121.197356,96
9020,866016,12786.23,2022-01-24,950527,False,,-44270.436907,96
9021,866112,12787.11,2022-02-07,857828,False,,-12440.032535,96
9022,866208,12788.21,2022-02-21,598996,False,,-19616.986197,96
9023,866304,12789.12,2022-03-19,781676,False,,-28661.920848,96
9024,866400,12790.16,2022-04-13,538115,False,,-17599.49139,96
9025,866496,12791.23,2022-04-27,773615,False,,-27032.769245,96
9026,866592,12792.36,2022-05-09,866538,False,,-28695.882916,96
9027,866688,12793.24,2022-06-04,857379,False,,-10933.925,96
9028,866784,12794.28,2022-06-22,246968,False,,-24093.228257,96
9029,866880,12795.24,2022-07-26,224886,False,,-14568.932915,96
9030,866976,12796.21,2022-08-03,847422,False,,-41667.655456,96
9031,867072,12797.24,2022-08-17,706641,False,,-22177.947307,96
9032,867168,12798.18,2022-09-07,57280,False,,-9907.31214,96
9033,867264,12799.24,2022-09-29,374195,False,,-31595.131705,96
9034,867360,12800.2,2022-10-12,854912,False,,-53340.366529,96
9035,867456,12801.21,2022-10-26,766957,False,,-18599.887187,96
9036,867552,12802.08,2022-11-23,634277,False,,-38562.021631,96
9037,867648,12803.04,2022-12-07,183122,False,,-36511.1478,96
9038,867744,12804.02,2022-12-17,235527,False,,-22376.032688,96
9039,867840,12805.16,2022-12-28,914020,False,,-29861.831734,96
9040,867936,12806.1,2022-01-24,128711,False,,-25819.528998,96
9041,868032,12807.04,2022-02-07,395569,False,,-15104.875609,96
9042,868128,12807.97,2022-02-21,383921,False,,-21093.165365,96
9043,868224,12808.95,2022-03-19,587964,False,,-14981.772516,96
9044,868320,12809.96,2022-04-13,362896,False,,-55471.955017,96
9045,868416,12810.97,2022-04-27,652246,False,,-29070.492564,96
9046,868512,12812.06,2022-05-09,104360,False,,-11303.677043,96
9047,868608,12813.13,2022-06-04,400133,False,,-15977.853425,96
9048,868704,12814.19,2022-06-22,900800,False,,-22088.136479,96
9049,868800,12815.17,2022-07-26,902,False,,-25848.225264,96
9050,868896,12816.15,2022-08-03,454577,False,,-15631.191427,96
9051,868992,12817.23,2022-08-17,240699,False,,-10068.777112,96
9052,869088,12818.13,2022-09-07,31922,False,,-24352.293234,96
9053,869184,12819.11,2022-09-29,242271,False,,-21587.095538,96
9054,869280,12820.17,2022-10-12,298652,False,,-12259.702618,96
9055,869376,12821.18,2022-10-26,977391,False,,-53688.176594,96
9056,869472,12822.2,2022-11-23,505772,False,,-66993.121494,96
9057,869568,12823.33,2022-12-07,701840,False,,-22564.731521,96
9058,869664,12824.25,2022-12-17,833322,False,,-28798.693782,96
9059,869760,12825.35,2022-12-28,38355,False,,-28857.752749,96
9060,869856,12826.32,2022-01-24,709914,False,,-32162.770601,96
9061,869952,12827.35,2022-02-07,44703,False,,-22466.297038,96
9062,870048,12836.97,2022-02-21,538832,False,,-22029.50969,96
9063,870144,12837.88,2022-03-19,193422,False,,-24064.880175,96
9064,870240,12838.93,2022-04-13,407112,False,,-33334.341403,96
9065,870336,12839.85,2022-04-27,566270,False,,-16512.50315,96
9066,870432,12840.75,2022-05-09,609535,False,,-23494.250448,96
9067,870528,12841.81,2022-06-04,469322,False,,-12607.872394,96
9068,870624,12842.84,2022-06-22,113303,False,,-19358.194861,96
9069,870720,12843.86,2022-07-26,721264,False,,-16023.923024,96
9070,870816,12844.87,2022-08-03,634784,False,,-14866.863452,96
9071,870912,12845.83,2022-08-17,932800,False,,-18187.167276,96
9072,871008,12846.86,2022-09-07,370253,False,,-15490.475583,96
9073,871104,12847.92,2022-09-29,919720,False,,-19029.488226,96
9074,871200,12848.9,2022-10-12,316410,False,,-29717.81332,96
9075,871296,12849.96,2022-10-26,211194,False,,-19294.686452,96
9076,871392,12850.89,2022-11-23,867207,False,,-13669.371234,96
9077,871488,12852.01,2022-12-07,151763,False,,-49976.157812,96
9078,871584,12853.02,2022-12-17,109566,False,,-23062.95712,96
9079,871680,12854.03,2022-12-28,476885,False,,-18779.261232,96
9080,871776,12855.06,2022-01-24,284420,False,,-30094.083961,96
9081,871872,12855.96,2022-02-07,436938,False,,-17516.57137,96
9082,871968,12857.1,2022-02-21,427385,False,,-10596.013113,96
9083,872064,12858.09,2022-03-19,662994,False,,-45697.29116,96
9084,872160,12859.06,2022-04-13,254074,False,,-21012.107269,96
9085,872256,12860.03,2022-04-27,637542,False,,-24810.348396,96
9086,872352,12860.99,2022-05-09,279936,False,,-23022.9151,96
9087,872448,12862.03,2022-06-04,181960,False,,-16453.381214,96
9088,872544,12863.18,2022-06-22,260409,False,,-28267.640563,96
9089,872640,12864.1,2022-07-26,666336,False,,-30190.270205,96
9090,872736,12864.99,2022-08-03,487373,False,,-21814.326473,96
9091,872832,12866.06,2022-08-17,827196,False,,-13748.973037,96
9092,872928,12867.1,2022-09-07,780456,False,,-14077.52729,96
9093,873024,12868.02,2022-09-29,563786,False,,-18486.455355,96
9094,873120,12868.85,2022-10-12,280982,False,,-14606.678019,96
9095,873216,12869.78,2022-10-26,625419,False,,-10443.641146,96
9096,873312,12870.71,2022-11-23,57278,False,,-24591.845759,96
9097,873408,12871.99,2022-12-07,912780,False,,-15241.022519,96
9098,873504,12873.02,2022-12-17,647540,False,,-26852.750367,96
9099,873600,12874.11,2022-12-28,514723,False,,-38979.538631,96
9100,873696,12875.05,2022-01-24,760783,False,,-12770.690755,96
9101,873792,12876.0,2022-02-07,878684,False,,-16862.03325,96
9102,873888,12877.0,2022-02-21,265829,False,,-13400.980593,96
9103,873984,12878.07,2022-03-19,968510,False,,-16518.455986,96
9104,874080,12878.98,2022-04-13,532599,False,,-26552.401574,96
9105,874176,12880.01,2022-04-27,269582,False,,-22240.771053,96
9106,874272,12880.95,2022-05-09,415743,False,,-38843.052728,96
9107,874368,12881.83,2022-06-04,204381,False,,-25959.459478,96
9108,874464,12882.85,2022-06-22,167678,False,,-16797.503132,96
9109,874560,12883.83,2022-07-26,202850,False,,-26049.154283,96
9110,874656,12884.78,2022-08-03,845976,False,,-16038.363074,96
9111,874752,12885.91,2022-08-17,718073,False,,-30268.027152,96
9112,874848,12886.86,2022-09-07,550633,False,,-36942.240525,96
9113,874944,12887.85,2022-09-29,390905,False,,-18649.527323,96
9114,875040,12888.87,2022-10-12,653069,False,,-14458.556729,96
9115,875136,12889.97,2022-10-26,374266,False,,-12848.763101,96
9116,875232,12890.81,2022-11-23,34006,False,,-33748.632796,96
9117,875328,12891.86,2022-12-07,572093,False,,-15971.265141,96
9118,875424,12892.91,2022-12-17,792905,False,,-10960.200045,96
9119,875520,12894.0,2022-12-28,233272,False,,-34579.370331,96
9120,875616,12895.06,2022-01-24,558305,False,,-11111.863418,96
9121,875712,12896.02,2022-02-07,675394,False,,-21302.255078,96
9122,875808,12896.96,2022-02-21,975526,False,,-21624.832834,96
9123,875904,12898.13,2022-03-19,137118,False,,-37019.824892,96
9124,876000,12899.22,2022-04-13,784495,False,,-38369.679337,96
9125,876096,12900.22,2022-04-27,60902,False,,-20322.873349,96
9126,876192,12901.29,2022-05-09,638515,False,,-17949.995306,96
9127,876288,12902.3,2022-06-04,82620,False,,-19125.629373,96
9128,876384,12903.34,2022-06-22,102113,False,,-17709.049015,96
9129,876480,12904.23,2022-07-26,836094,False,,-8792.860695,96
9130,876576,12905.25,2022-08-03,841121,False,,-34950.998792,96
9131,876672,12906.27,2022-08-17,506940,False,,-24383.315086,96
9132,876768,12907.24,2022-09-07,228114,False,,-23110.902811,96
9133,876864,12908.24,2022-09-29,343470,False,,-20487.457761,96
9134,876960,12909.21,2022-10-12,808343,False,,-23581.665876,96
9135,877056,12910.26,2022-10-26,226847,False,,-10829.911163,96
9136,877152,12911.2,2022-11-23,300159,False,,-21671.148695,96
9137,877248,12912.15,2022-12-07,372733,False,,-27247.701432,96
9138,877344,12913.25,2022-12-17,233623,False,,-22804.120265,96
9139,877440,12914.22,2022-12-28,192385,False,,-36352.480659,96
9140,877536,12915.24,2022-01-24,255715,False,,-22150.742622,96
9141,877632,12916.17,2022-02-07,122285,False,,-17517.070167,96
9142,877728,12917.24,2022-02-21,166849,False,,-18400.630374,96
9143,877824,12918.32,2022-03-19,542009,False,,-21048.912339,96
9144,877920,12919.38,2022-04-13,435396,False,,-14529.701674,96
9145,878016,12920.28,2022-04-27,88178,False,,-13911.908867,96
9146,878112,12921.23,2022-05-09,431468,False,,-22214.782026,96
9147,878208,12922.17,2022-06-04,644741,False,,-21853.520568,96
9148,878304,12923.18,2022-06-22,309269,False,,-14137.636314,96
9149,878400,12924.07,2022-07-26,745563,False,,-19737.537817,96
9150,878496,12925.1,2022-08-03,437137,False,,-13714.681468,96
9151,878592,12926.13,2022-08-17,718786,False,,-35656.084293,96
9152,878688,12927.18,2022-09-07,839378,False,,-23939.242747,96
9153,878784,12928.16,2022-09-29,575779,False,,-9795.429989,96
9154,878880,12929.08,2022-10-12,615512,False,,-25450.068789,96
9155,878976,12930.11,2022-10-26,316338,False,,-34025.868278,96
9156,879072,12931.2,2022-11-23,72949,False,,-32086.024276,96
9157,879168,12932.21,2022-12-07,224431,False,,-18942.848081,96
9158,879264,12933.06,2022-12-17,331281,False,,-21204.856405,96
9159,879360,12934.02,2022-12-28,31529,False,,-16933.999689,96
9160,879456,12935.05,2022-01-24,538324,False,,-18956.722306,96
9161,879552,12936.05,2022-02-07,987584,False,,-17402.887633,96
9162,879648,12937.04,2022-02-21,405077,False,,-22465.614905,96
9163,879744,12938.07,2022-03-19,288862,False,,-25330.45196,96
9164,879840,12939.18,2022-04-13,555187,False,,-23325.15511,96
9165,879936,12940.09,2022-04-27,863075,False,,-22067.771199,96
9166,880032,12949.4,2022-05-09,976689,False,,-19597.038755,96
9167,880128,12950.2,2022-06-04,122421,False,,-24271.713998,96
9168,880224,12951.23,2022-06-22,684025,False,,-12963.908659,96
9169,880320,12952.16,2022-07-26,630857,False,,-24347.989684,96
9170,880416,12953.22,2022-08-03,621023,False,,-27714.45154,96
9171,880512,12954.11,2022-08-17,251936,False,,-23633.206242,96
9172,880608,12955.06,2022-09-07,946876,False,,-21896.020147,96
9173,880704,12956.09,2022-09-29,349528,False,,-18874.732239,96
9174,880800,12957.03,2022-10-12,617904,False,,-20875.712547,96
9175,880896,12957.9,2022-10-26,985959,False,,-24988.944123,96
9176,880992,12958.94,2022-11-23,24898,False,,-12675.990026,96
9177,881088,12959.89,2022-12-07,675071,False,,-20275.889509,96
9178,881184,12960.91,2022-12-17,448573,False,,-12807.452539,96
9179,881280,12961.96,2022-12-28,901386,False,,-18784.624955,96
9180,881376,12963.01,2022-01-24,940389,False,,-33974.766392,96
9181,881472,12963.89,2022-02-07,119205,False,,-30051.068996,96
9182,881568,12964.93,2022-02-21,785961,False,,-20750.746434,96
9183,881664,12965.91,2022-03-19,631332,False,,-14043.78335,96
9184,881760,12967.08,2022-04-13,121360,False,,-13241.679878,96
9185,881856,12968.03,2022-04-27,789318,False,,-24715.849052,96
9186,881952,12968.92,2022-05-09,967973,False,,-20348.203594,96
9187,882048,12969.81,2022-06-04,27687,False,,-33832.885612,96
9188,882144,12970.81,2022-06-22,626135,False,,-29108.691468,96
9189,882240,12971.79,2022-07-26,303735,False,,-28093.734117,96
9190,882336,12972.83,2022-08-03,482006,False,,-24222.127084,96
9191,882432,12973.88,2022-08-17,983322,False,,-16765.520955,96
9192,882528,12974.85,2022-09-07,501783,False,,-18852.338036,96
9193,882624,12975.81,2022-09-29,894754,False,,-24146.36018,96
9194,882720,12976.88,2022-10-12,499851,False,,-16297.859077,96
9195,882816,12977.87,2022-10-26,139728,False,,-42085.072641,96
9196,882912,12978.82,2022-11-23,907734,False,,-13792.59923,96
9197,883008,12979.83,2022-12-07,918913,False,,-15425.959485,96
9198,883104,12980.9,2022-12-17,104690,False,,-12571.179321,96
9199,883200,12982.06,2022-12-28,265935,False,,-30573.89103,96
9200,883296,12983.0,2022-01-24,687768,False,,-12289.477717,96
9201,883392,12984.04,2022-02-07,15024,False,,-13069.518901,96
9202,883488,12985.0,2022-02-21,697485,False,,-20202.131992,96
9203,883584,12986.13,2022-03-19,333041,False,,-17023.49443,96
9204,883680,12987.0,2022-04-13,838913,False,,-13662.080077,96
9205,883776,12987.99,2022-04-27,896483,False,,-12710.010696,96
9206,883872,12989.02,2022-05-09,399115,False,,-15906.284093,96
9207,883968,12990.03,2022-06-04,284613,False,,-15755.633212,96
9208,884064,12990.94,2022-06-22,861239,False,,-14930.467315,96
9209,884160,12991.89,2022-07-26,754166,False,,-20371.431843,96
9210,884256,12992.92,2022-08-03,298454,False,,-31839.075011,96
9211,884352,12993.85,2022-08-17,877243,False,,-20092.681556,96
9212,884448,12994.86,2022-09-07,802689,False,,-17658.04735,96
9213,884544,12995.92,2022-09-29,226477,False,,-20057.012958,96
9214,884640,12996.86,2022-10-12,640744,False,,-24925.509287,96
9215,884736,12997.78,2022-10-26,781284,False,,-19329.524615,96
9216,884832,12998.86,2022-11-23,837889,False,,-18280.860644,96
9217,884928,12999.89,2022-12-07,17599,False,,-17443.766527,96
9218,885024,13000.96,2022-12-17,690451,False,,-76927.173701,96
9219,885120,13002.02,2022-12-28,403177,False,,-20130.933978,96
9220,885216,13003.08,2022-01-24,435190,False,,-32038.870639,96
9221,885312,13004.01,2022-02-07,594708,False,,-20436.746877,96
9222,885408,13004.96,2022-02-21,268277,False,,-25692.36766,96
9223,885504,13005.86,2022-03-19,548443,False,,-16283.404168,96
9224,885600,13006.88,2022-04-13,399030,False,,-19943.710029,96
9225,885696,13007.93,2022-04-27,476329,False,,-22540.047395,96
9226,885792,13008.84,2022-05-09,626331,False,,-13300.38664,96
9227,885888,13009.89,2022-06-04,161310,False,,-23207.562874,96
9228,885984,13010.95,2022-06-22,6207,False,,-24188.666126,96
9229,886080,13011.96,2022-07-26,85803,False,,-25055.553174,96
9230,886176,13012.93,2022-08-03,90608,False,,-30549.89497,96
9231,886272,13014.0,2022-08-17,501097,False,,-41066.844752,96
9232,886368,13014.84,2022-09-07,653331,False,,-11410.466638,96
9233,886464,13015.84,2022-09-29,569716,False,,-21588.015056,96
9234,886560,13016.81,2022-10-12,494168,False,,-27735.866155,96
9235,886656,13017.91,2022-10-26,792074,False,,-16772.483772,96
9236,886752,13018.87,2022-11-23,32863,False,,-20364.254883,96
9237,886848,13019.87,2022-12-07,3215,False,,-14072.518992,96
9238,886944,13020.84,2022-12-17,448384,False,,-17695.671486,96
9239,887040,13021.86,2022-12-28,925119,False,,-14356.303946,96
9240,887136,13022.94,2022-01-24,639342,False,,-21909.397588,96
9241,887232,13023.89,2022-02-07,60272,False,,-10952.12345,96
9242,887328,13024.9,2022-02-21,651939,False,,-29558.066873,96
9243,887424,13025.98,2022-03-19,376330,False,,-18307.79997,96
9244,887520,13027.01,2022-04-13,882664,False,,-24447.807603,96
9245,887616,13028.06,2022-04-27,489287,False,,-24512.544882,96
9246,887712,13028.91,2022-05-09,654917,False,,-21730.175381,96
9247,887808,13029.94,2022-06-04,668334,False,,-31173.454268,96
9248,887904,13030.86,2022-06-22,874339,False,,-26096.485176,96
9249,888000,13031.88,2022-07-26,387513,False,,-19896.481181,96
9250,888096,13032.91,2022-08-03,860550,False,,-29626.318591,96
9251,888192,13033.9,2022-08-17,764345,False,,-14383.510043,96
9252,888288,13034.96,2022-09-07,316296,False,,-20691.101808,96
9253,888384,13035.81,2022-09-29,178755,False,,-22382.396436,96
9254,888480,13036.92,2022-10-12,371208,False,,-26510.252727,96
9255,888576,13038.14,2022-10-26,283830,False,,-14215.025969,96
9256,888672,13039.0,2022-11-23,253502,False,,-19387.864277,96
9257,888768,13040.0,2022-12-07,305515,False,,-36702.136454,96
9258,888864,13041.0,2022-12-17,51882,False,,-14077.663276,96
9259,888960,13042.0,2022-12-28,387774,False,,-20410.413392,96
9260,889056,13043.01,2022-01-24,716820,False,,-26448.437404,96
9261,889152,13043.8,2022-02-07,976903,False,,-33501.023402,96
9262,889248,13044.8,2022-02-21,226172,False,,-23062.622117,96
9263,889344,13045.95,2022-03-19,276206,False,,-27266.367139,96
9264,889440,13047.02,2022-04-13,185399,False,,-16215.87903,96
9265,889536,13048.13,2022-04-27,177296,False,,-21126.45089,96
9266,889632,13049.12,2022-05-09,203960,False,,-28197.522943,96
9267,889728,13050.03,2022-06-04,751995,False,,-25159.984653,96
9268,889824,13051.11,2022-06-22,682339,False,,-19177.296697,96
9269,889920,13052.06,2022-07-26,508330,False,,-41104.287798,96
9270,890016,13062.02,2022-08-03,449851,False,,-19587.049953,96
9271,890112,13063.05,2022-08-17,328602,False,,-14202.574907,96
9272,890208,13064.08,2022-09-07,310491,False,,-10327.647637,96
9273,890304,13065.11,2022-09-29,724267,False,,-14166.382166,96
9274,890400,13066.22,2022-10-12,757888,False,,-20596.227742,96
9275,890496,13067.33,2022-10-26,737744,False,,-11500.617037,96
9276,890592,13068.34,2022-11-23,993596,False,,-22312.107105,96
9277,890688,13069.47,2022-12-07,583879,False,,-21105.564714,96
9278,890784,13070.54,2022-12-17,168116,False,,-16071.927265,96
9279,890880,13071.67,2022-12-28,797915,False,,-21346.325604,96
9280,890976,13072.72,2022-01-24,332651,False,,-15814.407415,96
9281,891072,13073.79,2022-02-07,436720,False,,-9059.894508,96
9282,891168,13074.73,2022-02-21,60380,False,,-16507.317798,96
9283,891264,13075.81,2022-03-19,815392,False,,-28610.528615,96
9284,891360,13076.79,2022-04-13,460665,False,,-17516.249625,96
9285,891456,13077.89,2022-04-27,751063,False,,-17578.324724,96
9286,891552,13078.91,2022-05-09,319018,False,,-17354.812376,96
9287,891648,13079.98,2022-06-04,33335,False,,-34117.402151,96
9288,891744,13080.86,2022-06-22,934600,False,,-15034.554624,96
9289,891840,13081.71,2022-07-26,902588,False,,-13285.802548,96
9290,891936,13082.69,2022-08-03,472709,False,,-31616.087838,96
9291,892032,13083.72,2022-08-17,267689,False,,-30285.982032,96
9292,892128,13084.82,2022-09-07,612558,False,,-10046.044996,96
9293,892224,13085.93,2022-09-29,60697,False,,-13532.049321,96
9294,892320,13086.95,2022-10-12,223708,False,,-41027.912627,96
9295,892416,13088.02,2022-10-26,885872,False,,-17367.840421,96
9296,892512,13089.07,2022-11-23,491994,False,,-12439.297361,96
9297,892608,13090.27,2022-12-07,144290,False,,-26008.443953,96
9298,892704,13091.46,2022-12-17,413489,False,,-16753.597417,96
9299,892800,13092.55,2022-12-28,414604,False,,-28560.2175,96
9300,892896,13093.59,2022-01-24,335840,False,,-27594.352723,96
9301,892992,13094.4,2022-02-07,116506,False,,-28074.416665,96
9302,893088,13095.27,2022-02-21,788850,False,,-18330.982894,96
9303,893184,13096.28,2022-03-19,95040,False,,-15391.896283,96
9304,893280,13097.28,2022-04-13,756811,False,,-16973.965886,96
9305,893376,13098.25,2022-04-27,230518,False,,-17940.554749,96
9306,893472,13099.16,2022-05-09,468568,False,,-20331.580667,96
9307,893568,13100.17,2022-06-04,502895,False,,-10987.227172,96
9308,893664,13101.27,2022-06-22,828244,False,,-21971.703003,96
9309,893760,13102.23,2022-07-26,943601,False,,-26194.593175,96
9310,893856,13103.13,2022-08-03,108688,False,,-16827.550863,96
9311,893952,13104.03,2022-08-17,461101,False,,-34798.370955,96
9312,894048,13105.01,2022-09-07,968459,False,,-30428.677001,96
9313,894144,13106.06,2022-09-29,556945,False,,-13587.631539,96
9314,894240,13107.23,2022-10-12,794089,False,,-22647.214397,96
9315,894336,13108.28,2022-10-26,225618,False,,-11778.87247,96
9316,894432,13109.45,2022-11-23,65585,False,,-25427.111799,96
9317,894528,13110.54,2022-12-07,118739,False,,-25540.498641,96
9318,894624,13111.61,2022-12-17,428545,False,,-18067.983867,96
9319,894720,13112.54,2022-12-28,324275,False,,-23628.636374,96
9320,894816,13113.67,2022-01-24,374756,False,,-16633.408262,96
9321,894912,13114.68,2022-02-07,379218,False,,-15320.546174,96
9322,895008,13115.67,2022-02-21,314473,False,,-17187.303159,96
9323,895104,13116.75,2022-03-19,984173,False,,-25884.395618,96
9324,895200,13117.72,2022-04-13,471673,False,,-24426.894723,96
9325,895296,13118.78,2022-04-27,923879,False,,-22498.748005,96
9326,895392,13119.83,2022-05-09,262061,False,,-16675.200242,96
9327,895488,13120.86,2022-06-04,297203,False,,-19653.547295,96
9328,895584,13121.9,2022-06-22,296111,False,,-26269.138972,96
9329,895680,13122.88,2022-07-26,350360,False,,-24906.322841,96
9330,895776,13123.89,2022-08-03,320022,False,,-29933.651597,96
9331,895872,13124.92,2022-08-17,950851,False,,-24066.006167,96
9332,895968,13126.05,2022-09-07,494980,False,,-20343.414735,96
9333,896064,13127.08,2022-09-29,19635,False,,-16825.210991,96
9334,896160,13128.1,2022-10-12,150613,False,,-28493.749988,96
9335,896256,13129.06,2022-10-26,227492,False,,-27403.677731,96
9336,896352,13130.14,2022-11-23,990922,False,,-19507.23972,96
9337,896448,13131.22,2022-12-07,266369,False,,-17430.15698,96
9338,896544,13132.13,2022-12-17,28696,False,,-20850.718782,96
9339,896640,13133.07,2022-12-28,180733,False,,-19924.062674,96
9340,896736,13134.18,2022-01-24,128442,False,,-26863.465451,96
9341,896832,13135.06,2022-02-07,97913,False,,-12437.646539,96
9342,896928,13136.09,2022-02-21,213459,False,,-17985.155488,96
9343,897024,13137.06,2022-03-19,817820,False,,-19706.773366,96
9344,897120,13138.08,2022-04-13,20838,False,,-24867.502811,96
9345,897216,13139.12,2022-04-27,181602,False,,-26322.782659,96
9346,897312,13140.13,2022-05-09,423141,False,,-17747.433488,96
9347,897408,13141.08,2022-06-04,174316,False,,-12396.948969,96
9348,897504,13142.09,2022-06-22,843835,False,,-21283.800525,96
9349,897600,13143.03,2022-07-26,792448,False,,-23483.609494,96
9350,897696,13144.04,2022-08-03,20083,False,,-22234.545293,96
9351,897792,13145.1,2022-08-17,686284,False,,-28973.536156,96
9352,897888,13146.05,2022-09-07,364750,False,,-16332.176371,96
9353,897984,13147.11,2022-09-29,774125,False,,-10682.338051,96
9354,898080,13147.98,2022-10-12,403760,False,,-35536.782017,96
9355,898176,13149.06,2022-10-26,981493,False,,-16060.147877,96
9356,898272,13150.1,2022-11-23,101608,False,,-20537.454459,96
9357,898368,13151.11,2022-12-07,159998,False,,-23363.150805,96
9358,898464,13152.07,2022-12-17,594332,False,,-15123.340639,96
9359,898560,13153.07,2022-12-28,73625,False,,-12460.764118,96
9360,898656,13154.04,2022-01-24,808004,False,,-21194.473998,96
9361,898752,13155.03,2022-02-07,810510,False,,-20697.708522,96
9362,898848,13156.08,2022-02-21,722943,False,,-20671.995797,96
9363,898944,13157.09,2022-03-19,190744,False,,-19907.756484,96
9364,899040,13158.17,2022-04-13,945269,False,,-23987.478201,96
9365,899136,13159.17,2022-04-27,673528,False,,-18603.980265,96
9366,899232,13160.21,2022-05-09,489647,False,,-31600.303193,96
9367,899328,13161.29,2022-06-04,528025,False,,-15808.036901,96
9368,899424,13162.15,2022-06-22,743608,False,,-29743.488702,96
9369,899520,13163.02,2022-07-26,716919,False,,-15473.902847,96
9370,899616,13164.11,2022-08-03,963941,False,,-56301.598349,96
9371,899712,13165.17,2022-08-17,412283,False,,-19334.231374,96
9372,899808,13166.17,2022-09-07,649742,False,,-14150.410291,96
9373,899904,13167.12,2022-09-29,874252,False,,-21903.941093,96
9374,900000,13168.05,2022-10-12,500171,False,,-18183.525306,96
9375,900096,13177.54,2022-10-26,103825,False,,-26624.469054,96
9376,900192,13178.64,2022-11-23,679029,False,,-12844.591095,96
9377,900288,13179.7,2022-12-07,168969,False,,-22838.309875,96
9378,900384,13180.6,2022-12-17,49154,False,,-19926.066007,96
9379,900480,13181.53,2022-12-28,929338,False,,-14670.161086,96
9380,900576,13182.58,2022-01-24,336717,False,,-27396.183508,96
9381,900672,13183.56,2022-02-07,297899,False,,-31311.832344,96
9382,900768,13184.69,2022-02-21,843408,False,,-11886.902649,96
9383,900864,13185.71,2022-03-19,553782,False,,-22921.234993,96
9384,900960,13186.77,2022-04-13,255344,False,,-32689.164687,96
9385,901056,13187.68,2022-04-27,888183,False,,-22123.018962,96
9386,901152,13188.65,2022-05-09,335992,False,,-18920.204297,96
9387,901248,13189.75,2022-06-04,278081,False,,-30694.690088,96
9388,901344,13190.85,2022-06-22,312302,False,,-18126.383087,96
9389,901440,13191.74,2022-07-26,957125,False,,-20838.898387,96
9390,901536,13192.88,2022-08-03,737308,False,,-25414.297494,96
9391,901632,13193.93,2022-08-17,421261,False,,-27299.120397,96
9392,901728,13194.87,2022-09-07,301975,False,,-25479.427589,96
9393,901824,13195.99,2022-09-29,788200,False,,-23810.7202,96
9394,901920,13197.06,2022-10-12,522263,False,,-24132.892862,96
9395,902016,13198.11,2022-10-26,699361,False,,-26388.636003,96
9396,902112,13199.15,2022-11-23,467859,False,,-22985.839312,96
9397,902208,13200.09,2022-12-07,999355,False,,-15134.406593,96
9398,902304,13201.15,2022-12-17,815462,False,,-27569.947183,96
9399,902400,13202.17,2022-12-28,635454,False,,-25566.970852,96
9400,902496,13203.1,2022-01-24,679731,False,,-13746.191525,96
9401,902592,13204.14,2022-02-07,894395,False,,-14385.246406,96
9402,902688,13205.22,2022-02-21,381428,False,,-16587.032668,96
9403,902784,13206.21,2022-03-19,747855,False,,-13217.728328,96
9404,902880,13207.32,2022-04-13,167545,False,,-22112.34321,96
9405,902976,13208.39,2022-04-27,215766,False,,-23377.927592,96
9406,903072,13209.5,2022-05-09,89122,False,,-15666.023338,96
9407,903168,13210.35,2022-06-04,755787,False,,-17484.081028,96
9408,903264,13211.45,2022-06-22,321557,False,,-15229.826769,96
9409,903360,13212.39,2022-07-26,523213,False,,-10030.70762,96
9410,903456,13213.59,2022-08-03,935671,False,,-33747.833169,96
9411,903552,13214.69,2022-08-17,32673,False,,-33130.76503,96
9412,903648,13215.67,2022-09-07,247431,False,,-18932.461713,96
9413,903744,13216.89,2022-09-29,604223,False,,-18124.955388,96
9414,903840,13218.17,2022-10-12,569859,False,,-25238.294725,96
9415,903936,13219.3,2022-10-26,44717,False,,-17782.992231,96
9416,904032,13220.41,2022-11-23,767686,False,,-16102.24586,96
9417,904128,13221.41,2022-12-07,680292,False,,-14503.449216,96
9418,904224,13222.39,2022-12-17,395373,False,,-18886.703677,96
9419,904320,13223.42,2022-12-28,850498,False,,-18770.343764,96
9420,904416,13224.41,2022-01-24,113127,False,,-23644.511909,96
9421,904512,13225.47,2022-02-07,697074,False,,-28857.287713,96
9422,904608,13226.36,2022-02-21,618470,False,,-31673.790461,96
9423,904704,13227.45,2022-03-19,184200,False,,-27580.110547,96
9424,904800,13228.47,2022-04-13,255899,False,,-23416.681107,96
9425,904896,13229.38,2022-04-27,995034,False,,-38857.039332,96
9426,904992,13230.42,2022-05-09,186608,False,,-15390.873841,96
9427,905088,13231.41,2022-06-04,848558,False,,-15621.592258,96
9428,905184,13232.42,2022-06-22,325424,False,,-31452.355416,96
9429,905280,13233.41,2022-07-26,535235,False,,-14503.489169,96
9430,905376,13234.54,2022-08-03,517188,False,,-32303.903988,96
9431,905472,13235.51,2022-08-17,300963,False,,-14919.630809,96
9432,905568,13236.59,2022-09-07,25880,False,,-32547.600873,96
9433,905664,13237.53,2022-09-29,280181,False,,-14840.53571,96
9434,905760,13238.53,2022-10-12,598037,False,,-12471.007604,96
9435,905856,13239.44,2022-10-26,179448,False,,-19528.875279,96
9436,905952,13240.45,2022-11-23,509354,False,,-14891.045242,96
9437,906048,13241.5,2022-12-07,465754,False,,-8186.979598,96
9438,906144,13242.61,2022-12-17,414946,False,,-24777.634912,96
9439,906240,13243.65,2022-12-28,22785,False,,-32097.332096,96
9440,906336,13244.64,2022-01-24,959443,False,,-23291.201822,96
9441,906432,13245.75,2022-02-07,538932,False,,-20260.581881,96
9442,906528,13246.87,2022-02-21,196169,False,,-27565.366843,96
9443,906624,13247.91,2022-03-19,181036,False,,-21659.513823,96
9444,906720,13248.95,2022-04-13,36648,False,,-23034.180865,96
9445,906816,13250.0,2022-04-27,743369,False,,-18121.873012,96
9446,906912,13251.01,2022-05-09,5544,False,,-22970.840332,96
9447,907008,13251.99,2022-06-04,824720,False,,-25771.681875,96
9448,907104,13253.07,2022-06-22,990372,False,,-22078.793523,96
9449,907200,13254.06,2022-07-26,413434,False,,-26924.765042,96
9450,907296,13254.93,2022-08-03,227455,False,,-29847.75969,96
9451,907392,13255.94,2022-08-17,43157,False,,-24824.191379,96
9452,907488,13256.95,2022-09-07,8320,False,,-18165.222807,96
9453,907584,13258.0,2022-09-29,461094,False,,-31513.328028,96
9454,907680,13258.94,2022-10-12,328266,False,,-53278.777795,96
9455,907776,13259.93,2022-10-26,920455,False,,-9596.270761,96
9456,907872,13260.84,2022-11-23,27180,False,,-31035.07956,96
9457,907968,13261.87,2022-12-07,652368,False,,-29908.864756,96
9458,908064,13262.74,2022-12-17,760359,False,,-18398.024331,96
9459,908160,13263.85,2022-12-28,284201,False,,-28456.920833,96
9460,908256,13264.73,2022-01-24,148384,False,,-38387.680108,96
9461,908352,13265.85,2022-02-07,669359,False,,-17429.241944,96
9462,908448,13266.85,2022-02-21,525337,False,,-21513.211854,96
9463,908544,13267.87,2022-03-19,579707,False,,-11039.954057,96
9464,908640,13268.82,2022-04-13,193396,False,,-19281.96103,96
9465,908736,13269.95,2022-04-27,65213,False,,-18980.732169,96
9466,908832,13270.9,2022-05-09,842332,False,,-31024.203534,96
9467,908928,13271.75,2022-06-04,178178,False,,-18157.957487,96
9468,909024,13272.77,2022-06-22,463328,False,,-15315.952715,96
9469,909120,13273.69,2022-07-26,9467,False,,-26132.524806,96
9470,909216,13274.76,2022-08-03,394859,False,,-10119.119248,96
9471,909312,13275.7,2022-08-17,902233,False,,-18752.482363,96
9472,909408,13276.82,2022-09-07,282676,False,,-15719.283213,96
9473,909504,13277.81,2022-09-29,459546,False,,-18164.053197,96
9474,909600,13278.88,2022-10-12,369621,False,,-22311.864548,96
9475,909696,13279.87,2022-10-26,422166,False,,-24525.839001,96
9476,909792,13280.81,2022-11-23,872408,False,,-25354.422819,96
9477,909888,13281.8,2022-12-07,734376,False,,-38821.655926,96
9478,909984,13282.77,2022-12-17,622702,False,,-12481.208695,96
