level,seed,eval_day,spawn_multiplier,n_spawned,dropped_late_horizon,rejected_upper,rejected_lower,energy_rejected_upper_kwh,energy_rejected_lower_kwh,requested_served_kwh
1.0,0,2022-01-17,30.0,14.0,15.0,45.0,5.0,654.2158813299778,74.8966912419227,214.45524423361016
1.0,0,2022-03-05,30.0,14.0,12.0,38.0,17.0,554.8275580257971,230.9171056587324,201.8448625745372
1.0,1,2022-01-17,30.0,14.0,11.0,35.0,10.0,523.0558873489472,127.8890836775176,204.68352343184705
1.0,1,2022-03-05,30.0,15.0,7.0,48.0,17.0,727.7439563672148,252.48718501897605,213.46983577298727
1.0,2,2022-01-17,30.0,12.0,15.0,27.0,5.0,410.6317564208695,68.19681097631151,155.16323484265305
1.0,2,2022-03-05,30.0,14.0,7.0,41.0,6.0,632.4659799499462,87.500620774823,230.9801274315649
1.0,3,2022-01-17,30.0,13.0,11.0,35.0,4.0,509.6463063265725,51.2103260646923,202.63830590531484
1.0,3,2022-03-05,30.0,13.0,8.0,34.0,4.0,497.46907400713457,52.7756681828829,195.6681794544919
1.0,4,2022-01-17,30.0,13.0,18.0,41.0,2.0,594.9648395044255,25.8126521467566,183.4011449515728
1.0,4,2022-03-05,30.0,13.0,18.0,37.0,7.0,545.4188671619748,91.09123145610228,176.6899658526883
1.0,5,2022-01-17,30.0,15.0,9.0,39.0,13.0,597.7825336265474,191.1941782094991,181.39615656492447
1.0,5,2022-03-05,30.0,12.0,18.0,34.0,14.0,491.746540321486,188.4611800089524,132.99118720983387
1.0,6,2022-01-17,30.0,11.0,15.0,24.0,3.0,339.1142336728725,37.7537673635119,138.2261889917488
1.0,6,2022-03-05,30.0,12.0,10.0,27.0,2.0,388.9147080090767,25.8647986876495,150.13505933435883
1.0,7,2022-01-17,30.0,15.0,13.0,37.0,9.0,569.3593871682522,119.1671047515999,244.5062514673909
1.0,7,2022-03-05,30.0,15.0,13.0,34.0,5.0,523.205683988341,75.7269361389726,239.45976627670225
1.0,8,2022-01-17,30.0,15.0,9.0,36.0,8.0,567.9114073572683,129.603728011801,297.11446662009905
1.0,8,2022-03-05,30.0,14.0,11.0,33.0,9.0,504.434966865765,121.00877474816068,253.4702870163383
1.0,9,2022-01-17,30.0,15.0,6.0,35.0,1.0,558.3965110368305,16.389596399192,210.23982502837296
1.0,9,2022-03-05,30.0,11.0,11.0,29.0,4.0,437.8533930563429,63.2666678930873,171.85678717337447
1.0,10,2022-01-17,30.0,13.0,12.0,48.0,19.0,714.7970686378503,243.777360474528,188.00187773070465
1.0,10,2022-03-05,30.0,13.0,14.0,42.0,9.0,622.914578924251,117.4302038615167,180.29943026818657
1.0,11,2022-01-17,30.0,13.0,11.0,31.0,5.0,455.7770329462687,67.5958460320667,203.78952030407532
1.0,11,2022-03-05,30.0,12.0,10.0,23.0,4.0,345.961170867215,66.1580404927832,179.11530240899413
1.0,12,2022-01-17,30.0,15.0,7.0,32.0,6.0,494.7792402897485,91.2277007329614,203.12575225842036
1.0,12,2022-03-05,30.0,14.0,6.0,32.0,7.0,482.86200251820094,109.6999315079905,193.5875773691492
1.0,13,2022-01-17,30.0,16.0,4.0,54.0,17.0,838.6650790162103,266.2892216283384,263.6253099265376
1.0,13,2022-03-05,30.0,15.0,10.0,40.0,15.0,592.8135397298341,212.4385569307733,236.1196694924451
1.0,14,2022-01-17,30.0,11.0,12.0,25.0,2.0,372.1081061565363,25.6584339375664,222.01092481768205
1.0,14,2022-03-05,30.0,11.0,14.0,25.0,3.0,363.1045005125404,40.6122535329912,215.08465448989816
1.0,15,2022-01-17,30.0,15.0,16.0,47.0,22.0,691.4923732929528,314.12691383059297,197.59416404386525
1.0,15,2022-03-05,30.0,14.0,15.0,53.0,19.0,785.653179127598,250.0064826341001,179.1039714724762
1.0,16,2022-01-17,30.0,16.0,5.0,37.0,17.0,572.0468600784361,247.5256331702242,221.18153792451085
1.0,16,2022-03-05,30.0,16.0,6.0,40.0,20.0,617.3868106581784,314.9132540747959,215.5964547935754
1.0,17,2022-01-17,30.0,12.0,13.0,30.0,4.0,423.6734947268173,51.11009613971859,196.4297118832579
1.0,17,2022-03-05,30.0,14.0,8.0,33.0,7.0,480.00064299347554,90.7299261940251,203.87836017372985
1.0,18,2022-01-17,30.0,14.0,8.0,44.0,14.0,652.5565724613713,182.2692612309234,209.8111681453323
1.0,18,2022-03-05,30.0,13.0,4.0,48.0,11.0,720.0768349673411,162.52793692023153,169.21095531071506
1.0,19,2022-01-17,30.0,12.0,10.0,34.0,14.0,490.059395548572,181.67520187332215,157.57209727878097
1.0,19,2022-03-05,30.0,15.0,1.0,44.0,15.0,661.3007879270006,222.42945595511785,200.35842258819173
1.0,20,2022-01-17,30.0,15.0,7.0,44.0,18.0,655.8744594423492,234.6578180158052,251.07689626794124
1.0,20,2022-03-05,30.0,14.0,9.0,34.0,12.0,515.2381072299337,159.9966989986058,236.3595441748849
1.0,21,2022-01-17,30.0,12.0,11.0,35.0,5.0,517.7587973798079,66.6086226418395,157.3546695780554
1.0,21,2022-03-05,30.0,14.0,12.0,35.0,6.0,541.2026223291366,93.9933227197031,186.53164132622453
1.0,22,2022-01-17,30.0,15.0,8.0,49.0,10.0,759.2529344770666,158.95930766202173,207.75877183590308
1.0,22,2022-03-05,30.0,15.0,14.0,42.0,18.0,634.1703246036152,244.6452835864137,196.7989864648344
1.0,23,2022-01-17,30.0,16.0,11.0,44.0,15.0,661.1742025695294,220.2339297234853,247.96198640626235
1.0,23,2022-03-05,30.0,15.0,5.0,43.0,14.0,653.1203356439138,219.39264742205484,232.65834949215537
1.0,24,2022-01-17,30.0,13.0,10.0,38.0,1.0,587.4263806162052,16.8275300538981,176.29868069168367
1.0,24,2022-03-05,30.0,12.0,12.0,33.0,6.0,498.5359723909156,87.0837820304146,163.60717223155143
1.0,25,2022-01-17,30.0,14.0,12.0,35.0,4.0,517.3403965996258,51.3923348709763,254.49488449727377
1.0,25,2022-03-05,30.0,13.0,12.0,35.0,3.0,517.3116870799162,39.1428727062093,229.76015773147813
1.0,26,2022-01-17,30.0,13.0,7.0,37.0,3.0,559.3697483124282,50.3459990372347,173.29322990242275
1.0,26,2022-03-05,30.0,13.0,10.0,28.0,5.0,412.36074546956576,68.2448959486021,169.32413002335764
1.0,27,2022-01-17,30.0,14.0,13.0,41.0,18.0,641.8026269927273,234.31065873413144,258.73352600785006
1.0,27,2022-03-05,30.0,15.0,11.0,49.0,20.0,751.0443254453993,270.46080487036824,277.6474092996307
1.0,28,2022-01-17,30.0,13.0,20.0,28.0,13.0,394.9395367045104,166.62297429013,184.1843817962258
1.0,28,2022-03-05,30.0,15.0,9.0,40.0,13.0,590.1862252448951,173.40397411215508,213.40845151072492
1.0,29,2022-01-17,30.0,12.0,16.0,28.0,2.0,414.9306349188984,26.7902532533877,189.3765472201402
1.0,29,2022-03-05,30.0,13.0,15.0,34.0,10.0,508.4628881050322,140.39927782693212,201.25832632717243
1.0,30,2022-01-17,30.0,16.0,1.0,37.0,20.0,580.4880601247531,323.00593999884256,231.80288590953364
1.0,30,2022-03-05,30.0,15.0,5.0,30.0,10.0,462.42400855965553,144.82121288957478,177.8305820607166
1.0,31,2022-01-17,30.0,12.0,16.0,30.0,14.0,427.4147673875125,178.5837972589848,162.885114201231
1.0,31,2022-03-05,30.0,10.0,17.0,27.0,7.0,391.0718593950834,96.252567647562,137.13425591977978
1.0,32,2022-01-17,30.0,12.0,16.0,24.0,3.0,357.3406865536665,39.691148798968,184.6462613760714
1.0,32,2022-03-05,30.0,11.0,14.0,23.0,7.0,346.59506690691387,101.0287971906364,155.2363306464967
1.0,33,2022-01-17,30.0,15.0,6.0,31.0,6.0,498.2938341594222,101.8437058442656,232.0891792831666
1.0,33,2022-03-05,30.0,15.0,8.0,35.0,17.0,552.1122498474562,271.9700516205053,228.82661185122055
1.0,34,2022-01-17,30.0,15.0,9.0,37.0,10.0,582.8506776877126,143.07339320070804,195.10530814284445
1.0,34,2022-03-05,30.0,13.0,17.0,39.0,6.0,580.1912725700184,94.0845595326932,157.31554844248353
1.0,35,2022-01-17,30.0,13.0,10.0,22.0,0.0,306.9876531406033,0.0,212.24403454820947
1.0,35,2022-03-05,30.0,14.0,11.0,30.0,2.0,431.9078347884401,26.834666102354294,210.799491361874
1.0,36,2022-01-17,30.0,15.0,9.0,24.0,4.0,360.06979987089977,51.7381868434326,258.3941981731553
1.0,36,2022-03-05,30.0,11.0,11.0,25.0,7.0,385.203337201832,102.7607084357579,174.76106417404216
1.0,37,2022-01-17,30.0,14.0,10.0,29.0,1.0,464.6380973109944,16.6677228815799,223.5666725698765
1.0,37,2022-03-05,30.0,11.0,14.0,23.0,1.0,342.6164130494258,12.9705010402643,165.3092173844786
1.0,38,2022-01-17,30.0,12.0,11.0,31.0,5.0,465.5092914245346,64.4144530829053,216.6893789482603
1.0,38,2022-03-05,30.0,11.0,15.0,25.0,2.0,373.7640256237224,26.834666102354294,198.29549335372545
1.0,39,2022-01-17,30.0,11.0,12.0,23.0,6.0,341.98350723495565,80.3011542654791,182.3191080994636
1.0,39,2022-03-05,30.0,11.0,14.0,24.0,6.0,366.0717194450266,84.2361590769885,174.843273056201
1.0,40,2022-01-17,30.0,15.0,12.0,39.0,14.0,589.0016426446929,187.93302918399309,258.1024400511501
1.0,40,2022-03-05,30.0,11.0,17.0,26.0,2.0,389.0491698634732,28.9594652606779,156.70357129248424
1.0,41,2022-01-17,30.0,12.0,15.0,33.0,12.0,474.7561641959834,152.2285752536506,156.66459148306902
1.0,41,2022-03-05,30.0,12.0,12.0,32.0,13.0,470.4892521089315,171.6470555451794,148.87555530652006
1.0,42,2022-01-17,30.0,14.0,13.0,35.0,8.0,526.7928662704916,110.5921045860328,240.98765321725227
1.0,42,2022-03-05,30.0,13.0,8.0,42.0,12.0,646.2836134398752,173.46438737740718,207.8667513490321
1.0,43,2022-01-17,30.0,10.0,15.0,32.0,1.0,457.34686636732135,12.8498847984186,153.78802404912605
1.0,43,2022-03-05,30.0,12.0,9.0,39.0,8.0,576.5121920739621,105.3167017802695,167.2456199015754
1.0,44,2022-01-17,30.0,12.0,13.0,30.0,0.0,438.1041887382335,0.0,145.3286836986017
1.0,44,2022-03-05,30.0,12.0,13.0,26.0,5.0,381.61823596858807,70.1384103041272,131.69147992769388
1.0,45,2022-01-17,30.0,13.0,11.0,33.0,1.0,499.30066314762166,16.6677228815799,206.83313467257483
1.0,45,2022-03-05,30.0,13.0,7.0,40.0,4.0,606.013347606003,62.6046818001267,195.5625382386725
1.0,46,2022-01-17,30.0,15.0,12.0,53.0,24.0,815.1782820907837,321.32403231110914,272.72976335215844
1.0,46,2022-03-05,30.0,15.0,11.0,51.0,26.0,772.4728332827,392.0031375973125,276.6956122409052
1.0,47,2022-01-17,30.0,14.0,10.0,27.0,10.0,405.1566048769045,136.3182205605405,185.2031887367941
1.0,47,2022-03-05,30.0,14.0,9.0,25.0,8.0,384.08073217820674,117.7198032909746,180.23055847908097
1.0,48,2022-01-17,30.0,16.0,18.0,31.0,9.0,454.50019364253575,119.6124074002314,305.1872694143928
1.0,48,2022-03-05,30.0,15.0,12.0,32.0,11.0,473.3324868019284,146.2954597535727,274.0427989740225
1.0,49,2022-01-17,30.0,14.0,18.0,34.0,6.0,521.583688432999,78.63273317860609,205.51313166389735
1.0,49,2022-03-05,30.0,15.0,13.0,41.0,11.0,642.7603114805373,153.30160806461998,225.6339324027065
1.3,0,2022-01-17,39.0,16.0,16.0,57.0,22.0,841.8286156020673,305.9873618492244,236.77892507994895
1.3,0,2022-03-05,39.0,15.0,19.0,48.0,24.0,704.8839869135285,337.8386564567647,206.3812794222937
1.3,1,2022-01-17,39.0,14.0,17.0,56.0,23.0,812.349296041467,291.1888147364417,210.6948761490065
1.3,1,2022-03-05,39.0,16.0,12.0,59.0,32.0,873.6009654739211,467.2569432100625,228.0713140828252
1.3,2,2022-01-17,39.0,14.0,17.0,41.0,9.0,616.28695329705,129.75642967060588,199.4961817162337
1.3,2,2022-03-05,39.0,17.0,3.0,59.0,21.0,915.2229137070252,331.5540342360206,271.88997825768365
1.3,3,2022-01-17,39.0,13.0,14.0,44.0,5.0,638.0071120444248,65.2954222484842,210.83035591535548
1.3,3,2022-03-05,39.0,15.0,8.0,49.0,18.0,725.0412914532693,254.4918121065862,221.7806136868596
1.3,4,2022-01-17,39.0,15.0,21.0,55.0,12.0,800.5407689214562,154.1437364332877,195.7302649930538
1.3,4,2022-03-05,39.0,15.0,15.0,60.0,23.0,888.2698759478592,344.39995407959896,200.8425931959265
1.3,5,2022-01-17,39.0,15.0,10.0,47.0,17.0,716.1380701568563,247.7119036881366,181.03753821555551
1.3,5,2022-03-05,39.0,15.0,11.0,54.0,23.0,814.489589955573,329.70554916777706,181.713143939356
1.3,6,2022-01-17,39.0,14.0,19.0,36.0,16.0,508.1624892808893,204.05904977663664,192.53006302483013
1.3,6,2022-03-05,39.0,12.0,16.0,40.0,6.0,573.306118258578,79.99581525943199,149.46260723469973
1.3,7,2022-01-17,39.0,14.0,22.0,44.0,14.0,658.7363978093663,189.7446874822018,216.47252074709183
1.3,7,2022-03-05,39.0,16.0,20.0,44.0,30.0,658.4908117524366,435.47850654600114,231.6959360557911
1.3,8,2022-01-17,39.0,15.0,13.0,45.0,9.0,702.3938520567413,139.3149408654558,296.7349083354991
1.3,8,2022-03-05,39.0,15.0,10.0,47.0,16.0,727.2160349607906,226.5480392639746,289.3675955590911
1.3,9,2022-01-17,39.0,15.0,7.0,49.0,6.0,762.2515373317202,95.651505395416,221.67560055163176
1.3,9,2022-03-05,39.0,15.0,6.0,46.0,13.0,740.1073253972062,196.57638174665263,210.50270192068908
1.3,10,2022-01-17,39.0,13.0,18.0,58.0,29.0,868.7961857069969,370.9434780060848,184.8821522454521
1.3,10,2022-03-05,39.0,15.0,12.0,61.0,31.0,933.4409642908143,439.1950410815653,216.26529287526796
1.3,11,2022-01-17,39.0,14.0,14.0,38.0,15.0,534.4661704448229,213.89375940922224,216.2679359649552
1.3,11,2022-03-05,39.0,14.0,8.0,40.0,10.0,601.934580315953,147.8422275287258,214.8013462450902
1.3,12,2022-01-17,39.0,17.0,6.0,48.0,26.0,724.0659782701335,378.6198906259708,257.01373380852067
1.3,12,2022-03-05,39.0,15.0,8.0,51.0,22.0,770.0021639400645,337.19620642388713,203.3263496183162
1.3,13,2022-01-17,39.0,16.0,11.0,60.0,19.0,913.7519458018096,281.8571903212748,259.824849158627
1.3,13,2022-03-05,39.0,16.0,9.0,52.0,20.0,786.5779106780276,283.51275727825447,249.0717858278885
1.3,14,2022-01-17,39.0,15.0,18.0,36.0,10.0,529.1559146149455,127.9841756299737,329.642655706102
1.3,14,2022-03-05,39.0,13.0,17.0,41.0,12.0,592.4839820056991,174.91398066216055,261.5989013483606
1.3,15,2022-01-17,39.0,16.0,14.0,62.0,41.0,909.920149113005,605.6182398214877,205.92694745691503
1.3,15,2022-03-05,39.0,14.0,18.0,64.0,24.0,938.6995594021738,321.6462393754447,179.3399715758173
1.3,16,2022-01-17,39.0,16.0,6.0,56.0,41.0,855.2723256315938,600.2035304033235,225.2725374953891
1.3,16,2022-03-05,39.0,16.0,7.0,57.0,27.0,869.3340496253052,413.536269324567,218.76751946149065
1.3,17,2022-01-17,39.0,12.0,19.0,38.0,17.0,528.167033012134,217.8467747064968,195.12180421208544
1.3,17,2022-03-05,39.0,14.0,11.0,43.0,14.0,623.7055034437236,192.979296954757,203.9502028966892
1.3,18,2022-01-17,39.0,15.0,14.0,52.0,23.0,760.6614051074208,308.14899902099745,223.3990034761036
1.3,18,2022-03-05,39.0,15.0,10.0,57.0,31.0,847.8055032129643,433.93103886458766,226.9478808965909
1.3,19,2022-01-17,39.0,15.0,8.0,55.0,23.0,817.5825945078949,306.71788735579486,200.30405088641984
1.3,19,2022-03-05,39.0,16.0,6.0,52.0,31.0,773.71787221608,433.9566955737617,204.2288625863397
1.3,20,2022-01-17,39.0,15.0,10.0,52.0,20.0,771.6008350417047,259.9900502013021,257.30470057855666
1.3,20,2022-03-05,39.0,14.0,10.0,52.0,19.0,785.6212700989332,251.5792653878408,238.61986617128213
1.3,21,2022-01-17,39.0,13.0,15.0,49.0,14.0,738.1696548834242,213.9507168897922,183.65593829622185
1.3,21,2022-03-05,39.0,14.0,13.0,41.0,7.0,629.0526896609207,106.7006495364068,186.53164132622453
1.3,22,2022-01-17,39.0,15.0,10.0,66.0,21.0,1025.8618639564563,303.7588446006879,212.5446687718481
1.3,22,2022-03-05,39.0,15.0,11.0,60.0,26.0,928.6957706759728,361.22772832306913,197.69392287356015
1.3,23,2022-01-17,39.0,14.0,19.0,55.0,25.0,788.8866303854555,330.1713465818417,231.2945730076688
1.3,23,2022-03-05,39.0,16.0,12.0,61.0,30.0,912.8184548430672,457.2613692049073,244.07284875365596
1.3,24,2022-01-17,39.0,15.0,7.0,54.0,6.0,838.5579997752326,96.70687087949572,211.02898400785423
1.3,24,2022-03-05,39.0,16.0,6.0,53.0,22.0,819.1591290647569,333.19500350383964,238.5087767414054
1.3,25,2022-01-17,39.0,14.0,15.0,48.0,8.0,699.0458186281048,102.6196406511403,253.99374204962552
1.3,25,2022-03-05,39.0,15.0,14.0,46.0,18.0,681.3632411581871,247.07417389433036,260.072428928485
1.3,26,2022-01-17,39.0,13.0,14.0,41.0,1.0,606.9228016020251,13.0149138892309,257.23542132960324
1.3,26,2022-03-05,39.0,14.0,13.0,40.0,6.0,598.3863059231712,82.8273217031315,190.1548174684067
1.3,27,2022-01-17,39.0,14.0,18.0,53.0,26.0,802.7820632247247,343.35310345614124,256.51287444458603
1.3,27,2022-03-05,39.0,16.0,9.0,65.0,46.0,1000.9666977196496,657.3415486772573,284.5012366518222
1.3,28,2022-01-17,39.0,16.0,14.0,51.0,33.0,743.4355485859745,447.21258668944,216.98752169078463
1.3,28,2022-03-05,39.0,16.0,11.0,58.0,31.0,861.3154908674605,436.80699986269246,228.7205803957118
1.3,29,2022-01-17,39.0,15.0,21.0,43.0,19.0,648.539727345354,276.7265950245803,237.10192943471492
1.3,29,2022-03-05,39.0,14.0,20.0,51.0,28.0,755.1647704397886,374.1548843975253,204.20071057763704
1.3,30,2022-01-17,39.0,16.0,1.0,55.0,38.0,828.5324786121303,568.1942132657488,230.68164027453645
1.3,30,2022-03-05,39.0,16.0,4.0,46.0,20.0,708.6388358685733,301.9750741469183,228.5722802939415
1.3,31,2022-01-17,39.0,13.0,22.0,42.0,19.0,606.370697576391,247.00476339876425,193.75843262878303
1.3,31,2022-03-05,39.0,12.0,15.0,44.0,10.0,645.6866037323517,135.1640707683549,160.3799599271476
1.3,32,2022-01-17,39.0,16.0,10.0,45.0,9.0,718.0199462520458,133.4591003179553,241.3703471236049
1.3,32,2022-03-05,39.0,14.0,13.0,47.0,13.0,706.6037677610009,173.0928720213389,196.08917913745836
1.3,33,2022-01-17,39.0,15.0,17.0,38.0,10.0,588.7055317612941,161.8347218015492,228.497723113262
1.3,33,2022-03-05,39.0,16.0,14.0,46.0,24.0,703.7682089217724,367.3913350024146,230.8750233831737
1.3,34,2022-01-17,39.0,16.0,15.0,55.0,18.0,825.7944882307308,256.67762942170486,225.82988656283013
1.3,34,2022-03-05,39.0,13.0,20.0,49.0,14.0,715.4786116982186,206.4693386621267,157.31554844248353
1.3,35,2022-01-17,39.0,16.0,8.0,45.0,21.0,655.6257594834946,279.3078075130051,262.81445193003714
1.3,35,2022-03-05,39.0,16.0,9.0,43.0,19.0,629.9738434600653,277.7130553725513,251.1798372466688
1.3,36,2022-01-17,39.0,15.0,8.0,38.0,11.0,589.8029752447317,139.8377268217065,259.88673498741514
1.3,36,2022-03-05,39.0,14.0,10.0,43.0,21.0,654.069575951526,292.4249652624492,214.195214546608
1.3,37,2022-01-17,39.0,15.0,10.0,43.0,19.0,666.5843763776045,279.52954854505305,234.58004702121497
1.3,37,2022-03-05,39.0,15.0,10.0,45.0,20.0,690.479369530093,307.9079184348226,226.99570962499763
1.3,38,2022-01-17,39.0,14.0,16.0,38.0,10.0,560.1283872253285,145.73835068635282,255.740515099627
1.3,38,2022-03-05,39.0,11.0,20.0,35.0,4.0,505.9518701134006,51.6851845263324,196.90524044646747
1.3,39,2022-01-17,39.0,14.0,14.0,40.0,12.0,605.8340377887872,164.842650922262,229.3483041672778
1.3,39,2022-03-05,39.0,14.0,8.0,42.0,13.0,642.7384723894263,185.7299897263834,224.3960775852612
1.3,40,2022-01-17,39.0,15.0,18.0,49.0,21.0,741.743319894019,285.3350232056398,257.04454967214576
1.3,40,2022-03-05,39.0,14.0,17.0,43.0,15.0,664.4609788855805,223.96806436512787,240.41215476103528
1.3,41,2022-01-17,39.0,13.0,20.0,49.0,21.0,700.8810356526764,266.3250544079748,177.96231477639913
1.3,41,2022-03-05,39.0,16.0,9.0,52.0,28.0,773.0592027683862,391.7224575908068,216.03510835453855
1.3,42,2022-01-17,39.0,15.0,10.0,57.0,28.0,863.7403425064616,409.174503332898,239.54353554729096
1.3,42,2022-03-05,39.0,15.0,7.0,58.0,29.0,900.91492788154,446.70916978794617,228.91826255461
1.3,43,2022-01-17,39.0,14.0,11.0,47.0,8.0,700.5387685360744,114.0202364454728,204.67402959829863
1.3,43,2022-03-05,39.0,13.0,8.0,51.0,17.0,773.7618327767035,229.0496539853063,188.12490063000345
1.3,44,2022-01-17,39.0,13.0,22.0,40.0,15.0,563.6697452458797,190.32092736915888,165.8043001322422
1.3,44,2022-03-05,39.0,14.0,10.0,42.0,15.0,625.4715047724283,207.5262765999163,165.85717646222298
1.3,45,2022-01-17,39.0,16.0,5.0,62.0,15.0,955.3610232187526,232.4575993256441,251.4993344975593
1.3,45,2022-03-05,39.0,15.0,8.0,55.0,22.0,833.6060819608429,334.4544188783183,234.76904726993095
1.3,46,2022-01-17,39.0,15.0,15.0,72.0,39.0,1092.778408823418,527.171810037485,272.397697444976
1.3,46,2022-03-05,39.0,16.0,8.0,77.0,47.0,1175.9964089735388,706.6774753497871,296.5277183433405
1.3,47,2022-01-17,39.0,15.0,14.0,39.0,20.0,583.5261098517386,293.4917242931101,205.7520447140372
1.3,47,2022-03-05,39.0,15.0,12.0,46.0,25.0,699.0175688508642,363.9479665213961,196.3565610309629
1.3,48,2022-01-17,39.0,17.0,18.0,48.0,20.0,712.738690132116,262.1998347207845,323.6747570664363
1.3,48,2022-03-05,39.0,15.0,18.0,46.0,19.0,679.9719937111666,257.5841093479109,272.1450427691917
1.3,49,2022-01-17,39.0,15.0,14.0,58.0,21.0,919.8827953108856,302.8794480136903,226.4582970070605
1.3,49,2022-03-05,39.0,16.0,7.0,62.0,27.0,991.732774087464,399.92651065231473,235.1105948481066
1.6,0,2022-01-17,48.0,17.0,21.0,73.0,42.0,1094.948001051707,589.223712909177,243.59926477437517
1.6,0,2022-03-05,48.0,15.0,26.0,64.0,33.0,952.12024661058,468.8486416023321,206.3812794222937
1.6,1,2022-01-17,48.0,16.0,17.0,75.0,48.0,1095.9070075014972,672.2518528397397,232.8489259994975
1.6,1,2022-03-05,48.0,16.0,14.0,75.0,53.0,1099.4250542056427,770.0837222729544,224.11061851429932
1.6,2,2022-01-17,48.0,17.0,14.0,65.0,32.0,985.766999447336,469.8358531882482,265.09780959281323
1.6,2,2022-03-05,48.0,15.0,17.0,72.0,40.0,1065.8599709704672,572.3662285405312,218.02196970622373
1.6,3,2022-01-17,48.0,15.0,12.0,66.0,13.0,988.8248127671347,184.9500513039631,242.9433598485765
1.6,3,2022-03-05,48.0,16.0,11.0,64.0,36.0,944.0237516933536,517.1528933777106,227.23161949181133
1.6,4,2022-01-17,48.0,16.0,24.0,74.0,35.0,1085.1256447907565,453.3868353931599,215.64818458210837
1.6,4,2022-03-05,48.0,15.0,20.0,75.0,24.0,1117.4744049747787,356.5066090843587,200.85676924094696
1.6,5,2022-01-17,48.0,15.0,19.0,55.0,23.0,812.4864422201624,345.8335521243158,189.12693544760768
1.6,5,2022-03-05,48.0,15.0,12.0,73.0,35.0,1089.3831562599946,487.5036697608636,181.1016405626724
1.6,6,2022-01-17,48.0,14.0,22.0,51.0,23.0,725.342008034445,292.2394969589893,192.53006302483013
1.6,6,2022-03-05,48.0,13.0,19.0,53.0,13.0,768.3519451973079,178.83840610144338,165.12469165701012
1.6,7,2022-01-17,48.0,16.0,28.0,53.0,26.0,777.1766117805794,367.244619707932,245.08904652796417
1.6,7,2022-03-05,48.0,16.0,23.0,57.0,39.0,841.8940941130006,562.6881843933461,231.6959360557911
1.6,8,2022-01-17,48.0,15.0,11.0,61.0,16.0,947.7896410035174,243.67218693733705,298.6154293944592
1.6,8,2022-03-05,48.0,16.0,8.0,68.0,40.0,1057.8147752093723,595.4588492497635,308.97800431327335
1.6,9,2022-01-17,48.0,16.0,5.0,59.0,20.0,919.9279444682212,306.55958252835205,243.0688827465504
1.6,9,2022-03-05,48.0,15.0,7.0,59.0,21.0,913.268067134558,313.5795887090975,225.88480193422427
1.6,10,2022-01-17,48.0,15.0,15.0,79.0,43.0,1191.0426881084627,579.9851410440159,226.67033282168643
1.6,10,2022-03-05,48.0,15.0,17.0,75.0,45.0,1116.180155597452,630.4098848964269,215.5275862861067
1.6,11,2022-01-17,48.0,15.0,12.0,54.0,29.0,780.0504672040614,430.4069968849572,227.3276347728994
1.6,11,2022-03-05,48.0,14.0,10.0,53.0,18.0,788.0438279967833,253.9640666395257,213.2747622288194
1.6,12,2022-01-17,48.0,17.0,10.0,62.0,34.0,903.3831006708168,485.40513987444825,258.22056542188074
1.6,12,2022-03-05,48.0,17.0,5.0,62.0,23.0,928.9535029916636,338.24789615459645,250.79660946533212
1.6,13,2022-01-17,48.0,16.0,13.0,78.0,23.0,1180.060761331848,347.0853334757633,258.9708002837795
1.6,13,2022-03-05,48.0,16.0,14.0,75.0,35.0,1138.0534499086586,518.4445053709563,250.89791273815976
1.6,14,2022-01-17,48.0,16.0,18.0,53.0,14.0,811.0050830409815,181.6113430521958,344.0846349270756
1.6,14,2022-03-05,48.0,17.0,8.0,64.0,36.0,977.168640516172,528.50083375668,354.5368588251669
1.6,15,2022-01-17,48.0,15.0,22.0,75.0,34.0,1104.299982823377,480.5823193275777,204.36375049077245
1.6,15,2022-03-05,48.0,15.0,19.0,78.0,43.0,1144.9519453031269,604.5093741884511,195.3457353167857
1.6,16,2022-01-17,48.0,16.0,13.0,71.0,52.0,1060.3199848313309,767.5919428931007,226.76488836096337
1.6,16,2022-03-05,48.0,16.0,13.0,74.0,40.0,1131.111602506999,608.303654384038,215.3757219290227
1.6,17,2022-01-17,48.0,15.0,14.0,57.0,21.0,835.5165387647761,269.2771219617852,220.6752679468704
1.6,17,2022-03-05,48.0,15.0,12.0,57.0,26.0,840.1531696134515,371.04610993420056,215.79015077776697
1.6,18,2022-01-17,48.0,15.0,15.0,65.0,35.0,944.2571607289724,475.3551582433568,223.1803009969928
1.6,18,2022-03-05,48.0,16.0,7.0,72.0,53.0,1082.0278564306743,778.6739066346798,250.9508372742196
1.6,19,2022-01-17,48.0,17.0,9.0,71.0,42.0,1047.564998716548,601.3021607862412,252.69319741824413
1.6,19,2022-03-05,48.0,16.0,6.0,62.0,34.0,925.4742243918852,475.8866618747039,204.326894786023
1.6,20,2022-01-17,48.0,16.0,16.0,67.0,38.0,984.1902533172116,504.3888621178186,283.9408640554662
1.6,20,2022-03-05,48.0,16.0,11.0,65.0,39.0,988.612839175782,556.5904983376004,279.25270630037915
1.6,21,2022-01-17,48.0,14.0,13.0,66.0,18.0,1022.5577753098046,273.34184174199606,191.65593829622185
1.6,21,2022-03-05,48.0,16.0,14.0,56.0,21.0,864.285594203764,303.3464271771993,209.3751646263008
1.6,22,2022-01-17,48.0,16.0,19.0,70.0,35.0,1033.0120284496782,510.3411615290737,220.794414427168
1.6,22,2022-03-05,48.0,15.0,18.0,70.0,32.0,1048.620355138475,458.5694344847444,200.35488483128407
1.6,23,2022-01-17,48.0,15.0,19.0,73.0,37.0,1078.0421068848948,510.2630984558135,240.03469490723373
1.6,23,2022-03-05,48.0,16.0,12.0,76.0,35.0,1154.012360130616,534.0714314611141,244.82016348917657
1.6,24,2022-01-17,48.0,16.0,7.0,64.0,15.0,990.5678686215324,231.7847497563156,241.55584625174689
1.6,24,2022-03-05,48.0,16.0,7.0,70.0,31.0,1067.2291555690283,457.4550266784229,237.635307410207
1.6,25,2022-01-17,48.0,14.0,21.0,59.0,17.0,868.4453910367968,225.42763811831605,250.8730033837034
1.6,25,2022-03-05,48.0,16.0,14.0,59.0,28.0,870.8220225472078,399.214600910769,276.35045906468827
1.6,26,2022-01-17,48.0,15.0,17.0,56.0,20.0,826.3319750150798,280.82345363290574,281.2781454242965
1.6,26,2022-03-05,48.0,15.0,16.0,54.0,24.0,805.2326953736504,333.75051701033635,214.1445931297233
1.6,27,2022-01-17,48.0,14.0,26.0,65.0,39.0,951.7126685818096,526.1760563568707,254.13488304834016
1.6,27,2022-03-05,48.0,16.0,11.0,78.0,58.0,1185.206750641083,821.247401759901,284.5012366518222
1.6,28,2022-01-17,48.0,15.0,24.0,67.0,36.0,972.1726350439408,476.17220422613167,216.03240131597855
1.6,28,2022-03-05,48.0,16.0,13.0,68.0,40.0,1009.9679475573588,573.1470122327421,218.54299783946132
1.6,29,2022-01-17,48.0,17.0,17.0,67.0,40.0,1027.1405932013956,585.1561383475158,258.41950097233763
1.6,29,2022-03-05,48.0,15.0,19.0,65.0,39.0,969.5380871549684,547.047906735069,234.9019754062545
1.6,30,2022-01-17,48.0,16.0,8.0,62.0,44.0,919.1583067770993,639.3257692095902,239.2017045189691
1.6,30,2022-03-05,48.0,16.0,8.0,61.0,33.0,914.9824218320828,489.2429601777917,226.309267065931
1.6,31,2022-01-17,48.0,14.0,24.0,60.0,31.0,871.2661929250356,413.4019252336892,202.34965559395224
1.6,31,2022-03-05,48.0,15.0,15.0,64.0,28.0,945.7346683434546,391.48770416791416,222.46739950457845
1.6,32,2022-01-17,48.0,16.0,11.0,61.0,21.0,946.482419713372,321.6543410212165,248.5939186251516
1.6,32,2022-03-05,48.0,16.0,10.0,63.0,36.0,970.5341800931404,515.6049607584031,240.4923790483601
1.6,33,2022-01-17,48.0,16.0,27.0,46.0,26.0,701.5389549889138,392.4893401646708,228.5022742479716
1.6,33,2022-03-05,48.0,16.0,21.0,56.0,37.0,855.2307514444225,575.000647097485,228.2283727757999
1.6,34,2022-01-17,48.0,16.0,17.0,65.0,21.0,971.6654380802185,301.89065075683243,225.82988656283013
1.6,34,2022-03-05,48.0,14.0,16.0,66.0,31.0,988.5086169881016,484.9696685883298,174.5237827815604
1.6,35,2022-01-17,48.0,17.0,7.0,64.0,34.0,961.720073921694,467.1850351426348,277.2178837276787
1.6,35,2022-03-05,48.0,16.0,12.0,59.0,32.0,879.7834283179781,485.2892123142468,254.72856345119743
1.6,36,2022-01-17,48.0,17.0,9.0,57.0,26.0,856.4230902274372,351.9878019159543,305.76752524787776
1.6,36,2022-03-05,48.0,15.0,10.0,62.0,27.0,927.3585328450428,360.8401000829484,227.8782429543264
1.6,37,2022-01-17,48.0,15.0,12.0,58.0,27.0,876.2491809388171,384.6296228024264,234.2415621196535
1.6,37,2022-03-05,48.0,17.0,12.0,65.0,33.0,976.1647320907472,506.7546056188579,257.13966140458456
1.6,38,2022-01-17,48.0,14.0,21.0,45.0,13.0,671.9335556971637,194.49108362225385,255.8996001789042
1.6,38,2022-03-05,48.0,14.0,15.0,56.0,17.0,840.9296710957174,234.19898737808575,252.2410116258684
1.6,39,2022-01-17,48.0,14.0,11.0,54.0,27.0,814.7700904655916,359.57325069961473,230.99361626988767
1.6,39,2022-03-05,48.0,14.0,9.0,56.0,23.0,842.2178010101151,334.1148695601856,226.01748534815331
1.6,40,2022-01-17,48.0,16.0,21.0,61.0,30.0,910.9011783938932,414.4007850383226,260.7946594363048
1.6,40,2022-03-05,48.0,16.0,17.0,60.0,40.0,903.7378994483216,589.5893115501684,252.47057647808032
1.6,41,2022-01-17,48.0,16.0,14.0,76.0,46.0,1129.9003174903148,644.0672618346028,225.15315089472705
1.6,41,2022-03-05,48.0,15.0,16.0,68.0,34.0,994.4681156910516,465.6002202920996,208.4464307124075
1.6,42,2022-01-17,48.0,16.0,10.0,73.0,37.0,1108.4598857613362,536.3974855092007,268.41959720745075
1.6,42,2022-03-05,48.0,16.0,4.0,73.0,46.0,1136.8934873808705,687.9726265338702,244.82451559007487
1.6,43,2022-01-17,48.0,16.0,7.0,71.0,37.0,1088.2452586002173,536.9916441278921,231.69457217345152
1.6,43,2022-03-05,48.0,16.0,9.0,66.0,39.0,997.7453144212174,557.9704539592816,226.65351815014432
1.6,44,2022-01-17,48.0,15.0,23.0,49.0,23.0,684.040257943557,294.77485230696965,210.9672072422925
1.6,44,2022-03-05,48.0,15.0,13.0,50.0,18.0,739.3696179219236,246.2409600859844,191.77607574371552
1.6,45,2022-01-17,48.0,16.0,17.0,74.0,33.0,1100.0280430667633,493.4556930263175,255.4125946695923
1.6,45,2022-03-05,48.0,15.0,14.0,76.0,45.0,1126.281249768068,663.3256175176302,230.1672301813566
1.6,46,2022-01-17,48.0,16.0,22.0,85.0,64.0,1253.186130485352,917.6127172157784,300.42545314517645
1.6,46,2022-03-05,48.0,16.0,11.0,99.0,67.0,1499.1642513798763,988.6013252097543,295.4004500668772
1.6,47,2022-01-17,48.0,16.0,11.0,63.0,43.0,956.5029401380332,648.478152646208,219.03851025295697
1.6,47,2022-03-05,48.0,16.0,9.0,64.0,43.0,987.9385181791882,654.6374672631481,207.8582721830641
1.6,48,2022-01-17,48.0,18.0,17.0,66.0,36.0,992.6858681344248,495.0081321533876,350.57362433875403
1.6,48,2022-03-05,48.0,17.0,15.0,68.0,39.0,1036.7468580540326,558.9651363342177,325.88185951588065
1.6,49,2022-01-17,48.0,16.0,14.0,74.0,32.0,1182.0385015127545,484.982617343428,249.45914073560888
1.6,49,2022-03-05,48.0,16.0,14.0,76.0,38.0,1202.4054495886664,580.3367663279469,232.50073808398903
0.25,0,2022-01-17,8.0,8.0,3.0,8.0,0.0,126.33054589409929,0.0,94.90277614969955
0.25,0,2022-03-05,8.0,9.0,4.0,4.0,0.0,66.0902822993462,0.0,101.7141705442967
0.25,1,2022-01-17,8.0,9.0,9.0,8.0,0.0,119.8611502736617,0.0,107.94655400939648
0.25,1,2022-03-05,8.0,9.0,5.0,10.0,0.0,154.1533423093431,0.0,112.19818984637088
0.25,2,2022-01-17,8.0,8.0,4.0,3.0,0.0,47.2246215317221,0.0,117.70675522679593
0.25,2,2022-03-05,8.0,6.0,3.0,3.0,0.0,47.2246215317221,0.0,81.07644323267144
0.25,3,2022-01-17,8.0,6.0,5.0,4.0,0.0,55.34138602585,0.0,106.99575852408603
0.25,3,2022-03-05,8.0,5.0,4.0,4.0,0.0,55.7661827388226,0.0,87.7034098171206
0.25,4,2022-01-17,8.0,6.0,5.0,5.0,0.0,78.6285334015582,0.0,66.18374075120164
0.25,4,2022-03-05,8.0,6.0,6.0,6.0,0.0,88.721667526445,0.0,66.9934642568355
0.25,5,2022-01-17,8.0,8.0,5.0,8.0,0.0,119.612958955111,0.0,109.62114739381985
0.25,5,2022-03-05,8.0,7.0,3.0,8.0,0.0,128.9230514424042,0.0,95.52950160231528
0.25,6,2022-01-17,8.0,3.0,5.0,1.0,0.0,13.0149138892309,0.0,35.51283561105927
0.25,6,2022-03-05,8.0,5.0,3.0,3.0,0.0,44.9821569906835,0.0,68.870014583541
0.25,7,2022-01-17,8.0,10.0,3.0,5.0,0.0,87.11215089392189,0.0,178.29299260358812
0.25,7,2022-03-05,8.0,9.0,3.0,7.0,0.0,120.13399838071408,0.0,170.17511861361453
0.25,8,2022-01-17,8.0,6.0,9.0,2.0,0.0,26.834666102354298,0.0,125.73297359039049
0.25,8,2022-03-05,8.0,7.0,6.0,5.0,0.0,68.7646324032965,0.0,146.54586755522277
0.25,9,2022-01-17,8.0,5.0,4.0,4.0,0.0,69.4990873572994,0.0,97.41596026164783
0.25,9,2022-03-05,8.0,5.0,2.0,7.0,0.0,115.8545324439896,0.0,103.25413831079038
0.25,10,2022-01-17,8.0,8.0,6.0,7.0,0.0,104.41687887910611,0.0,100.94254030427025
0.25,10,2022-03-05,8.0,8.0,4.0,8.0,0.0,125.3158435397082,0.0,102.60151961635154
0.25,11,2022-01-17,8.0,5.0,4.0,3.0,0.0,51.2690493326909,0.0,66.63220136103459
0.25,11,2022-03-05,8.0,5.0,3.0,3.0,0.0,51.2690493326909,0.0,66.79500558387258
0.25,12,2022-01-17,8.0,4.0,4.0,4.0,0.0,53.44025520785429,0.0,31.623056788870407
0.25,12,2022-03-05,8.0,8.0,2.0,3.0,0.0,43.6906208802465,0.0,91.46480203865676
0.25,13,2022-01-17,8.0,9.0,8.0,6.0,0.0,88.3429514169042,0.0,165.0262001144394
0.25,13,2022-03-05,8.0,8.0,8.0,8.0,0.0,123.00615827550749,0.0,142.09437460622217
0.25,14,2022-01-17,8.0,6.0,5.0,2.0,0.0,28.402177967652797,0.0,130.54761639134358
0.25,14,2022-03-05,8.0,5.0,4.0,3.0,0.0,44.7917743668448,0.0,103.314250665289
0.25,15,2022-01-17,8.0,9.0,6.0,11.0,0.0,151.97935945440597,0.0,120.84180720792331
0.25,15,2022-03-05,8.0,9.0,3.0,15.0,0.0,222.22851319365367,0.0,120.41508001619445
0.25,16,2022-01-17,8.0,5.0,3.0,4.0,0.0,62.2310895550104,0.0,78.12278814024646
0.25,16,2022-03-05,8.0,7.0,3.0,5.0,0.0,75.080974353429,0.0,101.81555441264905
0.25,17,2022-01-17,8.0,4.0,9.0,2.0,0.0,25.0011288302562,0.0,52.91237302297571
0.25,17,2022-03-05,8.0,4.0,8.0,3.0,0.0,40.282195351366596,0.0,53.05887743301872
0.25,18,2022-01-17,8.0,8.0,5.0,11.0,0.0,167.8995926486432,0.0,73.85065303431263
0.25,18,2022-03-05,8.0,8.0,4.0,14.0,0.0,207.49168110507577,0.0,71.13058534352689
0.25,19,2022-01-17,8.0,8.0,2.0,4.0,0.0,63.0628365542871,0.0,96.00600538014501
0.25,19,2022-03-05,8.0,8.0,3.0,4.0,0.0,59.604432491516405,0.0,94.72343284678536
0.25,20,2022-01-17,8.0,7.0,5.0,5.0,0.0,72.1756518226526,0.0,121.09715267801397
0.25,20,2022-03-05,8.0,6.0,5.0,5.0,0.0,65.90690827937489,0.0,98.9710285935837
0.25,21,2022-01-17,8.0,8.0,3.0,5.0,0.0,67.7818582699872,0.0,114.07865366158593
0.25,21,2022-03-05,8.0,8.0,1.0,5.0,0.0,73.5919813053109,0.0,110.08384720003868
0.25,22,2022-01-17,8.0,9.0,7.0,6.0,0.0,96.38163711241259,0.0,164.44321277602683
0.25,22,2022-03-05,8.0,9.0,6.0,9.0,0.0,135.5127109087806,0.0,164.44321277602683
0.25,23,2022-01-17,8.0,8.0,2.0,5.0,0.0,80.768695835926,0.0,121.56309180292911
0.25,23,2022-03-05,8.0,7.0,3.0,5.0,0.0,76.6170171924342,0.0,117.35386146938059
0.25,24,2022-01-17,8.0,10.0,5.0,5.0,0.0,79.4721857673384,0.0,146.49579906430125
0.25,24,2022-03-05,8.0,8.0,4.0,7.0,0.0,111.87332383467371,0.0,122.40469326296729
0.25,25,2022-01-17,8.0,7.0,2.0,6.0,0.0,86.2281494279466,0.0,109.2503543156266
0.25,25,2022-03-05,8.0,5.0,1.0,3.0,0.0,44.7702032774724,0.0,80.69486631142743
0.25,26,2022-01-17,8.0,5.0,1.0,4.0,0.0,60.52076480371011,0.0,60.61583571814395
0.25,26,2022-03-05,8.0,4.0,2.0,2.0,0.0,29.1443356166925,0.0,48.49291028290423
0.25,27,2022-01-17,8.0,8.0,3.0,4.0,0.0,55.8520492376871,0.0,132.517891970919
0.25,27,2022-03-05,8.0,8.0,3.0,8.0,0.0,114.3613183314999,0.0,133.66712088551364
0.25,28,2022-01-17,8.0,9.0,3.0,3.0,0.0,43.7616519898927,0.0,135.2252645586756
0.25,28,2022-03-05,8.0,9.0,3.0,4.0,0.0,61.5522293236906,0.0,132.10808679699863
0.25,29,2022-01-17,8.0,9.0,9.0,2.0,0.0,29.3246256454766,0.0,124.4386148519318
0.25,29,2022-03-05,8.0,9.0,8.0,1.0,0.0,16.3541246052123,0.0,126.49541100270828
0.25,30,2022-01-17,8.0,7.0,4.0,2.0,0.0,34.6738014299642,0.0,82.89040153044792
0.25,30,2022-03-05,8.0,7.0,2.0,2.0,0.0,30.351814604213,0.0,78.61201694578247
0.25,31,2022-01-17,8.0,6.0,4.0,3.0,0.0,42.0709624740551,0.0,80.68677574047572
0.25,31,2022-03-05,8.0,6.0,2.0,3.0,0.0,47.3616185529134,0.0,79.58853455140597
0.25,32,2022-01-17,8.0,4.0,5.0,5.0,0.0,83.5017691440685,0.0,68.99116530322115
0.25,32,2022-03-05,8.0,6.0,5.0,5.0,0.0,83.4042663603291,0.0,83.33154493269038
0.25,33,2022-01-17,8.0,7.0,5.0,3.0,0.0,46.0495212866559,0.0,109.84218320059423
0.25,33,2022-03-05,8.0,7.0,7.0,4.0,0.0,59.0122886349939,0.0,108.68623183380726
0.25,34,2022-01-17,8.0,6.0,5.0,9.0,0.0,133.0949456835798,0.0,73.05931548369256
0.25,34,2022-03-05,8.0,8.0,4.0,11.0,0.0,168.4204990256522,0.0,106.30849438887464
0.25,35,2022-01-17,8.0,8.0,4.0,4.0,0.0,49.8030262006073,0.0,92.7648257809789
0.25,35,2022-03-05,8.0,7.0,4.0,3.0,0.0,38.6736631442701,0.0,86.88506791224972
0.25,36,2022-01-17,8.0,4.0,6.0,4.0,0.0,60.9469503303416,0.0,74.30184723949878
0.25,36,2022-03-05,8.0,6.0,6.0,5.0,0.0,73.9174513706059,0.0,121.4304720731232
0.25,37,2022-01-17,8.0,6.0,1.0,1.0,0.0,14.5824257545294,0.0,113.7618600589472
0.25,37,2022-03-05,8.0,3.0,2.0,6.0,0.0,87.69754101520041,0.0,49.27863640907302
0.25,38,2022-01-17,8.0,5.0,9.0,4.0,0.0,51.35466699453381,0.0,93.68412055085582
0.25,38,2022-03-05,8.0,6.0,7.0,3.0,0.0,45.5061939138311,0.0,97.90487244089698
0.25,39,2022-01-17,8.0,7.0,6.0,2.0,0.0,32.8709921155541,0.0,102.05361251057752
0.25,39,2022-03-05,8.0,5.0,6.0,4.0,0.0,62.7095696919025,0.0,82.5238049447342
0.25,40,2022-01-17,8.0,9.0,2.0,7.0,0.0,111.0400409853563,0.0,120.48959733168405
0.25,40,2022-03-05,8.0,8.0,2.0,10.0,0.0,154.8949458444694,0.0,108.56046000138207
0.25,41,2022-01-17,8.0,4.0,5.0,5.0,0.0,67.7803307947307,0.0,53.25140641482354
0.25,41,2022-03-05,8.0,4.0,6.0,6.0,0.0,86.0184592698,0.0,51.881825176466975
0.25,42,2022-01-17,8.0,5.0,5.0,2.0,0.0,28.908963665812003,0.0,88.9257017662475
0.25,42,2022-03-05,8.0,9.0,3.0,3.0,0.0,49.4469156799639,0.0,124.68092526286657
0.25,43,2022-01-17,8.0,5.0,6.0,3.0,0.0,46.4779512810466,0.0,74.75481587370768
0.25,43,2022-03-05,8.0,6.0,4.0,5.0,0.0,75.3486189644001,0.0,82.24938259625165
0.25,44,2022-01-17,8.0,7.0,2.0,6.0,0.0,92.58323857974261,0.0,86.35767284912836
0.25,44,2022-03-05,8.0,5.0,5.0,2.0,0.0,32.625062284268495,0.0,46.435151842095905
0.25,45,2022-01-17,8.0,7.0,4.0,3.0,0.0,47.754753676388205,0.0,103.2032652567934
0.25,45,2022-03-05,8.0,6.0,2.0,5.0,0.0,83.5498713199852,0.0,90.61347398536812
0.25,46,2022-01-17,8.0,7.0,6.0,9.0,0.0,132.1500650400651,0.0,92.2593411660793
0.25,46,2022-03-05,8.0,6.0,7.0,5.0,0.0,72.6266856681618,0.0,84.95841864238358
0.25,47,2022-01-17,8.0,7.0,4.0,3.0,0.0,42.549770759832704,0.0,109.36495234930658
0.25,47,2022-03-05,8.0,7.0,4.0,4.0,0.0,56.24030489753291,0.0,108.96179265899752
0.25,48,2022-01-17,8.0,6.0,3.0,3.0,0.0,48.8662101617286,0.0,109.22057796858273
0.25,48,2022-03-05,8.0,6.0,5.0,4.0,0.0,62.2320044127289,0.0,105.53622937166618
0.25,49,2022-01-17,8.0,5.0,7.0,4.0,0.0,59.2743128094824,0.0,114.67517080231929
0.25,49,2022-03-05,8.0,8.0,6.0,4.0,0.0,67.08364384295359,0.0,158.16520802924347
0.5,0,2022-01-17,15.0,8.0,8.0,12.0,0.0,175.31770511653178,0.0,94.99161881777405
0.5,0,2022-03-05,15.0,11.0,8.0,12.0,3.0,176.3044557315281,39.3616340808033,121.78764357122932
0.5,1,2022-01-17,15.0,11.0,7.0,21.0,0.0,323.3505991549302,0.0,139.40994262009625
0.5,1,2022-03-05,15.0,11.0,8.0,18.0,0.0,275.7115549924405,0.0,134.0040289165574
0.5,2,2022-01-17,15.0,11.0,5.0,17.0,0.0,269.61000289201047,0.0,159.34588071519548
0.5,2,2022-03-05,15.0,10.0,5.0,16.0,0.0,251.58325807776663,0.0,140.7755618128612
0.5,3,2022-01-17,15.0,11.0,4.0,13.0,0.0,198.77944919457522,0.0,169.1205810588262
0.5,3,2022-03-05,15.0,9.0,5.0,17.0,0.0,253.06885444030618,0.0,153.6133250966014
0.5,4,2022-01-17,15.0,11.0,6.0,21.0,0.0,333.53064821955786,0.0,142.8842801135737
0.5,4,2022-03-05,15.0,8.0,11.0,16.0,1.0,235.82742043775588,13.4206320002747,96.33400478086074
0.5,5,2022-01-17,15.0,10.0,8.0,15.0,0.0,221.33840581609698,0.0,119.39041969718062
0.5,5,2022-03-05,15.0,10.0,6.0,17.0,1.0,255.89747541228147,13.8197522131234,118.12570443674058
0.5,6,2022-01-17,15.0,7.0,6.0,11.0,0.0,144.5916826525594,0.0,78.14878978381286
0.5,6,2022-03-05,15.0,7.0,6.0,9.0,0.0,127.72576793460539,0.0,77.4183851340342
0.5,7,2022-01-17,15.0,12.0,8.0,17.0,1.0,267.3215890800033,12.8498847984186,202.74272004899655
0.5,7,2022-03-05,15.0,11.0,6.0,17.0,0.0,273.29843746621174,0.0,181.70409175165335
0.5,8,2022-01-17,15.0,10.0,12.0,14.0,0.0,208.4412522769386,0.0,210.02020910974815
0.5,8,2022-03-05,15.0,10.0,13.0,14.0,2.0,209.9402956901548,29.1648515090588,198.0075684343448
0.5,9,2022-01-17,15.0,10.0,7.0,13.0,0.0,208.4328891559386,0.0,169.39910426151863
0.5,9,2022-03-05,15.0,9.0,7.0,13.0,0.0,207.76307489468851,0.0,158.5807035401167
0.5,10,2022-01-17,15.0,10.0,9.0,22.0,1.0,322.62458135103805,12.7073268167037,141.64564552291336
0.5,10,2022-03-05,15.0,11.0,7.0,21.0,2.0,314.4277736453079,27.2403842133981,164.89126296444016
0.5,11,2022-01-17,15.0,9.0,6.0,8.0,1.0,114.7465571594753,12.8292169687832,128.40350755057415
0.5,11,2022-03-05,15.0,9.0,5.0,10.0,0.0,157.39578857592818,0.0,128.0933309532043
0.5,12,2022-01-17,15.0,9.0,5.0,9.0,0.0,133.7690389814135,0.0,89.3409073193611
0.5,12,2022-03-05,15.0,12.0,2.0,13.0,2.0,191.8098183595256,30.209348612315402,154.6861029947965
0.5,13,2022-01-17,15.0,11.0,8.0,16.0,0.0,236.74988421649772,0.0,197.34085243059508
0.5,13,2022-03-05,15.0,10.0,8.0,19.0,1.0,282.4306844677333,16.389596399192,176.44747500229633
0.5,14,2022-01-17,15.0,8.0,6.0,8.0,0.0,117.49471447844519,0.0,146.9462632379064
0.5,14,2022-03-05,15.0,7.0,5.0,8.0,0.0,127.2212572729042,0.0,128.60486777628637
0.5,15,2022-01-17,15.0,11.0,10.0,22.0,1.0,313.9088662060704,12.962767348338,136.21880244373028
0.5,15,2022-03-05,15.0,11.0,10.0,24.0,4.0,351.044818077477,59.2299784214088,129.34717521875746
0.5,16,2022-01-17,15.0,11.0,8.0,15.0,0.0,229.72484587955654,0.0,163.49068069930655
0.5,16,2022-03-05,15.0,10.0,6.0,12.0,0.0,182.73272144962323,0.0,146.62495901136407
0.5,17,2022-01-17,15.0,10.0,7.0,9.0,1.0,128.75542191347247,12.8498847984186,178.23385167508576
0.5,17,2022-03-05,15.0,12.0,3.0,13.0,2.0,192.54408724951958,25.8647986876495,199.46882178472868
0.5,18,2022-01-17,15.0,10.0,7.0,18.0,2.0,261.0328470178435,26.7902532533877,111.01385248633659
0.5,18,2022-03-05,15.0,10.0,5.0,23.0,0.0,338.2791629985609,0.0,103.4438743919435
0.5,19,2022-01-17,15.0,10.0,5.0,13.0,0.0,197.4706974989641,0.0,108.20894615263457
0.5,19,2022-03-05,15.0,10.0,5.0,15.0,0.0,222.06254980172457,0.0,107.72427175191864
0.5,20,2022-01-17,15.0,9.0,11.0,10.0,5.0,131.0144638603035,64.74790028688071,144.39120926737002
0.5,20,2022-03-05,15.0,10.0,10.0,12.0,4.0,164.67964585273216,52.7312553339163,157.75973013336466
0.5,21,2022-01-17,15.0,11.0,6.0,17.0,0.0,256.48489278647145,0.0,147.06991528062187
0.5,21,2022-03-05,15.0,11.0,3.0,15.0,0.0,235.78907951137373,0.0,138.02301304180307
0.5,22,2022-01-17,15.0,12.0,11.0,20.0,1.0,293.10056136794714,12.8498847984186,176.16823820053492
0.5,22,2022-03-05,15.0,13.0,6.0,23.0,2.0,361.7399679298106,29.2394811976106,182.7187814318546
0.5,23,2022-01-17,15.0,13.0,2.0,17.0,1.0,259.4297162343517,16.1815682683545,216.7427910924278
0.5,23,2022-03-05,15.0,12.0,1.0,14.0,0.0,210.60887028879688,0.0,200.40239945130523
0.5,24,2022-01-17,15.0,11.0,12.0,15.0,0.0,225.67789240706162,0.0,159.45552469357816
0.5,24,2022-03-05,15.0,9.0,9.0,17.0,0.0,264.0340816104134,0.0,134.5108153195855
0.5,25,2022-01-17,15.0,10.0,5.0,14.0,0.0,216.29986841872136,0.0,159.36478870778438
0.5,25,2022-03-05,15.0,9.0,6.0,12.0,0.0,184.0671161320014,0.0,138.26841679093678
0.5,26,2022-01-17,15.0,6.0,6.0,6.0,0.0,92.0822709015589,0.0,69.70199000175026
0.5,26,2022-03-05,15.0,9.0,3.0,7.0,0.0,107.924017222863,0.0,98.13000861576288
0.5,27,2022-01-17,15.0,11.0,12.0,9.0,2.0,127.3285469210877,26.391133040539003,199.55519345345073
0.5,27,2022-03-05,15.0,9.0,9.0,15.0,1.0,230.25720859505378,13.8197522131234,147.63212598581967
0.5,28,2022-01-17,15.0,12.0,8.0,9.0,0.0,128.7203015523886,0.0,169.64380918049676
0.5,28,2022-03-05,15.0,10.0,8.0,10.0,0.0,148.3008675636571,0.0,146.4207199637466
0.5,29,2022-01-17,15.0,11.0,13.0,9.0,0.0,131.1565411039591,0.0,174.53966208778075
0.5,29,2022-03-05,15.0,9.0,13.0,9.0,2.0,130.64039587399327,27.6395044262468,125.65213196519794
0.5,30,2022-01-17,15.0,13.0,0.0,13.0,0.0,209.0225943558373,0.0,200.46666959481806
0.5,30,2022-03-05,15.0,10.0,5.0,13.0,0.0,201.77071573236208,0.0,105.8781150443699
0.5,31,2022-01-17,15.0,9.0,6.0,12.0,0.0,176.2055753075436,0.0,126.48596183304014
0.5,31,2022-03-05,15.0,8.0,5.0,13.0,0.0,190.45786146114617,0.0,110.93848411755927
0.5,32,2022-01-17,15.0,8.0,6.0,14.0,0.0,215.55922643317984,0.0,126.40603756052796
0.5,32,2022-03-05,15.0,9.0,9.0,11.0,0.0,167.3733407780829,0.0,136.59469414140042
0.5,33,2022-01-17,15.0,8.0,12.0,9.0,0.0,137.8184436174585,0.0,129.1974572659663
0.5,33,2022-03-05,15.0,10.0,9.0,11.0,0.0,166.46635065914091,0.0,166.21345756548567
0.5,34,2022-01-17,15.0,11.0,10.0,14.0,0.0,215.0833808252517,0.0,148.51313115419794
0.5,34,2022-03-05,15.0,8.0,13.0,14.0,0.0,208.13414320186118,0.0,97.77626929694043
0.5,35,2022-01-17,15.0,9.0,3.0,11.0,0.0,152.8611016718997,0.0,112.71090539017271
0.5,35,2022-03-05,15.0,9.0,4.0,11.0,0.0,161.6418222958465,0.0,107.69702432409323
0.5,36,2022-01-17,15.0,8.0,7.0,8.0,0.0,118.00741740347141,0.0,142.73546200086798
0.5,36,2022-03-05,15.0,8.0,5.0,7.0,0.0,105.72488729974032,0.0,140.51328215842557
0.5,37,2022-01-17,15.0,10.0,2.0,10.0,0.0,147.7899708880428,0.0,160.19995115608353
0.5,37,2022-03-05,15.0,7.0,2.0,11.0,0.0,168.9600532758196,0.0,111.36731859376606
0.5,38,2022-01-17,15.0,8.0,12.0,10.0,0.0,141.8307766006857,0.0,152.52373736716726
0.5,38,2022-03-05,15.0,8.0,12.0,8.0,0.0,115.8630693965651,0.0,145.62889677826468
0.5,39,2022-01-17,15.0,9.0,6.0,6.0,1.0,99.0975862127938,13.8197522131234,144.27057574445513
0.5,39,2022-03-05,15.0,9.0,5.0,10.0,0.0,152.10398252015386,0.0,147.9588848108317
0.5,40,2022-01-17,15.0,11.0,8.0,17.0,0.0,257.7189321374647,0.0,153.7988633504698
0.5,40,2022-03-05,15.0,10.0,6.0,13.0,0.0,206.2348557815805,0.0,133.4061171075499
0.5,41,2022-01-17,15.0,8.0,8.0,12.0,1.0,167.9980844215255,12.8498847984186,107.34440933398398
0.5,41,2022-03-05,15.0,9.0,8.0,10.0,0.0,149.8007066377933,0.0,119.15385726351138
0.5,42,2022-01-17,15.0,11.0,8.0,12.0,0.0,187.87558917729578,0.0,163.3965472344035
0.5,42,2022-03-05,15.0,11.0,7.0,16.0,4.0,249.4888191252835,53.5383417242889,159.74686220952225
0.5,43,2022-01-17,15.0,9.0,6.0,15.0,0.0,223.1016075785254,0.0,138.08153113418234
0.5,43,2022-03-05,15.0,8.0,7.0,17.0,0.0,257.11534159610363,0.0,118.51838026031419
0.5,44,2022-01-17,15.0,8.0,8.0,10.0,0.0,145.39946273647192,0.0,99.72259235293568
0.5,44,2022-03-05,15.0,8.0,6.0,9.0,0.0,131.3529929166283,0.0,90.14988954840427
0.5,45,2022-01-17,15.0,8.0,7.0,13.0,0.0,192.48217613911743,0.0,112.5426279105132
0.5,45,2022-03-05,15.0,8.0,7.0,11.0,0.0,169.99149927014048,0.0,113.29291574156352
0.5,46,2022-01-17,15.0,13.0,8.0,20.0,2.0,307.33016143495956,26.1279588169784,245.58480655712137
0.5,46,2022-03-05,15.0,13.0,5.0,17.0,1.0,274.4715368227027,12.9705010402643,240.84306335256397
0.5,47,2022-01-17,15.0,11.0,5.0,12.0,0.0,178.95006747854808,0.0,154.14133701716992
0.5,47,2022-03-05,15.0,9.0,4.0,10.0,0.0,142.8650830848425,0.0,146.44899878336508
0.5,48,2022-01-17,15.0,11.0,5.0,12.0,0.0,177.7698510103619,0.0,222.71999103000752
0.5,48,2022-03-05,15.0,10.0,6.0,9.0,0.0,136.81694869130376,0.0,217.10512008502783
0.5,49,2022-01-17,15.0,12.0,16.0,11.0,0.0,164.75926914883883,0.0,176.3504783022284
0.5,49,2022-03-05,15.0,9.0,15.0,11.0,0.0,161.46265713905018,0.0,150.48147479495242
0.75,0,2022-01-17,22.0,11.0,15.0,24.0,1.0,334.7260317812029,12.9705010402643,128.0157736132909
0.75,0,2022-03-05,22.0,13.0,6.0,25.0,9.0,379.82715953763204,117.88148470949,182.7419813878855
0.75,1,2022-01-17,22.0,12.0,11.0,23.0,1.0,348.7976950144417,12.7073268167037,162.17531403248455
0.75,1,2022-03-05,22.0,12.0,10.0,29.0,1.0,435.52549334241223,12.7073268167037,167.35552794064165
0.75,2,2022-01-17,22.0,12.0,13.0,22.0,4.0,340.9938682725535,55.2263099360472,155.16323484265303
0.75,2,2022-03-05,22.0,12.0,4.0,27.0,1.0,426.47932595223995,16.1815682683545,186.52332625339665
0.75,3,2022-01-17,22.0,12.0,5.0,27.0,1.0,400.52763671973287,13.0149138892309,186.65212360446586
0.75,3,2022-03-05,22.0,12.0,6.0,24.0,3.0,357.9980580299238,38.9559159697595,177.11068982611434
0.75,4,2022-01-17,22.0,11.0,15.0,29.0,1.0,428.7440526700435,12.962767348338,143.6805102114675
0.75,4,2022-03-05,22.0,11.0,15.0,27.0,8.0,392.6604984315877,105.0826106582331,138.87847675266715
0.75,5,2022-01-17,22.0,13.0,10.0,25.0,4.0,375.1292782944728,51.76138791921151,162.54580905524173
0.75,5,2022-03-05,22.0,12.0,9.0,26.0,5.0,391.5437213593927,68.9256058027108,134.75324462757123
0.75,6,2022-01-17,22.0,10.0,12.0,19.0,2.0,256.8077323662858,25.2361830450185,131.2958723285608
0.75,6,2022-03-05,22.0,7.0,10.0,11.0,0.0,151.41887995400478,0.0,77.4905673573139
0.75,7,2022-01-17,22.0,14.0,10.0,24.0,1.0,370.79509833804565,12.8498847984186,240.73542089700982
0.75,7,2022-03-05,22.0,14.0,11.0,26.0,1.0,396.5001343276314,12.8498847984186,235.44639730921284
0.75,8,2022-01-17,22.0,13.0,9.0,24.0,0.0,372.4271886130362,0.0,250.31619395965143
0.75,8,2022-03-05,22.0,14.0,9.0,22.0,4.0,342.14803431492174,55.555984549597795,254.2769004893952
0.75,9,2022-01-17,22.0,13.0,7.0,22.0,0.0,337.9568421551794,0.0,191.03857885412157
0.75,9,2022-03-05,22.0,11.0,6.0,21.0,2.0,324.0151922341165,30.209348612315402,172.16118916868396
0.75,10,2022-01-17,22.0,12.0,9.0,31.0,4.0,469.56479231564276,52.776927998885,169.30040185855046
0.75,10,2022-03-05,22.0,13.0,10.0,29.0,5.0,425.7202052849272,66.3388440706408,182.77567910100615
0.75,11,2022-01-17,22.0,10.0,9.0,18.0,1.0,253.9766082543511,12.8292169687832,144.48291028209138
0.75,11,2022-03-05,22.0,10.0,9.0,16.0,0.0,235.73064628053191,0.0,145.54743703510215
0.75,12,2022-01-17,22.0,15.0,6.0,20.0,5.0,305.30222518429923,79.677965257899,204.70579710137045
0.75,12,2022-03-05,22.0,13.0,5.0,22.0,7.0,335.4163794875563,111.2279413420159,165.15410399022127
0.75,13,2022-01-17,22.0,14.0,8.0,30.0,2.0,456.64190920928223,29.35236374753,243.93927740216088
0.75,13,2022-03-05,22.0,14.0,5.0,33.0,8.0,495.02315071329787,115.76748790092981,234.21549511256006
0.75,14,2022-01-17,22.0,11.0,10.0,18.0,1.0,270.92583900339406,12.8292169687832,223.14714547453218
0.75,14,2022-03-05,22.0,10.0,11.0,12.0,0.0,172.08180694270345,0.0,200.38050589691676
0.75,15,2022-01-17,22.0,14.0,15.0,35.0,13.0,511.5434450959044,171.17333985739683,182.3162987409997
0.75,15,2022-03-05,22.0,13.0,10.0,39.0,11.0,575.1449020631443,144.03562490275618,162.11452565726148
0.75,16,2022-01-17,22.0,13.0,8.0,22.0,2.0,332.64999413401534,25.8647986876495,190.35827072308695
0.75,16,2022-03-05,22.0,14.0,8.0,21.0,4.0,319.39693556546564,58.8738970099021,200.7881056923649
0.75,17,2022-01-17,22.0,12.0,9.0,21.0,2.0,303.20370528834525,25.8647986876495,198.30150512148975
0.75,17,2022-03-05,22.0,12.0,7.0,21.0,3.0,309.13823817808213,38.8797125768804,194.42428868200966
0.75,18,2022-01-17,22.0,13.0,8.0,33.0,12.0,479.39458331262034,155.74218220109628,170.89933048700766
0.75,18,2022-03-05,22.0,11.0,5.0,40.0,2.0,601.7005981803189,28.9594652606779,128.42857978289283
0.75,19,2022-01-17,22.0,11.0,10.0,20.0,5.0,290.3244895776473,66.2473109303193,131.12168966625313
0.75,19,2022-03-05,22.0,11.0,6.0,26.0,4.0,379.80137430899987,54.0816482139475,132.59723914413118
0.75,20,2022-01-17,22.0,13.0,9.0,23.0,9.0,326.8614411176076,116.5537010550588,235.1958913481163
0.75,20,2022-03-05,22.0,13.0,8.0,23.0,8.0,337.34036534438764,104.65767234394009,207.31458488959623
0.75,21,2022-01-17,22.0,13.0,7.0,25.0,1.0,387.7804335908915,12.7073268167037,162.6009555462088
0.75,21,2022-03-05,22.0,13.0,4.0,25.0,5.0,385.5200121016322,82.3859156506661,181.28997854332079
0.75,22,2022-01-17,22.0,14.0,6.0,37.0,5.0,566.417355335904,74.6605306635757,200.67616548717953
0.75,22,2022-03-05,22.0,14.0,9.0,31.0,2.0,467.50351543179625,25.6997695968372,184.99385542313664
0.75,23,2022-01-17,22.0,13.0,4.0,28.0,1.0,419.51566258369184,16.1815682683545,218.90942527622047
0.75,23,2022-03-05,22.0,13.0,3.0,25.0,4.0,374.57954836257136,65.23412865226311,212.11253837142675
0.75,24,2022-01-17,22.0,11.0,12.0,29.0,0.0,447.5020909611895,0.0,158.1169152292216
0.75,24,2022-03-05,22.0,10.0,11.0,23.0,0.0,350.58102077615166,0.0,138.00464701169332
0.75,25,2022-01-17,22.0,12.0,15.0,16.0,3.0,233.7747805373588,38.9925951267998,200.65088540583508
0.75,25,2022-03-05,22.0,10.0,11.0,21.0,0.0,313.11111214281294,0.0,156.22173312288464
0.75,26,2022-01-17,22.0,11.0,8.0,13.0,0.0,192.85046759442724,0.0,138.5289454271068
0.75,26,2022-03-05,22.0,11.0,6.0,19.0,1.0,282.232926596634,15.1397130475545,128.4255128040665
0.75,27,2022-01-17,22.0,13.0,14.0,22.0,9.0,336.0826412907314,118.23505627964089,251.20942822615277
0.75,27,2022-03-05,22.0,12.0,13.0,29.0,10.0,442.085998391589,134.4524079741106,219.64170695527957
0.75,28,2022-01-17,22.0,13.0,11.0,16.0,2.0,229.0308612152658,25.9854149294952,184.7800614994684
0.75,28,2022-03-05,22.0,11.0,10.0,17.0,3.0,245.90231287383716,44.3045645566133,160.0336489637365
0.75,29,2022-01-17,22.0,11.0,15.0,15.0,0.0,220.8998639740665,0.0,174.53966208778075
0.75,29,2022-03-05,22.0,10.0,15.0,20.0,3.0,300.6082038893983,41.459256639370196,146.94970407019946
0.75,30,2022-01-17,22.0,14.0,5.0,23.0,4.0,353.8601588930691,59.5066762290131,199.6230433138844
0.75,30,2022-03-05,22.0,15.0,3.0,24.0,6.0,382.3230733956523,82.8702566465046,179.85350421204782
0.75,31,2022-01-17,22.0,12.0,10.0,19.0,3.0,280.08586193419325,38.9037694288666,165.76204018210836
0.75,31,2022-03-05,22.0,9.0,10.0,21.0,1.0,308.0163446102645,13.8197522131234,122.37861682915425
0.75,32,2022-01-17,22.0,11.0,10.0,15.0,0.0,233.08034961576578,0.0,157.24964585723973
0.75,32,2022-03-05,22.0,11.0,11.0,14.0,1.0,220.24850849185208,13.4206320002747,158.40769848192468
0.75,33,2022-01-17,22.0,11.0,13.0,17.0,0.0,268.25080784561027,0.0,174.19733379808665
0.75,33,2022-03-05,22.0,11.0,10.0,19.0,0.0,289.39893693146047,0.0,179.14755379069084
0.75,34,2022-01-17,22.0,12.0,14.0,21.0,1.0,330.7180473281671,12.8498847984186,154.11081630959734
0.75,34,2022-03-05,22.0,12.0,14.0,26.0,0.0,393.5160338891747,0.0,149.90572300946525
0.75,35,2022-01-17,22.0,10.0,12.0,12.0,0.0,154.620137859937,0.0,138.86238623274824
0.75,35,2022-03-05,22.0,11.0,7.0,19.0,0.0,276.1677759451169,0.0,142.22695772298246
0.75,36,2022-01-17,22.0,12.0,7.0,13.0,0.0,193.7617388334065,0.0,204.35562659881643
0.75,36,2022-03-05,22.0,9.0,8.0,13.0,0.0,196.2182536768682,0.0,145.90822531271766
0.75,37,2022-01-17,22.0,12.0,2.0,21.0,2.0,333.62188777659816,33.0573192807719,202.52915898660373
0.75,37,2022-03-05,22.0,10.0,4.0,17.0,1.0,266.3294005943377,16.6677228815799,154.28293832301495
0.75,38,2022-01-17,22.0,9.0,13.0,15.0,0.0,221.90121027685183,0.0,181.27925333135403
0.75,38,2022-03-05,22.0,11.0,10.0,20.0,2.0,298.2981176512983,26.834666102354298,197.76268387415573
0.75,39,2022-01-17,22.0,11.0,9.0,14.0,3.0,212.43691154661093,41.060136426521495,178.8078346127451
0.75,39,2022-03-05,22.0,10.0,9.0,12.0,1.0,179.0007539613942,13.8197522131234,157.00563470119025
0.75,40,2022-01-17,22.0,13.0,12.0,29.0,2.0,431.7498481040742,25.111747072514298,224.56612067786932
0.75,40,2022-03-05,22.0,11.0,14.0,19.0,1.0,285.66780289733555,12.9705010402643,147.64694675423937
0.75,41,2022-01-17,22.0,12.0,10.0,24.0,7.0,355.7423120236247,88.7848087677597,156.4808505752407
0.75,41,2022-03-05,22.0,12.0,9.0,20.0,8.0,294.7309827356056,103.9729067984334,150.78771590788483
0.75,42,2022-01-17,22.0,13.0,9.0,24.0,5.0,372.3558954718178,71.7795216171101,211.86256447402914
0.75,42,2022-03-05,22.0,12.0,6.0,28.0,5.0,439.23308758668855,66.9589737245636,191.26688975279865
0.75,43,2022-01-17,22.0,10.0,11.0,25.0,0.0,377.6066902329649,0.0,152.2814242899827
0.75,43,2022-03-05,22.0,9.0,11.0,26.0,0.0,378.411532661309,0.0,138.54996315623475
0.75,44,2022-01-17,22.0,10.0,12.0,16.0,0.0,236.07628393098258,0.0,118.28938096291125
0.75,44,2022-03-05,22.0,9.0,12.0,17.0,0.0,243.69192766215346,0.0,104.00400806831118
0.75,45,2022-01-17,22.0,11.0,7.0,25.0,0.0,388.0021933826846,0.0,188.70557652449676
0.75,45,2022-03-05,22.0,11.0,7.0,24.0,3.0,372.97924335713003,43.5751428633157,167.53403699545495
0.75,46,2022-01-17,22.0,15.0,6.0,41.0,8.0,640.0899447141353,111.2035939773753,276.62154805631377
0.75,46,2022-03-05,22.0,14.0,8.0,36.0,9.0,555.546512223347,124.3808883494645,262.4382892193279
0.75,47,2022-01-17,22.0,13.0,6.0,21.0,1.0,323.60204993854177,12.7073268167037,179.64817763705776
0.75,47,2022-03-05,22.0,12.0,6.0,16.0,0.0,244.10723674750957,0.0,163.641053362226
0.75,48,2022-01-17,22.0,13.0,12.0,20.0,3.0,288.74528776960545,37.9547817715436,259.7200239166443
0.75,48,2022-03-05,22.0,14.0,4.0,20.0,3.0,309.53029954382225,42.33059847972061,260.38953646843083
0.75,49,2022-01-17,22.0,13.0,19.0,19.0,2.0,285.1072765802186,25.9854149294952,192.13690964267496
0.75,49,2022-03-05,22.0,13.0,15.0,23.0,4.0,357.8923545234108,54.9448801901731,189.14244577182882
2.0,0,2022-01-17,60.0,17.0,27.0,86.0,53.0,1284.5294493868478,749.9887291640093,243.0065311537151
2.0,0,2022-03-05,60.0,15.0,29.0,90.0,57.0,1316.5625466678382,796.7373147276572,205.66004599639456
2.0,1,2022-01-17,60.0,16.0,23.0,83.0,59.0,1200.1406781126452,830.6532180765737,227.9061028990406
2.0,1,2022-03-05,60.0,16.0,21.0,88.0,66.0,1287.4356475870222,958.0943156543341,222.99590198516017
2.0,2,2022-01-17,60.0,18.0,12.0,89.0,51.0,1356.194981097911,747.5262161520001,276.69865239597846
2.0,2,2022-03-05,60.0,16.0,22.0,90.0,66.0,1320.003748607636,939.8532158019977,225.470403850686
2.0,3,2022-01-17,60.0,17.0,15.0,87.0,59.0,1308.2915247624796,828.9671166234062,260.60263578235447
2.0,3,2022-03-05,60.0,16.0,15.0,86.0,50.0,1282.412132967847,728.5313298446392,226.68871030648558
2.0,4,2022-01-17,60.0,17.0,28.0,93.0,50.0,1391.9450093191501,675.4702606392675,244.20497282937654
2.0,4,2022-03-05,60.0,18.0,28.0,98.0,67.0,1469.0760478159686,978.5489669158678,245.835855400149
2.0,5,2022-01-17,60.0,16.0,20.0,82.0,57.0,1204.7735770998613,828.7153012394025,211.91357039286612
2.0,5,2022-03-05,60.0,15.0,24.0,87.0,52.0,1260.6240866686433,738.2338268099727,185.65024913284694
2.0,6,2022-01-17,60.0,16.0,19.0,76.0,30.0,1140.268151203364,405.92420149417524,228.7737397460373
2.0,6,2022-03-05,60.0,15.0,28.0,76.0,44.0,1099.1308646943817,616.1753586606244,223.13785655393576
2.0,7,2022-01-17,60.0,17.0,29.0,69.0,48.0,1013.7617164292092,695.9706126459035,248.92544269045442
2.0,7,2022-03-05,60.0,16.0,29.0,74.0,59.0,1092.2464842389488,867.6246628118347,229.9502468872229
2.0,8,2022-01-17,60.0,15.0,12.0,79.0,24.0,1212.082896408427,367.64400043336553,298.4784699625699
2.0,8,2022-03-05,60.0,17.0,7.0,84.0,46.0,1295.3002368538055,690.2653505443005,338.7744753788239
2.0,9,2022-01-17,60.0,17.0,9.0,67.0,25.0,1030.7202187902817,354.84794589976065,266.2965633173997
2.0,9,2022-03-05,60.0,16.0,7.0,80.0,41.0,1238.429420488305,617.1918411827249,233.08488309274435
2.0,10,2022-01-17,60.0,15.0,28.0,92.0,63.0,1348.442717479292,870.7126062843656,227.12757528012597
2.0,10,2022-03-05,60.0,15.0,22.0,95.0,58.0,1404.207160871904,812.854334090768,214.08775943197753
2.0,11,2022-01-17,60.0,15.0,14.0,81.0,54.0,1199.4794163094925,748.2981604876722,239.48517734143232
2.0,11,2022-03-05,60.0,14.0,14.0,68.0,28.0,999.0446133995921,399.749990564623,211.46691104891104
2.0,12,2022-01-17,60.0,17.0,22.0,79.0,49.0,1152.148985863397,685.7555349518551,253.77850268998736
2.0,12,2022-03-05,60.0,17.0,13.0,78.0,52.0,1160.4016219874322,781.8312598800619,248.73145002783394
2.0,13,2022-01-17,60.0,17.0,28.0,94.0,51.0,1376.817880509033,730.013967492302,278.10258628127787
2.0,13,2022-03-05,60.0,16.0,19.0,93.0,57.0,1397.3655399263107,822.0176966387608,248.88868775630752
2.0,14,2022-01-17,60.0,16.0,20.0,76.0,21.0,1151.2941354882146,281.0999568586633,358.6001350999641
2.0,14,2022-03-05,60.0,19.0,14.0,90.0,51.0,1380.1944805351593,733.1462774319748,419.50370166576903
2.0,15,2022-01-17,60.0,16.0,22.0,102.0,58.0,1507.6796702274164,834.6007674115477,213.34596531805036
2.0,15,2022-03-05,60.0,16.0,21.0,98.0,77.0,1439.3764151711848,1122.9582778483518,204.26975863682998
2.0,16,2022-01-17,60.0,16.0,19.0,90.0,54.0,1341.2286078308487,753.8852056705573,225.96921024304635
2.0,16,2022-03-05,60.0,16.0,22.0,87.0,59.0,1311.1706909921013,896.9224898620906,212.91181605442173
2.0,17,2022-01-17,60.0,16.0,16.0,82.0,45.0,1208.6170778988123,605.7544037670484,235.84097053043538
2.0,17,2022-03-05,60.0,16.0,11.0,82.0,45.0,1225.9368979377944,662.8071285349956,232.97278557119668
2.0,18,2022-01-17,60.0,17.0,12.0,86.0,54.0,1280.506607302545,753.1941776650275,273.56806873724554
2.0,18,2022-03-05,60.0,17.0,11.0,91.0,72.0,1342.0500211652243,1045.8433746694882,266.3513176294408
2.0,19,2022-01-17,60.0,17.0,14.0,91.0,55.0,1365.9376199281808,792.5513493802248,250.53650026368862
2.0,19,2022-03-05,60.0,17.0,11.0,90.0,54.0,1361.655283175623,781.5393237678695,243.98875786063255
2.0,20,2022-01-17,60.0,17.0,15.0,97.0,70.0,1460.1985606550097,1000.1632010625598,292.3691018630328
2.0,20,2022-03-05,60.0,16.0,17.0,86.0,71.0,1275.328953491923,1046.1717879739463,258.6174198501117
2.0,21,2022-01-17,60.0,17.0,24.0,70.0,39.0,1063.2366059279225,574.7223050893824,221.79503996858023
2.0,21,2022-03-05,60.0,17.0,15.0,76.0,37.0,1159.61733125246,541.2930027770572,215.2949702495447
2.0,22,2022-01-17,60.0,16.0,24.0,84.0,53.0,1247.0080942385723,758.0681833721359,235.14801931395868
2.0,22,2022-03-05,60.0,16.0,24.0,82.0,45.0,1228.183231523312,636.874112467857,209.06322467847536
2.0,23,2022-01-17,60.0,15.0,31.0,85.0,49.0,1243.6036337233156,676.9067583430449,239.94203904866623
2.0,23,2022-03-05,60.0,16.0,23.0,88.0,50.0,1318.262678204214,746.9581487183596,242.295697464505
2.0,24,2022-01-17,60.0,17.0,12.0,88.0,43.0,1331.0505849836636,624.6004317541452,252.24989067821258
2.0,24,2022-03-05,60.0,17.0,6.0,84.0,47.0,1281.7916724629356,699.8070435846757,246.47026371889746
2.0,25,2022-01-17,60.0,15.0,25.0,70.0,35.0,1016.9731668385774,474.361694975148,260.74962324764317
2.0,25,2022-03-05,60.0,16.0,20.0,73.0,39.0,1090.8583827941065,565.0232188384522,275.09398331860933
2.0,26,2022-01-17,60.0,15.0,23.0,74.0,38.0,1095.3578829998892,534.6896456091663,285.842187086348
2.0,26,2022-03-05,60.0,15.0,21.0,70.0,35.0,1043.92055803275,491.2057618388194,213.56029050499035
2.0,27,2022-01-17,60.0,15.0,23.0,93.0,61.0,1392.6978174333033,828.2485400109334,284.19262031635844
2.0,27,2022-03-05,60.0,16.0,18.0,94.0,71.0,1407.741031349636,995.7809076232688,283.44352711898296
2.0,28,2022-01-17,60.0,16.0,21.0,93.0,56.0,1359.2988240658758,766.358209329115,228.24500127306158
2.0,28,2022-03-05,60.0,16.0,19.0,81.0,54.0,1199.199689364626,780.4676321744082,217.51740289073297
2.0,29,2022-01-17,60.0,17.0,18.0,89.0,46.0,1347.6002442905472,647.3722102828309,269.90180025934757
2.0,29,2022-03-05,60.0,16.0,22.0,87.0,60.0,1303.2587867819855,853.363789385091,235.39037165710516
2.0,30,2022-01-17,60.0,16.0,16.0,86.0,62.0,1264.4646205192057,888.5311553310179,242.8897980928831
2.0,30,2022-03-05,60.0,16.0,15.0,81.0,40.0,1215.7658227327975,584.1049538887672,224.36621239388927
2.0,31,2022-01-17,60.0,15.0,31.0,74.0,47.0,1063.3089127211017,636.504055684532,219.63564968372106
2.0,31,2022-03-05,60.0,15.0,17.0,85.0,42.0,1260.4803322608668,603.250973462702,222.3053773959635
2.0,32,2022-01-17,60.0,16.0,14.0,77.0,38.0,1169.2916773746379,520.2402411410105,249.0483517990289
2.0,32,2022-03-05,60.0,16.0,14.0,74.0,45.0,1119.5453826573917,634.6352117142072,239.66761054345002
2.0,33,2022-01-17,60.0,18.0,28.0,64.0,44.0,975.05721789319,652.0832223539204,254.58178153197215
2.0,33,2022-03-05,60.0,16.0,24.0,78.0,59.0,1165.3145704541564,887.8094389414186,224.35322744664592
2.0,34,2022-01-17,60.0,15.0,23.0,84.0,28.0,1243.544656436795,391.88670820742055,195.53106479313865
2.0,34,2022-03-05,60.0,16.0,20.0,80.0,44.0,1209.6125846922498,677.3570198838312,223.89699883429694
2.0,35,2022-01-17,60.0,18.0,18.0,77.0,64.0,1126.965798347158,921.5054864212378,304.6844130138694
2.0,35,2022-03-05,60.0,18.0,12.0,82.0,56.0,1247.531028309371,834.9257488165342,296.8529004886589
2.0,36,2022-01-17,60.0,17.0,15.0,84.0,42.0,1248.5599181667062,566.6121266583181,301.06060426580285
2.0,36,2022-03-05,60.0,18.0,9.0,81.0,53.0,1212.2329630634513,748.0930542125006,315.3300848650918
2.0,37,2022-01-17,60.0,17.0,19.0,76.0,40.0,1140.8183975681336,582.4941995332152,258.80695021560285
2.0,37,2022-03-05,60.0,17.0,13.0,78.0,42.0,1166.210445042606,635.9857100810515,256.14773317337773
2.0,38,2022-01-17,60.0,13.0,33.0,61.0,20.0,893.5473064819042,282.0854638377645,246.8722245517252
2.0,38,2022-03-05,60.0,15.0,20.0,80.0,53.0,1200.500139108043,773.0218450616281,262.15106372059444
2.0,39,2022-01-17,60.0,15.0,9.0,74.0,42.0,1120.8142525928274,579.9148782836876,245.78840879937712
2.0,39,2022-03-05,60.0,14.0,16.0,74.0,37.0,1116.9578098458062,548.0106843474031,225.5478643726283
2.0,40,2022-01-17,60.0,17.0,23.0,80.0,40.0,1209.831630482709,554.8234153708767,265.0872718549418
2.0,40,2022-03-05,60.0,17.0,20.0,77.0,50.0,1167.7947496699733,723.3808019138203,258.06441069490955
2.0,41,2022-01-17,60.0,16.0,20.0,91.0,60.0,1341.9690929094536,841.2901706694134,225.15315089472702
2.0,41,2022-03-05,60.0,16.0,19.0,93.0,58.0,1374.632352733429,825.6902590926318,214.61767709581284
2.0,42,2022-01-17,60.0,17.0,17.0,92.0,60.0,1381.2905873739444,863.2915214691885,272.4883807275274
2.0,42,2022-03-05,60.0,17.0,15.0,89.0,69.0,1342.0702965099113,1028.5280217545342,266.3176263799141
2.0,43,2022-01-17,60.0,17.0,11.0,95.0,56.0,1460.068703185794,824.1830795227553,255.81135277485572
2.0,43,2022-03-05,60.0,16.0,18.0,84.0,57.0,1277.5483118965144,821.2234800125325,223.77973445306444
2.0,44,2022-01-17,60.0,16.0,25.0,63.0,33.0,887.7455330273117,430.3432696763845,250.09353330703223
2.0,44,2022-03-05,60.0,15.0,21.0,60.0,26.0,876.7754093754581,347.41317708615645,192.08982219298758
2.0,45,2022-01-17,60.0,17.0,23.0,94.0,50.0,1395.1526108484436,713.1453799592898,279.260802504796
2.0,45,2022-03-05,60.0,16.0,21.0,95.0,74.0,1401.766276865977,1089.4831268284324,237.31919007318268
2.0,46,2022-01-17,60.0,17.0,21.0,106.0,86.0,1580.9063984767142,1239.311088860514,319.8601110591547
2.0,46,2022-03-05,60.0,16.0,14.0,121.0,90.0,1817.155871505325,1320.3016872043834,292.97192858015484
2.0,47,2022-01-17,60.0,17.0,14.0,81.0,55.0,1230.6816635977011,832.9820095422133,239.2561164718697
2.0,47,2022-03-05,60.0,17.0,14.0,77.0,59.0,1174.8686656973616,893.1138206817129,227.96935227856636
2.0,48,2022-01-17,60.0,19.0,20.0,84.0,49.0,1270.0129784764704,689.6686045620588,357.8969071633328
2.0,48,2022-03-05,60.0,18.0,17.0,86.0,61.0,1307.2945632386782,896.8333947822806,334.2023371271526
2.0,49,2022-01-17,60.0,16.0,16.0,96.0,53.0,1497.92721068871,795.7707282427797,237.76353090155237
2.0,49,2022-03-05,60.0,16.0,16.0,100.0,56.0,1560.755001923075,840.1063393139933,232.10797148290717
2.5,0,2022-01-17,75.0,17.0,28.0,116.0,82.0,1738.8635434341008,1171.981619190349,243.95621849395044
2.5,0,2022-03-05,75.0,16.0,35.0,115.0,87.0,1681.6841856555418,1264.2879229016314,218.26681549770086
2.5,1,2022-01-17,75.0,16.0,34.0,98.0,80.0,1396.1457930586566,1127.5049369414303,225.60443032143797
2.5,1,2022-03-05,75.0,16.0,30.0,106.0,84.0,1522.0302690990218,1204.1349692799258,222.52918332163603
2.5,2,2022-01-17,75.0,18.0,23.0,121.0,97.0,1794.3319780599672,1399.1446224280692,281.7705172508427
2.5,2,2022-03-05,75.0,18.0,26.0,111.0,92.0,1633.4615131062774,1330.0009373650762,273.98977585041735
2.5,3,2022-01-17,75.0,17.0,20.0,104.0,72.0,1543.0004594587772,1006.5575601954522,262.9120176138014
2.5,3,2022-03-05,75.0,16.0,21.0,118.0,73.0,1757.8741723399555,1030.5110289559998,231.94317478702516
2.5,4,2022-01-17,75.0,18.0,31.0,112.0,65.0,1661.731062031623,906.5116753437474,266.71148034147427
2.5,4,2022-03-05,75.0,18.0,27.0,120.0,82.0,1809.325533335626,1195.7259939844625,248.8154002831318
2.5,5,2022-01-17,75.0,16.0,29.0,116.0,87.0,1678.6770858068157,1230.7629886819104,210.22517176723676
2.5,5,2022-03-05,75.0,15.0,25.0,109.0,72.0,1609.1431406862948,1036.6872658893635,185.94666914820905
2.5,6,2022-01-17,75.0,16.0,22.0,94.0,49.0,1421.104852952326,679.2837233547309,231.95781626209373
2.5,6,2022-03-05,75.0,17.0,25.0,102.0,67.0,1508.9549114525662,946.486014483289,233.85099572671015
2.5,7,2022-01-17,75.0,18.0,30.0,94.0,59.0,1392.2054565324122,842.540532542744,295.91355799180724
2.5,7,2022-03-05,75.0,16.0,36.0,104.0,88.0,1521.3631480749277,1286.9584236586052,229.560159375657
2.5,8,2022-01-17,75.0,17.0,18.0,108.0,87.0,1610.6226413951715,1281.1051052994792,355.40164733738663
2.5,8,2022-03-05,75.0,17.0,13.0,111.0,68.0,1673.7709477642602,1002.7690474934282,340.6411092653202
2.5,9,2022-01-17,75.0,18.0,13.0,99.0,63.0,1511.4896936353648,937.0098465470605,293.46562059355944
2.5,9,2022-03-05,75.0,18.0,6.0,107.0,81.0,1659.2825599214693,1244.304993548137,273.0030638522873
2.5,10,2022-01-17,75.0,15.0,33.0,115.0,79.0,1695.2381342637802,1107.001059188024,224.88540569941108
2.5,10,2022-03-05,75.0,15.0,27.0,115.0,74.0,1705.5532902336674,1049.3641596749367,213.38340891962736
2.5,11,2022-01-17,75.0,15.0,27.0,103.0,63.0,1513.5861897886132,869.7634714736167,237.94218000041303
2.5,11,2022-03-05,75.0,15.0,18.0,95.0,55.0,1417.94658895056,821.5705710468849,222.9039267441836
2.5,12,2022-01-17,75.0,17.0,27.0,98.0,64.0,1438.1761580097289,902.0346633539191,253.72840198734667
2.5,12,2022-03-05,75.0,17.0,21.0,106.0,80.0,1568.4964637853172,1185.7118790523875,244.22749417347598
2.5,13,2022-01-17,75.0,17.0,30.0,120.0,72.0,1767.2229196848727,1048.3290467477896,286.67703816390235
2.5,13,2022-03-05,75.0,17.0,21.0,122.0,92.0,1839.8679868889544,1357.0258504412589,266.4157021937053
2.5,14,2022-01-17,75.0,18.0,23.0,102.0,54.0,1538.1441236393935,742.1807843489703,397.7305681502236
2.5,14,2022-03-05,75.0,19.0,18.0,114.0,76.0,1733.6441206906275,1089.9733795384413,414.04680032988244
2.5,15,2022-01-17,75.0,16.0,33.0,124.0,89.0,1837.4643216856098,1260.415638818834,215.69274387406242
2.5,15,2022-03-05,75.0,16.0,32.0,122.0,101.0,1793.4642085148078,1472.2079929446052,203.89589713968633
2.5,16,2022-01-17,75.0,17.0,20.0,116.0,72.0,1748.3252188920876,1040.2658981785396,255.06209363089445
2.5,16,2022-03-05,75.0,16.0,26.0,114.0,89.0,1700.7746702524494,1320.2751527102191,211.390482860659
2.5,17,2022-01-17,75.0,17.0,17.0,112.0,67.0,1669.8975547822622,932.5652616347201,249.1572142961848
2.5,17,2022-03-05,75.0,17.0,16.0,110.0,83.0,1643.2064468673925,1202.461318554663,246.8718477672924
2.5,18,2022-01-17,75.0,18.0,10.0,117.0,84.0,1754.4541462111406,1199.4279336167206,296.0151259500043
2.5,18,2022-03-05,75.0,16.0,16.0,108.0,91.0,1604.2638937046372,1313.206345463986,241.05710547391234
2.5,19,2022-01-17,75.0,17.0,24.0,104.0,71.0,1551.986018601438,1032.1523192688753,248.42716632306846
2.5,19,2022-03-05,75.0,17.0,14.0,122.0,87.0,1845.1538891788466,1265.2427460755655,240.96359444809502
2.5,20,2022-01-17,75.0,18.0,26.0,106.0,77.0,1592.8885148058766,1098.8362728110512,317.89764291681763
2.5,20,2022-03-05,75.0,17.0,17.0,111.0,86.0,1653.1573190587665,1263.287306181174,287.29084083857754
2.5,21,2022-01-17,75.0,17.0,25.0,99.0,63.0,1507.8252132574398,919.0372991853179,228.2476788662297
2.5,21,2022-03-05,75.0,17.0,23.0,106.0,70.0,1588.874157288414,1035.3739948170805,213.4248987221423
2.5,22,2022-01-17,75.0,17.0,25.0,107.0,71.0,1599.7039601054582,1024.0657799554933,247.4758741385412
2.5,22,2022-03-05,75.0,17.0,28.0,98.0,61.0,1465.7444563859392,886.3485432110584,223.13574445271024
2.5,23,2022-01-17,75.0,16.0,36.0,109.0,80.0,1622.8426244611894,1166.234739069012,250.69173601544173
2.5,23,2022-03-05,75.0,16.0,37.0,114.0,72.0,1692.6099770297044,1032.639691509301,247.60046034780794
2.5,24,2022-01-17,75.0,17.0,17.0,103.0,65.0,1535.9257925241964,935.9971475398577,249.65488595600976
2.5,24,2022-03-05,75.0,17.0,9.0,100.0,60.0,1522.7312616960294,896.9076050756653,247.44162834797976
2.5,25,2022-01-17,75.0,16.0,27.0,94.0,54.0,1396.0874733095325,760.1423728201114,271.3612350491058
2.5,25,2022-03-05,75.0,17.0,22.0,101.0,69.0,1514.9260532518674,1004.4274534587297,288.4232351296621
2.5,26,2022-01-17,75.0,15.0,29.0,99.0,61.0,1463.3426774654151,850.7407982517368,289.1460227170272
2.5,26,2022-03-05,75.0,16.0,23.0,93.0,62.0,1392.061584214428,904.4531099354414,225.1551305873623
2.5,27,2022-01-17,75.0,16.0,31.0,116.0,85.0,1717.7378259595573,1177.3088035254352,302.15724365475194
2.5,27,2022-03-05,75.0,16.0,21.0,115.0,91.0,1725.179295056104,1305.9846658929878,282.966754832779
2.5,28,2022-01-17,75.0,17.0,20.0,122.0,88.0,1834.5271969254277,1262.3782496670742,245.81669344767363
2.5,28,2022-03-05,75.0,17.0,25.0,106.0,83.0,1584.782671296703,1218.2911151171968,241.6940807020879
2.5,29,2022-01-17,75.0,18.0,21.0,119.0,77.0,1802.1953670196856,1109.8004802723606,279.09884331206723
2.5,29,2022-03-05,75.0,18.0,21.0,105.0,83.0,1590.42131411083,1208.5198979053441,270.02529380053596
2.5,30,2022-01-17,75.0,16.0,22.0,113.0,87.0,1665.7090728425726,1280.5405874693822,246.18083925594217
2.5,30,2022-03-05,75.0,16.0,25.0,109.0,72.0,1609.3884629241925,1041.23337072732,221.6471742470974
2.5,31,2022-01-17,75.0,16.0,34.0,96.0,69.0,1376.8659737109674,960.7769430250004,245.53195929608876
2.5,31,2022-03-05,75.0,16.0,23.0,114.0,86.0,1684.1693991128564,1264.2500637295325,237.12515353112994
2.5,32,2022-01-17,75.0,17.0,15.0,110.0,72.0,1650.987525440799,1030.8169946705314,279.6171341450274
2.5,32,2022-03-05,75.0,16.0,16.0,102.0,77.0,1523.435939055248,1120.1733073148425,239.57024960026388
2.5,33,2022-01-17,75.0,17.0,32.0,89.0,60.0,1343.012872444196,914.1190358599879,255.04001641749608
2.5,33,2022-03-05,75.0,17.0,26.0,107.0,85.0,1613.270557483364,1265.7394765130166,237.426636105454
2.5,34,2022-01-17,75.0,17.0,32.0,105.0,60.0,1554.9334668960091,855.8718704626649,242.5304920972615
2.5,34,2022-03-05,75.0,16.0,33.0,97.0,66.0,1432.7662558758338,960.1399950755041,209.46453313359225
2.5,35,2022-01-17,75.0,19.0,20.0,105.0,91.0,1572.869357419323,1331.3806064091218,327.094479103284
2.5,35,2022-03-05,75.0,18.0,17.0,111.0,74.0,1689.2803898119555,1088.1702144224078,293.72945839220563
2.5,36,2022-01-17,75.0,20.0,6.0,138.0,89.0,2105.406120182951,1290.2952152726114,383.8606217564282
2.5,36,2022-03-05,75.0,19.0,16.0,117.0,91.0,1760.5982621080964,1334.1497572913454,347.60842551036404
2.5,37,2022-01-17,75.0,18.0,19.0,96.0,52.0,1458.6151249003926,759.1398820907389,277.50312660142805
2.5,37,2022-03-05,75.0,18.0,14.0,100.0,70.0,1517.6426087951015,1021.0862579407361,275.26827058106477
2.5,38,2022-01-17,75.0,14.0,34.0,92.0,40.0,1353.1501579693536,575.668459850845,267.2036355719845
2.5,38,2022-03-05,75.0,15.0,28.0,96.0,60.0,1430.2690163182072,881.3042855927939,268.05818106535753
2.5,39,2022-01-17,75.0,16.0,17.0,98.0,75.0,1463.544878128696,1085.324904597696,262.4867704209819
2.5,39,2022-03-05,75.0,16.0,16.0,93.0,65.0,1420.1449437200083,968.3385338950272,257.15602969328165
2.5,40,2022-01-17,75.0,17.0,26.0,113.0,75.0,1704.435648928795,1088.7623174148089,269.06011675174364
2.5,40,2022-03-05,75.0,17.0,19.0,101.0,67.0,1526.5679443608212,988.800794935318,260.98131863865103
2.5,41,2022-01-17,75.0,18.0,26.0,112.0,67.0,1679.455355870912,908.212834394802,256.42683347687165
2.5,41,2022-03-05,75.0,16.0,25.0,118.0,85.0,1752.8141194865161,1211.5661047663268,212.29818733130458
2.5,42,2022-01-17,75.0,18.0,21.0,117.0,83.0,1755.303489523221,1205.4909784565912,292.89205679568346
2.5,42,2022-03-05,75.0,17.0,21.0,112.0,97.0,1679.7986173752436,1432.390417756819,262.1759898081872
2.5,43,2022-01-17,75.0,17.0,22.0,113.0,73.0,1722.3718487226758,1056.4115001199439,257.2470294127351
2.5,43,2022-03-05,75.0,17.0,22.0,112.0,95.0,1681.884056762436,1411.5994343313278,241.43005591532966
2.5,44,2022-01-17,75.0,17.0,29.0,87.0,35.0,1262.5969222145618,468.5763602428709,268.52485451220514
2.5,44,2022-03-05,75.0,17.0,23.0,86.0,53.0,1250.5598090336612,737.2581045874724,264.4122100646196
2.5,45,2022-01-17,75.0,18.0,31.0,120.0,81.0,1779.7145927425402,1147.944147486426,296.4115479357338
2.5,45,2022-03-05,75.0,17.0,26.0,117.0,102.0,1703.8346076740356,1475.9723976797961,258.51497538934206
2.5,46,2022-01-17,75.0,17.0,28.0,128.0,102.0,1901.5552327442608,1456.7044888765947,321.73517933300593
2.5,46,2022-03-05,75.0,17.0,25.0,131.0,108.0,1954.628084153087,1593.9301158897997,308.82999775629696
2.5,47,2022-01-17,75.0,18.0,12.0,102.0,69.0,1551.281277626932,1030.744909819553,246.71149188092463
2.5,47,2022-03-05,75.0,17.0,20.0,98.0,74.0,1461.7996629547615,1092.920538895818,233.49925956447368
2.5,48,2022-01-17,75.0,20.0,20.0,114.0,67.0,1749.0359517195436,957.5383606821102,386.9355241009708
2.5,48,2022-03-05,75.0,18.0,23.0,115.0,85.0,1744.0217961800029,1236.8729661206437,341.26615681317287
2.5,49,2022-01-17,75.0,17.0,15.0,129.0,88.0,1992.1094222171528,1316.1389198206286,256.13730700609983
2.5,49,2022-03-05,75.0,17.0,21.0,122.0,80.0,1896.8159298879045,1190.0898726374062,253.35631765276327
3.0,0,2022-01-17,90.0,17.0,29.0,149.0,111.0,2221.7412709748173,1582.795836332653,242.83166795551668
3.0,0,2022-03-05,90.0,17.0,32.0,145.0,116.0,2149.0000152411712,1700.6804457949847,233.76835529363572
3.0,1,2022-01-17,90.0,17.0,41.0,124.0,98.0,1782.618030212263,1375.5496591578028,265.8184710959647
3.0,1,2022-03-05,90.0,16.0,39.0,130.0,103.0,1865.051199414828,1464.516821838587,225.38428166381306
3.0,2,2022-01-17,90.0,18.0,29.0,144.0,116.0,2122.5568575211555,1657.2230620095713,281.7705172508427
3.0,2,2022-03-05,90.0,18.0,30.0,140.0,120.0,2056.725212866565,1733.6683321423955,273.98977585041735
3.0,3,2022-01-17,90.0,17.0,24.0,136.0,106.0,2014.5462689023047,1512.4673052398748,277.7573416259683
3.0,3,2022-03-05,90.0,16.0,30.0,131.0,96.0,1930.1651562662248,1371.4247350184514,234.4189935574471
3.0,4,2022-01-17,90.0,19.0,38.0,130.0,89.0,1928.4676859868339,1254.0036424530538,288.31550326586097
3.0,4,2022-03-05,90.0,18.0,30.0,143.0,105.0,2141.778139071135,1528.433258853978,246.54047076194024
3.0,5,2022-01-17,90.0,16.0,35.0,136.0,112.0,1957.4949124272,1579.1856963418647,208.72746518724017
3.0,5,2022-03-05,90.0,16.0,26.0,129.0,97.0,1908.0297808352034,1393.7718058621163,203.41921904440943
3.0,6,2022-01-17,90.0,18.0,34.0,121.0,84.0,1798.7850802865412,1165.1570433076245,263.1681081843982
3.0,6,2022-03-05,90.0,18.0,28.0,125.0,98.0,1860.364866872627,1422.4371094480316,242.7400509582515
3.0,7,2022-01-17,90.0,19.0,35.0,126.0,85.0,1902.275384312843,1211.7380344580235,306.5643006194599
3.0,7,2022-03-05,90.0,17.0,40.0,121.0,102.0,1779.0962347465493,1496.9401797233256,265.8001858821743
3.0,8,2022-01-17,90.0,18.0,25.0,133.0,98.0,2000.2433006893598,1421.1760452667745,374.80939128658054
3.0,8,2022-03-05,90.0,17.0,21.0,135.0,94.0,2025.7575408276145,1371.8894172345413,338.78564771026436
3.0,9,2022-01-17,90.0,18.0,10.0,137.0,101.0,2093.354247924339,1492.3083754458974,295.12669433870764
3.0,9,2022-03-05,90.0,18.0,9.0,138.0,111.0,2124.6382319596883,1662.6255097911144,271.78041641125793
3.0,10,2022-01-17,90.0,15.0,43.0,132.0,101.0,1920.1392816203286,1424.2619029799603,225.366294359445
3.0,10,2022-03-05,90.0,15.0,33.0,133.0,93.0,1971.1466751193395,1332.365189708789,212.84229512126745
3.0,11,2022-01-17,90.0,16.0,26.0,133.0,100.0,1962.072532667377,1432.489540259106,252.8716316618864
3.0,11,2022-03-05,90.0,16.0,28.0,124.0,95.0,1832.2566209692854,1394.9774600715443,236.68531716965512
3.0,12,2022-01-17,90.0,17.0,34.0,120.0,90.0,1769.3454688274337,1303.4182178022836,255.59804459155538
3.0,12,2022-03-05,90.0,17.0,32.0,125.0,97.0,1836.6788030896046,1438.967469835518,246.097897079833
3.0,13,2022-01-17,90.0,17.0,37.0,143.0,93.0,2112.1859968235103,1309.182822833156,288.47029481122536
3.0,13,2022-03-05,90.0,17.0,33.0,137.0,114.0,2042.5988729814933,1684.2394864607459,273.52802070295564
3.0,14,2022-01-17,90.0,20.0,15.0,145.0,108.0,2212.8372585770626,1589.0323482345977,316.61388409452934
3.0,14,2022-03-05,90.0,19.0,23.0,143.0,103.0,2172.9472370126678,1493.3009847196604,410.67684444702013
3.0,15,2022-01-17,90.0,16.0,41.0,144.0,111.0,2129.9497080108404,1603.590429354512,216.20645888044763
3.0,15,2022-03-05,90.0,16.0,39.0,138.0,116.0,2025.4799967564081,1686.2073004513081,203.7002489727907
3.0,16,2022-01-17,90.0,19.0,21.0,151.0,115.0,2261.673398696433,1672.4531262617174,282.14116785671985
3.0,16,2022-03-05,90.0,17.0,33.0,134.0,107.0,1987.9835396287697,1570.0014347367273,229.56687604958324
3.0,17,2022-01-17,90.0,18.0,14.0,145.0,97.0,2202.439605709759,1385.4393757002986,276.36330065786996
3.0,17,2022-03-05,90.0,18.0,15.0,136.0,105.0,2061.2490380603763,1529.4643039433429,259.41162330469166
3.0,18,2022-01-17,90.0,19.0,13.0,144.0,112.0,2161.838837307548,1623.9361607793974,319.6712938142331
3.0,18,2022-03-05,90.0,18.0,10.0,133.0,105.0,2011.8310320390071,1509.2520959605772,292.09730474064645
3.0,19,2022-01-17,90.0,19.0,33.0,123.0,79.0,1821.4208503679936,1103.219528945867,311.6078668676511
3.0,19,2022-03-05,90.0,17.0,16.0,137.0,103.0,2064.786157907141,1507.699488681367,240.96359444809502
3.0,20,2022-01-17,90.0,19.0,31.0,121.0,93.0,1802.7493912263474,1339.2857442028424,324.1210692614052
3.0,20,2022-03-05,90.0,17.0,26.0,130.0,105.0,1933.5023209233668,1549.5202608346476,287.29084083857754
3.0,21,2022-01-17,90.0,18.0,34.0,124.0,91.0,1877.6855958619321,1323.0091734905407,241.83532173458946
3.0,21,2022-03-05,90.0,18.0,24.0,135.0,101.0,2044.0485402838722,1490.2912419481188,229.64522740375568
3.0,22,2022-01-17,90.0,18.0,33.0,124.0,90.0,1839.287832817165,1294.6670267461939,264.7754883162804
3.0,22,2022-03-05,90.0,17.0,33.0,121.0,86.0,1813.2736557120193,1217.3987693588524,227.38480878778478
3.0,23,2022-01-17,90.0,18.0,40.0,136.0,91.0,2038.085943368915,1280.0199799620204,284.5714520065929
3.0,23,2022-03-05,90.0,18.0,27.0,154.0,114.0,2325.2518102434015,1620.4359173916614,266.90913918772577
3.0,24,2022-01-17,90.0,17.0,21.0,119.0,84.0,1761.9617297669902,1213.4587349205592,247.73285097256183
3.0,24,2022-03-05,90.0,17.0,15.0,122.0,86.0,1835.550594747859,1292.2874374767414,246.38718240737694
3.0,25,2022-01-17,90.0,17.0,39.0,106.0,66.0,1562.0385773699331,909.4978956620029,290.4276771472623
3.0,25,2022-03-05,90.0,17.0,33.0,117.0,91.0,1724.8817947944199,1335.0516949914756,288.4232351296621
3.0,26,2022-01-17,90.0,15.0,36.0,117.0,77.0,1696.4597904417155,1070.192736698079,284.86756199177876
3.0,26,2022-03-05,90.0,17.0,24.0,116.0,80.0,1748.4406178694317,1181.0188783701637,238.465616248887
3.0,27,2022-01-17,90.0,16.0,29.0,141.0,118.0,2086.9185072677187,1673.6210917483734,299.8352580213759
3.0,27,2022-03-05,90.0,17.0,24.0,140.0,121.0,2091.9205758297076,1754.1897427693816,284.71281668078484
3.0,28,2022-01-17,90.0,17.0,40.0,131.0,93.0,1910.8574877189897,1297.524562443743,257.3914462025598
3.0,28,2022-03-05,90.0,17.0,31.0,127.0,104.0,1884.9952136548975,1505.181675598901,246.31236040754754
3.0,29,2022-01-17,90.0,19.0,25.0,144.0,102.0,2205.3607545338177,1471.82136004719,287.8969916306329
3.0,29,2022-03-05,90.0,18.0,27.0,124.0,104.0,1893.5989814929635,1533.3328951853493,268.2497007398007
3.0,30,2022-01-17,90.0,17.0,38.0,124.0,96.0,1812.5388763110257,1380.5696505026106,271.66781515122204
3.0,30,2022-03-05,90.0,16.0,32.0,127.0,97.0,1861.602292079282,1410.9166314288657,219.52951622882586
3.0,31,2022-01-17,90.0,17.0,34.0,125.0,93.0,1819.269945274605,1310.3742747371791,254.65423707915198
3.0,31,2022-03-05,90.0,16.0,26.0,134.0,107.0,1974.7588125070847,1561.826774616706,236.2553544954205
3.0,32,2022-01-17,90.0,17.0,15.0,144.0,101.0,2170.108257965093,1459.451324631844,278.76635838951034
3.0,32,2022-03-05,90.0,16.0,20.0,138.0,110.0,2041.1766151393808,1596.894499597322,240.093098239524
3.0,33,2022-01-17,90.0,18.0,45.0,108.0,83.0,1594.7387332667754,1210.3448059950479,260.5903845179163
3.0,33,2022-03-05,90.0,17.0,27.0,126.0,102.0,1898.418006697348,1512.9838526143462,237.51439142788968
3.0,34,2022-01-17,90.0,18.0,26.0,135.0,78.0,2043.8806120106253,1109.2311859392798,265.3881583459314
3.0,34,2022-03-05,90.0,19.0,27.0,131.0,106.0,1972.1100706451116,1555.4160490341521,277.6997905692166
3.0,35,2022-01-17,90.0,19.0,24.0,141.0,119.0,2106.58831508711,1735.6558121283283,326.7262240941949
3.0,35,2022-03-05,90.0,18.0,22.0,142.0,113.0,2155.351626226741,1682.6903386935342,296.30214111697427
3.0,36,2022-01-17,90.0,20.0,7.0,166.0,117.0,2536.150169866625,1711.417722548421,384.86719296659624
3.0,36,2022-03-05,90.0,20.0,15.0,155.0,122.0,2352.6201847407433,1787.9260323382082,367.42182132488756
3.0,37,2022-01-17,90.0,19.0,22.0,110.0,68.0,1682.3710940705319,997.0991631140263,302.87748282762743
3.0,37,2022-03-05,90.0,19.0,20.0,130.0,100.0,1950.9972577596548,1439.7495586281175,291.9598509180822
3.0,38,2022-01-17,90.0,16.0,38.0,115.0,87.0,1715.9188899023554,1255.1951540209548,287.18413894067356
3.0,38,2022-03-05,90.0,16.0,28.0,126.0,88.0,1902.4740662234808,1319.2246679829284,277.90375065499137
3.0,39,2022-01-17,90.0,16.0,27.0,125.0,97.0,1849.4050118776493,1397.8600215344504,266.2723232131507
3.0,39,2022-03-05,90.0,16.0,21.0,117.0,99.0,1754.6849007864278,1482.6046263600294,255.30117895375173
3.0,40,2022-01-17,90.0,18.0,29.0,139.0,97.0,2101.276029091628,1402.703490778387,272.5441596338692
3.0,40,2022-03-05,90.0,18.0,27.0,130.0,101.0,1959.3444746791713,1477.6366658656682,282.63917905996783
3.0,41,2022-01-17,90.0,18.0,28.0,138.0,96.0,2064.155017018835,1338.770670658559,249.22323426988385
3.0,41,2022-03-05,90.0,17.0,34.0,139.0,104.0,2059.3502283559715,1468.024787004787,240.54598299989186
3.0,42,2022-01-17,90.0,19.0,28.0,149.0,116.0,2233.5075255687484,1681.6002137125104,302.6367106078826
3.0,42,2022-03-05,90.0,17.0,23.0,137.0,110.0,2062.2512180972767,1597.3232331517213,261.68349360553634
3.0,43,2022-01-17,90.0,17.0,24.0,129.0,87.0,1956.1015881691253,1248.6102552898178,257.38906385175414
3.0,43,2022-03-05,90.0,17.0,23.0,131.0,106.0,1985.2179530789178,1579.2531651918862,244.25160679893747
3.0,44,2022-01-17,90.0,19.0,35.0,101.0,66.0,1460.1895177819333,934.5989176963038,298.9052381969051
3.0,44,2022-03-05,90.0,18.0,20.0,118.0,87.0,1754.7262517294669,1250.924901694844,283.81195104020736
3.0,45,2022-01-17,90.0,18.0,36.0,140.0,98.0,2081.346984610119,1387.3959340255612,295.51247535716413
3.0,45,2022-03-05,90.0,17.0,32.0,143.0,124.0,2091.230064858788,1804.804556807894,257.9241183946481
3.0,46,2022-01-17,90.0,17.0,41.0,147.0,121.0,2170.477042654638,1727.3350646386962,323.19880841153577
3.0,46,2022-03-05,90.0,17.0,27.0,151.0,127.0,2253.0651123001076,1871.983970322569,308.9452094726861
3.0,47,2022-01-17,90.0,18.0,21.0,123.0,85.0,1838.670635883748,1242.3238730254723,245.62374290247467
3.0,47,2022-03-05,90.0,18.0,23.0,115.0,99.0,1728.7835551781436,1474.0734361825732,236.71452592078015
3.0,48,2022-01-17,90.0,21.0,15.0,153.0,104.0,2354.1201764587117,1531.54180393878,402.8370427816599
3.0,48,2022-03-05,90.0,20.0,22.0,144.0,107.0,2176.0331150050683,1556.9265057598589,375.536819201532
3.0,49,2022-01-17,90.0,17.0,24.0,146.0,115.0,2213.696743879274,1705.6439549771997,255.365086232543
3.0,49,2022-03-05,90.0,17.0,23.0,141.0,95.0,2192.640000486223,1422.822701160851,253.57495823043394
4.0,0,2022-01-17,120.0,17.0,44.0,193.0,156.0,2863.619299245541,2247.0089272539485,242.19891710340045
4.0,0,2022-03-05,120.0,17.0,41.0,195.0,160.0,2902.8913694197486,2329.1853776067082,233.9622508321144
4.0,1,2022-01-17,120.0,19.0,30.0,185.0,149.0,2764.115025775948,2142.946352997573,306.21947758346755
4.0,1,2022-03-05,120.0,19.0,29.0,201.0,167.0,3001.327106078567,2393.0811118586707,299.56817748012986
4.0,2,2022-01-17,120.0,18.0,47.0,187.0,168.0,2747.2700342019803,2409.826985437196,279.48152425628336
4.0,2,2022-03-05,120.0,18.0,37.0,192.0,167.0,2860.141652386083,2441.7042330934196,273.3297381425632
4.0,3,2022-01-17,120.0,17.0,39.0,190.0,159.0,2790.391616728624,2259.075351184258,284.2014646280396
4.0,3,2022-03-05,120.0,16.0,42.0,180.0,144.0,2643.365416004984,2066.112676435278,237.59462892379096
4.0,4,2022-01-17,120.0,20.0,40.0,185.0,142.0,2781.710041514845,2044.558664859109,300.62652038405406
4.0,4,2022-03-05,120.0,19.0,32.0,189.0,150.0,2862.1820850188706,2188.9277737668326,266.34071337783837
4.0,5,2022-01-17,120.0,16.0,46.0,182.0,152.0,2663.5177175676486,2161.580891338139,209.61636970617622
4.0,5,2022-03-05,120.0,16.0,39.0,170.0,146.0,2501.785055203253,2113.2479948272935,202.05139647421225
4.0,6,2022-01-17,120.0,20.0,30.0,183.0,143.0,2792.19786293097,2071.572230826717,285.9070852856063
4.0,6,2022-03-05,120.0,19.0,34.0,174.0,131.0,2622.602674577009,1890.1387774061993,277.64028104193346
4.0,7,2022-01-17,120.0,21.0,27.0,196.0,162.0,3010.8998611401885,2381.5781331395,324.3157274224472
4.0,7,2022-03-05,120.0,19.0,46.0,172.0,141.0,2582.195146464341,2048.986141768379,296.48080747500626
4.0,8,2022-01-17,120.0,18.0,48.0,189.0,159.0,2791.3356834654883,2279.585081991731,371.7711660034416
4.0,8,2022-03-05,120.0,18.0,38.0,176.0,143.0,2638.7642213358154,2113.0076488342293,353.77522839577966
4.0,9,2022-01-17,120.0,19.0,9.0,201.0,164.0,3093.3874119010898,2455.2701946601023,315.625740091443
4.0,9,2022-03-05,120.0,19.0,8.0,193.0,161.0,2952.140384075717,2401.379505399934,293.6731850745044
4.0,10,2022-01-17,120.0,17.0,46.0,176.0,153.0,2589.0933521587835,2194.9530541124464,259.13518654787697
4.0,10,2022-03-05,120.0,16.0,50.0,183.0,164.0,2669.6733743423542,2363.3837271683183,244.53917242828132
4.0,11,2022-01-17,120.0,16.0,53.0,154.0,119.0,2253.734392599644,1695.4842928238515,250.57759474904444
4.0,11,2022-03-05,120.0,16.0,39.0,177.0,153.0,2595.4657048829017,2227.3471554267135,235.32532500245173
4.0,12,2022-01-17,120.0,18.0,52.0,184.0,156.0,2712.6039743833844,2260.515221877617,272.8181253902135
4.0,12,2022-03-05,120.0,18.0,42.0,170.0,147.0,2504.38365032521,2167.1670016285498,263.5408424022064
4.0,13,2022-01-17,120.0,18.0,59.0,180.0,155.0,2623.550093750235,2226.792982174239,327.5613907106134
4.0,13,2022-03-05,120.0,17.0,51.0,178.0,159.0,2621.898237076835,2337.1333873073168,273.5335272201555
4.0,14,2022-01-17,120.0,20.0,20.0,199.0,155.0,3022.161251298421,2276.204516192309,317.4737710880556
4.0,14,2022-03-05,120.0,19.0,33.0,185.0,143.0,2802.928605702479,2101.539648491401,411.5754717605894
4.0,15,2022-01-17,120.0,16.0,61.0,179.0,152.0,2615.664171026314,2197.7524160468283,219.98252682519674
4.0,15,2022-03-05,120.0,17.0,49.0,192.0,163.0,2832.238790472725,2366.9840011693536,226.99677032271325
4.0,16,2022-01-17,120.0,19.0,26.0,196.0,152.0,2937.3863874818308,2217.889442566857,282.14116785671985
4.0,16,2022-03-05,120.0,17.0,42.0,185.0,159.0,2757.4722782205386,2327.4539747634803,228.10033584385664
4.0,17,2022-01-17,120.0,19.0,29.0,180.0,144.0,2720.920998267642,2107.34586099282,308.74758478438457
4.0,17,2022-03-05,120.0,18.0,19.0,182.0,147.0,2760.0223346681883,2145.1623720280095,259.41162330469166
4.0,18,2022-01-17,120.0,19.0,17.0,190.0,157.0,2868.76373116684,2268.0213577945633,311.83944944591923
4.0,18,2022-03-05,120.0,19.0,18.0,193.0,158.0,2880.0991641333526,2276.8055891172594,313.64033657155335
4.0,19,2022-01-17,120.0,20.0,39.0,176.0,148.0,2620.967047817293,2110.364669858904,328.7002035487664
4.0,19,2022-03-05,120.0,17.0,28.0,189.0,160.0,2824.4185973981744,2358.4243747911405,238.63220004906714
4.0,20,2022-01-17,120.0,18.0,44.0,169.0,135.0,2534.0366410291485,1967.534755227698,306.29368603092064
4.0,20,2022-03-05,120.0,18.0,35.0,162.0,138.0,2407.4074762469404,2010.2185990660535,301.8385384897405
4.0,21,2022-01-17,120.0,19.0,35.0,185.0,147.0,2814.574393912399,2152.0190120289767,249.9296700847924
4.0,21,2022-03-05,120.0,18.0,37.0,194.0,155.0,2926.1470888128156,2261.316118802443,230.270779607222
4.0,22,2022-01-17,120.0,18.0,48.0,174.0,142.0,2570.895799628173,2040.5798189183365,266.1158350692716
4.0,22,2022-03-05,120.0,17.0,60.0,167.0,143.0,2455.0758747962286,2057.6016285254286,244.31919458470549
4.0,23,2022-01-17,120.0,20.0,37.0,207.0,170.0,3132.562927938123,2449.9877626872744,306.43622799020505
4.0,23,2022-03-05,120.0,18.0,42.0,213.0,176.0,3190.4931947850478,2542.8839778124584,266.7865527363862
4.0,24,2022-01-17,120.0,17.0,41.0,169.0,136.0,2480.3496340022234,1958.5434388169629,251.5614602336601
4.0,24,2022-03-05,120.0,17.0,36.0,163.0,143.0,2403.769707218334,2083.4507700817903,245.63897127920583
4.0,25,2022-01-17,120.0,19.0,50.0,161.0,122.0,2398.5463487203506,1717.9618532543946,322.27624826795443
4.0,25,2022-03-05,120.0,17.0,47.0,179.0,152.0,2612.3898207912453,2205.1079007477206,282.6383412621084
4.0,26,2022-01-17,120.0,17.0,29.0,168.0,129.0,2510.9363980592084,1873.8316638109416,307.74906446730944
4.0,26,2022-03-05,120.0,19.0,26.0,164.0,133.0,2478.3351250716214,1967.7655593416662,269.1289088322042
4.0,27,2022-01-17,120.0,17.0,28.0,191.0,158.0,2869.0713638876514,2258.0461228383947,309.2781891827043
4.0,27,2022-03-05,120.0,16.0,38.0,187.0,150.0,2813.841052673736,2164.417522162273,278.93473210616065
4.0,28,2022-01-17,120.0,19.0,37.0,185.0,152.0,2731.3951072633404,2182.9020189534235,303.1731873881053
4.0,28,2022-03-05,120.0,17.0,41.0,167.0,148.0,2479.6163170029045,2136.883403011498,243.32094012360164
4.0,29,2022-01-17,120.0,19.0,40.0,186.0,148.0,2830.3050475042633,2160.1937022638517,288.3814327815666
4.0,29,2022-03-05,120.0,19.0,33.0,179.0,149.0,2738.2841180027754,2197.6043630452627,276.0421013690973
4.0,30,2022-01-17,120.0,19.0,43.0,180.0,150.0,2639.5718866538864,2151.5473008068425,302.11833541565045
4.0,30,2022-03-05,120.0,18.0,34.0,188.0,168.0,2784.0355288683195,2426.4940325104803,251.64234191351628
4.0,31,2022-01-17,120.0,17.0,48.0,179.0,152.0,2581.436305010233,2154.174817528498,257.5209042040934
4.0,31,2022-03-05,120.0,16.0,50.0,163.0,146.0,2380.086405074448,2089.3742307700204,233.42345590287093
4.0,32,2022-01-17,120.0,18.0,22.0,197.0,159.0,2948.9667440996213,2291.5589323246986,296.2777765880745
4.0,32,2022-03-05,120.0,17.0,22.0,183.0,156.0,2743.7722877624974,2269.2938211573455,260.8658783953571
4.0,33,2022-01-17,120.0,20.0,29.0,176.0,132.0,2674.9586189351103,1922.751063033831,296.5715927233001
4.0,33,2022-03-05,120.0,17.0,40.0,163.0,153.0,2428.810769203279,2250.0887026792248,234.1881144390767
4.0,34,2022-01-17,120.0,19.0,45.0,174.0,147.0,2573.790703048401,2115.6598676172553,283.48153638828956
4.0,34,2022-03-05,120.0,19.0,37.0,189.0,158.0,2829.2783194603253,2303.138998565721,277.5493191293493
4.0,35,2022-01-17,120.0,18.0,49.0,183.0,151.0,2694.040365320672,2152.4395585423576,289.8203143583596
4.0,35,2022-03-05,120.0,20.0,25.0,197.0,171.0,2976.4438177029133,2518.9442942642504,336.3318706406925
4.0,36,2022-01-17,120.0,20.0,22.0,208.0,171.0,3116.461586372311,2476.4880129198477,380.2816772887908
4.0,36,2022-03-05,120.0,20.0,22.0,205.0,174.0,3090.8545849269267,2546.277243151227,369.450030228349
4.0,37,2022-01-17,120.0,19.0,38.0,170.0,134.0,2561.4158869090597,1934.6514170453715,303.8144120670506
4.0,37,2022-03-05,120.0,19.0,26.0,170.0,136.0,2554.6651981959694,1960.2803483095252,294.65338462732433
4.0,38,2022-01-17,120.0,15.0,61.0,150.0,115.0,2202.390551915846,1638.9274792099025,285.8468177503779
4.0,38,2022-03-05,120.0,16.0,39.0,167.0,134.0,2502.153374081344,1975.0901880844754,275.00826931871785
4.0,39,2022-01-17,120.0,17.0,46.0,167.0,148.0,2445.4224951344977,2127.6667951547915,297.24924854069934
4.0,39,2022-03-05,120.0,16.0,33.0,169.0,152.0,2506.8086275899914,2234.605269271073,253.11631115380163
4.0,40,2022-01-17,120.0,18.0,42.0,174.0,135.0,2621.332478186004,1970.0480761031638,270.81327938686576
4.0,40,2022-03-05,120.0,18.0,37.0,178.0,156.0,2682.9865928877653,2284.7217573078037,279.95973046158946
4.0,41,2022-01-17,120.0,19.0,31.0,194.0,151.0,2926.8370212288523,2149.4741082872156,270.25547845107985
4.0,41,2022-03-05,120.0,18.0,36.0,185.0,158.0,2752.996189276204,2286.7995943443307,269.1006712751021
4.0,42,2022-01-17,120.0,20.0,30.0,197.0,166.0,2973.276431082157,2439.451684881668,339.917842400044
4.0,42,2022-03-05,120.0,18.0,31.0,184.0,159.0,2782.0846445533007,2334.2832069389124,276.4433355274616
4.0,43,2022-01-17,120.0,18.0,31.0,192.0,166.0,2906.6359586226085,2446.0683644502647,266.08847737807395
4.0,43,2022-03-05,120.0,17.0,29.0,188.0,162.0,2859.131038544195,2429.1648409575037,243.20874435231462
4.0,44,2022-01-17,120.0,22.0,34.0,164.0,127.0,2455.6513244983566,1848.8210596916495,354.70373942865496
4.0,44,2022-03-05,120.0,19.0,28.0,170.0,138.0,2519.6004131103277,1989.0522330682334,307.54203383276473
4.0,45,2022-01-17,120.0,20.0,40.0,191.0,156.0,2878.3765682920516,2244.3817898572847,331.8167197881124
4.0,45,2022-03-05,120.0,19.0,31.0,199.0,162.0,2990.4200503757957,2370.1768902217455,292.69260909217724
4.0,46,2022-01-17,120.0,19.0,44.0,192.0,165.0,2850.208857491289,2367.460104218676,358.93511179393676
4.0,46,2022-03-05,120.0,17.0,37.0,193.0,174.0,2861.3258903532414,2548.5005680273566,305.55640941126273
4.0,47,2022-01-17,120.0,19.0,35.0,163.0,131.0,2429.5883153690856,1907.922468466101,269.0081461938315
4.0,47,2022-03-05,120.0,18.0,30.0,162.0,142.0,2426.547004498349,2074.9791227182127,235.75999179938506
4.0,48,2022-01-17,120.0,21.0,26.0,202.0,166.0,3085.7619108667523,2452.46332213547,396.67950669187127
4.0,48,2022-03-05,120.0,21.0,29.0,179.0,153.0,2691.6697392479173,2249.1707368862044,389.55799728456117
4.0,49,2022-01-17,120.0,17.0,36.0,188.0,164.0,2830.5949149701105,2439.1644667701576,266.8829637727541
4.0,49,2022-03-05,120.0,17.0,31.0,193.0,166.0,2954.7579863754027,2482.8018493199934,247.01810359111875
5.0,0,2022-01-17,150.0,17.0,61.0,226.0,205.0,3298.6548600319866,2939.947393093977,241.3640184263288
5.0,0,2022-03-05,150.0,17.0,56.0,240.0,211.0,3527.9134814556805,3045.2877098021513,234.98161889281036
5.0,1,2022-01-17,150.0,20.0,41.0,240.0,206.0,3610.8346765531664,3003.117885225339,343.5723183348145
5.0,1,2022-03-05,150.0,19.0,35.0,247.0,208.0,3711.8847898471336,3005.0029134157267,299.8465934078248
5.0,2,2022-01-17,150.0,18.0,60.0,233.0,209.0,3438.494464489766,3000.3414630019274,280.7671598539671
5.0,2,2022-03-05,150.0,18.0,54.0,226.0,204.0,3346.351177100279,2960.5255636116062,268.79291458360024
5.0,3,2022-01-17,150.0,17.0,53.0,237.0,210.0,3453.939999577821,2984.288140082214,284.2014646280396
5.0,3,2022-03-05,150.0,17.0,47.0,242.0,218.0,3576.6846539356684,3185.127307654625,262.7773764850078
5.0,4,2022-01-17,150.0,21.0,42.0,243.0,205.0,3715.865110347306,3031.9654159996658,340.7183165891249
5.0,4,2022-03-05,150.0,19.0,44.0,233.0,192.0,3526.771998325056,2777.958218505386,270.10083507585534
5.0,5,2022-01-17,150.0,17.0,59.0,224.0,195.0,3285.8909802906314,2778.3765013626826,240.94055551336558
5.0,5,2022-03-05,150.0,16.0,55.0,205.0,179.0,3031.1197679786424,2598.817627098347,201.89613767920468
5.0,6,2022-01-17,150.0,20.0,43.0,225.0,186.0,3417.9073850951645,2726.738818202106,287.45010408712716
5.0,6,2022-03-05,150.0,20.0,34.0,244.0,202.0,3709.9765262461096,2935.371029311472,284.42766851629545
5.0,7,2022-01-17,150.0,22.0,34.0,231.0,195.0,3541.5478262554298,2881.5235442101334,344.42341953536163
5.0,7,2022-03-05,150.0,20.0,47.0,218.0,188.0,3300.824835696277,2760.2290636152134,307.33399705495253
5.0,8,2022-01-17,150.0,19.0,58.0,219.0,194.0,3262.7851381675673,2800.77271462346,415.0816263029578
5.0,8,2022-03-05,150.0,18.0,55.0,217.0,191.0,3208.2679902224154,2801.356136608862,349.97409890359364
5.0,9,2022-01-17,150.0,20.0,25.0,259.0,221.0,3971.8153364988825,3287.200300101444,342.3912385744778
5.0,9,2022-03-05,150.0,19.0,26.0,245.0,219.0,3738.9366522191767,3280.177950408776,291.2167132871679
5.0,10,2022-01-17,150.0,17.0,56.0,233.0,204.0,3419.6102885501086,2936.7426746592478,262.8013139455785
5.0,10,2022-03-05,150.0,16.0,62.0,224.0,207.0,3284.7475152175703,3004.7498036718953,242.70858687337252
5.0,11,2022-01-17,150.0,17.0,68.0,213.0,177.0,3156.81571795383,2531.7247220967583,272.10836744338303
5.0,11,2022-03-05,150.0,16.0,55.0,219.0,191.0,3197.003503998887,2763.2960459251303,236.6763316310641
5.0,12,2022-01-17,150.0,21.0,53.0,238.0,207.0,3562.8161105938652,3001.0198544902737,335.2755575652944
5.0,12,2022-03-05,150.0,18.0,58.0,214.0,192.0,3139.900924695201,2794.194592423007,266.13352985358233
5.0,13,2022-01-17,150.0,19.0,58.0,231.0,214.0,3398.9324617209895,3114.953269900932,342.1973308379437
5.0,13,2022-03-05,150.0,17.0,64.0,219.0,201.0,3207.071828976991,2941.874042107658,276.802227686518
5.0,14,2022-01-17,150.0,20.0,28.0,254.0,212.0,3865.603057876158,3127.575025616424,318.72440767188584
5.0,14,2022-03-05,150.0,20.0,39.0,238.0,204.0,3594.7544047395436,2998.5845004564653,419.4986345117951
5.0,15,2022-01-17,150.0,19.0,52.0,240.0,205.0,3575.5334719680454,2937.7301303715176,256.5245548861011
5.0,15,2022-03-05,150.0,18.0,50.0,247.0,213.0,3677.2638852138534,3105.126822901307,234.7761167593158
5.0,16,2022-01-17,150.0,19.0,51.0,235.0,206.0,3532.5582295779573,2977.3516721772075,276.1549734295397
5.0,16,2022-03-05,150.0,18.0,55.0,230.0,208.0,3396.8595865127945,3014.0646983685738,253.36467632398387
5.0,17,2022-01-17,150.0,19.0,25.0,234.0,200.0,3541.5887958629864,2938.401783720889,312.59114737322665
5.0,17,2022-03-05,150.0,18.0,31.0,233.0,200.0,3495.5866078079957,2920.74372736383,262.4598799967742
5.0,18,2022-01-17,150.0,21.0,23.0,248.0,217.0,3742.265628521608,3199.051264178754,352.641790686564
5.0,18,2022-03-05,150.0,20.0,21.0,245.0,207.0,3706.024520027276,3026.219935117382,323.6296235288714
5.0,19,2022-01-17,150.0,20.0,48.0,235.0,198.0,3510.233133654265,2838.518663739618,332.86548786939414
5.0,19,2022-03-05,150.0,17.0,51.0,224.0,202.0,3315.511007607464,2949.480902708465,209.87871260708943
5.0,20,2022-01-17,150.0,18.0,51.0,208.0,174.0,3122.5557551483257,2551.444838904856,307.585773142275
5.0,20,2022-03-05,150.0,19.0,41.0,227.0,201.0,3385.6478356913476,2928.768195052367,307.25858489326697
5.0,21,2022-01-17,150.0,20.0,45.0,232.0,204.0,3495.088488765779,2968.3259977366665,270.2562396152889
5.0,21,2022-03-05,150.0,19.0,52.0,234.0,205.0,3492.371582416466,2980.489406182551,244.96236279549873
5.0,22,2022-01-17,150.0,18.0,66.0,211.0,183.0,3127.452272316309,2642.5761596877405,264.0524455081695
5.0,22,2022-03-05,150.0,18.0,62.0,232.0,201.0,3470.310814730951,2917.682748897422,254.114563973484
5.0,23,2022-01-17,150.0,20.0,44.0,257.0,222.0,3862.629018114466,3232.366443672526,330.80447725806874
5.0,23,2022-03-05,150.0,20.0,34.0,263.0,224.0,4005.5467345388815,3296.1080588520113,319.17425594747414
5.0,24,2022-01-17,150.0,18.0,54.0,212.0,187.0,3119.6550826262846,2690.780709496826,268.43853849049145
5.0,24,2022-03-05,150.0,17.0,52.0,209.0,185.0,3074.597179483734,2697.960780726702,245.05787369607722
5.0,25,2022-01-17,150.0,20.0,48.0,220.0,189.0,3298.3536794037977,2732.00106227628,344.2027725481757
5.0,25,2022-03-05,150.0,18.0,58.0,223.0,190.0,3283.495015027097,2750.708210489835,304.08166279483436
5.0,26,2022-01-17,150.0,19.0,49.0,211.0,181.0,3132.939451675853,2613.025395583265,342.0053398824527
5.0,26,2022-03-05,150.0,18.0,48.0,195.0,170.0,2871.295510693887,2486.33373988656,314.6598154200192
5.0,27,2022-01-17,150.0,18.0,33.0,243.0,212.0,3660.7413152489944,3089.0525515080185,322.45879489197057
5.0,27,2022-03-05,150.0,17.0,30.0,244.0,210.0,3691.3235171757683,3072.4563187411027,286.93473210616065
5.0,28,2022-01-17,150.0,19.0,48.0,245.0,206.0,3691.2852470349044,2995.7538699785264,301.96846841626643
5.0,28,2022-03-05,150.0,18.0,47.0,222.0,197.0,3322.776670122848,2847.6548394760543,271.7021829366706
5.0,29,2022-01-17,150.0,19.0,51.0,222.0,191.0,3385.448563407602,2826.209434544351,287.1273633208089
5.0,29,2022-03-05,150.0,19.0,43.0,237.0,203.0,3584.3459591907904,2969.7474159426874,275.2552647086638
5.0,30,2022-01-17,150.0,19.0,58.0,224.0,200.0,3305.82120032798,2885.466274750999,299.3281940645683
5.0,30,2022-03-05,150.0,18.0,44.0,232.0,212.0,3406.5910905364344,3059.5471344949456,256.0388268590527
5.0,31,2022-01-17,150.0,18.0,61.0,223.0,201.0,3248.0491567352337,2857.7874780840557,285.19032659355287
5.0,31,2022-03-05,150.0,17.0,52.0,222.0,198.0,3271.6673842693954,2854.1250190696264,260.7968640545822
5.0,32,2022-01-17,150.0,19.0,32.0,248.0,219.0,3716.064979419837,3192.2780880760943,318.334049275815
5.0,32,2022-03-05,150.0,17.0,34.0,232.0,212.0,3477.4108431405866,3116.3476777812093,261.1761425079177
5.0,33,2022-01-17,150.0,20.0,45.0,217.0,182.0,3279.1546761861996,2674.107307116831,303.264167894346
5.0,33,2022-03-05,150.0,17.0,62.0,193.0,173.0,2854.87027109451,2530.8391365419034,242.32442584199325
5.0,34,2022-01-17,150.0,18.0,60.0,212.0,190.0,3117.682357929822,2753.727031108803,262.3264830922099
5.0,34,2022-03-05,150.0,19.0,41.0,231.0,196.0,3453.7930220230824,2855.9814698157343,276.0706294475207
5.0,35,2022-01-17,150.0,20.0,49.0,238.0,217.0,3528.7296808233837,3140.675096040992,326.46235365170924
5.0,35,2022-03-05,150.0,20.0,33.0,241.0,213.0,3613.448308100976,3095.4164026578,341.7191607370146
5.0,36,2022-01-17,150.0,21.0,32.0,258.0,224.0,3886.5440297000123,3282.077364268023,390.9894960160181
5.0,36,2022-03-05,150.0,20.0,30.0,248.0,218.0,3743.169650155445,3187.259777015632,369.45859529097635
5.0,37,2022-01-17,150.0,20.0,52.0,220.0,186.0,3279.4920444685176,2674.4153556977585,318.3047328867532
5.0,37,2022-03-05,150.0,19.0,41.0,222.0,185.0,3341.4143244341203,2683.1595221002876,293.1036429727542
5.0,38,2022-01-17,150.0,17.0,63.0,211.0,194.0,3104.216234992685,2827.5649797924793,308.7297738460243
5.0,38,2022-03-05,150.0,16.0,56.0,211.0,183.0,3136.2196443223893,2689.1459441189436,273.0619517652381
5.0,39,2022-01-17,150.0,17.0,56.0,210.0,193.0,3063.831264435838,2784.9151990952632,300.8258163422146
5.0,39,2022-03-05,150.0,16.0,48.0,213.0,195.0,3129.6241222102735,2874.7449567768913,256.3423366931694
5.0,40,2022-01-17,150.0,20.0,50.0,221.0,192.0,3317.7700637532757,2798.1347134154203,315.63666779231585
5.0,40,2022-03-05,150.0,18.0,48.0,229.0,207.0,3430.0421382675327,3028.2084342722865,279.95973046158946
5.0,41,2022-01-17,150.0,19.0,36.0,253.0,223.0,3808.5224384220196,3261.1238677483348,299.8318931490755
5.0,41,2022-03-05,150.0,19.0,38.0,245.0,212.0,3685.860108862014,3088.482213995459,275.62627808962435
5.0,42,2022-01-17,150.0,21.0,31.0,253.0,234.0,3835.4288821280397,3471.606576923611,349.3559473616409
5.0,42,2022-03-05,150.0,18.0,36.0,238.0,190.0,3598.6667752165904,2740.584136215971,276.80476597306193
5.0,43,2022-01-17,150.0,18.0,40.0,240.0,215.0,3643.5066633853867,3190.983381492409,267.3737307012859
5.0,43,2022-03-05,150.0,17.0,45.0,233.0,206.0,3500.5543923264077,3024.522546455704,249.23591932549675
5.0,44,2022-01-17,150.0,23.0,33.0,225.0,199.0,3420.81113703264,2944.787958903361,377.38652119880425
5.0,44,2022-03-05,150.0,20.0,30.0,228.0,199.0,3423.6705658546152,2920.3582110176953,329.7998106132877
5.0,45,2022-01-17,150.0,21.0,38.0,242.0,214.0,3652.5895844501024,3157.940817668553,342.63609912877166
5.0,45,2022-03-05,150.0,20.0,37.0,252.0,212.0,3827.623825529441,3103.271484033036,313.26413482917064
5.0,46,2022-01-17,150.0,20.0,45.0,241.0,203.0,3645.4520398024233,2963.2903065645196,378.0200820494557
5.0,46,2022-03-05,150.0,17.0,53.0,231.0,211.0,3414.872163788607,3059.283988087876,316.27022282978754
5.0,47,2022-01-17,150.0,19.0,56.0,204.0,176.0,3025.279712415282,2557.487733051445,276.1973697497421
5.0,47,2022-03-05,150.0,18.0,49.0,206.0,190.0,3035.5291369580277,2764.490827446308,234.86053423779182
5.0,48,2022-01-17,150.0,22.0,25.0,254.0,216.0,3882.12573235048,3225.8857092024705,427.7604799334453
5.0,48,2022-03-05,150.0,21.0,30.0,238.0,205.0,3607.742221928938,3020.7802169260813,389.3700819262936
5.0,49,2022-01-17,150.0,17.0,42.0,230.0,201.0,3471.4933943799824,2991.4674978604194,268.0711056117607
5.0,49,2022-03-05,150.0,18.0,33.0,244.0,219.0,3717.0714230310787,3280.840423257086,269.5114096953629
