run_id,config_name,level,algorithm,seed,eval_day,total_energy_charged,n_spawned,rejected_lower,rejected_upper,dropped_late_horizon,energy_rejected_lower_kwh,energy_rejected_upper_kwh,requested_served_kwh,shortfall_served_kwh,dns_lower,dns_upper
station_v0_bogota_grid__ChargeAsFastAsPossible__seed0__2022-01-17,station_v0_bogota_grid,1.0,ChargeAsFastAsPossible,0,2022-01-17,214.4048646260611,14.0,5.0,45.0,15.0,74.8966912419227,654.2158813299778,214.45524423361016,0.05037960754904702,0.2590170019989693,0.7531806246156085
station_v0_bogota_grid__TD3_vanilla_extended_ts102__seed0__2022-01-17,station_v0_bogota_grid,1.0,TD3_vanilla_extended_ts102,0,2022-01-17,214.4048646260611,14.0,5.0,45.0,15.0,74.8966912419227,654.2158813299778,214.45524423361016,0.05037960754904702,0.2590170019989693,0.7531806246156085
station_v0_bogota_grid__RoundRobin__seed0__2022-03-05,station_v0_bogota_grid,1.0,RoundRobin,0,2022-03-05,201.72264497179896,14.0,17.0,38.0,12.0,230.9171056587324,554.8275580257971,201.8448625745372,0.12221760273823179,0.5338715973695143,0.7334082233210577
station_v0_bogota_grid__Optimal_Oracle_Tracking__seed0__2022-03-05,station_v0_bogota_grid,1.0,Optimal_Oracle_Tracking,0,2022-03-05,200.78878153373995,14.0,17.0,38.0,12.0,230.9171056587324,554.8275580257971,201.8448625745372,1.0560810407972383,0.5360295121277623,0.7346423946911707
station_v0_bogota_grid__MPC_TrackingG2V__seed1__2022-01-17,station_v0_bogota_grid,1.0,MPC_TrackingG2V,1,2022-01-17,203.3902104125074,14.0,10.0,35.0,11.0,127.8890836775176,523.0558873489472,204.68352343184705,1.2933130193396494,0.38843366511655103,0.720517801565413
station_v0_bogota_grid__ChargeAsFastAsPossible__seed1__2022-03-05,station_v0_bogota_grid,1.0,ChargeAsFastAsPossible,1,2022-03-05,213.4286628400754,15.0,17.0,48.0,7.0,252.48718501897605,727.7439563672148,213.46983577298727,0.04117293291187707,0.5419563322013656,0.7732410376660913
station_v0_bogota_grid__TD3_vanilla_extended_ts102__seed1__2022-03-05,station_v0_bogota_grid,1.0,TD3_vanilla_extended_ts102,1,2022-03-05,213.3544582424655,15.0,17.0,48.0,7.0,252.48718501897605,727.7439563672148,213.46983577298727,0.11537753052175503,0.542115584223116,0.7733198769247481
station_v0_bogota_grid__RoundRobin__seed2__2022-01-17,station_v0_bogota_grid,1.0,RoundRobin,2,2022-01-17,155.01063832949416,12.0,5.0,27.0,15.0,68.19681097631151,410.6317564208695,155.16323484265305,0.15259651315889755,0.30600552233441186,0.7260303807509371
station_v0_bogota_grid__Optimal_Oracle_Tracking__seed2__2022-01-17,station_v0_bogota_grid,1.0,Optimal_Oracle_Tracking,2,2022-01-17,154.26572186907146,12.0,5.0,27.0,15.0,68.19681097631151,410.6317564208695,155.16323484265305,0.8975129735815983,0.30934057027322925,0.7273469644463126
station_v0_bogota_grid__MPC_TrackingG2V__seed2__2022-03-05,station_v0_bogota_grid,1.0,MPC_TrackingG2V,2,2022-03-05,230.2122434085324,14.0,6.0,41.0,7.0,87.500620774823,632.4659799499462,230.9801274315649,0.7678840230325079,0.27715491531266473,0.7333797194283791
station_v0_bogota_grid__ChargeAsFastAsPossible__seed3__2022-01-17,station_v0_bogota_grid,1.0,ChargeAsFastAsPossible,3,2022-01-17,202.5730876400914,13.0,4.0,35.0,11.0,51.2103260646923,509.6463063265725,202.63830590531484,0.06521826522345009,0.20199259665883917,0.7156009210905951
station_v0_bogota_grid__TD3_vanilla_extended_ts102__seed3__2022-01-17,station_v0_bogota_grid,1.0,TD3_vanilla_extended_ts102,3,2022-01-17,185.23649045572688,13.0,4.0,35.0,11.0,51.2103260646923,509.6463063265725,202.63830590531484,17.401815449587957,0.27028761581975735,0.7399403450885974
station_v0_bogota_grid__RoundRobin__seed3__2022-03-05,station_v0_bogota_grid,1.0,RoundRobin,3,2022-03-05,195.4988516110423,13.0,4.0,34.0,8.0,52.7756681828829,497.46907400713457,195.6681794544919,0.16932784344959373,0.2131064887692863,0.7179507368350306
station_v0_bogota_grid__Optimal_Oracle_Tracking__seed3__2022-03-05,station_v0_bogota_grid,1.0,Optimal_Oracle_Tracking,3,2022-03-05,194.8532894606661,13.0,4.0,34.0,8.0,52.7756681828829,497.46907400713457,195.6681794544919,0.8148899938258012,0.21570491153771187,0.7188820994867309
station_v0_bogota_grid__MPC_TrackingG2V__seed4__2022-01-17,station_v0_bogota_grid,1.0,MPC_TrackingG2V,4,2022-01-17,182.38538019759045,13.0,2.0,41.0,18.0,25.8126521467566,594.9648395044255,183.4011449515728,1.0157647539823529,0.12823445333354247,0.7656817180608684
station_v0_bogota_grid__ChargeAsFastAsPossible__seed4__2022-03-05,station_v0_bogota_grid,1.0,ChargeAsFastAsPossible,4,2022-03-05,176.65524999891372,13.0,7.0,37.0,18.0,91.09123145610228,545.4188671619748,176.6899658526883,0.034715853774571315,0.34030002190480696,0.7553620148068088
station_v0_bogota_grid__TD3_vanilla_extended_ts102__seed4__2022-03-05,station_v0_bogota_grid,1.0,TD3_vanilla_extended_ts102,4,2022-03-05,129.092693927283,13.0,7.0,37.0,18.0,91.09123145610228,545.4188671619748,176.6899658526883,47.597271925405295,0.5179172577288151,0.8212282026957817
station_v0_bogota_grid__RoundRobin__seed5__2022-01-17,station_v0_bogota_grid,1.0,RoundRobin,5,2022-01-17,181.24088283883816,15.0,13.0,39.0,9.0,191.1941782094991,597.7825336265474,181.39615656492447,0.15527372608630685,0.5135652594193932,0.767394969702905
station_v0_bogota_grid__Optimal_Oracle_Tracking__seed5__2022-01-17,station_v0_bogota_grid,1.0,Optimal_Oracle_Tracking,5,2022-01-17,180.1056090603591,15.0,13.0,39.0,9.0,191.1941782094991,597.7825336265474,181.39615656492447,1.2905475045653816,0.5166122353404579,0.7688519830847776
station_v0_bogota_grid__MPC_TrackingG2V__seed5__2022-03-05,station_v0_bogota_grid,1.0,MPC_TrackingG2V,5,2022-03-05,132.0470158570354,12.0,14.0,34.0,18.0,188.4611800089524,491.746540321486,132.99118720983387,0.9441713527984632,0.58921747256208,0.7886360787288688
station_v0_bogota_grid__ChargeAsFastAsPossible__seed6__2022-01-17,station_v0_bogota_grid,1.0,ChargeAsFastAsPossible,6,2022-01-17,138.2004031679441,11.0,3.0,24.0,15.0,37.7537673635119,339.1142336728725,138.2261889917488,0.025785823804710617,0.2146810010058695,0.7104783156714899
station_v0_bogota_grid__TD3_vanilla_extended_ts102__seed6__2022-01-17,station_v0_bogota_grid,1.0,TD3_vanilla_extended_ts102,6,2022-01-17,125.31880377764011,11.0,3.0,24.0,15.0,37.7537673635119,339.1142336728725,138.2261889917488,12.9073852141087,0.2878802428803201,0.7374645057753909
station_v0_bogota_grid__RoundRobin__seed6__2022-03-05,station_v0_bogota_grid,1.0,RoundRobin,6,2022-03-05,150.0171061345423,12.0,2.0,27.0,10.0,25.8647986876495,388.9147080090767,150.13505933435883,0.11795319981652597,0.1476293911794915,0.7217008238889295
station_v0_bogota_grid__Optimal_Oracle_Tracking__seed6__2022-03-05,station_v0_bogota_grid,1.0,Optimal_Oracle_Tracking,6,2022-03-05,149.29782874462816,12.0,2.0,27.0,10.0,25.8647986876495,388.9147080090767,150.13505933435883,0.837230589730666,0.15171619782807527,0.7230351670859574
station_v0_bogota_grid__MPC_TrackingG2V__seed7__2022-01-17,station_v0_bogota_grid,1.0,MPC_TrackingG2V,7,2022-01-17,243.54138496487175,15.0,9.0,37.0,13.0,119.1671047515999,569.3593871682522,244.5062514673909,0.9648665025191576,0.3303293166788385,0.700759715850466
station_v0_bogota_grid__ChargeAsFastAsPossible__seed7__2022-03-05,station_v0_bogota_grid,1.0,ChargeAsFastAsPossible,7,2022-03-05,239.40343447633452,15.0,5.0,34.0,13.0,75.7269361389726,523.205683988341,239.45976627670225,0.056331800367729556,0.240439293150749,0.6860963946994891
station_v0_bogota_grid__TD3_vanilla_extended_ts102__seed7__2022-03-05,station_v0_bogota_grid,1.0,TD3_vanilla_extended_ts102,7,2022-03-05,239.36822651162365,15.0,5.0,34.0,13.0,75.7269361389726,523.205683988341,239.45976627670225,0.09153976507860762,0.24055099825899448,0.6861425590625118
station_v0_bogota_grid__RoundRobin__seed8__2022-01-17,station_v0_bogota_grid,1.0,RoundRobin,8,2022-01-17,296.9512129265904,15.0,8.0,36.0,9.0,129.603728011801,567.9114073572683,297.11446662009905,0.1632536935086364,0.30410463705971225,0.6567140684922913
station_v0_bogota_grid__Optimal_Oracle_Tracking__seed8__2022-01-17,station_v0_bogota_grid,1.0,Optimal_Oracle_Tracking,8,2022-01-17,295.8726922942103,15.0,8.0,36.0,9.0,129.603728011801,567.9114073572683,297.11446662009905,1.2417743258887413,0.3066321145517617,0.65796087585936
station_v0_bogota_grid__MPC_TrackingG2V__seed8__2022-03-05,station_v0_bogota_grid,1.0,MPC_TrackingG2V,8,2022-03-05,252.4359334746933,14.0,9.0,33.0,11.0,121.00877474816068,504.434966865765,253.4702870163383,1.0343535416450038,0.32590107365350035,0.6669294319023665
station_v0_bogota_grid__ChargeAsFastAsPossible__seed9__2022-01-17,station_v0_bogota_grid,1.0,ChargeAsFastAsPossible,9,2022-01-17,210.19640106502143,15.0,1.0,35.0,6.0,16.389596399192,558.3965110368305,210.23982502837296,0.04342396335152898,0.07251053397670101,0.7265333536779474
station_v0_bogota_grid__TD3_vanilla_extended_ts102__seed9__2022-01-17,station_v0_bogota_grid,1.0,TD3_vanilla_extended_ts102,9,2022-01-17,202.09917684156332,15.0,1.0,35.0,6.0,16.389596399192,558.3965110368305,210.23982502837296,8.140648186809642,0.10823945289840482,0.7370678858663543
station_v0_bogota_grid__RoundRobin__seed9__2022-03-05,station_v0_bogota_grid,1.0,RoundRobin,9,2022-03-05,171.76464883619246,11.0,4.0,29.0,11.0,63.2666678930873,437.8533930563429,171.85678717337447,0.09213833718200704,0.26947037764632975,0.7182847615050849
station_v0_bogota_grid__Optimal_Oracle_Tracking__seed9__2022-03-05,station_v0_bogota_grid,1.0,Optimal_Oracle_Tracking,9,2022-03-05,171.20334062424956,11.0,4.0,29.0,11.0,63.2666678930873,437.8533930563429,171.85678717337447,0.653446549124908,0.27185766908768866,0.7192053762990375
station_v0_bogota_grid__MPC_TrackingG2V__seed10__2022-01-17,station_v0_bogota_grid,1.0,MPC_TrackingG2V,10,2022-01-17,186.670320013419,13.0,19.0,48.0,12.0,243.777360474528,714.7970686378503,188.00187773070465,1.3315577172856479,0.5676718482589681,0.7932315708117659
station_v0_bogota_grid__ChargeAsFastAsPossible__seed10__2022-03-05,station_v0_bogota_grid,1.0,ChargeAsFastAsPossible,10,2022-03-05,180.2539634887929,13.0,9.0,42.0,14.0,117.4302038615167,622.914578924251,180.29943026818657,0.045466779393677825,0.3945716421017505,0.7755841389394805
station_v0_bogota_grid__TD3_vanilla_extended_ts102__seed10__2022-03-05,station_v0_bogota_grid,1.0,TD3_vanilla_extended_ts102,10,2022-03-05,180.23074763203925,13.0,9.0,42.0,14.0,117.4302038615167,622.914578924251,180.29943026818657,0.06868263614731518,0.39464961840673435,0.7756130426394758
station_v0_bogota_grid__RoundRobin__seed11__2022-01-17,station_v0_bogota_grid,1.0,RoundRobin,11,2022-01-17,203.65108444757172,13.0,5.0,31.0,11.0,67.5958460320667,455.7770329462687,203.78952030407527,0.1384358565035484,0.2495870827636061,0.6912349732654284
station_v0_bogota_grid__Optimal_Oracle_Tracking__seed11__2022-01-17,station_v0_bogota_grid,1.0,Optimal_Oracle_Tracking,11,2022-01-17,202.6766816084991,13.0,5.0,31.0,11.0,67.5958460320667,455.7770329462687,203.78952030407527,1.1128386955761584,0.25317755948026777,0.6927123114267871
station_v0_bogota_grid__MPC_TrackingG2V__seed11__2022-03-05,station_v0_bogota_grid,1.0,MPC_TrackingG2V,11,2022-03-05,178.2876572873019,12.0,4.0,23.0,10.0,66.1580404927832,345.961170867215,179.11530240899413,0.8276451216922283,0.2731062610472947,0.6604539217404315
station_v0_bogota_grid__ChargeAsFastAsPossible__seed12__2022-01-17,station_v0_bogota_grid,1.0,ChargeAsFastAsPossible,12,2022-01-17,203.08936484129305,15.0,6.0,32.0,7.0,91.2277007329614,494.7792402897485,203.1257522584204,0.036387417127343724,0.31004932071498686,0.7090014156514635
station_v0_bogota_grid__TD3_vanilla_extended_ts102__seed12__2022-01-17,station_v0_bogota_grid,1.0,TD3_vanilla_extended_ts102,12,2022-01-17,203.0603190112538,15.0,6.0,32.0,7.0,91.2277007329614,494.7792402897485,203.1257522584204,0.06543324716659527,0.3101479974240388,0.7090430342533497
station_v0_bogota_grid__RoundRobin__seed12__2022-03-05,station_v0_bogota_grid,1.0,RoundRobin,12,2022-03-05,193.38250099751517,14.0,7.0,32.0,6.0,109.6999315079905,482.86200251820094,193.5875773691492,0.20507637163402137,0.3623789462563936,0.7141213377208108
station_v0_bogota_grid__Optimal_Oracle_Tracking__seed12__2022-03-05,station_v0_bogota_grid,1.0,Optimal_Oracle_Tracking,12,2022-03-05,192.87812615327024,14.0,7.0,32.0,6.0,109.6999315079905,482.86200251820094,193.5875773691492,0.7094512158789428,0.3640419717008383,0.714866958472514
station_v0_bogota_grid__MPC_TrackingG2V__seed13__2022-01-17,station_v0_bogota_grid,1.0,MPC_TrackingG2V,13,2022-01-17,262.53987787977155,16.0,17.0,54.0,4.0,266.2892216283384,838.6650790162103,263.6253099265376,1.0854320467660727,0.5045618448895397,0.7618233085279966
station_v0_bogota_grid__ChargeAsFastAsPossible__seed13__2022-03-05,station_v0_bogota_grid,1.0,ChargeAsFastAsPossible,13,2022-03-05,236.05868431005212,15.0,15.0,40.0,10.0,212.4385569307733,592.8135397298341,236.1196694924451,0.060985182392983006,0.4737390367525468,0.7152259293224278
station_v0_bogota_grid__TD3_vanilla_extended_ts102__seed13__2022-03-05,station_v0_bogota_grid,1.0,TD3_vanilla_extended_ts102,13,2022-03-05,236.02014666873023,15.0,15.0,40.0,10.0,212.4385569307733,592.8135397298341,236.1196694924451,0.09952282371486376,0.4738249512203946,0.7152724199695548
station_v0_bogota_grid__RoundRobin__seed14__2022-01-17,station_v0_bogota_grid,1.0,RoundRobin,14,2022-01-17,221.8523192783581,11.0,2.0,25.0,12.0,25.6584339375664,372.1081061565363,222.01092481768205,0.1586055393239576,0.10423994153593802,0.6265860749914518
station_v0_bogota_grid__Optimal_Oracle_Tracking__seed14__2022-01-17,station_v0_bogota_grid,1.0,Optimal_Oracle_Tracking,14,2022-01-17,221.1462214211614,11.0,2.0,25.0,12.0,25.6584339375664,372.1081061565363,222.01092481768205,0.864703396520639,0.10709091131575023,0.62777455376487
station_v0_bogota_grid__MPC_TrackingG2V__seed14__2022-03-05,station_v0_bogota_grid,1.0,MPC_TrackingG2V,14,2022-03-05,214.31984944416467,11.0,3.0,25.0,14.0,40.6122535329912,363.1045005125404,215.08465448989816,0.7648050457334818,0.16182072320960839,0.6293257187723268
station_v0_bogota_grid__ChargeAsFastAsPossible__seed15__2022-01-17,station_v0_bogota_grid,1.0,ChargeAsFastAsPossible,15,2022-01-17,197.5442950291088,15.0,22.0,47.0,16.0,314.12691383059297,691.4923732929528,197.59416404386525,0.0498690147564389,0.6139609963895745,0.7778120725786315
station_v0_bogota_grid__TD3_vanilla_extended_ts102__seed15__2022-01-17,station_v0_bogota_grid,1.0,TD3_vanilla_extended_ts102,15,2022-01-17,197.52781021228856,15.0,22.0,47.0,16.0,314.12691383059297,691.4923732929528,197.59416404386525,0.06635383157669139,0.6139932108468893,0.7778306138748134
station_v0_bogota_grid__RoundRobin__seed15__2022-03-05,station_v0_bogota_grid,1.0,RoundRobin,15,2022-03-05,178.99729769271613,14.0,19.0,53.0,15.0,250.0064826341001,785.653179127598,179.1039714724762,0.1066737797600581,0.5828642812597166,0.8144638808000743
station_v0_bogota_grid__Optimal_Oracle_Tracking__seed15__2022-03-05,station_v0_bogota_grid,1.0,Optimal_Oracle_Tracking,15,2022-03-05,178.06970162252958,14.0,19.0,53.0,15.0,250.0064826341001,785.653179127598,179.1039714724762,1.034269849946611,0.5850259532984876,0.8154253622149666
station_v0_bogota_grid__MPC_TrackingG2V__seed16__2022-01-17,station_v0_bogota_grid,1.0,MPC_TrackingG2V,16,2022-01-17,219.63600989062556,16.0,17.0,37.0,5.0,247.5256331702242,572.0468600784361,221.18153792451085,1.5455280338852901,0.5314003637332172,0.7231112622246164
station_v0_bogota_grid__ChargeAsFastAsPossible__seed16__2022-03-05,station_v0_bogota_grid,1.0,ChargeAsFastAsPossible,16,2022-03-05,215.5424221555013,16.0,20.0,40.0,6.0,314.9132540747959,617.3868106581784,215.5964547935754,0.054032638074090755,0.5937069226965248,0.7412403933005717
station_v0_bogota_grid__TD3_vanilla_extended_ts102__seed16__2022-03-05,station_v0_bogota_grid,1.0,TD3_vanilla_extended_ts102,16,2022-03-05,215.4277802047717,16.0,20.0,40.0,6.0,314.9132540747959,617.3868106581784,215.5964547935754,0.16867458880369668,0.5939230204395315,0.7413780214564836
station_v0_bogota_grid__RoundRobin__seed17__2022-01-17,station_v0_bogota_grid,1.0,RoundRobin,17,2022-01-17,196.2547360478869,12.0,4.0,30.0,13.0,51.11009613971859,423.6734947268173,196.4297118832579,0.1749758353710149,0.20717908923290979,0.6835127863299485
station_v0_bogota_grid__Optimal_Oracle_Tracking__seed17__2022-01-17,station_v0_bogota_grid,1.0,Optimal_Oracle_Tracking,17,2022-01-17,195.2957112137833,12.0,4.0,30.0,13.0,51.11009613971859,423.6734947268173,196.4297118832579,1.1340006694746023,0.21105331391524682,0.6850593431351396
station_v0_bogota_grid__MPC_TrackingG2V__seed17__2022-03-05,station_v0_bogota_grid,1.0,MPC_TrackingG2V,17,2022-03-05,202.93829361973852,14.0,7.0,33.0,8.0,90.7299261940251,480.00064299347554,203.87836017372985,0.9400665539913291,0.3111589082514339,0.7032540951251856
station_v0_bogota_grid__ChargeAsFastAsPossible__seed18__2022-01-17,station_v0_bogota_grid,1.0,ChargeAsFastAsPossible,18,2022-01-17,209.74987933127343,14.0,14.0,44.0,8.0,182.2692612309234,652.5565724613713,209.8111681453323,0.06128881405885522,0.46503354001892994,0.7567744368734067
station_v0_bogota_grid__TD3_vanilla_extended_ts102__seed18__2022-01-17,station_v0_bogota_grid,1.0,TD3_vanilla_extended_ts102,18,2022-01-17,209.72489386592747,14.0,14.0,44.0,8.0,182.2692612309234,652.5565724613713,209.8111681453323,0.0862742794048188,0.46509726537595864,0.7568034099717376
station_v0_bogota_grid__RoundRobin__seed18__2022-03-05,station_v0_bogota_grid,1.0,RoundRobin,18,2022-03-05,169.11170762533885,13.0,11.0,48.0,4.0,162.52793692023153,720.0768349673411,169.21095531071506,0.09924768537621276,0.4902264654950123,0.809834668288359
station_v0_bogota_grid__Optimal_Oracle_Tracking__seed18__2022-03-05,station_v0_bogota_grid,1.0,Optimal_Oracle_Tracking,18,2022-03-05,168.18811672863944,13.0,11.0,48.0,4.0,162.52793692023153,720.0768349673411,169.21095531071506,1.0228385820756216,0.49301055538718097,0.8108732419725997
station_v0_bogota_grid__MPC_TrackingG2V__seed19__2022-01-17,station_v0_bogota_grid,1.0,MPC_TrackingG2V,19,2022-01-17,156.6380877337754,12.0,14.0,34.0,10.0,181.67520187332212,490.059395548572,157.57209727878097,0.9340095450055799,0.5382775688258435,0.758137012377296
station_v0_bogota_grid__ChargeAsFastAsPossible__seed19__2022-03-05,station_v0_bogota_grid,1.0,ChargeAsFastAsPossible,19,2022-03-05,200.3110214867037,15.0,15.0,44.0,1.0,222.42945595511785,661.3007879270006,200.35842258819173,0.04740110148802046,0.5262138967255556,0.7675287178013959
station_v0_bogota_grid__TD3_vanilla_extended_ts102__seed19__2022-03-05,station_v0_bogota_grid,1.0,TD3_vanilla_extended_ts102,19,2022-03-05,200.2684050530589,15.0,15.0,44.0,1.0,222.42945595511785,661.3007879270006,200.35842258819173,0.09001753513283006,0.5263146953430364,0.7675781763728644
station_v0_bogota_grid__RoundRobin__seed20__2022-01-17,station_v0_bogota_grid,1.0,RoundRobin,20,2022-01-17,250.9125963667111,15.0,18.0,44.0,7.0,234.6578180158052,655.8744594423492,251.07689626794124,0.16429990123012317,0.48343696880569625,0.7233450341223585
station_v0_bogota_grid__Optimal_Oracle_Tracking__seed20__2022-01-17,station_v0_bogota_grid,1.0,Optimal_Oracle_Tracking,20,2022-01-17,249.94421977014397,15.0,18.0,44.0,7.0,234.6578180158052,655.8744594423492,251.07689626794124,1.132676497797263,0.4854306014782037,0.724412761283766
station_v0_bogota_grid__MPC_TrackingG2V__seed20__2022-03-05,station_v0_bogota_grid,1.0,MPC_TrackingG2V,20,2022-03-05,235.40845062969012,14.0,12.0,34.0,9.0,159.9966989986058,515.2381072299337,236.3595441748849,0.951093545194766,0.40606851870213,0.6867892679152391
station_v0_bogota_grid__ChargeAsFastAsPossible__seed21__2022-01-17,station_v0_bogota_grid,1.0,ChargeAsFastAsPossible,21,2022-01-17,157.32345171261932,12.0,5.0,35.0,11.0,66.6086226418395,517.7587973798079,157.3546695780554,0.03121786543607641,0.29754804837324095,0.7669673922792025
station_v0_bogota_grid__TD3_vanilla_extended_ts102__seed21__2022-01-17,station_v0_bogota_grid,1.0,TD3_vanilla_extended_ts102,21,2022-01-17,149.2932913706956,12.0,5.0,35.0,11.0,66.6086226418395,517.7587973798079,157.3546695780554,8.06137820735978,0.33340285414221227,0.7788619266574137
station_v0_bogota_grid__RoundRobin__seed21__2022-03-05,station_v0_bogota_grid,1.0,RoundRobin,21,2022-03-05,186.3942230309532,14.0,6.0,35.0,12.0,93.9933227197031,541.2026223291366,186.53164132622453,0.137418295271317,0.33555210080897935,0.7438704863301236
station_v0_bogota_grid__Optimal_Oracle_Tracking__seed21__2022-03-05,station_v0_bogota_grid,1.0,Optimal_Oracle_Tracking,21,2022-03-05,185.6180550214248,14.0,6.0,35.0,12.0,93.9933227197031,541.2026223291366,186.53164132622453,0.9135863047997361,0.3383189419425953,0.7449370404945928
station_v0_bogota_grid__MPC_TrackingG2V__seed22__2022-01-17,station_v0_bogota_grid,1.0,MPC_TrackingG2V,22,2022-01-17,206.47966316597763,15.0,10.0,49.0,8.0,158.95930766202173,759.2529344770666,207.75877183590308,1.2791086699254492,0.4369525946234509,0.7864765629846975
station_v0_bogota_grid__ChargeAsFastAsPossible__seed22__2022-03-05,station_v0_bogota_grid,1.0,ChargeAsFastAsPossible,22,2022-03-05,196.76585098734708,15.0,18.0,42.0,14.0,244.6452835864137,634.1703246036152,196.7989864648344,0.033135477487320486,0.5542679691719542,0.7632092444733631
station_v0_bogota_grid__TD3_vanilla_extended_ts102__seed22__2022-03-05,station_v0_bogota_grid,1.0,TD3_vanilla_extended_ts102,22,2022-03-05,196.68871762228403,15.0,18.0,42.0,14.0,244.6452835864137,634.1703246036152,196.7989864648344,0.11026884255036862,0.5544426987364678,0.7633020678352318
station_v0_bogota_grid__RoundRobin__seed23__2022-01-17,station_v0_bogota_grid,1.0,RoundRobin,23,2022-01-17,240.33287245633937,16.0,15.0,44.0,11.0,220.2339297234853,661.1742025695294,247.96198640626235,7.629113949922981,0.486683108124895,0.7356470071584194
station_v0_bogota_grid__Optimal_Oracle_Tracking__seed23__2022-01-17,station_v0_bogota_grid,1.0,Optimal_Oracle_Tracking,23,2022-01-17,246.7953360093516,16.0,15.0,44.0,11.0,220.2339297234853,661.1742025695294,247.96198640626235,1.166650396910768,0.4728802035493213,0.7285386513021943
station_v0_bogota_grid__MPC_TrackingG2V__seed23__2022-03-05,station_v0_bogota_grid,1.0,MPC_TrackingG2V,23,2022-03-05,231.68073437131744,15.0,14.0,43.0,5.0,219.39264742205484,653.1203356439138,232.65834949215537,0.9776151208379247,0.48748982757959586,0.7384439948047206
station_v0_bogota_grid__ChargeAsFastAsPossible__seed24__2022-01-17,station_v0_bogota_grid,1.0,ChargeAsFastAsPossible,24,2022-01-17,176.2579207001849,13.0,1.0,38.0,10.0,16.8275300538981,587.4263806162052,176.29868069168367,0.04075999149875997,0.0873433490994063,0.7692128625472352
station_v0_bogota_grid__TD3_vanilla_extended_ts102__seed24__2022-01-17,station_v0_bogota_grid,1.0,TD3_vanilla_extended_ts102,24,2022-01-17,176.22720171232982,13.0,1.0,38.0,10.0,16.8275300538981,587.4263806162052,176.29868069168367,0.07147897935385572,0.08750241082249662,0.7692530851213151
station_v0_bogota_grid__RoundRobin__seed24__2022-03-05,station_v0_bogota_grid,1.0,RoundRobin,24,2022-03-05,163.4816369035884,12.0,6.0,33.0,12.0,87.0837820304146,498.5359723909156,163.60717223155143,0.12553532796303557,0.347875804354895,0.7531022736831317
station_v0_bogota_grid__Optimal_Oracle_Tracking__seed24__2022-03-05,station_v0_bogota_grid,1.0,Optimal_Oracle_Tracking,24,2022-03-05,162.86111232343546,12.0,6.0,33.0,12.0,87.0837820304146,498.5359723909156,163.60717223155143,0.7460599081159671,0.35035106151756273,0.7540394193519987
station_v0_bogota_grid__MPC_TrackingG2V__seed25__2022-01-17,station_v0_bogota_grid,1.0,MPC_TrackingG2V,25,2022-01-17,253.32540102399548,14.0,4.0,35.0,12.0,51.3923348709763,517.3403965996258,254.49488449727377,1.1694834732782908,0.17183398002966802,0.6717882594535195
station_v0_bogota_grid__ChargeAsFastAsPossible__seed25__2022-03-05,station_v0_bogota_grid,1.0,ChargeAsFastAsPossible,25,2022-03-05,229.6807460838948,13.0,3.0,35.0,12.0,39.1428727062093,517.3116870799162,229.76015773147813,0.07941164758332775,0.1458603284981631,0.6925586907349185
station_v0_bogota_grid__TD3_vanilla_extended_ts102__seed25__2022-03-05,station_v0_bogota_grid,1.0,TD3_vanilla_extended_ts102,25,2022-03-05,229.61547942643472,13.0,3.0,35.0,12.0,39.1428727062093,517.3116870799162,229.76015773147813,0.1446783050434135,0.14610304297168114,0.6926460540292434
station_v0_bogota_grid__RoundRobin__seed26__2022-01-17,station_v0_bogota_grid,1.0,RoundRobin,26,2022-01-17,173.14846249226576,13.0,3.0,37.0,7.0,50.3459990372347,559.3697483124282,173.29322990242275,0.14476741015698735,0.22576882726158543,0.7636724283324023
station_v0_bogota_grid__Optimal_Oracle_Tracking__seed26__2022-01-17,station_v0_bogota_grid,1.0,Optimal_Oracle_Tracking,26,2022-01-17,172.01971200444632,13.0,3.0,37.0,7.0,50.3459990372347,559.3697483124282,173.29322990242275,1.2735178979764328,0.23081602087413364,0.7652130418496428
station_v0_bogota_grid__MPC_TrackingG2V__seed26__2022-03-05,station_v0_bogota_grid,1.0,MPC_TrackingG2V,26,2022-03-05,168.43568384760533,13.0,5.0,28.0,10.0,68.2448959486021,412.36074546956576,169.32413002335764,0.888446175752307,0.29100318040835094,0.710434823142218
station_v0_bogota_grid__ChargeAsFastAsPossible__seed27__2022-01-17,station_v0_bogota_grid,1.0,ChargeAsFastAsPossible,27,2022-01-17,258.65567310368937,14.0,18.0,41.0,13.0,234.31065873413144,641.8026269927273,258.73352600785006,0.07785290416069302,0.47539047998497674,0.7127759143907201
station_v0_bogota_grid__TD3_vanilla_extended_ts102__seed27__2022-01-17,station_v0_bogota_grid,1.0,TD3_vanilla_extended_ts102,27,2022-01-17,258.6365953400161,14.0,18.0,41.0,13.0,234.31065873413144,641.8026269927273,258.73352600785006,0.09693066783398763,0.4754291738064712,0.7127970992855294
station_v0_bogota_grid__RoundRobin__seed27__2022-03-05,station_v0_bogota_grid,1.0,RoundRobin,27,2022-03-05,277.45209474689057,15.0,20.0,49.0,11.0,270.46080487036824,751.0443254453993,277.6474092996307,0.19531455274011478,0.49380051680663706,0.7302864547505483
station_v0_bogota_grid__Optimal_Oracle_Tracking__seed27__2022-03-05,station_v0_bogota_grid,1.0,Optimal_Oracle_Tracking,27,2022-03-05,276.5165392456655,15.0,20.0,49.0,11.0,270.46080487036824,751.0443254453993,277.6474092996307,1.1308700539651682,0.4955073978148733,0.7311959162244046
station_v0_bogota_grid__MPC_TrackingG2V__seed28__2022-01-17,station_v0_bogota_grid,1.0,MPC_TrackingG2V,28,2022-01-17,182.9979599054309,13.0,13.0,28.0,20.0,166.62297429013,394.9395367045104,184.1843817962258,1.186421890794918,0.4783519879771747,0.6840089762149959
station_v0_bogota_grid__ChargeAsFastAsPossible__seed28__2022-03-05,station_v0_bogota_grid,1.0,ChargeAsFastAsPossible,28,2022-03-05,213.357163443297,15.0,13.0,40.0,9.0,173.40397411215508,590.1862252448951,213.4084515107249,0.05128806742789038,0.4484221568122322,0.7344965445705899
station_v0_bogota_grid__TD3_vanilla_extended_ts102__seed28__2022-03-05,station_v0_bogota_grid,1.0,TD3_vanilla_extended_ts102,28,2022-03-05,205.12799370197283,15.0,13.0,40.0,9.0,173.40397411215508,590.1862252448951,213.4084515107249,8.280457808752061,0.4696964727240668,0.744736992870407
station_v0_bogota_grid__RoundRobin__seed29__2022-01-17,station_v0_bogota_grid,1.0,RoundRobin,29,2022-01-17,189.28542209825756,12.0,2.0,28.0,16.0,26.7902532533877,414.9306349188984,189.3765472201402,0.09112512188264077,0.1243547960019063,0.6867728405473313
station_v0_bogota_grid__Optimal_Oracle_Tracking__seed29__2022-01-17,station_v0_bogota_grid,1.0,Optimal_Oracle_Tracking,29,2022-01-17,188.36689267892064,12.0,2.0,28.0,16.0,26.7902532533877,414.9306349188984,189.3765472201402,1.009654541219561,0.12860396570476917,0.6882928115926623
station_v0_bogota_grid__MPC_TrackingG2V__seed29__2022-03-05,station_v0_bogota_grid,1.0,MPC_TrackingG2V,29,2022-03-05,200.35728841135733,13.0,10.0,34.0,15.0,140.39927782693212,508.4628881050322,201.25832632717243,0.9010379158150954,0.4135728695182612,0.7176957876739695
station_v0_bogota_grid__ChargeAsFastAsPossible__seed30__2022-01-17,station_v0_bogota_grid,1.0,ChargeAsFastAsPossible,30,2022-01-17,231.7448445583077,16.0,20.0,37.0,1.0,323.00593999884256,580.4880601247531,231.80288590953364,0.05804135122593834,0.582297840740228,0.7147021695985692
station_v0_bogota_grid__TD3_vanilla_extended_ts102__seed30__2022-01-17,station_v0_bogota_grid,1.0,TD3_vanilla_extended_ts102,30,2022-01-17,231.65323686903355,16.0,20.0,37.0,1.0,323.00593999884256,580.4880601247531,231.80288590953364,0.1496490405000941,0.5824629565152414,0.71481494654102
station_v0_bogota_grid__RoundRobin__seed30__2022-03-05,station_v0_bogota_grid,1.0,RoundRobin,30,2022-03-05,177.56930362780736,15.0,10.0,30.0,5.0,144.82121288957478,462.42400855965553,177.8305820607166,0.26127843290925057,0.44965654489799395,0.7226582890163236
station_v0_bogota_grid__Optimal_Oracle_Tracking__seed30__2022-03-05,station_v0_bogota_grid,1.0,Optimal_Oracle_Tracking,30,2022-03-05,176.72334287476443,15.0,10.0,30.0,5.0,144.82121288957478,462.42400855965553,177.8305820607166,1.1072391859521815,0.4522784449347604,0.7239795770874067
station_v0_bogota_grid__MPC_TrackingG2V__seed31__2022-01-17,station_v0_bogota_grid,1.0,MPC_TrackingG2V,31,2022-01-17,161.81579510223168,12.0,14.0,30.0,16.0,178.5837972589848,427.4147673875125,162.885114201231,1.0693190989993298,0.5261185142440569,0.7258752709441212
station_v0_bogota_grid__ChargeAsFastAsPossible__seed31__2022-03-05,station_v0_bogota_grid,1.0,ChargeAsFastAsPossible,31,2022-03-05,137.10221954332843,10.0,7.0,27.0,17.0,96.252567647562,391.0718593950834,137.13425591977978,0.032036376451344495,0.41255372755108105,0.7404380305941708
station_v0_bogota_grid__TD3_vanilla_extended_ts102__seed31__2022-03-05,station_v0_bogota_grid,1.0,TD3_vanilla_extended_ts102,31,2022-03-05,136.5941495914206,10.0,7.0,27.0,17.0,96.252567647562,391.0718593950834,137.13425591977978,0.5401063283591725,0.41473067115116063,0.7413999088026518
station_v0_bogota_grid__RoundRobin__seed32__2022-01-17,station_v0_bogota_grid,1.0,RoundRobin,32,2022-01-17,184.4684170216535,12.0,3.0,24.0,16.0,39.691148798968,357.3406865536665,184.6462613760714,0.17784435441791402,0.17771887944270237,0.6596441709043377
station_v0_bogota_grid__Optimal_Oracle_Tracking__seed32__2022-01-17,station_v0_bogota_grid,1.0,Optimal_Oracle_Tracking,32,2022-01-17,183.3709699230589,12.0,3.0,24.0,16.0,39.691148798968,357.3406865536665,184.6462613760714,1.2752914530124997,0.18261082812722318,0.661669029810602
station_v0_bogota_grid__MPC_TrackingG2V__seed32__2022-03-05,station_v0_bogota_grid,1.0,MPC_TrackingG2V,32,2022-03-05,154.36803527696298,11.0,7.0,23.0,14.0,101.0287971906364,346.59506690691387,155.2363306464967,0.8682953695337119,0.39762371657890905,0.692390639506502
station_v0_bogota_grid__ChargeAsFastAsPossible__seed33__2022-01-17,station_v0_bogota_grid,1.0,ChargeAsFastAsPossible,33,2022-01-17,232.02058682765613,15.0,6.0,31.0,6.0,101.8437058442656,498.2938341594222,232.0891792831666,0.06859245551046911,0.3051879669200154,0.6823302533638483
station_v0_bogota_grid__TD3_vanilla_extended_ts102__seed33__2022-01-17,station_v0_bogota_grid,1.0,TD3_vanilla_extended_ts102,33,2022-01-17,207.9401278986728,15.0,6.0,31.0,6.0,101.8437058442656,498.2938341594222,232.0891792831666,24.149051384493788,0.37729963965866753,0.7152998850307767
station_v0_bogota_grid__RoundRobin__seed33__2022-03-05,station_v0_bogota_grid,1.0,RoundRobin,33,2022-03-05,217.94384483455443,15.0,17.0,35.0,8.0,271.9700516205053,552.1122498474562,228.82661185122052,10.882767016666094,0.56480571710746,0.7209207333330948
station_v0_bogota_grid__Optimal_Oracle_Tracking__seed33__2022-03-05,station_v0_bogota_grid,1.0,Optimal_Oracle_Tracking,33,2022-03-05,227.7966619761803,15.0,17.0,35.0,8.0,271.9700516205053,552.1122498474562,228.82661185122052,1.0299498750402165,0.5451314303953197,0.7083041027300354
station_v0_bogota_grid__MPC_TrackingG2V__seed34__2022-01-17,station_v0_bogota_grid,1.0,MPC_TrackingG2V,34,2022-01-17,193.8875571731068,15.0,10.0,37.0,9.0,143.07339320070804,582.8506776877126,195.10530814284445,1.2177509697376365,0.42667129419206584,0.7507731019434093
station_v0_bogota_grid__ChargeAsFastAsPossible__seed34__2022-03-05,station_v0_bogota_grid,1.0,ChargeAsFastAsPossible,34,2022-03-05,157.28497940763822,13.0,6.0,39.0,17.0,94.0845595326932,580.1912725700184,157.31554844248353,0.030569034845314036,0.3743639146600186,0.7867342037708802
station_v0_bogota_grid__TD3_vanilla_extended_ts102__seed34__2022-03-05,station_v0_bogota_grid,1.0,TD3_vanilla_extended_ts102,34,2022-03-05,157.2525163381398,13.0,6.0,39.0,17.0,94.0845595326932,580.1912725700184,157.31554844248353,0.06303210434373341,0.37449304375928544,0.7867782210851253
station_v0_bogota_grid__RoundRobin__seed35__2022-01-17,station_v0_bogota_grid,1.0,RoundRobin,35,2022-01-17,212.0261695412943,13.0,0.0,22.0,10.0,0.0,306.9876531406033,212.24403454820947,0.21786500691516153,0.0010264835352330024,0.5916540254215642
station_v0_bogota_grid__Optimal_Oracle_Tracking__seed35__2022-01-17,station_v0_bogota_grid,1.0,Optimal_Oracle_Tracking,35,2022-01-17,211.0899991803716,13.0,0.0,22.0,10.0,0.0,306.9876531406033,212.24403454820947,1.1540353678378779,0.005437304140464538,0.593457017001469
station_v0_bogota_grid__MPC_TrackingG2V__seed35__2022-03-05,station_v0_bogota_grid,1.0,MPC_TrackingG2V,35,2022-03-05,209.99915887702943,14.0,2.0,30.0,11.0,26.83466610235429,431.9078347884401,210.799491361874,0.8003324848445743,0.11629219840316442,0.6732584952238189
station_v0_bogota_grid__ChargeAsFastAsPossible__seed36__2022-01-17,station_v0_bogota_grid,1.0,ChargeAsFastAsPossible,36,2022-01-17,258.31800480506104,15.0,4.0,24.0,9.0,51.7381868434326,360.06979987089977,258.3941981731553,0.07619336809426613,0.16707181421493766,0.5823232950955696
station_v0_bogota_grid__TD3_vanilla_extended_ts102__seed36__2022-01-17,station_v0_bogota_grid,1.0,TD3_vanilla_extended_ts102,36,2022-01-17,239.25900206829755,15.0,4.0,24.0,9.0,51.7381868434326,360.06979987089977,258.3941981731553,19.135196104857755,0.22852622419454713,0.613139968009497
station_v0_bogota_grid__RoundRobin__seed36__2022-03-05,station_v0_bogota_grid,1.0,RoundRobin,36,2022-03-05,174.5436080841726,11.0,7.0,25.0,11.0,102.7607084357579,385.203337201832,174.76106417404216,0.21745608986955745,0.3710633711986856,0.6882951708085264
station_v0_bogota_grid__Optimal_Oracle_Tracking__seed36__2022-03-05,station_v0_bogota_grid,1.0,Optimal_Oracle_Tracking,36,2022-03-05,174.0360795675277,11.0,7.0,25.0,11.0,102.7607084357579,385.203337201832,174.76106417404216,0.7249846065144538,0.3728921593037489,0.6892015293473869
station_v0_bogota_grid__MPC_TrackingG2V__seed37__2022-01-17,station_v0_bogota_grid,1.0,MPC_TrackingG2V,37,2022-01-17,222.61250978308132,14.0,1.0,29.0,10.0,16.6677228815799,464.6380973109944,223.5666725698765,0.9541627867951661,0.07335288369202682,0.6765315796610711
station_v0_bogota_grid__ChargeAsFastAsPossible__seed37__2022-03-05,station_v0_bogota_grid,1.0,ChargeAsFastAsPossible,37,2022-03-05,165.26353066543828,11.0,1.0,23.0,14.0,12.9705010402643,342.6164130494258,165.3092173844786,0.045686719040304524,0.0730099187631325,0.6746304561865504
station_v0_bogota_grid__TD3_vanilla_extended_ts102__seed37__2022-03-05,station_v0_bogota_grid,1.0,TD3_vanilla_extended_ts102,37,2022-03-05,165.25221693301245,11.0,1.0,23.0,14.0,12.9705010402643,342.6164130494258,165.3092173844786,0.05700045146613775,0.07307337933243224,0.6746527305742716
station_v0_bogota_grid__RoundRobin__seed38__2022-01-17,station_v0_bogota_grid,1.0,RoundRobin,38,2022-01-17,216.5374909648625,12.0,5.0,31.0,11.0,64.4144530829053,465.5092914245346,216.6893789482603,0.15188798339778486,0.2296885837513048,0.6825888111940569
station_v0_bogota_grid__Optimal_Oracle_Tracking__seed38__2022-01-17,station_v0_bogota_grid,1.0,Optimal_Oracle_Tracking,38,2022-01-17,215.80699574005945,12.0,5.0,31.0,11.0,64.4144530829053,465.5092914245346,216.6893789482603,0.8823832082008494,0.23228725065500633,0.6836596066331684
station_v0_bogota_grid__MPC_TrackingG2V__seed38__2022-03-05,station_v0_bogota_grid,1.0,MPC_TrackingG2V,38,2022-03-05,197.4795732719849,11.0,2.0,25.0,15.0,26.83466610235429,373.7640256237224,198.29549335372545,0.8159200817405576,0.12282044418615164,0.6547919111197062
station_v0_bogota_grid__ChargeAsFastAsPossible__seed39__2022-01-17,station_v0_bogota_grid,1.0,ChargeAsFastAsPossible,39,2022-01-17,182.26966637946092,11.0,6.0,23.0,12.0,80.3011542654791,341.98350723495565,182.3191080994636,0.04944172000267599,0.305957336505227,0.652357892086419
station_v0_bogota_grid__TD3_vanilla_extended_ts102__seed39__2022-01-17,station_v0_bogota_grid,1.0,TD3_vanilla_extended_ts102,39,2022-01-17,182.13011944169315,11.0,6.0,23.0,12.0,80.3011542654791,341.98350723495565,182.3191080994636,0.18898865777043738,0.30648870044687837,0.652624049327841
station_v0_bogota_grid__RoundRobin__seed39__2022-03-05,station_v0_bogota_grid,1.0,RoundRobin,39,2022-03-05,174.7074440780227,11.0,6.0,24.0,14.0,84.2361590769885,366.0717194450266,174.843273056201,0.13582897817832418,0.32566069548813986,0.6770149718532229
station_v0_bogota_grid__Optimal_Oracle_Tracking__seed39__2022-03-05,station_v0_bogota_grid,1.0,Optimal_Oracle_Tracking,39,2022-03-05,174.1285108819614,11.0,6.0,24.0,14.0,84.2361590769885,366.0717194450266,174.843273056201,0.7147621742396097,0.3278952734756494,0.678085256840859
station_v0_bogota_grid__MPC_TrackingG2V__seed40__2022-01-17,station_v0_bogota_grid,1.0,MPC_TrackingG2V,40,2022-01-17,256.87074932886384,15.0,14.0,39.0,12.0,187.93302918399309,589.0016426446929,258.1024400511501,1.2316907222862596,0.4241024155111632,0.6967660119032922
station_v0_bogota_grid__ChargeAsFastAsPossible__seed40__2022-03-05,station_v0_bogota_grid,1.0,ChargeAsFastAsPossible,40,2022-03-05,156.6702050074785,11.0,2.0,26.0,17.0,28.9594652606779,389.0491698634732,156.70357129248424,0.03336628500574079,0.15615833977476673,0.7129282306935633
station_v0_bogota_grid__TD3_vanilla_extended_ts102__seed40__2022-03-05,station_v0_bogota_grid,1.0,TD3_vanilla_extended_ts102,40,2022-03-05,156.60301134008688,11.0,2.0,26.0,17.0,28.9594652606779,389.0491698634732,156.70357129248424,0.10055995239736149,0.15652025170208989,0.7130513517744566
station_v0_bogota_grid__RoundRobin__seed41__2022-01-17,station_v0_bogota_grid,1.0,RoundRobin,41,2022-01-17,156.48845024368984,12.0,12.0,33.0,15.0,152.2285752536506,474.7561641959834,156.66459148306902,0.17614123937917725,0.49338973115883017,0.7521645450577618
station_v0_bogota_grid__Optimal_Oracle_Tracking__seed41__2022-01-17,station_v0_bogota_grid,1.0,Optimal_Oracle_Tracking,41,2022-01-17,155.588798766344,12.0,12.0,33.0,15.0,152.2285752536506,474.7561641959834,156.66459148306902,1.0757927167250045,0.4963022315771791,0.7535893501013944
station_v0_bogota_grid__MPC_TrackingG2V__seed41__2022-03-05,station_v0_bogota_grid,1.0,MPC_TrackingG2V,41,2022-03-05,147.90934675887394,12.0,13.0,32.0,12.0,171.6470555451794,470.4892521089315,148.87555530652006,0.9662085476461186,0.5385369338972809,0.7611918775687545
station_v0_bogota_grid__ChargeAsFastAsPossible__seed42__2022-01-17,station_v0_bogota_grid,1.0,ChargeAsFastAsPossible,42,2022-01-17,240.9268738178905,14.0,8.0,35.0,13.0,110.5921045860328,526.7928662704916,240.98765321725227,0.06077939936176335,0.3147305313501773,0.6862034556716355
station_v0_bogota_grid__TD3_vanilla_extended_ts102__seed42__2022-01-17,station_v0_bogota_grid,1.0,TD3_vanilla_extended_ts102,42,2022-01-17,240.88104012650484,14.0,8.0,35.0,13.0,110.5921045860328,526.7928662704916,240.98765321725227,0.1066130907474303,0.3148608963395386,0.68626315201743
station_v0_bogota_grid__RoundRobin__seed42__2022-03-05,station_v0_bogota_grid,1.0,RoundRobin,42,2022-03-05,207.7476370740425,13.0,12.0,42.0,8.0,173.46438737740718,646.2836134398752,207.8667513490321,0.11911427498961302,0.4552041100869099,0.7567786122465865
station_v0_bogota_grid__Optimal_Oracle_Tracking__seed42__2022-03-05,station_v0_bogota_grid,1.0,Optimal_Oracle_Tracking,42,2022-03-05,206.8727685233997,13.0,12.0,42.0,8.0,173.46438737740718,646.2836134398752,207.8667513490321,0.9939828256324006,0.45749835900024194,0.7578028681466106
station_v0_bogota_grid__MPC_TrackingG2V__seed43__2022-01-17,station_v0_bogota_grid,1.0,MPC_TrackingG2V,43,2022-01-17,153.02579091211635,10.0,1.0,32.0,15.0,12.8498847984186,457.34686636732135,153.78802404912605,0.7622331370097015,0.08168680241830142,0.7496039036360049
station_v0_bogota_grid__ChargeAsFastAsPossible__seed43__2022-03-05,station_v0_bogota_grid,1.0,ChargeAsFastAsPossible,43,2022-03-05,167.20247890238002,12.0,8.0,39.0,9.0,105.3167017802695,576.5121920739621,167.2456199015754,0.04314099919537284,0.3865532188357595,0.7751923055997705
station_v0_bogota_grid__TD3_vanilla_extended_ts102__seed43__2022-03-05,station_v0_bogota_grid,1.0,TD3_vanilla_extended_ts102,43,2022-03-05,167.19105758324295,12.0,8.0,39.0,9.0,105.3167017802695,576.5121920739621,167.2456199015754,0.05456231833244374,0.3865951223500332,0.7752076618339547
station_v0_bogota_grid__RoundRobin__seed44__2022-01-17,station_v0_bogota_grid,1.0,RoundRobin,44,2022-01-17,138.96470722354505,12.0,0.0,30.0,13.0,0.0,438.1041887382335,145.3286836986017,6.36397647505666,0.04379022993323851,0.761815431065568
station_v0_bogota_grid__Optimal_Oracle_Tracking__seed44__2022-01-17,station_v0_bogota_grid,1.0,Optimal_Oracle_Tracking,44,2022-01-17,144.4952429816721,12.0,0.0,30.0,13.0,0.0,438.1041887382335,145.3286836986017,0.8334407169296014,0.005734867307117985,0.7523361301564033
station_v0_bogota_grid__MPC_TrackingG2V__seed44__2022-03-05,station_v0_bogota_grid,1.0,MPC_TrackingG2V,44,2022-03-05,130.90987075474104,12.0,5.0,26.0,13.0,70.1384103041272,381.61823596858807,131.69147992769388,0.7816091729528409,0.35138511642463643,0.7449690377939536
station_v0_bogota_grid__ChargeAsFastAsPossible__seed45__2022-01-17,station_v0_bogota_grid,1.0,ChargeAsFastAsPossible,45,2022-01-17,206.7762106532816,13.0,1.0,33.0,11.0,16.6677228815799,499.30066314762166,206.83313467257483,0.056924019293234096,0.07483034778432879,0.7071713444511641
station_v0_bogota_grid__TD3_vanilla_extended_ts102__seed45__2022-01-17,station_v0_bogota_grid,1.0,TD3_vanilla_extended_ts102,45,2022-01-17,206.74833455668204,13.0,1.0,33.0,11.0,16.6677228815799,499.30066314762166,206.83313467257483,0.08480011589279002,0.07495507257019589,0.7072108215257435
station_v0_bogota_grid__RoundRobin__seed45__2022-03-05,station_v0_bogota_grid,1.0,RoundRobin,45,2022-03-05,195.4508282663705,13.0,4.0,40.0,7.0,62.6046818001267,606.013347606003,195.5625382386725,0.11170997230198054,0.2429293376711545,0.7561667813142724
station_v0_bogota_grid__Optimal_Oracle_Tracking__seed45__2022-03-05,station_v0_bogota_grid,1.0,Optimal_Oracle_Tracking,45,2022-03-05,194.61262751539488,13.0,4.0,40.0,7.0,62.6046818001267,606.013347606003,195.5625382386725,0.9499107232776112,0.24617607345290735,0.7572124723907853
station_v0_bogota_grid__MPC_TrackingG2V__seed46__2022-01-17,station_v0_bogota_grid,1.0,MPC_TrackingG2V,46,2022-01-17,271.46137878558466,15.0,24.0,53.0,12.0,321.32403231110914,815.1782820907837,272.72976335215844,1.2683845665737863,0.5430356968218761,0.75047396705752
station_v0_bogota_grid__ChargeAsFastAsPossible__seed46__2022-03-05,station_v0_bogota_grid,1.0,ChargeAsFastAsPossible,46,2022-03-05,276.6063595680329,15.0,26.0,51.0,11.0,392.0031375973125,772.4728332827,276.6956122409052,0.08925267287230554,0.5863513134502586,0.7363565776799665
station_v0_bogota_grid__TD3_vanilla_extended_ts102__seed46__2022-03-05,station_v0_bogota_grid,1.0,TD3_vanilla_extended_ts102,46,2022-03-05,276.5449947253911,15.0,26.0,51.0,11.0,392.0031375973125,772.4728332827,276.6956122409052,0.15061751551405678,0.5864430809952953,0.7364150667080188
station_v0_bogota_grid__RoundRobin__seed47__2022-01-17,station_v0_bogota_grid,1.0,RoundRobin,47,2022-01-17,183.6102495029165,14.0,10.0,27.0,10.0,136.3182205605405,405.1566048769045,185.2031887367941,1.592939233877587,0.428933053309932,0.6889858498340391
station_v0_bogota_grid__Optimal_Oracle_Tracking__seed47__2022-01-17,station_v0_bogota_grid,1.0,Optimal_Oracle_Tracking,47,2022-01-17,184.03389954592504,14.0,10.0,27.0,10.0,136.3182205605405,405.1566048769045,185.2031887367941,1.1692891908690513,0.4276154115269652,0.6882682365284052
station_v0_bogota_grid__MPC_TrackingG2V__seed47__2022-03-05,station_v0_bogota_grid,1.0,MPC_TrackingG2V,47,2022-03-05,179.4476111840053,14.0,8.0,25.0,9.0,117.7198032909746,384.08073217820674,180.23055847908097,0.7829472950756724,0.39772648666057087,0.6820059882640453
station_v0_bogota_grid__ChargeAsFastAsPossible__seed48__2022-01-17,station_v0_bogota_grid,1.0,ChargeAsFastAsPossible,48,2022-01-17,305.0885752910036,16.0,9.0,31.0,18.0,119.6124074002314,454.50019364253575,305.1872694143928,0.09869412338917982,0.2818060089435063,0.5984025140241899
station_v0_bogota_grid__TD3_vanilla_extended_ts102__seed48__2022-01-17,station_v0_bogota_grid,1.0,TD3_vanilla_extended_ts102,48,2022-01-17,305.0679764828615,16.0,9.0,31.0,18.0,119.6124074002314,454.50019364253575,305.1872694143928,0.11929293153127674,0.2818544995833688,0.598429628869628
station_v0_bogota_grid__RoundRobin__seed48__2022-03-05,station_v0_bogota_grid,1.0,RoundRobin,48,2022-03-05,268.28367716485883,15.0,11.0,32.0,12.0,146.2954597535727,473.3324868019284,274.0427989740225,5.759121809163673,0.361743377876238,0.6410321798555094
station_v0_bogota_grid__Optimal_Oracle_Tracking__seed48__2022-03-05,station_v0_bogota_grid,1.0,Optimal_Oracle_Tracking,48,2022-03-05,273.16495195206045,15.0,11.0,32.0,12.0,146.2954597535727,473.3324868019284,274.0427989740225,0.8778470219620544,0.3501306476860866,0.6345009566800819
station_v0_bogota_grid__MPC_TrackingG2V__seed49__2022-01-17,station_v0_bogota_grid,1.0,MPC_TrackingG2V,49,2022-01-17,204.31388133100648,14.0,6.0,34.0,18.0,78.63273317860609,521.583688432999,205.51313166389733,1.1992503328908413,0.2809542329808188,0.719000447142956
station_v0_bogota_grid__ChargeAsFastAsPossible__seed49__2022-03-05,station_v0_bogota_grid,1.0,ChargeAsFastAsPossible,49,2022-03-05,225.576280835588,15.0,11.0,41.0,13.0,153.30160806461998,642.7603114805373,225.6339324027065,0.05765156711851205,0.4047106783454687,0.740237475749647
station_v0_bogota_grid__TD3_vanilla_extended_ts102__seed49__2022-03-05,station_v0_bogota_grid,1.0,TD3_vanilla_extended_ts102,49,2022-03-05,208.70390133079803,15.0,11.0,41.0,13.0,153.30160806461998,642.7603114805373,225.6339324027065,16.930031071908473,0.44923640291588485,0.7596668761903281
station_v0_bogota_grid_spawn1.3__RoundRobin__seed0__2022-01-17,station_v0_bogota_grid_spawn1.3,1.3,RoundRobin,0,2022-01-17,236.5994535759253,16.0,22.0,57.0,16.0,305.9873618492244,841.8286156020673,236.77892507994892,0.1794715040236099,0.5640859440357988,0.7806436125726317
station_v0_bogota_grid_spawn1.3__Optimal_Oracle_Tracking__seed0__2022-01-17,station_v0_bogota_grid_spawn1.3,1.3,Optimal_Oracle_Tracking,0,2022-01-17,235.60188303698976,16.0,22.0,57.0,16.0,305.9873618492244,841.8286156020673,236.77892507994892,1.1770420429591582,0.5659238815845355,0.7815684814441257
station_v0_bogota_grid_spawn1.3__MPC_TrackingG2V__seed0__2022-03-05,station_v0_bogota_grid_spawn1.3,1.3,MPC_TrackingG2V,0,2022-03-05,205.318970659242,15.0,24.0,48.0,19.0,337.8386564567647,704.8839869135285,206.3812794222937,1.062308763051675,0.6227279503688193,0.7746880318561629
station_v0_bogota_grid_spawn1.3__ChargeAsFastAsPossible__seed1__2022-01-17,station_v0_bogota_grid_spawn1.3,1.3,ChargeAsFastAsPossible,1,2022-01-17,210.6454884247476,14.0,23.0,56.0,17.0,291.1888147364417,812.349296041467,210.6948761490065,0.04938772425887805,0.5802902300867431,0.7940993222475159
station_v0_bogota_grid_spawn1.3__TD3_vanilla_extended_ts102__seed1__2022-01-17,station_v0_bogota_grid_spawn1.3,1.3,TD3_vanilla_extended_ts102,1,2022-01-17,210.6212003960736,14.0,23.0,56.0,17.0,291.1888147364417,812.349296041467,210.6948761490065,0.07367575293289974,0.5803386238263986,0.7941230631859173
station_v0_bogota_grid_spawn1.3__RoundRobin__seed1__2022-03-05,station_v0_bogota_grid_spawn1.3,1.3,RoundRobin,1,2022-03-05,227.8914239806808,16.0,32.0,59.0,12.0,467.2569432100625,873.6009654739211,228.0713140828252,0.17989010214441237,0.6722534693643439,0.793140457276122
station_v0_bogota_grid_spawn1.3__Optimal_Oracle_Tracking__seed1__2022-03-05,station_v0_bogota_grid_spawn1.3,1.3,Optimal_Oracle_Tracking,1,2022-03-05,226.7685142765052,16.0,32.0,59.0,12.0,467.2569432100625,873.6009654739211,228.0713140828252,1.3027998063200243,0.6738684040263514,0.7941597347191629
station_v0_bogota_grid_spawn1.3__MPC_TrackingG2V__seed2__2022-01-17,station_v0_bogota_grid_spawn1.3,1.3,MPC_TrackingG2V,2,2022-01-17,198.42796066394533,14.0,9.0,41.0,17.0,129.75642967060588,616.28695329705,199.4961817162337,1.0682210522883793,0.3973382327078588,0.7567638356967085
station_v0_bogota_grid_spawn1.3__ChargeAsFastAsPossible__seed2__2022-03-05,station_v0_bogota_grid_spawn1.3,1.3,ChargeAsFastAsPossible,2,2022-03-05,271.809020377814,17.0,21.0,59.0,3.0,331.5540342360206,915.2229137070252,271.88997825768365,0.08095787986962932,0.5495704410843751,0.7710335535755478
station_v0_bogota_grid_spawn1.3__TD3_vanilla_extended_ts102__seed2__2022-03-05,station_v0_bogota_grid_spawn1.3,1.3,TD3_vanilla_extended_ts102,2,2022-03-05,247.53260610212143,17.0,21.0,59.0,3.0,331.5540342360206,915.2229137070252,271.88997825768365,24.357372155562217,0.5898002118221299,0.7914835162033771
station_v0_bogota_grid_spawn1.3__RoundRobin__seed3__2022-01-17,station_v0_bogota_grid_spawn1.3,1.3,RoundRobin,3,2022-01-17,210.6961742359216,13.0,5.0,44.0,14.0,65.2954222484842,638.0071120444248,210.83035591535548,0.1341816794338797,0.2369557973290539,0.7517826648930336
station_v0_bogota_grid_spawn1.3__Optimal_Oracle_Tracking__seed3__2022-01-17,station_v0_bogota_grid_spawn1.3,1.3,Optimal_Oracle_Tracking,3,2022-01-17,209.84404862324612,13.0,5.0,44.0,14.0,65.2954222484842,638.0071120444248,210.83035591535548,0.986307292109359,0.2400418026210693,0.7527865385965867
station_v0_bogota_grid_spawn1.3__MPC_TrackingG2V__seed3__2022-03-05,station_v0_bogota_grid_spawn1.3,1.3,MPC_TrackingG2V,3,2022-03-05,220.51462966406973,15.0,18.0,49.0,8.0,254.4918121065862,725.0412914532693,221.7806136868596,1.2659840227898655,0.5369989574838319,0.7671002028291332
station_v0_bogota_grid_spawn1.3__ChargeAsFastAsPossible__seed4__2022-01-17,station_v0_bogota_grid_spawn1.3,1.3,ChargeAsFastAsPossible,4,2022-01-17,195.6856132438623,15.0,12.0,55.0,21.0,154.1437364332877,800.5407689214562,195.7302649930538,0.04465174919150172,0.4406969010383593,0.8035819505110151
station_v0_bogota_grid_spawn1.3__TD3_vanilla_extended_ts102__seed4__2022-01-17,station_v0_bogota_grid_spawn1.3,1.3,TD3_vanilla_extended_ts102,4,2022-01-17,195.6040374480803,15.0,12.0,55.0,21.0,154.1437364332877,800.5407689214562,195.7302649930538,0.12622754497348865,0.440930058676393,0.8036638316387456
station_v0_bogota_grid_spawn1.3__RoundRobin__seed4__2022-03-05,station_v0_bogota_grid_spawn1.3,1.3,RoundRobin,4,2022-03-05,200.712170498315,15.0,23.0,60.0,15.0,344.39995407959896,888.2698759478592,200.8425931959265,0.13042269761149328,0.6318846144688525,0.8157103364576237
station_v0_bogota_grid_spawn1.3__Optimal_Oracle_Tracking__seed4__2022-03-05,station_v0_bogota_grid_spawn1.3,1.3,Optimal_Oracle_Tracking,4,2022-03-05,199.77090791744425,15.0,23.0,60.0,15.0,344.39995407959896,888.2698759478592,200.8425931959265,1.0716852784822493,0.6336109334906788,0.8165745838219117
station_v0_bogota_grid_spawn1.3__MPC_TrackingG2V__seed5__2022-01-17,station_v0_bogota_grid_spawn1.3,1.3,MPC_TrackingG2V,5,2022-01-17,179.91344240467376,15.0,17.0,47.0,10.0,247.7119036881366,716.1380701568563,181.03753821555551,1.1240958108817551,0.5803762645011517,0.7994668594133325
station_v0_bogota_grid_spawn1.3__ChargeAsFastAsPossible__seed5__2022-03-05,station_v0_bogota_grid_spawn1.3,1.3,ChargeAsFastAsPossible,5,2022-03-05,181.6662425443228,15.0,23.0,54.0,11.0,329.70554916777706,814.489589955573,181.713143939356,0.046901395033188464,0.6447798154568688,0.8176412929183113
station_v0_bogota_grid_spawn1.3__TD3_vanilla_extended_ts102__seed5__2022-03-05,station_v0_bogota_grid_spawn1.3,1.3,TD3_vanilla_extended_ts102,5,2022-03-05,181.64811576612573,15.0,23.0,54.0,11.0,329.70554916777706,814.489589955573,181.713143939356,0.06502817323027443,0.6448152595625328,0.8176594887910793
station_v0_bogota_grid_spawn1.3__RoundRobin__seed6__2022-01-17,station_v0_bogota_grid_spawn1.3,1.3,RoundRobin,6,2022-01-17,192.43260127600948,14.0,16.0,36.0,19.0,204.05904977663664,508.1624892808893,192.53006302483013,0.09746174882064906,0.5147809280071145,0.725367993932881
station_v0_bogota_grid_spawn1.3__Optimal_Oracle_Tracking__seed6__2022-01-17,station_v0_bogota_grid_spawn1.3,1.3,Optimal_Oracle_Tracking,6,2022-01-17,191.3942786796149,14.0,16.0,36.0,19.0,204.05904977663664,508.1624892808893,192.53006302483013,1.135784345215228,0.5173990598793183,0.7268498458420782
station_v0_bogota_grid_spawn1.3__MPC_TrackingG2V__seed6__2022-03-05,station_v0_bogota_grid_spawn1.3,1.3,MPC_TrackingG2V,6,2022-03-05,148.69180997757235,12.0,6.0,40.0,16.0,79.99581525943199,573.306118258578,149.46260723469973,0.7707972571273842,0.3519880056641849,0.7942747040194736
station_v0_bogota_grid_spawn1.3__ChargeAsFastAsPossible__seed7__2022-01-17,station_v0_bogota_grid_spawn1.3,1.3,ChargeAsFastAsPossible,7,2022-01-17,216.4114508340968,14.0,14.0,44.0,22.0,189.7446874822018,658.7363978093663,216.47252074709183,0.06106991299503761,0.4672518877832939,0.7527316664105308
station_v0_bogota_grid_spawn1.3__TD3_vanilla_extended_ts102__seed7__2022-01-17,station_v0_bogota_grid_spawn1.3,1.3,TD3_vanilla_extended_ts102,7,2022-01-17,216.3792418336971,14.0,14.0,44.0,22.0,189.7446874822018,658.7363978093663,216.47252074709183,0.09327891339472671,0.46733117787673945,0.7527684679098263
station_v0_bogota_grid_spawn1.3__RoundRobin__seed7__2022-03-05,station_v0_bogota_grid_spawn1.3,1.3,RoundRobin,7,2022-03-05,231.56749850477132,16.0,30.0,44.0,20.0,435.47850654600114,658.4908117524366,231.6959360557911,0.12843755101977194,0.6529131157936395,0.7398663830090428
station_v0_bogota_grid_spawn1.3__Optimal_Oracle_Tracking__seed7__2022-03-05,station_v0_bogota_grid_spawn1.3,1.3,Optimal_Oracle_Tracking,7,2022-03-05,230.55123244343548,16.0,30.0,44.0,20.0,435.47850654600114,658.4908117524366,231.6959360557911,1.1447036123556131,0.6544363546895611,0.7410080154404826
station_v0_bogota_grid_spawn1.3__MPC_TrackingG2V__seed8__2022-01-17,station_v0_bogota_grid_spawn1.3,1.3,MPC_TrackingG2V,8,2022-01-17,295.51232916246715,15.0,9.0,45.0,13.0,139.3149408654558,702.3938520567413,296.7349083354991,1.2225791730319315,0.32229691237370567,0.7042299842850542
station_v0_bogota_grid_spawn1.3__ChargeAsFastAsPossible__seed8__2022-03-05,station_v0_bogota_grid_spawn1.3,1.3,ChargeAsFastAsPossible,8,2022-03-05,289.2910583104438,15.0,16.0,47.0,10.0,226.5480392639746,727.2160349607906,289.3675955590911,0.07653724864729838,0.4392667351326603,0.7154281756804404
station_v0_bogota_grid_spawn1.3__TD3_vanilla_extended_ts102__seed8__2022-03-05,station_v0_bogota_grid_spawn1.3,1.3,TD3_vanilla_extended_ts102,8,2022-03-05,289.26375622322644,15.0,16.0,47.0,10.0,226.5480392639746,727.2160349607906,289.3675955590911,0.1038393358646772,0.43931965480668167,0.7154550323859762
station_v0_bogota_grid_spawn1.3__RoundRobin__seed9__2022-01-17,station_v0_bogota_grid_spawn1.3,1.3,RoundRobin,9,2022-01-17,214.69754219179805,15.0,6.0,49.0,7.0,95.651505395416,762.2515373317202,221.67560055163176,6.97805835983371,0.32341883763429735,0.7817952834864778
station_v0_bogota_grid_spawn1.3__Optimal_Oracle_Tracking__seed9__2022-01-17,station_v0_bogota_grid_spawn1.3,1.3,Optimal_Oracle_Tracking,9,2022-01-17,220.3262134264453,15.0,6.0,49.0,7.0,95.651505395416,762.2515373317202,221.67560055163176,1.3493871251864675,0.30568108019359985,0.7760746655484914
station_v0_bogota_grid_spawn1.3__MPC_TrackingG2V__seed9__2022-03-05,station_v0_bogota_grid_spawn1.3,1.3,MPC_TrackingG2V,9,2022-03-05,209.77113649432707,15.0,13.0,46.0,6.0,196.57638174665263,740.1073253972062,210.50270192068908,0.7315654263620104,0.48469193109968634,0.7793299771030323
station_v0_bogota_grid_spawn1.3__ChargeAsFastAsPossible__seed10__2022-01-17,station_v0_bogota_grid_spawn1.3,1.3,ChargeAsFastAsPossible,10,2022-01-17,184.84883523733072,13.0,29.0,58.0,18.0,370.9434780060848,868.7961857069969,184.8821522454521,0.03331700812137228,0.6674337684757753,0.8245680597396198
station_v0_bogota_grid_spawn1.3__TD3_vanilla_extended_ts102__seed10__2022-01-17,station_v0_bogota_grid_spawn1.3,1.3,TD3_vanilla_extended_ts102,10,2022-01-17,184.79420131687425,13.0,29.0,58.0,18.0,370.9434780060848,868.7961857069969,184.8821522454521,0.0879509285778397,0.6675320617488504,0.8246199104026625
station_v0_bogota_grid_spawn1.3__RoundRobin__seed10__2022-03-05,station_v0_bogota_grid_spawn1.3,1.3,RoundRobin,10,2022-03-05,211.42721910696932,15.0,31.0,61.0,12.0,439.1950410815653,933.4409642908143,216.265292875268,4.8380737682986705,0.6774370497286365,0.8161032717799436
station_v0_bogota_grid_spawn1.3__Optimal_Oracle_Tracking__seed10__2022-03-05,station_v0_bogota_grid_spawn1.3,1.3,Optimal_Oracle_Tracking,10,2022-03-05,215.1967632093757,15.0,31.0,61.0,12.0,439.1950410815653,933.4409642908143,216.265292875268,1.0685296658922994,0.6716860623582023,0.8128245698689894
station_v0_bogota_grid_spawn1.3__MPC_TrackingG2V__seed11__2022-01-17,station_v0_bogota_grid_spawn1.3,1.3,MPC_TrackingG2V,11,2022-01-17,215.14919430000936,14.0,15.0,38.0,14.0,213.89375940922224,534.4661704448229,216.2679359649552,1.1187416649458441,0.49984111413532256,0.7134149195260179
station_v0_bogota_grid_spawn1.3__ChargeAsFastAsPossible__seed11__2022-03-05,station_v0_bogota_grid_spawn1.3,1.3,ChargeAsFastAsPossible,11,2022-03-05,214.75105695869283,14.0,10.0,40.0,8.0,147.8422275287258,601.934580315953,214.8013462450902,0.050289286397372734,0.4078178341231687,0.7370618213613721
station_v0_bogota_grid_spawn1.3__TD3_vanilla_extended_ts102__seed11__2022-03-05,station_v0_bogota_grid_spawn1.3,1.3,TD3_vanilla_extended_ts102,11,2022-03-05,214.7349043988301,14.0,10.0,40.0,8.0,147.8422275287258,601.934580315953,214.8013462450902,0.06644184626009064,0.40786237526778246,0.7370815983288562
station_v0_bogota_grid_spawn1.3__RoundRobin__seed12__2022-01-17,station_v0_bogota_grid_spawn1.3,1.3,RoundRobin,12,2022-01-17,256.82508036469085,17.0,26.0,48.0,6.0,378.6198906259708,724.0659782701335,257.01373380852067,0.1886534438298213,0.5959542250566399,0.7382220045906923
station_v0_bogota_grid_spawn1.3__Optimal_Oracle_Tracking__seed12__2022-01-17,station_v0_bogota_grid_spawn1.3,1.3,Optimal_Oracle_Tracking,12,2022-01-17,255.7734174261823,17.0,26.0,48.0,6.0,378.6198906259708,724.0659782701335,257.01373380852067,1.2403163823383636,0.5976087362374229,0.7392939490265632
station_v0_bogota_grid_spawn1.3__MPC_TrackingG2V__seed12__2022-03-05,station_v0_bogota_grid_spawn1.3,1.3,MPC_TrackingG2V,12,2022-03-05,202.29898059355853,15.0,22.0,51.0,8.0,337.19620642388713,770.0021639400645,203.3263496183162,1.027369024757661,0.6257344335917717,0.792157552382827
station_v0_bogota_grid_spawn1.3__ChargeAsFastAsPossible__seed13__2022-01-17,station_v0_bogota_grid_spawn1.3,1.3,ChargeAsFastAsPossible,13,2022-01-17,259.7639299745574,16.0,19.0,60.0,11.0,281.8571903212748,913.7519458018096,259.824849158627,0.06091918406957575,0.5204494315078808,0.7786562148382334
station_v0_bogota_grid_spawn1.3__TD3_vanilla_extended_ts102__seed13__2022-01-17,station_v0_bogota_grid_spawn1.3,1.3,TD3_vanilla_extended_ts102,13,2022-01-17,259.7188691935859,16.0,19.0,60.0,11.0,281.8571903212748,913.7519458018096,259.824849158627,0.10597996504111507,0.5205326182810934,0.7786946109458976
station_v0_bogota_grid_spawn1.3__RoundRobin__seed13__2022-03-05,station_v0_bogota_grid_spawn1.3,1.3,RoundRobin,13,2022-03-05,248.93626879532505,16.0,20.0,52.0,9.0,283.51275727825447,786.5779106780276,249.0717858278885,0.13551703256345604,0.5325882584885446,0.759632750692451
station_v0_bogota_grid_spawn1.3__Optimal_Oracle_Tracking__seed13__2022-03-05,station_v0_bogota_grid_spawn1.3,1.3,Optimal_Oracle_Tracking,13,2022-03-05,248.0412587652132,16.0,20.0,52.0,9.0,283.51275727825447,786.5779106780276,249.0717858278885,1.0305270626753043,0.5342687616907066,0.7604969522010608
station_v0_bogota_grid_spawn1.3__MPC_TrackingG2V__seed14__2022-01-17,station_v0_bogota_grid_spawn1.3,1.3,MPC_TrackingG2V,14,2022-01-17,328.5557797601426,15.0,10.0,36.0,18.0,127.9841756299737,529.1559146149455,329.642655706102,1.0868759459593775,0.2820443268134006,0.6174239325557825
station_v0_bogota_grid_spawn1.3__ChargeAsFastAsPossible__seed14__2022-03-05,station_v0_bogota_grid_spawn1.3,1.3,ChargeAsFastAsPossible,14,2022-03-05,261.51544547646427,13.0,12.0,41.0,17.0,174.91398066216055,592.4839820056991,261.5989013483606,0.08345587189631942,0.4008986761811968,0.6938055420927419
station_v0_bogota_grid_spawn1.3__TD3_vanilla_extended_ts102__seed14__2022-03-05,station_v0_bogota_grid_spawn1.3,1.3,TD3_vanilla_extended_ts102,14,2022-03-05,261.4775888194011,13.0,12.0,41.0,17.0,174.91398066216055,592.4839820056991,261.5989013483606,0.12131252895949274,0.4009854013584443,0.6938498664291747
station_v0_bogota_grid_spawn1.3__RoundRobin__seed15__2022-01-17,station_v0_bogota_grid_spawn1.3,1.3,RoundRobin,15,2022-01-17,205.83569720258348,16.0,41.0,62.0,14.0,605.6182398214877,909.920149113005,205.92694745691503,0.09125025433155542,0.7463656978943171,0.8155341373963189
station_v0_bogota_grid_spawn1.3__Optimal_Oracle_Tracking__seed15__2022-01-17,station_v0_bogota_grid_spawn1.3,1.3,Optimal_Oracle_Tracking,15,2022-01-17,204.6531425717741,16.0,41.0,62.0,14.0,605.6182398214877,909.920149113005,205.92694745691503,1.273804885140919,0.7478228621401863,0.8165939193632608
station_v0_bogota_grid_spawn1.3__MPC_TrackingG2V__seed15__2022-03-05,station_v0_bogota_grid_spawn1.3,1.3,MPC_TrackingG2V,15,2022-03-05,178.2135582224156,14.0,24.0,64.0,18.0,321.6462393754447,938.6995594021738,179.3399715758173,1.1264133534016878,0.6442745242747749,0.8406017378772596
station_v0_bogota_grid_spawn1.3__ChargeAsFastAsPossible__seed16__2022-01-17,station_v0_bogota_grid_spawn1.3,1.3,ChargeAsFastAsPossible,16,2022-01-17,225.21895154684603,16.0,41.0,56.0,6.0,600.2035304033235,855.2723256315938,225.2725374953891,0.0535859485430592,0.7271647715721774,0.791569087751631
station_v0_bogota_grid_spawn1.3__TD3_vanilla_extended_ts102__seed16__2022-01-17,station_v0_bogota_grid_spawn1.3,1.3,TD3_vanilla_extended_ts102,16,2022-01-17,225.2013406997768,16.0,41.0,56.0,6.0,600.2035304033235,855.2723256315938,225.2725374953891,0.07119679561228054,0.7271861057425478,0.7915853858690626
station_v0_bogota_grid_spawn1.3__RoundRobin__seed16__2022-03-05,station_v0_bogota_grid_spawn1.3,1.3,RoundRobin,16,2022-03-05,209.73824326119612,16.0,27.0,57.0,7.0,413.536269324567,869.3340496253052,218.76751946149065,9.029276200294532,0.6682951344260223,0.8072438738993624
station_v0_bogota_grid_spawn1.3__Optimal_Oracle_Tracking__seed16__2022-03-05,station_v0_bogota_grid_spawn1.3,1.3,Optimal_Oracle_Tracking,16,2022-03-05,217.5890219224541,16.0,27.0,57.0,7.0,413.536269324567,869.3340496253052,218.76751946149065,1.178497539036556,0.6558789844669488,0.8000287582481214
station_v0_bogota_grid_spawn1.3__MPC_TrackingG2V__seed17__2022-01-17,station_v0_bogota_grid_spawn1.3,1.3,MPC_TrackingG2V,17,2022-01-17,194.02435333017556,12.0,17.0,38.0,19.0,217.8467747064968,528.167033012134,195.12180421208544,1.0974508819098787,0.5301716323351856,0.7317470651492606
station_v0_bogota_grid_spawn1.3__ChargeAsFastAsPossible__seed17__2022-03-05,station_v0_bogota_grid_spawn1.3,1.3,ChargeAsFastAsPossible,17,2022-03-05,203.8937486095566,14.0,14.0,43.0,11.0,192.979296954757,623.7055034437236,203.9502028966892,0.05645428713259548,0.4863225114639618,0.7536490752766035
station_v0_bogota_grid_spawn1.3__TD3_vanilla_extended_ts102__seed17__2022-03-05,station_v0_bogota_grid_spawn1.3,1.3,TD3_vanilla_extended_ts102,17,2022-03-05,203.86616991625527,14.0,14.0,43.0,11.0,192.979296954757,623.7055034437236,203.9502028966892,0.08403298043393193,0.48639199154370305,0.7536823967327236
station_v0_bogota_grid_spawn1.3__RoundRobin__seed18__2022-01-17,station_v0_bogota_grid_spawn1.3,1.3,RoundRobin,18,2022-01-17,223.24024842145923,15.0,23.0,52.0,14.0,308.14899902099745,760.6614051074208,223.3990034761036,0.15875505464435946,0.58001864860234,0.7731437557346753
station_v0_bogota_grid_spawn1.3__Optimal_Oracle_Tracking__seed18__2022-01-17,station_v0_bogota_grid_spawn1.3,1.3,Optimal_Oracle_Tracking,18,2022-01-17,222.19561603570355,15.0,23.0,52.0,14.0,308.14899902099745,760.6614051074208,223.3990034761036,1.2033874404000358,0.5819839130391325,0.7742053088432486
station_v0_bogota_grid_spawn1.3__MPC_TrackingG2V__seed18__2022-03-05,station_v0_bogota_grid_spawn1.3,1.3,MPC_TrackingG2V,18,2022-03-05,225.6286023800976,15.0,31.0,57.0,10.0,433.93103886458766,847.8055032129643,226.9478808965909,1.3192785164933127,0.6585931316108057,0.7900647667492265
station_v0_bogota_grid_spawn1.3__ChargeAsFastAsPossible__seed19__2022-01-17,station_v0_bogota_grid_spawn1.3,1.3,ChargeAsFastAsPossible,19,2022-01-17,200.2572033464804,15.0,23.0,55.0,8.0,306.71788735579486,817.5825945078949,200.30405088641984,0.046847539939449234,0.6050324685343034,0.8032617833698922
station_v0_bogota_grid_spawn1.3__TD3_vanilla_extended_ts102__seed19__2022-01-17,station_v0_bogota_grid_spawn1.3,1.3,TD3_vanilla_extended_ts102,19,2022-01-17,194.8387670485783,15.0,23.0,55.0,8.0,306.71788735579486,817.5825945078949,200.30405088641984,5.465283837841554,0.6157192571902089,0.8085850050885574
station_v0_bogota_grid_spawn1.3__RoundRobin__seed19__2022-03-05,station_v0_bogota_grid_spawn1.3,1.3,RoundRobin,19,2022-03-05,194.1493719919452,16.0,31.0,52.0,6.0,433.9566955737617,773.71787221608,204.2288625863397,10.079490594394485,0.6957791201799038,0.801472447237967
station_v0_bogota_grid_spawn1.3__Optimal_Oracle_Tracking__seed19__2022-03-05,station_v0_bogota_grid_spawn1.3,1.3,Optimal_Oracle_Tracking,19,2022-03-05,202.98441296110403,16.0,31.0,52.0,6.0,433.9566955737617,773.71787221608,204.2288625863397,1.24444962523566,0.6819351200200908,0.792438170978592
station_v0_bogota_grid_spawn1.3__MPC_TrackingG2V__seed20__2022-01-17,station_v0_bogota_grid_spawn1.3,1.3,MPC_TrackingG2V,20,2022-01-17,256.1309511488832,15.0,20.0,52.0,10.0,259.9900502013021,771.6008350417047,257.30470057855666,1.173749429673478,0.5048645849146014,0.7510646582395164
station_v0_bogota_grid_spawn1.3__ChargeAsFastAsPossible__seed20__2022-03-05,station_v0_bogota_grid_spawn1.3,1.3,ChargeAsFastAsPossible,20,2022-03-05,238.56011223743323,14.0,19.0,52.0,10.0,251.5792653878408,785.6212700989332,238.61986617128213,0.05975393384889571,0.5133404021368396,0.7670859880651226
station_v0_bogota_grid_spawn1.3__TD3_vanilla_extended_ts102__seed20__2022-03-05,station_v0_bogota_grid_spawn1.3,1.3,TD3_vanilla_extended_ts102,20,2022-03-05,238.50216961688005,14.0,19.0,52.0,10.0,251.5792653878408,785.6212700989332,238.61986617128213,0.11769655440207316,0.5134586043465597,0.7671425593338418
station_v0_bogota_grid_spawn1.3__RoundRobin__seed21__2022-01-17,station_v0_bogota_grid_spawn1.3,1.3,RoundRobin,21,2022-01-17,183.56856628523164,13.0,14.0,49.0,15.0,213.9507168897922,738.1696548834242,183.65593829622185,0.08737201099020808,0.5383161627429199,0.8008641030977997
station_v0_bogota_grid_spawn1.3__Optimal_Oracle_Tracking__seed21__2022-01-17,station_v0_bogota_grid_spawn1.3,1.3,Optimal_Oracle_Tracking,21,2022-01-17,182.65739292695343,13.0,14.0,49.0,15.0,213.9507168897922,738.1696548834242,183.65593829622185,0.9985453692684132,0.540607807881133,0.8018525475118187
station_v0_bogota_grid_spawn1.3__MPC_TrackingG2V__seed21__2022-03-05,station_v0_bogota_grid_spawn1.3,1.3,MPC_TrackingG2V,21,2022-03-05,185.52321825422064,14.0,7.0,41.0,13.0,106.7006495364068,629.0526896609207,186.53164132622453,1.0084230720038931,0.367316547204102,0.7725272406476078
station_v0_bogota_grid_spawn1.3__ChargeAsFastAsPossible__seed22__2022-01-17,station_v0_bogota_grid_spawn1.3,1.3,ChargeAsFastAsPossible,22,2022-01-17,212.4960564483276,15.0,21.0,66.0,10.0,303.7588446006879,1025.8618639564563,212.5446687718481,0.04861232352050138,0.5884280254839129,0.8284117122830558
station_v0_bogota_grid_spawn1.3__TD3_vanilla_extended_ts102__seed22__2022-01-17,station_v0_bogota_grid_spawn1.3,1.3,TD3_vanilla_extended_ts102,22,2022-01-17,212.38806736202457,15.0,21.0,66.0,10.0,303.7588446006879,1025.8618639564563,212.5446687718481,0.1566014098235371,0.588637183631216,0.8284989123126496
station_v0_bogota_grid_spawn1.3__RoundRobin__seed22__2022-03-05,station_v0_bogota_grid_spawn1.3,1.3,RoundRobin,22,2022-03-05,197.5337694295227,15.0,26.0,60.0,11.0,361.22772832306913,928.6957706759728,197.69392287356013,0.1601534440374337,0.6465805734907376,0.8246310574743944
station_v0_bogota_grid_spawn1.3__Optimal_Oracle_Tracking__seed22__2022-03-05,station_v0_bogota_grid_spawn1.3,1.3,Optimal_Oracle_Tracking,22,2022-03-05,196.6029676453041,15.0,26.0,60.0,11.0,361.22772832306913,928.6957706759728,197.69392287356013,1.0909552282560355,0.6482459263755754,0.8254574160513141
station_v0_bogota_grid_spawn1.3__MPC_TrackingG2V__seed23__2022-01-17,station_v0_bogota_grid_spawn1.3,1.3,MPC_TrackingG2V,23,2022-01-17,230.1476573994449,14.0,25.0,55.0,19.0,330.1713465818417,788.8866303854555,231.2945730076688,1.1469156082238783,0.5900950540903593,0.7744051187828461
station_v0_bogota_grid_spawn1.3__ChargeAsFastAsPossible__seed23__2022-03-05,station_v0_bogota_grid_spawn1.3,1.3,ChargeAsFastAsPossible,23,2022-03-05,244.0116260856562,16.0,30.0,61.0,12.0,457.2613692049073,912.8184548430672,244.072848753656,0.06122266799980025,0.6520751164887936,0.7890799029026885
station_v0_bogota_grid_spawn1.3__TD3_vanilla_extended_ts102__seed23__2022-03-05,station_v0_bogota_grid_spawn1.3,1.3,TD3_vanilla_extended_ts102,23,2022-03-05,213.12302124472984,16.0,30.0,61.0,12.0,457.2613692049073,912.8184548430672,244.072848753656,30.94982750892615,0.6961177484465448,0.8157795632293717
station_v0_bogota_grid_spawn1.3__RoundRobin__seed24__2022-01-17,station_v0_bogota_grid_spawn1.3,1.3,RoundRobin,24,2022-01-17,206.24191810107672,15.0,6.0,54.0,7.0,96.70687087949572,838.5579997752326,211.02898400785423,4.787065906777514,0.329808617274793,0.8035018333042707
station_v0_bogota_grid_spawn1.3__Optimal_Oracle_Tracking__seed24__2022-01-17,station_v0_bogota_grid_spawn1.3,1.3,Optimal_Oracle_Tracking,24,2022-01-17,209.8608171407655,15.0,6.0,54.0,7.0,96.70687087949572,838.5579997752326,211.02898400785423,1.168166867088729,0.3180488597352839,0.800053906552507
station_v0_bogota_grid_spawn1.3__MPC_TrackingG2V__seed24__2022-03-05,station_v0_bogota_grid_spawn1.3,1.3,MPC_TrackingG2V,24,2022-03-05,237.06755257293435,16.0,22.0,53.0,6.0,333.19500350383964,819.1591290647569,238.5087767414054,1.4412241684710523,0.5853314937479704,0.7758582336936473
station_v0_bogota_grid_spawn1.3__ChargeAsFastAsPossible__seed25__2022-01-17,station_v0_bogota_grid_spawn1.3,1.3,ChargeAsFastAsPossible,25,2022-01-17,253.9176645006857,14.0,8.0,48.0,15.0,102.6196406511403,699.0458186281048,253.99374204962552,0.07607754893982133,0.2879749420011309,0.7335706984502107
station_v0_bogota_grid_spawn1.3__TD3_vanilla_extended_ts102__seed25__2022-01-17,station_v0_bogota_grid_spawn1.3,1.3,TD3_vanilla_extended_ts102,25,2022-01-17,253.86636620182125,14.0,8.0,48.0,15.0,102.6196406511403,699.0458186281048,253.99374204962552,0.1273758478042737,0.2881187904974379,0.7336245244412619
station_v0_bogota_grid_spawn1.3__RoundRobin__seed25__2022-03-05,station_v0_bogota_grid_spawn1.3,1.3,RoundRobin,25,2022-03-05,259.8938273911008,15.0,18.0,46.0,14.0,247.0741738943304,681.3632411581871,260.072428928485,0.17860153738422468,0.4875370830751649,0.7239388354945442
station_v0_bogota_grid_spawn1.3__Optimal_Oracle_Tracking__seed25__2022-03-05,station_v0_bogota_grid_spawn1.3,1.3,Optimal_Oracle_Tracking,25,2022-03-05,259.05571544144146,15.0,18.0,46.0,14.0,247.0741738943304,681.3632411581871,260.072428928485,1.0167134870435461,0.48918968598129564,0.7248290842670196
station_v0_bogota_grid_spawn1.3__MPC_TrackingG2V__seed26__2022-01-17,station_v0_bogota_grid_spawn1.3,1.3,MPC_TrackingG2V,26,2022-01-17,256.0520865978382,13.0,1.0,41.0,14.0,13.0149138892309,606.9228016020251,257.23542132960324,1.1833347317650578,0.0525373950396731,0.7036976796573319
station_v0_bogota_grid_spawn1.3__ChargeAsFastAsPossible__seed26__2022-03-05,station_v0_bogota_grid_spawn1.3,1.3,ChargeAsFastAsPossible,26,2022-03-05,190.1242311064664,14.0,6.0,40.0,13.0,82.8273217031315,598.3863059231712,190.1548174684067,0.030586361940294182,0.30352867889647905,0.7588911656392415
station_v0_bogota_grid_spawn1.3__TD3_vanilla_extended_ts102__seed26__2022-03-05,station_v0_bogota_grid_spawn1.3,1.3,TD3_vanilla_extended_ts102,26,2022-03-05,175.4988738991674,14.0,6.0,40.0,13.0,82.8273217031315,598.3863059231712,190.1548174684067,14.655943569239298,0.35710492110662834,0.7774385270557193
station_v0_bogota_grid_spawn1.3__RoundRobin__seed27__2022-01-17,station_v0_bogota_grid_spawn1.3,1.3,RoundRobin,27,2022-01-17,256.38387694546884,14.0,26.0,53.0,18.0,343.35310345614124,802.7820632247247,256.51287444458603,0.12899749911719027,0.5725980695843061,0.7579674292510341
station_v0_bogota_grid_spawn1.3__Optimal_Oracle_Tracking__seed27__2022-01-17,station_v0_bogota_grid_spawn1.3,1.3,Optimal_Oracle_Tracking,27,2022-01-17,255.3232199454784,14.0,26.0,53.0,18.0,343.35310345614124,802.7820632247247,256.51287444458603,1.1896544991076325,0.5743662262043936,0.758968715070755
station_v0_bogota_grid_spawn1.3__MPC_TrackingG2V__seed27__2022-03-05,station_v0_bogota_grid_spawn1.3,1.3,MPC_TrackingG2V,27,2022-03-05,283.1890507435754,16.0,46.0,65.0,9.0,657.3415486772573,1000.9666977196496,284.5012366518222,1.3121859082467608,0.6993244996354362,0.7796996384184095
station_v0_bogota_grid_spawn1.3__ChargeAsFastAsPossible__seed28__2022-01-17,station_v0_bogota_grid_spawn1.3,1.3,ChargeAsFastAsPossible,28,2022-01-17,216.93806521922247,16.0,33.0,51.0,14.0,447.21258668944,743.4355485859745,216.98752169078463,0.04945647156216637,0.6733844778371593,0.7741223925861039
station_v0_bogota_grid_spawn1.3__TD3_vanilla_extended_ts102__seed28__2022-01-17,station_v0_bogota_grid_spawn1.3,1.3,TD3_vanilla_extended_ts102,28,2022-01-17,216.9074662234827,16.0,33.0,51.0,14.0,447.21258668944,743.4355485859745,216.98752169078463,0.08005546730194624,0.6734305467783619,0.7741542524993931
station_v0_bogota_grid_spawn1.3__RoundRobin__seed28__2022-03-05,station_v0_bogota_grid_spawn1.3,1.3,RoundRobin,28,2022-03-05,228.58942246350745,16.0,31.0,58.0,11.0,436.80699986269246,861.3154908674605,228.7205803957118,0.1311579322043599,0.65652900158585,0.7902918733701997
station_v0_bogota_grid_spawn1.3__Optimal_Oracle_Tracking__seed28__2022-03-05,station_v0_bogota_grid_spawn1.3,1.3,Optimal_Oracle_Tracking,28,2022-03-05,227.54245059975293,16.0,31.0,58.0,11.0,436.80699986269246,861.3154908674605,228.7205803957118,1.1781297959588812,0.6581021473048418,0.7912523662303499
station_v0_bogota_grid_spawn1.3__MPC_TrackingG2V__seed29__2022-01-17,station_v0_bogota_grid_spawn1.3,1.3,MPC_TrackingG2V,29,2022-01-17,235.87359338453825,15.0,19.0,43.0,21.0,276.7265950245803,648.539727345354,237.1019294347149,1.2283360501766367,0.5409488143291589,0.7336692650139054
station_v0_bogota_grid_spawn1.3__ChargeAsFastAsPossible__seed29__2022-03-05,station_v0_bogota_grid_spawn1.3,1.3,ChargeAsFastAsPossible,29,2022-03-05,204.15307029852363,14.0,28.0,51.0,20.0,374.1548843975253,755.1647704397886,204.20071057763704,0.04764027911340918,0.6470111604828669,0.7871998999984705
station_v0_bogota_grid_spawn1.3__TD3_vanilla_extended_ts102__seed29__2022-03-05,station_v0_bogota_grid_spawn1.3,1.3,TD3_vanilla_extended_ts102,29,2022-03-05,204.0979004837933,14.0,28.0,51.0,20.0,374.1548843975253,755.1647704397886,204.20071057763704,0.10281009384374329,0.6471065513033407,0.7872574065648646
station_v0_bogota_grid_spawn1.3__RoundRobin__seed30__2022-01-17,station_v0_bogota_grid_spawn1.3,1.3,RoundRobin,30,2022-01-17,223.182940938012,16.0,38.0,55.0,1.0,568.1942132657488,828.5324786121303,230.68164027453645,7.498699336524453,0.7206287560839922,0.7892938387447117
station_v0_bogota_grid_spawn1.3__Optimal_Oracle_Tracking__seed30__2022-01-17,station_v0_bogota_grid_spawn1.3,1.3,Optimal_Oracle_Tracking,30,2022-01-17,229.5378854416133,16.0,38.0,55.0,1.0,568.1942132657488,828.5324786121303,230.68164027453645,1.1437548329231504,0.7126738974217371,0.7832941599354065
station_v0_bogota_grid_spawn1.3__MPC_TrackingG2V__seed30__2022-03-05,station_v0_bogota_grid_spawn1.3,1.3,MPC_TrackingG2V,30,2022-03-05,227.3690783455819,16.0,20.0,46.0,4.0,301.9750741469183,708.6388358685733,228.5722802939415,1.203201948359606,0.5714443273679037,0.7573982271181731
station_v0_bogota_grid_spawn1.3__ChargeAsFastAsPossible__seed31__2022-01-17,station_v0_bogota_grid_spawn1.3,1.3,ChargeAsFastAsPossible,31,2022-01-17,193.6886858793052,13.0,19.0,42.0,22.0,247.00476339876425,606.370697576391,193.75843262878303,0.06974674947781523,0.560560664717569,0.7579282161247668
station_v0_bogota_grid_spawn1.3__TD3_vanilla_extended_ts102__seed31__2022-01-17,station_v0_bogota_grid_spawn1.3,1.3,TD3_vanilla_extended_ts102,31,2022-01-17,193.65807616186467,13.0,19.0,42.0,22.0,247.00476339876425,606.370697576391,193.75843262878303,0.10035646691835609,0.5606301117987147,0.7579664720965656
station_v0_bogota_grid_spawn1.3__RoundRobin__seed31__2022-03-05,station_v0_bogota_grid_spawn1.3,1.3,RoundRobin,31,2022-03-05,160.21668733924164,12.0,10.0,44.0,15.0,135.1640707683549,645.6866037323517,160.3799599271476,0.16327258790596488,0.4578923250041478,0.8012364058225336
station_v0_bogota_grid_spawn1.3__Optimal_Oracle_Tracking__seed31__2022-03-05,station_v0_bogota_grid_spawn1.3,1.3,Optimal_Oracle_Tracking,31,2022-03-05,159.5827117768434,12.0,10.0,44.0,15.0,135.1640707683549,645.6866037323517,160.3799599271476,0.797248150304199,0.4600374387488115,0.8020229110455266
station_v0_bogota_grid_spawn1.3__MPC_TrackingG2V__seed32__2022-01-17,station_v0_bogota_grid_spawn1.3,1.3,MPC_TrackingG2V,32,2022-01-17,240.259253421252,16.0,9.0,45.0,10.0,133.4591003179553,718.0199462520458,241.3703471236049,1.111093702352889,0.35901713416283576,0.749570894056171
station_v0_bogota_grid_spawn1.3__ChargeAsFastAsPossible__seed32__2022-03-05,station_v0_bogota_grid_spawn1.3,1.3,ChargeAsFastAsPossible,32,2022-03-05,196.0495113488291,14.0,13.0,47.0,13.0,173.0928720213389,706.6037677610009,196.0891791374584,0.03966778862928777,0.46896250580583676,0.7828170564282895
station_v0_bogota_grid_spawn1.3__TD3_vanilla_extended_ts102__seed32__2022-03-05,station_v0_bogota_grid_spawn1.3,1.3,TD3_vanilla_extended_ts102,32,2022-03-05,195.98069519761395,14.0,13.0,47.0,13.0,173.0928720213389,706.6037677610009,196.0891791374584,0.10848393984443305,0.4691489074767716,0.7828932907131054
station_v0_bogota_grid_spawn1.3__RoundRobin__seed33__2022-01-17,station_v0_bogota_grid_spawn1.3,1.3,RoundRobin,33,2022-01-17,228.3428971308051,15.0,10.0,38.0,17.0,161.8347218015492,588.7055317612941,228.497723113262,0.1548259824568845,0.41500405588718037,0.720580044476381
station_v0_bogota_grid_spawn1.3__Optimal_Oracle_Tracking__seed33__2022-01-17,station_v0_bogota_grid_spawn1.3,1.3,Optimal_Oracle_Tracking,33,2022-01-17,227.5280905440333,15.0,10.0,38.0,17.0,161.8347218015492,588.7055317612941,228.497723113262,0.9696325692287076,0.4170915241399147,0.7215771117077113
station_v0_bogota_grid_spawn1.3__MPC_TrackingG2V__seed33__2022-03-05,station_v0_bogota_grid_spawn1.3,1.3,MPC_TrackingG2V,33,2022-03-05,229.7545948504044,16.0,24.0,46.0,14.0,367.3913350024146,703.7682089217724,230.8750233831737,1.1204285327692958,0.6159660465107996,0.7541793628743226
station_v0_bogota_grid_spawn1.3__ChargeAsFastAsPossible__seed34__2022-01-17,station_v0_bogota_grid_spawn1.3,1.3,ChargeAsFastAsPossible,34,2022-01-17,225.77884065239556,16.0,18.0,55.0,15.0,256.67762942170486,825.7944882307308,225.82988656283013,0.05104591043456708,0.532071867954836,0.7853046714548462
station_v0_bogota_grid_spawn1.3__TD3_vanilla_extended_ts102__seed34__2022-01-17,station_v0_bogota_grid_spawn1.3,1.3,TD3_vanilla_extended_ts102,34,2022-01-17,225.65831228676203,16.0,18.0,55.0,15.0,256.67762942170486,825.7944882307308,225.82988656283013,0.1715742760680996,0.5323216637852443,0.7854192830676259
station_v0_bogota_grid_spawn1.3__RoundRobin__seed34__2022-03-05,station_v0_bogota_grid_spawn1.3,1.3,RoundRobin,34,2022-03-05,157.2236268298888,13.0,14.0,49.0,20.0,206.4693386621267,715.4786116982186,157.31554844248353,0.09192161259474574,0.567811549068894,0.819861733716753
station_v0_bogota_grid_spawn1.3__Optimal_Oracle_Tracking__seed34__2022-03-05,station_v0_bogota_grid_spawn1.3,1.3,Optimal_Oracle_Tracking,34,2022-03-05,156.50237284053435,13.0,14.0,49.0,20.0,206.4693386621267,715.4786116982186,157.31554844248353,0.8131756019491831,0.5697941877515917,0.8206881072447771
station_v0_bogota_grid_spawn1.3__MPC_TrackingG2V__seed35__2022-01-17,station_v0_bogota_grid_spawn1.3,1.3,MPC_TrackingG2V,35,2022-01-17,261.9374422260225,16.0,21.0,45.0,8.0,279.3078075130051,655.6257594834946,262.81445193003714,0.8770097040146538,0.5168295754999472,0.7148018575723226
station_v0_bogota_grid_spawn1.3__ChargeAsFastAsPossible__seed35__2022-03-05,station_v0_bogota_grid_spawn1.3,1.3,ChargeAsFastAsPossible,35,2022-03-05,251.1068014203776,16.0,19.0,43.0,9.0,277.7130553725513,629.9738434600653,251.1798372466688,0.07303582629120342,0.525221826716504,0.7150249645226744
station_v0_bogota_grid_spawn1.3__TD3_vanilla_extended_ts102__seed35__2022-03-05,station_v0_bogota_grid_spawn1.3,1.3,TD3_vanilla_extended_ts102,35,2022-03-05,251.05719751359896,16.0,19.0,43.0,9.0,277.7130553725513,629.9738434600653,251.1798372466688,0.12263973306983189,0.5253156149058913,0.7150812587967207
station_v0_bogota_grid_spawn1.3__RoundRobin__seed36__2022-01-17,station_v0_bogota_grid_spawn1.3,1.3,RoundRobin,36,2022-01-17,259.6268924425731,15.0,11.0,38.0,8.0,139.8377268217065,589.8029752447317,259.88673498741514,0.2598425448420585,0.35048535366706834,0.6944450552759555
station_v0_bogota_grid_spawn1.3__Optimal_Oracle_Tracking__seed36__2022-01-17,station_v0_bogota_grid_spawn1.3,1.3,Optimal_Oracle_Tracking,36,2022-01-17,258.59233033103885,15.0,11.0,38.0,8.0,139.8377268217065,589.8029752447317,259.88673498741514,1.2944046563762868,0.35307354180759865,0.6956626316442176
station_v0_bogota_grid_spawn1.3__MPC_TrackingG2V__seed36__2022-03-05,station_v0_bogota_grid_spawn1.3,1.3,MPC_TrackingG2V,36,2022-03-05,213.1814216310232,14.0,21.0,43.0,10.0,292.4249652624492,654.069575951526,214.195214546608,1.0137929155848155,0.5792085863785167,0.7544741834933575
station_v0_bogota_grid_spawn1.3__ChargeAsFastAsPossible__seed37__2022-01-17,station_v0_bogota_grid_spawn1.3,1.3,ChargeAsFastAsPossible,37,2022-01-17,234.50188017176004,15.0,19.0,43.0,10.0,279.52954854505305,666.5843763776045,234.58004702121497,0.0781668494549308,0.5438679180584696,0.7397790302381047
station_v0_bogota_grid_spawn1.3__TD3_vanilla_extended_ts102__seed37__2022-01-17,station_v0_bogota_grid_spawn1.3,1.3,TD3_vanilla_extended_ts102,37,2022-01-17,234.47850387667364,15.0,19.0,43.0,10.0,279.52954854505305,666.5843763776045,234.58004702121497,0.10154314454132418,0.5439133875367442,0.7398049703379128
station_v0_bogota_grid_spawn1.3__RoundRobin__seed37__2022-03-05,station_v0_bogota_grid_spawn1.3,1.3,RoundRobin,37,2022-03-05,226.89121955836436,15.0,20.0,45.0,10.0,307.9079184348226,690.479369530093,226.99570962499763,0.10449006663327509,0.575827854484116,0.7527004005740296
station_v0_bogota_grid_spawn1.3__Optimal_Oracle_Tracking__seed37__2022-03-05,station_v0_bogota_grid_spawn1.3,1.3,Optimal_Oracle_Tracking,37,2022-03-05,225.9058784564515,15.0,20.0,45.0,10.0,307.9079184348226,690.479369530093,226.99570962499763,1.0898311685461408,0.5776699453771743,0.7537743710003657
station_v0_bogota_grid_spawn1.3__MPC_TrackingG2V__seed38__2022-01-17,station_v0_bogota_grid_spawn1.3,1.3,MPC_TrackingG2V,38,2022-01-17,254.67284507650365,14.0,10.0,38.0,16.0,145.73835068635282,560.1283872253285,255.740515099627,1.0676700231233553,0.3656631350247349,0.6878507755954779
station_v0_bogota_grid_spawn1.3__ChargeAsFastAsPossible__seed38__2022-03-05,station_v0_bogota_grid_spawn1.3,1.3,ChargeAsFastAsPossible,38,2022-03-05,196.84793398419723,11.0,4.0,35.0,20.0,51.6851845263324,505.9518701134006,196.90524044646747,0.057306462270247494,0.2081435396969299,0.7199317883724674
station_v0_bogota_grid_spawn1.3__TD3_vanilla_extended_ts102__seed38__2022-03-05,station_v0_bogota_grid_spawn1.3,1.3,TD3_vanilla_extended_ts102,38,2022-03-05,196.81682999190687,11.0,4.0,35.0,20.0,51.6851845263324,505.9518701134006,196.90524044646747,0.08841045456060215,0.20826866113832795,0.7199760420220684
station_v0_bogota_grid_spawn1.3__RoundRobin__seed39__2022-01-17,station_v0_bogota_grid_spawn1.3,1.3,RoundRobin,39,2022-01-17,229.2262931743498,14.0,12.0,40.0,14.0,164.842650922262,605.8340377887872,229.3483041672778,0.12201099292801132,0.4184892113461065,0.7255374285841782
station_v0_bogota_grid_spawn1.3__Optimal_Oracle_Tracking__seed39__2022-01-17,station_v0_bogota_grid_spawn1.3,1.3,Optimal_Oracle_Tracking,39,2022-01-17,228.1222507318484,14.0,12.0,40.0,14.0,164.842650922262,605.8340377887872,229.3483041672778,1.2260534354294066,0.4212899921053977,0.726859346430185
station_v0_bogota_grid_spawn1.3__MPC_TrackingG2V__seed39__2022-03-05,station_v0_bogota_grid_spawn1.3,1.3,MPC_TrackingG2V,39,2022-03-05,223.17401225549477,14.0,13.0,42.0,8.0,185.7299897263834,642.7384723894263,224.3960775852612,1.2220653297664228,0.4558404596947738,0.7426304692137923
station_v0_bogota_grid_spawn1.3__ChargeAsFastAsPossible__seed40__2022-01-17,station_v0_bogota_grid_spawn1.3,1.3,ChargeAsFastAsPossible,40,2022-01-17,256.96586462135576,15.0,21.0,49.0,18.0,285.3350232056398,741.743319894019,257.04454967214576,0.07868505078999988,0.5262250322999205,0.7427222812257703
station_v0_bogota_grid_spawn1.3__TD3_vanilla_extended_ts102__seed40__2022-01-17,station_v0_bogota_grid_spawn1.3,1.3,TD3_vanilla_extended_ts102,40,2022-01-17,256.9076134902323,15.0,21.0,49.0,18.0,285.3350232056398,741.743319894019,257.04454967214576,0.13693618191348378,0.5263324314978925,0.7427806030505526
station_v0_bogota_grid_spawn1.3__RoundRobin__seed40__2022-03-05,station_v0_bogota_grid_spawn1.3,1.3,RoundRobin,40,2022-03-05,240.22076729495367,14.0,15.0,43.0,17.0,223.96806436512787,664.4609788855805,240.41215476103528,0.19138746608160773,0.4827067187595036,0.7345254728396343
station_v0_bogota_grid_spawn1.3__Optimal_Oracle_Tracking__seed40__2022-03-05,station_v0_bogota_grid_spawn1.3,1.3,Optimal_Oracle_Tracking,40,2022-03-05,239.34362370968827,14.0,15.0,43.0,17.0,223.96806436512787,664.4609788855805,240.41215476103528,1.0685310513470085,0.4845955666241175,0.7354948281587944
station_v0_bogota_grid_spawn1.3__MPC_TrackingG2V__seed41__2022-01-17,station_v0_bogota_grid_spawn1.3,1.3,MPC_TrackingG2V,41,2022-01-17,176.8689229643163,13.0,21.0,49.0,20.0,266.3250544079748,700.8810356526764,177.96231477639913,1.0933918120828139,0.6019042285874262,0.7987480671294105
station_v0_bogota_grid_spawn1.3__ChargeAsFastAsPossible__seed41__2022-03-05,station_v0_bogota_grid_spawn1.3,1.3,ChargeAsFastAsPossible,41,2022-03-05,215.9895985301799,16.0,28.0,52.0,9.0,391.7224575908068,773.0592027683862,216.03510835453852,0.045509824358617834,0.6446122423927116,0.7816289143499717
station_v0_bogota_grid_spawn1.3__TD3_vanilla_extended_ts102__seed41__2022-03-05,station_v0_bogota_grid_spawn1.3,1.3,TD3_vanilla_extended_ts102,41,2022-03-05,215.95034537547065,16.0,28.0,52.0,9.0,391.7224575908068,773.0592027683862,216.03510835453852,0.08476297906787522,0.6446768292558109,0.7816686003073853
station_v0_bogota_grid_spawn1.3__RoundRobin__seed42__2022-01-17,station_v0_bogota_grid_spawn1.3,1.3,RoundRobin,42,2022-01-17,239.41132362746052,15.0,28.0,57.0,10.0,409.174503332898,863.7403425064616,239.54353554729096,0.13221191983043923,0.6309470227762894,0.7830011582786889
station_v0_bogota_grid_spawn1.3__Optimal_Oracle_Tracking__seed42__2022-01-17,station_v0_bogota_grid_spawn1.3,1.3,Optimal_Oracle_Tracking,42,2022-01-17,238.23548969935945,15.0,28.0,57.0,10.0,409.174503332898,863.7403425064616,239.54353554729096,1.3080458479315098,0.632759572848322,0.7840669165585754
station_v0_bogota_grid_spawn1.3__MPC_TrackingG2V__seed42__2022-03-05,station_v0_bogota_grid_spawn1.3,1.3,MPC_TrackingG2V,42,2022-03-05,227.90543664574685,15.0,29.0,58.0,7.0,446.70916978794617,900.91492788154,228.91826255461,1.0128259088631637,0.6626758687764556,0.7982839957482853
station_v0_bogota_grid_spawn1.3__ChargeAsFastAsPossible__seed43__2022-01-17,station_v0_bogota_grid_spawn1.3,1.3,ChargeAsFastAsPossible,43,2022-01-17,204.61647297168025,14.0,8.0,47.0,11.0,114.0202364454728,700.5387685360744,204.67402959829863,0.05755662661837846,0.3579537043080124,0.7739576004742851
station_v0_bogota_grid_spawn1.3__TD3_vanilla_extended_ts102__seed43__2022-01-17,station_v0_bogota_grid_spawn1.3,1.3,TD3_vanilla_extended_ts102,43,2022-01-17,204.60530084546485,14.0,8.0,47.0,11.0,114.0202364454728,700.5387685360744,204.67402959829863,0.06872875283377766,0.35798876024533466,0.7739699424630843
station_v0_bogota_grid_spawn1.3__RoundRobin__seed43__2022-03-05,station_v0_bogota_grid_spawn1.3,1.3,RoundRobin,43,2022-03-05,187.9577380450657,13.0,17.0,51.0,8.0,229.0496539853063,773.7618327767035,188.12490063000345,0.16716258493775626,0.549450617335979,0.8045947287583671
station_v0_bogota_grid_spawn1.3__Optimal_Oracle_Tracking__seed43__2022-03-05,station_v0_bogota_grid_spawn1.3,1.3,Optimal_Oracle_Tracking,43,2022-03-05,186.9761040117908,13.0,17.0,51.0,8.0,229.0496539853063,773.7618327767035,188.12490063000345,1.148796618212657,0.5518036708058391,0.8056152585142963
station_v0_bogota_grid_spawn1.3__MPC_TrackingG2V__seed44__2022-01-17,station_v0_bogota_grid_spawn1.3,1.3,MPC_TrackingG2V,44,2022-01-17,164.76124047520878,13.0,15.0,40.0,22.0,190.32092736915888,563.6697452458797,165.8043001322422,1.0430596570334103,0.5373502696476044,0.7741369394577912
station_v0_bogota_grid_spawn1.3__ChargeAsFastAsPossible__seed44__2022-03-05,station_v0_bogota_grid_spawn1.3,1.3,ChargeAsFastAsPossible,44,2022-03-05,165.8219796632844,14.0,15.0,42.0,10.0,207.5262765999163,625.4715047724283,165.85717646222298,0.035196798938585516,0.5558936040058317,0.7904511948125464
station_v0_bogota_grid_spawn1.3__TD3_vanilla_extended_ts102__seed44__2022-03-05,station_v0_bogota_grid_spawn1.3,1.3,TD3_vanilla_extended_ts102,44,2022-03-05,165.7767789274559,14.0,15.0,42.0,10.0,207.5262765999163,625.4715047724283,165.85717646222298,0.08039753476708711,0.5560146611535381,0.7905083148650612
station_v0_bogota_grid_spawn1.3__RoundRobin__seed45__2022-01-17,station_v0_bogota_grid_spawn1.3,1.3,RoundRobin,45,2022-01-17,251.36443068457055,16.0,15.0,62.0,5.0,232.4575993256441,955.3610232187526,251.4993344975593,0.134903812988739,0.48060578717444785,0.7917203684109599
station_v0_bogota_grid_spawn1.3__Optimal_Oracle_Tracking__seed45__2022-01-17,station_v0_bogota_grid_spawn1.3,1.3,Optimal_Oracle_Tracking,45,2022-01-17,250.38856951854692,16.0,15.0,62.0,5.0,232.4575993256441,955.3610232187526,251.4993344975593,1.110764979012373,0.48262220867359745,0.7925289633405923
station_v0_bogota_grid_spawn1.3__MPC_TrackingG2V__seed45__2022-03-05,station_v0_bogota_grid_spawn1.3,1.3,MPC_TrackingG2V,45,2022-03-05,233.60572178244303,15.0,22.0,55.0,8.0,334.4544188783183,833.6060819608429,234.76904726993092,1.1633254874878958,0.5896063045974241,0.7813448522050132
station_v0_bogota_grid_spawn1.3__ChargeAsFastAsPossible__seed46__2022-01-17,station_v0_bogota_grid_spawn1.3,1.3,ChargeAsFastAsPossible,46,2022-01-17,272.3040121067013,15.0,39.0,72.0,15.0,527.171810037485,1092.778408823418,272.397697444976,0.09368533827472447,0.6594367224381997,0.8005356152540468
station_v0_bogota_grid_spawn1.3__TD3_vanilla_extended_ts102__seed46__2022-01-17,station_v0_bogota_grid_spawn1.3,1.3,TD3_vanilla_extended_ts102,46,2022-01-17,272.2912638329696,15.0,39.0,72.0,15.0,527.171810037485,1092.778408823418,272.397697444976,0.10643361200641266,0.6594526663600381,0.8005449534439499
station_v0_bogota_grid_spawn1.3__RoundRobin__seed46__2022-03-05,station_v0_bogota_grid_spawn1.3,1.3,RoundRobin,46,2022-03-05,296.32484302353856,16.0,47.0,77.0,8.0,706.6774753497871,1175.9964089735388,296.5277183433405,0.20287531980193307,0.7046219009964756,0.7987640151177157
station_v0_bogota_grid_spawn1.3__Optimal_Oracle_Tracking__seed46__2022-03-05,station_v0_bogota_grid_spawn1.3,1.3,Optimal_Oracle_Tracking,46,2022-03-05,295.3123970739975,16.0,47.0,77.0,8.0,706.6774753497871,1175.9964089735388,296.5277183433405,1.2153212693430078,0.7056311122285405,0.7994515732573474
station_v0_bogota_grid_spawn1.3__MPC_TrackingG2V__seed47__2022-01-17,station_v0_bogota_grid_spawn1.3,1.3,MPC_TrackingG2V,47,2022-01-17,204.53833150451905,15.0,20.0,39.0,14.0,293.4917242931101,583.5261098517386,205.7520447140372,1.213713209518147,0.5903036868917019,0.7408539304916572
station_v0_bogota_grid_spawn1.3__ChargeAsFastAsPossible__seed47__2022-03-05,station_v0_bogota_grid_spawn1.3,1.3,ChargeAsFastAsPossible,47,2022-03-05,196.3275686441284,15.0,25.0,46.0,12.0,363.9479665213961,699.0175688508642,196.3565610309629,0.02899238683448857,0.6496056001871552,0.7807312473166496
station_v0_bogota_grid_spawn1.3__TD3_vanilla_extended_ts102__seed47__2022-03-05,station_v0_bogota_grid_spawn1.3,1.3,TD3_vanilla_extended_ts102,47,2022-03-05,196.23055724713464,15.0,25.0,46.0,12.0,363.9479665213961,699.0175688508642,196.3565610309629,0.12600378382825284,0.6497787406709873,0.7808395946473978
station_v0_bogota_grid_spawn1.3__RoundRobin__seed48__2022-01-17,station_v0_bogota_grid_spawn1.3,1.3,RoundRobin,48,2022-01-17,323.496139766091,17.0,20.0,48.0,18.0,262.1998347207845,712.738690132116,323.6747570664363,0.17861730034530865,0.44784063978733013,0.6878696039302578
station_v0_bogota_grid_spawn1.3__Optimal_Oracle_Tracking__seed48__2022-01-17,station_v0_bogota_grid_spawn1.3,1.3,Optimal_Oracle_Tracking,48,2022-01-17,322.33228599359984,17.0,20.0,48.0,18.0,262.1998347207845,712.738690132116,323.6747570664363,1.3424710728364744,0.4498271635055559,0.6889925667552164
station_v0_bogota_grid_spawn1.3__MPC_TrackingG2V__seed48__2022-03-05,station_v0_bogota_grid_spawn1.3,1.3,MPC_TrackingG2V,48,2022-03-05,271.10103619387485,15.0,19.0,46.0,18.0,257.5841093479109,679.9719937111666,272.1450427691917,1.044006575316871,0.4882270777237781,0.7152650086001612
station_v0_bogota_grid_spawn1.3__ChargeAsFastAsPossible__seed49__2022-01-17,station_v0_bogota_grid_spawn1.3,1.3,ChargeAsFastAsPossible,49,2022-01-17,226.3953482603749,15.0,21.0,58.0,14.0,302.8794480136903,919.8827953108856,226.4582970070605,0.06294874668560624,0.5723045439514239,0.8025061216268582
station_v0_bogota_grid_spawn1.3__TD3_vanilla_extended_ts102__seed49__2022-01-17,station_v0_bogota_grid_spawn1.3,1.3,TD3_vanilla_extended_ts102,49,2022-01-17,203.62850102634505,15.0,21.0,58.0,14.0,302.8794480136903,919.8827953108856,226.4582970070605,22.82979598071546,0.6153146021764186,0.8223665692602886
station_v0_bogota_grid_spawn1.3__RoundRobin__seed49__2022-03-05,station_v0_bogota_grid_spawn1.3,1.3,RoundRobin,49,2022-03-05,229.12831884705872,16.0,27.0,62.0,7.0,399.92651065231473,991.732774087464,235.1105948481066,5.982276001047865,0.6391890853897407,0.8132375129142572
station_v0_bogota_grid_spawn1.3__Optimal_Oracle_Tracking__seed49__2022-03-05,station_v0_bogota_grid_spawn1.3,1.3,Optimal_Oracle_Tracking,49,2022-03-05,233.6985460440842,16.0,27.0,62.0,7.0,399.92651065231473,991.732774087464,235.1105948481066,1.4120488040223904,0.6319922977415229,0.8095123208377897
station_v0_bogota_grid_spawn1.6__MPC_TrackingG2V__seed0__2022-01-17,station_v0_bogota_grid_spawn1.6,1.6,MPC_TrackingG2V,0,2022-01-17,242.1236527170667,17.0,42.0,73.0,21.0,589.223712909177,1094.948001051707,243.5992647743752,1.4756120573084957,0.709273568087039,0.819114603646334
station_v0_bogota_grid_spawn1.6__ChargeAsFastAsPossible__seed0__2022-03-05,station_v0_bogota_grid_spawn1.6,1.6,ChargeAsFastAsPossible,0,2022-03-05,206.3443281035665,15.0,33.0,64.0,26.0,468.8486416023321,952.12024661058,206.3812794222937,0.036951318727176385,0.6944087907264982,0.8218868741501241
station_v0_bogota_grid_spawn1.6__TD3_vanilla_extended_ts102__seed0__2022-03-05,station_v0_bogota_grid_spawn1.6,1.6,TD3_vanilla_extended_ts102,0,2022-03-05,206.19487436382516,15.0,33.0,64.0,26.0,468.8486416023321,952.12024661058,206.3812794222937,0.18640505846852307,0.6946301282814373,0.8220158802294282
station_v0_bogota_grid_spawn1.6__RoundRobin__seed1__2022-01-17,station_v0_bogota_grid_spawn1.6,1.6,RoundRobin,1,2022-01-17,232.7341743294228,16.0,48.0,75.0,17.0,672.2518528397397,1095.9070075014972,232.8489259994975,0.11475167007469622,0.7428638006168806,0.8248480639208009
station_v0_bogota_grid_spawn1.6__Optimal_Oracle_Tracking__seed1__2022-01-17,station_v0_bogota_grid_spawn1.6,1.6,Optimal_Oracle_Tracking,1,2022-01-17,231.3592413856205,16.0,48.0,75.0,17.0,672.2518528397397,1095.9070075014972,232.8489259994975,1.4896846138770172,0.7443828943752193,0.8258828159840934
station_v0_bogota_grid_spawn1.6__MPC_TrackingG2V__seed1__2022-03-05,station_v0_bogota_grid_spawn1.6,1.6,MPC_TrackingG2V,1,2022-03-05,222.60589071588305,16.0,53.0,75.0,14.0,770.0837222729544,1099.4250542056427,224.1106185142993,1.5047277984162406,0.7760941884464839,0.8318096781944568
station_v0_bogota_grid_spawn1.6__ChargeAsFastAsPossible__seed2__2022-01-17,station_v0_bogota_grid_spawn1.6,1.6,ChargeAsFastAsPossible,2,2022-01-17,265.04827700493394,17.0,32.0,65.0,14.0,469.8358531882482,985.766999447336,265.09780959281323,0.04953258787929826,0.6393575496297651,0.7881079753068451
station_v0_bogota_grid_spawn1.6__TD3_vanilla_extended_ts102__seed2__2022-01-17,station_v0_bogota_grid_spawn1.6,1.6,TD3_vanilla_extended_ts102,2,2022-01-17,265.01761012354723,17.0,32.0,65.0,14.0,469.8358531882482,985.766999447336,265.09780959281323,0.08019946926600596,0.6393992770440063,0.7881324918502517
station_v0_bogota_grid_spawn1.6__RoundRobin__seed2__2022-03-05,station_v0_bogota_grid_spawn1.6,1.6,RoundRobin,2,2022-03-05,217.88281907766884,15.0,40.0,72.0,17.0,572.3662285405312,1065.8599709704672,218.02196970622373,0.13915062855488713,0.7243344225521355,0.8302937270362802
station_v0_bogota_grid_spawn1.6__Optimal_Oracle_Tracking__seed2__2022-03-05,station_v0_bogota_grid_spawn1.6,1.6,Optimal_Oracle_Tracking,2,2022-03-05,216.78108150111404,15.0,40.0,72.0,17.0,572.3662285405312,1065.8599709704672,218.02196970622373,1.240888205109684,0.7257283421210242,0.8311518570104225
station_v0_bogota_grid_spawn1.6__MPC_TrackingG2V__seed3__2022-01-17,station_v0_bogota_grid_spawn1.6,1.6,MPC_TrackingG2V,3,2022-01-17,241.6413617267234,15.0,13.0,66.0,12.0,184.9500513039631,988.8248127671347,242.9433598485765,1.301998121853103,0.43527674082230555,0.8038256166226573
station_v0_bogota_grid_spawn1.6__ChargeAsFastAsPossible__seed3__2022-03-05,station_v0_bogota_grid_spawn1.6,1.6,ChargeAsFastAsPossible,3,2022-03-05,227.1697256156729,16.0,36.0,64.0,11.0,517.1528933777106,944.0237516933536,227.23161949181133,0.06189387613844133,0.6948220688526174,0.806045947617892
station_v0_bogota_grid_spawn1.6__TD3_vanilla_extended_ts102__seed3__2022-03-05,station_v0_bogota_grid_spawn1.6,1.6,TD3_vanilla_extended_ts102,3,2022-03-05,227.1761775372565,16.0,36.0,64.0,11.0,517.1528933777106,944.0237516933536,227.23161949181133,0.055441954554822814,0.6948134013945065,0.8060404390654939
station_v0_bogota_grid_spawn1.6__RoundRobin__seed4__2022-01-17,station_v0_bogota_grid_spawn1.6,1.6,RoundRobin,4,2022-01-17,215.45847777158212,16.0,35.0,74.0,24.0,453.3868353931599,1085.1256447907565,215.6481845821084,0.1897068105262747,0.677956353047787,0.8343613063960088
station_v0_bogota_grid_spawn1.6__Optimal_Oracle_Tracking__seed4__2022-01-17,station_v0_bogota_grid_spawn1.6,1.6,Optimal_Oracle_Tracking,4,2022-01-17,214.3003234700485,16.0,35.0,74.0,24.0,453.3868353931599,1085.1256447907565,215.6481845821084,1.3478611120598885,0.6796874347803642,0.8352516643317093
station_v0_bogota_grid_spawn1.6__MPC_TrackingG2V__seed4__2022-03-05,station_v0_bogota_grid_spawn1.6,1.6,MPC_TrackingG2V,4,2022-03-05,199.79336373822665,15.0,24.0,75.0,20.0,356.5066090843587,1117.4744049747787,200.85676924094696,1.0634055027203146,0.6415384083207256,0.8484497919446655
station_v0_bogota_grid_spawn1.6__ChargeAsFastAsPossible__seed5__2022-01-17,station_v0_bogota_grid_spawn1.6,1.6,ChargeAsFastAsPossible,5,2022-01-17,189.06085113239465,15.0,23.0,55.0,19.0,345.8335521243158,812.4864422201624,189.12693544760768,0.0660843152130326,0.6465891303664253,0.8112436840923414
station_v0_bogota_grid_spawn1.6__TD3_vanilla_extended_ts102__seed5__2022-01-17,station_v0_bogota_grid_spawn1.6,1.6,TD3_vanilla_extended_ts102,5,2022-01-17,189.0557281581927,15.0,23.0,55.0,19.0,345.8335521243158,812.4864422201624,189.12693544760768,0.07120728941498555,0.6465987067264014,0.8112487988145647
station_v0_bogota_grid_spawn1.6__RoundRobin__seed5__2022-03-05,station_v0_bogota_grid_spawn1.6,1.6,RoundRobin,5,2022-03-05,180.92639946735105,15.0,35.0,73.0,12.0,487.5036697608636,1089.3831562599946,181.1016405626724,0.17524109532135412,0.729397304098884,0.8575926292704747
station_v0_bogota_grid_spawn1.6__Optimal_Oracle_Tracking__seed5__2022-03-05,station_v0_bogota_grid_spawn1.6,1.6,Optimal_Oracle_Tracking,5,2022-03-05,179.7961415110568,15.0,35.0,73.0,12.0,487.5036697608636,1089.3831562599946,181.1016405626724,1.3054990516156124,0.7310877752017045,0.8584822565679607
station_v0_bogota_grid_spawn1.6__MPC_TrackingG2V__seed6__2022-01-17,station_v0_bogota_grid_spawn1.6,1.6,MPC_TrackingG2V,6,2022-01-17,191.27347379925277,14.0,23.0,51.0,22.0,292.2394969589893,725.342008034445,192.53006302483013,1.2565892255773576,0.6054342318737236,0.7916120559387839
station_v0_bogota_grid_spawn1.6__ChargeAsFastAsPossible__seed6__2022-03-05,station_v0_bogota_grid_spawn1.6,1.6,ChargeAsFastAsPossible,6,2022-03-05,165.0840232966276,13.0,13.0,53.0,19.0,178.83840610144338,768.3519451973079,165.12469165701012,0.04066836038251154,0.5200530976361973,0.8231514139947445
station_v0_bogota_grid_spawn1.6__TD3_vanilla_extended_ts102__seed6__2022-03-05,station_v0_bogota_grid_spawn1.6,1.6,TD3_vanilla_extended_ts102,6,2022-03-05,151.03488620719128,13.0,13.0,53.0,19.0,178.83840610144338,768.3519451973079,165.12469165701012,14.08980544981884,0.5608979940247694,0.838201750055409
station_v0_bogota_grid_spawn1.6__RoundRobin__seed7__2022-01-17,station_v0_bogota_grid_spawn1.6,1.6,RoundRobin,7,2022-01-17,244.92411821279376,16.0,26.0,53.0,28.0,367.244619707932,777.1766117805794,245.08904652796417,0.16492831517041395,0.6000152666464056,0.7604104997344341
station_v0_bogota_grid_spawn1.6__Optimal_Oracle_Tracking__seed7__2022-01-17,station_v0_bogota_grid_spawn1.6,1.6,Optimal_Oracle_Tracking,7,2022-01-17,243.8473720514629,16.0,26.0,53.0,28.0,367.244619707932,777.1766117805794,245.08904652796417,1.2416744765012595,0.6017736970916068,0.7614637936141408
station_v0_bogota_grid_spawn1.6__MPC_TrackingG2V__seed7__2022-03-05,station_v0_bogota_grid_spawn1.6,1.6,MPC_TrackingG2V,7,2022-03-05,230.4533467294227,16.0,39.0,57.0,23.0,562.6881843933461,841.8940941130006,231.6959360557911,1.2425893263684031,0.7098968360556772,0.7853432499804507
station_v0_bogota_grid_spawn1.6__ChargeAsFastAsPossible__seed8__2022-01-17,station_v0_bogota_grid_spawn1.6,1.6,ChargeAsFastAsPossible,8,2022-01-17,298.5210583104438,15.0,16.0,61.0,11.0,243.67218693733705,947.7896410035174,298.6154293944592,0.09437108401544947,0.44951525847163176,0.7604943485867511
station_v0_bogota_grid_spawn1.6__TD3_vanilla_extended_ts102__seed8__2022-01-17,station_v0_bogota_grid_spawn1.6,1.6,TD3_vanilla_extended_ts102,8,2022-01-17,298.5100728214958,15.0,16.0,61.0,11.0,243.67218693733705,947.7896410035174,298.6154293944592,0.10535657296344425,0.4495355161515366,0.7605031623257265
station_v0_bogota_grid_spawn1.6__RoundRobin__seed8__2022-03-05,station_v0_bogota_grid_spawn1.6,1.6,RoundRobin,8,2022-03-05,308.7656788623284,16.0,40.0,68.0,8.0,595.4588492497635,1057.8147752093723,308.97800431327335,0.21232545094494526,0.6586100205382572,0.7740947395331095
station_v0_bogota_grid_spawn1.6__Optimal_Oracle_Tracking__seed8__2022-03-05,station_v0_bogota_grid_spawn1.6,1.6,Optimal_Oracle_Tracking,8,2022-03-05,307.746075402927,16.0,40.0,68.0,8.0,595.4588492497635,1057.8147752093723,308.97800431327335,1.2319289103463689,0.6597373556920435,0.77484072200732
station_v0_bogota_grid_spawn1.6__MPC_TrackingG2V__seed9__2022-01-17,station_v0_bogota_grid_spawn1.6,1.6,MPC_TrackingG2V,9,2022-01-17,241.6525783910405,16.0,20.0,59.0,5.0,306.55958252835205,919.9279444682212,243.0688827465504,1.416304355509908,0.5603346739507471,0.7922156168131882
station_v0_bogota_grid_spawn1.6__ChargeAsFastAsPossible__seed9__2022-03-05,station_v0_bogota_grid_spawn1.6,1.6,ChargeAsFastAsPossible,9,2022-03-05,225.81917317374723,15.0,21.0,59.0,7.0,313.5795887090975,913.268067134558,225.88480193422427,0.0656287604770398,0.5814011506775202,0.8017656986122095
station_v0_bogota_grid_spawn1.6__TD3_vanilla_extended_ts102__seed9__2022-03-05,station_v0_bogota_grid_spawn1.6,1.6,TD3_vanilla_extended_ts102,9,2022-03-05,225.74294728519925,15.0,21.0,59.0,7.0,313.5795887090975,913.268067134558,225.88480193422427,0.14185464902502076,0.5815424498807115,0.8018326131507387
station_v0_bogota_grid_spawn1.6__RoundRobin__seed10__2022-01-17,station_v0_bogota_grid_spawn1.6,1.6,RoundRobin,10,2022-01-17,226.5512924844211,15.0,43.0,79.0,15.0,579.9851410440159,1191.0426881084627,226.67033282168643,0.11904033726531793,0.7191473933738669,0.8401994697517959
station_v0_bogota_grid_spawn1.6__Optimal_Oracle_Tracking__seed10__2022-01-17,station_v0_bogota_grid_spawn1.6,1.6,Optimal_Oracle_Tracking,10,2022-01-17,225.32199473921628,15.0,43.0,79.0,15.0,579.9851410440159,1191.0426881084627,226.67033282168643,1.3483380824701499,0.7206713373437921,0.84106656889461
station_v0_bogota_grid_spawn1.6__MPC_TrackingG2V__seed10__2022-03-05,station_v0_bogota_grid_spawn1.6,1.6,MPC_TrackingG2V,10,2022-03-05,214.24669103313,15.0,45.0,75.0,17.0,630.4098848964269,1116.180155597452,215.5275862861067,1.2808952529767055,0.7467346011595454,0.8391188364422205
station_v0_bogota_grid_spawn1.6__ChargeAsFastAsPossible__seed11__2022-01-17,station_v0_bogota_grid_spawn1.6,1.6,ChargeAsFastAsPossible,11,2022-01-17,227.2721871337505,15.0,29.0,54.0,12.0,430.4069968849572,780.0504672040614,227.3276347728994,0.05544763914889472,0.6544621855156109,0.7743923689747344
station_v0_bogota_grid_spawn1.6__TD3_vanilla_extended_ts102__seed11__2022-01-17,station_v0_bogota_grid_spawn1.6,1.6,TD3_vanilla_extended_ts102,11,2022-01-17,227.2248718298157,15.0,29.0,54.0,12.0,430.4069968849572,780.0504672040614,227.3276347728994,0.1027629430836896,0.6545341222841151,0.7744393377383416
station_v0_bogota_grid_spawn1.6__RoundRobin__seed11__2022-03-05,station_v0_bogota_grid_spawn1.6,1.6,RoundRobin,11,2022-03-05,213.0965327299495,14.0,18.0,53.0,10.0,253.9640666395257,788.0438279967833,213.2747622288194,0.17822949886991069,0.5439237504167399,0.7871840842564026
station_v0_bogota_grid_spawn1.6__Optimal_Oracle_Tracking__seed11__2022-03-05,station_v0_bogota_grid_spawn1.6,1.6,Optimal_Oracle_Tracking,11,2022-03-05,212.34472970366485,14.0,18.0,53.0,10.0,253.9640666395257,788.0438279967833,213.2747622288194,0.9300325251545587,0.5455327841267711,0.787934897267989
station_v0_bogota_grid_spawn1.6__MPC_TrackingG2V__seed12__2022-01-17,station_v0_bogota_grid_spawn1.6,1.6,MPC_TrackingG2V,12,2022-01-17,256.6888224525784,17.0,34.0,62.0,10.0,485.40513987444825,903.3831006708168,258.22056542188074,1.5317429693023428,0.6548144844585625,0.7790220279555365
station_v0_bogota_grid_spawn1.6__ChargeAsFastAsPossible__seed12__2022-03-05,station_v0_bogota_grid_spawn1.6,1.6,ChargeAsFastAsPossible,12,2022-03-05,250.7069485658083,17.0,23.0,62.0,5.0,338.24789615459645,928.9535029916636,250.79660946533207,0.08966089952377843,0.5743836905804655,0.7874914815276638
station_v0_bogota_grid_spawn1.6__TD3_vanilla_extended_ts102__seed12__2022-03-05,station_v0_bogota_grid_spawn1.6,1.6,TD3_vanilla_extended_ts102,12,2022-03-05,250.65948149895183,17.0,23.0,62.0,5.0,338.24789615459645,928.9535029916636,250.79660946533207,0.13712796638023406,0.5744642737391292,0.7875317163760059
station_v0_bogota_grid_spawn1.6__RoundRobin__seed13__2022-01-17,station_v0_bogota_grid_spawn1.6,1.6,RoundRobin,13,2022-01-17,252.78327054248047,16.0,23.0,78.0,13.0,347.0853334757633,1180.060761331848,258.9708002837795,6.187529741299045,0.5829045257336277,0.8243379246952193
station_v0_bogota_grid_spawn1.6__Optimal_Oracle_Tracking__seed13__2022-01-17,station_v0_bogota_grid_spawn1.6,1.6,Optimal_Oracle_Tracking,13,2022-01-17,257.9219127157684,16.0,23.0,78.0,13.0,347.0853334757633,1180.060761331848,258.9708002837795,1.0488875680110823,0.5744257035799578,0.820767021658514
station_v0_bogota_grid_spawn1.6__MPC_TrackingG2V__seed13__2022-03-05,station_v0_bogota_grid_spawn1.6,1.6,MPC_TrackingG2V,13,2022-03-05,249.98093694985124,16.0,35.0,75.0,14.0,518.4445053709563,1138.0534499086586,250.89791273815976,0.9169757883085197,0.6750719431742079,0.8200218210136014
station_v0_bogota_grid_spawn1.6__ChargeAsFastAsPossible__seed14__2022-01-17,station_v0_bogota_grid_spawn1.6,1.6,ChargeAsFastAsPossible,14,2022-01-17,343.9858446396392,16.0,14.0,53.0,18.0,181.6113430521958,811.0050830409815,344.0846349270756,0.09879028743642948,0.34565631268116187,0.7021998903732326
station_v0_bogota_grid_spawn1.6__TD3_vanilla_extended_ts102__seed14__2022-01-17,station_v0_bogota_grid_spawn1.6,1.6,TD3_vanilla_extended_ts102,14,2022-01-17,327.5621137172116,16.0,14.0,53.0,18.0,181.6113430521958,811.0050830409815,344.0846349270756,16.52252120986401,0.37689819317939005,0.7164184663565069
station_v0_bogota_grid_spawn1.6__RoundRobin__seed14__2022-03-05,station_v0_bogota_grid_spawn1.6,1.6,RoundRobin,14,2022-03-05,354.3046520744398,17.0,36.0,64.0,8.0,528.50083375668,977.168640516172,354.5368588251669,0.23220675072712993,0.5987661058515913,0.7339466929815348
station_v0_bogota_grid_spawn1.6__Optimal_Oracle_Tracking__seed14__2022-03-05,station_v0_bogota_grid_spawn1.6,1.6,Optimal_Oracle_Tracking,14,2022-03-05,353.2669054985811,17.0,36.0,64.0,8.0,528.50083375668,977.168640516172,354.5368588251669,1.269953326585835,0.5999413066211355,0.7347259542944692
station_v0_bogota_grid_spawn1.6__MPC_TrackingG2V__seed15__2022-01-17,station_v0_bogota_grid_spawn1.6,1.6,MPC_TrackingG2V,15,2022-01-17,203.1240601366775,15.0,34.0,75.0,22.0,480.5823193275777,1104.299982823377,204.36375049077245,1.2396903540949324,0.7034451775297482,0.844785138484527
station_v0_bogota_grid_spawn1.6__ChargeAsFastAsPossible__seed15__2022-03-05,station_v0_bogota_grid_spawn1.6,1.6,ChargeAsFastAsPossible,15,2022-03-05,195.2842950291088,15.0,43.0,78.0,19.0,604.5093741884511,1144.9519453031269,195.3457353167857,0.06144028767690202,0.7558504125204564,0.854297819168958
station_v0_bogota_grid_spawn1.6__TD3_vanilla_extended_ts102__seed15__2022-03-05,station_v0_bogota_grid_spawn1.6,1.6,TD3_vanilla_extended_ts102,15,2022-03-05,195.25827132593747,15.0,43.0,78.0,19.0,604.5093741884511,1144.9519453031269,195.3457353167857,0.08746399084822087,0.7558829480420303,0.8543172355296272
station_v0_bogota_grid_spawn1.6__RoundRobin__seed16__2022-01-17,station_v0_bogota_grid_spawn1.6,1.6,RoundRobin,16,2022-01-17,226.6567630654494,16.0,52.0,71.0,13.0,767.5919428931007,1060.3199848313309,226.76488836096337,0.10812529551395755,0.7720569156450666,0.8238991322279442
station_v0_bogota_grid_spawn1.6__Optimal_Oracle_Tracking__seed16__2022-01-17,station_v0_bogota_grid_spawn1.6,1.6,Optimal_Oracle_Tracking,16,2022-01-17,225.38897067175637,16.0,52.0,71.0,13.0,767.5919428931007,1060.3199848313309,226.76488836096337,1.3759176892070002,0.7733319030075952,0.8248841429448743
station_v0_bogota_grid_spawn1.6__MPC_TrackingG2V__seed16__2022-03-05,station_v0_bogota_grid_spawn1.6,1.6,MPC_TrackingG2V,16,2022-03-05,214.26177206824923,16.0,40.0,74.0,13.0,608.303654384038,1131.111602506999,215.3757219290227,1.1139498607734595,0.7398723602534228,0.8408735320564616
station_v0_bogota_grid_spawn1.6__ChargeAsFastAsPossible__seed17__2022-01-17,station_v0_bogota_grid_spawn1.6,1.6,ChargeAsFastAsPossible,17,2022-01-17,220.6226934476824,15.0,21.0,57.0,14.0,269.2771219617852,835.5165387647761,220.6752679468704,0.052574499188011714,0.5497058530752054,0.791114935709859
station_v0_bogota_grid_spawn1.6__TD3_vanilla_extended_ts102__seed17__2022-01-17,station_v0_bogota_grid_spawn1.6,1.6,TD3_vanilla_extended_ts102,17,2022-01-17,220.5853791893074,15.0,21.0,57.0,14.0,269.2771219617852,835.5165387647761,220.6752679468704,0.08988875756301695,0.5497820120227758,0.7911502647648072
station_v0_bogota_grid_spawn1.6__RoundRobin__seed17__2022-03-05,station_v0_bogota_grid_spawn1.6,1.6,RoundRobin,17,2022-03-05,215.6725529672458,15.0,26.0,57.0,12.0,371.04610993420056,840.1531696134515,215.79015077776697,0.11759781052117546,0.6324825723864007,0.7957536651803045
station_v0_bogota_grid_spawn1.6__Optimal_Oracle_Tracking__seed17__2022-03-05,station_v0_bogota_grid_spawn1.6,1.6,Optimal_Oracle_Tracking,17,2022-03-05,214.8481499386474,15.0,26.0,57.0,12.0,371.04610993420056,840.1531696134515,215.79015077776697,0.9420008391195722,0.6338873987132507,0.7965343917710964
station_v0_bogota_grid_spawn1.6__MPC_TrackingG2V__seed18__2022-01-17,station_v0_bogota_grid_spawn1.6,1.6,MPC_TrackingG2V,18,2022-01-17,221.8407874124157,15.0,35.0,65.0,15.0,475.3551582433568,944.2571607289724,223.1803009969928,1.3395135845771051,0.682420148500886,0.8099762987865394
station_v0_bogota_grid_spawn1.6__ChargeAsFastAsPossible__seed18__2022-03-05,station_v0_bogota_grid_spawn1.6,1.6,ChargeAsFastAsPossible,18,2022-03-05,250.89444466196483,16.0,53.0,72.0,7.0,778.6739066346798,1082.0278564306743,250.9508372742196,0.05639261225476844,0.7563243830859568,0.8117791035619434
station_v0_bogota_grid_spawn1.6__TD3_vanilla_extended_ts102__seed18__2022-03-05,station_v0_bogota_grid_spawn1.6,1.6,TD3_vanilla_extended_ts102,18,2022-03-05,250.79909397460565,16.0,53.0,72.0,7.0,778.6739066346798,1082.0278564306743,250.9508372742196,0.1517432996139405,0.7564169903080766,0.8118506356035352
station_v0_bogota_grid_spawn1.6__RoundRobin__seed19__2022-01-17,station_v0_bogota_grid_spawn1.6,1.6,RoundRobin,19,2022-01-17,252.49013038540963,17.0,42.0,71.0,9.0,601.3021607862412,1047.564998716548,252.69319741824413,0.20306703283449679,0.7043425026146898,0.8058153902540484
station_v0_bogota_grid_spawn1.6__Optimal_Oracle_Tracking__seed19__2022-01-17,station_v0_bogota_grid_spawn1.6,1.6,Optimal_Oracle_Tracking,19,2022-01-17,251.1556558105131,17.0,42.0,71.0,9.0,601.3021607862412,1047.564998716548,252.69319741824413,1.537541607731015,0.7059051277063557,0.8068417053189051
station_v0_bogota_grid_spawn1.6__MPC_TrackingG2V__seed19__2022-03-05,station_v0_bogota_grid_spawn1.6,1.6,MPC_TrackingG2V,19,2022-03-05,203.1433278801609,16.0,34.0,62.0,6.0,475.8866618747039,925.4742243918852,204.326894786023,1.1835669058620795,0.7013536030104681,0.820195497745677
station_v0_bogota_grid_spawn1.6__ChargeAsFastAsPossible__seed20__2022-01-17,station_v0_bogota_grid_spawn1.6,1.6,ChargeAsFastAsPossible,20,2022-01-17,283.8540559982568,16.0,38.0,67.0,16.0,504.3888621178186,984.1902533172116,283.9408640554662,0.08680805720939588,0.6399297824577249,0.7761634801720286
station_v0_bogota_grid_spawn1.6__TD3_vanilla_extended_ts102__seed20__2022-01-17,station_v0_bogota_grid_spawn1.6,1.6,TD3_vanilla_extended_ts102,20,2022-01-17,283.8242872482259,16.0,38.0,67.0,16.0,504.3888621178186,984.1902533172116,283.9408640554662,0.11657680724027841,0.6399675442584569,0.7761869546768516
station_v0_bogota_grid_spawn1.6__RoundRobin__seed20__2022-03-05,station_v0_bogota_grid_spawn1.6,1.6,RoundRobin,20,2022-03-05,279.05879623225667,16.0,39.0,65.0,11.0,556.5904983376004,988.612839175782,279.25270630037915,0.19391006812247724,0.6661349943580356,0.7798987461817546
station_v0_bogota_grid_spawn1.6__Optimal_Oracle_Tracking__seed20__2022-03-05,station_v0_bogota_grid_spawn1.6,1.6,Optimal_Oracle_Tracking,20,2022-03-05,278.02453218590387,16.0,39.0,65.0,11.0,556.5904983376004,988.612839175782,279.25270630037915,1.22817411447528,0.6673723843859902,0.780714498333111
station_v0_bogota_grid_spawn1.6__MPC_TrackingG2V__seed21__2022-01-17,station_v0_bogota_grid_spawn1.6,1.6,MPC_TrackingG2V,21,2022-01-17,190.51969453552783,14.0,18.0,66.0,13.0,273.34184174199606,1022.5577753098046,191.65593829622185,1.1362437606940148,0.5902782707481548,0.8430921242276914
station_v0_bogota_grid_spawn1.6__ChargeAsFastAsPossible__seed21__2022-03-05,station_v0_bogota_grid_spawn1.6,1.6,ChargeAsFastAsPossible,21,2022-03-05,209.33050374386784,16.0,21.0,56.0,14.0,303.3464271771993,864.285594203764,209.3751646263008,0.0446608824329644,0.591726763432086,0.8050310565769686
station_v0_bogota_grid_spawn1.6__TD3_vanilla_extended_ts102__seed21__2022-03-05,station_v0_bogota_grid_spawn1.6,1.6,TD3_vanilla_extended_ts102,21,2022-03-05,209.27410338132145,16.0,21.0,56.0,14.0,303.3464271771993,864.285594203764,209.3751646263008,0.10106124497934843,0.5918367653579811,0.8050835874737929
station_v0_bogota_grid_spawn1.6__RoundRobin__seed22__2022-01-17,station_v0_bogota_grid_spawn1.6,1.6,RoundRobin,22,2022-01-17,220.60649685649767,16.0,35.0,70.0,19.0,510.3411615290737,1033.0120284496782,220.794414427168,0.18791757067032222,0.6982686876261361,0.8240505956004515
station_v0_bogota_grid_spawn1.6__Optimal_Oracle_Tracking__seed22__2022-01-17,station_v0_bogota_grid_spawn1.6,1.6,Optimal_Oracle_Tracking,22,2022-01-17,219.4627089049856,16.0,35.0,70.0,19.0,510.3411615290737,1033.0120284496782,220.794414427168,1.3317055221824035,0.699833086882753,0.824962848012305
station_v0_bogota_grid_spawn1.6__MPC_TrackingG2V__seed22__2022-03-05,station_v0_bogota_grid_spawn1.6,1.6,MPC_TrackingG2V,22,2022-03-05,199.59256035197475,15.0,32.0,70.0,18.0,458.5694344847444,1048.620355138475,200.35488483128407,0.7623244793093136,0.6970933466848602,0.84019494224977
station_v0_bogota_grid_spawn1.6__ChargeAsFastAsPossible__seed23__2022-01-17,station_v0_bogota_grid_spawn1.6,1.6,ChargeAsFastAsPossible,23,2022-01-17,239.98257652829224,15.0,37.0,73.0,19.0,510.2630984558135,1078.0421068848948,240.03469490723373,0.0521183789414863,0.6801502301471228,0.8179297471877216
station_v0_bogota_grid_spawn1.6__TD3_vanilla_extended_ts102__seed23__2022-01-17,station_v0_bogota_grid_spawn1.6,1.6,TD3_vanilla_extended_ts102,23,2022-01-17,238.7736294254672,15.0,37.0,73.0,19.0,510.2630984558135,1078.0421068848948,240.03469490723373,1.2610654817665363,0.6817615198423866,0.8188469525441783
station_v0_bogota_grid_spawn1.6__RoundRobin__seed23__2022-03-05,station_v0_bogota_grid_spawn1.6,1.6,RoundRobin,23,2022-03-05,244.47640879300835,16.0,35.0,76.0,12.0,534.0714314611141,1154.012360130616,244.82016348917657,0.34375469616821874,0.6861226769193588,0.8252282495116922
station_v0_bogota_grid_spawn1.6__Optimal_Oracle_Tracking__seed23__2022-03-05,station_v0_bogota_grid_spawn1.6,1.6,Optimal_Oracle_Tracking,23,2022-03-05,243.55845713240603,16.0,35.0,76.0,12.0,534.0714314611141,1154.012360130616,244.82016348917657,1.2617063567705316,0.6873012127599732,0.8258844765046325
station_v0_bogota_grid_spawn1.6__MPC_TrackingG2V__seed24__2022-01-17,station_v0_bogota_grid_spawn1.6,1.6,MPC_TrackingG2V,24,2022-01-17,240.3952454439587,16.0,15.0,64.0,7.0,231.7847497563156,990.5678686215324,241.55584625174689,1.1606008077881995,0.4921305134794227,0.8048935812677848
station_v0_bogota_grid_spawn1.6__ChargeAsFastAsPossible__seed24__2022-03-05,station_v0_bogota_grid_spawn1.6,1.6,ChargeAsFastAsPossible,24,2022-03-05,237.57614183910843,16.0,31.0,70.0,7.0,457.4550266784229,1067.2291555690283,237.635307410207,0.059165571098560577,0.6582082497944569,0.8179304068894019
station_v0_bogota_grid_spawn1.6__TD3_vanilla_extended_ts102__seed24__2022-03-05,station_v0_bogota_grid_spawn1.6,1.6,TD3_vanilla_extended_ts102,24,2022-03-05,237.53197645118888,16.0,31.0,70.0,7.0,457.4550266784229,1067.2291555690283,237.635307410207,0.10333095901810907,0.6582717888565811,0.8179642536138492
station_v0_bogota_grid_spawn1.6__RoundRobin__seed25__2022-01-17,station_v0_bogota_grid_spawn1.6,1.6,RoundRobin,25,2022-01-17,250.7363676977514,14.0,17.0,59.0,21.0,225.42763811831605,868.4453910367968,250.8730033837034,0.13663568595200104,0.47357541466446185,0.7759919170920406
station_v0_bogota_grid_spawn1.6__Optimal_Oracle_Tracking__seed25__2022-01-17,station_v0_bogota_grid_spawn1.6,1.6,Optimal_Oracle_Tracking,25,2022-01-17,249.75990573060656,14.0,17.0,59.0,21.0,225.42763811831605,868.4453910367968,250.8730033837034,1.113097653096844,0.4756255105116259,0.7768642890391222
station_v0_bogota_grid_spawn1.6__MPC_TrackingG2V__seed25__2022-03-05,station_v0_bogota_grid_spawn1.6,1.6,MPC_TrackingG2V,25,2022-03-05,275.2432751004057,16.0,28.0,59.0,14.0,399.214600910769,870.8220225472078,276.35045906468827,1.1071839642825694,0.5925732525148576,0.760068098291845
station_v0_bogota_grid_spawn1.6__ChargeAsFastAsPossible__seed26__2022-01-17,station_v0_bogota_grid_spawn1.6,1.6,ChargeAsFastAsPossible,26,2022-01-17,281.20854490860904,15.0,20.0,56.0,17.0,280.82345363290574,826.3319750150798,281.2781454242965,0.06960051568745484,0.49971936500399133,0.7461123370766449
station_v0_bogota_grid_spawn1.6__TD3_vanilla_extended_ts102__seed26__2022-01-17,station_v0_bogota_grid_spawn1.6,1.6,TD3_vanilla_extended_ts102,26,2022-01-17,281.1781118261064,15.0,20.0,56.0,17.0,280.82345363290574,826.3319750150798,281.2781454242965,0.10003359819012303,0.49977350660855835,0.7461398134258955
station_v0_bogota_grid_spawn1.6__RoundRobin__seed26__2022-03-05,station_v0_bogota_grid_spawn1.6,1.6,RoundRobin,26,2022-03-05,213.99787016917867,15.0,24.0,54.0,16.0,333.75051701033635,805.2326953736504,214.1445931297233,0.14672296054462208,0.6094181783909809,0.7900700039301783
station_v0_bogota_grid_spawn1.6__Optimal_Oracle_Tracking__seed26__2022-03-05,station_v0_bogota_grid_spawn1.6,1.6,Optimal_Oracle_Tracking,26,2022-03-05,212.9818933317922,15.0,24.0,54.0,16.0,333.75051701033635,805.2326953736504,214.1445931297233,1.162699797931083,0.611272505649216,0.7910666681180554
station_v0_bogota_grid_spawn1.6__MPC_TrackingG2V__seed27__2022-01-17,station_v0_bogota_grid_spawn1.6,1.6,MPC_TrackingG2V,27,2022-01-17,252.96302425517476,14.0,39.0,65.0,26.0,526.1760563568707,951.7126685818096,254.13488304834016,1.1718587931653985,0.6758176625743644,0.7902197305843499
station_v0_bogota_grid_spawn1.6__ChargeAsFastAsPossible__seed27__2022-03-05,station_v0_bogota_grid_spawn1.6,1.6,ChargeAsFastAsPossible,27,2022-03-05,284.43221015067127,16.0,58.0,78.0,11.0,821.247401759901,1185.206750641083,284.5012366518222,0.06902650115091546,0.7427695587676921,0.8064702562618751
station_v0_bogota_grid_spawn1.6__TD3_vanilla_extended_ts102__seed27__2022-03-05,station_v0_bogota_grid_spawn1.6,1.6,TD3_vanilla_extended_ts102,27,2022-03-05,284.40588070868466,16.0,58.0,78.0,11.0,821.247401759901,1185.206750641083,284.5012366518222,0.09535594313751972,0.7427933701847466,0.8064881710056299
station_v0_bogota_grid_spawn1.6__RoundRobin__seed28__2022-01-17,station_v0_bogota_grid_spawn1.6,1.6,RoundRobin,28,2022-01-17,203.7488551856718,15.0,36.0,67.0,24.0,476.17220422613167,972.1726350439408,216.03240131597852,12.283546130306718,0.705652268773764,0.8285238246339547
station_v0_bogota_grid_spawn1.6__Optimal_Oracle_Tracking__seed28__2022-01-17,station_v0_bogota_grid_spawn1.6,1.6,Optimal_Oracle_Tracking,28,2022-01-17,214.6862081173297,15.0,36.0,67.0,24.0,476.17220422613167,972.1726350439408,216.03240131597852,1.3461931986488196,0.6898515173137355,0.8193188872730051
station_v0_bogota_grid_spawn1.6__MPC_TrackingG2V__seed28__2022-03-05,station_v0_bogota_grid_spawn1.6,1.6,MPC_TrackingG2V,28,2022-03-05,217.2495969702477,16.0,40.0,68.0,13.0,573.1470122327421,1009.9679475573588,218.5429978394613,1.293400869213599,0.7255875478958814,0.8231602267897792
station_v0_bogota_grid_spawn1.6__ChargeAsFastAsPossible__seed29__2022-01-17,station_v0_bogota_grid_spawn1.6,1.6,ChargeAsFastAsPossible,29,2022-01-17,258.3622687527826,17.0,40.0,67.0,17.0,585.1561383475158,1027.1405932013956,258.41950097233763,0.05723221955503277,0.6937295759736598,0.7990274667643293
station_v0_bogota_grid_spawn1.6__TD3_vanilla_extended_ts102__seed29__2022-01-17,station_v0_bogota_grid_spawn1.6,1.6,TD3_vanilla_extended_ts102,29,2022-01-17,258.3647809903051,17.0,40.0,67.0,17.0,585.1561383475158,1027.1405932013956,258.41950097233763,0.05471998203250905,0.6937265978915467,0.7990255125674511
station_v0_bogota_grid_spawn1.6__RoundRobin__seed29__2022-03-05,station_v0_bogota_grid_spawn1.6,1.6,RoundRobin,29,2022-03-05,234.74782233873265,15.0,39.0,65.0,19.0,547.047906735069,969.5380871549684,234.9019754062545,0.15415306752186098,0.6997917287283302,0.8050979624178681
station_v0_bogota_grid_spawn1.6__Optimal_Oracle_Tracking__seed29__2022-03-05,station_v0_bogota_grid_spawn1.6,1.6,Optimal_Oracle_Tracking,29,2022-03-05,233.79567096683093,15.0,39.0,65.0,19.0,547.047906735069,969.5380871549684,234.9019754062545,1.1063044394235817,0.7010093916420893,0.8058884968757448
station_v0_bogota_grid_spawn1.6__MPC_TrackingG2V__seed30__2022-01-17,station_v0_bogota_grid_spawn1.6,1.6,MPC_TrackingG2V,30,2022-01-17,237.81098991634943,16.0,44.0,62.0,8.0,639.3257692095902,919.1583067770993,239.2017045189691,1.3907146026196813,0.7293072817551675,0.7947002766003058
station_v0_bogota_grid_spawn1.6__ChargeAsFastAsPossible__seed30__2022-03-05,station_v0_bogota_grid_spawn1.6,1.6,ChargeAsFastAsPossible,30,2022-03-05,226.24323186661093,16.0,33.0,61.0,8.0,489.2429601777917,914.9824218320828,226.309267065931,0.0660351993200834,0.6838200997038463,0.8017656361932658
station_v0_bogota_grid_spawn1.6__TD3_vanilla_extended_ts102__seed30__2022-03-05,station_v0_bogota_grid_spawn1.6,1.6,TD3_vanilla_extended_ts102,30,2022-03-05,226.15101169236289,16.0,33.0,61.0,8.0,489.2429601777917,914.9824218320828,226.309267065931,0.15825537356812447,0.6839489794288152,0.8018464395278955
station_v0_bogota_grid_spawn1.6__RoundRobin__seed31__2022-01-17,station_v0_bogota_grid_spawn1.6,1.6,RoundRobin,31,2022-01-17,202.1667515963157,14.0,31.0,60.0,24.0,413.4019252336892,871.2661929250356,202.34965559395224,0.18290399763654364,0.6716748151509734,0.8116954477942954
station_v0_bogota_grid_spawn1.6__Optimal_Oracle_Tracking__seed31__2022-01-17,station_v0_bogota_grid_spawn1.6,1.6,Optimal_Oracle_Tracking,31,2022-01-17,201.2344166165049,14.0,31.0,60.0,24.0,413.4019252336892,871.2661929250356,202.34965559395224,1.1152389774473477,0.6731889565820968,0.8125638542928553
station_v0_bogota_grid_spawn1.6__MPC_TrackingG2V__seed31__2022-03-05,station_v0_bogota_grid_spawn1.6,1.6,MPC_TrackingG2V,31,2022-03-05,221.34724762969057,15.0,28.0,64.0,15.0,391.48770416791416,945.7346683434546,222.46739950457845,1.1201518748878811,0.6394732345970272,0.8105231502992983
station_v0_bogota_grid_spawn1.6__ChargeAsFastAsPossible__seed32__2022-01-17,station_v0_bogota_grid_spawn1.6,1.6,ChargeAsFastAsPossible,32,2022-01-17,248.5481014806689,16.0,21.0,61.0,11.0,321.6543410212165,946.482419713372,248.5939186251516,0.04581714448269736,0.5641405348000488,0.7920232427777648
station_v0_bogota_grid_spawn1.6__TD3_vanilla_extended_ts102__seed32__2022-01-17,station_v0_bogota_grid_spawn1.6,1.6,TD3_vanilla_extended_ts102,32,2022-01-17,248.53211551307788,16.0,21.0,61.0,11.0,321.6543410212165,946.482419713372,248.5939186251516,0.06180311207370437,0.5641685681474911,0.7920366193019902
station_v0_bogota_grid_spawn1.6__RoundRobin__seed32__2022-03-05,station_v0_bogota_grid_spawn1.6,1.6,RoundRobin,32,2022-03-05,240.16337575192364,16.0,36.0,63.0,10.0,515.6049607584031,970.5341800931404,240.4923790483601,0.3290032964364684,0.6823644746411851,0.8016861199789242
station_v0_bogota_grid_spawn1.6__Optimal_Oracle_Tracking__seed32__2022-03-05,station_v0_bogota_grid_spawn1.6,1.6,Optimal_Oracle_Tracking,32,2022-03-05,239.25262613553744,16.0,36.0,63.0,10.0,515.6049607584031,970.5341800931404,240.4923790483601,1.2397529128226665,0.68356901480875,0.8024381675781379
station_v0_bogota_grid_spawn1.6__MPC_TrackingG2V__seed33__2022-01-17,station_v0_bogota_grid_spawn1.6,1.6,MPC_TrackingG2V,33,2022-01-17,227.45598374307656,16.0,26.0,46.0,27.0,392.4893401646708,701.5389549889138,228.5022742479716,1.0462905048950404,0.6337213281725018,0.7554345155970041
station_v0_bogota_grid_spawn1.6__ChargeAsFastAsPossible__seed33__2022-03-05,station_v0_bogota_grid_spawn1.6,1.6,ChargeAsFastAsPossible,33,2022-03-05,228.15678046020088,16.0,37.0,56.0,21.0,575.000647097485,855.2307514444225,228.2283727757999,0.07159231559901968,0.7159505261697413,0.7894181927496269
station_v0_bogota_grid_spawn1.6__TD3_vanilla_extended_ts102__seed33__2022-03-05,station_v0_bogota_grid_spawn1.6,1.6,TD3_vanilla_extended_ts102,33,2022-03-05,228.12314598758505,16.0,37.0,56.0,21.0,575.000647097485,855.2307514444225,228.2283727757999,0.10522678821484988,0.7159924002452337,0.7894492363505011
station_v0_bogota_grid_spawn1.6__RoundRobin__seed34__2022-01-17,station_v0_bogota_grid_spawn1.6,1.6,RoundRobin,34,2022-01-17,225.64562414207688,16.0,21.0,65.0,17.0,301.89065075683243,971.6654380802185,225.82988656283013,0.1842624207532424,0.5724145486394178,0.8115686804795352
station_v0_bogota_grid_spawn1.6__Optimal_Oracle_Tracking__seed34__2022-01-17,station_v0_bogota_grid_spawn1.6,1.6,Optimal_Oracle_Tracking,34,2022-01-17,224.6761969894128,16.0,21.0,65.0,17.0,301.89065075683243,971.6654380802185,225.82988656283013,1.1536895734173243,0.5742515572151838,0.8123782261476598
station_v0_bogota_grid_spawn1.6__MPC_TrackingG2V__seed34__2022-03-05,station_v0_bogota_grid_spawn1.6,1.6,MPC_TrackingG2V,34,2022-03-05,173.45698936151493,14.0,31.0,66.0,16.0,484.9696685883298,988.5086169881016,174.5237827815604,1.0667934200454852,0.7369845159171594,0.8508579903742424
station_v0_bogota_grid_spawn1.6__ChargeAsFastAsPossible__seed35__2022-01-17,station_v0_bogota_grid_spawn1.6,1.6,ChargeAsFastAsPossible,35,2022-01-17,277.125684722267,17.0,34.0,64.0,7.0,467.1850351426348,961.720073921694,277.2178837276787,0.09219900541171455,0.6277208515748087,0.7763199658132556
station_v0_bogota_grid_spawn1.6__TD3_vanilla_extended_ts102__seed35__2022-01-17,station_v0_bogota_grid_spawn1.6,1.6,TD3_vanilla_extended_ts102,35,2022-01-17,277.0836036803571,17.0,34.0,64.0,7.0,467.1850351426348,961.720073921694,277.2178837276787,0.13428004732162435,0.627777381500798,0.776353931228271
station_v0_bogota_grid_spawn1.6__RoundRobin__seed35__2022-03-05,station_v0_bogota_grid_spawn1.6,1.6,RoundRobin,35,2022-03-05,252.6939743447905,16.0,32.0,59.0,12.0,485.2892123142468,879.7834283179781,254.72856345119743,2.0345891064069406,0.6585298588491146,0.7772663698770291
station_v0_bogota_grid_spawn1.6__Optimal_Oracle_Tracking__seed35__2022-03-05,station_v0_bogota_grid_spawn1.6,1.6,Optimal_Oracle_Tracking,35,2022-03-05,253.715959684328,16.0,32.0,59.0,12.0,485.2892123142468,879.7834283179781,254.72856345119743,1.0126037668694323,0.6571488307535659,0.7763655549478331
station_v0_bogota_grid_spawn1.6__MPC_TrackingG2V__seed36__2022-01-17,station_v0_bogota_grid_spawn1.6,1.6,MPC_TrackingG2V,36,2022-01-17,304.4257165233847,17.0,26.0,57.0,9.0,351.9878019159543,856.4230902274372,305.76752524787776,1.3418087244930348,0.5371748369777033,0.738058703563976
station_v0_bogota_grid_spawn1.6__ChargeAsFastAsPossible__seed36__2022-03-05,station_v0_bogota_grid_spawn1.6,1.6,ChargeAsFastAsPossible,36,2022-03-05,227.81997386048627,15.0,27.0,62.0,10.0,360.8401000829484,927.3585328450428,227.8782429543264,0.05826909384012424,0.6130238227585483,0.802793696813499
station_v0_bogota_grid_spawn1.6__TD3_vanilla_extended_ts102__seed36__2022-03-05,station_v0_bogota_grid_spawn1.6,1.6,TD3_vanilla_extended_ts102,36,2022-03-05,227.82429230142463,15.0,27.0,62.0,10.0,360.8401000829484,927.3585328450428,227.8782429543264,0.05395065290176149,0.6130164874325992,0.8027899586699176
station_v0_bogota_grid_spawn1.6__RoundRobin__seed37__2022-01-17,station_v0_bogota_grid_spawn1.6,1.6,RoundRobin,37,2022-01-17,234.1139270005956,15.0,27.0,58.0,12.0,384.6296228024264,876.2491809388171,234.2415621196535,0.12763511905791347,0.6217081475039558,0.7891797581708713
station_v0_bogota_grid_spawn1.6__Optimal_Oracle_Tracking__seed37__2022-01-17,station_v0_bogota_grid_spawn1.6,1.6,Optimal_Oracle_Tracking,37,2022-01-17,232.95840519779364,15.0,27.0,58.0,12.0,384.6296228024264,876.2491809388171,234.2415621196535,1.2831569218598702,0.6235752917998199,0.7902203087653045
station_v0_bogota_grid_spawn1.6__MPC_TrackingG2V__seed37__2022-03-05,station_v0_bogota_grid_spawn1.6,1.6,MPC_TrackingG2V,37,2022-03-05,255.94146395474763,17.0,33.0,65.0,12.0,506.7546056188579,976.1647320907472,257.13966140458456,1.1981974498369254,0.6649517151738314,0.7924750245724991
station_v0_bogota_grid_spawn1.6__ChargeAsFastAsPossible__seed38__2022-01-17,station_v0_bogota_grid_spawn1.6,1.6,ChargeAsFastAsPossible,38,2022-01-17,255.82569334946135,14.0,13.0,45.0,21.0,194.49108362225385,671.9335556971637,255.8996001789042,0.07390682944284777,0.431991596295084,0.7242761893889117
station_v0_bogota_grid_spawn1.6__TD3_vanilla_extended_ts102__seed38__2022-01-17,station_v0_bogota_grid_spawn1.6,1.6,TD3_vanilla_extended_ts102,38,2022-01-17,255.77064975057837,14.0,13.0,45.0,21.0,194.49108362225385,671.9335556971637,255.8996001789042,0.12895042832582249,0.43211380930006543,0.724335514277804
station_v0_bogota_grid_spawn1.6__RoundRobin__seed38__2022-03-05,station_v0_bogota_grid_spawn1.6,1.6,RoundRobin,38,2022-03-05,250.61784365260328,14.0,17.0,56.0,15.0,234.19898737808572,840.9296710957174,252.2410116258684,1.6231679732651116,0.4847918671043207,0.7707422568005038
station_v0_bogota_grid_spawn1.6__Optimal_Oracle_Tracking__seed38__2022-03-05,station_v0_bogota_grid_spawn1.6,1.6,Optimal_Oracle_Tracking,38,2022-03-05,251.2179491134569,14.0,17.0,56.0,15.0,234.19898737808572,840.9296710957174,252.2410116258684,1.0230625124114852,0.4835581991039868,0.770193298188332
station_v0_bogota_grid_spawn1.6__MPC_TrackingG2V__seed39__2022-01-17,station_v0_bogota_grid_spawn1.6,1.6,MPC_TrackingG2V,39,2022-01-17,229.72880382711676,14.0,27.0,54.0,11.0,359.57325069961473,814.7700904655916,230.99361626988767,1.2648124427709035,0.6110028911612134,0.7803243674001152
station_v0_bogota_grid_spawn1.6__ChargeAsFastAsPossible__seed39__2022-03-05,station_v0_bogota_grid_spawn1.6,1.6,ChargeAsFastAsPossible,39,2022-03-05,225.9606191430923,14.0,23.0,56.0,9.0,334.1148695601856,842.2178010101151,226.0174853481533,0.05686620506099871,0.5965942385526561,0.7884729871511575
station_v0_bogota_grid_spawn1.6__TD3_vanilla_extended_ts102__seed39__2022-03-05,station_v0_bogota_grid_spawn1.6,1.6,TD3_vanilla_extended_ts102,39,2022-03-05,225.9110253218952,14.0,23.0,56.0,9.0,334.1148695601856,842.2178010101151,226.0174853481533,0.10646002625807682,0.59668277802152,0.7885194130854348
station_v0_bogota_grid_spawn1.6__RoundRobin__seed40__2022-01-17,station_v0_bogota_grid_spawn1.6,1.6,RoundRobin,40,2022-01-17,260.6141466613235,16.0,30.0,61.0,21.0,414.4007850383226,910.9011783938932,260.7946594363048,0.18051277498130958,0.6140167283502505,0.7775752560972299
station_v0_bogota_grid_spawn1.6__Optimal_Oracle_Tracking__seed40__2022-01-17,station_v0_bogota_grid_spawn1.6,1.6,Optimal_Oracle_Tracking,40,2022-01-17,259.6140547159049,16.0,30.0,61.0,21.0,414.4007850383226,910.9011783938932,260.7946594363048,1.1806047203999128,0.6154979171728392,0.7784287983845103
station_v0_bogota_grid_spawn1.6__MPC_TrackingG2V__seed40__2022-03-05,station_v0_bogota_grid_spawn1.6,1.6,MPC_TrackingG2V,40,2022-03-05,251.2349766076092,16.0,40.0,60.0,17.0,589.5893115501684,903.7378994483216,252.47057647808032,1.2355998704711055,0.7016423888853128,0.7827078923579854
station_v0_bogota_grid_spawn1.6__ChargeAsFastAsPossible__seed41__2022-01-17,station_v0_bogota_grid_spawn1.6,1.6,ChargeAsFastAsPossible,41,2022-01-17,225.1098163294692,16.0,46.0,76.0,14.0,644.0672618346028,1129.9003174903148,225.15315089472705,0.043334565257850954,0.7410210194873011,0.8338738495701163
station_v0_bogota_grid_spawn1.6__TD3_vanilla_extended_ts102__seed41__2022-01-17,station_v0_bogota_grid_spawn1.6,1.6,TD3_vanilla_extended_ts102,41,2022-01-17,225.0945684255023,16.0,46.0,76.0,14.0,644.0672618346028,1129.9003174903148,225.15315089472705,0.05858246922474564,0.741038561532729,0.8338851021917453
station_v0_bogota_grid_spawn1.6__RoundRobin__seed41__2022-03-05,station_v0_bogota_grid_spawn1.6,1.6,RoundRobin,41,2022-03-05,208.3268674761432,15.0,34.0,68.0,16.0,465.6002202920996,994.4681156910516,208.4464307124075,0.11956323626429821,0.6909310844202233,0.8268149070945975
station_v0_bogota_grid_spawn1.6__Optimal_Oracle_Tracking__seed41__2022-03-05,station_v0_bogota_grid_spawn1.6,1.6,Optimal_Oracle_Tracking,41,2022-03-05,207.2025892701286,15.0,34.0,68.0,16.0,465.6002202920996,994.4681156910516,208.4464307124075,1.2438414422788924,0.6925990375275329,0.8277495355845231
station_v0_bogota_grid_spawn1.6__MPC_TrackingG2V__seed42__2022-01-17,station_v0_bogota_grid_spawn1.6,1.6,MPC_TrackingG2V,42,2022-01-17,267.0494829058493,16.0,37.0,73.0,10.0,536.3974855092007,1108.4598857613362,268.41959720745075,1.3701143016014612,0.6681861150307263,0.806047307546449
station_v0_bogota_grid_spawn1.6__ChargeAsFastAsPossible__seed42__2022-03-05,station_v0_bogota_grid_spawn1.6,1.6,ChargeAsFastAsPossible,42,2022-03-05,244.75376361201597,16.0,46.0,73.0,4.0,687.9726265338702,1136.8934873808705,244.82451559007487,0.07075197805889388,0.73761308589055,0.8228627237354144
station_v0_bogota_grid_spawn1.6__TD3_vanilla_extended_ts102__seed42__2022-03-05,station_v0_bogota_grid_spawn1.6,1.6,TD3_vanilla_extended_ts102,42,2022-03-05,244.7244038111392,16.0,46.0,73.0,4.0,687.9726265338702,1136.8934873808705,244.82451559007487,0.1001117789356556,0.7376445609021585,0.8228839725002228
station_v0_bogota_grid_spawn1.6__RoundRobin__seed43__2022-01-17,station_v0_bogota_grid_spawn1.6,1.6,RoundRobin,43,2022-01-17,231.56402813278413,16.0,37.0,71.0,7.0,536.9916441278921,1088.2452586002173,231.69457217345152,0.13054404066738812,0.6987535053679101,0.824564709137495
station_v0_bogota_grid_spawn1.6__Optimal_Oracle_Tracking__seed43__2022-01-17,station_v0_bogota_grid_spawn1.6,1.6,Optimal_Oracle_Tracking,43,2022-01-17,230.6816344422737,16.0,37.0,71.0,7.0,536.9916441278921,1088.2452586002173,231.69457217345152,1.0129377311778285,0.6999014298028717,0.8252332196786106
station_v0_bogota_grid_spawn1.6__MPC_TrackingG2V__seed43__2022-03-05,station_v0_bogota_grid_spawn1.6,1.6,MPC_TrackingG2V,43,2022-03-05,225.3414544430024,16.0,39.0,66.0,9.0,557.9704539592816,997.7453144212174,226.65351815014432,1.312063707141931,0.7128032504064564,0.8159574736201255
station_v0_bogota_grid_spawn1.6__ChargeAsFastAsPossible__seed44__2022-01-17,station_v0_bogota_grid_spawn1.6,1.6,ChargeAsFastAsPossible,44,2022-01-17,210.90848266180623,15.0,23.0,49.0,23.0,294.77485230696965,684.040257943557,210.9672072422925,0.05872458048625617,0.5829722312402168,0.7643500296190145
station_v0_bogota_grid_spawn1.6__TD3_vanilla_extended_ts102__seed44__2022-01-17,station_v0_bogota_grid_spawn1.6,1.6,TD3_vanilla_extended_ts102,44,2022-01-17,191.17891230774023,15.0,23.0,49.0,23.0,294.77485230696965,684.040257943557,210.9672072422925,19.788294934552255,0.6219833634597711,0.7863940584361029
station_v0_bogota_grid_spawn1.6__RoundRobin__seed44__2022-03-05,station_v0_bogota_grid_spawn1.6,1.6,RoundRobin,44,2022-03-05,184.9156871174917,15.0,18.0,50.0,13.0,246.2409600859844,739.3696179219236,191.77607574371552,6.860388626223823,0.577834485895689,0.8014105758363823
station_v0_bogota_grid_spawn1.6__Optimal_Oracle_Tracking__seed44__2022-03-05,station_v0_bogota_grid_spawn1.6,1.6,Optimal_Oracle_Tracking,44,2022-03-05,190.6576174629211,15.0,18.0,50.0,13.0,246.2409600859844,739.3696179219236,191.77607574371552,1.118458280794414,0.564725565749346,0.7952440539005666
station_v0_bogota_grid_spawn1.6__MPC_TrackingG2V__seed45__2022-01-17,station_v0_bogota_grid_spawn1.6,1.6,MPC_TrackingG2V,45,2022-01-17,254.14621898438944,16.0,33.0,74.0,17.0,493.4556930263175,1100.0280430667633,255.4125946695923,1.2663756852028598,0.6606262767965018,0.8124991888919425
station_v0_bogota_grid_spawn1.6__ChargeAsFastAsPossible__seed45__2022-03-05,station_v0_bogota_grid_spawn1.6,1.6,ChargeAsFastAsPossible,45,2022-03-05,230.09797795916967,15.0,45.0,76.0,14.0,663.3256175176302,1126.281249768068,230.1672301813566,0.06925222218691829,0.742473620743869,0.8303673295665834
station_v0_bogota_grid_spawn1.6__TD3_vanilla_extended_ts102__seed45__2022-03-05,station_v0_bogota_grid_spawn1.6,1.6,TD3_vanilla_extended_ts102,45,2022-03-05,230.03968858095377,15.0,45.0,76.0,14.0,663.3256175176302,1126.281249768068,230.1672301813566,0.1275416004028216,0.7425388583989505,0.8304103016212376
station_v0_bogota_grid_spawn1.6__RoundRobin__seed46__2022-01-17,station_v0_bogota_grid_spawn1.6,1.6,RoundRobin,46,2022-01-17,300.2227077439096,16.0,64.0,85.0,22.0,917.6127172157784,1253.186130485352,300.42545314517645,0.2027454012668386,0.7535194585446027,0.8067581943214276
station_v0_bogota_grid_spawn1.6__Optimal_Oracle_Tracking__seed46__2022-01-17,station_v0_bogota_grid_spawn1.6,1.6,Optimal_Oracle_Tracking,46,2022-01-17,299.1451830903725,16.0,64.0,85.0,22.0,917.6127172157784,1253.186130485352,300.42545314517645,1.2802700548039638,0.7544040980245115,0.807451755482332
station_v0_bogota_grid_spawn1.6__MPC_TrackingG2V__seed46__2022-03-05,station_v0_bogota_grid_spawn1.6,1.6,MPC_TrackingG2V,46,2022-03-05,294.03804158139326,16.0,67.0,99.0,11.0,988.6013252097543,1499.1642513798763,295.4004500668772,1.362408485483968,0.7709987266037508,0.8361507716359605
station_v0_bogota_grid_spawn1.6__ChargeAsFastAsPossible__seed47__2022-01-17,station_v0_bogota_grid_spawn1.6,1.6,ChargeAsFastAsPossible,47,2022-01-17,218.989121897625,16.0,43.0,63.0,11.0,648.478152646208,956.5029401380332,219.03851025295697,0.04938835533195629,0.7475678205813564,0.8137121223375082
station_v0_bogota_grid_spawn1.6__TD3_vanilla_extended_ts102__seed47__2022-01-17,station_v0_bogota_grid_spawn1.6,1.6,TD3_vanilla_extended_ts102,47,2022-01-17,218.95325435705092,16.0,43.0,63.0,11.0,648.478152646208,956.5029401380332,219.03851025295697,0.08525589590604454,0.747609165655299,0.8137426338439822
station_v0_bogota_grid_spawn1.6__RoundRobin__seed47__2022-03-05,station_v0_bogota_grid_spawn1.6,1.6,RoundRobin,47,2022-03-05,206.76236396313232,16.0,43.0,64.0,9.0,654.6374672631481,987.9385181791882,207.8582721830641,1.095908219931772,0.7602743358525,0.8270923909232971
station_v0_bogota_grid_spawn1.6__Optimal_Oracle_Tracking__seed47__2022-03-05,station_v0_bogota_grid_spawn1.6,1.6,Optimal_Oracle_Tracking,47,2022-03-05,206.71980677246887,16.0,43.0,64.0,9.0,654.6374672631481,987.9385181791882,207.8582721830641,1.1384654105952166,0.7603236777665722,0.8271279799054774
station_v0_bogota_grid_spawn1.6__MPC_TrackingG2V__seed48__2022-01-17,station_v0_bogota_grid_spawn1.6,1.6,MPC_TrackingG2V,48,2022-01-17,349.2828162313257,18.0,36.0,66.0,17.0,495.0081321533876,992.6858681344248,350.57362433875403,1.2908081074283473,0.5869319394019215,0.7399736847656784
station_v0_bogota_grid_spawn1.6__ChargeAsFastAsPossible__seed48__2022-03-05,station_v0_bogota_grid_spawn1.6,1.6,ChargeAsFastAsPossible,48,2022-03-05,325.78277330838785,17.0,39.0,68.0,15.0,558.9651363342177,1036.7468580540326,325.88185951588065,0.09908620749280317,0.6318202188216746,0.7609159640423674
station_v0_bogota_grid_spawn1.6__TD3_vanilla_extended_ts102__seed48__2022-03-05,station_v0_bogota_grid_spawn1.6,1.6,TD3_vanilla_extended_ts102,48,2022-03-05,325.7407552699093,17.0,39.0,68.0,15.0,558.9651363342177,1036.7468580540326,325.88185951588065,0.14110424597134852,0.6318677050409596,0.7609468000565631
station_v0_bogota_grid_spawn1.6__RoundRobin__seed49__2022-01-17,station_v0_bogota_grid_spawn1.6,1.6,RoundRobin,49,2022-01-17,247.50248340514645,16.0,32.0,74.0,14.0,484.982617343428,1182.0385015127545,249.45914073560888,1.9566573304624342,0.6630059760592868,0.8271024163082729
station_v0_bogota_grid_spawn1.6__Optimal_Oracle_Tracking__seed49__2022-01-17,station_v0_bogota_grid_spawn1.6,1.6,Optimal_Oracle_Tracking,49,2022-01-17,247.93305159632416,16.0,32.0,74.0,14.0,484.982617343428,1182.0385015127545,249.45914073560888,1.5260891392847213,0.6624197237303018,0.8268016346803677
station_v0_bogota_grid_spawn1.6__MPC_TrackingG2V__seed49__2022-03-05,station_v0_bogota_grid_spawn1.6,1.6,MPC_TrackingG2V,49,2022-03-05,231.3411805959375,16.0,38.0,76.0,14.0,580.3367663279469,1202.4054495886664,232.50073808398903,1.1595574880515471,0.7153906170172278,0.8387760938078043
station_v0_bogota_grid__RoundRobin__seed0__2022-01-17,station_v0_bogota_grid,1.0,RoundRobin,0,2022-01-17,214.33665961352244,14.0,5.0,45.0,15.0,74.8966912419227,654.2158813299778,214.45524423361016,0.11858462008771653,0.25925271845418013,0.7532591411111285
station_v0_bogota_grid__Optimal_Oracle_Tracking__seed0__2022-01-17,station_v0_bogota_grid,1.0,Optimal_Oracle_Tracking,0,2022-01-17,213.2557109278976,14.0,5.0,45.0,15.0,74.8966912419227,654.2158813299778,214.45524423361016,1.1995333057125492,0.2629884760320527,0.754503511568272
station_v0_bogota_grid__MPC_TrackingG2V__seed0__2022-03-05,station_v0_bogota_grid,1.0,MPC_TrackingG2V,0,2022-03-05,200.73349353120017,14.0,17.0,38.0,12.0,230.9171056587324,554.8275580257971,201.8448625745372,1.111369043337021,0.5361572682768654,0.73471546198031
station_v0_bogota_grid__ChargeAsFastAsPossible__seed1__2022-01-17,station_v0_bogota_grid,1.0,ChargeAsFastAsPossible,1,2022-01-17,204.6390752862353,14.0,10.0,35.0,11.0,127.8890836775176,523.0558873489472,204.68352343184705,0.04444814561173871,0.3846785005388586,0.7188017135602464
station_v0_bogota_grid__TD3_vanilla_extended_ts102__seed1__2022-01-17,station_v0_bogota_grid,1.0,TD3_vanilla_extended_ts102,1,2022-01-17,204.5926312747644,14.0,10.0,35.0,11.0,127.8890836775176,523.0558873489472,204.68352343184705,0.09089215708266352,0.3848181512812171,0.7188655331236545
station_v0_bogota_grid__RoundRobin__seed1__2022-03-05,station_v0_bogota_grid,1.0,RoundRobin,1,2022-03-05,213.2880893234025,15.0,17.0,48.0,7.0,252.48718501897605,727.7439563672148,213.46983577298727,0.1817464495847787,0.5422580199330668,0.7733903911050728
station_v0_bogota_grid__Optimal_Oracle_Tracking__seed1__2022-03-05,station_v0_bogota_grid,1.0,Optimal_Oracle_Tracking,1,2022-03-05,212.1528063335801,15.0,17.0,48.0,7.0,252.48718501897605,727.7439563672148,213.46983577298727,1.3170294394071789,0.5446944742392875,0.7745965814513074
station_v0_bogota_grid__MPC_TrackingG2V__seed2__2022-01-17,station_v0_bogota_grid,1.0,MPC_TrackingG2V,2,2022-01-17,154.12692800227182,12.0,5.0,27.0,15.0,68.19681097631151,410.6317564208695,155.16323484265305,1.0363068403812292,0.3099619610250566,0.7275922721442293
station_v0_bogota_grid__ChargeAsFastAsPossible__seed2__2022-03-05,station_v0_bogota_grid,1.0,ChargeAsFastAsPossible,2,2022-03-05,230.9083203294727,14.0,6.0,41.0,7.0,87.500620774823,632.4659799499462,230.9801274315649,0.0718071020922082,0.2749692983645118,0.7325735580304765
station_v0_bogota_grid__TD3_vanilla_extended_ts102__seed2__2022-03-05,station_v0_bogota_grid,1.0,TD3_vanilla_extended_ts102,2,2022-03-05,198.60729631941047,14.0,6.0,41.0,7.0,87.500620774823,632.4659799499462,230.9801274315649,32.372831112154444,0.3763915167936456,0.7699829849002302
station_v0_bogota_grid__RoundRobin__seed3__2022-01-17,station_v0_bogota_grid,1.0,RoundRobin,3,2022-01-17,202.4533296455328,13.0,4.0,35.0,11.0,51.2103260646923,509.6463063265725,202.63830590531484,0.18497625978204724,0.20246436597124084,0.7157690533126059
station_v0_bogota_grid__Optimal_Oracle_Tracking__seed3__2022-01-17,station_v0_bogota_grid,1.0,Optimal_Oracle_Tracking,3,2022-01-17,201.4264715699636,13.0,4.0,35.0,11.0,51.2103260646923,509.6463063265725,202.63830590531484,1.2118343353512273,0.20650952496067557,0.7172106934350165
station_v0_bogota_grid__MPC_TrackingG2V__seed3__2022-03-05,station_v0_bogota_grid,1.0,MPC_TrackingG2V,3,2022-03-05,194.60204620119987,13.0,4.0,34.0,8.0,52.7756681828829,497.46907400713457,195.6681794544919,1.066133253292037,0.21671617932258752,0.7192445720824707
station_v0_bogota_grid__ChargeAsFastAsPossible__seed4__2022-01-17,station_v0_bogota_grid,1.0,ChargeAsFastAsPossible,4,2022-01-17,183.38350318294448,13.0,2.0,41.0,18.0,25.8126521467566,594.9648395044255,183.4011449515728,0.017641768628323007,0.1234636256003939,0.7643993868628374
station_v0_bogota_grid__TD3_vanilla_extended_ts102__seed4__2022-01-17,station_v0_bogota_grid,1.0,TD3_vanilla_extended_ts102,4,2022-01-17,166.7581875466018,13.0,2.0,41.0,18.0,25.8126521467566,594.9648395044255,183.4011449515728,16.642957404971014,0.20292930074670787,0.7857586394102904
station_v0_bogota_grid__RoundRobin__seed4__2022-03-05,station_v0_bogota_grid,1.0,RoundRobin,4,2022-03-05,165.64025557054654,13.0,7.0,37.0,18.0,91.09123145610228,545.4188671619748,176.6899658526883,11.049710282141746,0.3814343305831914,0.7706159404268317
station_v0_bogota_grid__Optimal_Oracle_Tracking__seed4__2022-03-05,station_v0_bogota_grid,1.0,Optimal_Oracle_Tracking,4,2022-03-05,175.8016147473832,13.0,7.0,37.0,18.0,91.09123145610228,545.4188671619748,176.6899658526883,0.8883511053050768,0.3434878306834276,0.7565441569057592
station_v0_bogota_grid__MPC_TrackingG2V__seed5__2022-01-17,station_v0_bogota_grid,1.0,MPC_TrackingG2V,5,2022-01-17,180.28936374313517,15.0,13.0,39.0,9.0,191.1941782094991,597.7825336265474,181.39615656492447,1.1067928217892984,0.5161190537798376,0.7686161518369661
station_v0_bogota_grid__ChargeAsFastAsPossible__seed5__2022-03-05,station_v0_bogota_grid,1.0,ChargeAsFastAsPossible,5,2022-03-05,132.97357187958187,12.0,14.0,34.0,18.0,188.4611800089524,491.746540321486,132.99118720983387,0.01761533025199924,0.5863350672136203,0.78715296672568
station_v0_bogota_grid__TD3_vanilla_extended_ts102__seed5__2022-03-05,station_v0_bogota_grid,1.0,TD3_vanilla_extended_ts102,5,2022-03-05,132.92162819087667,12.0,14.0,34.0,18.0,188.4611800089524,491.746540321486,132.99118720983387,0.06955901895719308,0.5864966578379315,0.7872361115181523
station_v0_bogota_grid__RoundRobin__seed6__2022-01-17,station_v0_bogota_grid,1.0,RoundRobin,6,2022-01-17,138.09790956196156,11.0,3.0,24.0,15.0,37.7537673635119,339.1142336728725,138.2261889917488,0.1282794297872556,0.21526341736796722,0.7106930337240914
station_v0_bogota_grid__Optimal_Oracle_Tracking__seed6__2022-01-17,station_v0_bogota_grid,1.0,Optimal_Oracle_Tracking,6,2022-01-17,137.1977732167007,11.0,3.0,24.0,15.0,37.7537673635119,339.1142336728725,138.2261889917488,1.0284157750481029,0.22037841093827867,0.7125787662171329
station_v0_bogota_grid__MPC_TrackingG2V__seed6__2022-03-05,station_v0_bogota_grid,1.0,MPC_TrackingG2V,6,2022-03-05,149.28240235759864,12.0,2.0,27.0,10.0,25.8647986876495,388.9147080090767,150.13505933435883,0.852656976760187,0.15180384782508602,0.7230637848277024
station_v0_bogota_grid__ChargeAsFastAsPossible__seed7__2022-01-17,station_v0_bogota_grid,1.0,ChargeAsFastAsPossible,7,2022-01-17,244.43132968444928,15.0,9.0,37.0,13.0,119.1671047515999,569.3593871682522,244.5062514673909,0.07492178294162954,0.3278822176424119,0.6996662371761858
station_v0_bogota_grid__TD3_vanilla_extended_ts102__seed7__2022-01-17,station_v0_bogota_grid,1.0,TD3_vanilla_extended_ts102,7,2022-01-17,244.3798811148299,15.0,9.0,37.0,13.0,119.1671047515999,569.3593871682522,244.5062514673909,0.12637035256099693,0.3280236868172623,0.6997294522416426
station_v0_bogota_grid__RoundRobin__seed7__2022-03-05,station_v0_bogota_grid,1.0,RoundRobin,7,2022-03-05,239.28247193183265,15.0,5.0,34.0,13.0,75.7269361389726,523.205683988341,239.45976627670225,0.17729434486960827,0.24082307375943202,0.6862549996873771
station_v0_bogota_grid__Optimal_Oracle_Tracking__seed7__2022-03-05,station_v0_bogota_grid,1.0,Optimal_Oracle_Tracking,7,2022-03-05,238.5113341492597,15.0,5.0,34.0,13.0,75.7269361389726,523.205683988341,239.45976627670225,0.948432127442544,0.24326968009359118,0.6872661085324218
station_v0_bogota_grid__MPC_TrackingG2V__seed8__2022-01-17,station_v0_bogota_grid,1.0,MPC_TrackingG2V,8,2022-01-17,295.7397617140583,15.0,8.0,36.0,9.0,129.603728011801,567.9114073572683,297.11446662009905,1.3747049060407335,0.30694363297732746,0.6581145482339686
station_v0_bogota_grid__ChargeAsFastAsPossible__seed8__2022-03-05,station_v0_bogota_grid,1.0,ChargeAsFastAsPossible,8,2022-03-05,253.399526681452,14.0,9.0,33.0,11.0,121.00877474816068,504.434966865765,253.4702870163383,0.07076033488630173,0.323327917220619,0.6656580418416391
station_v0_bogota_grid__TD3_vanilla_extended_ts102__seed8__2022-03-05,station_v0_bogota_grid,1.0,TD3_vanilla_extended_ts102,8,2022-03-05,253.37222459423464,14.0,9.0,33.0,11.0,121.00877474816068,504.434966865765,253.4702870163383,0.09806242210365212,0.3234008240664349,0.6656940649290601
station_v0_bogota_grid__RoundRobin__seed9__2022-01-17,station_v0_bogota_grid,1.0,RoundRobin,9,2022-01-17,204.89850391838525,15.0,1.0,35.0,6.0,16.389596399192,558.3965110368305,210.23982502837296,5.341321109987717,0.0958874508538837,0.7334259463099286
station_v0_bogota_grid__Optimal_Oracle_Tracking__seed9__2022-01-17,station_v0_bogota_grid,1.0,Optimal_Oracle_Tracking,9,2022-01-17,208.8162181262464,15.0,1.0,35.0,6.0,16.389596399192,558.3965110368305,210.23982502837296,1.4236069021265507,0.07860057705266657,0.7283289790914431
station_v0_bogota_grid__MPC_TrackingG2V__seed9__2022-03-05,station_v0_bogota_grid,1.0,MPC_TrackingG2V,9,2022-03-05,171.18034256765296,11.0,4.0,29.0,11.0,63.2666678930873,437.8533930563429,171.85678717337447,0.6764446057215139,0.27195548177332696,0.7192430959523126
station_v0_bogota_grid__ChargeAsFastAsPossible__seed10__2022-01-17,station_v0_bogota_grid,1.0,ChargeAsFastAsPossible,10,2022-01-17,187.952305786884,13.0,19.0,48.0,12.0,243.777360474528,714.7970686378503,188.00187773070465,0.0495719438206379,0.564702771332542,0.7918115583287852
station_v0_bogota_grid__TD3_vanilla_extended_ts102__seed10__2022-01-17,station_v0_bogota_grid,1.0,TD3_vanilla_extended_ts102,10,2022-01-17,172.71950301740452,13.0,19.0,48.0,12.0,243.777360474528,714.7970686378503,188.00187773070465,15.282374713300129,0.5999819172979601,0.808684421141433
station_v0_bogota_grid__RoundRobin__seed10__2022-03-05,station_v0_bogota_grid,1.0,RoundRobin,10,2022-03-05,180.11112673375317,13.0,9.0,42.0,14.0,117.4302038615167,622.914578924251,180.29943026818657,0.18830353443340186,0.39505139533645034,0.7757619704431707
station_v0_bogota_grid__Optimal_Oracle_Tracking__seed10__2022-03-05,station_v0_bogota_grid,1.0,Optimal_Oracle_Tracking,10,2022-03-05,179.34408058959662,13.0,9.0,42.0,14.0,117.4302038615167,622.914578924251,180.29943026818657,0.955349678589954,0.3976277130966851,0.7767169415161077
station_v0_bogota_grid__MPC_TrackingG2V__seed11__2022-01-17,station_v0_bogota_grid,1.0,MPC_TrackingG2V,11,2022-01-17,202.5425953998445,13.0,5.0,31.0,11.0,67.5958460320667,455.7770329462687,203.78952030407527,1.2469249042307808,0.25367163994770364,0.692915605860069
station_v0_bogota_grid__ChargeAsFastAsPossible__seed11__2022-03-05,station_v0_bogota_grid,1.0,ChargeAsFastAsPossible,11,2022-03-05,179.05504751672865,12.0,4.0,23.0,10.0,66.1580404927832,345.961170867215,179.11530240899413,0.0602548922654762,0.2699775466898846,0.6589924389498607
station_v0_bogota_grid__TD3_vanilla_extended_ts102__seed11__2022-03-05,station_v0_bogota_grid,1.0,TD3_vanilla_extended_ts102,11,2022-03-05,179.0308589719317,12.0,4.0,23.0,10.0,66.1580404927832,345.961170867215,179.11530240899413,0.08444343706241852,0.2700761654166927,0.659038505658289
station_v0_bogota_grid__RoundRobin__seed12__2022-01-17,station_v0_bogota_grid,1.0,RoundRobin,12,2022-01-17,202.9350402043669,15.0,6.0,32.0,7.0,91.2277007329614,494.7792402897485,203.1257522584204,0.1907120540534777,0.3105736041414519,0.7092225412180863
station_v0_bogota_grid__Optimal_Oracle_Tracking__seed12__2022-01-17,station_v0_bogota_grid,1.0,Optimal_Oracle_Tracking,12,2022-01-17,202.18032860493537,15.0,6.0,32.0,7.0,91.2277007329614,494.7792402897485,203.1257522584204,0.9454236534850224,0.31313756794674025,0.7103039371208094
station_v0_bogota_grid__MPC_TrackingG2V__seed12__2022-03-05,station_v0_bogota_grid,1.0,MPC_TrackingG2V,12,2022-03-05,192.7103321982505,14.0,7.0,32.0,6.0,109.6999315079905,482.86200251820094,193.5875773691492,0.877245170898675,0.36459522216486484,0.7151150094137944
station_v0_bogota_grid__ChargeAsFastAsPossible__seed13__2022-01-17,station_v0_bogota_grid,1.0,ChargeAsFastAsPossible,13,2022-01-17,263.56857939162205,16.0,17.0,54.0,4.0,266.2892216283384,838.6650790162103,263.6253099265376,0.056730534915573116,0.5026205855909278,0.7608900685014395
station_v0_bogota_grid__TD3_vanilla_extended_ts102__seed13__2022-01-17,station_v0_bogota_grid,1.0,TD3_vanilla_extended_ts102,13,2022-01-17,263.5236859417696,16.0,17.0,54.0,4.0,266.2892216283384,838.6650790162103,263.6253099265376,0.10162398476802537,0.5027053038750645,0.7609307959270823
station_v0_bogota_grid__RoundRobin__seed13__2022-03-05,station_v0_bogota_grid,1.0,RoundRobin,13,2022-03-05,236.0489460684456,15.0,15.0,40.0,10.0,212.4385569307733,592.8135397298341,236.1196694924451,0.07072342399951026,0.4737607468473191,0.7152376772431265
station_v0_bogota_grid__Optimal_Oracle_Tracking__seed13__2022-03-05,station_v0_bogota_grid,1.0,Optimal_Oracle_Tracking,13,2022-03-05,235.1347176930621,15.0,15.0,40.0,10.0,212.4385569307733,592.8135397298341,236.1196694924451,0.9849517993829977,0.4757988955681072,0.7163405747567165
station_v0_bogota_grid__MPC_TrackingG2V__seed14__2022-01-17,station_v0_bogota_grid,1.0,MPC_TrackingG2V,14,2022-01-17,221.14452042364377,11.0,2.0,25.0,12.0,25.6584339375664,372.1081061565363,222.01092481768205,0.866404394038284,0.10709777933336126,0.6277774168233297
station_v0_bogota_grid__ChargeAsFastAsPossible__seed14__2022-03-05,station_v0_bogota_grid,1.0,ChargeAsFastAsPossible,14,2022-03-05,215.00846071556424,11.0,3.0,25.0,14.0,40.6122535329912,363.1045005125404,215.08465448989816,0.07619377433391605,0.159127646954897,0.6281347395478952
station_v0_bogota_grid__TD3_vanilla_extended_ts102__seed14__2022-03-05,station_v0_bogota_grid,1.0,TD3_vanilla_extended_ts102,14,2022-03-05,214.995106614226,11.0,3.0,25.0,14.0,40.6122535329912,363.1045005125404,215.08465448989816,0.08954787567216727,0.15917987324672628,0.628157835970965
station_v0_bogota_grid__RoundRobin__seed15__2022-01-17,station_v0_bogota_grid,1.0,RoundRobin,15,2022-01-17,197.4763627209802,15.0,22.0,47.0,16.0,314.12691383059297,691.4923732929528,197.59416404386525,0.11780132288504319,0.6140937489984972,0.7778884794358673
station_v0_bogota_grid__Optimal_Oracle_Tracking__seed15__2022-01-17,station_v0_bogota_grid,1.0,Optimal_Oracle_Tracking,15,2022-01-17,196.4097791950052,15.0,22.0,47.0,16.0,314.12691383059297,691.4923732929528,197.59416404386525,1.1843848488600486,0.6161780554148076,0.779088119157294
station_v0_bogota_grid__MPC_TrackingG2V__seed15__2022-03-05,station_v0_bogota_grid,1.0,MPC_TrackingG2V,15,2022-03-05,178.02362016594452,14.0,19.0,53.0,15.0,250.0064826341001,785.653179127598,179.1039714724762,1.0803513065316679,0.5851333416320601,0.8154731270400901
station_v0_bogota_grid__ChargeAsFastAsPossible__seed16__2022-01-17,station_v0_bogota_grid,1.0,ChargeAsFastAsPossible,16,2022-01-17,221.12203286336603,16.0,17.0,37.0,5.0,247.5256331702242,572.0468600784361,221.18153792451085,0.05950506114481868,0.528229891710633,0.7212378762282481
station_v0_bogota_grid__TD3_vanilla_extended_ts102__seed16__2022-01-17,station_v0_bogota_grid,1.0,TD3_vanilla_extended_ts102,16,2022-01-17,221.0968988955122,16.0,17.0,37.0,5.0,247.5256331702242,572.0468600784361,221.18153792451085,0.08463902899865161,0.5282835157415927,0.7212695618914405
station_v0_bogota_grid__RoundRobin__seed16__2022-03-05,station_v0_bogota_grid,1.0,RoundRobin,16,2022-03-05,209.64932579944056,16.0,20.0,40.0,6.0,314.9132540747959,617.3868106581784,215.5964547935754,5.947128994134829,0.6048152893438219,0.7483150808729141
station_v0_bogota_grid__Optimal_Oracle_Tracking__seed16__2022-03-05,station_v0_bogota_grid,1.0,Optimal_Oracle_Tracking,16,2022-03-05,214.52352066106383,16.0,20.0,40.0,6.0,314.9132540747959,617.3868106581784,215.5964547935754,1.0729341325115627,0.5956275312686298,0.7424635889357024
station_v0_bogota_grid__MPC_TrackingG2V__seed17__2022-01-17,station_v0_bogota_grid,1.0,MPC_TrackingG2V,17,2022-01-17,195.44967735249529,12.0,4.0,30.0,13.0,51.11009613971859,423.6734947268173,196.4297118832579,0.980034530762623,0.21043132854674526,0.6848110519844557
station_v0_bogota_grid__ChargeAsFastAsPossible__seed17__2022-03-05,station_v0_bogota_grid,1.0,ChargeAsFastAsPossible,17,2022-03-05,203.8283131720322,14.0,7.0,33.0,8.0,90.7299261940251,480.00064299347554,203.87836017372985,0.050047001697635096,0.30813788137107423,0.7019526667318998
station_v0_bogota_grid__TD3_vanilla_extended_ts102__seed17__2022-03-05,station_v0_bogota_grid,1.0,TD3_vanilla_extended_ts102,17,2022-03-05,203.7947338984125,14.0,7.0,33.0,8.0,90.7299261940251,480.00064299347554,203.87836017372985,0.08362627531735711,0.3082518607639614,0.7020017679229938
station_v0_bogota_grid__RoundRobin__seed18__2022-01-17,station_v0_bogota_grid,1.0,RoundRobin,18,2022-01-17,209.632782548203,14.0,14.0,44.0,8.0,182.2692612309234,652.5565724613713,209.8111681453323,0.17838559712927804,0.46533219502514056,0.7569102220814526
station_v0_bogota_grid__Optimal_Oracle_Tracking__seed18__2022-01-17,station_v0_bogota_grid,1.0,Optimal_Oracle_Tracking,18,2022-01-17,208.3668109538727,14.0,14.0,44.0,8.0,182.2692612309234,652.5565724613713,209.8111681453323,1.444357191459602,0.4685610519113267,0.7583782403464212
station_v0_bogota_grid__MPC_TrackingG2V__seed18__2022-03-05,station_v0_bogota_grid,1.0,MPC_TrackingG2V,18,2022-03-05,168.26736684149012,13.0,11.0,48.0,4.0,162.52793692023153,720.0768349673411,169.21095531071506,0.9435884692249488,0.492771662345977,0.8107841255878736
station_v0_bogota_grid__ChargeAsFastAsPossible__seed19__2022-01-17,station_v0_bogota_grid,1.0,ChargeAsFastAsPossible,19,2022-01-17,157.52568071758043,12.0,14.0,34.0,10.0,181.67520187332212,490.059395548572,157.57209727878097,0.04641656120054449,0.5356612090610836,0.7567664907247277
station_v0_bogota_grid__TD3_vanilla_extended_ts102__seed19__2022-01-17,station_v0_bogota_grid,1.0,TD3_vanilla_extended_ts102,19,2022-01-17,157.45940210161265,12.0,14.0,34.0,10.0,181.67520187332212,490.059395548572,157.57209727878097,0.11269517716831956,0.5358565786812204,0.7568688307386118
station_v0_bogota_grid__RoundRobin__seed19__2022-03-05,station_v0_bogota_grid,1.0,RoundRobin,19,2022-03-05,200.2513078661244,15.0,15.0,44.0,1.0,222.42945595511785,661.3007879270006,200.35842258819173,0.10711472206733674,0.5263551345036704,0.7675980185410045
station_v0_bogota_grid__Optimal_Oracle_Tracking__seed19__2022-03-05,station_v0_bogota_grid,1.0,Optimal_Oracle_Tracking,19,2022-03-05,199.31894367857848,15.0,15.0,44.0,1.0,222.42945595511785,661.3007879270006,200.35842258819173,1.0394789096132513,0.5285604110379891,0.7686800753172427
station_v0_bogota_grid__MPC_TrackingG2V__seed20__2022-01-17,station_v0_bogota_grid,1.0,MPC_TrackingG2V,20,2022-01-17,249.9139218643305,15.0,18.0,44.0,7.0,234.6578180158052,655.8744594423492,251.07689626794124,1.1629744036107468,0.48549297689614795,0.7244461676022225
station_v0_bogota_grid__ChargeAsFastAsPossible__seed20__2022-03-05,station_v0_bogota_grid,1.0,ChargeAsFastAsPossible,20,2022-03-05,236.29763543793024,14.0,12.0,34.0,9.0,159.9966989986058,515.2381072299337,236.3595441748849,0.06190873695464916,0.4038251206894717,0.6856062083266705
station_v0_bogota_grid__TD3_vanilla_extended_ts102__seed20__2022-03-05,station_v0_bogota_grid,1.0,TD3_vanilla_extended_ts102,20,2022-03-05,236.25169995478544,14.0,12.0,34.0,9.0,159.9966989986058,515.2381072299337,236.3595441748849,0.1078442200994516,0.40394101512518693,0.6856673254457288
station_v0_bogota_grid__RoundRobin__seed21__2022-01-17,station_v0_bogota_grid,1.0,RoundRobin,21,2022-01-17,157.2036894573323,12.0,5.0,35.0,11.0,66.6086226418395,517.7587973798079,157.3546695780554,0.15098012072309075,0.298082788928713,0.7671447880225087
station_v0_bogota_grid__Optimal_Oracle_Tracking__seed21__2022-01-17,station_v0_bogota_grid,1.0,Optimal_Oracle_Tracking,21,2022-01-17,156.27504236776744,12.0,5.0,35.0,11.0,66.6086226418395,517.7587973798079,157.3546695780554,1.0796272102879527,0.3022292143556668,0.7685203302609852
station_v0_bogota_grid__MPC_TrackingG2V__seed21__2022-03-05,station_v0_bogota_grid,1.0,MPC_TrackingG2V,21,2022-03-05,185.64449753346685,14.0,6.0,35.0,12.0,93.9933227197031,541.2026223291366,186.53164132622453,0.8871437927576835,0.3382246811265143,0.7449007050994317
station_v0_bogota_grid__ChargeAsFastAsPossible__seed22__2022-01-17,station_v0_bogota_grid,1.0,ChargeAsFastAsPossible,22,2022-01-17,207.715468675086,15.0,10.0,49.0,8.0,158.95930766202173,759.2529344770666,207.75877183590308,0.04330316081708929,0.43358268847974424,0.785198599645639
station_v0_bogota_grid__TD3_vanilla_extended_ts102__seed22__2022-01-17,station_v0_bogota_grid,1.0,TD3_vanilla_extended_ts102,22,2022-01-17,207.69656847726105,15.0,10.0,49.0,8.0,158.95930766202173,759.2529344770666,207.75877183590308,0.06220335864202298,0.43363422724721057,0.7852181445980957
station_v0_bogota_grid__RoundRobin__seed22__2022-03-05,station_v0_bogota_grid,1.0,RoundRobin,22,2022-03-05,196.68041195866937,15.0,18.0,42.0,14.0,244.6452835864137,634.1703246036152,196.7989864648344,0.11857450616503229,0.5544615134865464,0.7633120629860805
station_v0_bogota_grid__Optimal_Oracle_Tracking__seed22__2022-03-05,station_v0_bogota_grid,1.0,Optimal_Oracle_Tracking,22,2022-03-05,195.70104114201865,15.0,18.0,42.0,14.0,244.6452835864137,634.1703246036152,196.7989864648344,1.0979453228157467,0.556680073977856,0.7644906514172121
station_v0_bogota_grid__MPC_TrackingG2V__seed23__2022-01-17,station_v0_bogota_grid,1.0,MPC_TrackingG2V,23,2022-01-17,246.8659026148288,16.0,15.0,44.0,11.0,220.2339297234853,661.1742025695294,247.96198640626235,1.096083791433557,0.47272948329942993,0.7284610319022267
station_v0_bogota_grid__ChargeAsFastAsPossible__seed23__2022-03-05,station_v0_bogota_grid,1.0,ChargeAsFastAsPossible,23,2022-03-05,232.600269128368,15.0,14.0,43.0,5.0,219.39264742205484,653.1203356439138,232.65834949215537,0.05808036378735437,0.4854556881499132,0.7374058858814863
station_v0_bogota_grid__TD3_vanilla_extended_ts102__seed23__2022-03-05,station_v0_bogota_grid,1.0,TD3_vanilla_extended_ts102,23,2022-03-05,201.6878809169518,15.0,14.0,43.0,5.0,219.39264742205484,653.1203356439138,232.65834949215537,30.97046857520357,0.5538382122952648,0.7723044319067471
station_v0_bogota_grid__RoundRobin__seed24__2022-01-17,station_v0_bogota_grid,1.0,RoundRobin,24,2022-01-17,176.16892805580972,13.0,1.0,38.0,10.0,16.8275300538981,587.4263806162052,176.29868069168367,0.12975263587395602,0.08780414954711162,0.7693293869994023
station_v0_bogota_grid__Optimal_Oracle_Tracking__seed24__2022-01-17,station_v0_bogota_grid,1.0,Optimal_Oracle_Tracking,24,2022-01-17,175.32342857864188,13.0,1.0,38.0,10.0,16.8275300538981,587.4263806162052,176.29868069168367,0.9752521130417904,0.09218211292092662,0.7704364601072561
station_v0_bogota_grid__MPC_TrackingG2V__seed24__2022-03-05,station_v0_bogota_grid,1.0,MPC_TrackingG2V,24,2022-03-05,162.8625065252232,12.0,6.0,33.0,12.0,87.0837820304146,498.5359723909156,163.60717223155143,0.7446657063282203,0.35034550008120435,0.7540373137622949
station_v0_bogota_grid__ChargeAsFastAsPossible__seed25__2022-01-17,station_v0_bogota_grid,1.0,ChargeAsFastAsPossible,25,2022-01-17,254.40843031518165,14.0,4.0,35.0,12.0,51.3923348709763,517.3403965996258,254.49488449727377,0.08645418209212608,0.16829336367628475,0.6703850723775842
station_v0_bogota_grid__TD3_vanilla_extended_ts102__seed25__2022-01-17,station_v0_bogota_grid,1.0,TD3_vanilla_extended_ts102,25,2022-01-17,254.36871668755867,14.0,4.0,35.0,12.0,51.3923348709763,517.3403965996258,254.49488449727377,0.1261678097150991,0.16842319462412558,0.6704365258788628
station_v0_bogota_grid__RoundRobin__seed25__2022-03-05,station_v0_bogota_grid,1.0,RoundRobin,25,2022-03-05,229.57552539673733,13.0,3.0,35.0,12.0,39.1428727062093,517.3116870799162,229.76015773147813,0.18463233474079743,0.14625162452404353,0.6926995348691048
station_v0_bogota_grid__Optimal_Oracle_Tracking__seed25__2022-03-05,station_v0_bogota_grid,1.0,Optimal_Oracle_Tracking,25,2022-03-05,228.7837730728952,13.0,3.0,35.0,12.0,39.1428727062093,517.3116870799162,229.76015773147813,0.9763846585829299,0.1491960031074809,0.693759342341895
station_v0_bogota_grid__MPC_TrackingG2V__seed26__2022-01-17,station_v0_bogota_grid,1.0,MPC_TrackingG2V,26,2022-01-17,172.1585016936449,13.0,3.0,37.0,7.0,50.3459990372347,559.3697483124282,173.29322990242275,1.134728208777858,0.23019542452412556,0.7650236100190121
station_v0_bogota_grid__ChargeAsFastAsPossible__seed26__2022-03-05,station_v0_bogota_grid,1.0,ChargeAsFastAsPossible,26,2022-03-05,169.29257251306174,13.0,5.0,28.0,10.0,68.2448959486021,412.36074546956576,169.32413002335764,0.03155751029589737,0.28739627642770516,0.7089617082280124
station_v0_bogota_grid__TD3_vanilla_extended_ts102__seed26__2022-03-05,station_v0_bogota_grid,1.0,TD3_vanilla_extended_ts102,26,2022-03-05,169.13766968681335,13.0,5.0,28.0,10.0,68.2448959486021,412.36074546956576,169.32413002335764,0.18646033654428606,0.288048309349988,0.7092280084754051
station_v0_bogota_grid__RoundRobin__seed27__2022-01-17,station_v0_bogota_grid,1.0,RoundRobin,27,2022-01-17,258.62584042984616,14.0,18.0,41.0,13.0,234.31065873413144,641.8026269927273,258.73352600785006,0.10768557800389544,0.47545098708508343,0.7128090420710956
station_v0_bogota_grid__Optimal_Oracle_Tracking__seed27__2022-01-17,station_v0_bogota_grid,1.0,Optimal_Oracle_Tracking,27,2022-01-17,257.5067429181709,14.0,18.0,41.0,13.0,234.31065873413144,641.8026269927273,258.73352600785006,1.2267830896791452,0.47772075832731176,0.7140517434417697
station_v0_bogota_grid__MPC_TrackingG2V__seed27__2022-03-05,station_v0_bogota_grid,1.0,MPC_TrackingG2V,27,2022-03-05,276.4911897471968,15.0,20.0,49.0,11.0,270.46080487036824,751.0443254453993,277.6474092996307,1.1562195524338676,0.49555364689090126,0.7312205586878487
station_v0_bogota_grid__ChargeAsFastAsPossible__seed28__2022-01-17,station_v0_bogota_grid,1.0,ChargeAsFastAsPossible,28,2022-01-17,184.14486570814503,13.0,13.0,28.0,20.0,166.62297429013,394.9395367045104,184.1843817962258,0.03951608808077367,0.47508265572739194,0.6820285610291004
station_v0_bogota_grid__TD3_vanilla_extended_ts102__seed28__2022-01-17,station_v0_bogota_grid,1.0,TD3_vanilla_extended_ts102,28,2022-01-17,184.09770286222007,13.0,13.0,28.0,20.0,166.62297429013,394.9395367045104,184.1843817962258,0.08667893400573234,0.4752170965967372,0.6821099992919977
station_v0_bogota_grid__RoundRobin__seed28__2022-03-05,station_v0_bogota_grid,1.0,RoundRobin,28,2022-03-05,208.59868653907577,15.0,13.0,40.0,9.0,173.40397411215508,590.1862252448951,213.4084515107249,4.809764971649116,0.4607239252897021,0.7404180334030356
station_v0_bogota_grid__Optimal_Oracle_Tracking__seed28__2022-03-05,station_v0_bogota_grid,1.0,Optimal_Oracle_Tracking,28,2022-03-05,212.29081922956595,15.0,13.0,40.0,9.0,173.40397411215508,590.1862252448951,213.4084515107249,1.117632281158933,0.45117890438055014,0.7358235123126314
station_v0_bogota_grid__MPC_TrackingG2V__seed29__2022-01-17,station_v0_bogota_grid,1.0,MPC_TrackingG2V,29,2022-01-17,188.45032726213503,12.0,2.0,28.0,16.0,26.7902532533877,414.9306349188984,189.3765472201402,0.9262199580051629,0.12821799254408203,0.6881547450833101
station_v0_bogota_grid__ChargeAsFastAsPossible__seed29__2022-03-05,station_v0_bogota_grid,1.0,ChargeAsFastAsPossible,29,2022-03-05,201.2081573367102,13.0,10.0,34.0,15.0,140.39927782693212,508.4628881050322,201.25832632717243,0.05016899046222534,0.41108245538724986,0.7164969099906617
station_v0_bogota_grid__TD3_vanilla_extended_ts102__seed29__2022-03-05,station_v0_bogota_grid,1.0,TD3_vanilla_extended_ts102,29,2022-03-05,201.1599031647056,13.0,10.0,34.0,15.0,140.39927782693212,508.4628881050322,201.25832632717243,0.09842316246681548,0.41122369085638,0.7165649003099918
station_v0_bogota_grid__RoundRobin__seed30__2022-01-17,station_v0_bogota_grid,1.0,RoundRobin,30,2022-01-17,228.81430629413575,16.0,20.0,37.0,1.0,323.00593999884256,580.4880601247531,231.80288590953364,2.988579615397896,0.5875799093147028,0.7183099141862435
station_v0_bogota_grid__Optimal_Oracle_Tracking__seed30__2022-01-17,station_v0_bogota_grid,1.0,Optimal_Oracle_Tracking,30,2022-01-17,230.61408271594,16.0,20.0,37.0,1.0,323.00593999884256,580.4880601247531,231.80288590953364,1.1888031935936567,0.5843359515084126,0.7160942346559089
station_v0_bogota_grid__MPC_TrackingG2V__seed30__2022-03-05,station_v0_bogota_grid,1.0,MPC_TrackingG2V,30,2022-03-05,176.69920197129682,15.0,10.0,30.0,5.0,144.82121288957478,462.42400855965553,177.8305820607166,1.1313800894197925,0.4523532652328199,0.7240172822500424
station_v0_bogota_grid__ChargeAsFastAsPossible__seed31__2022-01-17,station_v0_bogota_grid,1.0,ChargeAsFastAsPossible,31,2022-01-17,162.8267837490281,12.0,14.0,30.0,16.0,178.5837972589848,427.4147673875125,162.885114201231,0.058330452202909555,0.5231578094394139,0.7241626013700134
station_v0_bogota_grid__TD3_vanilla_extended_ts102__seed31__2022-01-17,station_v0_bogota_grid,1.0,TD3_vanilla_extended_ts102,31,2022-01-17,162.79835166598974,12.0,14.0,30.0,16.0,178.5837972589848,427.4147673875125,162.885114201231,0.0867625352412631,0.523241073485083,0.7242107668600044
station_v0_bogota_grid__RoundRobin__seed31__2022-03-05,station_v0_bogota_grid,1.0,RoundRobin,31,2022-03-05,136.89830960888852,10.0,7.0,27.0,17.0,96.252567647562,391.0718593950834,137.13425591977978,0.23594631089125073,0.41342742697987966,0.7408240729524996
station_v0_bogota_grid__Optimal_Oracle_Tracking__seed31__2022-03-05,station_v0_bogota_grid,1.0,Optimal_Oracle_Tracking,31,2022-03-05,136.32668364724233,10.0,7.0,27.0,17.0,96.252567647562,391.0718593950834,137.13425591977978,0.8075722725374419,0.41587669105104197,0.7419062754205749
station_v0_bogota_grid__MPC_TrackingG2V__seed32__2022-01-17,station_v0_bogota_grid,1.0,MPC_TrackingG2V,32,2022-01-17,183.41082048525212,12.0,3.0,24.0,16.0,39.691148798968,357.3406865536665,184.6462613760714,1.2354408908192909,0.1824331914050995,0.6615955030174839
station_v0_bogota_grid__ChargeAsFastAsPossible__seed32__2022-03-05,station_v0_bogota_grid,1.0,ChargeAsFastAsPossible,32,2022-03-05,155.2143392901251,11.0,7.0,23.0,14.0,101.0287971906364,346.59506690691387,155.2363306464967,0.021991356371586335,0.3943212617333946,0.6907042085313017
station_v0_bogota_grid__TD3_vanilla_extended_ts102__seed32__2022-03-05,station_v0_bogota_grid,1.0,TD3_vanilla_extended_ts102,32,2022-03-05,155.1988597748828,11.0,7.0,23.0,14.0,101.0287971906364,346.59506690691387,155.2363306464967,0.03747087161389118,0.39438166603175917,0.6907350545790336
station_v0_bogota_grid__RoundRobin__seed33__2022-01-17,station_v0_bogota_grid,1.0,RoundRobin,33,2022-01-17,231.93733573784,15.0,6.0,31.0,6.0,101.8437058442656,498.2938341594222,232.0891792831666,0.1518435453266136,0.3054372717759429,0.6824442361486118
station_v0_bogota_grid__Optimal_Oracle_Tracking__seed33__2022-01-17,station_v0_bogota_grid,1.0,Optimal_Oracle_Tracking,33,2022-01-17,230.57087035609248,15.0,6.0,31.0,6.0,101.8437058442656,498.2938341594222,232.0891792831666,1.5183089270741164,0.3095293077586405,0.684315124924224
station_v0_bogota_grid__MPC_TrackingG2V__seed33__2022-03-05,station_v0_bogota_grid,1.0,MPC_TrackingG2V,33,2022-03-05,227.9128796538547,15.0,17.0,35.0,8.0,271.9700516205053,552.1122498474562,228.82661185122052,0.9137321973658175,0.5448993647963425,0.7081552848348398
station_v0_bogota_grid__ChargeAsFastAsPossible__seed34__2022-01-17,station_v0_bogota_grid,1.0,ChargeAsFastAsPossible,34,2022-01-17,195.0627568144012,15.0,10.0,37.0,9.0,143.07339320070804,582.8506776877126,195.10530814284445,0.04255132844323839,0.4231962094613438,0.7492624770974036
station_v0_bogota_grid__TD3_vanilla_extended_ts102__seed34__2022-01-17,station_v0_bogota_grid,1.0,TD3_vanilla_extended_ts102,34,2022-01-17,194.98018337837703,15.0,10.0,37.0,9.0,143.07339320070804,582.8506776877126,195.10530814284445,0.12512476446741516,0.42344038047417254,0.7493686186240814
station_v0_bogota_grid__RoundRobin__seed34__2022-03-05,station_v0_bogota_grid,1.0,RoundRobin,34,2022-03-05,157.2226212610218,13.0,6.0,39.0,17.0,94.0845595326932,580.1912725700184,157.31554844248353,0.09292718146173229,0.37461195809611203,0.786818756408008
station_v0_bogota_grid__Optimal_Oracle_Tracking__seed34__2022-03-05,station_v0_bogota_grid,1.0,Optimal_Oracle_Tracking,34,2022-03-05,156.4207198859138,13.0,6.0,39.0,17.0,94.0845595326932,580.1912725700184,157.31554844248353,0.8948285565697347,0.37780169966610044,0.7879060702500781
station_v0_bogota_grid__MPC_TrackingG2V__seed35__2022-01-17,station_v0_bogota_grid,1.0,MPC_TrackingG2V,35,2022-01-17,211.26822817000877,13.0,0.0,22.0,10.0,0.0,306.9876531406033,212.24403454820947,0.9758063782007014,0.004597567984786188,0.5931137617767531
station_v0_bogota_grid__ChargeAsFastAsPossible__seed35__2022-03-05,station_v0_bogota_grid,1.0,ChargeAsFastAsPossible,35,2022-03-05,210.740684296226,14.0,2.0,30.0,11.0,26.83466610235429,431.9078347884401,210.799491361874,0.0588070656480113,0.11317174877122047,0.6721047423583613
station_v0_bogota_grid__TD3_vanilla_extended_ts102__seed35__2022-03-05,station_v0_bogota_grid,1.0,TD3_vanilla_extended_ts102,35,2022-03-05,210.68203483789472,14.0,2.0,30.0,11.0,26.83466610235429,431.9078347884401,210.799491361874,0.11745652397928552,0.11341855444493808,0.6721959961156236
station_v0_bogota_grid__RoundRobin__seed36__2022-01-17,station_v0_bogota_grid,1.0,RoundRobin,36,2022-01-17,258.2079566464049,15.0,4.0,24.0,9.0,51.7381868434326,360.06979987089977,258.3941981731553,0.1862415267503934,0.16742665674017165,0.5825012329529132
station_v0_bogota_grid__Optimal_Oracle_Tracking__seed36__2022-01-17,station_v0_bogota_grid,1.0,Optimal_Oracle_Tracking,36,2022-01-17,256.95604869563493,15.0,4.0,24.0,9.0,51.7381868434326,360.06979987089977,258.3941981731553,1.4381494775203691,0.17146334562289836,0.5845254541763462
station_v0_bogota_grid__MPC_TrackingG2V__seed36__2022-03-05,station_v0_bogota_grid,1.0,MPC_TrackingG2V,36,2022-03-05,173.96906194560646,11.0,7.0,25.0,11.0,102.7607084357579,385.203337201832,174.76106417404216,0.792002228435706,0.37313364530065296,0.6893212112803038
station_v0_bogota_grid__ChargeAsFastAsPossible__seed37__2022-01-17,station_v0_bogota_grid,1.0,ChargeAsFastAsPossible,37,2022-01-17,223.4943410027473,14.0,1.0,29.0,10.0,16.6677228815799,464.6380973109944,223.5666725698765,0.07233156712919708,0.0696821719356657,0.675250229606176
station_v0_bogota_grid__TD3_vanilla_extended_ts102__seed37__2022-01-17,station_v0_bogota_grid,1.0,TD3_vanilla_extended_ts102,37,2022-01-17,208.39216714815475,14.0,1.0,29.0,10.0,16.6677228815799,464.6380973109944,223.5666725698765,15.174505421721733,0.13254650002745302,0.6971945324002511
station_v0_bogota_grid__RoundRobin__seed37__2022-03-05,station_v0_bogota_grid,1.0,RoundRobin,37,2022-03-05,165.20000953690595,11.0,1.0,23.0,14.0,12.9705010402643,342.6164130494258,165.3092173844786,0.10920784757263391,0.07336621912692931,0.6747555160865165
station_v0_bogota_grid__Optimal_Oracle_Tracking__seed37__2022-03-05,station_v0_bogota_grid,1.0,Optimal_Oracle_Tracking,37,2022-03-05,164.58769903876896,11.0,1.0,23.0,14.0,12.9705010402643,342.6164130494258,165.3092173844786,0.7215183457096259,0.0768007685167718,0.6759610281958659
station_v0_bogota_grid__MPC_TrackingG2V__seed38__2022-01-17,station_v0_bogota_grid,1.0,MPC_TrackingG2V,38,2022-01-17,215.6249131470512,12.0,5.0,31.0,11.0,64.4144530829053,465.5092914245346,216.6893789482603,1.06446580120911,0.23293499206675652,0.6839265121563186
station_v0_bogota_grid__ChargeAsFastAsPossible__seed38__2022-03-05,station_v0_bogota_grid,1.0,ChargeAsFastAsPossible,38,2022-03-05,198.23089626110325,11.0,2.0,25.0,15.0,26.83466610235429,373.7640256237224,198.29549335372545,0.06459709262219349,0.11948316147408153,0.6534785460515726
station_v0_bogota_grid__TD3_vanilla_extended_ts102__seed38__2022-03-05,station_v0_bogota_grid,1.0,TD3_vanilla_extended_ts102,38,2022-03-05,198.2121279450525,11.0,2.0,25.0,15.0,26.83466610235429,373.7640256237224,198.29549335372545,0.08336540867296094,0.1195665279856858,0.6535113543790773
station_v0_bogota_grid__RoundRobin__seed39__2022-01-17,station_v0_bogota_grid,1.0,RoundRobin,39,2022-01-17,182.2014978727269,11.0,6.0,23.0,12.0,80.3011542654791,341.98350723495565,182.3191080994636,0.1176102267367014,0.3062169071343938,0.6524879095701016
station_v0_bogota_grid__Optimal_Oracle_Tracking__seed39__2022-01-17,station_v0_bogota_grid,1.0,Optimal_Oracle_Tracking,39,2022-01-17,181.34444724005505,11.0,6.0,23.0,12.0,80.3011542654791,341.98350723495565,182.3191080994636,0.9746608594085444,0.30948036679646995,0.6541225583542303
station_v0_bogota_grid__MPC_TrackingG2V__seed39__2022-03-05,station_v0_bogota_grid,1.0,MPC_TrackingG2V,39,2022-03-05,174.0693584340196,11.0,6.0,24.0,14.0,84.2361590769885,366.0717194450266,174.843273056201,0.7739146221814224,0.32812359128326063,0.6781946131145098
station_v0_bogota_grid__ChargeAsFastAsPossible__seed40__2022-01-17,station_v0_bogota_grid,1.0,ChargeAsFastAsPossible,40,2022-01-17,258.0258646213557,15.0,14.0,39.0,12.0,187.93302918399309,589.0016426446929,258.1024400511501,0.07657542979438858,0.42151267686443034,0.695402406986154
station_v0_bogota_grid__TD3_vanilla_extended_ts102__seed40__2022-01-17,station_v0_bogota_grid,1.0,TD3_vanilla_extended_ts102,40,2022-01-17,257.9860238126073,15.0,14.0,39.0,12.0,187.93302918399309,589.0016426446929,258.1024400511501,0.11641623854279715,0.4216019989284732,0.6954494387613068
station_v0_bogota_grid__RoundRobin__seed40__2022-03-05,station_v0_bogota_grid,1.0,RoundRobin,40,2022-03-05,156.54655394138308,11.0,2.0,26.0,17.0,28.9594652606779,389.0491698634732,156.70357129248424,0.15701735110116033,0.15682433699419718,0.7131548004508375
station_v0_bogota_grid__Optimal_Oracle_Tracking__seed40__2022-03-05,station_v0_bogota_grid,1.0,Optimal_Oracle_Tracking,40,2022-03-05,155.9043565875477,11.0,2.0,26.0,17.0,28.9594652606779,389.0491698634732,156.70357129248424,0.7992147049365315,0.16028327726447272,0.7143315189634649
station_v0_bogota_grid__MPC_TrackingG2V__seed41__2022-01-17,station_v0_bogota_grid,1.0,MPC_TrackingG2V,41,2022-01-17,155.6275822512269,12.0,12.0,33.0,15.0,152.2285752536506,474.7561641959834,156.66459148306902,1.03700923184212,0.49617667527144205,0.7535279275324749
station_v0_bogota_grid__ChargeAsFastAsPossible__seed41__2022-03-05,station_v0_bogota_grid,1.0,ChargeAsFastAsPossible,41,2022-03-05,148.84802068434618,12.0,13.0,32.0,12.0,171.6470555451794,470.4892521089315,148.87555530652006,0.027534622173874368,0.5356083607055863,0.7596763346863792
station_v0_bogota_grid__TD3_vanilla_extended_ts102__seed41__2022-03-05,station_v0_bogota_grid,1.0,TD3_vanilla_extended_ts102,41,2022-03-05,148.8356774694575,12.0,13.0,32.0,12.0,171.6470555451794,470.4892521089315,148.87555530652006,0.039877837062562094,0.5356468703597286,0.7596962635146576
station_v0_bogota_grid__RoundRobin__seed42__2022-01-17,station_v0_bogota_grid,1.0,RoundRobin,42,2022-01-17,240.8466660955534,14.0,8.0,35.0,13.0,110.5921045860328,526.7928662704916,240.98765321725227,0.14098712169888472,0.31495866656148264,0.686307922664873
station_v0_bogota_grid__Optimal_Oracle_Tracking__seed42__2022-01-17,station_v0_bogota_grid,1.0,Optimal_Oracle_Tracking,42,2022-01-17,239.84847245043824,14.0,8.0,35.0,13.0,110.5921045860328,526.7928662704916,240.98765321725227,1.139180766814036,0.31779783355833136,0.6876080255195027
station_v0_bogota_grid__MPC_TrackingG2V__seed42__2022-03-05,station_v0_bogota_grid,1.0,MPC_TrackingG2V,42,2022-03-05,206.8853997182523,13.0,12.0,42.0,8.0,173.46438737740718,646.2836134398752,207.8667513490321,0.9813516307798125,0.45746523504688535,0.7577880801240641
station_v0_bogota_grid__ChargeAsFastAsPossible__seed43__2022-01-17,station_v0_bogota_grid,1.0,ChargeAsFastAsPossible,43,2022-01-17,153.75183258364734,10.0,1.0,32.0,15.0,12.8498847984186,457.34686636732135,153.78802404912605,0.03619146547870855,0.07732980060189455,0.748415881674051
station_v0_bogota_grid__TD3_vanilla_extended_ts102__seed43__2022-01-17,station_v0_bogota_grid,1.0,TD3_vanilla_extended_ts102,43,2022-01-17,132.76777534255828,10.0,1.0,32.0,15.0,12.8498847984186,457.34686636732135,153.78802404912605,21.02024870656777,0.20325587220356814,0.7827520938101146
station_v0_bogota_grid__RoundRobin__seed43__2022-03-05,station_v0_bogota_grid,1.0,RoundRobin,43,2022-03-05,167.16609365693282,12.0,8.0,39.0,9.0,105.3167017802695,576.5121920739621,167.2456199015754,0.07952624464257951,0.3866867121418874,0.7752412264243471
station_v0_bogota_grid__Optimal_Oracle_Tracking__seed43__2022-03-05,station_v0_bogota_grid,1.0,Optimal_Oracle_Tracking,43,2022-03-05,166.43446254557284,12.0,8.0,39.0,9.0,105.3167017802695,576.5121920739621,167.2456199015754,0.8111573560025533,0.3893709830522812,0.7762249217880525
station_v0_bogota_grid__MPC_TrackingG2V__seed44__2022-01-17,station_v0_bogota_grid,1.0,MPC_TrackingG2V,44,2022-01-17,144.41928690414548,12.0,0.0,30.0,13.0,0.0,438.1041887382335,145.3286836986017,0.909396794456228,0.006257517589178975,0.7524663183599054
station_v0_bogota_grid__ChargeAsFastAsPossible__seed44__2022-03-05,station_v0_bogota_grid,1.0,ChargeAsFastAsPossible,44,2022-03-05,131.67995001478775,12.0,5.0,26.0,13.0,70.1384103041272,381.61823596858807,131.69147992769388,0.011529912906127038,0.3475696297335314,0.7434688143689945
station_v0_bogota_grid__TD3_vanilla_extended_ts102__seed44__2022-03-05,station_v0_bogota_grid,1.0,TD3_vanilla_extended_ts102,44,2022-03-05,131.63702488043697,12.0,5.0,26.0,13.0,70.1384103041272,381.61823596858807,131.69147992769388,0.05445504725690853,0.34778230950212996,0.7435524386079705
station_v0_bogota_grid__RoundRobin__seed45__2022-01-17,station_v0_bogota_grid,1.0,RoundRobin,45,2022-01-17,206.6859003763424,13.0,1.0,33.0,11.0,16.6677228815799,499.30066314762166,206.83313467257483,0.14723429623242623,0.07523441906140346,0.7072992384525815
station_v0_bogota_grid__Optimal_Oracle_Tracking__seed45__2022-01-17,station_v0_bogota_grid,1.0,Optimal_Oracle_Tracking,45,2022-01-17,205.89017648152796,13.0,1.0,33.0,11.0,16.6677228815799,499.30066314762166,206.83313467257483,0.9429581910468698,0.07879469128372206,0.7084261125623759
station_v0_bogota_grid__MPC_TrackingG2V__seed45__2022-03-05,station_v0_bogota_grid,1.0,MPC_TrackingG2V,45,2022-03-05,194.7203723210316,13.0,4.0,40.0,7.0,62.6046818001267,606.013347606003,195.5625382386725,0.842165917640898,0.24575872842505864,0.7570780561645247
station_v0_bogota_grid__ChargeAsFastAsPossible__seed46__2022-01-17,station_v0_bogota_grid,1.0,ChargeAsFastAsPossible,46,2022-01-17,272.6360780138838,15.0,24.0,53.0,12.0,321.32403231110914,815.1782820907837,272.72976335215844,0.09368533827466763,0.541058267779465,0.7493941890071418
station_v0_bogota_grid__TD3_vanilla_extended_ts102__seed46__2022-01-17,station_v0_bogota_grid,1.0,TD3_vanilla_extended_ts102,46,2022-01-17,272.6028909259884,15.0,24.0,53.0,12.0,321.32403231110914,815.1782820907837,272.72976335215844,0.12687242617005268,0.5411141332383471,0.7494246944235089
station_v0_bogota_grid__RoundRobin__seed46__2022-03-05,station_v0_bogota_grid,1.0,RoundRobin,46,2022-03-05,276.45938992757056,15.0,26.0,51.0,11.0,392.0031375973125,772.4728332827,276.6956122409052,0.23622231333462196,0.5865710979802848,0.7364966597050115
station_v0_bogota_grid__Optimal_Oracle_Tracking__seed46__2022-03-05,station_v0_bogota_grid,1.0,Optimal_Oracle_Tracking,46,2022-03-05,275.6560718591832,15.0,26.0,51.0,11.0,392.0031375973125,772.4728332827,276.6956122409052,1.039540381721963,0.5877724133238258,0.7372623309104456
station_v0_bogota_grid__MPC_TrackingG2V__seed47__2022-01-17,station_v0_bogota_grid,1.0,MPC_TrackingG2V,47,2022-01-17,184.0334848525696,14.0,10.0,27.0,10.0,136.3182205605405,405.1566048769045,185.2031887367941,1.1697038842245036,0.42761670131154395,0.6882689389701363
station_v0_bogota_grid__ChargeAsFastAsPossible__seed47__2022-03-05,station_v0_bogota_grid,1.0,ChargeAsFastAsPossible,47,2022-03-05,180.20736670364656,14.0,8.0,25.0,9.0,117.7198032909746,384.08073217820674,180.23055847908097,0.02319177543441242,0.39517654674733255,0.6806596471005425
station_v0_bogota_grid__TD3_vanilla_extended_ts102__seed47__2022-03-05,station_v0_bogota_grid,1.0,TD3_vanilla_extended_ts102,47,2022-03-05,169.98905621539524,14.0,8.0,25.0,9.0,117.7198032909746,384.08073217820674,180.23055847908097,10.241502263685732,0.42947189187645624,0.6987672247042964
station_v0_bogota_grid__RoundRobin__seed48__2022-01-17,station_v0_bogota_grid,1.0,RoundRobin,48,2022-01-17,305.04063019907016,16.0,9.0,31.0,18.0,119.6124074002314,454.50019364253575,305.1872694143928,0.14663921532263657,0.2819188741233788,0.5984656256250324
station_v0_bogota_grid__Optimal_Oracle_Tracking__seed48__2022-01-17,station_v0_bogota_grid,1.0,Optimal_Oracle_Tracking,48,2022-01-17,304.0516020658662,16.0,9.0,31.0,18.0,119.6124074002314,454.50019364253575,305.1872694143928,1.1356673485266242,0.2842470965472287,0.5997675138110296
station_v0_bogota_grid__MPC_TrackingG2V__seed48__2022-03-05,station_v0_bogota_grid,1.0,MPC_TrackingG2V,48,2022-03-05,273.00791954682137,15.0,11.0,32.0,12.0,146.2954597535727,473.3324868019284,274.0427989740225,1.0348794272011332,0.3505042334874705,0.6347110685318219
station_v0_bogota_grid__ChargeAsFastAsPossible__seed49__2022-01-17,station_v0_bogota_grid,1.0,ChargeAsFastAsPossible,49,2022-01-17,205.464057422679,14.0,6.0,34.0,18.0,78.63273317860609,521.583688432999,205.51313166389733,0.049074241218335146,0.27690639616887003,0.7174185724051194
station_v0_bogota_grid__TD3_vanilla_extended_ts102__seed49__2022-01-17,station_v0_bogota_grid,1.0,TD3_vanilla_extended_ts102,49,2022-01-17,197.1099841164012,14.0,6.0,34.0,18.0,78.63273317860609,521.583688432999,205.51313166389733,8.403147547496133,0.3063070468202821,0.7289082022252094
station_v0_bogota_grid__RoundRobin__seed49__2022-03-05,station_v0_bogota_grid,1.0,RoundRobin,49,2022-03-05,224.2532652453393,15.0,11.0,41.0,13.0,153.30160806461998,642.7603114805373,225.6339324027065,1.3806671573672133,0.4082020784622724,0.7417609952795929
station_v0_bogota_grid__Optimal_Oracle_Tracking__seed49__2022-03-05,station_v0_bogota_grid,1.0,Optimal_Oracle_Tracking,49,2022-03-05,224.3432589988304,15.0,11.0,41.0,13.0,153.30160806461998,642.7603114805373,225.6339324027065,1.2906734038760987,0.4079645875333927,0.7416573629097045
station_v0_bogota_grid_spawn1.3__MPC_TrackingG2V__seed0__2022-01-17,station_v0_bogota_grid_spawn1.3,1.3,MPC_TrackingG2V,0,2022-01-17,235.58376904449423,16.0,22.0,57.0,16.0,305.9873618492244,841.8286156020673,236.77892507994892,1.195156035454687,0.565957255051038,0.7815852753119713
station_v0_bogota_grid_spawn1.3__ChargeAsFastAsPossible__seed0__2022-03-05,station_v0_bogota_grid_spawn1.3,1.3,ChargeAsFastAsPossible,0,2022-03-05,206.3443281035665,15.0,24.0,48.0,19.0,337.8386564567647,704.8839869135285,206.3812794222937,0.036951318727176385,0.6208438638502536,0.7735628299174919
station_v0_bogota_grid_spawn1.3__TD3_vanilla_extended_ts102__seed0__2022-03-05,station_v0_bogota_grid_spawn1.3,1.3,TD3_vanilla_extended_ts102,0,2022-03-05,206.19874990915383,15.0,24.0,48.0,19.0,337.8386564567647,704.8839869135285,206.3812794222937,0.18252951313985477,0.6211113626771342,0.7737225838330539
station_v0_bogota_grid_spawn1.3__RoundRobin__seed1__2022-01-17,station_v0_bogota_grid_spawn1.3,1.3,RoundRobin,1,2022-01-17,210.566921797956,14.0,23.0,56.0,17.0,291.1888147364417,812.349296041467,210.6948761490065,0.1279543510504766,0.5804467735812189,0.7941761191531894
station_v0_bogota_grid_spawn1.3__Optimal_Oracle_Tracking__seed1__2022-01-17,station_v0_bogota_grid_spawn1.3,1.3,Optimal_Oracle_Tracking,1,2022-01-17,209.3929381407542,14.0,23.0,56.0,17.0,291.1888147364417,812.349296041467,210.6948761490065,1.3019380082522787,0.5827859284063749,0.7953236587112205
station_v0_bogota_grid_spawn1.3__MPC_TrackingG2V__seed1__2022-03-05,station_v0_bogota_grid_spawn1.3,1.3,MPC_TrackingG2V,1,2022-03-05,226.66826644030357,16.0,32.0,59.0,12.0,467.2569432100625,873.6009654739211,228.0713140828252,1.403047642521642,0.6740125774223701,0.7942507307785736
station_v0_bogota_grid_spawn1.3__ChargeAsFastAsPossible__seed2__2022-01-17,station_v0_bogota_grid_spawn1.3,1.3,ChargeAsFastAsPossible,2,2022-01-17,199.43898999654468,14.0,9.0,41.0,17.0,129.75642967060588,616.28695329705,199.4961817162337,0.057191719689029696,0.39426755293909155,0.7555244997884185
station_v0_bogota_grid_spawn1.3__TD3_vanilla_extended_ts102__seed2__2022-01-17,station_v0_bogota_grid_spawn1.3,1.3,TD3_vanilla_extended_ts102,2,2022-01-17,199.4352799250649,14.0,9.0,41.0,17.0,129.75642967060588,616.28695329705,199.4961817162337,0.060901791168817,0.39427882110022827,0.7555290476533113
station_v0_bogota_grid_spawn1.3__RoundRobin__seed2__2022-03-05,station_v0_bogota_grid_spawn1.3,1.3,RoundRobin,2,2022-03-05,265.5378445394793,17.0,21.0,59.0,3.0,331.5540342360206,915.2229137070252,271.88997825768365,6.352133718204357,0.5599627487525205,0.7763162658439284
station_v0_bogota_grid_spawn1.3__Optimal_Oracle_Tracking__seed2__2022-03-05,station_v0_bogota_grid_spawn1.3,1.3,Optimal_Oracle_Tracking,2,2022-03-05,270.50109618528904,17.0,21.0,59.0,3.0,331.5540342360206,915.2229137070252,271.88997825768365,1.3888820723946083,0.5517378736306358,0.7721353225828411
station_v0_bogota_grid_spawn1.3__MPC_TrackingG2V__seed3__2022-01-17,station_v0_bogota_grid_spawn1.3,1.3,MPC_TrackingG2V,3,2022-01-17,209.8499589083907,13.0,5.0,44.0,14.0,65.2954222484842,638.0071120444248,210.83035591535548,0.9803970069647789,0.2400203982987931,0.7527795757970314
station_v0_bogota_grid_spawn1.3__ChargeAsFastAsPossible__seed3__2022-03-05,station_v0_bogota_grid_spawn1.3,1.3,ChargeAsFastAsPossible,3,2022-03-05,221.7262915883743,15.0,18.0,49.0,8.0,254.4918121065862,725.0412914532693,221.7806136868596,0.054322098485300785,0.5344549052593387,0.7658204881143313
station_v0_bogota_grid_spawn1.3__TD3_vanilla_extended_ts102__seed3__2022-03-05,station_v0_bogota_grid_spawn1.3,1.3,TD3_vanilla_extended_ts102,3,2022-03-05,221.6930302779152,15.0,18.0,49.0,8.0,254.4918121065862,725.0412914532693,221.7806136868596,0.08758340894439698,0.5345247419928084,0.7658556175407615
station_v0_bogota_grid_spawn1.3__RoundRobin__seed4__2022-01-17,station_v0_bogota_grid_spawn1.3,1.3,RoundRobin,4,2022-01-17,195.565310912438,15.0,12.0,55.0,21.0,154.1437364332877,800.5407689214562,195.7302649930538,0.16495408061578587,0.4410407457679872,0.8037027031248412
station_v0_bogota_grid_spawn1.3__Optimal_Oracle_Tracking__seed4__2022-01-17,station_v0_bogota_grid_spawn1.3,1.3,Optimal_Oracle_Tracking,4,2022-01-17,194.5549702911503,15.0,12.0,55.0,21.0,154.1437364332877,800.5407689214562,195.7302649930538,1.175294701903482,0.44392847282735376,0.804716825373601
station_v0_bogota_grid_spawn1.3__MPC_TrackingG2V__seed4__2022-03-05,station_v0_bogota_grid_spawn1.3,1.3,MPC_TrackingG2V,4,2022-03-05,199.6997356406234,15.0,23.0,60.0,15.0,344.39995407959896,888.2698759478592,200.8425931959265,1.1428575553030953,0.6337414667316674,0.8166399326989444
station_v0_bogota_grid_spawn1.3__ChargeAsFastAsPossible__seed5__2022-01-17,station_v0_bogota_grid_spawn1.3,1.3,ChargeAsFastAsPossible,5,2022-01-17,180.98250930648464,15.0,17.0,47.0,10.0,247.7119036881366,716.1380701568563,181.03753821555551,0.05502890907087021,0.5778828107556164,0.7982752678321143
station_v0_bogota_grid_spawn1.3__TD3_vanilla_extended_ts102__seed5__2022-01-17,station_v0_bogota_grid_spawn1.3,1.3,TD3_vanilla_extended_ts102,5,2022-01-17,180.95306307124588,15.0,17.0,47.0,10.0,247.7119036881366,716.1380701568563,181.03753821555551,0.08447514430963565,0.5779514901108781,0.7983080888706757
station_v0_bogota_grid_spawn1.3__RoundRobin__seed5__2022-03-05,station_v0_bogota_grid_spawn1.3,1.3,RoundRobin,5,2022-03-05,181.53248705782144,15.0,23.0,54.0,11.0,329.70554916777706,814.489589955573,181.713143939356,0.18065688153455994,0.6450413535826826,0.8177755582459906
station_v0_bogota_grid_spawn1.3__Optimal_Oracle_Tracking__seed5__2022-03-05,station_v0_bogota_grid_spawn1.3,1.3,Optimal_Oracle_Tracking,5,2022-03-05,180.6145492317648,15.0,23.0,54.0,11.0,329.70554916777706,814.489589955573,181.713143939356,1.0985947075911895,0.6468362387490414,0.8186969950126491
station_v0_bogota_grid_spawn1.3__MPC_TrackingG2V__seed6__2022-01-17,station_v0_bogota_grid_spawn1.3,1.3,MPC_TrackingG2V,6,2022-01-17,191.4027654522847,14.0,16.0,36.0,19.0,204.05904977663664,508.1624892808893,192.53006302483013,1.127297572545416,0.5173776604702175,0.7268377338642331
station_v0_bogota_grid_spawn1.3__ChargeAsFastAsPossible__seed6__2022-03-05,station_v0_bogota_grid_spawn1.3,1.3,ChargeAsFastAsPossible,6,2022-03-05,149.43045328967457,12.0,6.0,40.0,16.0,79.99581525943199,573.306118258578,149.46260723469973,0.03215394502515778,0.34876893310161156,0.7932527404423998
station_v0_bogota_grid_spawn1.3__TD3_vanilla_extended_ts102__seed6__2022-03-05,station_v0_bogota_grid_spawn1.3,1.3,TD3_vanilla_extended_ts102,6,2022-03-05,149.3939382219625,12.0,6.0,40.0,16.0,79.99581525943199,573.306118258578,149.46260723469973,0.0686690127372458,0.3489280689804134,0.7933032615377712
station_v0_bogota_grid_spawn1.3__RoundRobin__seed7__2022-01-17,station_v0_bogota_grid_spawn1.3,1.3,RoundRobin,7,2022-01-17,216.36098808802373,14.0,14.0,44.0,22.0,189.7446874822018,658.7363978093663,216.47252074709183,0.11153265906810361,0.46737611380092875,0.7527893243536837
station_v0_bogota_grid_spawn1.3__Optimal_Oracle_Tracking__seed7__2022-01-17,station_v0_bogota_grid_spawn1.3,1.3,Optimal_Oracle_Tracking,7,2022-01-17,215.36806438397,14.0,14.0,44.0,22.0,189.7446874822018,658.7363978093663,216.47252074709183,1.104456363121841,0.46982043098872567,0.7539238234235647
station_v0_bogota_grid_spawn1.3__MPC_TrackingG2V__seed7__2022-03-05,station_v0_bogota_grid_spawn1.3,1.3,MPC_TrackingG2V,7,2022-03-05,230.51430605830728,16.0,30.0,44.0,20.0,435.47850654600114,658.4908117524366,231.6959360557911,1.1816299974838103,0.6544917021111203,0.7410494970568055
station_v0_bogota_grid_spawn1.3__ChargeAsFastAsPossible__seed8__2022-01-17,station_v0_bogota_grid_spawn1.3,1.3,ChargeAsFastAsPossible,8,2022-01-17,296.64105831044384,15.0,9.0,45.0,13.0,139.3149408654558,702.3938520567413,296.7349083354991,0.09385002505524653,0.3197083800074062,0.7031002708860189
station_v0_bogota_grid_spawn1.3__TD3_vanilla_extended_ts102__seed8__2022-01-17,station_v0_bogota_grid_spawn1.3,1.3,TD3_vanilla_extended_ts102,8,2022-01-17,296.6100572921779,15.0,9.0,45.0,13.0,139.3149408654558,702.3938520567413,296.7349083354991,0.12485104332120045,0.3197794751317888,0.703131298937152
station_v0_bogota_grid_spawn1.3__RoundRobin__seed8__2022-03-05,station_v0_bogota_grid_spawn1.3,1.3,RoundRobin,8,2022-03-05,289.13936810135607,15.0,16.0,47.0,10.0,226.5480392639746,727.2160349607906,289.3675955590911,0.22822745773504494,0.43956075647810716,0.7155773913519639
station_v0_bogota_grid_spawn1.3__Optimal_Oracle_Tracking__seed8__2022-03-05,station_v0_bogota_grid_spawn1.3,1.3,Optimal_Oracle_Tracking,8,2022-03-05,288.1704396362476,15.0,16.0,47.0,10.0,226.5480392639746,727.2160349607906,289.3675955590911,1.1971559228435353,0.4414388318836738,0.716530513590036
station_v0_bogota_grid_spawn1.3__MPC_TrackingG2V__seed9__2022-01-17,station_v0_bogota_grid_spawn1.3,1.3,MPC_TrackingG2V,9,2022-01-17,220.56448216586335,15.0,6.0,49.0,7.0,95.651505395416,762.2515373317202,221.67560055163176,1.1111183857684068,0.30493021859069025,0.7758325045893673
station_v0_bogota_grid_spawn1.3__ChargeAsFastAsPossible__seed9__2022-03-05,station_v0_bogota_grid_spawn1.3,1.3,ChargeAsFastAsPossible,9,2022-03-05,210.44999529997415,15.0,13.0,46.0,6.0,196.57638174665263,740.1073253972062,210.50270192068908,0.05270662071492893,0.4830242973821018,0.7786158474535035
station_v0_bogota_grid_spawn1.3__TD3_vanilla_extended_ts102__seed9__2022-03-05,station_v0_bogota_grid_spawn1.3,1.3,TD3_vanilla_extended_ts102,9,2022-03-05,210.3924093567753,15.0,13.0,46.0,6.0,196.57638174665263,740.1073253972062,210.50270192068908,0.11029256391378794,0.4831657586988565,0.7786764253366986
station_v0_bogota_grid_spawn1.3__RoundRobin__seed10__2022-01-17,station_v0_bogota_grid_spawn1.3,1.3,RoundRobin,10,2022-01-17,184.73808421506024,13.0,29.0,58.0,18.0,370.9434780060848,868.7961857069969,184.8821522454521,0.1440680303918498,0.6676330234511538,0.8246731686882253
station_v0_bogota_grid_spawn1.3__Optimal_Oracle_Tracking__seed10__2022-01-17,station_v0_bogota_grid_spawn1.3,1.3,Optimal_Oracle_Tracking,10,2022-01-17,183.57315070317617,13.0,29.0,58.0,18.0,370.9434780060848,868.7961857069969,184.8821522454521,1.3090015422759222,0.6697288849020855,0.8257787561051098
station_v0_bogota_grid_spawn1.3__MPC_TrackingG2V__seed10__2022-03-05,station_v0_bogota_grid_spawn1.3,1.3,MPC_TrackingG2V,10,2022-03-05,214.94231804657863,15.0,31.0,61.0,12.0,439.1950410815653,933.4409642908143,216.265292875268,1.322974828689354,0.6720742554335346,0.8130458830619995
station_v0_bogota_grid_spawn1.3__ChargeAsFastAsPossible__seed11__2022-01-17,station_v0_bogota_grid_spawn1.3,1.3,ChargeAsFastAsPossible,11,2022-01-17,216.21142131925453,14.0,15.0,38.0,14.0,213.89375940922224,534.4661704448229,216.2679359649552,0.05651464570067333,0.4973717473119442,0.7120000017672855
station_v0_bogota_grid_spawn1.3__TD3_vanilla_extended_ts102__seed11__2022-01-17,station_v0_bogota_grid_spawn1.3,1.3,TD3_vanilla_extended_ts102,11,2022-01-17,216.1955649829229,14.0,15.0,38.0,14.0,213.89375940922224,534.4661704448229,216.2679359649552,0.07237098203231085,0.49740860865153386,0.7120211228755399
station_v0_bogota_grid_spawn1.3__RoundRobin__seed11__2022-03-05,station_v0_bogota_grid_spawn1.3,1.3,RoundRobin,11,2022-03-05,214.67958137835817,14.0,10.0,40.0,8.0,147.8422275287258,601.934580315953,214.8013462450902,0.12176486673203613,0.4080149300749619,0.7371493350582847
station_v0_bogota_grid_spawn1.3__Optimal_Oracle_Tracking__seed11__2022-03-05,station_v0_bogota_grid_spawn1.3,1.3,Optimal_Oracle_Tracking,11,2022-03-05,213.7416965970885,14.0,10.0,40.0,8.0,147.8422275287258,601.934580315953,214.8013462450902,1.0596496480017095,0.4106011741148319,0.7382976680148361
station_v0_bogota_grid_spawn1.3__MPC_TrackingG2V__seed12__2022-01-17,station_v0_bogota_grid_spawn1.3,1.3,MPC_TrackingG2V,12,2022-01-17,255.5550022454724,17.0,26.0,48.0,6.0,378.6198906259708,724.0659782701335,257.01373380852067,1.458731563048275,0.5979523542782468,0.7395165763809166
station_v0_bogota_grid_spawn1.3__ChargeAsFastAsPossible__seed12__2022-03-05,station_v0_bogota_grid_spawn1.3,1.3,ChargeAsFastAsPossible,12,2022-03-05,203.277650734576,15.0,22.0,51.0,8.0,337.19620642388713,770.0021639400645,203.3263496183162,0.048698883740172505,0.6239238335898338,0.7911520643822346
station_v0_bogota_grid_spawn1.3__TD3_vanilla_extended_ts102__seed12__2022-03-05,station_v0_bogota_grid_spawn1.3,1.3,TD3_vanilla_extended_ts102,12,2022-03-05,203.2656407654136,15.0,22.0,51.0,8.0,337.19620642388713,770.0021639400645,203.3263496183162,0.06070885290259298,0.6239460527720458,0.7911644034527489
station_v0_bogota_grid_spawn1.3__RoundRobin__seed13__2022-01-17,station_v0_bogota_grid_spawn1.3,1.3,RoundRobin,13,2022-01-17,250.00972098147705,16.0,19.0,60.0,11.0,281.8571903212748,913.7519458018096,259.824849158627,9.815128177149944,0.5384566909002099,0.786967736534101
station_v0_bogota_grid_spawn1.3__Optimal_Oracle_Tracking__seed13__2022-01-17,station_v0_bogota_grid_spawn1.3,1.3,Optimal_Oracle_Tracking,13,2022-01-17,258.9299896440838,16.0,19.0,60.0,11.0,281.8571903212748,913.7519458018096,259.824849158627,0.8948595145432137,0.5219889699634559,0.7793668119922116
station_v0_bogota_grid_spawn1.3__MPC_TrackingG2V__seed13__2022-03-05,station_v0_bogota_grid_spawn1.3,1.3,MPC_TrackingG2V,13,2022-03-05,248.02403147775647,16.0,20.0,52.0,9.0,283.51275727825447,786.5779106780276,249.0717858278885,1.0477543501320383,0.5343011082686908,0.7605135864814695
station_v0_bogota_grid_spawn1.3__ChargeAsFastAsPossible__seed14__2022-01-17,station_v0_bogota_grid_spawn1.3,1.3,ChargeAsFastAsPossible,14,2022-01-17,329.5166104541351,15.0,10.0,36.0,18.0,127.9841756299737,529.1559146149455,329.642655706102,0.1260452519669002,0.2799447324972473,0.6163051245754276
station_v0_bogota_grid_spawn1.3__TD3_vanilla_extended_ts102__seed14__2022-01-17,station_v0_bogota_grid_spawn1.3,1.3,TD3_vanilla_extended_ts102,14,2022-01-17,305.7571253362857,15.0,10.0,36.0,18.0,127.9841756299737,529.1559146149455,329.642655706102,23.88553036981631,0.3318636399801888,0.6439710825065957
station_v0_bogota_grid_spawn1.3__RoundRobin__seed14__2022-03-05,station_v0_bogota_grid_spawn1.3,1.3,RoundRobin,14,2022-03-05,261.43913688018097,13.0,12.0,41.0,17.0,174.91398066216055,592.4839820056991,261.5989013483606,0.15976446817961687,0.40107349025754624,0.6938948877496688
station_v0_bogota_grid_spawn1.3__Optimal_Oracle_Tracking__seed14__2022-03-05,station_v0_bogota_grid_spawn1.3,1.3,Optimal_Oracle_Tracking,14,2022-03-05,260.6704238455867,13.0,12.0,41.0,17.0,174.91398066216055,592.4839820056991,261.5989013483606,0.9284775027738874,0.402834521984843,0.6947949327565134
station_v0_bogota_grid_spawn1.3__MPC_TrackingG2V__seed15__2022-01-17,station_v0_bogota_grid_spawn1.3,1.3,MPC_TrackingG2V,15,2022-01-17,204.54266451748936,16.0,41.0,62.0,14.0,605.6182398214877,909.920149113005,205.92694745691503,1.384282939425674,0.7479589951072922,0.8166929276007014
station_v0_bogota_grid_spawn1.3__ChargeAsFastAsPossible__seed15__2022-03-05,station_v0_bogota_grid_spawn1.3,1.3,ChargeAsFastAsPossible,15,2022-03-05,179.28760526858844,14.0,24.0,64.0,18.0,321.6462393754447,938.6995594021738,179.3399715758173,0.05236630722885138,0.6421306587896682,0.8396410857568168
station_v0_bogota_grid_spawn1.3__TD3_vanilla_extended_ts102__seed15__2022-03-05,station_v0_bogota_grid_spawn1.3,1.3,TD3_vanilla_extended_ts102,15,2022-03-05,179.26669980140227,14.0,24.0,64.0,18.0,321.6462393754447,938.6995594021738,179.3399715758173,0.07327177441501931,0.642172387417581,0.8396597840824188
station_v0_bogota_grid_spawn1.3__RoundRobin__seed16__2022-01-17,station_v0_bogota_grid_spawn1.3,1.3,RoundRobin,16,2022-01-17,214.75643847527024,16.0,41.0,56.0,6.0,600.2035304033235,855.2723256315938,225.2725374953891,10.516099020118844,0.7398392917411372,0.8012517149414901
station_v0_bogota_grid_spawn1.3__Optimal_Oracle_Tracking__seed16__2022-01-17,station_v0_bogota_grid_spawn1.3,1.3,Optimal_Oracle_Tracking,16,2022-01-17,223.81330577352725,16.0,41.0,56.0,6.0,600.2035304033235,855.2723256315938,225.2725374953891,1.4592317218618405,0.728867602009039,0.7928699553243582
station_v0_bogota_grid_spawn1.3__MPC_TrackingG2V__seed16__2022-03-05,station_v0_bogota_grid_spawn1.3,1.3,MPC_TrackingG2V,16,2022-03-05,217.5573681472334,16.0,27.0,57.0,7.0,413.536269324567,869.3340496253052,218.76751946149065,1.2101513142572458,0.6559290454910673,0.8000578490757794
station_v0_bogota_grid_spawn1.3__ChargeAsFastAsPossible__seed17__2022-01-17,station_v0_bogota_grid_spawn1.3,1.3,ChargeAsFastAsPossible,17,2022-01-17,195.0716708429952,12.0,17.0,38.0,19.0,217.8467747064968,528.167033012134,195.12180421208544,0.050133369090247015,0.5276355616356613,0.7302990716798204
station_v0_bogota_grid_spawn1.3__TD3_vanilla_extended_ts102__seed17__2022-01-17,station_v0_bogota_grid_spawn1.3,1.3,TD3_vanilla_extended_ts102,17,2022-01-17,183.84693400002263,12.0,17.0,38.0,19.0,217.8467747064968,528.167033012134,195.12180421208544,11.274870212062808,0.5548161691103659,0.7458180957063075
station_v0_bogota_grid_spawn1.3__RoundRobin__seed17__2022-03-05,station_v0_bogota_grid_spawn1.3,1.3,RoundRobin,17,2022-03-05,203.78372180042064,14.0,14.0,43.0,11.0,192.979296954757,623.7055034437236,203.9502028966892,0.16648109626856922,0.48659970630379396,0.7537820131737184
station_v0_bogota_grid_spawn1.3__Optimal_Oracle_Tracking__seed17__2022-03-05,station_v0_bogota_grid_spawn1.3,1.3,Optimal_Oracle_Tracking,17,2022-03-05,202.97468740496905,14.0,14.0,43.0,11.0,192.979296954757,623.7055034437236,203.9502028966892,0.9755154917201594,0.4886379382713206,0.7547595143124816
station_v0_bogota_grid_spawn1.3__MPC_TrackingG2V__seed18__2022-01-17,station_v0_bogota_grid_spawn1.3,1.3,MPC_TrackingG2V,18,2022-01-17,222.26164355599025,15.0,23.0,52.0,14.0,308.14899902099745,760.6614051074208,223.3990034761036,1.1373599201133402,0.5818596956213706,0.7741382118238879
station_v0_bogota_grid_spawn1.3__ChargeAsFastAsPossible__seed18__2022-03-05,station_v0_bogota_grid_spawn1.3,1.3,ChargeAsFastAsPossible,18,2022-03-05,226.89367884746892,15.0,31.0,57.0,10.0,433.93103886458766,847.8055032129643,226.9478808965909,0.05420204912198301,0.6566788982625421,0.7888876813954367
station_v0_bogota_grid_spawn1.3__TD3_vanilla_extended_ts102__seed18__2022-03-05,station_v0_bogota_grid_spawn1.3,1.3,TD3_vanilla_extended_ts102,18,2022-03-05,226.8277716381491,15.0,31.0,57.0,10.0,433.93103886458766,847.8055032129643,226.9478808965909,0.12010925844180065,0.6567786248650241,0.7889490044955025
station_v0_bogota_grid_spawn1.3__RoundRobin__seed19__2022-01-17,station_v0_bogota_grid_spawn1.3,1.3,RoundRobin,19,2022-01-17,200.1859354263221,15.0,23.0,55.0,8.0,306.71788735579486,817.5825945078949,200.30405088641984,0.11811546009775498,0.6051730303419549,0.8033317989462639
station_v0_bogota_grid_spawn1.3__Optimal_Oracle_Tracking__seed19__2022-01-17,station_v0_bogota_grid_spawn1.3,1.3,Optimal_Oracle_Tracking,19,2022-01-17,199.09607525324117,15.0,23.0,55.0,8.0,306.71788735579486,817.5825945078949,200.30405088641984,1.2079756331786768,0.6073225629181179,0.8044025077309919
station_v0_bogota_grid_spawn1.3__MPC_TrackingG2V__seed19__2022-03-05,station_v0_bogota_grid_spawn1.3,1.3,MPC_TrackingG2V,19,2022-03-05,202.91790350733177,16.0,31.0,52.0,6.0,433.9566955737617,773.71787221608,204.2288625863397,1.3109590790079153,0.6820393365021498,0.7925061802590624
station_v0_bogota_grid_spawn1.3__ChargeAsFastAsPossible__seed20__2022-01-17,station_v0_bogota_grid_spawn1.3,1.3,ChargeAsFastAsPossible,20,2022-01-17,257.242610470481,15.0,20.0,52.0,10.0,259.9900502013021,771.6008350417047,257.30470057855666,0.062090108075665285,0.5027155986356533,0.7499842292952522
station_v0_bogota_grid_spawn1.3__TD3_vanilla_extended_ts102__seed20__2022-01-17,station_v0_bogota_grid_spawn1.3,1.3,TD3_vanilla_extended_ts102,20,2022-01-17,257.1997499652598,15.0,20.0,52.0,10.0,259.9900502013021,771.6008350417047,257.30470057855666,0.1049506132968645,0.5027984537296912,0.7500258856997882
station_v0_bogota_grid_spawn1.3__RoundRobin__seed20__2022-03-05,station_v0_bogota_grid_spawn1.3,1.3,RoundRobin,20,2022-03-05,238.4477507633464,14.0,19.0,52.0,10.0,251.5792653878408,785.6212700989332,238.61986617128213,0.17211540793573477,0.5135696181163324,0.7671956902339849
station_v0_bogota_grid_spawn1.3__Optimal_Oracle_Tracking__seed20__2022-03-05,station_v0_bogota_grid_spawn1.3,1.3,Optimal_Oracle_Tracking,20,2022-03-05,237.66738399998,14.0,19.0,52.0,10.0,251.5792653878408,785.6212700989332,238.61986617128213,0.9524821713021367,0.5151615563984023,0.7679575877361768
station_v0_bogota_grid_spawn1.3__MPC_TrackingG2V__seed21__2022-01-17,station_v0_bogota_grid_spawn1.3,1.3,MPC_TrackingG2V,21,2022-01-17,182.52000999737416,13.0,14.0,49.0,15.0,213.9507168897922,738.1696548834242,183.65593829622185,1.1359282988476878,0.5409533326045938,0.8020015810498282
station_v0_bogota_grid_spawn1.3__ChargeAsFastAsPossible__seed21__2022-03-05,station_v0_bogota_grid_spawn1.3,1.3,ChargeAsFastAsPossible,21,2022-03-05,186.4810312943009,14.0,7.0,41.0,13.0,106.7006495364068,629.0526896609207,186.53164132622453,0.050610031923639553,0.3640501503237906,0.7713528519256948
station_v0_bogota_grid_spawn1.3__TD3_vanilla_extended_ts102__seed21__2022-03-05,station_v0_bogota_grid_spawn1.3,1.3,TD3_vanilla_extended_ts102,21,2022-03-05,186.44653157340625,14.0,7.0,41.0,13.0,106.7006495364068,629.0526896609207,186.53164132622453,0.08510975281828337,0.3641678035358334,0.7713951525432814
station_v0_bogota_grid_spawn1.3__RoundRobin__seed22__2022-01-17,station_v0_bogota_grid_spawn1.3,1.3,RoundRobin,22,2022-01-17,212.35978142049132,15.0,21.0,66.0,10.0,303.7588446006879,1025.8618639564563,212.5446687718481,0.18488735135679235,0.5886919691223091,0.8285217529072246
station_v0_bogota_grid_spawn1.3__Optimal_Oracle_Tracking__seed22__2022-01-17,station_v0_bogota_grid_spawn1.3,1.3,Optimal_Oracle_Tracking,22,2022-01-17,211.1405978393135,15.0,21.0,66.0,10.0,303.7588446006879,1025.8618639564563,212.5446687718481,1.4040709325346086,0.5910533390328372,0.8295062305799095
station_v0_bogota_grid_spawn1.3__MPC_TrackingG2V__seed22__2022-03-05,station_v0_bogota_grid_spawn1.3,1.3,MPC_TrackingG2V,22,2022-03-05,196.63828053970687,15.0,26.0,60.0,11.0,361.22772832306913,928.6957706759728,197.69392287356013,1.0556423338532568,0.6481827459739445,0.8254260655386051
station_v0_bogota_grid_spawn1.3__ChargeAsFastAsPossible__seed23__2022-01-17,station_v0_bogota_grid_spawn1.3,1.3,ChargeAsFastAsPossible,23,2022-01-17,231.23767997139376,14.0,25.0,55.0,19.0,330.1713465818417,788.8866303854555,231.2945730076688,0.05689303627502795,0.5881536672066359,0.7733366590147938
station_v0_bogota_grid_spawn1.3__TD3_vanilla_extended_ts102__seed23__2022-01-17,station_v0_bogota_grid_spawn1.3,1.3,TD3_vanilla_extended_ts102,23,2022-01-17,200.28069126360447,14.0,25.0,55.0,19.0,330.1713465818417,788.8866303854555,231.2945730076688,31.01388174406432,0.6432896739128346,0.8036812572144335
station_v0_bogota_grid_spawn1.3__RoundRobin__seed23__2022-03-05,station_v0_bogota_grid_spawn1.3,1.3,RoundRobin,23,2022-03-05,243.5364981943822,16.0,30.0,61.0,12.0,457.2613692049073,912.8184548430672,244.072848753656,0.5363505592737852,0.6527525793575767,0.7894905965346631
station_v0_bogota_grid_spawn1.3__Optimal_Oracle_Tracking__seed23__2022-03-05,station_v0_bogota_grid_spawn1.3,1.3,Optimal_Oracle_Tracking,23,2022-03-05,242.91826218810263,16.0,30.0,61.0,12.0,457.2613692049073,912.8184548430672,244.072848753656,1.154586565553359,0.6536340934637601,0.790024990737781
station_v0_bogota_grid_spawn1.3__MPC_TrackingG2V__seed24__2022-01-17,station_v0_bogota_grid_spawn1.3,1.3,MPC_TrackingG2V,24,2022-01-17,210.03313876717328,15.0,6.0,54.0,7.0,96.70687087949572,838.5579997752326,211.02898400785423,0.9958452406809499,0.31748889370054656,0.7998897261376672
station_v0_bogota_grid_spawn1.3__ChargeAsFastAsPossible__seed24__2022-03-05,station_v0_bogota_grid_spawn1.3,1.3,ChargeAsFastAsPossible,24,2022-03-05,238.45159495620808,16.0,22.0,53.0,6.0,333.19500350383964,819.1591290647569,238.5087767414054,0.057181785197315094,0.5829105855239948,0.7745496543412098
station_v0_bogota_grid_spawn1.3__TD3_vanilla_extended_ts102__seed24__2022-03-05,station_v0_bogota_grid_spawn1.3,1.3,TD3_vanilla_extended_ts102,24,2022-03-05,238.39835112242952,16.0,22.0,53.0,6.0,333.19500350383964,819.1591290647569,238.5087767414054,0.11042561897588143,0.5830037173793686,0.7745999951272791
station_v0_bogota_grid_spawn1.3__RoundRobin__seed25__2022-01-17,station_v0_bogota_grid_spawn1.3,1.3,RoundRobin,25,2022-01-17,253.8671861018157,14.0,8.0,48.0,15.0,102.6196406511403,699.0458186281048,253.99374204962552,0.12655594780983392,0.28811649136893003,0.7336236641411985
station_v0_bogota_grid_spawn1.3__Optimal_Oracle_Tracking__seed25__2022-01-17,station_v0_bogota_grid_spawn1.3,1.3,Optimal_Oracle_Tracking,25,2022-01-17,253.00070509056764,14.0,8.0,48.0,15.0,102.6196406511403,699.0458186281048,253.99374204962552,0.9930369590578891,0.2905462403724191,0.7345328404723803
station_v0_bogota_grid_spawn1.3__MPC_TrackingG2V__seed25__2022-03-05,station_v0_bogota_grid_spawn1.3,1.3,MPC_TrackingG2V,25,2022-03-05,258.90988056537213,15.0,18.0,46.0,14.0,247.0741738943304,681.3632411581871,260.072428928485,1.162548363112876,0.4894772455848848,0.7249839911615671
station_v0_bogota_grid_spawn1.3__ChargeAsFastAsPossible__seed26__2022-01-17,station_v0_bogota_grid_spawn1.3,1.3,ChargeAsFastAsPossible,26,2022-01-17,257.1532117486041,13.0,1.0,41.0,14.0,13.0149138892309,606.9228016020251,257.23542132960324,0.08220958099911968,0.04846293145066661,0.7024234625966755
station_v0_bogota_grid_spawn1.3__TD3_vanilla_extended_ts102__seed26__2022-01-17,station_v0_bogota_grid_spawn1.3,1.3,TD3_vanilla_extended_ts102,26,2022-01-17,235.469882214728,13.0,1.0,41.0,14.0,13.0149138892309,606.9228016020251,257.23542132960324,21.765539114875253,0.12869716877850615,0.7275153137860516
station_v0_bogota_grid_spawn1.3__RoundRobin__seed26__2022-03-05,station_v0_bogota_grid_spawn1.3,1.3,RoundRobin,26,2022-03-05,190.00888257593613,14.0,6.0,40.0,13.0,82.8273217031315,598.3863059231712,190.1548174684067,0.14593489247056368,0.3039512286313457,0.7590374465713432
station_v0_bogota_grid_spawn1.3__Optimal_Oracle_Tracking__seed26__2022-03-05,station_v0_bogota_grid_spawn1.3,1.3,Optimal_Oracle_Tracking,26,2022-03-05,189.0970161929785,14.0,6.0,40.0,13.0,82.8273217031315,598.3863059231712,190.1548174684067,1.0578012754282042,0.3072916170747986,0.7601938433094558
station_v0_bogota_grid_spawn1.3__MPC_TrackingG2V__seed27__2022-01-17,station_v0_bogota_grid_spawn1.3,1.3,MPC_TrackingG2V,27,2022-01-17,255.2317772531934,14.0,26.0,53.0,18.0,343.35310345614124,802.7820632247247,256.51287444458603,1.2810971913926323,0.5745186647417566,0.7590550391803427
station_v0_bogota_grid_spawn1.3__ChargeAsFastAsPossible__seed27__2022-03-05,station_v0_bogota_grid_spawn1.3,1.3,ChargeAsFastAsPossible,27,2022-03-05,284.43221015067127,16.0,46.0,65.0,9.0,657.3415486772573,1000.9666977196496,284.5012366518222,0.06902650115091546,0.6980045772168963,0.7787325513570713
station_v0_bogota_grid_spawn1.3__TD3_vanilla_extended_ts102__seed27__2022-03-05,station_v0_bogota_grid_spawn1.3,1.3,TD3_vanilla_extended_ts102,27,2022-03-05,268.65531948996494,16.0,46.0,65.0,9.0,657.3415486772573,1000.9666977196496,284.5012366518222,15.845917161857244,0.7147556644540237,0.7910058179542816
station_v0_bogota_grid_spawn1.3__RoundRobin__seed28__2022-01-17,station_v0_bogota_grid_spawn1.3,1.3,RoundRobin,28,2022-01-17,213.6082717009797,16.0,33.0,51.0,14.0,447.21258668944,743.4355485859745,216.98752169078463,3.3792499898049186,0.6783977162817646,0.7775893995971739
station_v0_bogota_grid_spawn1.3__Optimal_Oracle_Tracking__seed28__2022-01-17,station_v0_bogota_grid_spawn1.3,1.3,Optimal_Oracle_Tracking,28,2022-01-17,215.70073689520365,16.0,33.0,51.0,14.0,447.21258668944,743.4355485859745,216.98752169078463,1.286784795580985,0.6752473626943092,0.7754107084984468
station_v0_bogota_grid_spawn1.3__MPC_TrackingG2V__seed28__2022-03-05,station_v0_bogota_grid_spawn1.3,1.3,MPC_TrackingG2V,28,2022-03-05,227.5832866508941,16.0,31.0,58.0,11.0,436.80699986269246,861.3154908674605,228.7205803957118,1.137293744817697,0.6580407883884686,0.7912149032030081
station_v0_bogota_grid_spawn1.3__ChargeAsFastAsPossible__seed29__2022-01-17,station_v0_bogota_grid_spawn1.3,1.3,ChargeAsFastAsPossible,29,2022-01-17,237.0438000026396,15.0,19.0,43.0,21.0,276.7265950245803,648.539727345354,237.1019294347149,0.0581294320752761,0.5386713879847713,0.732347955645559
station_v0_bogota_grid_spawn1.3__TD3_vanilla_extended_ts102__seed29__2022-01-17,station_v0_bogota_grid_spawn1.3,1.3,TD3_vanilla_extended_ts102,29,2022-01-17,236.9795114434065,15.0,19.0,43.0,21.0,276.7265950245803,648.539727345354,237.1019294347149,0.12241799130839581,0.5387965047429364,0.7324205454551518
station_v0_bogota_grid_spawn1.3__RoundRobin__seed29__2022-03-05,station_v0_bogota_grid_spawn1.3,1.3,RoundRobin,29,2022-03-05,204.05485288259325,14.0,28.0,51.0,20.0,374.1548843975253,755.1647704397886,204.20071057763704,0.14585769504378732,0.6471809823308505,0.7873022774738684
station_v0_bogota_grid_spawn1.3__Optimal_Oracle_Tracking__seed29__2022-03-05,station_v0_bogota_grid_spawn1.3,1.3,Optimal_Oracle_Tracking,29,2022-03-05,203.23052468075332,14.0,28.0,51.0,20.0,374.1548843975253,755.1647704397886,204.20071057763704,0.97018589688372,0.6486062788249137,0.7881615206071169
station_v0_bogota_grid_spawn1.3__MPC_TrackingG2V__seed30__2022-01-17,station_v0_bogota_grid_spawn1.3,1.3,MPC_TrackingG2V,30,2022-01-17,229.3076111469482,16.0,38.0,55.0,1.0,568.1942132657488,828.5324786121303,230.68164027453645,1.3740291275882441,0.712962145331152,0.7835115610166036
station_v0_bogota_grid_spawn1.3__ChargeAsFastAsPossible__seed30__2022-03-05,station_v0_bogota_grid_spawn1.3,1.3,ChargeAsFastAsPossible,30,2022-03-05,228.510179410572,16.0,20.0,46.0,4.0,301.9750741469183,708.6388358685733,228.5722802939415,0.06210088336951003,0.5692935277164896,0.7561806774697413
station_v0_bogota_grid_spawn1.3__TD3_vanilla_extended_ts102__seed30__2022-03-05,station_v0_bogota_grid_spawn1.3,1.3,TD3_vanilla_extended_ts102,30,2022-03-05,220.2809673270175,16.0,20.0,46.0,4.0,301.9750741469183,708.6388358685733,228.5722802939415,8.29131296692401,0.584804324282853,0.7649612093495269
station_v0_bogota_grid_spawn1.3__RoundRobin__seed31__2022-01-17,station_v0_bogota_grid_spawn1.3,1.3,RoundRobin,31,2022-01-17,193.61729100101576,13.0,19.0,42.0,22.0,247.00476339876425,606.370697576391,193.75843262878303,0.14114162776726857,0.5607226448441606,0.7580174453198982
station_v0_bogota_grid_spawn1.3__Optimal_Oracle_Tracking__seed31__2022-01-17,station_v0_bogota_grid_spawn1.3,1.3,Optimal_Oracle_Tracking,31,2022-01-17,192.65786994935235,13.0,19.0,42.0,22.0,247.00476339876425,606.370697576391,193.75843262878303,1.1005626794306806,0.5628993716224179,0.7592165280872227
station_v0_bogota_grid_spawn1.3__MPC_TrackingG2V__seed31__2022-03-05,station_v0_bogota_grid_spawn1.3,1.3,MPC_TrackingG2V,31,2022-03-05,159.54503960756688,12.0,10.0,44.0,15.0,135.1640707683549,645.6866037323517,160.3799599271476,0.834920319580732,0.4601649059461285,0.8020696468499563
station_v0_bogota_grid_spawn1.3__ChargeAsFastAsPossible__seed32__2022-01-17,station_v0_bogota_grid_spawn1.3,1.3,ChargeAsFastAsPossible,32,2022-01-17,241.3049803615784,16.0,9.0,45.0,10.0,133.4591003179553,718.0199462520458,241.3703471236049,0.0653667620264855,0.35622726013489014,0.7484809028945479
station_v0_bogota_grid_spawn1.3__TD3_vanilla_extended_ts102__seed32__2022-01-17,station_v0_bogota_grid_spawn1.3,1.3,TD3_vanilla_extended_ts102,32,2022-01-17,241.28724071585725,16.0,9.0,45.0,10.0,133.4591003179553,718.0199462520458,241.3703471236049,0.08310640774763556,0.3562745873815679,0.7484993934357215
station_v0_bogota_grid_spawn1.3__RoundRobin__seed32__2022-03-05,station_v0_bogota_grid_spawn1.3,1.3,RoundRobin,32,2022-03-05,195.6535775563344,14.0,13.0,47.0,13.0,173.0928720213389,706.6037677610009,196.0891791374584,0.43560158112398994,0.4700349679996296,0.7832556704596222
station_v0_bogota_grid_spawn1.3__Optimal_Oracle_Tracking__seed32__2022-03-05,station_v0_bogota_grid_spawn1.3,1.3,Optimal_Oracle_Tracking,32,2022-03-05,194.87621968033244,14.0,13.0,47.0,13.0,173.0928720213389,706.6037677610009,196.0891791374584,1.2129594571259474,0.4721405900729725,0.784116824718856
station_v0_bogota_grid_spawn1.3__MPC_TrackingG2V__seed33__2022-01-17,station_v0_bogota_grid_spawn1.3,1.3,MPC_TrackingG2V,33,2022-01-17,227.4646810764819,15.0,10.0,38.0,17.0,161.8347218015492,588.7055317612941,228.497723113262,1.0330420367801025,0.41725397404224146,0.7216547049712883
station_v0_bogota_grid_spawn1.3__ChargeAsFastAsPossible__seed33__2022-03-05,station_v0_bogota_grid_spawn1.3,1.3,ChargeAsFastAsPossible,33,2022-03-05,230.80379835992775,16.0,24.0,46.0,14.0,367.3913350024146,703.7682089217724,230.8750233831737,0.07122502324594393,0.6142123067344988,0.7530567917442285
station_v0_bogota_grid_spawn1.3__TD3_vanilla_extended_ts102__seed33__2022-03-05,station_v0_bogota_grid_spawn1.3,1.3,TD3_vanilla_extended_ts102,33,2022-03-05,230.76007267201567,16.0,24.0,46.0,14.0,367.3913350024146,703.7682089217724,230.8750233831737,0.11495071115803057,0.6142853940597331,0.7531035750369339
station_v0_bogota_grid_spawn1.3__RoundRobin__seed34__2022-01-17,station_v0_bogota_grid_spawn1.3,1.3,RoundRobin,34,2022-01-17,225.6423730893631,16.0,18.0,55.0,15.0,256.67762942170486,825.7944882307308,225.82988656283013,0.18751347346702119,0.5323546978766747,0.7854344398077899
station_v0_bogota_grid_spawn1.3__Optimal_Oracle_Tracking__seed34__2022-01-17,station_v0_bogota_grid_spawn1.3,1.3,Optimal_Oracle_Tracking,34,2022-01-17,224.6394636710731,16.0,18.0,55.0,15.0,256.67762942170486,825.7944882307308,225.82988656283013,1.1904228917570379,0.5344332342415302,0.7863881162747193
station_v0_bogota_grid_spawn1.3__MPC_TrackingG2V__seed34__2022-03-05,station_v0_bogota_grid_spawn1.3,1.3,MPC_TrackingG2V,34,2022-03-05,156.4937240847405,13.0,14.0,49.0,20.0,206.4693386621267,715.4786116982186,157.31554844248353,0.8218243577430258,0.5698179621196329,0.8206980165179928
station_v0_bogota_grid_spawn1.3__ChargeAsFastAsPossible__seed35__2022-01-17,station_v0_bogota_grid_spawn1.3,1.3,ChargeAsFastAsPossible,35,2022-01-17,262.71568472226704,16.0,21.0,45.0,8.0,279.3078075130051,655.6257594834946,262.81445193003714,0.09876720777009496,0.515394027553541,0.7139545051953543
station_v0_bogota_grid_spawn1.3__TD3_vanilla_extended_ts102__seed35__2022-01-17,station_v0_bogota_grid_spawn1.3,1.3,TD3_vanilla_extended_ts102,35,2022-01-17,262.6736036803571,16.0,21.0,45.0,8.0,279.3078075130051,655.6257594834946,262.81445193003714,0.1408482496800616,0.5154716503428233,0.714000323139067
station_v0_bogota_grid_spawn1.3__RoundRobin__seed35__2022-03-05,station_v0_bogota_grid_spawn1.3,1.3,RoundRobin,35,2022-03-05,250.25419099218655,16.0,19.0,43.0,9.0,277.7130553725513,629.9738434600653,251.1798372466688,0.9256462544822455,0.5268338930537327,0.7159925714757626
station_v0_bogota_grid_spawn1.3__Optimal_Oracle_Tracking__seed35__2022-03-05,station_v0_bogota_grid_spawn1.3,1.3,Optimal_Oracle_Tracking,35,2022-03-05,250.17997842905245,16.0,19.0,43.0,9.0,277.7130553725513,629.9738434600653,251.1798372466688,0.9998588176163423,0.5269742098629956,0.7160767935187036
station_v0_bogota_grid_spawn1.3__MPC_TrackingG2V__seed36__2022-01-17,station_v0_bogota_grid_spawn1.3,1.3,MPC_TrackingG2V,36,2022-01-17,258.54133020797303,15.0,11.0,38.0,8.0,139.8377268217065,589.8029752447317,259.88673498741514,1.3454047794421058,0.35320113000381514,0.6957226536998594
station_v0_bogota_grid_spawn1.3__ChargeAsFastAsPossible__seed36__2022-03-05,station_v0_bogota_grid_spawn1.3,1.3,ChargeAsFastAsPossible,36,2022-03-05,214.1425581997281,14.0,21.0,43.0,10.0,292.4249652624492,654.069575951526,214.195214546608,0.05265634687992815,0.5773114322440976,0.7533672209869618
station_v0_bogota_grid_spawn1.3__TD3_vanilla_extended_ts102__seed36__2022-03-05,station_v0_bogota_grid_spawn1.3,1.3,TD3_vanilla_extended_ts102,36,2022-03-05,214.08466769236315,14.0,21.0,43.0,10.0,292.4249652624492,654.069575951526,214.195214546608,0.1105468542448591,0.5774257003085611,0.7534338947804848
station_v0_bogota_grid_spawn1.3__RoundRobin__seed37__2022-01-17,station_v0_bogota_grid_spawn1.3,1.3,RoundRobin,37,2022-01-17,230.26942568666408,15.0,19.0,43.0,10.0,279.52954854505305,666.5843763776045,234.58004702121497,4.310621334550888,0.5521005099447076,0.7444756808994044
station_v0_bogota_grid_spawn1.3__Optimal_Oracle_Tracking__seed37__2022-01-17,station_v0_bogota_grid_spawn1.3,1.3,Optimal_Oracle_Tracking,37,2022-01-17,233.38260722419017,15.0,19.0,43.0,10.0,279.52954854505305,666.5843763776045,234.58004702121497,1.1974397970247992,0.5460450276810531,0.7410210599038436
station_v0_bogota_grid_spawn1.3__MPC_TrackingG2V__seed37__2022-03-05,station_v0_bogota_grid_spawn1.3,1.3,MPC_TrackingG2V,37,2022-03-05,225.7631998280164,15.0,20.0,45.0,10.0,307.9079184348226,690.479369530093,226.99570962499763,1.232509796981219,0.5779366824508274,0.7539298832662318
station_v0_bogota_grid_spawn1.3__ChargeAsFastAsPossible__seed38__2022-01-17,station_v0_bogota_grid_spawn1.3,1.3,ChargeAsFastAsPossible,38,2022-01-17,255.66660827018416,14.0,10.0,38.0,16.0,145.73835068635282,560.1283872253285,255.740515099627,0.07390682944284777,0.36318787847110534,0.6866327328549732
station_v0_bogota_grid_spawn1.3__TD3_vanilla_extended_ts102__seed38__2022-01-17,station_v0_bogota_grid_spawn1.3,1.3,TD3_vanilla_extended_ts102,38,2022-01-17,255.60832391338977,14.0,10.0,38.0,16.0,145.73835068635282,560.1283872253285,255.740515099627,0.13219118623723602,0.36333305263034854,0.6867041712400229
station_v0_bogota_grid_spawn1.3__RoundRobin__seed38__2022-03-05,station_v0_bogota_grid_spawn1.3,1.3,RoundRobin,38,2022-03-05,192.03536867164487,11.0,4.0,35.0,20.0,51.6851845263324,505.9518701134006,196.90524044646747,4.869871774822599,0.22750295514134586,0.7267789344569949
station_v0_bogota_grid_spawn1.3__Optimal_Oracle_Tracking__seed38__2022-03-05,station_v0_bogota_grid_spawn1.3,1.3,Optimal_Oracle_Tracking,38,2022-03-05,196.08973547890912,11.0,4.0,35.0,20.0,51.6851845263324,505.9518701134006,196.90524044646747,0.8155049675583541,0.21119353048145453,0.7210105261328127
station_v0_bogota_grid_spawn1.3__MPC_TrackingG2V__seed39__2022-01-17,station_v0_bogota_grid_spawn1.3,1.3,MPC_TrackingG2V,39,2022-01-17,228.0304953379179,14.0,12.0,40.0,14.0,164.842650922262,605.8340377887872,229.3483041672778,1.3178088293599046,0.42152276100266894,0.7269692091383878
station_v0_bogota_grid_spawn1.3__ChargeAsFastAsPossible__seed39__2022-03-05,station_v0_bogota_grid_spawn1.3,1.3,ChargeAsFastAsPossible,39,2022-03-05,224.34061914309228,14.0,13.0,42.0,8.0,185.7299897263834,642.7384723894263,224.3960775852612,0.055458442168912825,0.4529959516749726,0.7412851106559633
station_v0_bogota_grid_spawn1.3__TD3_vanilla_extended_ts102__seed39__2022-03-05,station_v0_bogota_grid_spawn1.3,1.3,TD3_vanilla_extended_ts102,39,2022-03-05,224.30362193204255,14.0,13.0,42.0,8.0,185.7299897263834,642.7384723894263,224.3960775852612,0.09245565321865001,0.45308616103740657,0.7413277767117108
station_v0_bogota_grid_spawn1.3__RoundRobin__seed40__2022-01-17,station_v0_bogota_grid_spawn1.3,1.3,RoundRobin,40,2022-01-17,256.2068548191688,15.0,21.0,49.0,18.0,285.3350232056398,741.743319894019,257.04454967214576,0.8376948529769379,0.5276244393575273,0.7434822121633743
station_v0_bogota_grid_spawn1.3__Optimal_Oracle_Tracking__seed40__2022-01-17,station_v0_bogota_grid_spawn1.3,1.3,Optimal_Oracle_Tracking,40,2022-01-17,255.64450064212477,15.0,21.0,49.0,18.0,285.3350232056398,741.743319894019,257.04454967214576,1.4000490300209947,0.5286612670795972,0.7440452488142784
station_v0_bogota_grid_spawn1.3__MPC_TrackingG2V__seed40__2022-03-05,station_v0_bogota_grid_spawn1.3,1.3,MPC_TrackingG2V,40,2022-03-05,239.4983311565476,14.0,15.0,43.0,17.0,223.96806436512787,664.4609788855805,240.41215476103528,0.9138236044876749,0.48426241839667916,0.7353238567362749
station_v0_bogota_grid_spawn1.3__ChargeAsFastAsPossible__seed41__2022-01-17,station_v0_bogota_grid_spawn1.3,1.3,ChargeAsFastAsPossible,41,2022-01-17,177.93778879964415,13.0,21.0,49.0,20.0,266.3250544079748,700.8810356526764,177.96231477639913,0.02452597675497259,0.5994984302022727,0.7975318482949549
station_v0_bogota_grid_spawn1.3__TD3_vanilla_extended_ts102__seed41__2022-01-17,station_v0_bogota_grid_spawn1.3,1.3,TD3_vanilla_extended_ts102,41,2022-01-17,177.86226310529352,13.0,21.0,49.0,20.0,266.3250544079748,700.8810356526764,177.96231477639913,0.10005167110560365,0.5996684230933361,0.7976177859018262
station_v0_bogota_grid_spawn1.3__RoundRobin__seed41__2022-03-05,station_v0_bogota_grid_spawn1.3,1.3,RoundRobin,41,2022-03-05,213.6068859398904,16.0,28.0,52.0,9.0,391.7224575908068,773.0592027683862,216.03510835453852,2.4282224146481326,0.648532740834526,0.7840378985727041
station_v0_bogota_grid_spawn1.3__Optimal_Oracle_Tracking__seed41__2022-03-05,station_v0_bogota_grid_spawn1.3,1.3,Optimal_Oracle_Tracking,41,2022-03-05,214.6813604334944,16.0,28.0,52.0,9.0,391.7224575908068,773.0592027683862,216.03510835453852,1.3537479210441177,0.6467648081031041,0.7829515769939417
station_v0_bogota_grid_spawn1.3__MPC_TrackingG2V__seed42__2022-01-17,station_v0_bogota_grid_spawn1.3,1.3,MPC_TrackingG2V,42,2022-01-17,238.27947728581933,15.0,28.0,57.0,10.0,409.174503332898,863.7403425064616,239.54353554729096,1.2640582614716322,0.6326917659062863,0.7840270468683399
station_v0_bogota_grid_spawn1.3__ChargeAsFastAsPossible__seed42__2022-03-05,station_v0_bogota_grid_spawn1.3,1.3,ChargeAsFastAsPossible,42,2022-03-05,228.8496097669584,15.0,29.0,58.0,7.0,446.70916978794617,900.91492788154,228.91826255461,0.0686527876516152,0.6612783927770902,0.7974483209520377
station_v0_bogota_grid_spawn1.3__TD3_vanilla_extended_ts102__seed42__2022-03-05,station_v0_bogota_grid_spawn1.3,1.3,TD3_vanilla_extended_ts102,42,2022-03-05,228.83246789626253,15.0,29.0,58.0,7.0,446.70916978794617,900.91492788154,228.91826255461,0.08579465834748135,0.6613037645572686,0.7974634929887958
station_v0_bogota_grid_spawn1.3__RoundRobin__seed43__2022-01-17,station_v0_bogota_grid_spawn1.3,1.3,RoundRobin,43,2022-01-17,204.5354474252064,14.0,8.0,47.0,11.0,114.0202364454728,700.5387685360744,204.67402959829863,0.13858217309223164,0.3582079465555423,0.7740471104178485
station_v0_bogota_grid_spawn1.3__Optimal_Oracle_Tracking__seed43__2022-01-17,station_v0_bogota_grid_spawn1.3,1.3,Optimal_Oracle_Tracking,43,2022-01-17,203.55893434106187,14.0,8.0,47.0,11.0,114.0202364454728,700.5387685360744,204.67402959829863,1.11509525723676,0.36127205277956326,0.775125876743465
station_v0_bogota_grid_spawn1.3__MPC_TrackingG2V__seed43__2022-03-05,station_v0_bogota_grid_spawn1.3,1.3,MPC_TrackingG2V,43,2022-03-05,186.9660471535771,13.0,17.0,51.0,8.0,229.0496539853063,773.7618327767035,188.12490063000345,1.1588534764263443,0.5518277778806893,0.8056257138598836
station_v0_bogota_grid_spawn1.3__ChargeAsFastAsPossible__seed44__2022-01-17,station_v0_bogota_grid_spawn1.3,1.3,ChargeAsFastAsPossible,44,2022-01-17,165.7606967692868,13.0,15.0,40.0,22.0,190.32092736915888,563.6697452458797,165.8043001322422,0.04360336295539469,0.5345437953602019,0.7727668341052971
station_v0_bogota_grid_spawn1.3__TD3_vanilla_extended_ts102__seed44__2022-01-17,station_v0_bogota_grid_spawn1.3,1.3,TD3_vanilla_extended_ts102,44,2022-01-17,145.07016447533556,13.0,15.0,40.0,22.0,190.32092736915888,563.6697452458797,165.8043001322422,20.73413565690663,0.5926428310255981,0.8011304646210701
station_v0_bogota_grid_spawn1.3__RoundRobin__seed44__2022-03-05,station_v0_bogota_grid_spawn1.3,1.3,RoundRobin,44,2022-03-05,160.01532852383525,14.0,15.0,42.0,10.0,207.5262765999163,625.4715047724283,165.85717646222298,5.84184793838773,0.571445046073841,0.79778904478203
station_v0_bogota_grid_spawn1.3__Optimal_Oracle_Tracking__seed44__2022-03-05,station_v0_bogota_grid_spawn1.3,1.3,Optimal_Oracle_Tracking,44,2022-03-05,165.02704493901382,14.0,15.0,42.0,10.0,207.5262765999163,625.4715047724283,165.85717646222298,0.8301315232091611,0.5580226076286523,0.7914557517597688
station_v0_bogota_grid_spawn1.3__MPC_TrackingG2V__seed45__2022-01-17,station_v0_bogota_grid_spawn1.3,1.3,MPC_TrackingG2V,45,2022-01-17,250.33233264363932,16.0,15.0,62.0,5.0,232.4575993256441,955.3610232187526,251.4993344975593,1.1670018539199702,0.48273841090354247,0.7925755610058052
station_v0_bogota_grid_spawn1.3__ChargeAsFastAsPossible__seed45__2022-03-05,station_v0_bogota_grid_spawn1.3,1.3,ChargeAsFastAsPossible,45,2022-03-05,234.7030341850788,15.0,22.0,55.0,8.0,334.4544188783183,833.6060819608429,234.76904726993092,0.06601308485213053,0.5876785688874737,0.780317766893297
station_v0_bogota_grid_spawn1.3__TD3_vanilla_extended_ts102__seed45__2022-03-05,station_v0_bogota_grid_spawn1.3,1.3,TD3_vanilla_extended_ts102,45,2022-03-05,234.6825866176584,15.0,22.0,55.0,8.0,334.4544188783183,833.6060819608429,234.76904726993092,0.0864606522725353,0.5877144907505668,0.7803369058332263
station_v0_bogota_grid_spawn1.3__RoundRobin__seed46__2022-01-17,station_v0_bogota_grid_spawn1.3,1.3,RoundRobin,46,2022-01-17,272.27926569250576,15.0,39.0,72.0,15.0,527.171810037485,1092.778408823418,272.397697444976,0.11843175247025783,0.659467672110447,0.8005537421565628
station_v0_bogota_grid_spawn1.3__Optimal_Oracle_Tracking__seed46__2022-01-17,station_v0_bogota_grid_spawn1.3,1.3,Optimal_Oracle_Tracking,46,2022-01-17,271.15587983679484,15.0,39.0,72.0,15.0,527.171810037485,1092.778408823418,272.397697444976,1.2418176081811794,0.6608726604763091,0.8013766292921878
station_v0_bogota_grid_spawn1.3__MPC_TrackingG2V__seed46__2022-03-05,station_v0_bogota_grid_spawn1.3,1.3,MPC_TrackingG2V,46,2022-03-05,295.1805266954397,16.0,47.0,77.0,8.0,706.6774753497871,1175.9964089735388,296.5277183433405,1.347191647900786,0.7057625612874039,0.7995411272253344
station_v0_bogota_grid_spawn1.3__ChargeAsFastAsPossible__seed47__2022-01-17,station_v0_bogota_grid_spawn1.3,1.3,ChargeAsFastAsPossible,47,2022-01-17,205.7123050751941,15.0,20.0,39.0,14.0,293.4917242931101,583.5261098517386,205.7520447140372,0.03973963884308773,0.5879521831903944,0.7393665289160734
station_v0_bogota_grid_spawn1.3__TD3_vanilla_extended_ts102__seed47__2022-01-17,station_v0_bogota_grid_spawn1.3,1.3,TD3_vanilla_extended_ts102,47,2022-01-17,205.7070462381471,15.0,20.0,39.0,14.0,293.4917242931101,583.5261098517386,205.7520447140372,0.04499847589011097,0.5879627167961667,0.7393731917598587
station_v0_bogota_grid_spawn1.3__RoundRobin__seed47__2022-03-05,station_v0_bogota_grid_spawn1.3,1.3,RoundRobin,47,2022-03-05,196.2465061476481,15.0,25.0,46.0,12.0,363.9479665213961,699.0175688508642,196.3565610309629,0.11005488331480251,0.6497502759705803,0.7808217820928677
station_v0_bogota_grid_spawn1.3__Optimal_Oracle_Tracking__seed47__2022-03-05,station_v0_bogota_grid_spawn1.3,1.3,Optimal_Oracle_Tracking,47,2022-03-05,195.44072320585752,15.0,25.0,46.0,12.0,363.9479665213961,699.0175688508642,196.3565610309629,0.9158378251053705,0.6511883920345546,0.7817217220340595
station_v0_bogota_grid_spawn1.3__MPC_TrackingG2V__seed48__2022-01-17,station_v0_bogota_grid_spawn1.3,1.3,MPC_TrackingG2V,48,2022-01-17,322.5511332124122,17.0,20.0,48.0,18.0,262.1998347207845,712.738690132116,323.6747570664363,1.1236238540241175,0.4494536241476794,0.6887814085351026
station_v0_bogota_grid_spawn1.3__ChargeAsFastAsPossible__seed48__2022-03-05,station_v0_bogota_grid_spawn1.3,1.3,ChargeAsFastAsPossible,48,2022-03-05,272.0749693083672,15.0,19.0,46.0,18.0,257.5841093479109,679.9719937111666,272.1450427691917,0.07007346082451704,0.4863885285131108,0.7142420953687243
station_v0_bogota_grid_spawn1.3__TD3_vanilla_extended_ts102__seed48__2022-03-05,station_v0_bogota_grid_spawn1.3,1.3,TD3_vanilla_extended_ts102,48,2022-03-05,272.06161871322973,15.0,19.0,46.0,18.0,257.5841093479109,679.9719937111666,272.1450427691917,0.08342405596198432,0.4864137311946776,0.7142561173792816
station_v0_bogota_grid_spawn1.3__RoundRobin__seed49__2022-01-17,station_v0_bogota_grid_spawn1.3,1.3,RoundRobin,49,2022-01-17,223.2148565681378,15.0,21.0,58.0,14.0,302.8794480136903,919.8827953108856,226.4582970070605,3.243440438922704,0.5783129794392663,0.8052805940012246
station_v0_bogota_grid_spawn1.3__Optimal_Oracle_Tracking__seed49__2022-01-17,station_v0_bogota_grid_spawn1.3,1.3,Optimal_Oracle_Tracking,49,2022-01-17,224.88834683506556,15.0,21.0,58.0,14.0,302.8794480136903,919.8827953108856,226.4582970070605,1.5699501719949467,0.5751515002463132,0.8038207403170616
station_v0_bogota_grid_spawn1.3__MPC_TrackingG2V__seed49__2022-03-05,station_v0_bogota_grid_spawn1.3,1.3,MPC_TrackingG2V,49,2022-03-05,233.74060861925895,16.0,27.0,62.0,7.0,399.92651065231473,991.732774087464,235.1105948481066,1.3699862288476368,0.6319260613361058,0.809478035633794
station_v0_bogota_grid_spawn1.6__ChargeAsFastAsPossible__seed0__2022-01-17,station_v0_bogota_grid_spawn1.6,1.6,ChargeAsFastAsPossible,0,2022-01-17,243.54986441005803,17.0,42.0,73.0,21.0,589.223712909177,1094.948001051707,243.5992647743752,0.04940036431716521,0.7075610652728657,0.8180491114299564
station_v0_bogota_grid_spawn1.6__TD3_vanilla_extended_ts102__seed0__2022-01-17,station_v0_bogota_grid_spawn1.6,1.6,TD3_vanilla_extended_ts102,0,2022-01-17,243.51022774049596,17.0,42.0,73.0,21.0,589.223712909177,1094.948001051707,243.5992647743752,0.08903703387923656,0.7076086584236603,0.8180787231370465
station_v0_bogota_grid_spawn1.6__RoundRobin__seed0__2022-03-05,station_v0_bogota_grid_spawn1.6,1.6,RoundRobin,0,2022-03-05,206.1774423456147,15.0,33.0,64.0,26.0,468.8486416023321,952.12024661058,206.3812794222937,0.20383707667897966,0.694655944699916,0.8220309272689174
station_v0_bogota_grid_spawn1.6__Optimal_Oracle_Tracking__seed0__2022-03-05,station_v0_bogota_grid_spawn1.6,1.6,Optimal_Oracle_Tracking,0,2022-03-05,205.3810007208376,15.0,33.0,64.0,26.0,468.8486416023321,952.12024661058,206.3812794222937,1.0002787014560965,0.695835456448401,0.8227184029492511
station_v0_bogota_grid_spawn1.6__MPC_TrackingG2V__seed1__2022-01-17,station_v0_bogota_grid_spawn1.6,1.6,MPC_TrackingG2V,1,2022-01-17,231.3586931692905,16.0,48.0,75.0,17.0,672.2518528397397,1095.9070075014972,232.8489259994975,1.4902328302070202,0.7443835000716709,0.8258832285627439
station_v0_bogota_grid_spawn1.6__ChargeAsFastAsPossible__seed1__2022-03-05,station_v0_bogota_grid_spawn1.6,1.6,ChargeAsFastAsPossible,1,2022-03-05,224.0632802760532,16.0,53.0,75.0,14.0,770.0837222729544,1099.4250542056427,224.1106185142993,0.047338238246084074,0.7746282883700298,0.8307085446245733
station_v0_bogota_grid_spawn1.6__TD3_vanilla_extended_ts102__seed1__2022-03-05,station_v0_bogota_grid_spawn1.6,1.6,TD3_vanilla_extended_ts102,1,2022-03-05,224.02518219838996,16.0,53.0,75.0,14.0,770.0837222729544,1099.4250542056427,224.1106185142993,0.08543631590933387,0.7746666089237689,0.8307373297026401
station_v0_bogota_grid_spawn1.6__RoundRobin__seed2__2022-01-17,station_v0_bogota_grid_spawn1.6,1.6,RoundRobin,2,2022-01-17,264.94002861032146,17.0,32.0,65.0,14.0,469.8358531882482,985.766999447336,265.09780959281323,0.1577809824917722,0.6395048396507486,0.7881945141508753
station_v0_bogota_grid_spawn1.6__Optimal_Oracle_Tracking__seed2__2022-01-17,station_v0_bogota_grid_spawn1.6,1.6,Optimal_Oracle_Tracking,2,2022-01-17,263.739202170554,17.0,32.0,65.0,14.0,469.8358531882482,985.766999447336,265.09780959281323,1.3586074222592401,0.6411387645892571,0.7891545111314354
station_v0_bogota_grid_spawn1.6__MPC_TrackingG2V__seed2__2022-03-05,station_v0_bogota_grid_spawn1.6,1.6,MPC_TrackingG2V,2,2022-03-05,216.8436803441018,15.0,40.0,72.0,17.0,572.3662285405312,1065.8599709704672,218.02196970622373,1.178289362121916,0.725649141997431,0.8311030995343616
station_v0_bogota_grid_spawn1.6__ChargeAsFastAsPossible__seed3__2022-01-17,station_v0_bogota_grid_spawn1.6,1.6,ChargeAsFastAsPossible,3,2022-01-17,242.86712473269108,15.0,13.0,66.0,12.0,184.9500513039631,988.8248127671347,242.9433598485765,0.07623511588542442,0.43241209515583906,0.802830491863617
station_v0_bogota_grid_spawn1.6__TD3_vanilla_extended_ts102__seed3__2022-01-17,station_v0_bogota_grid_spawn1.6,1.6,TD3_vanilla_extended_ts102,3,2022-01-17,234.04992157467612,15.0,13.0,66.0,12.0,184.9500513039631,988.8248127671347,242.9433598485765,8.893438273900387,0.4530181688372862,0.8099886595724736
station_v0_bogota_grid_spawn1.6__RoundRobin__seed3__2022-03-05,station_v0_bogota_grid_spawn1.6,1.6,RoundRobin,3,2022-03-05,227.07366211449505,16.0,36.0,64.0,11.0,517.1528933777106,944.0237516933536,227.23161949181133,0.15795737731627923,0.6949511197658444,0.8061279651723392
station_v0_bogota_grid_spawn1.6__Optimal_Oracle_Tracking__seed3__2022-03-05,station_v0_bogota_grid_spawn1.6,1.6,Optimal_Oracle_Tracking,3,2022-03-05,225.99327379466249,16.0,36.0,64.0,11.0,517.1528933777106,944.0237516933536,227.23161949181133,1.2383456971488442,0.696402504502031,0.807050384267621
station_v0_bogota_grid_spawn1.6__MPC_TrackingG2V__seed4__2022-01-17,station_v0_bogota_grid_spawn1.6,1.6,MPC_TrackingG2V,4,2022-01-17,214.36871646952451,16.0,35.0,74.0,24.0,453.3868353931599,1085.1256447907565,215.6481845821084,1.279468112583885,0.6795852084432756,0.8351990856297616
station_v0_bogota_grid_spawn1.6__ChargeAsFastAsPossible__seed4__2022-03-05,station_v0_bogota_grid_spawn1.6,1.6,ChargeAsFastAsPossible,4,2022-03-05,200.81435701078408,15.0,24.0,75.0,20.0,356.5066090843587,1117.4744049747787,200.85676924094696,0.042412230162881315,0.6397065813434577,0.8476753330738398
station_v0_bogota_grid_spawn1.6__TD3_vanilla_extended_ts102__seed4__2022-03-05,station_v0_bogota_grid_spawn1.6,1.6,TD3_vanilla_extended_ts102,4,2022-03-05,177.2787098097498,15.0,24.0,75.0,20.0,356.5066090843587,1117.4744049747787,200.85676924094696,23.578059431197147,0.6819333370225825,0.8655279392029754
station_v0_bogota_grid_spawn1.6__RoundRobin__seed5__2022-01-17,station_v0_bogota_grid_spawn1.6,1.6,RoundRobin,5,2022-01-17,188.9503824416052,15.0,23.0,55.0,19.0,345.8335521243158,812.4864422201624,189.12693544760768,0.1765530060024787,0.6467956291515801,0.8113539748424975
station_v0_bogota_grid_spawn1.6__Optimal_Oracle_Tracking__seed5__2022-01-17,station_v0_bogota_grid_spawn1.6,1.6,Optimal_Oracle_Tracking,5,2022-01-17,187.9044740715185,15.0,23.0,55.0,19.0,345.8335521243158,812.4864422201624,189.12693544760768,1.2224613760891714,0.6487507424625348,0.8123981984854785
station_v0_bogota_grid_spawn1.6__MPC_TrackingG2V__seed5__2022-03-05,station_v0_bogota_grid_spawn1.6,1.6,MPC_TrackingG2V,5,2022-03-05,179.86381578164807,15.0,35.0,73.0,12.0,487.5036697608636,1089.3831562599946,181.1016405626724,1.2378247810243295,0.7309865581315641,0.8584289900741305
station_v0_bogota_grid_spawn1.6__ChargeAsFastAsPossible__seed6__2022-01-17,station_v0_bogota_grid_spawn1.6,1.6,ChargeAsFastAsPossible,6,2022-01-17,192.46489879411925,14.0,23.0,51.0,22.0,292.2394969589893,725.342008034445,192.53006302483013,0.06516423071087729,0.60297651774888,0.790314026472116
station_v0_bogota_grid_spawn1.6__TD3_vanilla_extended_ts102__seed6__2022-01-17,station_v0_bogota_grid_spawn1.6,1.6,TD3_vanilla_extended_ts102,6,2022-01-17,192.4397928593446,14.0,23.0,51.0,22.0,292.2394969589893,725.342008034445,192.53006302483013,0.09027016548552069,0.6030283071697657,0.7903413787966569
station_v0_bogota_grid_spawn1.6__RoundRobin__seed6__2022-03-05,station_v0_bogota_grid_spawn1.6,1.6,RoundRobin,6,2022-03-05,164.98270105071526,13.0,13.0,53.0,19.0,178.83840610144338,768.3519451973079,165.12469165701012,0.14199060629485416,0.5203476706487461,0.8232599568783175
station_v0_bogota_grid_spawn1.6__Optimal_Oracle_Tracking__seed6__2022-03-05,station_v0_bogota_grid_spawn1.6,1.6,Optimal_Oracle_Tracking,6,2022-03-05,164.12209265246804,13.0,13.0,53.0,19.0,178.83840610144338,768.3519451973079,165.12469165701012,1.002599004542077,0.5228497076517143,0.8241818957509897
station_v0_bogota_grid_spawn1.6__MPC_TrackingG2V__seed7__2022-01-17,station_v0_bogota_grid_spawn1.6,1.6,MPC_TrackingG2V,7,2022-01-17,243.7348838788157,16.0,26.0,53.0,28.0,367.244619707932,777.1766117805794,245.08904652796417,1.3541626491484635,0.6019574011386808,0.7615738317160109
station_v0_bogota_grid_spawn1.6__ChargeAsFastAsPossible__seed7__2022-03-05,station_v0_bogota_grid_spawn1.6,1.6,ChargeAsFastAsPossible,7,2022-03-05,231.63809270548904,16.0,39.0,57.0,23.0,562.6881843933461,841.8940941130006,231.6959360557911,0.05784335030205057,0.7084054341688967,0.7842397133018546
station_v0_bogota_grid_spawn1.6__TD3_vanilla_extended_ts102__seed7__2022-03-05,station_v0_bogota_grid_spawn1.6,1.6,TD3_vanilla_extended_ts102,7,2022-03-05,231.60020752974324,16.0,39.0,57.0,23.0,562.6881843933461,841.8940941130006,231.6959360557911,0.09572852604784998,0.7084531254240094,0.7842750016099436
station_v0_bogota_grid_spawn1.6__RoundRobin__seed8__2022-01-17,station_v0_bogota_grid_spawn1.6,1.6,RoundRobin,8,2022-01-17,298.4048516575136,15.0,16.0,61.0,11.0,243.67218693733705,947.7896410035174,298.6154293944592,0.21057773694565185,0.44972954817589655,0.7605875820432655
station_v0_bogota_grid_spawn1.6__Optimal_Oracle_Tracking__seed8__2022-01-17,station_v0_bogota_grid_spawn1.6,1.6,Optimal_Oracle_Tracking,8,2022-01-17,297.2909322004787,15.0,16.0,61.0,11.0,243.67218693733705,947.7896410035174,298.6154293944592,1.3244971939805055,0.4517836600963748,0.7614812878564801
station_v0_bogota_grid_spawn1.6__MPC_TrackingG2V__seed8__2022-03-05,station_v0_bogota_grid_spawn1.6,1.6,MPC_TrackingG2V,8,2022-03-05,307.8342068893696,16.0,40.0,68.0,8.0,595.4588492497635,1057.8147752093723,308.97800431327335,1.1437974239037203,0.6596399121987853,0.774776241503938
station_v0_bogota_grid_spawn1.6__ChargeAsFastAsPossible__seed9__2022-01-17,station_v0_bogota_grid_spawn1.6,1.6,ChargeAsFastAsPossible,9,2022-01-17,243.01432066702068,16.0,20.0,59.0,5.0,306.55958252835205,919.9279444682212,243.0688827465504,0.05456207952971681,0.5578571052620528,0.7910447260213006
station_v0_bogota_grid_spawn1.6__TD3_vanilla_extended_ts102__seed9__2022-01-17,station_v0_bogota_grid_spawn1.6,1.6,TD3_vanilla_extended_ts102,9,2022-01-17,242.94931781359,16.0,20.0,59.0,5.0,306.55958252835205,919.9279444682212,243.0688827465504,0.11956493296040094,0.5579753721596709,0.7911006185671009
station_v0_bogota_grid_spawn1.6__RoundRobin__seed9__2022-03-05,station_v0_bogota_grid_spawn1.6,1.6,RoundRobin,9,2022-03-05,225.715486401782,15.0,21.0,59.0,7.0,313.5795887090975,913.268067134558,225.88480193422427,0.16931553244228326,0.581593353858608,0.801856719558371
station_v0_bogota_grid_spawn1.6__Optimal_Oracle_Tracking__seed9__2022-03-05,station_v0_bogota_grid_spawn1.6,1.6,Optimal_Oracle_Tracking,9,2022-03-05,224.7965344958071,15.0,21.0,59.0,7.0,313.5795887090975,913.268067134558,225.88480193422427,1.0882674384171764,0.5832968062493746,0.8026634171763353
station_v0_bogota_grid_spawn1.6__MPC_TrackingG2V__seed10__2022-01-17,station_v0_bogota_grid_spawn1.6,1.6,MPC_TrackingG2V,10,2022-01-17,225.49654347283789,15.0,43.0,79.0,15.0,579.9851410440159,1191.0426881084627,226.67033282168643,1.173789348848544,0.7204549516137293,0.840943448960572
station_v0_bogota_grid_spawn1.6__ChargeAsFastAsPossible__seed10__2022-03-05,station_v0_bogota_grid_spawn1.6,1.6,ChargeAsFastAsPossible,10,2022-03-05,215.48179537625623,15.0,45.0,75.0,17.0,630.4098848964269,1116.180155597452,215.5275862861067,0.04579090985046719,0.7452745590344464,0.838191377432799
station_v0_bogota_grid_spawn1.6__TD3_vanilla_extended_ts102__seed10__2022-03-05,station_v0_bogota_grid_spawn1.6,1.6,TD3_vanilla_extended_ts102,10,2022-03-05,215.41496081708308,15.0,45.0,75.0,17.0,630.4098848964269,1116.180155597452,215.5275862861067,0.11262546902361237,0.7453535655348674,0.8382415645399782
station_v0_bogota_grid_spawn1.6__RoundRobin__seed11__2022-01-17,station_v0_bogota_grid_spawn1.6,1.6,RoundRobin,11,2022-01-17,227.21246975944308,15.0,29.0,54.0,12.0,430.4069968849572,780.0504672040614,227.3276347728994,0.11516501345630559,0.654552978019811,0.7744516489751535
station_v0_bogota_grid_spawn1.6__Optimal_Oracle_Tracking__seed11__2022-01-17,station_v0_bogota_grid_spawn1.6,1.6,Optimal_Oracle_Tracking,11,2022-01-17,226.18367959810155,15.0,29.0,54.0,12.0,430.4069968849572,780.0504672040614,227.3276347728994,1.1439551747978385,0.6561171197143854,0.775472904211219
station_v0_bogota_grid_spawn1.6__MPC_TrackingG2V__seed11__2022-03-05,station_v0_bogota_grid_spawn1.6,1.6,MPC_TrackingG2V,11,2022-03-05,212.2433398411924,14.0,18.0,53.0,10.0,253.9640666395257,788.0438279967833,213.2747622288194,1.0314223876270034,0.5457497820648877,0.7880361536148323
station_v0_bogota_grid_spawn1.6__ChargeAsFastAsPossible__seed12__2022-01-17,station_v0_bogota_grid_spawn1.6,1.6,ChargeAsFastAsPossible,12,2022-01-17,258.1422376311851,17.0,34.0,62.0,10.0,485.40513987444825,903.3831006708168,258.22056542188074,0.07832779069565277,0.652859986156184,0.7777708136033165
station_v0_bogota_grid_spawn1.6__TD3_vanilla_extended_ts102__seed12__2022-01-17,station_v0_bogota_grid_spawn1.6,1.6,TD3_vanilla_extended_ts102,12,2022-01-17,258.06022545271304,17.0,34.0,62.0,10.0,485.40513987444825,903.3831006708168,258.22056542188074,0.1603399691676941,0.6529702730624702,0.7778414161512129
station_v0_bogota_grid_spawn1.6__RoundRobin__seed12__2022-03-05,station_v0_bogota_grid_spawn1.6,1.6,RoundRobin,12,2022-03-05,250.5797085937548,17.0,23.0,62.0,5.0,338.24789615459645,928.9535029916636,250.79660946533207,0.21690087157728044,0.5745997013756422,0.7875993348524568
station_v0_bogota_grid_spawn1.6__Optimal_Oracle_Tracking__seed12__2022-03-05,station_v0_bogota_grid_spawn1.6,1.6,Optimal_Oracle_Tracking,12,2022-03-05,249.5290450364312,17.0,23.0,62.0,5.0,338.24789615459645,928.9535029916636,250.79660946533207,1.2675644289008687,0.5763833756944746,0.7884899162952808
station_v0_bogota_grid_spawn1.6__MPC_TrackingG2V__seed13__2022-01-17,station_v0_bogota_grid_spawn1.6,1.6,MPC_TrackingG2V,13,2022-01-17,257.94348587242706,16.0,23.0,78.0,13.0,347.0853334757633,1180.060761331848,258.9708002837795,1.0273144113524495,0.5743901076087978,0.8207520302175797
station_v0_bogota_grid_spawn1.6__ChargeAsFastAsPossible__seed13__2022-03-05,station_v0_bogota_grid_spawn1.6,1.6,ChargeAsFastAsPossible,13,2022-03-05,250.8348007074834,16.0,35.0,75.0,14.0,518.4445053709563,1138.0534499086586,250.89791273815976,0.06311203067636484,0.6739620813785581,0.8194070667604324
station_v0_bogota_grid_spawn1.6__TD3_vanilla_extended_ts102__seed13__2022-03-05,station_v0_bogota_grid_spawn1.6,1.6,TD3_vanilla_extended_ts102,13,2022-03-05,250.8158796802706,16.0,35.0,75.0,14.0,518.4445053709563,1138.0534499086586,250.89791273815976,0.08203305788916282,0.6739866751443083,0.8194206892872692
station_v0_bogota_grid_spawn1.6__RoundRobin__seed14__2022-01-17,station_v0_bogota_grid_spawn1.6,1.6,RoundRobin,14,2022-01-17,343.858150415713,16.0,14.0,53.0,18.0,181.6113430521958,811.0050830409815,344.0846349270756,0.22648451136262793,0.34589921776180765,0.702310439555638
station_v0_bogota_grid_spawn1.6__Optimal_Oracle_Tracking__seed14__2022-01-17,station_v0_bogota_grid_spawn1.6,1.6,Optimal_Oracle_Tracking,14,2022-01-17,342.9155822794387,16.0,14.0,53.0,18.0,181.6113430521958,811.0050830409815,344.0846349270756,1.1690526476369314,0.34769220872190104,0.7031264524779349
station_v0_bogota_grid_spawn1.6__MPC_TrackingG2V__seed14__2022-03-05,station_v0_bogota_grid_spawn1.6,1.6,MPC_TrackingG2V,14,2022-03-05,353.41279015837665,17.0,36.0,64.0,8.0,528.50083375668,977.168640516172,354.5368588251669,1.124068666790265,0.5997760988830955,0.7346164070560838
station_v0_bogota_grid_spawn1.6__ChargeAsFastAsPossible__seed15__2022-01-17,station_v0_bogota_grid_spawn1.6,1.6,ChargeAsFastAsPossible,15,2022-01-17,204.3042950291088,15.0,34.0,75.0,22.0,480.5823193275777,1104.299982823377,204.36375049077245,0.05945546166364579,0.7017220712233725,0.8438832758727755
station_v0_bogota_grid_spawn1.6__TD3_vanilla_extended_ts102__seed15__2022-01-17,station_v0_bogota_grid_spawn1.6,1.6,TD3_vanilla_extended_ts102,15,2022-01-17,204.22754339662828,15.0,34.0,75.0,22.0,480.5823193275777,1104.299982823377,204.36375049077245,0.13620709414416865,0.7018341262242879,0.8439419247300233
station_v0_bogota_grid_spawn1.6__RoundRobin__seed15__2022-03-05,station_v0_bogota_grid_spawn1.6,1.6,RoundRobin,15,2022-03-05,195.24380595288807,15.0,43.0,78.0,19.0,604.5093741884511,1144.9519453031269,195.3457353167857,0.10192936389762508,0.7559010330337712,0.8543280281865561
station_v0_bogota_grid_spawn1.6__Optimal_Oracle_Tracking__seed15__2022-03-05,station_v0_bogota_grid_spawn1.6,1.6,Optimal_Oracle_Tracking,15,2022-03-05,194.0733268232464,15.0,43.0,78.0,19.0,604.5093741884511,1144.9519453031269,195.3457353167857,1.2724084935393023,0.7573643969802312,0.855201326071471
station_v0_bogota_grid_spawn1.6__MPC_TrackingG2V__seed16__2022-01-17,station_v0_bogota_grid_spawn1.6,1.6,MPC_TrackingG2V,16,2022-01-17,225.39948265702057,16.0,52.0,71.0,13.0,767.5919428931007,1060.3199848313309,226.76488836096337,1.3654057039427983,0.7733213313647667,0.8248759756627602
station_v0_bogota_grid_spawn1.6__ChargeAsFastAsPossible__seed16__2022-03-05,station_v0_bogota_grid_spawn1.6,1.6,ChargeAsFastAsPossible,16,2022-03-05,215.3185094642293,16.0,40.0,74.0,13.0,608.303654384038,1131.111602506999,215.3757219290227,0.0572124647933947,0.7385894127542268,0.8400887215522688
station_v0_bogota_grid_spawn1.6__TD3_vanilla_extended_ts102__seed16__2022-03-05,station_v0_bogota_grid_spawn1.6,1.6,TD3_vanilla_extended_ts102,16,2022-03-05,215.3006189483407,16.0,40.0,74.0,13.0,608.303654384038,1131.111602506999,215.3757219290227,0.07510298068197585,0.7386111329968397,0.840102008358289
station_v0_bogota_grid_spawn1.6__RoundRobin__seed17__2022-01-17,station_v0_bogota_grid_spawn1.6,1.6,RoundRobin,17,2022-01-17,220.47156320218332,15.0,21.0,57.0,14.0,269.2771219617852,835.5165387647761,220.6752679468704,0.2037047446870872,0.5500143121185979,0.7912580254825108
station_v0_bogota_grid_spawn1.6__Optimal_Oracle_Tracking__seed17__2022-01-17,station_v0_bogota_grid_spawn1.6,1.6,Optimal_Oracle_Tracking,17,2022-01-17,219.22471005883165,15.0,21.0,57.0,14.0,269.2771219617852,835.5165387647761,220.6752679468704,1.4505578880387588,0.5525591576363106,0.7924385432023308
station_v0_bogota_grid_spawn1.6__MPC_TrackingG2V__seed17__2022-03-05,station_v0_bogota_grid_spawn1.6,1.6,MPC_TrackingG2V,17,2022-03-05,214.7382953480533,15.0,26.0,57.0,12.0,371.04610993420056,840.1531696134515,215.79015077776697,1.0518554297136689,0.634074596740961,0.7966384263233992
station_v0_bogota_grid_spawn1.6__ChargeAsFastAsPossible__seed18__2022-01-17,station_v0_bogota_grid_spawn1.6,1.6,ChargeAsFastAsPossible,18,2022-01-17,223.11627510192235,15.0,35.0,65.0,15.0,475.3551582433568,944.2571607289724,223.1803009969928,0.06402589507044354,0.6805942029849721,0.8088837454538572
station_v0_bogota_grid_spawn1.6__TD3_vanilla_extended_ts102__seed18__2022-01-17,station_v0_bogota_grid_spawn1.6,1.6,TD3_vanilla_extended_ts102,18,2022-01-17,223.10012542289252,15.0,35.0,65.0,15.0,475.3551582433568,944.2571607289724,223.1803009969928,0.08017557410028076,0.6806173223253238,0.8088975788963836
station_v0_bogota_grid_spawn1.6__RoundRobin__seed18__2022-03-05,station_v0_bogota_grid_spawn1.6,1.6,RoundRobin,18,2022-03-05,250.7443946224972,16.0,53.0,72.0,7.0,778.6739066346798,1082.0278564306743,250.9508372742196,0.20644265172239784,0.7564701158301972,0.8118916710322085
station_v0_bogota_grid_spawn1.6__Optimal_Oracle_Tracking__seed18__2022-03-05,station_v0_bogota_grid_spawn1.6,1.6,Optimal_Oracle_Tracking,18,2022-03-05,249.77857990046363,16.0,53.0,72.0,7.0,778.6739066346798,1082.0278564306743,250.9508372742196,1.1722573737559685,0.7574081417738695,0.8126162247903402
station_v0_bogota_grid_spawn1.6__MPC_TrackingG2V__seed19__2022-01-17,station_v0_bogota_grid_spawn1.6,1.6,MPC_TrackingG2V,19,2022-01-17,251.2616685349676,17.0,42.0,71.0,9.0,601.3021607862412,1047.564998716548,252.69319741824413,1.4315288832765134,0.7057809903519356,0.806760173262603
station_v0_bogota_grid_spawn1.6__ChargeAsFastAsPossible__seed19__2022-03-05,station_v0_bogota_grid_spawn1.6,1.6,ChargeAsFastAsPossible,19,2022-03-05,204.2889439755157,16.0,34.0,62.0,6.0,475.8866618747039,925.4742243918852,204.326894786023,0.037950810507282995,0.6996694023882711,0.8191814997278768
station_v0_bogota_grid_spawn1.6__TD3_vanilla_extended_ts102__seed19__2022-03-05,station_v0_bogota_grid_spawn1.6,1.6,TD3_vanilla_extended_ts102,19,2022-03-05,204.2756674820978,16.0,34.0,62.0,6.0,475.8866618747039,925.4742243918852,204.326894786023,0.05122730392520225,0.6996889205135539,0.8191932509053119
station_v0_bogota_grid_spawn1.6__RoundRobin__seed20__2022-01-17,station_v0_bogota_grid_spawn1.6,1.6,RoundRobin,20,2022-01-17,283.72407370109545,16.0,38.0,67.0,16.0,504.3888621178186,984.1902533172116,283.9408640554662,0.2167903543707439,0.6400946656187245,0.7762659792711997
station_v0_bogota_grid_spawn1.6__Optimal_Oracle_Tracking__seed20__2022-01-17,station_v0_bogota_grid_spawn1.6,1.6,Optimal_Oracle_Tracking,20,2022-01-17,282.55440039124403,16.0,38.0,67.0,16.0,504.3888621178186,984.1902533172116,283.9408640554662,1.3864636642221626,0.6415784017649298,0.7771883391863753
station_v0_bogota_grid_spawn1.6__MPC_TrackingG2V__seed20__2022-03-05,station_v0_bogota_grid_spawn1.6,1.6,MPC_TrackingG2V,20,2022-03-05,277.87195428097823,16.0,39.0,65.0,11.0,556.5904983376004,988.612839175782,279.25270630037915,1.3807520194009157,0.6675549280784904,0.7808348406718314
station_v0_bogota_grid_spawn1.6__ChargeAsFastAsPossible__seed21__2022-01-17,station_v0_bogota_grid_spawn1.6,1.6,ChargeAsFastAsPossible,21,2022-01-17,191.61083691754484,14.0,18.0,66.0,13.0,273.34184174199606,1022.5577753098046,191.65593829622185,0.04510137867700337,0.587931716788419,0.8421934830990416
station_v0_bogota_grid_spawn1.6__TD3_vanilla_extended_ts102__seed21__2022-01-17,station_v0_bogota_grid_spawn1.6,1.6,TD3_vanilla_extended_ts102,21,2022-01-17,191.59296949305056,14.0,18.0,66.0,13.0,273.34184174199606,1022.5577753098046,191.65593829622185,0.06296880317128739,0.587970141540668,0.8422081983211596
station_v0_bogota_grid_spawn1.6__RoundRobin__seed21__2022-03-05,station_v0_bogota_grid_spawn1.6,1.6,RoundRobin,21,2022-03-05,209.2098085999263,16.0,21.0,56.0,14.0,303.3464271771993,864.285594203764,209.3751646263008,0.16535602637449642,0.5919621643706675,0.8051434711762253
station_v0_bogota_grid_spawn1.6__Optimal_Oracle_Tracking__seed21__2022-03-05,station_v0_bogota_grid_spawn1.6,1.6,Optimal_Oracle_Tracking,21,2022-03-05,208.1819953235021,16.0,21.0,56.0,14.0,303.3464271771993,864.285594203764,209.3751646263008,1.193169302798708,0.5939667869433368,0.806100769156962
station_v0_bogota_grid_spawn1.6__MPC_TrackingG2V__seed22__2022-01-17,station_v0_bogota_grid_spawn1.6,1.6,MPC_TrackingG2V,22,2022-01-17,219.40481653905687,16.0,35.0,70.0,19.0,510.3411615290737,1033.0120284496782,220.794414427168,1.3895978881111262,0.6999122683202763,0.8250090213002618
station_v0_bogota_grid_spawn1.6__ChargeAsFastAsPossible__seed22__2022-03-05,station_v0_bogota_grid_spawn1.6,1.6,ChargeAsFastAsPossible,22,2022-03-05,200.32288612895437,15.0,32.0,70.0,18.0,458.5694344847444,1048.620355138475,200.35488483128407,0.0319987023297017,0.6959849860498517,0.8396102022536454
station_v0_bogota_grid_spawn1.6__TD3_vanilla_extended_ts102__seed22__2022-03-05,station_v0_bogota_grid_spawn1.6,1.6,TD3_vanilla_extended_ts102,22,2022-03-05,200.25373138964767,15.0,32.0,70.0,18.0,458.5694344847444,1048.620355138475,200.35488483128407,0.10115344163639861,0.6960899370089823,0.8396655714371917
station_v0_bogota_grid_spawn1.6__RoundRobin__seed23__2022-01-17,station_v0_bogota_grid_spawn1.6,1.6,RoundRobin,23,2022-01-17,232.09504671915167,15.0,37.0,73.0,19.0,510.2630984558135,1078.0421068848948,240.03469490723373,7.93964818808206,0.6906627624761684,0.8239138672317252
station_v0_bogota_grid_spawn1.6__Optimal_Oracle_Tracking__seed23__2022-01-17,station_v0_bogota_grid_spawn1.6,1.6,Optimal_Oracle_Tracking,23,2022-01-17,238.72558115995264,15.0,37.0,73.0,19.0,510.2630984558135,1078.0421068848948,240.03469490723373,1.3091137472810885,0.6818255587692496,0.8188834058566477
station_v0_bogota_grid_spawn1.6__MPC_TrackingG2V__seed23__2022-03-05,station_v0_bogota_grid_spawn1.6,1.6,MPC_TrackingG2V,23,2022-03-05,243.7276034631464,16.0,35.0,76.0,12.0,534.0714314611141,1154.012360130616,244.82016348917657,1.0925600260301565,0.6870840498943872,0.8257635568606551
station_v0_bogota_grid_spawn1.6__ChargeAsFastAsPossible__seed24__2022-01-17,station_v0_bogota_grid_spawn1.6,1.6,ChargeAsFastAsPossible,24,2022-01-17,241.4927406180343,16.0,15.0,64.0,7.0,231.7847497563156,990.5678686215324,241.55584625174689,0.06310563371258127,0.48981189727930935,0.8040028467085619
station_v0_bogota_grid_spawn1.6__TD3_vanilla_extended_ts102__seed24__2022-01-17,station_v0_bogota_grid_spawn1.6,1.6,TD3_vanilla_extended_ts102,24,2022-01-17,241.4895316897876,16.0,15.0,64.0,7.0,231.7847497563156,990.5678686215324,241.55584625174689,0.06631456195927399,0.4898186766011629,0.8040054510965856
station_v0_bogota_grid_spawn1.6__RoundRobin__seed24__2022-03-05,station_v0_bogota_grid_spawn1.6,1.6,RoundRobin,24,2022-03-05,237.4913278969653,16.0,31.0,70.0,7.0,457.4550266784229,1067.2291555690283,237.635307410207,0.14397951324170322,0.6583302683839607,0.8179954051666556
station_v0_bogota_grid_spawn1.6__Optimal_Oracle_Tracking__seed24__2022-03-05,station_v0_bogota_grid_spawn1.6,1.6,Optimal_Oracle_Tracking,24,2022-03-05,236.453336720506,16.0,31.0,70.0,7.0,457.4550266784229,1067.2291555690283,237.635307410207,1.1819706897009894,0.6598235867708726,0.8187908833223633
station_v0_bogota_grid_spawn1.6__MPC_TrackingG2V__seed25__2022-01-17,station_v0_bogota_grid_spawn1.6,1.6,MPC_TrackingG2V,25,2022-01-17,249.6922463429617,14.0,17.0,59.0,21.0,225.42763811831605,868.4453910367968,250.8730033837034,1.180757040741696,0.4757675623623886,0.7769247359932526
station_v0_bogota_grid_spawn1.6__ChargeAsFastAsPossible__seed25__2022-03-05,station_v0_bogota_grid_spawn1.6,1.6,ChargeAsFastAsPossible,25,2022-03-05,276.2698620901114,16.0,28.0,59.0,14.0,399.214600910769,870.8220225472078,276.35045906468827,0.08059697457684933,0.5910536549949044,0.7591732136897812
station_v0_bogota_grid_spawn1.6__TD3_vanilla_extended_ts102__seed25__2022-03-05,station_v0_bogota_grid_spawn1.6,1.6,TD3_vanilla_extended_ts102,25,2022-03-05,276.2575082610389,16.0,28.0,59.0,14.0,399.214600910769,870.8220225472078,276.35045906468827,0.09295080364938713,0.5910719416556636,0.759183982627557
station_v0_bogota_grid_spawn1.6__RoundRobin__seed26__2022-01-17,station_v0_bogota_grid_spawn1.6,1.6,RoundRobin,26,2022-01-17,281.08673177390426,15.0,20.0,56.0,17.0,280.82345363290574,826.3319750150798,281.2781454242965,0.191413650392235,0.49993607517686595,0.7462223154277424
station_v0_bogota_grid_spawn1.6__Optimal_Oracle_Tracking__seed26__2022-01-17,station_v0_bogota_grid_spawn1.6,1.6,Optimal_Oracle_Tracking,26,2022-01-17,280.2313386628037,15.0,20.0,56.0,17.0,280.82345363290574,826.3319750150798,281.2781454242965,1.0468067614928032,0.5014578518672993,0.7469946026209664
station_v0_bogota_grid_spawn1.6__MPC_TrackingG2V__seed26__2022-03-05,station_v0_bogota_grid_spawn1.6,1.6,MPC_TrackingG2V,26,2022-03-05,212.9259179078323,15.0,24.0,54.0,16.0,333.75051701033635,805.2326953736504,214.1445931297233,1.2186752218910044,0.6113746701382285,0.791121579508167
station_v0_bogota_grid_spawn1.6__ChargeAsFastAsPossible__seed27__2022-01-17,station_v0_bogota_grid_spawn1.6,1.6,ChargeAsFastAsPossible,27,2022-01-17,254.07317241303545,14.0,39.0,65.0,26.0,526.1760563568707,951.7126685818096,254.13488304834016,0.06171063530470633,0.6743949628507044,0.7892990933476115
station_v0_bogota_grid_spawn1.6__TD3_vanilla_extended_ts102__seed27__2022-01-17,station_v0_bogota_grid_spawn1.6,1.6,TD3_vanilla_extended_ts102,27,2022-01-17,254.01179835842828,14.0,39.0,65.0,26.0,526.1760563568707,951.7126685818096,254.13488304834016,0.12308468991187738,0.6744736161817135,0.7893499903739596
station_v0_bogota_grid_spawn1.6__RoundRobin__seed27__2022-03-05,station_v0_bogota_grid_spawn1.6,1.6,RoundRobin,27,2022-03-05,284.30514197326085,16.0,58.0,78.0,11.0,821.247401759901,1185.206750641083,284.5012366518222,0.19609467856133733,0.7428844747377384,0.8065567143736286
station_v0_bogota_grid_spawn1.6__Optimal_Oracle_Tracking__seed27__2022-03-05,station_v0_bogota_grid_spawn1.6,1.6,Optimal_Oracle_Tracking,27,2022-03-05,283.2235508249853,16.0,58.0,78.0,11.0,821.247401759901,1185.206750641083,284.5012366518222,1.277685826836887,0.7438626275571976,0.8072926368545752
station_v0_bogota_grid_spawn1.6__MPC_TrackingG2V__seed28__2022-01-17,station_v0_bogota_grid_spawn1.6,1.6,MPC_TrackingG2V,28,2022-01-17,214.73156270111377,15.0,36.0,67.0,24.0,476.17220422613167,972.1726350439408,216.03240131597852,1.3008386148647446,0.6897859953807391,0.8192807166017857
station_v0_bogota_grid_spawn1.6__ChargeAsFastAsPossible__seed28__2022-03-05,station_v0_bogota_grid_spawn1.6,1.6,ChargeAsFastAsPossible,28,2022-03-05,218.5064139197703,16.0,40.0,68.0,13.0,573.1470122327421,1009.9679475573588,218.5429978394613,0.03658391969099739,0.7240000364538615,0.822137185884664
station_v0_bogota_grid_spawn1.6__TD3_vanilla_extended_ts102__seed28__2022-03-05,station_v0_bogota_grid_spawn1.6,1.6,TD3_vanilla_extended_ts102,28,2022-03-05,218.50352330068483,16.0,40.0,68.0,13.0,573.1470122327421,1009.9679475573588,218.5429978394613,0.03947453877646012,0.7240036876545191,0.8221395388299888
station_v0_bogota_grid_spawn1.6__RoundRobin__seed29__2022-01-17,station_v0_bogota_grid_spawn1.6,1.6,RoundRobin,29,2022-01-17,258.32566481208653,17.0,40.0,67.0,17.0,585.1561383475158,1027.1405932013956,258.41950097233763,0.09383616025110086,0.6937729673887149,0.7990559399106737
station_v0_bogota_grid_spawn1.6__Optimal_Oracle_Tracking__seed29__2022-01-17,station_v0_bogota_grid_spawn1.6,1.6,Optimal_Oracle_Tracking,29,2022-01-17,257.2367048095905,17.0,40.0,67.0,17.0,585.1561383475158,1027.1405932013956,258.41950097233763,1.1827961627471382,0.6950638534121354,0.7999030103879166
station_v0_bogota_grid_spawn1.6__MPC_TrackingG2V__seed29__2022-03-05,station_v0_bogota_grid_spawn1.6,1.6,MPC_TrackingG2V,29,2022-03-05,233.7712871507628,15.0,39.0,65.0,19.0,547.047906735069,969.5380871549684,234.9019754062545,1.1306882554917195,0.7010405749910801,0.805908741815137
station_v0_bogota_grid_spawn1.6__ChargeAsFastAsPossible__seed30__2022-01-17,station_v0_bogota_grid_spawn1.6,1.6,ChargeAsFastAsPossible,30,2022-01-17,239.15912759564816,16.0,44.0,62.0,8.0,639.3257692095902,919.1583067770993,239.2017045189691,0.042576923320950755,0.7277727393309255,0.7935364435379142
station_v0_bogota_grid_spawn1.6__TD3_vanilla_extended_ts102__seed30__2022-01-17,station_v0_bogota_grid_spawn1.6,1.6,TD3_vanilla_extended_ts102,30,2022-01-17,239.10698671395969,16.0,44.0,62.0,8.0,639.3257692095902,919.1583067770993,239.2017045189691,0.09471780500942373,0.727832089645227,0.7935814562120225
station_v0_bogota_grid_spawn1.6__RoundRobin__seed30__2022-03-05,station_v0_bogota_grid_spawn1.6,1.6,RoundRobin,30,2022-03-05,226.1224830380947,16.0,33.0,61.0,8.0,489.2429601777917,914.9824218320828,226.309267065931,0.18678402783629622,0.6839888488515938,0.8018714363403192
station_v0_bogota_grid_spawn1.6__Optimal_Oracle_Tracking__seed30__2022-03-05,station_v0_bogota_grid_spawn1.6,1.6,Optimal_Oracle_Tracking,30,2022-03-05,225.40311822713988,16.0,33.0,61.0,8.0,489.2429601777917,914.9824218320828,226.309267065931,0.9061488387911254,0.684994177021315,0.8025017439277243
station_v0_bogota_grid_spawn1.6__MPC_TrackingG2V__seed31__2022-01-17,station_v0_bogota_grid_spawn1.6,1.6,MPC_TrackingG2V,31,2022-01-17,201.0226976899544,14.0,31.0,60.0,24.0,413.4019252336892,871.2661929250356,202.34965559395224,1.3269579039978225,0.6735327948005321,0.8127610560450859
station_v0_bogota_grid_spawn1.6__ChargeAsFastAsPossible__seed31__2022-03-05,station_v0_bogota_grid_spawn1.6,1.6,ChargeAsFastAsPossible,31,2022-03-05,222.4084457515558,15.0,28.0,64.0,15.0,391.48770416791416,945.7346683434546,222.46739950457845,0.05895375302264938,0.6377447725066928,0.8096147474201458
station_v0_bogota_grid_spawn1.6__TD3_vanilla_extended_ts102__seed31__2022-03-05,station_v0_bogota_grid_spawn1.6,1.6,TD3_vanilla_extended_ts102,31,2022-03-05,222.36915664743876,15.0,28.0,64.0,15.0,391.48770416791416,945.7346683434546,222.46739950457845,0.09824285713969516,0.6378087659548815,0.8096483795332864
station_v0_bogota_grid_spawn1.6__RoundRobin__seed32__2022-01-17,station_v0_bogota_grid_spawn1.6,1.6,RoundRobin,32,2022-01-17,248.4281491993837,16.0,21.0,61.0,11.0,321.6543410212165,946.482419713372,248.5939186251516,0.165769425767877,0.5643508857818468,0.7921236148439141
station_v0_bogota_grid_spawn1.6__Optimal_Oracle_Tracking__seed32__2022-01-17,station_v0_bogota_grid_spawn1.6,1.6,Optimal_Oracle_Tracking,32,2022-01-17,246.88605257483576,16.0,21.0,61.0,11.0,321.6543410212165,946.482419713372,248.5939186251516,1.707866050315829,0.5670551406365731,0.7934139898392821
station_v0_bogota_grid_spawn1.6__MPC_TrackingG2V__seed32__2022-03-05,station_v0_bogota_grid_spawn1.6,1.6,MPC_TrackingG2V,32,2022-03-05,239.11365361226692,16.0,36.0,63.0,10.0,515.6049607584031,970.5341800931404,240.4923790483601,1.378725436093191,0.6837528172320014,0.8025529235446536
station_v0_bogota_grid_spawn1.6__ChargeAsFastAsPossible__seed33__2022-01-17,station_v0_bogota_grid_spawn1.6,1.6,ChargeAsFastAsPossible,33,2022-01-17,228.47224736124457,16.0,26.0,46.0,27.0,392.4893401646708,701.5389549889138,228.5022742479716,0.030026886727029023,0.6320848107146465,0.7543418074608264
station_v0_bogota_grid_spawn1.6__TD3_vanilla_extended_ts102__seed33__2022-01-17,station_v0_bogota_grid_spawn1.6,1.6,TD3_vanilla_extended_ts102,33,2022-01-17,228.4230284234984,16.0,26.0,46.0,27.0,392.4893401646708,701.5389549889138,228.5022742479716,0.0792458244731904,0.6321640693336099,0.754394728703669
station_v0_bogota_grid_spawn1.6__RoundRobin__seed33__2022-03-05,station_v0_bogota_grid_spawn1.6,1.6,RoundRobin,33,2022-03-05,228.0803409054185,16.0,37.0,56.0,21.0,575.000647097485,855.2307514444225,228.2283727757999,0.1480318703814021,0.7160456914997918,0.789488744146605
station_v0_bogota_grid_spawn1.6__Optimal_Oracle_Tracking__seed33__2022-03-05,station_v0_bogota_grid_spawn1.6,1.6,Optimal_Oracle_Tracking,33,2022-03-05,227.3398487852789,16.0,37.0,56.0,21.0,575.000647097485,855.2307514444225,228.2283727757999,0.8885239905210085,0.7169675856318745,0.790172195975646
station_v0_bogota_grid_spawn1.6__MPC_TrackingG2V__seed34__2022-01-17,station_v0_bogota_grid_spawn1.6,1.6,MPC_TrackingG2V,34,2022-01-17,224.5869518126775,16.0,21.0,65.0,17.0,301.89065075683243,971.6654380802185,225.82988656283013,1.2429347501526138,0.574420671680936,0.8124527526822514
station_v0_bogota_grid_spawn1.6__ChargeAsFastAsPossible__seed34__2022-03-05,station_v0_bogota_grid_spawn1.6,1.6,ChargeAsFastAsPossible,34,2022-03-05,174.4857452221341,14.0,31.0,66.0,16.0,484.9696685883298,988.5086169881016,174.5237827815604,0.03803755942630005,0.7354245976822137,0.8499734441992408
station_v0_bogota_grid_spawn1.6__TD3_vanilla_extended_ts102__seed34__2022-03-05,station_v0_bogota_grid_spawn1.6,1.6,TD3_vanilla_extended_ts102,34,2022-03-05,174.4528307681001,14.0,31.0,66.0,16.0,484.9696685883298,988.5086169881016,174.5237827815604,0.07095201346029967,0.7354745063719295,0.8500017447470506
station_v0_bogota_grid_spawn1.6__RoundRobin__seed35__2022-01-17,station_v0_bogota_grid_spawn1.6,1.6,RoundRobin,35,2022-01-17,277.0690292168566,17.0,34.0,64.0,7.0,467.1850351426348,961.720073921694,277.2178837276787,0.14885451082210466,0.6277969602304496,0.7763656949032883
station_v0_bogota_grid_spawn1.6__Optimal_Oracle_Tracking__seed35__2022-01-17,station_v0_bogota_grid_spawn1.6,1.6,Optimal_Oracle_Tracking,35,2022-01-17,275.5512932309072,17.0,34.0,64.0,7.0,467.1850351426348,961.720073921694,277.2178837276787,1.666590496771505,0.6298358237913996,0.7775907247577525
station_v0_bogota_grid_spawn1.6__MPC_TrackingG2V__seed35__2022-03-05,station_v0_bogota_grid_spawn1.6,1.6,MPC_TrackingG2V,35,2022-03-05,253.5294230511208,16.0,32.0,59.0,12.0,485.2892123142468,879.7834283179781,254.72856345119743,1.1991404000766295,0.6574009012298653,0.7765299750990176
station_v0_bogota_grid_spawn1.6__ChargeAsFastAsPossible__seed36__2022-01-17,station_v0_bogota_grid_spawn1.6,1.6,ChargeAsFastAsPossible,36,2022-01-17,305.6717872981883,17.0,26.0,57.0,9.0,351.9878019159543,856.4230902274372,305.76752524787776,0.09573794968946459,0.5352804079653584,0.7369865293799727
station_v0_bogota_grid_spawn1.6__TD3_vanilla_extended_ts102__seed36__2022-01-17,station_v0_bogota_grid_spawn1.6,1.6,TD3_vanilla_extended_ts102,36,2022-01-17,305.6489357433825,17.0,26.0,57.0,9.0,351.9878019159543,856.4230902274372,305.76752524787776,0.11858950449527583,0.535315149690529,0.7370061918643376
station_v0_bogota_grid_spawn1.6__RoundRobin__seed36__2022-03-05,station_v0_bogota_grid_spawn1.6,1.6,RoundRobin,36,2022-03-05,227.71566615323303,15.0,27.0,62.0,10.0,360.8401000829484,927.3585328450428,227.8782429543264,0.16257680109336548,0.6132010003656109,0.8028839880069913
station_v0_bogota_grid_spawn1.6__Optimal_Oracle_Tracking__seed36__2022-03-05,station_v0_bogota_grid_spawn1.6,1.6,Optimal_Oracle_Tracking,36,2022-03-05,226.77673497302604,15.0,27.0,62.0,10.0,360.8401000829484,927.3585328450428,227.8782429543264,1.101507981300358,0.6147958736888421,0.803696748819213
station_v0_bogota_grid_spawn1.6__MPC_TrackingG2V__seed37__2022-01-17,station_v0_bogota_grid_spawn1.6,1.6,MPC_TrackingG2V,37,2022-01-17,233.1560343348886,15.0,27.0,58.0,12.0,384.6296228024264,876.2491809388171,234.2415621196535,1.0855277847649063,0.6232559537179865,0.7900423431781707
station_v0_bogota_grid_spawn1.6__ChargeAsFastAsPossible__seed37__2022-03-05,station_v0_bogota_grid_spawn1.6,1.6,ChargeAsFastAsPossible,37,2022-03-05,257.0603382116836,17.0,33.0,65.0,12.0,506.7546056188579,976.1647320907472,257.13966140458456,0.07932319290097212,0.6634870173678173,0.791567807941441
station_v0_bogota_grid_spawn1.6__TD3_vanilla_extended_ts102__seed37__2022-03-05,station_v0_bogota_grid_spawn1.6,1.6,TD3_vanilla_extended_ts102,37,2022-03-05,257.0243789761647,17.0,33.0,65.0,12.0,506.7546056188579,976.1647320907472,257.13966140458456,0.11528242841984593,0.663534090944713,0.7915969647625052
station_v0_bogota_grid_spawn1.6__RoundRobin__seed38__2022-01-17,station_v0_bogota_grid_spawn1.6,1.6,RoundRobin,38,2022-01-17,255.7505485406808,14.0,13.0,45.0,21.0,194.49108362225385,671.9335556971637,255.8996001789042,0.14905163822339773,0.43215843990771463,0.7243571789594013
station_v0_bogota_grid_spawn1.6__Optimal_Oracle_Tracking__seed38__2022-01-17,station_v0_bogota_grid_spawn1.6,1.6,Optimal_Oracle_Tracking,38,2022-01-17,254.72494515094465,14.0,13.0,45.0,21.0,194.49108362225385,671.9335556971637,255.8996001789042,1.1746550279595454,0.4344355815685509,0.7254625537600764
station_v0_bogota_grid_spawn1.6__MPC_TrackingG2V__seed38__2022-03-05,station_v0_bogota_grid_spawn1.6,1.6,MPC_TrackingG2V,38,2022-03-05,250.9908199385092,14.0,17.0,56.0,15.0,234.19898737808572,840.9296710957174,252.2410116258684,1.2501916873592052,0.48402512035925527,0.7704010691965906
station_v0_bogota_grid_spawn1.6__ChargeAsFastAsPossible__seed39__2022-01-17,station_v0_bogota_grid_spawn1.6,1.6,ChargeAsFastAsPossible,39,2022-01-17,230.93387978727893,14.0,27.0,54.0,11.0,359.57325069961473,814.7700904655916,230.99361626988767,0.059736482608741426,0.6089623500683038,0.7791720268164819
station_v0_bogota_grid_spawn1.6__TD3_vanilla_extended_ts102__seed39__2022-01-17,station_v0_bogota_grid_spawn1.6,1.6,TD3_vanilla_extended_ts102,39,2022-01-17,230.8727459518929,14.0,27.0,54.0,11.0,359.57325069961473,814.7700904655916,230.99361626988767,0.12087031799475767,0.6090658672799951,0.779230485371691
station_v0_bogota_grid_spawn1.6__RoundRobin__seed39__2022-03-05,station_v0_bogota_grid_spawn1.6,1.6,RoundRobin,39,2022-03-05,225.89258363758444,14.0,23.0,56.0,9.0,334.1148695601856,842.2178010101151,226.0174853481533,0.12490171056884947,0.596715701819171,0.7885366767768203
station_v0_bogota_grid_spawn1.6__Optimal_Oracle_Tracking__seed39__2022-03-05,station_v0_bogota_grid_spawn1.6,1.6,Optimal_Oracle_Tracking,39,2022-03-05,224.8167703088916,14.0,23.0,56.0,9.0,334.1148695601856,842.2178010101151,226.0174853481533,1.200715039261695,0.5986363431091549,0.7895437707592334
station_v0_bogota_grid_spawn1.6__MPC_TrackingG2V__seed40__2022-01-17,station_v0_bogota_grid_spawn1.6,1.6,MPC_TrackingG2V,40,2022-01-17,259.5778959977586,16.0,30.0,61.0,21.0,414.4007850383226,910.9011783938932,260.7946594363048,1.2167634385461952,0.6155514701380468,0.778459658542052
station_v0_bogota_grid_spawn1.6__ChargeAsFastAsPossible__seed40__2022-03-05,station_v0_bogota_grid_spawn1.6,1.6,ChargeAsFastAsPossible,40,2022-03-05,252.41318717812203,16.0,40.0,60.0,17.0,589.5893115501684,903.7378994483216,252.47057647808032,0.05738929995828812,0.7002431884397582,0.7816888628360226
station_v0_bogota_grid_spawn1.6__TD3_vanilla_extended_ts102__seed40__2022-03-05,station_v0_bogota_grid_spawn1.6,1.6,TD3_vanilla_extended_ts102,40,2022-03-05,252.36829840170557,16.0,40.0,60.0,17.0,589.5893115501684,903.7378994483216,252.47057647808032,0.10227807637474484,0.7002964967341617,0.7817276869558514
station_v0_bogota_grid_spawn1.6__RoundRobin__seed41__2022-01-17,station_v0_bogota_grid_spawn1.6,1.6,RoundRobin,41,2022-01-17,225.0075786359693,16.0,46.0,76.0,14.0,644.0672618346028,1129.9003174903148,225.15315089472705,0.14557225875773838,0.7411386394741337,0.8339492987652108
station_v0_bogota_grid_spawn1.6__Optimal_Oracle_Tracking__seed41__2022-01-17,station_v0_bogota_grid_spawn1.6,1.6,Optimal_Oracle_Tracking,41,2022-01-17,223.51757602236847,16.0,46.0,76.0,14.0,644.0672618346028,1129.9003174903148,225.15315089472705,1.6355748723585748,0.742852822196698,0.8350488883005055
station_v0_bogota_grid_spawn1.6__MPC_TrackingG2V__seed41__2022-03-05,station_v0_bogota_grid_spawn1.6,1.6,MPC_TrackingG2V,41,2022-03-05,207.33656071795627,15.0,34.0,68.0,16.0,465.6002202920996,994.4681156910516,208.4464307124075,1.1098699944512305,0.6924002805904158,0.8276381632112916
station_v0_bogota_grid_spawn1.6__ChargeAsFastAsPossible__seed42__2022-01-17,station_v0_bogota_grid_spawn1.6,1.6,ChargeAsFastAsPossible,42,2022-01-17,268.33780338806605,16.0,37.0,73.0,10.0,536.3974855092007,1108.4598857613362,268.41959720745075,0.08179381938469987,0.6665853531807567,0.8051116261755284
station_v0_bogota_grid_spawn1.6__TD3_vanilla_extended_ts102__seed42__2022-01-17,station_v0_bogota_grid_spawn1.6,1.6,TD3_vanilla_extended_ts102,42,2022-01-17,254.46137006434049,16.0,37.0,73.0,10.0,536.3974855092007,1108.4598857613362,268.41959720745075,13.958227143110264,0.6838270763271962,0.8151898018585632
station_v0_bogota_grid_spawn1.6__RoundRobin__seed42__2022-03-05,station_v0_bogota_grid_spawn1.6,1.6,RoundRobin,42,2022-03-05,244.659694361363,16.0,46.0,73.0,4.0,687.9726265338702,1136.8934873808705,244.82451559007487,0.16482122871187244,0.7377139323087099,0.8229308051025608
station_v0_bogota_grid_spawn1.6__Optimal_Oracle_Tracking__seed42__2022-03-05,station_v0_bogota_grid_spawn1.6,1.6,Optimal_Oracle_Tracking,42,2022-03-05,243.6048099742552,16.0,46.0,73.0,4.0,687.9726265338702,1136.8934873808705,244.82451559007487,1.219705615819663,0.7388448152622167,0.8236942636265429
station_v0_bogota_grid_spawn1.6__MPC_TrackingG2V__seed43__2022-01-17,station_v0_bogota_grid_spawn1.6,1.6,MPC_TrackingG2V,43,2022-01-17,230.56978572274969,16.0,37.0,71.0,7.0,536.9916441278921,1088.2452586002173,231.69457217345152,1.1247864507018335,0.7000469361449292,0.8253179574196169
station_v0_bogota_grid_spawn1.6__ChargeAsFastAsPossible__seed43__2022-03-05,station_v0_bogota_grid_spawn1.6,1.6,ChargeAsFastAsPossible,43,2022-03-05,226.60562412772848,16.0,39.0,66.0,9.0,557.9704539592816,997.7453144212174,226.65351815014432,0.04789402241584639,0.7111920713835578,0.8149249916778885
station_v0_bogota_grid_spawn1.6__TD3_vanilla_extended_ts102__seed43__2022-03-05,station_v0_bogota_grid_spawn1.6,1.6,TD3_vanilla_extended_ts102,43,2022-03-05,226.5650830975531,16.0,39.0,66.0,9.0,557.9704539592816,997.7453144212174,226.65351815014432,0.08843505259122253,0.7112437407584641,0.8149581026455707
station_v0_bogota_grid_spawn1.6__RoundRobin__seed44__2022-01-17,station_v0_bogota_grid_spawn1.6,1.6,RoundRobin,44,2022-01-17,199.1146328218132,15.0,23.0,49.0,23.0,294.77485230696965,684.040257943557,210.9672072422925,11.8525744204793,0.606292122511479,0.7775274055613974
station_v0_bogota_grid_spawn1.6__Optimal_Oracle_Tracking__seed44__2022-01-17,station_v0_bogota_grid_spawn1.6,1.6,Optimal_Oracle_Tracking,44,2022-01-17,209.79331480012928,15.0,23.0,49.0,23.0,294.77485230696965,684.040257943557,210.9672072422925,1.1738924421632078,0.5851772443306266,0.7655960168370601
station_v0_bogota_grid_spawn1.6__MPC_TrackingG2V__seed44__2022-03-05,station_v0_bogota_grid_spawn1.6,1.6,MPC_TrackingG2V,44,2022-03-05,190.73193942257453,15.0,18.0,50.0,13.0,246.2409600859844,739.3696179219236,191.77607574371552,1.0441363211409964,0.5645558875095199,0.7951642361446998
station_v0_bogota_grid_spawn1.6__ChargeAsFastAsPossible__seed45__2022-01-17,station_v0_bogota_grid_spawn1.6,1.6,ChargeAsFastAsPossible,45,2022-01-17,255.3443869931772,16.0,33.0,74.0,17.0,493.4556930263175,1100.0280430667633,255.4125946695923,0.06820767641508496,0.6590263051746905,0.8116152195203373
station_v0_bogota_grid_spawn1.6__TD3_vanilla_extended_ts102__seed45__2022-01-17,station_v0_bogota_grid_spawn1.6,1.6,TD3_vanilla_extended_ts102,45,2022-01-17,255.3205286028908,16.0,33.0,74.0,17.0,493.4556930263175,1100.0280430667633,255.4125946695923,0.09206606670150563,0.6590581644357627,0.8116328214644006
station_v0_bogota_grid_spawn1.6__RoundRobin__seed45__2022-03-05,station_v0_bogota_grid_spawn1.6,1.6,RoundRobin,45,2022-03-05,230.02991102840275,15.0,45.0,76.0,14.0,663.3256175176302,1126.281249768068,230.1672301813566,0.137319152953836,0.7425498014664593,0.830417509821693
station_v0_bogota_grid_spawn1.6__Optimal_Oracle_Tracking__seed45__2022-03-05,station_v0_bogota_grid_spawn1.6,1.6,Optimal_Oracle_Tracking,45,2022-03-05,229.16997595473757,15.0,45.0,76.0,14.0,663.3256175176302,1126.281249768068,230.1672301813566,0.9972542266190203,0.7435122435004161,0.8310514705554595
station_v0_bogota_grid_spawn1.6__MPC_TrackingG2V__seed46__2022-01-17,station_v0_bogota_grid_spawn1.6,1.6,MPC_TrackingG2V,46,2022-01-17,298.97838081610234,16.0,64.0,85.0,22.0,917.6127172157784,1253.186130485352,300.42545314517645,1.4470723290741034,0.7545410414129282,0.8075591196884357
station_v0_bogota_grid_spawn1.6__ChargeAsFastAsPossible__seed46__2022-03-05,station_v0_bogota_grid_spawn1.6,1.6,ChargeAsFastAsPossible,46,2022-03-05,295.3027330288064,16.0,67.0,99.0,11.0,988.6013252097543,1499.1642513798763,295.4004500668772,0.09771703807081167,0.7700137657791127,0.8354460372530802
station_v0_bogota_grid_spawn1.6__TD3_vanilla_extended_ts102__seed46__2022-03-05,station_v0_bogota_grid_spawn1.6,1.6,TD3_vanilla_extended_ts102,46,2022-03-05,295.2778036732908,16.0,67.0,99.0,11.0,988.6013252097543,1499.1642513798763,295.4004500668772,0.12264639358642171,0.7700331811381844,0.8354599288422191
station_v0_bogota_grid_spawn1.6__RoundRobin__seed47__2022-01-17,station_v0_bogota_grid_spawn1.6,1.6,RoundRobin,47,2022-01-17,218.90211792522172,16.0,43.0,63.0,11.0,648.478152646208,956.5029401380332,219.03851025295697,0.13639232773525123,0.7476681114185518,0.8137861341661632
station_v0_bogota_grid_spawn1.6__Optimal_Oracle_Tracking__seed47__2022-01-17,station_v0_bogota_grid_spawn1.6,1.6,Optimal_Oracle_Tracking,47,2022-01-17,217.81171811943625,16.0,43.0,63.0,11.0,648.478152646208,956.5029401380332,219.03851025295697,1.2267921335207177,0.7489250322967532,0.8147137065673089
station_v0_bogota_grid_spawn1.6__MPC_TrackingG2V__seed47__2022-03-05,station_v0_bogota_grid_spawn1.6,1.6,MPC_TrackingG2V,47,2022-03-05,206.71382566639332,16.0,43.0,64.0,9.0,654.6374672631481,987.9385181791882,207.8582721830641,1.1444465166707687,0.7603306124165676,0.8271329816801299
station_v0_bogota_grid_spawn1.6__ChargeAsFastAsPossible__seed48__2022-01-17,station_v0_bogota_grid_spawn1.6,1.6,ChargeAsFastAsPossible,48,2022-01-17,350.4601069199954,18.0,36.0,66.0,17.0,495.0081321533876,992.6858681344248,350.57362433875403,0.11351741875864718,0.5855396545286602,0.7390972415354116
station_v0_bogota_grid_spawn1.6__TD3_vanilla_extended_ts102__seed48__2022-01-17,station_v0_bogota_grid_spawn1.6,1.6,TD3_vanilla_extended_ts102,48,2022-01-17,350.4190943136981,18.0,36.0,66.0,17.0,495.0081321533876,992.6858681344248,350.57362433875403,0.1545300250559194,0.5855881567651173,0.7391277736898666
station_v0_bogota_grid_spawn1.6__RoundRobin__seed48__2022-03-05,station_v0_bogota_grid_spawn1.6,1.6,RoundRobin,48,2022-03-05,325.73735496180734,17.0,39.0,68.0,15.0,558.9651363342177,1036.7468580540326,325.88185951588065,0.14450455407330765,0.631871547861377,0.7609492954597924
station_v0_bogota_grid_spawn1.6__Optimal_Oracle_Tracking__seed48__2022-03-05,station_v0_bogota_grid_spawn1.6,1.6,Optimal_Oracle_Tracking,48,2022-03-05,324.6954524739508,17.0,39.0,68.0,15.0,558.9651363342177,1036.7468580540326,325.88185951588065,1.18640704192984,0.633049042380478,0.7617139222979193
station_v0_bogota_grid_spawn1.6__MPC_TrackingG2V__seed49__2022-01-17,station_v0_bogota_grid_spawn1.6,1.6,MPC_TrackingG2V,49,2022-01-17,247.79008013487663,16.0,32.0,74.0,14.0,484.982617343428,1182.0385015127545,249.45914073560888,1.6690606007322515,0.662614390577434,0.8269015101235595
station_v0_bogota_grid_spawn1.6__ChargeAsFastAsPossible__seed49__2022-03-05,station_v0_bogota_grid_spawn1.6,1.6,ChargeAsFastAsPossible,49,2022-03-05,232.43708892823884,16.0,38.0,76.0,14.0,580.3367663279469,1202.4054495886664,232.50073808398903,0.06364915575019836,0.7140423668118018,0.8380123446918576
station_v0_bogota_grid_spawn1.6__TD3_vanilla_extended_ts102__seed49__2022-03-05,station_v0_bogota_grid_spawn1.6,1.6,TD3_vanilla_extended_ts102,49,2022-03-05,232.39459432747583,16.0,38.0,76.0,14.0,580.3367663279469,1202.4054495886664,232.50073808398903,0.10614375651320529,0.7140946461425811,0.8380419595901194
station_v0_bogota_grid__MPC_TrackingG2V__seed0__2022-01-17,station_v0_bogota_grid,1.0,MPC_TrackingG2V,0,2022-01-17,213.3539458234504,14.0,5.0,45.0,15.0,74.8966912419227,654.2158813299778,214.45524423361016,1.1012984101597567,0.2626489763311389,0.75439042516231
station_v0_bogota_grid__ChargeAsFastAsPossible__seed0__2022-03-05,station_v0_bogota_grid,1.0,ChargeAsFastAsPossible,0,2022-03-05,201.79939566249263,14.0,17.0,38.0,12.0,230.9171056587324,554.8275580257971,201.8448625745372,0.045466912044560104,0.5336942465477519,0.7333067914615051
station_v0_bogota_grid__TD3_vanilla_extended_ts102__seed0__2022-03-05,station_v0_bogota_grid,1.0,TD3_vanilla_extended_ts102,0,2022-03-05,201.75779377775515,14.0,17.0,38.0,12.0,230.9171056587324,554.8275580257971,201.8448625745372,0.0870687967820345,0.5337903776493533,0.7333617715078301
station_v0_bogota_grid__RoundRobin__seed1__2022-01-17,station_v0_bogota_grid,1.0,RoundRobin,1,2022-01-17,204.54929953657705,14.0,10.0,35.0,11.0,127.8890836775176,523.0558873489472,204.68352343184705,0.13422389526999723,0.38494844384669313,0.7189250760555685
station_v0_bogota_grid__Optimal_Oracle_Tracking__seed1__2022-01-17,station_v0_bogota_grid,1.0,Optimal_Oracle_Tracking,1,2022-01-17,203.54432897302695,14.0,10.0,35.0,11.0,127.8890836775176,523.0558873489472,204.68352343184705,1.1391944588201,0.3879702518431034,0.7203060244399249
station_v0_bogota_grid__MPC_TrackingG2V__seed1__2022-03-05,station_v0_bogota_grid,1.0,MPC_TrackingG2V,1,2022-03-05,212.20729783598813,15.0,17.0,48.0,7.0,252.48718501897605,727.7439563672148,213.46983577298727,1.2625379369991379,0.5445775288988881,0.7745386865257728
station_v0_bogota_grid__ChargeAsFastAsPossible__seed2__2022-01-17,station_v0_bogota_grid,1.0,ChargeAsFastAsPossible,2,2022-01-17,155.12533631476165,12.0,5.0,27.0,15.0,68.19681097631151,410.6317564208695,155.16323484265305,0.037898527891400136,0.3054920106862254,0.7258276607073904
station_v0_bogota_grid__TD3_vanilla_extended_ts102__seed2__2022-01-17,station_v0_bogota_grid,1.0,TD3_vanilla_extended_ts102,2,2022-01-17,155.10412540716015,12.0,5.0,27.0,15.0,68.19681097631151,410.6317564208695,155.16323484265305,0.05910943549289982,0.3055869735410356,0.725865149387794
station_v0_bogota_grid__RoundRobin__seed2__2022-03-05,station_v0_bogota_grid,1.0,RoundRobin,2,2022-03-05,230.71194278155969,14.0,6.0,41.0,7.0,87.500620774823,632.4659799499462,230.9801274315649,0.2681846500052245,0.2755859056446032,0.7328009926627416
station_v0_bogota_grid__Optimal_Oracle_Tracking__seed2__2022-03-05,station_v0_bogota_grid,1.0,Optimal_Oracle_Tracking,2,2022-03-05,229.84788887321403,14.0,6.0,41.0,7.0,87.500620774823,632.4659799499462,230.9801274315649,1.1322385583508776,0.27829895474792204,0.7338016965873512
station_v0_bogota_grid__MPC_TrackingG2V__seed3__2022-01-17,station_v0_bogota_grid,1.0,MPC_TrackingG2V,3,2022-01-17,201.55495804423336,13.0,4.0,35.0,11.0,51.2103260646923,509.6463063265725,202.63830590531484,1.083347861081478,0.20600337106387248,0.7170303070107371
station_v0_bogota_grid__ChargeAsFastAsPossible__seed3__2022-03-05,station_v0_bogota_grid,1.0,ChargeAsFastAsPossible,3,2022-03-05,195.6171991007634,13.0,4.0,34.0,8.0,52.7756681828829,497.46907400713457,195.6681794544919,0.05098035372850518,0.21263013368604902,0.7177799950531829
station_v0_bogota_grid__TD3_vanilla_extended_ts102__seed3__2022-03-05,station_v0_bogota_grid,1.0,TD3_vanilla_extended_ts102,3,2022-03-05,195.5495662918396,13.0,4.0,34.0,8.0,52.7756681828829,497.46907400713457,195.6681794544919,0.11861316265230926,0.21290235942062435,0.7178775699686647
station_v0_bogota_grid__RoundRobin__seed4__2022-01-17,station_v0_bogota_grid,1.0,RoundRobin,4,2022-01-17,183.1721300646197,13.0,2.0,41.0,18.0,25.8126521467566,594.9648395044255,183.4011449515728,0.22901488695310945,0.12447394672288392,0.7646709469291119
station_v0_bogota_grid__Optimal_Oracle_Tracking__seed4__2022-01-17,station_v0_bogota_grid,1.0,Optimal_Oracle_Tracking,4,2022-01-17,182.38350442280284,13.0,2.0,41.0,18.0,25.8126521467566,594.9648395044255,183.4011449515728,1.0176405287699595,0.12824341916090962,0.7656841279487938
station_v0_bogota_grid__MPC_TrackingG2V__seed4__2022-03-05,station_v0_bogota_grid,1.0,MPC_TrackingG2V,4,2022-03-05,175.73992727749732,13.0,7.0,37.0,18.0,91.09123145610228,545.4188671619748,176.6899658526883,0.9500385751909732,0.34371819588645847,0.7566295837376513
station_v0_bogota_grid__ChargeAsFastAsPossible__seed5__2022-01-17,station_v0_bogota_grid,1.0,ChargeAsFastAsPossible,5,2022-01-17,181.34164557898455,15.0,13.0,39.0,9.0,191.1941782094991,597.7825336265474,181.39615656492447,0.054510985939913326,0.513294821002875,0.7672656505346387
station_v0_bogota_grid__TD3_vanilla_extended_ts102__seed5__2022-01-17,station_v0_bogota_grid,1.0,TD3_vanilla_extended_ts102,5,2022-01-17,181.2702871375148,15.0,13.0,39.0,9.0,191.1941782094991,597.7825336265474,181.39615656492447,0.12586942740966833,0.5134863408433264,0.767357232147904
station_v0_bogota_grid__RoundRobin__seed5__2022-03-05,station_v0_bogota_grid,1.0,RoundRobin,5,2022-03-05,132.85356995916106,12.0,14.0,34.0,18.0,188.4611800089524,491.746540321486,132.99118720983387,0.13761725067280395,0.5867083788848302,0.78734505040357
station_v0_bogota_grid__Optimal_Oracle_Tracking__seed5__2022-03-05,station_v0_bogota_grid,1.0,Optimal_Oracle_Tracking,5,2022-03-05,132.10542932194488,12.0,14.0,34.0,18.0,188.4611800089524,491.746540321486,132.99118720983387,0.8857578878889854,0.5890357552351402,0.7885425779487248
station_v0_bogota_grid__MPC_TrackingG2V__seed6__2022-01-17,station_v0_bogota_grid,1.0,MPC_TrackingG2V,6,2022-01-17,137.28367849112968,11.0,3.0,24.0,15.0,37.7537673635119,339.1142336728725,138.2261889917488,0.9425105006191359,0.2198902571950447,0.7123987997396463
station_v0_bogota_grid__ChargeAsFastAsPossible__seed6__2022-03-05,station_v0_bogota_grid,1.0,ChargeAsFastAsPossible,6,2022-03-05,150.0998646172822,12.0,2.0,27.0,10.0,25.8647986876495,388.9147080090767,150.13505933435883,0.03519471707662092,0.14715917214823776,0.721547297280157
station_v0_bogota_grid__TD3_vanilla_extended_ts102__seed6__2022-03-05,station_v0_bogota_grid,1.0,TD3_vanilla_extended_ts102,6,2022-03-05,150.06643340358283,12.0,2.0,27.0,10.0,25.8647986876495,388.9147080090767,150.13505933435883,0.06862593077599399,0.14734912237930667,0.7216093160690048
station_v0_bogota_grid__RoundRobin__seed7__2022-01-17,station_v0_bogota_grid,1.0,RoundRobin,7,2022-01-17,244.3879847128945,15.0,9.0,37.0,13.0,119.1671047515999,569.3593871682522,244.5062514673909,0.11826675449640334,0.3280014041893875,0.6997194953179442
station_v0_bogota_grid__Optimal_Oracle_Tracking__seed7__2022-01-17,station_v0_bogota_grid,1.0,Optimal_Oracle_Tracking,7,2022-01-17,243.38763140109592,15.0,9.0,37.0,13.0,119.1671047515999,569.3593871682522,244.5062514673909,1.1186200662949943,0.33075209597005295,0.7009486334757803
station_v0_bogota_grid__MPC_TrackingG2V__seed7__2022-03-05,station_v0_bogota_grid,1.0,MPC_TrackingG2V,7,2022-03-05,238.35528325413904,15.0,5.0,34.0,13.0,75.7269361389726,523.205683988341,239.45976627670225,1.1044830225632154,0.24376478630817655,0.687470721046423
station_v0_bogota_grid__ChargeAsFastAsPossible__seed8__2022-01-17,station_v0_bogota_grid,1.0,ChargeAsFastAsPossible,8,2022-01-17,297.021053968554,15.0,8.0,36.0,9.0,129.603728011801,567.9114073572683,297.11446662009905,0.09341265154506573,0.3039409668838393,0.6566333298183803
station_v0_bogota_grid__TD3_vanilla_extended_ts102__seed8__2022-01-17,station_v0_bogota_grid,1.0,TD3_vanilla_extended_ts102,8,2022-01-17,296.96716188360244,15.0,8.0,36.0,9.0,129.603728011801,567.9114073572683,297.11446662009905,0.1473047364966078,0.30406726120554745,0.6566956309432054
station_v0_bogota_grid__RoundRobin__seed8__2022-03-05,station_v0_bogota_grid,1.0,RoundRobin,8,2022-03-05,253.3013770010896,14.0,9.0,33.0,11.0,121.00877474816068,504.434966865765,253.4702870163383,0.16891001524868443,0.323590013797928,0.6657875430950738
station_v0_bogota_grid__Optimal_Oracle_Tracking__seed8__2022-03-05,station_v0_bogota_grid,1.0,Optimal_Oracle_Tracking,8,2022-03-05,252.43435209951835,14.0,9.0,33.0,11.0,121.00877474816068,504.434966865765,253.4702870163383,1.03593491681994,0.3259052965202408,0.6669315184101019
station_v0_bogota_grid__MPC_TrackingG2V__seed9__2022-01-17,station_v0_bogota_grid,1.0,MPC_TrackingG2V,9,2022-01-17,209.1027499229669,15.0,1.0,35.0,6.0,16.389596399192,558.3965110368305,210.23982502837296,1.137075105406069,0.07733625843544739,0.7279561996855316
station_v0_bogota_grid__ChargeAsFastAsPossible__seed9__2022-03-05,station_v0_bogota_grid,1.0,ChargeAsFastAsPossible,9,2022-03-05,171.80011274450123,11.0,4.0,29.0,11.0,63.2666678930873,437.8533930563429,171.85678717337447,0.05667442887323659,0.2693195466358772,0.7182265963153625
station_v0_bogota_grid__TD3_vanilla_extended_ts102__seed9__2022-03-05,station_v0_bogota_grid,1.0,TD3_vanilla_extended_ts102,9,2022-03-05,171.78165576528264,11.0,4.0,29.0,11.0,63.2666678930873,437.8533930563429,171.85678717337447,0.07513140809183483,0.26939804573420567,0.7182568680408759
station_v0_bogota_grid__RoundRobin__seed10__2022-01-17,station_v0_bogota_grid,1.0,RoundRobin,10,2022-01-17,185.8259866149343,13.0,19.0,48.0,12.0,243.777360474528,714.7970686378503,188.00187773070465,2.175891115770355,0.569627323010358,0.7941668104926283
station_v0_bogota_grid__Optimal_Oracle_Tracking__seed10__2022-01-17,station_v0_bogota_grid,1.0,Optimal_Oracle_Tracking,10,2022-01-17,186.7115923423493,13.0,19.0,48.0,12.0,243.777360474528,714.7970686378503,188.00187773070465,1.2902853883553576,0.5675762616135753,0.7931858548424503
station_v0_bogota_grid__MPC_TrackingG2V__seed10__2022-03-05,station_v0_bogota_grid,1.0,MPC_TrackingG2V,10,2022-03-05,179.3989750481287,13.0,9.0,42.0,14.0,117.4302038615167,622.914578924251,180.29943026818657,0.9004552200578644,0.39744333622505607,0.7766485980137486
station_v0_bogota_grid__ChargeAsFastAsPossible__seed11__2022-01-17,station_v0_bogota_grid,1.0,ChargeAsFastAsPossible,11,2022-01-17,203.7261776917863,13.0,5.0,31.0,11.0,67.5958460320667,455.7770329462687,203.78952030407527,0.0633426122889773,0.24931037939809908,0.6911211208515294
station_v0_bogota_grid__TD3_vanilla_extended_ts102__seed11__2022-01-17,station_v0_bogota_grid,1.0,TD3_vanilla_extended_ts102,11,2022-01-17,203.6975033727292,13.0,5.0,31.0,11.0,67.5958460320667,455.7770329462687,203.78952030407527,0.09201693134608036,0.24941603844465793,0.6911645953408221
station_v0_bogota_grid__RoundRobin__seed11__2022-03-05,station_v0_bogota_grid,1.0,RoundRobin,11,2022-03-05,178.98970174670094,12.0,4.0,23.0,10.0,66.1580404927832,345.961170867215,179.11530240899413,0.12560066229318068,0.27024396687747865,0.6591168889554381
station_v0_bogota_grid__Optimal_Oracle_Tracking__seed11__2022-03-05,station_v0_bogota_grid,1.0,Optimal_Oracle_Tracking,11,2022-03-05,178.22498634266844,12.0,4.0,23.0,10.0,66.1580404927832,345.961170867215,179.11530240899413,0.8903160663256813,0.27336177574731063,0.660573277582529
station_v0_bogota_grid__MPC_TrackingG2V__seed12__2022-01-17,station_v0_bogota_grid,1.0,MPC_TrackingG2V,12,2022-01-17,201.8155130616792,15.0,6.0,32.0,7.0,91.2277007329614,494.7792402897485,203.1257522584204,1.310239196741179,0.31437694713373027,0.7108266666429527
station_v0_bogota_grid__ChargeAsFastAsPossible__seed12__2022-03-05,station_v0_bogota_grid,1.0,ChargeAsFastAsPossible,12,2022-03-05,193.5298856487124,14.0,7.0,32.0,6.0,109.6999315079905,482.86200251820094,193.5875773691492,0.05769172043679305,0.3618929893775795,0.7139034579917382
station_v0_bogota_grid__TD3_vanilla_extended_ts102__seed12__2022-03-05,station_v0_bogota_grid,1.0,TD3_vanilla_extended_ts102,12,2022-03-05,193.4860880829547,14.0,7.0,32.0,6.0,109.6999315079905,482.86200251820094,193.5875773691492,0.10148928619449293,0.3620373987728753,0.7139682042301274
station_v0_bogota_grid__RoundRobin__seed13__2022-01-17,station_v0_bogota_grid,1.0,RoundRobin,13,2022-01-17,263.43345073799964,16.0,17.0,54.0,4.0,266.2892216283384,838.6650790162103,263.6253099265376,0.19185918853798967,0.5028755864364904,0.7610126574806939
station_v0_bogota_grid__Optimal_Oracle_Tracking__seed13__2022-01-17,station_v0_bogota_grid,1.0,Optimal_Oracle_Tracking,13,2022-01-17,262.20926837879824,16.0,17.0,54.0,4.0,266.2892216283384,838.6650790162103,263.6253099265376,1.4160415477393826,0.5051857370104129,0.7621232381148728
station_v0_bogota_grid__MPC_TrackingG2V__seed13__2022-03-05,station_v0_bogota_grid,1.0,MPC_TrackingG2V,13,2022-03-05,235.24810744118017,15.0,15.0,40.0,10.0,212.4385569307733,592.8135397298341,236.1196694924451,0.8715620512649309,0.47554610843493567,0.7162037847875652
station_v0_bogota_grid__ChargeAsFastAsPossible__seed14__2022-01-17,station_v0_bogota_grid,1.0,ChargeAsFastAsPossible,14,2022-01-17,221.93641209114665,11.0,2.0,25.0,12.0,25.6584339375664,372.1081061565363,222.01092481768205,0.07451272653540286,0.10390040493273771,0.6264445329629955
station_v0_bogota_grid__TD3_vanilla_extended_ts102__seed14__2022-01-17,station_v0_bogota_grid,1.0,TD3_vanilla_extended_ts102,14,2022-01-17,221.91796327785733,11.0,2.0,25.0,12.0,25.6584339375664,372.1081061565363,222.01092481768205,0.09296153982472788,0.10397489462085273,0.626475585348675
station_v0_bogota_grid__RoundRobin__seed14__2022-03-05,station_v0_bogota_grid,1.0,RoundRobin,14,2022-03-05,214.97620821407145,11.0,3.0,25.0,14.0,40.6122535329912,363.1045005125404,215.08465448989816,0.10844627582670796,0.15925378262756576,0.6281905214684202
station_v0_bogota_grid__Optimal_Oracle_Tracking__seed14__2022-03-05,station_v0_bogota_grid,1.0,Optimal_Oracle_Tracking,14,2022-03-05,214.38702173840835,11.0,3.0,25.0,14.0,40.6122535329912,363.1045005125404,215.08465448989816,0.697632751489806,0.16155802040743894,0.6292095417502181
station_v0_bogota_grid__MPC_TrackingG2V__seed15__2022-01-17,station_v0_bogota_grid,1.0,MPC_TrackingG2V,15,2022-01-17,196.29844417654567,15.0,22.0,47.0,16.0,314.12691383059297,691.4923732929528,197.59416404386525,1.2957198673195762,0.6163956251481514,0.7792133432089291
station_v0_bogota_grid__ChargeAsFastAsPossible__seed15__2022-03-05,station_v0_bogota_grid,1.0,ChargeAsFastAsPossible,15,2022-03-05,179.05595910243431,14.0,19.0,53.0,15.0,250.0064826341001,785.653179127598,179.1039714724762,0.04801237004187442,0.5827275765741121,0.8144030764725999
station_v0_bogota_grid__TD3_vanilla_extended_ts102__seed15__2022-03-05,station_v0_bogota_grid,1.0,TD3_vanilla_extended_ts102,15,2022-03-05,179.04732378715795,14.0,19.0,53.0,15.0,250.0064826341001,785.653179127598,179.1039714724762,0.05664768531823938,0.5827477003329107,0.8144120272383664
station_v0_bogota_grid__RoundRobin__seed16__2022-01-17,station_v0_bogota_grid,1.0,RoundRobin,16,2022-01-17,214.62262765208055,16.0,17.0,37.0,5.0,247.5256331702242,572.0468600784361,221.18153792451085,6.558910272430296,0.5420965564687273,0.7294314875861476
station_v0_bogota_grid__Optimal_Oracle_Tracking__seed16__2022-01-17,station_v0_bogota_grid,1.0,Optimal_Oracle_Tracking,16,2022-01-17,219.53010446699656,16.0,17.0,37.0,5.0,247.5256331702242,572.0468600784361,221.18153792451085,1.6514334575142868,0.5316263159485026,0.7232447741158896
station_v0_bogota_grid__MPC_TrackingG2V__seed16__2022-03-05,station_v0_bogota_grid,1.0,MPC_TrackingG2V,16,2022-03-05,214.3898310675317,16.0,20.0,40.0,6.0,314.9132540747959,617.3868106581784,215.5964547935754,1.2066237260436878,0.5958795334305077,0.7426240838688863
station_v0_bogota_grid__ChargeAsFastAsPossible__seed17__2022-01-17,station_v0_bogota_grid,1.0,ChargeAsFastAsPossible,17,2022-01-17,196.38356361920412,12.0,4.0,30.0,13.0,51.11009613971859,423.6734947268173,196.4297118832579,0.046148264053783805,0.20665865749974277,0.6833050345074392
station_v0_bogota_grid__TD3_vanilla_extended_ts102__seed17__2022-01-17,station_v0_bogota_grid,1.0,TD3_vanilla_extended_ts102,17,2022-01-17,196.32587727221787,12.0,4.0,30.0,13.0,51.11009613971859,423.6734947268173,196.4297118832579,0.10383461104004255,0.20689169616712713,0.6833980615170906
station_v0_bogota_grid__RoundRobin__seed17__2022-03-05,station_v0_bogota_grid,1.0,RoundRobin,17,2022-03-05,203.7149595666368,14.0,7.0,33.0,8.0,90.7299261940251,480.00064299347554,203.87836017372985,0.16340060709305249,0.30852264178223904,0.7021184176978901
station_v0_bogota_grid__Optimal_Oracle_Tracking__seed17__2022-03-05,station_v0_bogota_grid,1.0,Optimal_Oracle_Tracking,17,2022-03-05,203.10242032417432,14.0,7.0,33.0,8.0,90.7299261940251,480.00064299347554,203.87836017372985,0.7759398495555274,0.31060180679831684,0.7030141013489828
station_v0_bogota_grid__MPC_TrackingG2V__seed18__2022-01-17,station_v0_bogota_grid,1.0,MPC_TrackingG2V,18,2022-01-17,208.6246969042,14.0,14.0,44.0,8.0,182.2692612309234,652.5565724613713,209.8111681453323,1.1864712411322955,0.4679033145416304,0.7580791962864639
station_v0_bogota_grid__ChargeAsFastAsPossible__seed18__2022-03-05,station_v0_bogota_grid,1.0,ChargeAsFastAsPossible,18,2022-03-05,169.1864981257819,13.0,11.0,48.0,4.0,162.52793692023153,720.0768349673411,169.21095531071506,0.024457184933169174,0.4900010155939166,0.8097505667171233
station_v0_bogota_grid__TD3_vanilla_extended_ts102__seed18__2022-03-05,station_v0_bogota_grid,1.0,TD3_vanilla_extended_ts102,18,2022-03-05,169.12620028693556,13.0,11.0,48.0,4.0,162.52793692023153,720.0768349673411,169.21095531071506,0.08475502377950761,0.49018277854139874,0.8098183713575396
station_v0_bogota_grid__RoundRobin__seed19__2022-01-17,station_v0_bogota_grid,1.0,RoundRobin,19,2022-01-17,157.43689547617828,12.0,14.0,34.0,10.0,181.67520187332212,490.059395548572,157.57209727878097,0.135201802602694,0.5359229215098608,0.7569035829482923
station_v0_bogota_grid__Optimal_Oracle_Tracking__seed19__2022-01-17,station_v0_bogota_grid,1.0,Optimal_Oracle_Tracking,19,2022-01-17,156.6719726446109,12.0,14.0,34.0,10.0,181.67520187332212,490.059395548572,157.57209727878097,0.9001246341700835,0.5381776862006312,0.7580846910939569
station_v0_bogota_grid__MPC_TrackingG2V__seed19__2022-03-05,station_v0_bogota_grid,1.0,MPC_TrackingG2V,19,2022-03-05,199.23817025488069,15.0,15.0,44.0,1.0,222.42945595511785,661.3007879270006,200.35842258819173,1.1202523333110435,0.528751460563761,0.768773817045657
station_v0_bogota_grid__ChargeAsFastAsPossible__seed20__2022-01-17,station_v0_bogota_grid,1.0,ChargeAsFastAsPossible,20,2022-01-17,250.99664787348263,15.0,18.0,44.0,7.0,234.6578180158052,655.8744594423492,251.07689626794124,0.08024839445860721,0.48326392886372826,0.7232523593540345
station_v0_bogota_grid__TD3_vanilla_extended_ts102__seed20__2022-01-17,station_v0_bogota_grid,1.0,TD3_vanilla_extended_ts102,20,2022-01-17,250.96050654377237,15.0,18.0,44.0,7.0,234.6578180158052,655.8744594423492,251.07689626794124,0.11638972416886872,0.48333833435431284,0.7232922086022691
station_v0_bogota_grid__RoundRobin__seed20__2022-03-05,station_v0_bogota_grid,1.0,RoundRobin,20,2022-03-05,236.2057498953862,14.0,12.0,34.0,9.0,159.9966989986058,515.2381072299337,236.3595441748849,0.1537942794986975,0.404056946336542,0.6857284619584806
station_v0_bogota_grid__Optimal_Oracle_Tracking__seed20__2022-03-05,station_v0_bogota_grid,1.0,Optimal_Oracle_Tracking,20,2022-03-05,235.3706663726728,14.0,12.0,34.0,9.0,159.9966989986058,515.2381072299337,236.3595441748849,0.9888778022121016,0.4061638477342018,0.6868395398352575
station_v0_bogota_grid__MPC_TrackingG2V__seed21__2022-01-17,station_v0_bogota_grid,1.0,MPC_TrackingG2V,21,2022-01-17,156.26048893434483,12.0,5.0,35.0,11.0,66.6086226418395,517.7587973798079,157.3546695780554,1.0941806437105583,0.3022941956893414,0.7685418872793753
station_v0_bogota_grid__ChargeAsFastAsPossible__seed21__2022-03-05,station_v0_bogota_grid,1.0,ChargeAsFastAsPossible,21,2022-03-05,186.4810312943009,14.0,6.0,35.0,12.0,93.9933227197031,541.2026223291366,186.53164132622453,0.050610031923639553,0.3352426514747894,0.7437512006681958
station_v0_bogota_grid__TD3_vanilla_extended_ts102__seed21__2022-03-05,station_v0_bogota_grid,1.0,TD3_vanilla_extended_ts102,21,2022-03-05,186.45205935534568,14.0,6.0,35.0,12.0,93.9933227197031,541.2026223291366,186.53164132622453,0.07958197087884855,0.33534592905314586,0.7437910118196039
station_v0_bogota_grid__RoundRobin__seed22__2022-01-17,station_v0_bogota_grid,1.0,RoundRobin,22,2022-01-17,207.5865775650458,15.0,10.0,49.0,8.0,158.95930766202173,759.2529344770666,207.75877183590308,0.17219427085728967,0.4339341604066715,0.785331887701201
station_v0_bogota_grid__Optimal_Oracle_Tracking__seed22__2022-01-17,station_v0_bogota_grid,1.0,Optimal_Oracle_Tracking,22,2022-01-17,206.46583010264007,15.0,10.0,49.0,8.0,158.95930766202173,759.2529344770666,207.75877183590308,1.2929417332630067,0.436990315870673,0.7864908679442416
station_v0_bogota_grid__MPC_TrackingG2V__seed22__2022-03-05,station_v0_bogota_grid,1.0,MPC_TrackingG2V,22,2022-03-05,195.6515691913153,15.0,18.0,42.0,14.0,244.6452835864137,634.1703246036152,196.7989864648344,1.1474172735190962,0.5567921423725769,0.7645501866491928
station_v0_bogota_grid__ChargeAsFastAsPossible__seed23__2022-01-17,station_v0_bogota_grid,1.0,ChargeAsFastAsPossible,23,2022-01-17,247.90803538808157,16.0,15.0,44.0,11.0,220.2339297234853,661.1742025695294,247.96198640626235,0.05395101818078274,0.47050363566310843,0.7273147429458637
station_v0_bogota_grid__TD3_vanilla_extended_ts102__seed23__2022-01-17,station_v0_bogota_grid,1.0,TD3_vanilla_extended_ts102,23,2022-01-17,202.10092321817365,16.0,15.0,44.0,11.0,220.2339297234853,661.1742025695294,247.96198640626235,45.86106318808871,0.5683411233297324,0.7777000567474328
station_v0_bogota_grid__RoundRobin__seed23__2022-03-05,station_v0_bogota_grid,1.0,RoundRobin,23,2022-03-05,232.5351541621252,15.0,14.0,43.0,5.0,219.39264742205484,653.1203356439138,232.65834949215537,0.12319533003017114,0.48559973155804037,0.7374793974339039
station_v0_bogota_grid__Optimal_Oracle_Tracking__seed23__2022-03-05,station_v0_bogota_grid,1.0,Optimal_Oracle_Tracking,23,2022-03-05,231.60400261957813,15.0,14.0,43.0,5.0,219.39264742205484,653.1203356439138,232.65834949215537,1.0543468725772414,0.48765956894121903,0.7385306211291365
station_v0_bogota_grid__MPC_TrackingG2V__seed24__2022-01-17,station_v0_bogota_grid,1.0,MPC_TrackingG2V,24,2022-01-17,175.35733935114084,13.0,1.0,38.0,10.0,16.8275300538981,587.4263806162052,176.29868069168367,0.9413413405428344,0.09200652426122041,0.7703920583006152
station_v0_bogota_grid__ChargeAsFastAsPossible__seed24__2022-03-05,station_v0_bogota_grid,1.0,ChargeAsFastAsPossible,24,2022-03-05,163.5819606840795,12.0,6.0,33.0,12.0,87.0837820304146,498.5359723909156,163.60717223155143,0.02521154747194032,0.3474756152823118,0.7529507599488193
station_v0_bogota_grid__TD3_vanilla_extended_ts102__seed24__2022-03-05,station_v0_bogota_grid,1.0,TD3_vanilla_extended_ts102,24,2022-03-05,147.51589337508148,12.0,6.0,33.0,12.0,87.0837820304146,498.5359723909156,163.60717223155143,16.091278856469955,0.41156275937690634,0.7772144972380703
station_v0_bogota_grid__RoundRobin__seed25__2022-01-17,station_v0_bogota_grid,1.0,RoundRobin,25,2022-01-17,254.32585595853743,14.0,4.0,35.0,12.0,51.3923348709763,517.3403965996258,254.49488449727377,0.16902853873634172,0.1685633140090079,0.670492056806343
station_v0_bogota_grid__Optimal_Oracle_Tracking__seed25__2022-01-17,station_v0_bogota_grid,1.0,Optimal_Oracle_Tracking,25,2022-01-17,253.33591748526084,14.0,4.0,35.0,12.0,51.3923348709763,517.3403965996258,254.49488449727377,1.158967012012937,0.17179959983788665,0.6717746341871926
station_v0_bogota_grid__MPC_TrackingG2V__seed25__2022-03-05,station_v0_bogota_grid,1.0,MPC_TrackingG2V,25,2022-03-05,228.7353502704692,13.0,3.0,35.0,12.0,39.1428727062093,517.3116870799162,229.76015773147813,1.024807461008919,0.14937607843927309,0.6938241591366414
station_v0_bogota_grid__ChargeAsFastAsPossible__seed26__2022-01-17,station_v0_bogota_grid,1.0,ChargeAsFastAsPossible,26,2022-01-17,173.25386800652166,13.0,3.0,37.0,7.0,50.3459990372347,559.3697483124282,173.29322990242275,0.03936189590109507,0.22529750783003644,0.7635285620290814
station_v0_bogota_grid__TD3_vanilla_extended_ts102__seed26__2022-01-17,station_v0_bogota_grid,1.0,TD3_vanilla_extended_ts102,26,2022-01-17,173.22789715653278,13.0,3.0,37.0,7.0,50.3459990372347,559.3697483124282,173.29322990242275,0.06533274588997529,0.22541363615918522,0.7635640092275356
station_v0_bogota_grid__RoundRobin__seed26__2022-03-05,station_v0_bogota_grid,1.0,RoundRobin,26,2022-03-05,169.14160394531504,13.0,5.0,28.0,10.0,68.2448959486021,412.36074546956576,169.32413002335764,0.18252607804259924,0.28803174886410143,0.7092212449189376
station_v0_bogota_grid__Optimal_Oracle_Tracking__seed26__2022-03-05,station_v0_bogota_grid,1.0,Optimal_Oracle_Tracking,26,2022-03-05,168.28499776898545,13.0,5.0,28.0,10.0,68.2448959486021,412.36074546956576,169.32413002335764,1.0391322543721913,0.2916374637624346,0.7106938741936866
station_v0_bogota_grid__MPC_TrackingG2V__seed27__2022-01-17,station_v0_bogota_grid,1.0,MPC_TrackingG2V,27,2022-01-17,257.4595621070109,14.0,18.0,41.0,13.0,234.31065873413144,641.8026269927273,258.73352600785006,1.273963900839135,0.47781645119342814,0.7141041353540796
station_v0_bogota_grid__ChargeAsFastAsPossible__seed27__2022-03-05,station_v0_bogota_grid,1.0,ChargeAsFastAsPossible,27,2022-03-05,277.5762624373967,15.0,20.0,49.0,11.0,270.46080487036824,751.0443254453993,277.6474092996307,0.07114686223400213,0.4935739781646389,0.7301657502806743
station_v0_bogota_grid__TD3_vanilla_extended_ts102__seed27__2022-03-05,station_v0_bogota_grid,1.0,TD3_vanilla_extended_ts102,27,2022-03-05,277.55951119309475,15.0,20.0,49.0,11.0,270.46080487036824,751.0443254453993,277.6474092996307,0.08789810653593122,0.4936045400935954,0.7301820343079841
station_v0_bogota_grid__RoundRobin__seed28__2022-01-17,station_v0_bogota_grid,1.0,RoundRobin,28,2022-01-17,172.18325602685812,13.0,13.0,28.0,20.0,166.62297429013,394.9395367045104,184.1843817962258,12.00112576936769,0.5091800298951743,0.7026832245633813
station_v0_bogota_grid__Optimal_Oracle_Tracking__seed28__2022-01-17,station_v0_bogota_grid,1.0,Optimal_Oracle_Tracking,28,2022-01-17,183.13300477157,13.0,13.0,28.0,20.0,166.62297429013,394.9395367045104,184.1843817962258,1.0513770246558067,0.4779670334892025,0.6837757880115304
station_v0_bogota_grid__MPC_TrackingG2V__seed28__2022-03-05,station_v0_bogota_grid,1.0,MPC_TrackingG2V,28,2022-03-05,212.206815143988,15.0,13.0,40.0,9.0,173.40397411215508,590.1862252448951,213.4084515107249,1.2016363667368921,0.4513960744609649,0.7359280477059184
station_v0_bogota_grid__ChargeAsFastAsPossible__seed29__2022-01-17,station_v0_bogota_grid,1.0,ChargeAsFastAsPossible,29,2022-01-17,189.33407423302756,12.0,2.0,28.0,16.0,26.7902532533877,414.9306349188984,189.3765472201402,0.0424729871126317,0.12412972843989663,0.686692331600544
station_v0_bogota_grid__TD3_vanilla_extended_ts102__seed29__2022-01-17,station_v0_bogota_grid,1.0,TD3_vanilla_extended_ts102,29,2022-01-17,189.2875456514485,12.0,2.0,28.0,16.0,26.7902532533877,414.9306349188984,189.3765472201402,0.0890015686916854,0.12434497232321788,0.686769326517954
station_v0_bogota_grid__RoundRobin__seed29__2022-03-05,station_v0_bogota_grid,1.0,RoundRobin,29,2022-03-05,201.12568420809112,13.0,10.0,34.0,15.0,140.39927782693212,508.4628881050322,201.25832632717243,0.13264211908131074,0.4113238465567023,0.71661311495529
station_v0_bogota_grid__Optimal_Oracle_Tracking__seed29__2022-03-05,station_v0_bogota_grid,1.0,Optimal_Oracle_Tracking,29,2022-03-05,200.2578953509012,13.0,10.0,34.0,15.0,140.39927782693212,508.4628881050322,201.25832632717243,1.0004309762712182,0.41386378375300276,0.7178358328895202
station_v0_bogota_grid__MPC_TrackingG2V__seed30__2022-01-17,station_v0_bogota_grid,1.0,MPC_TrackingG2V,30,2022-01-17,230.46545412717956,16.0,20.0,37.0,1.0,323.00593999884256,580.4880601247531,231.80288590953364,1.3374317823540878,0.5846038430447758,0.716277209228611
station_v0_bogota_grid__ChargeAsFastAsPossible__seed30__2022-03-05,station_v0_bogota_grid,1.0,ChargeAsFastAsPossible,30,2022-03-05,177.80394292577768,15.0,10.0,30.0,5.0,144.82121288957478,462.42400855965553,177.8305820607166,0.02663913493893233,0.4489293234734038,0.7222918108974505
station_v0_bogota_grid__TD3_vanilla_extended_ts102__seed30__2022-03-05,station_v0_bogota_grid,1.0,TD3_vanilla_extended_ts102,30,2022-03-05,177.76786814763216,15.0,10.0,30.0,5.0,144.82121288957478,462.42400855965553,177.8305820607166,0.06271391308445118,0.44904113062498363,0.7223481553246113
station_v0_bogota_grid__RoundRobin__seed31__2022-01-17,station_v0_bogota_grid,1.0,RoundRobin,31,2022-01-17,162.76495378654977,12.0,14.0,30.0,16.0,178.5837972589848,427.4147673875125,162.885114201231,0.12016041468123717,0.5233388799861115,0.7242673446782992
station_v0_bogota_grid__Optimal_Oracle_Tracking__seed31__2022-01-17,station_v0_bogota_grid,1.0,Optimal_Oracle_Tracking,31,2022-01-17,161.88139215101614,12.0,14.0,30.0,16.0,178.5837972589848,427.4147673875125,162.885114201231,1.0037220502148614,0.5259264116936256,0.7257641459874162
station_v0_bogota_grid__MPC_TrackingG2V__seed31__2022-03-05,station_v0_bogota_grid,1.0,MPC_TrackingG2V,31,2022-03-05,136.27657844773162,10.0,7.0,27.0,17.0,96.252567647562,391.0718593950834,137.13425591977978,0.8576774720481524,0.41609137840461596,0.7420011346015991
station_v0_bogota_grid__ChargeAsFastAsPossible__seed32__2022-01-17,station_v0_bogota_grid,1.0,ChargeAsFastAsPossible,32,2022-01-17,184.615458201803,12.0,3.0,24.0,16.0,39.691148798968,357.3406865536665,184.6462613760714,0.030803174268413613,0.17706343289887908,0.65937287068076
station_v0_bogota_grid__TD3_vanilla_extended_ts102__seed32__2022-01-17,station_v0_bogota_grid,1.0,TD3_vanilla_extended_ts102,32,2022-01-17,163.68735083970398,12.0,3.0,24.0,16.0,39.691148798968,357.3406865536665,184.6462613760714,20.958910536367426,0.27035196353569907,0.6979865447591478
station_v0_bogota_grid__RoundRobin__seed32__2022-03-05,station_v0_bogota_grid,1.0,RoundRobin,32,2022-03-05,155.0469560032767,11.0,7.0,23.0,14.0,101.0287971906364,346.59506690691387,155.2363306464967,0.18937464321999187,0.39497442624415385,0.691037753398491
station_v0_bogota_grid__Optimal_Oracle_Tracking__seed32__2022-03-05,station_v0_bogota_grid,1.0,Optimal_Oracle_Tracking,32,2022-03-05,154.56462437949688,11.0,7.0,23.0,14.0,101.0287971906364,346.59506690691387,155.2363306464967,0.67170626699982,0.3968565848813851,0.6919988961769847
station_v0_bogota_grid__MPC_TrackingG2V__seed33__2022-01-17,station_v0_bogota_grid,1.0,MPC_TrackingG2V,33,2022-01-17,230.62465530193296,15.0,6.0,31.0,6.0,101.8437058442656,498.2938341594222,232.0891792831666,1.46452398123364,0.3093682426217944,0.6842414855530302
station_v0_bogota_grid__ChargeAsFastAsPossible__seed33__2022-03-05,station_v0_bogota_grid,1.0,ChargeAsFastAsPossible,33,2022-03-05,228.75071429493755,15.0,17.0,35.0,8.0,271.9700516205053,552.1122498474562,228.82661185122052,0.07589755628296757,0.5432263611559535,0.7070824292219684
station_v0_bogota_grid__TD3_vanilla_extended_ts102__seed33__2022-03-05,station_v0_bogota_grid,1.0,TD3_vanilla_extended_ts102,33,2022-03-05,228.7523735540393,15.0,17.0,35.0,8.0,271.9700516205053,552.1122498474562,228.82661185122052,0.07423829718121056,0.5432230479168232,0.7070803045241423
station_v0_bogota_grid__RoundRobin__seed34__2022-01-17,station_v0_bogota_grid,1.0,RoundRobin,34,2022-01-17,194.93273501499172,15.0,10.0,37.0,9.0,143.07339320070804,582.8506776877126,195.10530814284445,0.17257312785272916,0.423580686067626,0.7494296096881641
station_v0_bogota_grid__Optimal_Oracle_Tracking__seed34__2022-01-17,station_v0_bogota_grid,1.0,Optimal_Oracle_Tracking,34,2022-01-17,193.7675129348105,15.0,10.0,37.0,9.0,143.07339320070804,582.8506776877126,195.10530814284445,1.3377952080339526,0.4270262669855014,0.7509274091799146
station_v0_bogota_grid__MPC_TrackingG2V__seed34__2022-03-05,station_v0_bogota_grid,1.0,MPC_TrackingG2V,34,2022-03-05,156.4014562579456,13.0,6.0,39.0,17.0,94.0845595326932,580.1912725700184,157.31554844248353,0.9140921845379353,0.37787832504276936,0.7879321901820155
station_v0_bogota_grid__ChargeAsFastAsPossible__seed35__2022-01-17,station_v0_bogota_grid,1.0,ChargeAsFastAsPossible,35,2022-01-17,212.16813757224665,13.0,0.0,22.0,10.0,0.0,306.9876531406033,212.24403454820947,0.07589697596282008,0.0003575929760493726,0.5913806059937471
station_v0_bogota_grid__TD3_vanilla_extended_ts102__seed35__2022-01-17,station_v0_bogota_grid,1.0,TD3_vanilla_extended_ts102,35,2022-01-17,212.1395665876998,13.0,0.0,22.0,10.0,0.0,306.9876531406033,212.24403454820947,0.10446796050968032,0.0004922068162342216,0.5914356314962815
station_v0_bogota_grid__RoundRobin__seed35__2022-03-05,station_v0_bogota_grid,1.0,RoundRobin,35,2022-03-05,210.38319950068347,14.0,2.0,30.0,11.0,26.83466610235429,431.9078347884401,210.799491361874,0.41629186119052974,0.11467609814320136,0.6726609594434905
station_v0_bogota_grid__Optimal_Oracle_Tracking__seed35__2022-03-05,station_v0_bogota_grid,1.0,Optimal_Oracle_Tracking,35,2022-03-05,209.92390127423977,14.0,2.0,30.0,11.0,26.83466610235429,431.9078347884401,210.799491361874,0.8755900876342366,0.11660889362742313,0.6733755898946396
station_v0_bogota_grid__MPC_TrackingG2V__seed36__2022-01-17,station_v0_bogota_grid,1.0,MPC_TrackingG2V,36,2022-01-17,257.0741286204652,15.0,4.0,24.0,9.0,51.7381868434326,360.06979987089977,258.3941981731553,1.3200695526900859,0.17108260523416413,0.5843345296840495
station_v0_bogota_grid__ChargeAsFastAsPossible__seed36__2022-03-05,station_v0_bogota_grid,1.0,ChargeAsFastAsPossible,36,2022-03-05,174.72119842877254,11.0,7.0,25.0,11.0,102.7607084357579,385.203337201832,174.76106417404216,0.03986574526962272,0.3704234562005581,0.6879780250325386
station_v0_bogota_grid__TD3_vanilla_extended_ts102__seed36__2022-03-05,station_v0_bogota_grid,1.0,TD3_vanilla_extended_ts102,36,2022-03-05,174.6825955054113,11.0,7.0,25.0,11.0,102.7607084357579,385.203337201832,174.76106417404216,0.07846866863084756,0.37056255492062684,0.6880469632065839
station_v0_bogota_grid__RoundRobin__seed37__2022-01-17,station_v0_bogota_grid,1.0,RoundRobin,37,2022-01-17,223.4218964399643,14.0,1.0,29.0,10.0,16.6677228815799,464.6380973109944,223.5666725698765,0.1447761299121737,0.06998372976483015,0.6753554956054156
station_v0_bogota_grid__Optimal_Oracle_Tracking__seed37__2022-01-17,station_v0_bogota_grid,1.0,Optimal_Oracle_Tracking,37,2022-01-17,222.6148412692056,14.0,1.0,29.0,10.0,16.6677228815799,464.6380973109944,223.5666725698765,0.9518313006708752,0.07334317864492101,0.6765281918814069
station_v0_bogota_grid__MPC_TrackingG2V__seed37__2022-03-05,station_v0_bogota_grid,1.0,MPC_TrackingG2V,37,2022-03-05,164.59636260290907,11.0,1.0,23.0,14.0,12.9705010402643,342.6164130494258,165.3092173844786,0.7128547815695185,0.07675217317336057,0.6759439714386931
station_v0_bogota_grid__ChargeAsFastAsPossible__seed38__2022-01-17,station_v0_bogota_grid,1.0,ChargeAsFastAsPossible,38,2022-01-17,216.61813872384823,12.0,5.0,31.0,11.0,64.4144530829053,465.5092914245346,216.6893789482603,0.07124022441206534,0.22940168706119926,0.6824705937854219
station_v0_bogota_grid__TD3_vanilla_extended_ts102__seed38__2022-01-17,station_v0_bogota_grid,1.0,TD3_vanilla_extended_ts102,38,2022-01-17,216.55846577278163,12.0,5.0,31.0,11.0,64.4144530829053,465.5092914245346,216.6893789482603,0.13091317547866765,0.22961396787799007,0.6825580653001846
station_v0_bogota_grid__RoundRobin__seed38__2022-03-05,station_v0_bogota_grid,1.0,RoundRobin,38,2022-03-05,198.1035342257527,11.0,2.0,25.0,15.0,26.83466610235429,373.7640256237224,198.29549335372545,0.19195912797275128,0.12004888769956046,0.6537011837861534
station_v0_bogota_grid__Optimal_Oracle_Tracking__seed38__2022-03-05,station_v0_bogota_grid,1.0,Optimal_Oracle_Tracking,38,2022-03-05,197.42267152989103,11.0,2.0,25.0,15.0,26.83466610235429,373.7640256237224,198.29549335372545,0.8728218238344141,0.12307319460498194,0.6548913793397187
station_v0_bogota_grid__MPC_TrackingG2V__seed39__2022-01-17,station_v0_bogota_grid,1.0,MPC_TrackingG2V,39,2022-01-17,181.3241881888221,11.0,6.0,23.0,12.0,80.3011542654791,341.98350723495565,182.3191080994636,0.9949199106414994,0.30955750879248545,0.6541611983507523
station_v0_bogota_grid__ChargeAsFastAsPossible__seed39__2022-03-05,station_v0_bogota_grid,1.0,ChargeAsFastAsPossible,39,2022-03-05,174.80130036755577,11.0,6.0,24.0,14.0,84.2361590769885,366.0717194450266,174.843273056201,0.04197268864524517,0.3252984270951598,0.676841457916959
station_v0_bogota_grid__TD3_vanilla_extended_ts102__seed39__2022-03-05,station_v0_bogota_grid,1.0,TD3_vanilla_extended_ts102,39,2022-03-05,174.75975628036102,11.0,6.0,24.0,14.0,84.2361590769885,366.0717194450266,174.843273056201,0.08351677583999617,0.3254587797980073,0.6769182612738094
station_v0_bogota_grid__RoundRobin__seed40__2022-01-17,station_v0_bogota_grid,1.0,RoundRobin,40,2022-01-17,257.94183444686394,15.0,14.0,39.0,12.0,187.93302918399309,589.0016426446929,258.1024400511501,0.160605604286161,0.42170107034496646,0.6955016039752941
station_v0_bogota_grid__Optimal_Oracle_Tracking__seed40__2022-01-17,station_v0_bogota_grid,1.0,Optimal_Oracle_Tracking,40,2022-01-17,256.77050476254874,15.0,14.0,39.0,12.0,187.93302918399309,589.0016426446929,258.1024400511501,1.3319352886013576,0.4243271612393157,0.6968843498600591
station_v0_bogota_grid__MPC_TrackingG2V__seed40__2022-03-05,station_v0_bogota_grid,1.0,MPC_TrackingG2V,40,2022-03-05,156.26211229730123,11.0,2.0,26.0,17.0,28.9594652606779,389.0491698634732,156.70357129248424,0.44145899518301235,0.15835636862183033,0.713675991867081
station_v0_bogota_grid__ChargeAsFastAsPossible__seed41__2022-01-17,station_v0_bogota_grid,1.0,ChargeAsFastAsPossible,41,2022-01-17,156.64702298514823,12.0,12.0,33.0,15.0,152.2285752536506,474.7561641959834,156.66459148306902,0.017568497920791515,0.4928763732780664,0.7519134086482722
station_v0_bogota_grid__TD3_vanilla_extended_ts102__seed41__2022-01-17,station_v0_bogota_grid,1.0,TD3_vanilla_extended_ts102,41,2022-01-17,156.6084991057224,12.0,12.0,33.0,15.0,152.2285752536506,474.7561641959834,156.66459148306902,0.056092377346629974,0.4930010891461214,0.7519744200722385
station_v0_bogota_grid__RoundRobin__seed41__2022-03-05,station_v0_bogota_grid,1.0,RoundRobin,41,2022-03-05,148.686197212727,12.0,13.0,32.0,12.0,171.6470555451794,470.4892521089315,148.87555530652006,0.1893580937930608,0.5361132345152347,0.7599376079613243
station_v0_bogota_grid__Optimal_Oracle_Tracking__seed41__2022-03-05,station_v0_bogota_grid,1.0,Optimal_Oracle_Tracking,41,2022-03-05,148.05968419066824,12.0,13.0,32.0,12.0,171.6470555451794,470.4892521089315,148.87555530652006,0.8158711158518202,0.5380678954372645,0.7609491491637913
station_v0_bogota_grid__MPC_TrackingG2V__seed42__2022-01-17,station_v0_bogota_grid,1.0,MPC_TrackingG2V,42,2022-01-17,239.85493954342897,14.0,8.0,35.0,13.0,110.5921045860328,526.7928662704916,240.98765321725227,1.1327136738233037,0.31777943917456153,0.6875996024183344
station_v0_bogota_grid__ChargeAsFastAsPossible__seed42__2022-03-05,station_v0_bogota_grid,1.0,ChargeAsFastAsPossible,42,2022-03-05,207.82053914640383,13.0,12.0,42.0,8.0,173.46438737740718,646.2836134398752,207.8667513490321,0.04621220262828274,0.45501293222347916,0.756693261850021
station_v0_bogota_grid__TD3_vanilla_extended_ts102__seed42__2022-03-05,station_v0_bogota_grid,1.0,TD3_vanilla_extended_ts102,42,2022-03-05,207.7435560609453,13.0,12.0,42.0,8.0,173.46438737740718,646.2836134398752,207.8667513490321,0.12319528808680502,0.4552148121059237,0.7567833901092034
station_v0_bogota_grid__RoundRobin__seed43__2022-01-17,station_v0_bogota_grid,1.0,RoundRobin,43,2022-01-17,153.64254311677473,10.0,1.0,32.0,15.0,12.8498847984186,457.34686636732135,153.78802404912605,0.14548093235131887,0.0779856505680184,0.7485947120249056
station_v0_bogota_grid__Optimal_Oracle_Tracking__seed43__2022-01-17,station_v0_bogota_grid,1.0,Optimal_Oracle_Tracking,43,2022-01-17,153.08197234621082,10.0,1.0,32.0,15.0,12.8498847984186,457.34686636732135,153.78802404912605,0.7060517029152322,0.08134965564009822,0.7495119739573439
station_v0_bogota_grid__MPC_TrackingG2V__seed43__2022-03-05,station_v0_bogota_grid,1.0,MPC_TrackingG2V,43,2022-03-05,166.31729010212905,12.0,8.0,39.0,9.0,105.3167017802695,576.5121920739621,167.2456199015754,0.9283297994463453,0.3898008753525844,0.7763824629144207
station_v0_bogota_grid__ChargeAsFastAsPossible__seed44__2022-01-17,station_v0_bogota_grid,1.0,ChargeAsFastAsPossible,44,2022-01-17,145.29757933763585,12.0,0.0,30.0,13.0,0.0,438.1041887382335,145.3286836986017,0.03110436096585545,0.00021402767969992096,0.750960931065182
station_v0_bogota_grid__TD3_vanilla_extended_ts102__seed44__2022-01-17,station_v0_bogota_grid,1.0,TD3_vanilla_extended_ts102,44,2022-01-17,125.53508290007257,12.0,0.0,30.0,13.0,0.0,438.1041887382335,145.3286836986017,19.79360079852914,0.13619885830370035,0.7848337163866894
station_v0_bogota_grid__RoundRobin__seed44__2022-03-05,station_v0_bogota_grid,1.0,RoundRobin,44,2022-03-05,129.87958866413126,12.0,5.0,26.0,13.0,70.1384103041272,381.61823596858807,131.69147992769388,1.8118912635626145,0.3564898216267569,0.7469761731718821
station_v0_bogota_grid__Optimal_Oracle_Tracking__seed44__2022-03-05,station_v0_bogota_grid,1.0,Optimal_Oracle_Tracking,44,2022-03-05,130.9773639691465,12.0,5.0,26.0,13.0,70.1384103041272,381.61823596858807,131.69147992769388,0.7141159585473815,0.3510507099879687,0.7448375514567281
station_v0_bogota_grid__MPC_TrackingG2V__seed45__2022-01-17,station_v0_bogota_grid,1.0,MPC_TrackingG2V,45,2022-01-17,205.97509702552333,13.0,1.0,33.0,11.0,16.6677228815799,499.30066314762166,206.83313467257483,0.8580376470515034,0.07841473505033361,0.7083058512970782
station_v0_bogota_grid__ChargeAsFastAsPossible__seed45__2022-03-05,station_v0_bogota_grid,1.0,ChargeAsFastAsPossible,45,2022-03-05,195.52265639379675,13.0,4.0,40.0,7.0,62.6046818001267,606.013347606003,195.5625382386725,0.03988184487573676,0.24265111440401993,0.7560771726712299
station_v0_bogota_grid__TD3_vanilla_extended_ts102__seed45__2022-03-05,station_v0_bogota_grid,1.0,TD3_vanilla_extended_ts102,45,2022-03-05,195.4861971110841,13.0,4.0,40.0,7.0,62.6046818001267,606.013347606003,195.5625382386725,0.07634112758839251,0.2427923379207281,0.7561226571766354
station_v0_bogota_grid__RoundRobin__seed46__2022-01-17,station_v0_bogota_grid,1.0,RoundRobin,46,2022-01-17,272.5478630854942,15.0,24.0,53.0,12.0,321.32403231110914,815.1782820907837,272.72976335215844,0.1819002666642291,0.5412067643113171,0.7494752757577722
station_v0_bogota_grid__Optimal_Oracle_Tracking__seed46__2022-01-17,station_v0_bogota_grid,1.0,Optimal_Oracle_Tracking,46,2022-01-17,271.53092112213324,15.0,24.0,53.0,12.0,321.32403231110914,815.1782820907837,272.72976335215844,1.1988422300252068,0.5429186327831371,0.7504100440661974
station_v0_bogota_grid__MPC_TrackingG2V__seed46__2022-03-05,station_v0_bogota_grid,1.0,MPC_TrackingG2V,46,2022-03-05,275.5704761657134,15.0,26.0,51.0,11.0,392.0031375973125,772.4728332827,276.6956122409052,1.12513607519179,0.5879004166937896,0.7373439152297557
station_v0_bogota_grid__ChargeAsFastAsPossible__seed47__2022-01-17,station_v0_bogota_grid,1.0,ChargeAsFastAsPossible,47,2022-01-17,185.17007099454344,14.0,10.0,27.0,10.0,136.3182205605405,405.1566048769045,185.2031887367941,0.03311774225065278,0.42408167655391493,0.686343695831513
station_v0_bogota_grid__TD3_vanilla_extended_ts102__seed47__2022-01-17,station_v0_bogota_grid,1.0,TD3_vanilla_extended_ts102,47,2022-01-17,185.09328338833387,14.0,10.0,27.0,10.0,136.3182205605405,405.1566048769045,185.2031887367941,0.1099053484602166,0.42432050234899144,0.686473764997876
station_v0_bogota_grid__RoundRobin__seed47__2022-03-05,station_v0_bogota_grid,1.0,RoundRobin,47,2022-03-05,180.10523351426883,14.0,8.0,25.0,9.0,117.7198032909746,384.08073217820674,180.23055847908097,0.12532496481213684,0.3955193326690242,0.6808406344227327
station_v0_bogota_grid__Optimal_Oracle_Tracking__seed47__2022-03-05,station_v0_bogota_grid,1.0,Optimal_Oracle_Tracking,47,2022-03-05,179.28536913175927,14.0,8.0,25.0,9.0,117.7198032909746,384.08073217820674,180.23055847908097,0.9451893473217012,0.39827101378006213,0.6822934927937829
station_v0_bogota_grid__MPC_TrackingG2V__seed48__2022-01-17,station_v0_bogota_grid,1.0,MPC_TrackingG2V,48,2022-01-17,304.32838813941834,16.0,9.0,31.0,18.0,119.6124074002314,454.50019364253575,305.1872694143928,0.8588812749744648,0.28359552808176364,0.5994031717795862
station_v0_bogota_grid__ChargeAsFastAsPossible__seed48__2022-03-05,station_v0_bogota_grid,1.0,ChargeAsFastAsPossible,48,2022-03-05,273.9662779693319,15.0,11.0,32.0,12.0,146.2954597535727,473.3324868019284,274.0427989740225,0.07652100469061907,0.3482242639567132,0.633428769744653
station_v0_bogota_grid__TD3_vanilla_extended_ts102__seed48__2022-03-05,station_v0_bogota_grid,1.0,TD3_vanilla_extended_ts102,48,2022-03-05,269.36165794290866,15.0,11.0,32.0,12.0,146.2954597535727,473.3324868019284,274.0427989740225,4.681141031113839,0.3591788224124718,0.639589824457136
station_v0_bogota_grid__RoundRobin__seed49__2022-01-17,station_v0_bogota_grid,1.0,RoundRobin,49,2022-01-17,205.36354896566485,14.0,6.0,34.0,18.0,78.63273317860609,521.583688432999,205.51313166389733,0.1495826982324786,0.27726011751220137,0.7175568049681511
station_v0_bogota_grid__Optimal_Oracle_Tracking__seed49__2022-01-17,station_v0_bogota_grid,1.0,Optimal_Oracle_Tracking,49,2022-01-17,204.2829787857354,14.0,6.0,34.0,18.0,78.63273317860609,521.583688432999,205.51313166389733,1.230152878161931,0.2810629889019659,0.7190429484225888
station_v0_bogota_grid__MPC_TrackingG2V__seed49__2022-03-05,station_v0_bogota_grid,1.0,MPC_TrackingG2V,49,2022-03-05,224.4180247959034,15.0,11.0,41.0,13.0,153.30160806461998,642.7603114805373,225.6339324027065,1.215907606803114,0.40776728274382146,0.7415712663036991
station_v0_bogota_grid_spawn1.3__ChargeAsFastAsPossible__seed0__2022-01-17,station_v0_bogota_grid_spawn1.3,1.3,ChargeAsFastAsPossible,0,2022-01-17,236.734394058051,16.0,22.0,57.0,16.0,305.9873618492244,841.8286156020673,236.77892507994892,0.04453102189791025,0.5638373278535205,0.7805185063805866
station_v0_bogota_grid_spawn1.3__TD3_vanilla_extended_ts102__seed0__2022-01-17,station_v0_bogota_grid_spawn1.3,1.3,TD3_vanilla_extended_ts102,0,2022-01-17,223.30194925296584,16.0,22.0,57.0,16.0,305.9873618492244,841.8286156020673,236.77892507994892,13.476975826983079,0.588585447124307,0.7929720117552957
station_v0_bogota_grid_spawn1.3__RoundRobin__seed0__2022-03-05,station_v0_bogota_grid_spawn1.3,1.3,RoundRobin,0,2022-03-05,206.23346446967136,15.0,24.0,48.0,19.0,337.8386564567647,704.8839869135285,206.3812794222937,0.14781495262232625,0.6210475749357655,0.773684488931602
station_v0_bogota_grid_spawn1.3__Optimal_Oracle_Tracking__seed0__2022-03-05,station_v0_bogota_grid_spawn1.3,1.3,Optimal_Oracle_Tracking,0,2022-03-05,205.3852637209629,15.0,24.0,48.0,19.0,337.8386564567647,704.8839869135285,206.3812794222937,0.9960157013307764,0.6226061373712601,0.774615283487307
station_v0_bogota_grid_spawn1.3__MPC_TrackingG2V__seed1__2022-01-17,station_v0_bogota_grid_spawn1.3,1.3,MPC_TrackingG2V,1,2022-01-17,209.44291244080532,14.0,23.0,56.0,17.0,291.1888147364417,812.349296041467,210.6948761490065,1.251963708201174,0.582686354937544,0.795274810087271
station_v0_bogota_grid_spawn1.3__ChargeAsFastAsPossible__seed1__2022-03-05,station_v0_bogota_grid_spawn1.3,1.3,ChargeAsFastAsPossible,1,2022-03-05,228.02158812604415,16.0,32.0,59.0,12.0,467.2569432100625,873.6009654739211,228.0713140828252,0.04972595678106018,0.672066271240295,0.7930223058550698
station_v0_bogota_grid_spawn1.3__TD3_vanilla_extended_ts102__seed1__2022-03-05,station_v0_bogota_grid_spawn1.3,1.3,TD3_vanilla_extended_ts102,1,2022-03-05,227.9791798259588,16.0,32.0,59.0,12.0,467.2569432100625,873.6009654739211,228.0713140828252,0.09213425686641585,0.6721272615706039,0.7930608003337568
station_v0_bogota_grid_spawn1.3__RoundRobin__seed2__2022-01-17,station_v0_bogota_grid_spawn1.3,1.3,RoundRobin,2,2022-01-17,199.32006268573497,14.0,9.0,41.0,17.0,129.75642967060588,616.28695329705,199.4961817162337,0.17611903049873945,0.39462875678895254,0.7556702827860136
station_v0_bogota_grid_spawn1.3__Optimal_Oracle_Tracking__seed2__2022-01-17,station_v0_bogota_grid_spawn1.3,1.3,Optimal_Oracle_Tracking,2,2022-01-17,198.20900771090783,14.0,9.0,41.0,17.0,129.75642967060588,616.28695329705,199.4961817162337,1.2871740053258804,0.3980032326060077,0.7570322317245743
station_v0_bogota_grid_spawn1.3__MPC_TrackingG2V__seed2__2022-03-05,station_v0_bogota_grid_spawn1.3,1.3,MPC_TrackingG2V,2,2022-03-05,270.6555488331163,17.0,21.0,59.0,3.0,331.5540342360206,915.2229137070252,271.88997825768365,1.2344294245673382,0.5514819217202191,0.7720052147819126
station_v0_bogota_grid_spawn1.3__ChargeAsFastAsPossible__seed3__2022-01-17,station_v0_bogota_grid_spawn1.3,1.3,ChargeAsFastAsPossible,3,2022-01-17,210.77591243368863,13.0,5.0,44.0,14.0,65.2954222484842,638.0071120444248,210.83035591535548,0.05444348166685131,0.23666702241532703,0.7516887267708644
station_v0_bogota_grid_spawn1.3__TD3_vanilla_extended_ts102__seed3__2022-01-17,station_v0_bogota_grid_spawn1.3,1.3,TD3_vanilla_extended_ts102,3,2022-01-17,193.43169895594656,13.0,5.0,44.0,14.0,65.2954222484842,638.0071120444248,210.83035591535548,17.398656959408925,0.29947975070558774,0.7721216295731284
station_v0_bogota_grid_spawn1.3__RoundRobin__seed3__2022-03-05,station_v0_bogota_grid_spawn1.3,1.3,RoundRobin,3,2022-03-05,219.11035076745225,15.0,18.0,49.0,8.0,254.4918121065862,725.0412914532693,221.7806136868596,2.6702629194073495,0.5399474357508196,0.7685833528164686
station_v0_bogota_grid_spawn1.3__Optimal_Oracle_Tracking__seed3__2022-03-05,station_v0_bogota_grid_spawn1.3,1.3,Optimal_Oracle_Tracking,3,2022-03-05,220.59861567141496,15.0,18.0,49.0,8.0,254.4918121065862,725.0412914532693,221.7806136868596,1.1819980154446341,0.5368226172155384,0.7670114997616511
station_v0_bogota_grid_spawn1.3__MPC_TrackingG2V__seed4__2022-01-17,station_v0_bogota_grid_spawn1.3,1.3,MPC_TrackingG2V,4,2022-01-17,194.64521029435025,15.0,12.0,55.0,21.0,154.1437364332877,800.5407689214562,195.7302649930538,1.0850546987035443,0.44367055139611833,0.8046262476089887
station_v0_bogota_grid_spawn1.3__ChargeAsFastAsPossible__seed4__2022-03-05,station_v0_bogota_grid_spawn1.3,1.3,ChargeAsFastAsPossible,4,2022-03-05,200.80083824467903,15.0,23.0,60.0,15.0,344.39995407959896,888.2698759478592,200.8425931959265,0.04175495124746931,0.6317219937291338,0.8156289236110389
station_v0_bogota_grid_spawn1.3__TD3_vanilla_extended_ts102__seed4__2022-03-05,station_v0_bogota_grid_spawn1.3,1.3,TD3_vanilla_extended_ts102,4,2022-03-05,177.3131102120505,15.0,23.0,60.0,15.0,344.39995407959896,888.2698759478592,200.8425931959265,23.529482983875994,0.674799571130223,0.837194857982439
station_v0_bogota_grid_spawn1.3__RoundRobin__seed5__2022-01-17,station_v0_bogota_grid_spawn1.3,1.3,RoundRobin,5,2022-01-17,180.9047109660603,15.0,17.0,47.0,10.0,247.7119036881366,716.1380701568563,181.03753821555551,0.13282724949522162,0.5780642648470292,0.7983619825618711
station_v0_bogota_grid_spawn1.3__Optimal_Oracle_Tracking__seed5__2022-01-17,station_v0_bogota_grid_spawn1.3,1.3,Optimal_Oracle_Tracking,5,2022-01-17,179.67503991848116,15.0,17.0,47.0,10.0,247.7119036881366,716.1380701568563,181.03753821555551,1.362498297074353,0.5809323060090638,0.7997325849680265
station_v0_bogota_grid_spawn1.3__MPC_TrackingG2V__seed5__2022-03-05,station_v0_bogota_grid_spawn1.3,1.3,MPC_TrackingG2V,5,2022-03-05,180.3922621331367,15.0,23.0,54.0,11.0,329.70554916777706,814.489589955573,181.713143939356,1.3208818062192904,0.647270886722657,0.8189201294119688
station_v0_bogota_grid_spawn1.3__ChargeAsFastAsPossible__seed6__2022-01-17,station_v0_bogota_grid_spawn1.3,1.3,ChargeAsFastAsPossible,6,2022-01-17,192.46489879411928,14.0,16.0,36.0,19.0,204.05904977663664,508.1624892808893,192.53006302483013,0.06516423071084887,0.5146994897702409,0.7253219002245869
station_v0_bogota_grid_spawn1.3__TD3_vanilla_extended_ts102__seed6__2022-01-17,station_v0_bogota_grid_spawn1.3,1.3,TD3_vanilla_extended_ts102,6,2022-01-17,192.4381650824729,14.0,16.0,36.0,19.0,204.05904977663664,508.1624892808893,192.53006302483013,0.09189794235723525,0.514766898861372,0.7253600534938894
station_v0_bogota_grid_spawn1.3__RoundRobin__seed6__2022-03-05,station_v0_bogota_grid_spawn1.3,1.3,RoundRobin,6,2022-03-05,149.3168878154048,12.0,6.0,40.0,16.0,79.99581525943199,573.306118258578,149.46260723469973,0.14571941929492027,0.3492638614334433,0.7934098660487855
station_v0_bogota_grid_spawn1.3__Optimal_Oracle_Tracking__seed6__2022-03-05,station_v0_bogota_grid_spawn1.3,1.3,Optimal_Oracle_Tracking,6,2022-03-05,148.7356701582592,12.0,6.0,40.0,16.0,79.99581525943199,573.306118258578,149.46260723469973,0.726937076440521,0.3517968591365913,0.7942140204575818
station_v0_bogota_grid_spawn1.3__MPC_TrackingG2V__seed7__2022-01-17,station_v0_bogota_grid_spawn1.3,1.3,MPC_TrackingG2V,7,2022-01-17,215.3402439704868,14.0,14.0,44.0,22.0,189.7446874822018,658.7363978093663,216.47252074709183,1.132276776605039,0.46988891753464146,0.7539556105921976
station_v0_bogota_grid_spawn1.3__ChargeAsFastAsPossible__seed7__2022-03-05,station_v0_bogota_grid_spawn1.3,1.3,ChargeAsFastAsPossible,7,2022-03-05,231.63809270548904,16.0,30.0,44.0,20.0,435.47850654600114,658.4908117524366,231.6959360557911,0.05784335030205057,0.6528073050847605,0.7397870803223969
station_v0_bogota_grid_spawn1.3__TD3_vanilla_extended_ts102__seed7__2022-03-05,station_v0_bogota_grid_spawn1.3,1.3,TD3_vanilla_extended_ts102,7,2022-03-05,231.592464393549,16.0,30.0,44.0,20.0,435.47850654600114,658.4908117524366,231.6959360557911,0.10347166224210014,0.6528756954621887,0.7398383373334144
station_v0_bogota_grid_spawn1.3__RoundRobin__seed8__2022-01-17,station_v0_bogota_grid_spawn1.3,1.3,RoundRobin,8,2022-01-17,296.5593972329059,15.0,9.0,45.0,13.0,139.3149408654558,702.3938520567413,296.7349083354991,0.17551110259319103,0.3198956546451284,0.7031820031719617
station_v0_bogota_grid_spawn1.3__Optimal_Oracle_Tracking__seed8__2022-01-17,station_v0_bogota_grid_spawn1.3,1.3,Optimal_Oracle_Tracking,8,2022-01-17,295.6455811228955,15.0,9.0,45.0,13.0,139.3149408654558,702.3938520567413,296.7349083354991,1.089327212603564,0.32199132355015136,0.704096616129006
station_v0_bogota_grid_spawn1.3__MPC_TrackingG2V__seed8__2022-03-05,station_v0_bogota_grid_spawn1.3,1.3,MPC_TrackingG2V,8,2022-03-05,288.2240439114167,15.0,16.0,47.0,10.0,226.5480392639746,727.2160349607906,289.3675955590911,1.1435516476744283,0.44133493064178275,0.7164777837667731
station_v0_bogota_grid_spawn1.3__ChargeAsFastAsPossible__seed9__2022-01-17,station_v0_bogota_grid_spawn1.3,1.3,ChargeAsFastAsPossible,9,2022-01-17,221.6305170055472,15.0,6.0,49.0,7.0,95.651505395416,762.2515373317202,221.67560055163176,0.04508354608455534,0.30157079917865387,0.7747490556238502
station_v0_bogota_grid_spawn1.3__TD3_vanilla_extended_ts102__seed9__2022-01-17,station_v0_bogota_grid_spawn1.3,1.3,TD3_vanilla_extended_ts102,9,2022-01-17,221.6025358462616,15.0,6.0,49.0,7.0,95.651505395416,762.2515373317202,221.67560055163176,0.07306470537017162,0.3016589768311809,0.7747774938670984
station_v0_bogota_grid_spawn1.3__RoundRobin__seed9__2022-03-05,station_v0_bogota_grid_spawn1.3,1.3,RoundRobin,9,2022-03-05,210.1340127004325,15.0,13.0,46.0,6.0,196.57638174665263,740.1073253972062,210.50270192068908,0.36868922025658435,0.4838005165793521,0.7789482472709484
station_v0_bogota_grid_spawn1.3__Optimal_Oracle_Tracking__seed9__2022-03-05,station_v0_bogota_grid_spawn1.3,1.3,Optimal_Oracle_Tracking,9,2022-03-05,209.4824645624705,15.0,13.0,46.0,6.0,196.57638174665263,740.1073253972062,210.50270192068908,1.0202373582185658,0.4854010609553791,0.779633647297498
station_v0_bogota_grid_spawn1.3__MPC_TrackingG2V__seed10__2022-01-17,station_v0_bogota_grid_spawn1.3,1.3,MPC_TrackingG2V,10,2022-01-17,183.66823928541135,13.0,29.0,58.0,18.0,370.9434780060848,868.7961857069969,184.8821522454521,1.2139129600407443,0.6695578086201369,0.8256885116929299
station_v0_bogota_grid_spawn1.3__ChargeAsFastAsPossible__seed10__2022-03-05,station_v0_bogota_grid_spawn1.3,1.3,ChargeAsFastAsPossible,10,2022-03-05,216.2154951177847,15.0,31.0,61.0,12.0,439.1950410815653,933.4409642908143,216.265292875268,0.04979775748327597,0.6701318387757328,0.8119384897054178
station_v0_bogota_grid_spawn1.3__TD3_vanilla_extended_ts102__seed10__2022-03-05,station_v0_bogota_grid_spawn1.3,1.3,TD3_vanilla_extended_ts102,10,2022-03-05,216.1747422559294,15.0,31.0,61.0,12.0,439.1950410815653,933.4409642908143,216.265292875268,0.0905506193385861,0.6701940131892619,0.8119739360305999
station_v0_bogota_grid_spawn1.3__RoundRobin__seed11__2022-01-17,station_v0_bogota_grid_spawn1.3,1.3,RoundRobin,11,2022-01-17,216.1585741557764,14.0,15.0,38.0,14.0,213.89375940922224,534.4661704448229,216.2679359649552,0.10936180917880733,0.49749460149456076,0.7120703957496916
station_v0_bogota_grid_spawn1.3__Optimal_Oracle_Tracking__seed11__2022-01-17,station_v0_bogota_grid_spawn1.3,1.3,Optimal_Oracle_Tracking,11,2022-01-17,215.07780054582176,14.0,15.0,38.0,14.0,213.89375940922224,534.4661704448229,216.2679359649552,1.1901354191334406,0.5000070837113108,0.7135100181149563
station_v0_bogota_grid_spawn1.3__MPC_TrackingG2V__seed11__2022-03-05,station_v0_bogota_grid_spawn1.3,1.3,MPC_TrackingG2V,11,2022-03-05,213.71393095301832,14.0,10.0,40.0,8.0,147.8422275287258,601.934580315953,214.8013462450902,1.0874152920718814,0.4106777386704401,0.7383316638795547
station_v0_bogota_grid_spawn1.3__ChargeAsFastAsPossible__seed12__2022-01-17,station_v0_bogota_grid_spawn1.3,1.3,ChargeAsFastAsPossible,12,2022-01-17,256.9374189498368,17.0,26.0,48.0,6.0,378.6198906259708,724.0659782701335,257.01373380852067,0.07631485868387244,0.5957774902508846,0.7381074995369613
station_v0_bogota_grid_spawn1.3__TD3_vanilla_extended_ts102__seed12__2022-01-17,station_v0_bogota_grid_spawn1.3,1.3,TD3_vanilla_extended_ts102,12,2022-01-17,256.8805273783739,17.0,26.0,48.0,6.0,378.6198906259708,724.0659782701335,257.01373380852067,0.1332064301467426,0.5958669939669813,0.738165488271987
station_v0_bogota_grid_spawn1.3__RoundRobin__seed12__2022-03-05,station_v0_bogota_grid_spawn1.3,1.3,RoundRobin,12,2022-03-05,203.17903503954284,15.0,22.0,51.0,8.0,337.19620642388713,770.0021639400645,203.3263496183162,0.1473145787733472,0.624106278695835,0.7912533823788406
station_v0_bogota_grid_spawn1.3__Optimal_Oracle_Tracking__seed12__2022-03-05,station_v0_bogota_grid_spawn1.3,1.3,Optimal_Oracle_Tracking,12,2022-03-05,202.4932375260538,15.0,22.0,51.0,8.0,337.19620642388713,770.0021639400645,203.3263496183162,0.8331120922623825,0.6253750463093655,0.7919579723543071
station_v0_bogota_grid_spawn1.3__MPC_TrackingG2V__seed13__2022-01-17,station_v0_bogota_grid_spawn1.3,1.3,MPC_TrackingG2V,13,2022-01-17,258.83504527765405,16.0,19.0,60.0,11.0,281.8571903212748,913.7519458018096,259.824849158627,0.9898038809729428,0.5221642468962501,0.779447713699571
station_v0_bogota_grid_spawn1.3__ChargeAsFastAsPossible__seed13__2022-03-05,station_v0_bogota_grid_spawn1.3,1.3,ChargeAsFastAsPossible,13,2022-03-05,249.0194501245481,16.0,20.0,52.0,9.0,283.51275727825447,786.5779106780276,249.0717858278885,0.05233570334041815,0.5324320742163953,0.7595524326761336
station_v0_bogota_grid_spawn1.3__TD3_vanilla_extended_ts102__seed13__2022-03-05,station_v0_bogota_grid_spawn1.3,1.3,TD3_vanilla_extended_ts102,13,2022-03-05,248.98133091909688,16.0,20.0,52.0,9.0,283.51275727825447,786.5779106780276,249.0717858278885,0.09045490879162799,0.5325036482151991,0.7595892397215852
station_v0_bogota_grid_spawn1.3__RoundRobin__seed14__2022-01-17,station_v0_bogota_grid_spawn1.3,1.3,RoundRobin,14,2022-01-17,329.35212476042693,15.0,10.0,36.0,18.0,127.9841756299737,529.1559146149455,329.642655706102,0.29053094567507287,0.28030416442397227,0.6164966545795434
station_v0_bogota_grid_spawn1.3__Optimal_Oracle_Tracking__seed14__2022-01-17,station_v0_bogota_grid_spawn1.3,1.3,Optimal_Oracle_Tracking,14,2022-01-17,328.36594025126647,15.0,10.0,36.0,18.0,127.9841756299737,529.1559146149455,329.642655706102,1.2767154548355393,0.28245916155620165,0.6176449849834841
station_v0_bogota_grid_spawn1.3__MPC_TrackingG2V__seed14__2022-03-05,station_v0_bogota_grid_spawn1.3,1.3,MPC_TrackingG2V,14,2022-03-05,260.72302216637434,13.0,12.0,41.0,17.0,174.91398066216055,592.4839820056991,261.5989013483606,0.8758791819862495,0.40271402537877404,0.6947333481939226
station_v0_bogota_grid_spawn1.3__ChargeAsFastAsPossible__seed15__2022-01-17,station_v0_bogota_grid_spawn1.3,1.3,ChargeAsFastAsPossible,15,2022-01-17,205.8770784421586,16.0,41.0,62.0,14.0,605.6182398214877,909.920149113005,205.92694745691503,0.0498690147564389,0.7463147072160112,0.8154970523515108
station_v0_bogota_grid_spawn1.3__TD3_vanilla_extended_ts102__seed15__2022-01-17,station_v0_bogota_grid_spawn1.3,1.3,TD3_vanilla_extended_ts102,15,2022-01-17,205.84258037494905,16.0,41.0,62.0,14.0,605.6182398214877,909.920149113005,205.92694745691503,0.0843670819659792,0.7463572163304146,0.815527968833989
station_v0_bogota_grid_spawn1.3__RoundRobin__seed15__2022-03-05,station_v0_bogota_grid_spawn1.3,1.3,RoundRobin,15,2022-03-05,179.2375833390982,14.0,24.0,64.0,18.0,321.6462393754447,938.6995594021738,179.3399715758173,0.10238823671909358,0.6422305057083992,0.839685826508914
station_v0_bogota_grid_spawn1.3__Optimal_Oracle_Tracking__seed15__2022-03-05,station_v0_bogota_grid_spawn1.3,1.3,Optimal_Oracle_Tracking,15,2022-03-05,178.28941335263266,14.0,24.0,64.0,18.0,321.6462393754447,938.6995594021738,179.3399715758173,1.0505582231846233,0.6441231126619223,0.8405338913225401
station_v0_bogota_grid_spawn1.3__MPC_TrackingG2V__seed16__2022-01-17,station_v0_bogota_grid_spawn1.3,1.3,MPC_TrackingG2V,16,2022-01-17,223.7980898726331,16.0,41.0,56.0,6.0,600.2035304033235,855.2723256315938,225.2725374953891,1.4744476227559744,0.7288860348885444,0.7928840370172275
station_v0_bogota_grid_spawn1.3__ChargeAsFastAsPossible__seed16__2022-03-05,station_v0_bogota_grid_spawn1.3,1.3,ChargeAsFastAsPossible,16,2022-03-05,218.7109149248495,16.0,27.0,57.0,7.0,413.536269324567,869.3340496253052,218.76751946149065,0.05660453664114584,0.6541046901763052,0.7989977028445924
station_v0_bogota_grid_spawn1.3__TD3_vanilla_extended_ts102__seed16__2022-03-05,station_v0_bogota_grid_spawn1.3,1.3,TD3_vanilla_extended_ts102,16,2022-03-05,218.5995704900688,16.0,27.0,57.0,7.0,413.536269324567,869.3340496253052,218.76751946149065,0.1679489714218505,0.6542807834352029,0.799100031926678
station_v0_bogota_grid_spawn1.3__RoundRobin__seed17__2022-01-17,station_v0_bogota_grid_spawn1.3,1.3,RoundRobin,17,2022-01-17,191.72964908250088,12.0,17.0,38.0,19.0,217.8467747064968,528.167033012134,195.12180421208544,3.392155129584552,0.5357282397014983,0.7349196624984485
station_v0_bogota_grid_spawn1.3__Optimal_Oracle_Tracking__seed17__2022-01-17,station_v0_bogota_grid_spawn1.3,1.3,Optimal_Oracle_Tracking,17,2022-01-17,194.10472236783448,12.0,17.0,38.0,19.0,217.8467747064968,528.167033012134,195.12180421208544,1.0170818442509528,0.5299770193748743,0.7316359490452607
station_v0_bogota_grid_spawn1.3__MPC_TrackingG2V__seed17__2022-03-05,station_v0_bogota_grid_spawn1.3,1.3,MPC_TrackingG2V,17,2022-03-05,202.95210471312805,14.0,14.0,43.0,11.0,192.979296954757,623.7055034437236,203.9502028966892,0.9980981835611544,0.48869483172935146,0.7547867994404254
station_v0_bogota_grid_spawn1.3__ChargeAsFastAsPossible__seed18__2022-01-17,station_v0_bogota_grid_spawn1.3,1.3,ChargeAsFastAsPossible,18,2022-01-17,223.3349775810332,15.0,23.0,52.0,14.0,308.14899902099745,760.6614051074208,223.3990034761036,0.0640258950703867,0.5798404348584657,0.7730474921732642
station_v0_bogota_grid_spawn1.3__TD3_vanilla_extended_ts102__seed18__2022-01-17,station_v0_bogota_grid_spawn1.3,1.3,TD3_vanilla_extended_ts102,18,2022-01-17,223.32706630375708,15.0,23.0,52.0,14.0,308.14899902099745,760.6614051074208,223.3990034761036,0.07193717234650876,0.5798553183256953,0.7730555315956483
station_v0_bogota_grid_spawn1.3__RoundRobin__seed18__2022-03-05,station_v0_bogota_grid_spawn1.3,1.3,RoundRobin,18,2022-03-05,226.8010047622361,15.0,31.0,57.0,10.0,433.93103886458766,847.8055032129643,226.9478808965909,0.1468761343548124,0.6568191268013285,0.7889739096284464
station_v0_bogota_grid_spawn1.3__Optimal_Oracle_Tracking__seed18__2022-03-05,station_v0_bogota_grid_spawn1.3,1.3,Optimal_Oracle_Tracking,18,2022-03-05,225.6832734216624,15.0,31.0,57.0,10.0,433.93103886458766,847.8055032129643,226.9478808965909,1.2646074749285106,0.6585104068636091,0.7900138982966372
station_v0_bogota_grid_spawn1.3__MPC_TrackingG2V__seed19__2022-01-17,station_v0_bogota_grid_spawn1.3,1.3,MPC_TrackingG2V,19,2022-01-17,199.00743747616409,15.0,23.0,55.0,8.0,306.71788735579486,817.5825945078949,200.30405088641984,1.296613410255759,0.6074973833161944,0.804489587935333
station_v0_bogota_grid_spawn1.3__ChargeAsFastAsPossible__seed19__2022-03-05,station_v0_bogota_grid_spawn1.3,1.3,ChargeAsFastAsPossible,19,2022-03-05,204.1909117758324,16.0,31.0,52.0,6.0,433.9566955737617,773.71787221608,204.2288625863397,0.037950810507282995,0.6800446058909294,0.7912044649169094
station_v0_bogota_grid_spawn1.3__TD3_vanilla_extended_ts102__seed19__2022-03-05,station_v0_bogota_grid_spawn1.3,1.3,TD3_vanilla_extended_ts102,19,2022-03-05,204.1527477935483,16.0,31.0,52.0,6.0,433.9566955737617,773.71787221608,204.2288625863397,0.07611479279140099,0.6801044066523163,0.7912434895190948
station_v0_bogota_grid_spawn1.3__RoundRobin__seed20__2022-01-17,station_v0_bogota_grid_spawn1.3,1.3,RoundRobin,20,2022-01-17,257.16857726150084,15.0,20.0,52.0,10.0,259.9900502013021,771.6008350417047,257.30470057855666,0.13612331705581937,0.5028587147389358,0.7500561826538621
station_v0_bogota_grid_spawn1.3__Optimal_Oracle_Tracking__seed20__2022-01-17,station_v0_bogota_grid_spawn1.3,1.3,Optimal_Oracle_Tracking,20,2022-01-17,256.09980867501224,15.0,20.0,52.0,10.0,259.9900502013021,771.6008350417047,257.30470057855666,1.2048919035444214,0.5049247874854259,0.7510949258129649
station_v0_bogota_grid_spawn1.3__MPC_TrackingG2V__seed20__2022-03-05,station_v0_bogota_grid_spawn1.3,1.3,MPC_TrackingG2V,20,2022-03-05,237.57254939617644,14.0,19.0,52.0,10.0,251.5792653878408,785.6212700989332,238.61986617128213,1.0473167751056849,0.5153550177852104,0.7680501778504041
station_v0_bogota_grid_spawn1.3__ChargeAsFastAsPossible__seed21__2022-01-17,station_v0_bogota_grid_spawn1.3,1.3,ChargeAsFastAsPossible,21,2022-01-17,183.61083691754484,13.0,14.0,49.0,15.0,213.9507168897922,738.1696548834242,183.65593829622185,0.04510137867700337,0.5382098500548352,0.8008182477509468
station_v0_bogota_grid_spawn1.3__TD3_vanilla_extended_ts102__seed21__2022-01-17,station_v0_bogota_grid_spawn1.3,1.3,TD3_vanilla_extended_ts102,21,2022-01-17,183.5529878907892,13.0,14.0,49.0,15.0,213.9507168897922,738.1696548834242,183.65593829622185,0.10295040543263667,0.538355343159644,0.8008810026008701
station_v0_bogota_grid_spawn1.3__RoundRobin__seed21__2022-03-05,station_v0_bogota_grid_spawn1.3,1.3,RoundRobin,21,2022-03-05,186.4375670573661,14.0,7.0,41.0,13.0,106.7006495364068,629.0526896609207,186.53164132622453,0.09407426885843506,0.36419837491667884,0.7714061440688657
station_v0_bogota_grid_spawn1.3__Optimal_Oracle_Tracking__seed21__2022-03-05,station_v0_bogota_grid_spawn1.3,1.3,Optimal_Oracle_Tracking,21,2022-03-05,185.66596450830048,14.0,7.0,41.0,13.0,106.7006495364068,629.0526896609207,186.53164132622453,0.8656768179240544,0.3668297445615284,0.7723522173561389
station_v0_bogota_grid_spawn1.3__MPC_TrackingG2V__seed22__2022-01-17,station_v0_bogota_grid_spawn1.3,1.3,MPC_TrackingG2V,22,2022-01-17,211.08484373100612,15.0,21.0,66.0,10.0,303.7588446006879,1025.8618639564563,212.5446687718481,1.4598250408419915,0.5911613261118775,0.8295512514247078
station_v0_bogota_grid_spawn1.3__ChargeAsFastAsPossible__seed22__2022-03-05,station_v0_bogota_grid_spawn1.3,1.3,ChargeAsFastAsPossible,22,2022-03-05,197.65384900690051,15.0,26.0,60.0,11.0,361.22772832306913,928.6957706759728,197.69392287356013,0.04007386665961121,0.6463657319702477,0.8245244517605232
station_v0_bogota_grid_spawn1.3__TD3_vanilla_extended_ts102__seed22__2022-03-05,station_v0_bogota_grid_spawn1.3,1.3,TD3_vanilla_extended_ts102,22,2022-03-05,197.59172023599567,15.0,26.0,60.0,11.0,361.22772832306913,928.6957706759728,197.69392287356013,0.10220263756446002,0.6464768902529369,0.8245796091996055
station_v0_bogota_grid_spawn1.3__RoundRobin__seed23__2022-01-17,station_v0_bogota_grid_spawn1.3,1.3,RoundRobin,23,2022-01-17,215.8310608484922,14.0,25.0,55.0,19.0,330.1713465818417,788.8866303854555,231.2945730076688,15.463512159176588,0.6155936570356987,0.7884385047179483
station_v0_bogota_grid_spawn1.3__Optimal_Oracle_Tracking__seed23__2022-01-17,station_v0_bogota_grid_spawn1.3,1.3,Optimal_Oracle_Tracking,23,2022-01-17,230.1139494913655,14.0,25.0,55.0,19.0,330.1713465818417,788.8866303854555,231.2945730076688,1.1806235163032852,0.5901550896275192,0.7744381598817875
station_v0_bogota_grid_spawn1.3__MPC_TrackingG2V__seed23__2022-03-05,station_v0_bogota_grid_spawn1.3,1.3,MPC_TrackingG2V,23,2022-03-05,242.82867987797312,16.0,30.0,61.0,12.0,457.2613692049073,912.8184548430672,244.072848753656,1.244168875682874,0.6537618247334396,0.7901024243824553
station_v0_bogota_grid_spawn1.3__ChargeAsFastAsPossible__seed24__2022-01-17,station_v0_bogota_grid_spawn1.3,1.3,ChargeAsFastAsPossible,24,2022-01-17,210.974895667155,15.0,6.0,54.0,7.0,96.70687087949572,838.5579997752326,211.02898400785423,0.054088340699223636,0.3144286168916369,0.7989924618665467
station_v0_bogota_grid_spawn1.3__TD3_vanilla_extended_ts102__seed24__2022-01-17,station_v0_bogota_grid_spawn1.3,1.3,TD3_vanilla_extended_ts102,24,2022-01-17,210.97978265317107,15.0,6.0,54.0,7.0,96.70687087949572,838.5579997752326,211.02898400785423,0.04920135468316289,0.31441273643462014,0.7989878057626778
station_v0_bogota_grid_spawn1.3__RoundRobin__seed24__2022-03-05,station_v0_bogota_grid_spawn1.3,1.3,RoundRobin,24,2022-03-05,238.37710913305764,16.0,22.0,53.0,6.0,333.19500350383964,819.1591290647569,238.5087767414054,0.1316676083477546,0.5830408729660657,0.774620078926036
station_v0_bogota_grid_spawn1.3__Optimal_Oracle_Tracking__seed24__2022-03-05,station_v0_bogota_grid_spawn1.3,1.3,Optimal_Oracle_Tracking,24,2022-03-05,237.2820442866281,16.0,22.0,53.0,6.0,333.19500350383964,819.1591290647569,238.5087767414054,1.2267324547773057,0.5849563139413899,0.7756554368492726
station_v0_bogota_grid_spawn1.3__MPC_TrackingG2V__seed25__2022-01-17,station_v0_bogota_grid_spawn1.3,1.3,MPC_TrackingG2V,25,2022-01-17,252.86450490684024,14.0,8.0,48.0,15.0,102.6196406511403,699.0458186281048,253.99374204962552,1.1292371427852856,0.29092816710409675,0.7346757518365534
station_v0_bogota_grid_spawn1.3__ChargeAsFastAsPossible__seed25__2022-03-05,station_v0_bogota_grid_spawn1.3,1.3,ChargeAsFastAsPossible,25,2022-03-05,259.98909627561545,15.0,18.0,46.0,14.0,247.0741738943304,681.3632411581871,260.072428928485,0.08333265286955793,0.48734923032413713,0.7238376401738847
station_v0_bogota_grid_spawn1.3__TD3_vanilla_extended_ts102__seed25__2022-03-05,station_v0_bogota_grid_spawn1.3,1.3,TD3_vanilla_extended_ts102,25,2022-03-05,259.9692131377575,15.0,18.0,46.0,14.0,247.0741738943304,681.3632411581871,260.072428928485,0.10321579072751774,0.4873884362218939,0.7238587601914173
station_v0_bogota_grid_spawn1.3__RoundRobin__seed26__2022-01-17,station_v0_bogota_grid_spawn1.3,1.3,RoundRobin,26,2022-01-17,256.99551660000213,13.0,1.0,41.0,14.0,13.0149138892309,606.9228016020251,257.23542132960324,0.23990472960110765,0.04904644654038627,0.7026059467117569
station_v0_bogota_grid_spawn1.3__Optimal_Oracle_Tracking__seed26__2022-01-17,station_v0_bogota_grid_spawn1.3,1.3,Optimal_Oracle_Tracking,26,2022-01-17,256.2726222563366,13.0,1.0,41.0,14.0,13.0149138892309,606.9228016020251,257.23542132960324,0.9627990732666376,0.05172135291221434,0.7034424767874797
station_v0_bogota_grid_spawn1.3__MPC_TrackingG2V__seed26__2022-03-05,station_v0_bogota_grid_spawn1.3,1.3,MPC_TrackingG2V,26,2022-03-05,189.2080122130432,14.0,6.0,40.0,13.0,82.8273217031315,598.3863059231712,190.1548174684067,0.9468052553635005,0.3068850116448552,0.7600530820773881
station_v0_bogota_grid_spawn1.3__ChargeAsFastAsPossible__seed27__2022-01-17,station_v0_bogota_grid_spawn1.3,1.3,ChargeAsFastAsPossible,27,2022-01-17,256.4356731036894,14.0,26.0,53.0,18.0,343.35310345614124,802.7820632247247,256.51287444458603,0.07720134089663588,0.5725117233667696,0.7579185324269498
station_v0_bogota_grid_spawn1.3__TD3_vanilla_extended_ts102__seed27__2022-01-17,station_v0_bogota_grid_spawn1.3,1.3,TD3_vanilla_extended_ts102,27,2022-01-17,256.42028949666354,14.0,26.0,53.0,18.0,343.35310345614124,802.7820632247247,256.51287444458603,0.09258494792248939,0.572537368440157,0.7579330549234509
station_v0_bogota_grid_spawn1.3__RoundRobin__seed27__2022-03-05,station_v0_bogota_grid_spawn1.3,1.3,RoundRobin,27,2022-03-05,284.3037570428779,16.0,46.0,65.0,9.0,657.3415486772573,1000.9666977196496,284.5012366518222,0.19747960894426342,0.6981409620889729,0.7788324784764951
station_v0_bogota_grid_spawn1.3__Optimal_Oracle_Tracking__seed27__2022-03-05,station_v0_bogota_grid_spawn1.3,1.3,Optimal_Oracle_Tracking,27,2022-03-05,283.19001955917645,16.0,46.0,65.0,9.0,657.3415486772573,1000.9666977196496,284.5012366518222,1.3112170926457338,0.6993234709970942,0.7796988847507565
station_v0_bogota_grid_spawn1.3__MPC_TrackingG2V__seed28__2022-01-17,station_v0_bogota_grid_spawn1.3,1.3,MPC_TrackingG2V,28,2022-01-17,215.66701090889157,16.0,33.0,51.0,14.0,447.21258668944,743.4355485859745,216.98752169078463,1.3205107818930628,0.6752981395398509,0.7754458242587361
station_v0_bogota_grid_spawn1.3__ChargeAsFastAsPossible__seed28__2022-03-05,station_v0_bogota_grid_spawn1.3,1.3,ChargeAsFastAsPossible,28,2022-03-05,228.687163443297,16.0,31.0,58.0,11.0,436.80699986269246,861.3154908674605,228.7205803957118,0.0334169524147967,0.6563821391827147,0.7902022057139024
station_v0_bogota_grid_spawn1.3__TD3_vanilla_extended_ts102__seed28__2022-03-05,station_v0_bogota_grid_spawn1.3,1.3,TD3_vanilla_extended_ts102,28,2022-03-05,220.5195605051158,16.0,31.0,58.0,11.0,436.80699986269246,861.3154908674605,228.7205803957118,8.201019890596001,0.6686545125305029,0.797695171454675
station_v0_bogota_grid_spawn1.3__RoundRobin__seed29__2022-01-17,station_v0_bogota_grid_spawn1.3,1.3,RoundRobin,29,2022-01-17,236.99751112895427,15.0,19.0,43.0,21.0,276.7265950245803,648.539727345354,237.1019294347149,0.10441830576061761,0.5387614742129232,0.7324002215629658
station_v0_bogota_grid_spawn1.3__Optimal_Oracle_Tracking__seed29__2022-01-17,station_v0_bogota_grid_spawn1.3,1.3,Optimal_Oracle_Tracking,29,2022-01-17,235.9237147972813,15.0,19.0,43.0,21.0,276.7265950245803,648.539727345354,237.1019294347149,1.178214637433598,0.5408512693110115,0.7336126716814223
station_v0_bogota_grid_spawn1.3__MPC_TrackingG2V__seed29__2022-03-05,station_v0_bogota_grid_spawn1.3,1.3,MPC_TrackingG2V,29,2022-03-05,203.1454397664332,14.0,28.0,51.0,20.0,374.1548843975253,755.1647704397886,204.20071057763704,1.055270811203826,0.648753394051358,0.7882502093456671
station_v0_bogota_grid_spawn1.3__ChargeAsFastAsPossible__seed30__2022-01-17,station_v0_bogota_grid_spawn1.3,1.3,ChargeAsFastAsPossible,30,2022-01-17,230.6248445583077,16.0,38.0,55.0,1.0,568.1942132657488,828.5324786121303,230.68164027453645,0.05679571622874846,0.7113132866185974,0.7822679659890523
station_v0_bogota_grid_spawn1.3__TD3_vanilla_extended_ts102__seed30__2022-01-17,station_v0_bogota_grid_spawn1.3,1.3,TD3_vanilla_extended_ts102,30,2022-01-17,230.5063055115659,16.0,38.0,55.0,1.0,568.1942132657488,828.5324786121303,230.68164027453645,0.17533476297055017,0.7114616689313391,0.7823798782498768
station_v0_bogota_grid_spawn1.3__RoundRobin__seed30__2022-03-05,station_v0_bogota_grid_spawn1.3,1.3,RoundRobin,30,2022-03-05,228.42879304961613,16.0,20.0,46.0,4.0,301.9750741469183,708.6388358685733,228.5722802939415,0.14348724432537097,0.5694469284643674,0.7562675163468654
station_v0_bogota_grid_spawn1.3__Optimal_Oracle_Tracking__seed30__2022-03-05,station_v0_bogota_grid_spawn1.3,1.3,Optimal_Oracle_Tracking,30,2022-03-05,227.50052335046732,16.0,20.0,46.0,4.0,301.9750741469183,708.6388358685733,228.5722802939415,1.0717569434741847,0.5711965737908004,0.7572579758955631
station_v0_bogota_grid_spawn1.3__MPC_TrackingG2V__seed31__2022-01-17,station_v0_bogota_grid_spawn1.3,1.3,MPC_TrackingG2V,31,2022-01-17,192.628788931656,13.0,19.0,42.0,22.0,247.00476339876425,606.370697576391,193.75843262878303,1.1296436971270225,0.5629653504018587,0.7592528734927312
station_v0_bogota_grid_spawn1.3__ChargeAsFastAsPossible__seed31__2022-03-05,station_v0_bogota_grid_spawn1.3,1.3,ChargeAsFastAsPossible,31,2022-03-05,160.34253652254404,12.0,10.0,44.0,15.0,135.1640707683549,645.6866037323517,160.3799599271476,0.03742340460357241,0.4574665028922742,0.8010802782904213
station_v0_bogota_grid_spawn1.3__TD3_vanilla_extended_ts102__seed31__2022-03-05,station_v0_bogota_grid_spawn1.3,1.3,TD3_vanilla_extended_ts102,31,2022-03-05,160.2938463893463,12.0,10.0,44.0,15.0,135.1640707683549,645.6866037323517,160.3799599271476,0.08611353780131026,0.45763125036859154,0.8011406828964338
station_v0_bogota_grid_spawn1.3__RoundRobin__seed32__2022-01-17,station_v0_bogota_grid_spawn1.3,1.3,RoundRobin,32,2022-01-17,241.17261033236224,16.0,9.0,45.0,10.0,133.4591003179553,718.0199462520458,241.3703471236049,0.19773679124264731,0.35658040749329456,0.7486188759698752
station_v0_bogota_grid_spawn1.3__Optimal_Oracle_Tracking__seed32__2022-01-17,station_v0_bogota_grid_spawn1.3,1.3,Optimal_Oracle_Tracking,32,2022-01-17,239.65883073318025,16.0,9.0,45.0,10.0,133.4591003179553,718.0199462520458,241.3703471236049,1.7115163904246344,0.3606189898659295,0.7501967318327438
station_v0_bogota_grid_spawn1.3__MPC_TrackingG2V__seed32__2022-03-05,station_v0_bogota_grid_spawn1.3,1.3,MPC_TrackingG2V,32,2022-03-05,195.06195309940645,14.0,13.0,47.0,13.0,173.0928720213389,706.6037677610009,196.0891791374584,1.0272260380519356,0.47163749568230257,0.7839110699052041
station_v0_bogota_grid_spawn1.3__ChargeAsFastAsPossible__seed33__2022-01-17,station_v0_bogota_grid_spawn1.3,1.3,ChargeAsFastAsPossible,33,2022-01-17,228.46605304905688,15.0,10.0,38.0,17.0,161.8347218015492,588.7055317612941,228.497723113262,0.03167006420511598,0.4146885404339911,0.7204293403308492
station_v0_bogota_grid_spawn1.3__TD3_vanilla_extended_ts102__seed33__2022-01-17,station_v0_bogota_grid_spawn1.3,1.3,TD3_vanilla_extended_ts102,33,2022-01-17,228.4098277722236,15.0,10.0,38.0,17.0,161.8347218015492,588.7055317612941,228.497723113262,0.08789534103840424,0.41483258502358594,0.7204981424024242
station_v0_bogota_grid_spawn1.3__RoundRobin__seed33__2022-03-05,station_v0_bogota_grid_spawn1.3,1.3,RoundRobin,33,2022-03-05,230.73814893012644,16.0,24.0,46.0,14.0,367.3913350024146,703.7682089217724,230.8750233831737,0.13687445304725543,0.6143220395130199,0.7531270318396277
station_v0_bogota_grid_spawn1.3__Optimal_Oracle_Tracking__seed33__2022-03-05,station_v0_bogota_grid_spawn1.3,1.3,Optimal_Oracle_Tracking,33,2022-03-05,229.78384002713955,16.0,24.0,46.0,14.0,367.3913350024146,703.7682089217724,230.8750233831737,1.0911833560341506,0.6159171633063116,0.7541480726710404
station_v0_bogota_grid_spawn1.3__MPC_TrackingG2V__seed34__2022-01-17,station_v0_bogota_grid_spawn1.3,1.3,MPC_TrackingG2V,34,2022-01-17,224.67070753985396,16.0,18.0,55.0,15.0,256.67762942170486,825.7944882307308,225.82988656283013,1.1591790229761614,0.5343684811180123,0.786358406171445
station_v0_bogota_grid_spawn1.3__ChargeAsFastAsPossible__seed34__2022-03-05,station_v0_bogota_grid_spawn1.3,1.3,ChargeAsFastAsPossible,34,2022-03-05,157.28497940763822,13.0,14.0,49.0,20.0,206.4693386621267,715.4786116982186,157.31554844248353,0.030569034845314036,0.5676428983636991,0.8197914392755761
station_v0_bogota_grid_spawn1.3__TD3_vanilla_extended_ts102__seed34__2022-03-05,station_v0_bogota_grid_spawn1.3,1.3,TD3_vanilla_extended_ts102,34,2022-03-05,157.2700617109577,13.0,14.0,49.0,20.0,206.4693386621267,715.4786116982186,157.31554844248353,0.04548673152584115,0.5676839052807243,0.8198085311597361
station_v0_bogota_grid_spawn1.3__RoundRobin__seed35__2022-01-17,station_v0_bogota_grid_spawn1.3,1.3,RoundRobin,35,2022-01-17,262.65742608301923,16.0,21.0,45.0,8.0,279.3078075130051,655.6257594834946,262.81445193003714,0.15702584701790556,0.5155014915770763,0.7140179373475226
station_v0_bogota_grid_spawn1.3__Optimal_Oracle_Tracking__seed35__2022-01-17,station_v0_bogota_grid_spawn1.3,1.3,Optimal_Oracle_Tracking,35,2022-01-17,261.35923438573326,16.0,21.0,45.0,8.0,279.3078075130051,655.6257594834946,262.81445193003714,1.4552175443038777,0.5178961390475928,0.7154314117154271
station_v0_bogota_grid_spawn1.3__MPC_TrackingG2V__seed35__2022-03-05,station_v0_bogota_grid_spawn1.3,1.3,MPC_TrackingG2V,35,2022-03-05,250.20360243616904,16.0,19.0,43.0,9.0,277.7130553725513,629.9738434600653,251.1798372466688,0.9762348104997614,0.526929542960781,0.7160499832044146
station_v0_bogota_grid_spawn1.3__ChargeAsFastAsPossible__seed36__2022-01-17,station_v0_bogota_grid_spawn1.3,1.3,ChargeAsFastAsPossible,36,2022-01-17,259.8185441592032,15.0,11.0,38.0,8.0,139.8377268217065,589.8029752447317,259.88673498741514,0.06819082821192524,0.3500058941019401,0.6942195003300473
station_v0_bogota_grid_spawn1.3__TD3_vanilla_extended_ts102__seed36__2022-01-17,station_v0_bogota_grid_spawn1.3,1.3,TD3_vanilla_extended_ts102,36,2022-01-17,259.8046440049354,15.0,11.0,38.0,8.0,139.8377268217065,589.8029752447317,259.88673498741514,0.08209098247971269,0.35004066844175624,0.6942358594245501
station_v0_bogota_grid_spawn1.3__RoundRobin__seed36__2022-03-05,station_v0_bogota_grid_spawn1.3,1.3,RoundRobin,36,2022-03-05,214.04806100517325,14.0,21.0,43.0,10.0,292.4249652624492,654.069575951526,214.195214546608,0.14715354143476134,0.5774979569786441,0.7534760555217593
station_v0_bogota_grid_spawn1.3__Optimal_Oracle_Tracking__seed36__2022-03-05,station_v0_bogota_grid_spawn1.3,1.3,Optimal_Oracle_Tracking,36,2022-03-05,213.1593057038357,14.0,21.0,43.0,10.0,292.4249652624492,654.069575951526,214.195214546608,1.0359088427723009,0.5792522402400662,0.7544996549018835
station_v0_bogota_grid_spawn1.3__MPC_TrackingG2V__seed37__2022-01-17,station_v0_bogota_grid_spawn1.3,1.3,MPC_TrackingG2V,37,2022-01-17,233.3257710189404,15.0,19.0,43.0,10.0,279.52954854505305,666.5843763776045,234.58004702121497,1.2542760022745654,0.5461555803837064,0.7410841296431432
station_v0_bogota_grid_spawn1.3__ChargeAsFastAsPossible__seed37__2022-03-05,station_v0_bogota_grid_spawn1.3,1.3,ChargeAsFastAsPossible,37,2022-03-05,226.9408763919097,15.0,20.0,45.0,10.0,307.9079184348226,690.479369530093,226.99570962499763,0.0548332330879191,0.5757350212503511,0.7526462772145254
station_v0_bogota_grid_spawn1.3__TD3_vanilla_extended_ts102__seed37__2022-03-05,station_v0_bogota_grid_spawn1.3,1.3,TD3_vanilla_extended_ts102,37,2022-03-05,226.9055842777833,15.0,20.0,45.0,10.0,307.9079184348226,690.479369530093,226.99570962499763,0.0901253472143253,0.5758009997038053,0.7526847437788258
station_v0_bogota_grid_spawn1.3__RoundRobin__seed38__2022-01-17,station_v0_bogota_grid_spawn1.3,1.3,RoundRobin,38,2022-01-17,255.57697817151237,14.0,10.0,38.0,16.0,145.73835068635282,560.1283872253285,255.740515099627,0.16353692811463816,0.3634111283263532,0.6867425913119096
station_v0_bogota_grid_spawn1.3__Optimal_Oracle_Tracking__seed38__2022-01-17,station_v0_bogota_grid_spawn1.3,1.3,Optimal_Oracle_Tracking,38,2022-01-17,254.5966427914615,14.0,10.0,38.0,16.0,145.73835068635282,560.1283872253285,255.740515099627,1.1438723081654985,0.36585293900082455,0.6879441757542841
station_v0_bogota_grid_spawn1.3__MPC_TrackingG2V__seed38__2022-03-05,station_v0_bogota_grid_spawn1.3,1.3,MPC_TrackingG2V,38,2022-03-05,196.04804890422335,11.0,4.0,35.0,20.0,51.6851845263324,505.9518701134006,196.90524044646747,0.8571915422441236,0.21136122227686593,0.7210698363027739
station_v0_bogota_grid_spawn1.3__ChargeAsFastAsPossible__seed39__2022-01-17,station_v0_bogota_grid_spawn1.3,1.3,ChargeAsFastAsPossible,39,2022-01-17,229.2958826040969,14.0,12.0,40.0,14.0,164.842650922262,605.8340377887872,229.3483041672778,0.052421563180899966,0.41831267398813665,0.7254541061451716
station_v0_bogota_grid_spawn1.3__TD3_vanilla_extended_ts102__seed39__2022-01-17,station_v0_bogota_grid_spawn1.3,1.3,TD3_vanilla_extended_ts102,39,2022-01-17,229.21733241186504,14.0,12.0,40.0,14.0,164.842650922262,605.8340377887872,229.3483041672778,0.13097175541275874,0.41851194338084513,0.7255481576933015
station_v0_bogota_grid_spawn1.3__RoundRobin__seed39__2022-03-05,station_v0_bogota_grid_spawn1.3,1.3,RoundRobin,39,2022-03-05,224.2512102246588,14.0,13.0,42.0,8.0,185.7299897263834,642.7384723894263,224.3960775852612,0.14486736060240446,0.45321395517574875,0.7413882191279255
station_v0_bogota_grid_spawn1.3__Optimal_Oracle_Tracking__seed39__2022-03-05,station_v0_bogota_grid_spawn1.3,1.3,Optimal_Oracle_Tracking,39,2022-03-05,223.2282617279881,14.0,13.0,42.0,8.0,185.7299897263834,642.7384723894263,224.3960775852612,1.167815857273098,0.455708184580322,0.74256790744354
station_v0_bogota_grid_spawn1.3__MPC_TrackingG2V__seed40__2022-01-17,station_v0_bogota_grid_spawn1.3,1.3,MPC_TrackingG2V,40,2022-01-17,255.80536082661465,15.0,21.0,49.0,18.0,285.3350232056398,741.743319894019,257.04454967214576,1.2391888455311175,0.528364684773526,0.7438841934096309
station_v0_bogota_grid_spawn1.3__ChargeAsFastAsPossible__seed40__2022-03-05,station_v0_bogota_grid_spawn1.3,1.3,ChargeAsFastAsPossible,40,2022-03-05,240.3437777490699,14.0,15.0,43.0,17.0,223.96806436512787,664.4609788855805,240.41215476103528,0.0683770119653957,0.4824418270844282,0.7343895306290169
station_v0_bogota_grid_spawn1.3__TD3_vanilla_extended_ts102__seed40__2022-03-05,station_v0_bogota_grid_spawn1.3,1.3,TD3_vanilla_extended_ts102,40,2022-03-05,240.2956012908452,14.0,15.0,43.0,17.0,223.96806436512787,664.4609788855805,240.41215476103528,0.11655347019006967,0.4825455706467947,0.734442771748057
station_v0_bogota_grid_spawn1.3__RoundRobin__seed41__2022-01-17,station_v0_bogota_grid_spawn1.3,1.3,RoundRobin,41,2022-01-17,177.8684974039011,13.0,21.0,49.0,20.0,266.3250544079748,700.8810356526764,177.96231477639913,0.09381737249802313,0.5996543909622427,0.7976106921477408
station_v0_bogota_grid_spawn1.3__Optimal_Oracle_Tracking__seed41__2022-01-17,station_v0_bogota_grid_spawn1.3,1.3,Optimal_Oracle_Tracking,41,2022-01-17,176.95038015403324,13.0,21.0,49.0,20.0,266.3250544079748,700.8810356526764,177.96231477639913,1.0119346223658852,0.6017208851134344,0.7986553803159104
station_v0_bogota_grid_spawn1.3__MPC_TrackingG2V__seed41__2022-03-05,station_v0_bogota_grid_spawn1.3,1.3,MPC_TrackingG2V,41,2022-03-05,214.8291852608928,16.0,28.0,52.0,9.0,391.7224575908068,773.0592027683862,216.03510835453852,1.2059230936457084,0.6465215781777498,0.7828021222597106
station_v0_bogota_grid_spawn1.3__ChargeAsFastAsPossible__seed42__2022-01-17,station_v0_bogota_grid_spawn1.3,1.3,ChargeAsFastAsPossible,42,2022-01-17,239.48627175907427,15.0,28.0,57.0,10.0,409.174503332898,863.7403425064616,239.54353554729096,0.05726378821668732,0.6308314900993454,0.7829332264135501
station_v0_bogota_grid_spawn1.3__TD3_vanilla_extended_ts102__seed42__2022-01-17,station_v0_bogota_grid_spawn1.3,1.3,TD3_vanilla_extended_ts102,42,2022-01-17,226.8968961054508,15.0,28.0,57.0,10.0,409.174503332898,863.7403425064616,239.54353554729096,12.646639441840165,0.6502380348523712,0.7943440481467852
station_v0_bogota_grid_spawn1.3__RoundRobin__seed42__2022-03-05,station_v0_bogota_grid_spawn1.3,1.3,RoundRobin,42,2022-03-05,228.76114389558828,15.0,29.0,58.0,7.0,446.70916978794617,900.91492788154,228.91826255461,0.15711865902173372,0.6614093316157685,0.7975266208923465
station_v0_bogota_grid_spawn1.3__Optimal_Oracle_Tracking__seed42__2022-03-05,station_v0_bogota_grid_spawn1.3,1.3,Optimal_Oracle_Tracking,42,2022-03-05,227.75911951276305,15.0,29.0,58.0,7.0,446.70916978794617,900.91492788154,228.91826255461,1.15914304184696,0.6628924335960285,0.7984134990539258
station_v0_bogota_grid_spawn1.3__MPC_TrackingG2V__seed43__2022-01-17,station_v0_bogota_grid_spawn1.3,1.3,MPC_TrackingG2V,43,2022-01-17,203.7448048639112,14.0,8.0,47.0,11.0,114.0202364454728,700.5387685360744,204.67402959829863,0.929224734387418,0.3606888275927511,0.7749205432315743
station_v0_bogota_grid_spawn1.3__ChargeAsFastAsPossible__seed43__2022-03-05,station_v0_bogota_grid_spawn1.3,1.3,ChargeAsFastAsPossible,43,2022-03-05,188.07324471687596,13.0,17.0,51.0,8.0,229.0496539853063,773.7618327767035,188.12490063000345,0.051655913127490294,0.5491737388194626,0.8044746453142374
station_v0_bogota_grid_spawn1.3__TD3_vanilla_extended_ts102__seed43__2022-03-05,station_v0_bogota_grid_spawn1.3,1.3,TD3_vanilla_extended_ts102,43,2022-03-05,188.0399098723404,13.0,17.0,51.0,8.0,229.0496539853063,773.7618327767035,188.12490063000345,0.08499075766306419,0.549253645046165,0.8045093010001699
station_v0_bogota_grid_spawn1.3__RoundRobin__seed44__2022-01-17,station_v0_bogota_grid_spawn1.3,1.3,RoundRobin,44,2022-01-17,160.44125796804008,13.0,15.0,40.0,22.0,190.32092736915888,563.6697452458797,165.8043001322422,5.363042164202113,0.5494807849089858,0.7800589904677478
station_v0_bogota_grid_spawn1.3__Optimal_Oracle_Tracking__seed44__2022-01-17,station_v0_bogota_grid_spawn1.3,1.3,Optimal_Oracle_Tracking,44,2022-01-17,164.82354154906864,13.0,15.0,40.0,22.0,190.32092736915888,563.6697452458797,165.8043001322422,0.9807585831735537,0.5371753281690211,0.7740515339875697
station_v0_bogota_grid_spawn1.3__MPC_TrackingG2V__seed44__2022-03-05,station_v0_bogota_grid_spawn1.3,1.3,MPC_TrackingG2V,44,2022-03-05,164.89618372263817,14.0,15.0,42.0,10.0,207.5262765999163,625.4715047724283,165.85717646222298,0.9609927395848104,0.5583730816930557,0.7916211207391561
station_v0_bogota_grid_spawn1.3__ChargeAsFastAsPossible__seed45__2022-01-17,station_v0_bogota_grid_spawn1.3,1.3,ChargeAsFastAsPossible,45,2022-01-17,251.43562035990487,16.0,15.0,62.0,5.0,232.4575993256441,955.3610232187526,251.4993344975593,0.06371413765441503,0.48045868797954233,0.7916613809109736
station_v0_bogota_grid_spawn1.3__TD3_vanilla_extended_ts102__seed45__2022-01-17,station_v0_bogota_grid_spawn1.3,1.3,TD3_vanilla_extended_ts102,45,2022-01-17,251.40946826292645,16.0,15.0,62.0,5.0,232.4575993256441,955.3610232187526,251.4993344975593,0.0898662346328365,0.4805127260460534,0.7916830504411816
station_v0_bogota_grid_spawn1.3__RoundRobin__seed45__2022-03-05,station_v0_bogota_grid_spawn1.3,1.3,RoundRobin,45,2022-03-05,234.63957101994765,15.0,22.0,55.0,8.0,334.4544188783183,833.6060819608429,234.76904726993092,0.12947624998327,0.5877900596620206,0.7803771684680761
station_v0_bogota_grid_spawn1.3__Optimal_Oracle_Tracking__seed45__2022-03-05,station_v0_bogota_grid_spawn1.3,1.3,Optimal_Oracle_Tracking,45,2022-03-05,233.72201423484944,15.0,22.0,55.0,8.0,334.4544188783183,833.6060819608429,234.76904726993092,1.0470330350814834,0.5894020044247813,0.7812360023738774
station_v0_bogota_grid_spawn1.3__MPC_TrackingG2V__seed46__2022-01-17,station_v0_bogota_grid_spawn1.3,1.3,MPC_TrackingG2V,46,2022-01-17,271.08551035153573,15.0,39.0,72.0,15.0,527.171810037485,1092.778408823418,272.397697444976,1.3121870934402864,0.660960669692019,0.8014281753783931
station_v0_bogota_grid_spawn1.3__ChargeAsFastAsPossible__seed46__2022-03-05,station_v0_bogota_grid_spawn1.3,1.3,ChargeAsFastAsPossible,46,2022-03-05,296.4271674745056,16.0,47.0,77.0,8.0,706.6774753497871,1175.9964089735388,296.5277183433405,0.10055086883488684,0.7045199034673456,0.7986945259670328
station_v0_bogota_grid_spawn1.3__TD3_vanilla_extended_ts102__seed46__2022-03-05,station_v0_bogota_grid_spawn1.3,1.3,TD3_vanilla_extended_ts102,46,2022-03-05,296.38489598359166,16.0,47.0,77.0,8.0,706.6774753497871,1175.9964089735388,296.5277183433405,0.14282235974883406,0.7045620399028223,0.7987232327910025
station_v0_bogota_grid_spawn1.3__RoundRobin__seed47__2022-01-17,station_v0_bogota_grid_spawn1.3,1.3,RoundRobin,47,2022-01-17,204.0549803700434,15.0,20.0,39.0,14.0,293.4917242931101,583.5261098517386,205.7520447140372,1.6970643439937874,0.5912718534758076,0.7414663269347611
station_v0_bogota_grid_spawn1.3__Optimal_Oracle_Tracking__seed47__2022-01-17,station_v0_bogota_grid_spawn1.3,1.3,Optimal_Oracle_Tracking,47,2022-01-17,204.6768698262867,15.0,20.0,39.0,14.0,293.4917242931101,583.5261098517386,205.7520447140372,1.0751748877505065,0.5900261905454919,0.7406784051449005
station_v0_bogota_grid_spawn1.3__MPC_TrackingG2V__seed47__2022-03-05,station_v0_bogota_grid_spawn1.3,1.3,MPC_TrackingG2V,47,2022-03-05,195.30493719328555,15.0,25.0,46.0,12.0,363.9479665213961,699.0175688508642,196.3565610309629,1.0516238376773401,0.6514307352709463,0.7818733748549758
station_v0_bogota_grid_spawn1.3__ChargeAsFastAsPossible__seed48__2022-01-17,station_v0_bogota_grid_spawn1.3,1.3,ChargeAsFastAsPossible,48,2022-01-17,323.5785752910035,17.0,20.0,48.0,18.0,262.1998347207845,712.738690132116,323.6747570664363,0.09618177543279671,0.4476999347182452,0.6877900647028043
station_v0_bogota_grid_spawn1.3__TD3_vanilla_extended_ts102__seed48__2022-01-17,station_v0_bogota_grid_spawn1.3,1.3,TD3_vanilla_extended_ts102,48,2022-01-17,323.53756268470624,17.0,20.0,48.0,18.0,262.1998347207845,712.738690132116,323.6747570664363,0.13719438173006893,0.4477699370820142,0.6878296363683477
station_v0_bogota_grid_spawn1.3__RoundRobin__seed48__2022-03-05,station_v0_bogota_grid_spawn1.3,1.3,RoundRobin,48,2022-03-05,272.01168759072186,15.0,19.0,46.0,18.0,257.5841093479109,679.9719937111666,272.1450427691917,0.13335517846985567,0.4865079890287204,0.714308559590265
station_v0_bogota_grid_spawn1.3__Optimal_Oracle_Tracking__seed48__2022-03-05,station_v0_bogota_grid_spawn1.3,1.3,Optimal_Oracle_Tracking,48,2022-03-05,271.0672366014022,15.0,19.0,46.0,18.0,257.5841093479109,679.9719937111666,272.1450427691917,1.0778061677895039,0.4882908831464881,0.715300508009559
station_v0_bogota_grid_spawn1.3__MPC_TrackingG2V__seed49__2022-01-17,station_v0_bogota_grid_spawn1.3,1.3,MPC_TrackingG2V,49,2022-01-17,224.88390249286863,15.0,21.0,58.0,14.0,302.8794480136903,919.8827953108856,226.4582970070605,1.57439451419188,0.5751598962887998,0.80382461729768
station_v0_bogota_grid_spawn1.3__ChargeAsFastAsPossible__seed49__2022-03-05,station_v0_bogota_grid_spawn1.3,1.3,ChargeAsFastAsPossible,49,2022-03-05,235.0434510792099,16.0,27.0,62.0,7.0,399.92651065231473,991.732774087464,235.1105948481066,0.06714376889669893,0.6298744608096701,0.8084160887765669
station_v0_bogota_grid_spawn1.3__TD3_vanilla_extended_ts102__seed49__2022-03-05,station_v0_bogota_grid_spawn1.3,1.3,TD3_vanilla_extended_ts102,49,2022-03-05,234.99442415554267,16.0,27.0,62.0,7.0,399.92651065231473,991.732774087464,235.1105948481066,0.11617069256391233,0.6299516640521934,0.8084560506208485
station_v0_bogota_grid_spawn1.6__RoundRobin__seed0__2022-01-17,station_v0_bogota_grid_spawn1.6,1.6,RoundRobin,0,2022-01-17,243.4682450833004,17.0,42.0,73.0,21.0,589.223712909177,1094.948001051707,243.5992647743752,0.13101969107481182,0.7076590684847662,0.8181100874812632
station_v0_bogota_grid_spawn1.6__Optimal_Oracle_Tracking__seed0__2022-01-17,station_v0_bogota_grid_spawn1.6,1.6,Optimal_Oracle_Tracking,0,2022-01-17,242.3091909555229,17.0,42.0,73.0,21.0,589.223712909177,1094.948001051707,243.5992647743752,1.2900738188523064,0.7090507857630303,0.8189759920013119
station_v0_bogota_grid_spawn1.6__MPC_TrackingG2V__seed0__2022-03-05,station_v0_bogota_grid_spawn1.6,1.6,MPC_TrackingG2V,0,2022-03-05,205.1709023224429,15.0,33.0,64.0,26.0,468.8486416023321,952.12024661058,206.3812794222937,1.2103770998507741,0.6961466073495279,0.822899756528572
station_v0_bogota_grid_spawn1.6__ChargeAsFastAsPossible__seed1__2022-01-17,station_v0_bogota_grid_spawn1.6,1.6,ChargeAsFastAsPossible,1,2022-01-17,232.7909852513694,16.0,48.0,75.0,17.0,672.2518528397397,1095.9070075014972,232.8489259994975,0.057940748128118,0.742801033107146,0.8248053089493916
station_v0_bogota_grid_spawn1.6__TD3_vanilla_extended_ts102__seed1__2022-01-17,station_v0_bogota_grid_spawn1.6,1.6,TD3_vanilla_extended_ts102,1,2022-01-17,229.21066679300816,16.0,48.0,75.0,17.0,672.2518528397397,1095.9070075014972,232.8489259994975,3.6382592064893515,0.7467567456002375,0.8274997981088326
station_v0_bogota_grid_spawn1.6__RoundRobin__seed1__2022-03-05,station_v0_bogota_grid_spawn1.6,1.6,RoundRobin,1,2022-03-05,223.94491251935943,16.0,53.0,75.0,14.0,770.0837222729544,1099.4250542056427,224.1106185142993,0.16570599493985583,0.7747473473425442,0.8307979776176794
station_v0_bogota_grid_spawn1.6__Optimal_Oracle_Tracking__seed1__2022-03-05,station_v0_bogota_grid_spawn1.6,1.6,Optimal_Oracle_Tracking,1,2022-03-05,222.8240898775416,16.0,53.0,75.0,14.0,770.0837222729544,1099.4250542056427,224.1106185142993,1.28652863675768,0.775874715097354,0.8316448173855221
station_v0_bogota_grid_spawn1.6__MPC_TrackingG2V__seed2__2022-01-17,station_v0_bogota_grid_spawn1.6,1.6,MPC_TrackingG2V,2,2022-01-17,263.62266179483174,17.0,32.0,65.0,14.0,469.8358531882482,985.766999447336,265.09780959281323,1.4751477979814922,0.6412973372355029,0.7892476789740991
station_v0_bogota_grid_spawn1.6__ChargeAsFastAsPossible__seed2__2022-03-05,station_v0_bogota_grid_spawn1.6,1.6,ChargeAsFastAsPossible,2,2022-03-05,217.97979931120628,15.0,40.0,72.0,17.0,572.3662285405312,1065.8599709704672,218.02196970622373,0.042170395017450346,0.7242117230561758,0.8302181903140435
station_v0_bogota_grid_spawn1.6__TD3_vanilla_extended_ts102__seed2__2022-03-05,station_v0_bogota_grid_spawn1.6,1.6,TD3_vanilla_extended_ts102,2,2022-03-05,205.9101188356412,15.0,40.0,72.0,17.0,572.3662285405312,1065.8599709704672,218.02196970622373,12.111850870582515,0.7394822957979476,0.8396191173721838
station_v0_bogota_grid_spawn1.6__RoundRobin__seed3__2022-01-17,station_v0_bogota_grid_spawn1.6,1.6,RoundRobin,3,2022-01-17,242.81279033163344,15.0,13.0,66.0,12.0,184.9500513039631,988.8248127671347,242.9433598485765,0.13056951694306917,0.43253907631432736,0.8028746027622955
station_v0_bogota_grid_spawn1.6__Optimal_Oracle_Tracking__seed3__2022-01-17,station_v0_bogota_grid_spawn1.6,1.6,Optimal_Oracle_Tracking,3,2022-01-17,241.5214406294849,15.0,13.0,66.0,12.0,184.9500513039631,988.8248127671347,242.9433598485765,1.421919219091592,0.43555700009742615,0.803922973495407
station_v0_bogota_grid_spawn1.6__MPC_TrackingG2V__seed3__2022-03-05,station_v0_bogota_grid_spawn1.6,1.6,MPC_TrackingG2V,3,2022-03-05,225.86771239265795,16.0,36.0,64.0,11.0,517.1528933777106,944.0237516933536,227.23161949181133,1.36390709915338,0.6965711826513393,0.807157586680599
station_v0_bogota_grid_spawn1.6__ChargeAsFastAsPossible__seed4__2022-01-17,station_v0_bogota_grid_spawn1.6,1.6,ChargeAsFastAsPossible,4,2022-01-17,215.59247999741584,16.0,35.0,74.0,24.0,453.3868353931599,1085.1256447907565,215.6481845821084,0.05570458469256323,0.6777560612516436,0.8342582890821547
station_v0_bogota_grid_spawn1.6__TD3_vanilla_extended_ts102__seed4__2022-01-17,station_v0_bogota_grid_spawn1.6,1.6,TD3_vanilla_extended_ts102,4,2022-01-17,215.52763241890077,16.0,35.0,74.0,24.0,453.3868353931599,1085.1256447907565,215.6481845821084,0.12055216320763407,0.6778529882832321,0.8343081421596467
station_v0_bogota_grid_spawn1.6__RoundRobin__seed4__2022-03-05,station_v0_bogota_grid_spawn1.6,1.6,RoundRobin,4,2022-03-05,198.011250397011,15.0,24.0,75.0,20.0,356.5066090843587,1117.4744049747787,200.85676924094696,2.845518843935963,0.6447358077382659,0.8498015868320736
station_v0_bogota_grid_spawn1.6__Optimal_Oracle_Tracking__seed4__2022-03-05,station_v0_bogota_grid_spawn1.6,1.6,Optimal_Oracle_Tracking,4,2022-03-05,199.78349666440096,15.0,24.0,75.0,20.0,356.5066090843587,1117.4744049747787,200.85676924094696,1.0732725765460032,0.6415561114462078,0.8484572764629859
station_v0_bogota_grid_spawn1.6__MPC_TrackingG2V__seed5__2022-01-17,station_v0_bogota_grid_spawn1.6,1.6,MPC_TrackingG2V,5,2022-01-17,187.76550954296405,15.0,23.0,55.0,19.0,345.8335521243158,812.4864422201624,189.12693544760768,1.3614259046436246,0.6490105084298966,0.8125369391729061
station_v0_bogota_grid_spawn1.6__ChargeAsFastAsPossible__seed5__2022-03-05,station_v0_bogota_grid_spawn1.6,1.6,ChargeAsFastAsPossible,5,2022-03-05,181.0547391676392,15.0,35.0,73.0,12.0,487.5036697608636,1089.3831562599946,181.1016405626724,0.046901395033188464,0.7292053527363889,0.8574916129492964
station_v0_bogota_grid_spawn1.6__TD3_vanilla_extended_ts102__seed5__2022-03-05,station_v0_bogota_grid_spawn1.6,1.6,TD3_vanilla_extended_ts102,5,2022-03-05,181.00280922868316,15.0,35.0,73.0,12.0,487.5036697608636,1089.3831562599946,181.1016405626724,0.0988313339892386,0.7292830217859076,0.8575324870621436
station_v0_bogota_grid_spawn1.6__RoundRobin__seed6__2022-01-17,station_v0_bogota_grid_spawn1.6,1.6,RoundRobin,6,2022-01-17,192.36658084744656,14.0,23.0,51.0,22.0,292.2394969589893,725.342008034445,192.53006302483013,0.16348217738357107,0.6031793315284332,0.7904211415590356
station_v0_bogota_grid_spawn1.6__Optimal_Oracle_Tracking__seed6__2022-01-17,station_v0_bogota_grid_spawn1.6,1.6,Optimal_Oracle_Tracking,6,2022-01-17,191.4459063818867,14.0,23.0,51.0,22.0,292.2394969589893,725.342008034445,192.53006302483013,1.0841566429434408,0.6050785317702772,0.7914241947018308
station_v0_bogota_grid_spawn1.6__MPC_TrackingG2V__seed6__2022-03-05,station_v0_bogota_grid_spawn1.6,1.6,MPC_TrackingG2V,6,2022-03-05,164.19951063202708,13.0,13.0,53.0,19.0,178.83840610144338,768.3519451973079,165.12469165701012,0.9251810249830328,0.5226246312407169,0.8240989606495607
station_v0_bogota_grid_spawn1.6__ChargeAsFastAsPossible__seed7__2022-01-17,station_v0_bogota_grid_spawn1.6,1.6,ChargeAsFastAsPossible,7,2022-01-17,245.03051090545975,16.0,26.0,53.0,28.0,367.244619707932,777.1766117805794,245.08904652796417,0.058535622504422236,0.5998415171066815,0.7603064243487442
station_v0_bogota_grid_spawn1.6__TD3_vanilla_extended_ts102__seed7__2022-01-17,station_v0_bogota_grid_spawn1.6,1.6,TD3_vanilla_extended_ts102,7,2022-01-17,244.98576815131636,16.0,26.0,53.0,28.0,367.244619707932,777.1766117805794,245.08904652796417,0.10327837664780759,0.599914586344273,0.7603501925745274
station_v0_bogota_grid_spawn1.6__RoundRobin__seed7__2022-03-05,station_v0_bogota_grid_spawn1.6,1.6,RoundRobin,7,2022-03-05,231.52945020828008,16.0,39.0,57.0,23.0,562.6881843933461,841.8940941130006,231.6959360557911,0.16648584751101225,0.7085421973473293,0.784340908817979
station_v0_bogota_grid_spawn1.6__Optimal_Oracle_Tracking__seed7__2022-03-05,station_v0_bogota_grid_spawn1.6,1.6,Optimal_Oracle_Tracking,7,2022-03-05,230.6484298533424,16.0,39.0,57.0,23.0,562.6881843933461,841.8940941130006,231.6959360557911,1.0475062024486874,0.7096512582314258,0.7851615389749107
station_v0_bogota_grid_spawn1.6__MPC_TrackingG2V__seed8__2022-01-17,station_v0_bogota_grid_spawn1.6,1.6,MPC_TrackingG2V,8,2022-01-17,297.3288801689349,15.0,16.0,61.0,11.0,243.67218693733705,947.7896410035174,298.6154293944592,1.2865492255243112,0.451713682528543,0.761450841920919
station_v0_bogota_grid_spawn1.6__ChargeAsFastAsPossible__seed8__2022-03-05,station_v0_bogota_grid_spawn1.6,1.6,ChargeAsFastAsPossible,8,2022-03-05,308.8954672361938,16.0,40.0,68.0,8.0,595.4588492497635,1057.8147752093723,308.97800431327335,0.08253707707956437,0.6584665186748003,0.7739997811928184
station_v0_bogota_grid_spawn1.6__TD3_vanilla_extended_ts102__seed8__2022-03-05,station_v0_bogota_grid_spawn1.6,1.6,TD3_vanilla_extended_ts102,8,2022-03-05,308.8499396780544,16.0,40.0,68.0,8.0,595.4588492497635,1057.8147752093723,308.97800431327335,0.12806463521894784,0.658516856692275,0.7740330909664882
station_v0_bogota_grid_spawn1.6__RoundRobin__seed9__2022-01-17,station_v0_bogota_grid_spawn1.6,1.6,RoundRobin,9,2022-01-17,237.845371809725,16.0,20.0,59.0,5.0,306.55958252835205,919.9279444682212,243.0688827465504,5.223510936825392,0.5672615469601558,0.7954892341543749
station_v0_bogota_grid_spawn1.6__Optimal_Oracle_Tracking__seed9__2022-01-17,station_v0_bogota_grid_spawn1.6,1.6,Optimal_Oracle_Tracking,9,2022-01-17,241.66060025154283,16.0,20.0,59.0,5.0,306.55958252835205,919.9279444682212,243.0688827465504,1.408282495007569,0.5603200788906125,0.7922087192358993
station_v0_bogota_grid_spawn1.6__MPC_TrackingG2V__seed9__2022-03-05,station_v0_bogota_grid_spawn1.6,1.6,MPC_TrackingG2V,9,2022-03-05,224.91022529545384,15.0,21.0,59.0,7.0,313.5795887090975,913.268067134558,225.88480193422427,0.9745766387704293,0.5830860586975091,0.802563614241423
station_v0_bogota_grid_spawn1.6__ChargeAsFastAsPossible__seed10__2022-01-17,station_v0_bogota_grid_spawn1.6,1.6,ChargeAsFastAsPossible,10,2022-01-17,226.62697811575063,15.0,43.0,79.0,15.0,579.9851410440159,1191.0426881084627,226.67033282168643,0.04335470593579771,0.7190535669091845,0.840146084031123
station_v0_bogota_grid_spawn1.6__TD3_vanilla_extended_ts102__seed10__2022-01-17,station_v0_bogota_grid_spawn1.6,1.6,TD3_vanilla_extended_ts102,10,2022-01-17,226.6071711950536,15.0,43.0,79.0,15.0,579.9851410440159,1191.0426881084627,226.67033282168643,0.06316162663281943,0.7190781212838074,0.8401600550678595
station_v0_bogota_grid_spawn1.6__RoundRobin__seed10__2022-03-05,station_v0_bogota_grid_spawn1.6,1.6,RoundRobin,10,2022-03-05,215.40092304873343,15.0,45.0,75.0,17.0,630.4098848964269,1116.180155597452,215.5275862861067,0.1266632373732648,0.7453701598681696,0.838252105717977
station_v0_bogota_grid_spawn1.6__Optimal_Oracle_Tracking__seed10__2022-03-05,station_v0_bogota_grid_spawn1.6,1.6,Optimal_Oracle_Tracking,10,2022-03-05,214.2635669881605,15.0,45.0,75.0,17.0,630.4098848964269,1116.180155597452,215.5275862861067,1.2640192979461915,0.7467146517476734,0.8391061640258187
station_v0_bogota_grid_spawn1.6__MPC_TrackingG2V__seed11__2022-01-17,station_v0_bogota_grid_spawn1.6,1.6,MPC_TrackingG2V,11,2022-01-17,226.16125195158304,15.0,29.0,54.0,12.0,430.4069968849572,780.0504672040614,227.3276347728994,1.166382821316347,0.6561512180352568,0.7754951675962126
station_v0_bogota_grid_spawn1.6__ChargeAsFastAsPossible__seed11__2022-03-05,station_v0_bogota_grid_spawn1.6,1.6,ChargeAsFastAsPossible,11,2022-03-05,213.2314213192545,14.0,18.0,53.0,10.0,253.9640666395257,788.0438279967833,213.2747622288194,0.043340909564903995,0.5436350573951609,0.7870493732956538
station_v0_bogota_grid_spawn1.6__TD3_vanilla_extended_ts102__seed11__2022-03-05,station_v0_bogota_grid_spawn1.6,1.6,TD3_vanilla_extended_ts102,11,2022-03-05,213.17765124384616,14.0,18.0,53.0,10.0,253.9640666395257,788.0438279967833,213.2747622288194,0.09711098497325565,0.5437501378895166,0.7871030725637321
station_v0_bogota_grid_spawn1.6__RoundRobin__seed12__2022-01-17,station_v0_bogota_grid_spawn1.6,1.6,RoundRobin,12,2022-01-17,256.34521028183593,17.0,34.0,62.0,10.0,485.40513987444825,903.3831006708168,258.22056542188074,1.8753551400448032,0.6552765612376399,0.779317836397583
station_v0_bogota_grid_spawn1.6__Optimal_Oracle_Tracking__seed12__2022-01-17,station_v0_bogota_grid_spawn1.6,1.6,Optimal_Oracle_Tracking,12,2022-01-17,257.03992134703896,17.0,34.0,62.0,10.0,485.40513987444825,903.3831006708168,258.22056542188074,1.18064407484178,0.6543423398138039,0.7787197743515671
station_v0_bogota_grid_spawn1.6__MPC_TrackingG2V__seed12__2022-03-05,station_v0_bogota_grid_spawn1.6,1.6,MPC_TrackingG2V,12,2022-03-05,249.4971720343584,17.0,23.0,62.0,5.0,338.24789615459645,928.9535029916636,250.79660946533207,1.2994374309736543,0.5764374853615178,0.7885169330352972
station_v0_bogota_grid_spawn1.6__ChargeAsFastAsPossible__seed13__2022-01-17,station_v0_bogota_grid_spawn1.6,1.6,ChargeAsFastAsPossible,13,2022-01-17,258.8939299745574,16.0,23.0,78.0,13.0,347.0853334757633,1180.060761331848,258.9708002837795,0.0768703092221017,0.5728218632677423,0.8200915554041829
station_v0_bogota_grid_spawn1.6__TD3_vanilla_extended_ts102__seed13__2022-01-17,station_v0_bogota_grid_spawn1.6,1.6,TD3_vanilla_extended_ts102,13,2022-01-17,258.8677008348453,16.0,23.0,78.0,13.0,347.0853334757633,1180.060761331848,258.9708002837795,0.10309944893418788,0.5728651416676315,0.8201097823426404
station_v0_bogota_grid_spawn1.6__RoundRobin__seed13__2022-03-05,station_v0_bogota_grid_spawn1.6,1.6,RoundRobin,13,2022-03-05,250.79863042286576,16.0,35.0,75.0,14.0,518.4445053709563,1138.0534499086586,250.89791273815976,0.09928231529400477,0.6740090959247033,0.8194331081939846
station_v0_bogota_grid_spawn1.6__Optimal_Oracle_Tracking__seed13__2022-03-05,station_v0_bogota_grid_spawn1.6,1.6,Optimal_Oracle_Tracking,13,2022-03-05,249.85365398526693,16.0,35.0,75.0,14.0,518.4445053709563,1138.0534499086586,250.89791273815976,1.04425875289283,0.6752373870150624,0.8201134606260511
station_v0_bogota_grid_spawn1.6__MPC_TrackingG2V__seed14__2022-01-17,station_v0_bogota_grid_spawn1.6,1.6,MPC_TrackingG2V,14,2022-01-17,342.752514881397,16.0,14.0,53.0,18.0,181.6113430521958,811.0050830409815,344.0846349270756,1.3321200456786073,0.348002402074851,0.7032676254063275
station_v0_bogota_grid_spawn1.6__ChargeAsFastAsPossible__seed14__2022-03-05,station_v0_bogota_grid_spawn1.6,1.6,ChargeAsFastAsPossible,14,2022-03-05,354.40405031580747,17.0,36.0,64.0,8.0,528.50083375668,977.168640516172,354.5368588251669,0.13280850935944954,0.5986535418668343,0.7338720531745978
station_v0_bogota_grid_spawn1.6__TD3_vanilla_extended_ts102__seed14__2022-03-05,station_v0_bogota_grid_spawn1.6,1.6,TD3_vanilla_extended_ts102,14,2022-03-05,327.0712797666647,17.0,36.0,64.0,8.0,528.50083375668,977.168640516172,354.5368588251669,27.465579058502215,0.6296066606054315,0.7543966891114935
station_v0_bogota_grid_spawn1.6__RoundRobin__seed15__2022-01-17,station_v0_bogota_grid_spawn1.6,1.6,RoundRobin,15,2022-01-17,204.2548454648426,15.0,34.0,75.0,22.0,480.5823193275777,1104.299982823377,204.36375049077245,0.1089050259298574,0.7017942660521994,0.8439210621757097
station_v0_bogota_grid_spawn1.6__Optimal_Oracle_Tracking__seed15__2022-01-17,station_v0_bogota_grid_spawn1.6,1.6,Optimal_Oracle_Tracking,15,2022-01-17,203.11003309883665,15.0,34.0,75.0,22.0,480.5823193275777,1104.299982823377,204.36375049077245,1.253717391935794,0.7034656565695718,0.8447958570805146
station_v0_bogota_grid_spawn1.6__MPC_TrackingG2V__seed15__2022-03-05,station_v0_bogota_grid_spawn1.6,1.6,MPC_TrackingG2V,15,2022-03-05,194.03810195783595,15.0,43.0,78.0,19.0,604.5093741884511,1144.9519453031269,195.3457353167857,1.3076333589497438,0.7574084360380453,0.855227607446064
station_v0_bogota_grid_spawn1.6__ChargeAsFastAsPossible__seed16__2022-01-17,station_v0_bogota_grid_spawn1.6,1.6,ChargeAsFastAsPossible,16,2022-01-17,226.71213537901545,16.0,52.0,71.0,13.0,767.5919428931007,1060.3199848313309,226.76488836096337,0.05275298194791844,0.772001229082833,0.8238561107343975
station_v0_bogota_grid_spawn1.6__TD3_vanilla_extended_ts102__seed16__2022-01-17,station_v0_bogota_grid_spawn1.6,1.6,TD3_vanilla_extended_ts102,16,2022-01-17,226.6603005784567,16.0,52.0,71.0,13.0,767.5919428931007,1060.3199848313309,226.76488836096337,0.10458778250665546,0.7720533580559837,0.8238963837588408
station_v0_bogota_grid_spawn1.6__RoundRobin__seed16__2022-03-05,station_v0_bogota_grid_spawn1.6,1.6,RoundRobin,16,2022-03-05,215.2838918354656,16.0,40.0,74.0,13.0,608.303654384038,1131.111602506999,215.3757219290227,0.0918300935570926,0.7386314407929992,0.8401144311361137
station_v0_bogota_grid_spawn1.6__Optimal_Oracle_Tracking__seed16__2022-03-05,station_v0_bogota_grid_spawn1.6,1.6,Optimal_Oracle_Tracking,16,2022-03-05,214.35355832204425,16.0,40.0,74.0,13.0,608.303654384038,1131.111602506999,215.3757219290227,1.022163606978438,0.7397609258088628,0.8408053648690481
station_v0_bogota_grid_spawn1.6__MPC_TrackingG2V__seed17__2022-01-17,station_v0_bogota_grid_spawn1.6,1.6,MPC_TrackingG2V,17,2022-01-17,219.37095306345492,15.0,21.0,57.0,14.0,269.2771219617852,835.5165387647761,220.6752679468704,1.3043148834154863,0.5522606735230878,0.7923000806582229
station_v0_bogota_grid_spawn1.6__ChargeAsFastAsPossible__seed17__2022-03-05,station_v0_bogota_grid_spawn1.6,1.6,ChargeAsFastAsPossible,17,2022-03-05,215.722372846568,15.0,26.0,57.0,12.0,371.04610993420056,840.1531696134515,215.79015077776697,0.06777793119897524,0.6323976766792716,0.7957064847319224
station_v0_bogota_grid_spawn1.6__TD3_vanilla_extended_ts102__seed17__2022-03-05,station_v0_bogota_grid_spawn1.6,1.6,TD3_vanilla_extended_ts102,17,2022-03-05,215.6939609087451,15.0,26.0,57.0,12.0,371.04610993420056,840.1531696134515,215.79015077776697,0.09618986902185611,0.6324460921227691,0.795733391420259
station_v0_bogota_grid_spawn1.6__RoundRobin__seed18__2022-01-17,station_v0_bogota_grid_spawn1.6,1.6,RoundRobin,18,2022-01-17,223.0250326697652,15.0,35.0,65.0,15.0,475.3551582433568,944.2571607289724,223.1803009969928,0.15526832722758854,0.6807248225991237,0.8089619016165199
station_v0_bogota_grid_spawn1.6__Optimal_Oracle_Tracking__seed18__2022-01-17,station_v0_bogota_grid_spawn1.6,1.6,Optimal_Oracle_Tracking,18,2022-01-17,222.00076281895272,15.0,35.0,65.0,15.0,475.3551582433568,944.2571607289724,223.1803009969928,1.179538178040076,0.682191133059478,0.809839267543512
station_v0_bogota_grid_spawn1.6__MPC_TrackingG2V__seed18__2022-03-05,station_v0_bogota_grid_spawn1.6,1.6,MPC_TrackingG2V,18,2022-03-05,249.63032245067689,16.0,53.0,72.0,7.0,778.6739066346798,1082.0278564306743,250.9508372742196,1.3205148235427089,0.7575521335054822,0.8127274474606553
station_v0_bogota_grid_spawn1.6__ChargeAsFastAsPossible__seed19__2022-01-17,station_v0_bogota_grid_spawn1.6,1.6,ChargeAsFastAsPossible,19,2022-01-17,252.6260607843545,17.0,42.0,71.0,9.0,601.3021607862412,1047.564998716548,252.69319741824413,0.06713663388961777,0.7041833326641287,0.8057108491718626
station_v0_bogota_grid_spawn1.6__TD3_vanilla_extended_ts102__seed19__2022-01-17,station_v0_bogota_grid_spawn1.6,1.6,TD3_vanilla_extended_ts102,19,2022-01-17,252.55925712496804,17.0,42.0,71.0,9.0,601.3021607862412,1047.564998716548,252.69319741824413,0.13394029327608337,0.7042615575148199,0.8057622263980051
station_v0_bogota_grid_spawn1.6__RoundRobin__seed19__2022-03-05,station_v0_bogota_grid_spawn1.6,1.6,RoundRobin,19,2022-03-05,204.21872614083836,16.0,34.0,62.0,6.0,475.8866618747039,925.4742243918852,204.326894786023,0.10816864518463376,0.699772631490352,0.8192436503431358
station_v0_bogota_grid_spawn1.6__Optimal_Oracle_Tracking__seed19__2022-03-05,station_v0_bogota_grid_spawn1.6,1.6,Optimal_Oracle_Tracking,19,2022-03-05,203.038660568597,16.0,34.0,62.0,6.0,475.8866618747039,925.4742243918852,204.326894786023,1.2882342174259804,0.7015074772026816,0.8202881399902164
station_v0_bogota_grid_spawn1.6__MPC_TrackingG2V__seed20__2022-01-17,station_v0_bogota_grid_spawn1.6,1.6,MPC_TrackingG2V,20,2022-01-17,282.68344875867547,16.0,38.0,67.0,16.0,504.3888621178186,984.1902533172116,283.9408640554662,1.2574152967907253,0.6414147032982261,0.7770865765486925
station_v0_bogota_grid_spawn1.6__ChargeAsFastAsPossible__seed20__2022-03-05,station_v0_bogota_grid_spawn1.6,1.6,ChargeAsFastAsPossible,20,2022-03-05,279.1512723774781,16.0,39.0,65.0,11.0,556.5904983376004,988.612839175782,279.25270630037915,0.10143392290103748,0.666024356208789,0.7798258077337059
station_v0_bogota_grid_spawn1.6__TD3_vanilla_extended_ts102__seed20__2022-03-05,station_v0_bogota_grid_spawn1.6,1.6,TD3_vanilla_extended_ts102,20,2022-03-05,279.0651140178756,16.0,39.0,65.0,11.0,556.5904983376004,988.612839175782,279.25270630037915,0.18759228250354454,0.666127435780561,0.7798937631726007
station_v0_bogota_grid_spawn1.6__RoundRobin__seed21__2022-01-17,station_v0_bogota_grid_spawn1.6,1.6,RoundRobin,21,2022-01-17,191.5498283814452,14.0,18.0,66.0,13.0,273.34184174199606,1022.5577753098046,191.65593829622185,0.10610991477665266,0.5880629185676933,0.8422437284021674
station_v0_bogota_grid_spawn1.6__Optimal_Oracle_Tracking__seed21__2022-01-17,station_v0_bogota_grid_spawn1.6,1.6,Optimal_Oracle_Tracking,21,2022-01-17,190.62264059542656,14.0,18.0,66.0,13.0,273.34184174199606,1022.5577753098046,191.65593829622185,1.0332977007952877,0.5900568803150859,0.8430073400922916
station_v0_bogota_grid_spawn1.6__MPC_TrackingG2V__seed21__2022-03-05,station_v0_bogota_grid_spawn1.6,1.6,MPC_TrackingG2V,21,2022-03-05,208.3530019492836,16.0,21.0,56.0,14.0,303.3464271771993,864.285594203764,209.3751646263008,1.0221626770172065,0.5936332596869949,0.8059414948010958
station_v0_bogota_grid_spawn1.6__ChargeAsFastAsPossible__seed22__2022-01-17,station_v0_bogota_grid_spawn1.6,1.6,ChargeAsFastAsPossible,22,2022-01-17,220.7402580571026,16.0,35.0,70.0,19.0,510.3411615290737,1033.0120284496782,220.794414427168,0.05415637006538532,0.6980857376986483,0.823943911509486
station_v0_bogota_grid_spawn1.6__TD3_vanilla_extended_ts102__seed22__2022-01-17,station_v0_bogota_grid_spawn1.6,1.6,TD3_vanilla_extended_ts102,22,2022-01-17,220.73125676276808,16.0,35.0,70.0,19.0,510.3411615290737,1033.0120284496782,220.794414427168,0.06315766439990966,0.6980980490874392,0.8239510906832618
station_v0_bogota_grid_spawn1.6__RoundRobin__seed22__2022-03-05,station_v0_bogota_grid_spawn1.6,1.6,RoundRobin,22,2022-03-05,200.1606840969296,15.0,32.0,70.0,18.0,458.5694344847444,1048.620355138475,200.35488483128407,0.19420073435446739,0.696231147903755,0.8397400703461696
station_v0_bogota_grid_spawn1.6__Optimal_Oracle_Tracking__seed22__2022-03-05,station_v0_bogota_grid_spawn1.6,1.6,Optimal_Oracle_Tracking,22,2022-03-05,199.4275570985067,15.0,32.0,70.0,18.0,458.5694344847444,1048.620355138475,200.35488483128407,0.9273277327773712,0.6973437597423708,0.8403270531581272
station_v0_bogota_grid_spawn1.6__MPC_TrackingG2V__seed23__2022-01-17,station_v0_bogota_grid_spawn1.6,1.6,MPC_TrackingG2V,23,2022-01-17,238.99780392785112,15.0,37.0,73.0,19.0,510.2630984558135,1078.0421068848948,240.03469490723373,1.0368909793826049,0.6814627391390887,0.8186768755789521
station_v0_bogota_grid_spawn1.6__ChargeAsFastAsPossible__seed23__2022-03-05,station_v0_bogota_grid_spawn1.6,1.6,ChargeAsFastAsPossible,23,2022-03-05,244.7575122276723,16.0,35.0,76.0,12.0,534.0714314611141,1154.012360130616,244.82016348917657,0.06265126150427136,0.6857617750474083,0.8250272937647264
station_v0_bogota_grid_spawn1.6__TD3_vanilla_extended_ts102__seed23__2022-03-05,station_v0_bogota_grid_spawn1.6,1.6,TD3_vanilla_extended_ts102,23,2022-03-05,213.8215216098516,16.0,35.0,76.0,12.0,534.0714314611141,1154.012360130616,244.82016348917657,30.998641879324964,0.7254797419870761,0.8471428723600589
station_v0_bogota_grid_spawn1.6__RoundRobin__seed24__2022-01-17,station_v0_bogota_grid_spawn1.6,1.6,RoundRobin,24,2022-01-17,236.8857201659328,16.0,15.0,64.0,7.0,231.7847497563156,990.5678686215324,241.55584625174689,4.670126085814076,0.4995448897396117,0.8077419358896961
station_v0_bogota_grid_spawn1.6__Optimal_Oracle_Tracking__seed24__2022-01-17,station_v0_bogota_grid_spawn1.6,1.6,Optimal_Oracle_Tracking,24,2022-01-17,240.5289896577036,16.0,15.0,64.0,7.0,231.7847497563156,990.5678686215324,241.55584625174689,1.026856594043295,0.4918479596167859,0.8047850335528673
station_v0_bogota_grid_spawn1.6__MPC_TrackingG2V__seed24__2022-03-05,station_v0_bogota_grid_spawn1.6,1.6,MPC_TrackingG2V,24,2022-03-05,236.48567336654585,16.0,31.0,70.0,7.0,457.4550266784229,1067.2291555690283,237.635307410207,1.1496340436611376,0.659777065269344,0.8187661017094393
station_v0_bogota_grid_spawn1.6__ChargeAsFastAsPossible__seed25__2022-01-17,station_v0_bogota_grid_spawn1.6,1.6,ChargeAsFastAsPossible,25,2022-01-17,250.7944072029379,14.0,17.0,59.0,21.0,225.42763811831605,868.4453910367968,250.8730033837034,0.07859618076551556,0.4734535598943245,0.7759400645490324
station_v0_bogota_grid_spawn1.6__TD3_vanilla_extended_ts102__seed25__2022-01-17,station_v0_bogota_grid_spawn1.6,1.6,TD3_vanilla_extended_ts102,25,2022-01-17,250.78315132950812,14.0,17.0,59.0,21.0,225.42763811831605,868.4453910367968,250.8730033837034,0.08985205419529052,0.4734771917613619,0.7759501205558719
station_v0_bogota_grid_spawn1.6__RoundRobin__seed25__2022-03-05,station_v0_bogota_grid_spawn1.6,1.6,RoundRobin,25,2022-03-05,276.20615508513856,16.0,28.0,59.0,14.0,399.214600910769,870.8220225472078,276.35045906468827,0.1443039795497043,0.5911479568005295,0.7592287476273486
station_v0_bogota_grid_spawn1.6__Optimal_Oracle_Tracking__seed25__2022-03-05,station_v0_bogota_grid_spawn1.6,1.6,Optimal_Oracle_Tracking,25,2022-03-05,275.30667074192525,16.0,28.0,59.0,14.0,399.214600910769,870.8220225472078,276.35045906468827,1.043788322763021,0.5924794116025969,0.7600128357724456
station_v0_bogota_grid_spawn1.6__MPC_TrackingG2V__seed26__2022-01-17,station_v0_bogota_grid_spawn1.6,1.6,MPC_TrackingG2V,26,2022-01-17,280.06704817232907,15.0,20.0,56.0,17.0,280.82345363290574,826.3319750150798,281.2781454242965,1.2110972519674306,0.5017501308623247,0.7471429314303938
station_v0_bogota_grid_spawn1.6__ChargeAsFastAsPossible__seed26__2022-03-05,station_v0_bogota_grid_spawn1.6,1.6,ChargeAsFastAsPossible,26,2022-03-05,214.11520687155604,15.0,24.0,54.0,16.0,333.75051701033635,805.2326953736504,214.1445931297233,0.029386258167249935,0.6092040193298653,0.7899548976749178
station_v0_bogota_grid_spawn1.6__TD3_vanilla_extended_ts102__seed26__2022-03-05,station_v0_bogota_grid_spawn1.6,1.6,TD3_vanilla_extended_ts102,26,2022-03-05,214.0259149324464,15.0,24.0,54.0,16.0,333.75051701033635,805.2326953736504,214.1445931297233,0.11867819727689266,0.6093669920183545,0.7900424922683197
station_v0_bogota_grid_spawn1.6__RoundRobin__seed27__2022-01-17,station_v0_bogota_grid_spawn1.6,1.6,RoundRobin,27,2022-01-17,254.01391959774227,14.0,39.0,65.0,26.0,526.1760563568707,951.7126685818096,254.13488304834016,0.12096345059788405,0.6744708977278168,0.7893482312466875
station_v0_bogota_grid_spawn1.6__Optimal_Oracle_Tracking__seed27__2022-01-17,station_v0_bogota_grid_spawn1.6,1.6,Optimal_Oracle_Tracking,27,2022-01-17,253.08437556146663,14.0,39.0,65.0,26.0,526.1760563568707,951.7126685818096,254.13488304834016,1.0505074868735278,0.6756621459717338,0.7901190948894581
station_v0_bogota_grid_spawn1.6__MPC_TrackingG2V__seed27__2022-03-05,station_v0_bogota_grid_spawn1.6,1.6,MPC_TrackingG2V,27,2022-03-05,283.1143277673983,16.0,58.0,78.0,11.0,821.247401759901,1185.206750641083,284.5012366518222,1.3869088844238604,0.7439614050313835,0.8073669530170587
station_v0_bogota_grid_spawn1.6__ChargeAsFastAsPossible__seed28__2022-01-17,station_v0_bogota_grid_spawn1.6,1.6,ChargeAsFastAsPossible,28,2022-01-17,215.98614445660365,15.0,36.0,67.0,24.0,476.17220422613167,972.1726350439408,216.03240131597852,0.046256859374864234,0.6879735518554504,0.8182248535839574
station_v0_bogota_grid_spawn1.6__TD3_vanilla_extended_ts102__seed28__2022-01-17,station_v0_bogota_grid_spawn1.6,1.6,TD3_vanilla_extended_ts102,28,2022-01-17,215.96412405461243,15.0,36.0,67.0,24.0,476.17220422613167,972.1726350439408,216.03240131597852,0.06827726136609158,0.6880053638396744,0.8182433860773548
station_v0_bogota_grid_spawn1.6__RoundRobin__seed28__2022-03-05,station_v0_bogota_grid_spawn1.6,1.6,RoundRobin,28,2022-03-05,210.3977927328301,16.0,40.0,68.0,13.0,573.1470122327421,1009.9679475573588,218.5429978394613,8.145205106631181,0.7342422033168746,0.828737551324893
station_v0_bogota_grid_spawn1.6__Optimal_Oracle_Tracking__seed28__2022-03-05,station_v0_bogota_grid_spawn1.6,1.6,Optimal_Oracle_Tracking,28,2022-03-05,217.37140810339145,16.0,40.0,68.0,13.0,573.1470122327421,1009.9679475573588,218.5429978394613,1.1715897360698477,0.7254336857382262,0.8230610733116598
station_v0_bogota_grid_spawn1.6__MPC_TrackingG2V__seed29__2022-01-17,station_v0_bogota_grid_spawn1.6,1.6,MPC_TrackingG2V,29,2022-01-17,257.0407377533468,17.0,40.0,67.0,17.0,585.1561383475158,1027.1405932013956,258.41950097233763,1.378763218990855,0.6952961586697904,0.8000554474907263
station_v0_bogota_grid_spawn1.6__ChargeAsFastAsPossible__seed29__2022-03-05,station_v0_bogota_grid_spawn1.6,1.6,ChargeAsFastAsPossible,29,2022-03-05,234.83890468079693,15.0,39.0,65.0,19.0,547.047906735069,969.5380871549684,234.9019754062545,0.06307072545757819,0.699675247679935,0.80502234027203
station_v0_bogota_grid_spawn1.6__TD3_vanilla_extended_ts102__seed29__2022-03-05,station_v0_bogota_grid_spawn1.6,1.6,TD3_vanilla_extended_ts102,29,2022-03-05,234.797455233582,15.0,39.0,65.0,19.0,547.047906735069,969.5380871549684,234.9019754062545,0.10452017267249403,0.6997282554853732,0.8050567541449187
station_v0_bogota_grid_spawn1.6__RoundRobin__seed30__2022-01-17,station_v0_bogota_grid_spawn1.6,1.6,RoundRobin,30,2022-01-17,239.05878848051583,16.0,44.0,62.0,8.0,639.3257692095902,919.1583067770993,239.2017045189691,0.14291603845327927,0.7278869521678973,0.7936230652394178
station_v0_bogota_grid_spawn1.6__Optimal_Oracle_Tracking__seed30__2022-01-17,station_v0_bogota_grid_spawn1.6,1.6,Optimal_Oracle_Tracking,30,2022-01-17,237.99851578101985,16.0,44.0,62.0,8.0,639.3257692095902,919.1583067770993,239.2017045189691,1.2031887379492616,0.7290938270024384,0.794538387496019
station_v0_bogota_grid_spawn1.6__MPC_TrackingG2V__seed30__2022-03-05,station_v0_bogota_grid_spawn1.6,1.6,MPC_TrackingG2V,30,2022-03-05,225.16140826510576,16.0,33.0,61.0,8.0,489.2429601777917,914.9824218320828,226.309267065931,1.1478588008252473,0.6853319720177267,0.8027135302435149
station_v0_bogota_grid_spawn1.6__ChargeAsFastAsPossible__seed31__2022-01-17,station_v0_bogota_grid_spawn1.6,1.6,ChargeAsFastAsPossible,31,2022-01-17,202.2786858793052,14.0,31.0,60.0,24.0,413.4019252336892,871.2661929250356,202.34965559395224,0.07096971464704893,0.6714930303428224,0.8115911886375924
station_v0_bogota_grid_spawn1.6__TD3_vanilla_extended_ts102__seed31__2022-01-17,station_v0_bogota_grid_spawn1.6,1.6,TD3_vanilla_extended_ts102,31,2022-01-17,202.25404643842336,14.0,31.0,60.0,24.0,413.4019252336892,871.2661929250356,202.34965559395224,0.0956091555288765,0.6715330455724198,0.8116141385976883
station_v0_bogota_grid_spawn1.6__RoundRobin__seed31__2022-03-05,station_v0_bogota_grid_spawn1.6,1.6,RoundRobin,31,2022-03-05,222.31435685474884,15.0,28.0,64.0,15.0,391.48770416791416,945.7346683434546,222.46739950457845,0.15304264982961513,0.6378980229581415,0.8096952890485134
station_v0_bogota_grid_spawn1.6__Optimal_Oracle_Tracking__seed31__2022-03-05,station_v0_bogota_grid_spawn1.6,1.6,Optimal_Oracle_Tracking,31,2022-03-05,221.2709086759588,15.0,28.0,64.0,15.0,391.48770416791416,945.7346683434546,222.46739950457845,1.196490828619659,0.6395975742324096,0.8105884976872485
station_v0_bogota_grid_spawn1.6__MPC_TrackingG2V__seed32__2022-01-17,station_v0_bogota_grid_spawn1.6,1.6,MPC_TrackingG2V,32,2022-01-17,247.16164820621984,16.0,21.0,61.0,11.0,321.6543410212165,946.482419713372,248.5939186251516,1.4322704189317506,0.566571850022841,0.7931833806116179
station_v0_bogota_grid_spawn1.6__ChargeAsFastAsPossible__seed32__2022-03-05,station_v0_bogota_grid_spawn1.6,1.6,ChargeAsFastAsPossible,32,2022-03-05,240.4313469626785,16.0,36.0,63.0,10.0,515.6049607584031,970.5341800931404,240.4923790483601,0.06103208568160312,0.6820100610007095,0.8014648438981216
station_v0_bogota_grid_spawn1.6__TD3_vanilla_extended_ts102__seed32__2022-03-05,station_v0_bogota_grid_spawn1.6,1.6,TD3_vanilla_extended_ts102,32,2022-03-05,240.32445983973963,16.0,36.0,63.0,10.0,515.6049607584031,970.5341800931404,240.4923790483601,0.16791920862047505,0.682151427882077,0.8015531054825865
station_v0_bogota_grid_spawn1.6__RoundRobin__seed33__2022-01-17,station_v0_bogota_grid_spawn1.6,1.6,RoundRobin,33,2022-01-17,228.37232996589825,16.0,26.0,46.0,27.0,392.4893401646708,701.5389549889138,228.5022742479716,0.12994428207335318,0.6322457104643812,0.7544492407575505
station_v0_bogota_grid_spawn1.6__Optimal_Oracle_Tracking__seed33__2022-01-17,station_v0_bogota_grid_spawn1.6,1.6,Optimal_Oracle_Tracking,33,2022-01-17,227.4938509312564,16.0,26.0,46.0,27.0,392.4893401646708,701.5389549889138,228.5022742479716,1.0084233167152092,0.6336603495903423,0.7553937999953841
station_v0_bogota_grid_spawn1.6__MPC_TrackingG2V__seed33__2022-03-05,station_v0_bogota_grid_spawn1.6,1.6,MPC_TrackingG2V,33,2022-03-05,227.0915398484798,16.0,37.0,56.0,21.0,575.000647097485,855.2307514444225,228.2283727757999,1.1368329273200857,0.717276724035313,0.79040137761365
station_v0_bogota_grid_spawn1.6__ChargeAsFastAsPossible__seed34__2022-01-17,station_v0_bogota_grid_spawn1.6,1.6,ChargeAsFastAsPossible,34,2022-01-17,225.77884065239556,16.0,21.0,65.0,17.0,301.89065075683243,971.6654380802185,225.82988656283013,0.05104591043456708,0.5721621110310667,0.8114574345251027
station_v0_bogota_grid_spawn1.6__TD3_vanilla_extended_ts102__seed34__2022-01-17,station_v0_bogota_grid_spawn1.6,1.6,TD3_vanilla_extended_ts102,34,2022-01-17,220.88239035150053,16.0,21.0,65.0,17.0,301.89065075683243,971.6654380802185,225.82988656283013,4.947496211329593,0.5814406021160727,0.8155463442687414
station_v0_bogota_grid_spawn1.6__RoundRobin__seed34__2022-03-05,station_v0_bogota_grid_spawn1.6,1.6,RoundRobin,34,2022-03-05,174.43711446671588,14.0,31.0,66.0,16.0,484.9696685883298,988.5086169881016,174.5237827815604,0.08666831484453041,0.7354983372399261,0.8500152579573337
station_v0_bogota_grid_spawn1.6__Optimal_Oracle_Tracking__seed34__2022-03-05,station_v0_bogota_grid_spawn1.6,1.6,Optimal_Oracle_Tracking,34,2022-03-05,173.7139870276887,14.0,31.0,66.0,16.0,484.9696685883298,988.5086169881016,174.5237827815604,0.8097957538717253,0.7365948264279918,0.8506370183134255
station_v0_bogota_grid_spawn1.6__MPC_TrackingG2V__seed35__2022-01-17,station_v0_bogota_grid_spawn1.6,1.6,MPC_TrackingG2V,35,2022-01-17,275.91039495035125,17.0,34.0,64.0,7.0,467.1850351426348,961.720073921694,277.2178837276787,1.3074887773274781,0.629353421438667,0.7773008783475858
station_v0_bogota_grid_spawn1.6__ChargeAsFastAsPossible__seed35__2022-03-05,station_v0_bogota_grid_spawn1.6,1.6,ChargeAsFastAsPossible,35,2022-03-05,254.65113896532603,16.0,32.0,59.0,12.0,485.2892123142468,879.7834283179781,254.72856345119743,0.07742448587140416,0.655885105324767,0.7755412540256899
station_v0_bogota_grid_spawn1.6__TD3_vanilla_extended_ts102__seed35__2022-03-05,station_v0_bogota_grid_spawn1.6,1.6,TD3_vanilla_extended_ts102,35,2022-03-05,221.05761604127727,16.0,32.0,59.0,12.0,485.2892123142468,879.7834283179781,254.72856345119743,33.67094740992016,0.7012806674642048,0.8051518030262892
station_v0_bogota_grid_spawn1.6__RoundRobin__seed36__2022-01-17,station_v0_bogota_grid_spawn1.6,1.6,RoundRobin,36,2022-01-17,305.5469151578096,17.0,26.0,57.0,9.0,351.9878019159543,856.4230902274372,305.76752524787776,0.22061009006813492,0.5354702538475911,0.7370939748701667
station_v0_bogota_grid_spawn1.6__Optimal_Oracle_Tracking__seed36__2022-01-17,station_v0_bogota_grid_spawn1.6,1.6,Optimal_Oracle_Tracking,36,2022-01-17,304.36122047037577,17.0,26.0,57.0,9.0,351.9878019159543,856.4230902274372,305.76752524787776,1.4063047775019868,0.5372728917563503,0.7381141988090332
station_v0_bogota_grid_spawn1.6__MPC_TrackingG2V__seed36__2022-03-05,station_v0_bogota_grid_spawn1.6,1.6,MPC_TrackingG2V,36,2022-03-05,226.69648190230896,15.0,27.0,62.0,10.0,360.8401000829484,927.3585328450428,227.8782429543264,1.1817610520174355,0.6149321919667864,0.8037662177561429
station_v0_bogota_grid_spawn1.6__ChargeAsFastAsPossible__seed37__2022-01-17,station_v0_bogota_grid_spawn1.6,1.6,ChargeAsFastAsPossible,37,2022-01-17,234.18415209603424,15.0,27.0,58.0,12.0,384.6296228024264,876.2491809388171,234.2415621196535,0.05741002361926917,0.6215946746243814,0.7891165202772845
station_v0_bogota_grid_spawn1.6__TD3_vanilla_extended_ts102__seed37__2022-01-17,station_v0_bogota_grid_spawn1.6,1.6,TD3_vanilla_extended_ts102,37,2022-01-17,234.18945744332095,15.0,27.0,58.0,12.0,384.6296228024264,876.2491809388171,234.2415621196535,0.05210467633256144,0.6215861020047216,0.7891117427973101
station_v0_bogota_grid_spawn1.6__RoundRobin__seed37__2022-03-05,station_v0_bogota_grid_spawn1.6,1.6,RoundRobin,37,2022-03-05,256.9715995621342,17.0,33.0,65.0,12.0,506.7546056188579,976.1647320907472,257.13966140458456,0.16806184245035638,0.6636031835093635,0.7916397598861656
station_v0_bogota_grid_spawn1.6__Optimal_Oracle_Tracking__seed37__2022-03-05,station_v0_bogota_grid_spawn1.6,1.6,Optimal_Oracle_Tracking,37,2022-03-05,256.0206271576063,17.0,33.0,65.0,12.0,506.7546056188579,976.1647320907472,257.13966140458456,1.1190342469782308,0.6648480840742459,0.7924108366856512
station_v0_bogota_grid_spawn1.6__MPC_TrackingG2V__seed38__2022-01-17,station_v0_bogota_grid_spawn1.6,1.6,MPC_TrackingG2V,38,2022-01-17,254.90075784578016,14.0,13.0,45.0,21.0,194.49108362225385,671.9335556971637,255.8996001789042,0.9988423331240313,0.4340452255928195,0.7252730663573875
station_v0_bogota_grid_spawn1.6__ChargeAsFastAsPossible__seed38__2022-03-05,station_v0_bogota_grid_spawn1.6,1.6,ChargeAsFastAsPossible,38,2022-03-05,252.16257146821889,14.0,17.0,56.0,15.0,234.19898737808572,840.9296710957174,252.2410116258684,0.07844015764950996,0.48161628981055654,0.7693291857768921
station_v0_bogota_grid_spawn1.6__TD3_vanilla_extended_ts102__seed38__2022-03-05,station_v0_bogota_grid_spawn1.6,1.6,TD3_vanilla_extended_ts102,38,2022-03-05,252.15215976936983,14.0,17.0,56.0,15.0,234.19898737808572,840.9296710957174,252.2410116258684,0.08885185649856453,0.4816376936812711,0.7693387100890728
station_v0_bogota_grid_spawn1.6__RoundRobin__seed39__2022-01-17,station_v0_bogota_grid_spawn1.6,1.6,RoundRobin,39,2022-01-17,230.85939927777207,14.0,27.0,54.0,11.0,359.57325069961473,814.7700904655916,230.99361626988767,0.13421699211559712,0.6090884670478915,0.7792432479814804
station_v0_bogota_grid_spawn1.6__Optimal_Oracle_Tracking__seed39__2022-01-17,station_v0_bogota_grid_spawn1.6,1.6,Optimal_Oracle_Tracking,39,2022-01-17,229.6564270582961,14.0,27.0,54.0,11.0,359.57325069961473,814.7700904655916,230.99361626988767,1.3371892115915784,0.6111254459011906,0.7803935768863065
station_v0_bogota_grid_spawn1.6__MPC_TrackingG2V__seed39__2022-03-05,station_v0_bogota_grid_spawn1.6,1.6,MPC_TrackingG2V,39,2022-03-05,225.06711783671693,14.0,23.0,56.0,9.0,334.1148695601856,842.2178010101151,226.0174853481533,0.9503675114363546,0.5981893995865541,0.7893094145916153
station_v0_bogota_grid_spawn1.6__ChargeAsFastAsPossible__seed40__2022-01-17,station_v0_bogota_grid_spawn1.6,1.6,ChargeAsFastAsPossible,40,2022-01-17,260.71562530719746,16.0,30.0,61.0,21.0,414.4007850383226,910.9011783938932,260.7946594363048,0.07903412910735597,0.6138664331332072,0.7774886477449617
station_v0_bogota_grid_spawn1.6__TD3_vanilla_extended_ts102__seed40__2022-01-17,station_v0_bogota_grid_spawn1.6,1.6,TD3_vanilla_extended_ts102,40,2022-01-17,260.6508472632072,16.0,30.0,61.0,21.0,414.4007850383226,910.9011783938932,260.7946594363048,0.14381217309761496,0.6139623728266994,0.7775439334615264
station_v0_bogota_grid_spawn1.6__RoundRobin__seed40__2022-03-05,station_v0_bogota_grid_spawn1.6,1.6,RoundRobin,40,2022-03-05,249.1719834236444,16.0,40.0,60.0,17.0,589.5893115501684,903.7378994483216,252.47057647808032,3.298593054435912,0.7040923253011128,0.7844921667573855
station_v0_bogota_grid_spawn1.6__Optimal_Oracle_Tracking__seed40__2022-03-05,station_v0_bogota_grid_spawn1.6,1.6,Optimal_Oracle_Tracking,40,2022-03-05,251.26727296915368,16.0,40.0,60.0,17.0,589.5893115501684,903.7378994483216,252.47057647808032,1.2033035089266377,0.7016040348893516,0.7826799593664732
station_v0_bogota_grid_spawn1.6__MPC_TrackingG2V__seed41__2022-01-17,station_v0_bogota_grid_spawn1.6,1.6,MPC_TrackingG2V,41,2022-01-17,223.70817594951063,16.0,46.0,76.0,14.0,644.0672618346028,1129.9003174903148,225.15315089472705,1.4449749452164156,0.7426335453316465,0.8349082296980304
station_v0_bogota_grid_spawn1.6__ChargeAsFastAsPossible__seed41__2022-03-05,station_v0_bogota_grid_spawn1.6,1.6,ChargeAsFastAsPossible,41,2022-03-05,208.40825229771136,15.0,34.0,68.0,16.0,465.6002202920996,994.4681156910516,208.4464307124075,0.03817841469614791,0.6908103437838788,0.826747250732962
station_v0_bogota_grid_spawn1.6__TD3_vanilla_extended_ts102__seed41__2022-03-05,station_v0_bogota_grid_spawn1.6,1.6,TD3_vanilla_extended_ts102,41,2022-03-05,208.33800263206345,15.0,34.0,68.0,16.0,465.6002202920996,994.4681156910516,208.4464307124075,0.10842808034405493,0.6909145645607987,0.8268056502808416
station_v0_bogota_grid_spawn1.6__RoundRobin__seed42__2022-01-17,station_v0_bogota_grid_spawn1.6,1.6,RoundRobin,42,2022-01-17,268.2503100280584,16.0,37.0,73.0,10.0,536.3974855092007,1108.4598857613362,268.41959720745075,0.16928717939237004,0.6666940652867577,0.8051751708510718
station_v0_bogota_grid_spawn1.6__Optimal_Oracle_Tracking__seed42__2022-01-17,station_v0_bogota_grid_spawn1.6,1.6,Optimal_Oracle_Tracking,42,2022-01-17,267.1019073445672,16.0,37.0,73.0,10.0,536.3974855092007,1108.4598857613362,268.41959720745075,1.317689862883526,0.6681209767032185,0.8060092327262731
station_v0_bogota_grid_spawn1.6__MPC_TrackingG2V__seed42__2022-03-05,station_v0_bogota_grid_spawn1.6,1.6,MPC_TrackingG2V,42,2022-03-05,243.52220995018163,16.0,46.0,73.0,4.0,687.9726265338702,1136.8934873808705,244.82451559007487,1.302305639893234,0.7389333661596664,0.8237540442937238
station_v0_bogota_grid_spawn1.6__ChargeAsFastAsPossible__seed43__2022-01-17,station_v0_bogota_grid_spawn1.6,1.6,ChargeAsFastAsPossible,43,2022-01-17,231.62957451726945,16.0,37.0,71.0,7.0,536.9916441278921,1088.2452586002173,231.69457217345152,0.0649976561820722,0.698668234703372,0.8245150505220361
station_v0_bogota_grid_spawn1.6__TD3_vanilla_extended_ts102__seed43__2022-01-17,station_v0_bogota_grid_spawn1.6,1.6,TD3_vanilla_extended_ts102,43,2022-01-17,231.5953455987292,16.0,37.0,71.0,7.0,536.9916441278921,1088.2452586002173,231.69457217345152,0.09922657472230867,0.6987127638204739,0.8245409827029904
station_v0_bogota_grid_spawn1.6__RoundRobin__seed43__2022-03-05,station_v0_bogota_grid_spawn1.6,1.6,RoundRobin,43,2022-03-05,218.41684513319493,16.0,39.0,66.0,9.0,557.9704539592816,997.7453144212174,226.65351815014432,8.236673016949396,0.7216286362676492,0.821612991353073
station_v0_bogota_grid_spawn1.6__Optimal_Oracle_Tracking__seed43__2022-03-05,station_v0_bogota_grid_spawn1.6,1.6,Optimal_Oracle_Tracking,43,2022-03-05,225.48128601924816,16.0,39.0,66.0,9.0,557.9704539592816,997.7453144212174,226.65351815014432,1.1722321308961625,0.7126250356421663,0.8158432693489959
station_v0_bogota_grid_spawn1.6__MPC_TrackingG2V__seed44__2022-01-17,station_v0_bogota_grid_spawn1.6,1.6,MPC_TrackingG2V,44,2022-01-17,209.8579010455313,15.0,23.0,49.0,23.0,294.77485230696965,684.040257943557,210.9672072422925,1.109306196761196,0.5850495384295996,0.7655238540362855
station_v0_bogota_grid_spawn1.6__ChargeAsFastAsPossible__seed44__2022-03-05,station_v0_bogota_grid_spawn1.6,1.6,ChargeAsFastAsPossible,44,2022-03-05,191.72351129227624,15.0,18.0,50.0,13.0,246.2409600859844,739.3696179219236,191.77607574371552,0.0525644514392809,0.5622921128418897,0.7940993417071835
station_v0_bogota_grid_spawn1.6__TD3_vanilla_extended_ts102__seed44__2022-03-05,station_v0_bogota_grid_spawn1.6,1.6,TD3_vanilla_extended_ts102,44,2022-03-05,191.6721452895502,15.0,18.0,50.0,13.0,246.2409600859844,739.3696179219236,191.77607574371552,0.10393045416532232,0.5624093822595706,0.7941545060096934
station_v0_bogota_grid_spawn1.6__RoundRobin__seed45__2022-01-17,station_v0_bogota_grid_spawn1.6,1.6,RoundRobin,45,2022-01-17,255.26655656728863,16.0,33.0,74.0,17.0,493.4556930263175,1100.0280430667633,255.4125946695923,0.1460381023036632,0.6591302359021193,0.8116726402761578
station_v0_bogota_grid_spawn1.6__Optimal_Oracle_Tracking__seed45__2022-01-17,station_v0_bogota_grid_spawn1.6,1.6,Optimal_Oracle_Tracking,45,2022-01-17,254.1992770449148,16.0,33.0,74.0,17.0,493.4556930263175,1100.0280430667633,255.4125946695923,1.2133176246775008,0.6605554258052164,0.8124600443812584
station_v0_bogota_grid_spawn1.6__MPC_TrackingG2V__seed45__2022-03-05,station_v0_bogota_grid_spawn1.6,1.6,MPC_TrackingG2V,45,2022-03-05,229.0286158331293,15.0,45.0,76.0,14.0,663.3256175176302,1126.281249768068,230.1672301813566,1.1386143482272928,0.7436704541922782,0.8311556839654767
station_v0_bogota_grid_spawn1.6__ChargeAsFastAsPossible__seed46__2022-01-17,station_v0_bogota_grid_spawn1.6,1.6,ChargeAsFastAsPossible,46,2022-01-17,300.30173993240004,16.0,64.0,85.0,22.0,917.6127172157784,1253.186130485352,300.42545314517645,0.12371321277640845,0.7534545737237378,0.8067073243425197
station_v0_bogota_grid_spawn1.6__TD3_vanilla_extended_ts102__seed46__2022-01-17,station_v0_bogota_grid_spawn1.6,1.6,TD3_vanilla_extended_ts102,46,2022-01-17,300.2354704072275,16.0,64.0,85.0,22.0,917.6127172157784,1253.186130485352,300.42545314517645,0.18998273794892384,0.7535089804958613,0.806749979486103
station_v0_bogota_grid_spawn1.6__RoundRobin__seed46__2022-03-05,station_v0_bogota_grid_spawn1.6,1.6,RoundRobin,46,2022-03-05,293.42304198398654,16.0,67.0,99.0,11.0,988.6013252097543,1499.1642513798763,295.4004500668772,1.9774080828906904,0.7714776975905894,0.8364934729032435
station_v0_bogota_grid_spawn1.6__Optimal_Oracle_Tracking__seed46__2022-03-05,station_v0_bogota_grid_spawn1.6,1.6,Optimal_Oracle_Tracking,46,2022-03-05,294.2427469890234,16.0,67.0,99.0,11.0,988.6013252097543,1499.1642513798763,295.4004500668772,1.1577030778538528,0.7708392989366154,0.8360367019635409
station_v0_bogota_grid_spawn1.6__MPC_TrackingG2V__seed47__2022-01-17,station_v0_bogota_grid_spawn1.6,1.6,MPC_TrackingG2V,47,2022-01-17,217.7058156177224,16.0,43.0,63.0,11.0,648.478152646208,956.5029401380332,219.03851025295697,1.33269463523456,0.7490471077637072,0.8148037948425276
station_v0_bogota_grid_spawn1.6__ChargeAsFastAsPossible__seed47__2022-03-05,station_v0_bogota_grid_spawn1.6,1.6,ChargeAsFastAsPossible,47,2022-03-05,207.82369163805404,16.0,43.0,64.0,9.0,654.6374672631481,987.9385181791882,207.8582721830641,0.03458054501004426,0.7590438049334682,0.8262048424004413
station_v0_bogota_grid_spawn1.6__TD3_vanilla_extended_ts102__seed47__2022-03-05,station_v0_bogota_grid_spawn1.6,1.6,TD3_vanilla_extended_ts102,47,2022-03-05,207.78690547530107,16.0,43.0,64.0,9.0,654.6374672631481,987.9385181791882,207.8582721830641,0.07136670776301912,0.7590864557676353,0.8262356052884583
station_v0_bogota_grid_spawn1.6__RoundRobin__seed48__2022-01-17,station_v0_bogota_grid_spawn1.6,1.6,RoundRobin,48,2022-01-17,350.4041877699632,18.0,36.0,66.0,17.0,495.0081321533876,992.6858681344248,350.57362433875403,0.169436568790843,0.5856057855084298,0.7391388709825478
station_v0_bogota_grid_spawn1.6__Optimal_Oracle_Tracking__seed48__2022-01-17,station_v0_bogota_grid_spawn1.6,1.6,Optimal_Oracle_Tracking,48,2022-01-17,349.2027258151328,18.0,36.0,66.0,17.0,495.0081321533876,992.6858681344248,350.57362433875403,1.3708985236212357,0.5870266557502556,0.7400333087003251
station_v0_bogota_grid_spawn1.6__MPC_TrackingG2V__seed48__2022-03-05,station_v0_bogota_grid_spawn1.6,1.6,MPC_TrackingG2V,48,2022-03-05,324.6156910597503,17.0,39.0,68.0,15.0,558.9651363342177,1036.7468580540326,325.88185951588065,1.2661684561303446,0.6331391838564332,0.7617724572555142
station_v0_bogota_grid_spawn1.6__ChargeAsFastAsPossible__seed49__2022-01-17,station_v0_bogota_grid_spawn1.6,1.6,ChargeAsFastAsPossible,49,2022-01-17,249.3961140748708,16.0,32.0,74.0,14.0,484.982617343428,1182.0385015127545,249.45914073560888,0.06302666073807472,0.6604276495291107,0.8257795844615153
station_v0_bogota_grid_spawn1.6__TD3_vanilla_extended_ts102__seed49__2022-01-17,station_v0_bogota_grid_spawn1.6,1.6,TD3_vanilla_extended_ts102,49,2022-01-17,249.3318901901773,16.0,32.0,74.0,14.0,484.982617343428,1182.0385015127545,249.45914073560888,0.1272505454315933,0.6605150953803126,0.825824449281965
station_v0_bogota_grid_spawn1.6__RoundRobin__seed49__2022-03-05,station_v0_bogota_grid_spawn1.6,1.6,RoundRobin,49,2022-03-05,232.34751466929103,16.0,38.0,76.0,14.0,580.3367663279469,1202.4054495886664,232.50073808398903,0.1532234146980045,0.7141525662778224,0.838074769859243
station_v0_bogota_grid_spawn1.6__Optimal_Oracle_Tracking__seed49__2022-03-05,station_v0_bogota_grid_spawn1.6,1.6,Optimal_Oracle_Tracking,49,2022-03-05,231.26169705720287,16.0,38.0,76.0,14.0,580.3367663279469,1202.4054495886664,232.50073808398903,1.2390410267861682,0.7154884022920254,0.8388314866546799
station_v0_bogota_sp15__ChargeAsFastAsPossible__seed0__2022-01-17,station_v0_bogota_sp15,0.5,ChargeAsFastAsPossible,0,2022-01-17,94.97499096691708,8.0,0.0,12.0,8.0,0.0,175.31770511653178,94.99161881777404,0.016627850856963278,0.00017504545205047092,0.6486433039579532
station_v0_bogota_sp15__ChargeAsFastAsPossible__seed0__2022-03-05,station_v0_bogota_sp15,0.5,ChargeAsFastAsPossible,0,2022-03-05,121.7656274032539,11.0,3.0,12.0,8.0,39.3616340808033,176.3044557315281,121.78764357122932,0.022016167975422718,0.24439234740983007,0.5915167571094108
station_v0_bogota_sp15__ChargeAsFastAsPossible__seed1__2022-01-17,station_v0_bogota_sp15,0.5,ChargeAsFastAsPossible,1,2022-01-17,139.39012397794704,11.0,0.0,21.0,7.0,0.0,323.3505991549302,139.40994262009625,0.019818642149203924,0.00014216089452967771,0.6987856323201551
station_v0_bogota_sp15__ChargeAsFastAsPossible__seed1__2022-03-05,station_v0_bogota_sp15,0.5,ChargeAsFastAsPossible,1,2022-03-05,133.9795973006074,11.0,0.0,18.0,8.0,0.0,275.7115549924405,134.0040289165574,0.024431615949993102,0.00018232001043197262,0.6729936508093242
station_v0_bogota_sp15__ChargeAsFastAsPossible__seed2__2022-01-17,station_v0_bogota_sp15,0.5,ChargeAsFastAsPossible,2,2022-01-17,159.29875184376917,11.0,0.0,17.0,5.0,0.0,269.61000289201047,159.34588071519548,0.047128871426309615,0.00029576460473769455,0.628636048760579
station_v0_bogota_sp15__ChargeAsFastAsPossible__seed2__2022-03-05,station_v0_bogota_sp15,0.5,ChargeAsFastAsPossible,2,2022-03-05,140.72874853658152,10.0,0.0,16.0,5.0,0.0,251.58325807776663,140.7755618128612,0.04681327627969267,0.0003325383729735954,0.6413264048051464
station_v0_bogota_sp15__ChargeAsFastAsPossible__seed3__2022-01-17,station_v0_bogota_sp15,0.5,ChargeAsFastAsPossible,3,2022-01-17,169.0746927649627,11.0,0.0,13.0,4.0,0.0,198.7794491945752,169.1205810588262,0.045888293863498575,0.0002713347694065513,0.5404330555544999
station_v0_bogota_sp15__ChargeAsFastAsPossible__seed3__2022-03-05,station_v0_bogota_sp15,0.5,ChargeAsFastAsPossible,3,2022-03-05,153.56385942526651,9.0,0.0,17.0,5.0,0.0,253.06885444030615,153.6133250966014,0.049465671334871786,0.00032201419573311605,0.6223983563771321
station_v0_bogota_sp15__ChargeAsFastAsPossible__seed4__2022-01-17,station_v0_bogota_sp15,0.5,ChargeAsFastAsPossible,4,2022-01-17,142.8658280496182,11.0,0.0,21.0,6.0,0.0,333.53064821955786,142.8842801135737,0.01845206395552168,0.0001291399161675083,0.7001231079188188
station_v0_bogota_sp15__ChargeAsFastAsPossible__seed4__2022-03-05,station_v0_bogota_sp15,0.5,ChargeAsFastAsPossible,4,2022-03-05,96.33054134897404,8.0,1.0,16.0,11.0,13.4206320002747,235.82742043775588,96.33400478086074,0.0034634318867006186,0.12231005291312425,0.7099887764343112
station_v0_bogota_sp15__ChargeAsFastAsPossible__seed5__2022-01-17,station_v0_bogota_sp15,0.5,ChargeAsFastAsPossible,5,2022-01-17,119.36699117463952,10.0,0.0,15.0,8.0,0.0,221.33840581609695,119.39041969718062,0.02342852254109573,0.00019623452702921516,0.6496715797531254
station_v0_bogota_sp15__ChargeAsFastAsPossible__seed5__2022-03-05,station_v0_bogota_sp15,0.5,ChargeAsFastAsPossible,5,2022-03-05,118.10121502951164,10.0,1.0,17.0,6.0,13.8197522131234,255.89747541228147,118.12570443674058,0.024489407228941218,0.10492397367716882,0.6842409203697367
station_v0_bogota_sp15__ChargeAsFastAsPossible__seed6__2022-01-17,station_v0_bogota_sp15,0.5,ChargeAsFastAsPossible,6,2022-01-17,78.14105951452811,7.0,0.0,11.0,6.0,0.0,144.5916826525594,78.14878978381286,0.007730269284749625,9.891732560586387e-05,0.6491833807309098
station_v0_bogota_sp15__ChargeAsFastAsPossible__seed6__2022-03-05,station_v0_bogota_sp15,0.5,ChargeAsFastAsPossible,6,2022-03-05,77.403213178592,7.0,0.0,9.0,6.0,0.0,127.7257679346054,77.4183851340342,0.015171955442198737,0.00019597354576605518,0.6226886702800957
station_v0_bogota_sp15__ChargeAsFastAsPossible__seed7__2022-01-17,station_v0_bogota_sp15,0.5,ChargeAsFastAsPossible,7,2022-01-17,202.69564421307888,12.0,1.0,17.0,8.0,12.8498847984186,267.3215890800033,202.74272004899652,0.04707583591763864,0.0598209787551109,0.5687916732315598
station_v0_bogota_sp15__ChargeAsFastAsPossible__seed7__2022-03-05,station_v0_bogota_sp15,0.5,ChargeAsFastAsPossible,7,2022-03-05,181.66886327202883,11.0,0.0,17.0,6.0,0.0,273.29843746621174,181.70409175165332,0.03522847962449305,0.00019387829566679257,0.600729992458917
station_v0_bogota_sp15__ChargeAsFastAsPossible__seed8__2022-01-17,station_v0_bogota_sp15,0.5,ChargeAsFastAsPossible,8,2022-01-17,209.94918977395096,10.0,0.0,14.0,12.0,0.0,208.4412522769386,210.02020910974812,0.07101933579716047,0.00033815477138225594,0.49828309379261165
station_v0_bogota_sp15__ChargeAsFastAsPossible__seed8__2022-03-05,station_v0_bogota_sp15,0.5,ChargeAsFastAsPossible,8,2022-03-05,197.93982595206631,10.0,2.0,14.0,13.0,29.1648515090588,209.9402956901548,198.0075684343448,0.06774248227847579,0.12868020686058682,0.5147913658602756
station_v0_bogota_sp15__ChargeAsFastAsPossible__seed9__2022-01-17,station_v0_bogota_sp15,0.5,ChargeAsFastAsPossible,9,2022-01-17,169.3438112835392,10.0,0.0,13.0,7.0,0.0,208.4328891559386,169.39910426151863,0.055292977979434,0.000326406554630139,0.5518012920191345
station_v0_bogota_sp15__ChargeAsFastAsPossible__seed9__2022-03-05,station_v0_bogota_sp15,0.5,ChargeAsFastAsPossible,9,2022-03-05,158.54318706851743,9.0,0.0,13.0,7.0,0.0,207.7630748946885,158.5807035401167,0.03751647159927529,0.0002365765238882587,0.5672283892853611
station_v0_bogota_sp15__ChargeAsFastAsPossible__seed10__2022-01-17,station_v0_bogota_sp15,0.5,ChargeAsFastAsPossible,10,2022-01-17,141.6041182449666,10.0,1.0,22.0,9.0,12.7073268167037,322.62458135103805,141.64564552291336,0.0415272779467557,0.08259545573634713,0.6949963403890385
station_v0_bogota_sp15__ChargeAsFastAsPossible__seed10__2022-03-05,station_v0_bogota_sp15,0.5,ChargeAsFastAsPossible,10,2022-03-05,164.84460643865754,11.0,2.0,21.0,7.0,27.2403842133981,314.4277736453079,164.89126296444016,0.04665652578262325,0.1420226242786732,0.6560858345944004
station_v0_bogota_sp15__ChargeAsFastAsPossible__seed11__2022-01-17,station_v0_bogota_sp15,0.5,ChargeAsFastAsPossible,11,2022-01-17,128.36612651596732,9.0,1.0,8.0,6.0,12.8292169687832,114.7465571594753,128.40350755057415,0.03738103460682396,0.09110210149367005,0.4720703584058642
station_v0_bogota_sp15__ChargeAsFastAsPossible__seed11__2022-03-05,station_v0_bogota_sp15,0.5,ChargeAsFastAsPossible,11,2022-03-05,128.05385568469492,9.0,0.0,10.0,5.0,0.0,157.39578857592818,128.0933309532043,0.03947526850936356,0.00030817582941757417,0.5514580173987059
station_v0_bogota_sp15__ChargeAsFastAsPossible__seed12__2022-01-17,station_v0_bogota_sp15,0.5,ChargeAsFastAsPossible,12,2022-01-17,89.32123168753316,9.0,0.0,9.0,5.0,0.0,133.7690389814135,89.3409073193611,0.019675631827936968,0.00022023093808084773,0.5996537439567164
station_v0_bogota_sp15__ChargeAsFastAsPossible__seed12__2022-03-05,station_v0_bogota_sp15,0.5,ChargeAsFastAsPossible,12,2022-03-05,154.6513230882324,12.0,2.0,13.0,2.0,30.2093486123154,191.8098183595256,154.6861029947965,0.03477990656409702,0.16357421589334642,0.5536705815071109
station_v0_bogota_sp15__ChargeAsFastAsPossible__seed13__2022-01-17,station_v0_bogota_sp15,0.5,ChargeAsFastAsPossible,13,2022-01-17,197.3060495562749,11.0,0.0,16.0,8.0,0.0,236.7498842164977,197.34085243059508,0.034802874320178034,0.00017635919725449769,0.5454727942819917
station_v0_bogota_sp15__ChargeAsFastAsPossible__seed13__2022-03-05,station_v0_bogota_sp15,0.5,ChargeAsFastAsPossible,13,2022-03-05,176.41071229606433,10.0,1.0,19.0,8.0,16.389596399192,282.4306844677333,176.44747500229633,0.036762706231996845,0.08518257918999506,0.6155608876661166
station_v0_bogota_sp15__ChargeAsFastAsPossible__seed14__2022-01-17,station_v0_bogota_sp15,0.5,ChargeAsFastAsPossible,14,2022-01-17,146.9034758667937,8.0,0.0,8.0,6.0,0.0,117.4947144784452,146.9462632379064,0.04278737111269493,0.0002911769933436283,0.44447537164846146
station_v0_bogota_sp15__ChargeAsFastAsPossible__seed14__2022-03-05,station_v0_bogota_sp15,0.5,ChargeAsFastAsPossible,14,2022-03-05,128.56194423780187,7.0,0.0,8.0,5.0,0.0,127.2212572729042,128.60486777628637,0.04292353848450148,0.0003337629378008366,0.4974635830758809
station_v0_bogota_sp15__ChargeAsFastAsPossible__seed15__2022-01-17,station_v0_bogota_sp15,0.5,ChargeAsFastAsPossible,15,2022-01-17,136.18962907131382,11.0,1.0,22.0,10.0,12.962767348338,313.9088662060704,136.21880244373028,0.02917337241646578,0.08708810839611647,0.6974422179382415
station_v0_bogota_sp15__ChargeAsFastAsPossible__seed15__2022-03-05,station_v0_bogota_sp15,0.5,ChargeAsFastAsPossible,15,2022-03-05,129.32412091276257,11.0,4.0,24.0,10.0,59.2299784214088,351.044818077477,129.34717521875746,0.02305430599489,0.3142110885842908,0.7307945954190485
station_v0_bogota_sp15__ChargeAsFastAsPossible__seed16__2022-01-17,station_v0_bogota_sp15,0.5,ChargeAsFastAsPossible,16,2022-01-17,163.44613518998483,11.0,0.0,15.0,8.0,0.0,229.7248458795565,163.49068069930655,0.044545509321721966,0.00027246512847818187,0.5843344828927955
station_v0_bogota_sp15__ChargeAsFastAsPossible__seed16__2022-03-05,station_v0_bogota_sp15,0.5,ChargeAsFastAsPossible,16,2022-03-05,146.5846785961431,10.0,0.0,12.0,6.0,0.0,182.73272144962323,146.62495901136407,0.040280415220962595,0.00027471731615516217,0.5549377248741397
station_v0_bogota_sp15__ChargeAsFastAsPossible__seed17__2022-01-17,station_v0_bogota_sp15,0.5,ChargeAsFastAsPossible,17,2022-01-17,178.18039988755922,10.0,1.0,9.0,7.0,12.8498847984186,128.75542191347247,178.23385167508576,0.053451787526540784,0.06752713142457477,0.4195875386631093
station_v0_bogota_sp15__ChargeAsFastAsPossible__seed17__2022-03-05,station_v0_bogota_sp15,0.5,ChargeAsFastAsPossible,17,2022-03-05,199.41692009933269,12.0,2.0,13.0,3.0,25.8647986876495,192.5440872495196,199.46882178472868,0.051901685395989716,0.11501479592221978,0.49130011919604777
station_v0_bogota_sp15__ChargeAsFastAsPossible__seed18__2022-01-17,station_v0_bogota_sp15,0.5,ChargeAsFastAsPossible,18,2022-01-17,110.997930723759,10.0,2.0,18.0,7.0,26.7902532533877,261.0328470178435,111.0138524863366,0.015921762577605136,0.1945237761391167,0.7016559188088917
station_v0_bogota_sp15__ChargeAsFastAsPossible__seed18__2022-03-05,station_v0_bogota_sp15,0.5,ChargeAsFastAsPossible,18,2022-03-05,103.43659456923248,10.0,0.0,23.0,5.0,0.0,338.2791629985609,103.4438743919435,0.0072798227110126845,7.037461380680515e-05,0.7658338238813893
station_v0_bogota_sp15__ChargeAsFastAsPossible__seed19__2022-01-17,station_v0_bogota_sp15,0.5,ChargeAsFastAsPossible,19,2022-01-17,108.18470843320829,10.0,0.0,13.0,5.0,0.0,197.4706974989641,108.20894615263455,0.02423771942626729,0.00022398997761311417,0.6460846815285062
station_v0_bogota_sp15__ChargeAsFastAsPossible__seed19__2022-03-05,station_v0_bogota_sp15,0.5,ChargeAsFastAsPossible,19,2022-03-05,107.7046742394013,10.0,0.0,15.0,5.0,0.0,222.06254980172457,107.72427175191864,0.019597512517336213,0.00018192290556828174,0.6734112244631278
station_v0_bogota_sp15__ChargeAsFastAsPossible__seed20__2022-01-17,station_v0_bogota_sp15,0.5,ChargeAsFastAsPossible,20,2022-01-17,144.348072285623,9.0,5.0,10.0,11.0,64.74790028688071,131.0144638603035,144.39120926737002,0.043136981747011305,0.3097987622053106,0.4758711008153211
station_v0_bogota_sp15__ChargeAsFastAsPossible__seed20__2022-03-05,station_v0_bogota_sp15,0.5,ChargeAsFastAsPossible,20,2022-03-05,157.73416811514574,10.0,4.0,12.0,10.0,52.7312553339163,164.67964585273216,157.75973013336466,0.025562018218920457,0.25063694407158266,0.5108098456252221
station_v0_bogota_sp15__ChargeAsFastAsPossible__seed21__2022-01-17,station_v0_bogota_sp15,0.5,ChargeAsFastAsPossible,21,2022-01-17,147.05345171261934,11.0,0.0,17.0,6.0,0.0,256.48489278647145,147.06991528062187,0.016463568002535567,0.00011194381917689748,0.635604758577995
station_v0_bogota_sp15__ChargeAsFastAsPossible__seed21__2022-03-05,station_v0_bogota_sp15,0.5,ChargeAsFastAsPossible,21,2022-03-05,137.98673522250016,11.0,0.0,15.0,3.0,0.0,235.78907951137373,138.02301304180307,0.036277819302910075,0.00026283891724579727,0.6308660474838149
station_v0_bogota_sp15__ChargeAsFastAsPossible__seed22__2022-01-17,station_v0_bogota_sp15,0.5,ChargeAsFastAsPossible,22,2022-01-17,176.11294511418663,12.0,1.0,20.0,11.0,12.8498847984186,293.10056136794714,176.16823820053492,0.05529308634828567,0.06827481767363829,0.6247077468688905
station_v0_bogota_sp15__ChargeAsFastAsPossible__seed22__2022-03-05,station_v0_bogota_sp15,0.5,ChargeAsFastAsPossible,22,2022-03-05,182.670280330889,13.0,2.0,23.0,6.0,29.2394811976106,361.7399679298106,182.7187814318546,0.04850110096560911,0.13817806362083643,0.6644919738271164
station_v0_bogota_sp15__ChargeAsFastAsPossible__seed23__2022-01-17,station_v0_bogota_sp15,0.5,ChargeAsFastAsPossible,23,2022-01-17,216.67818506761375,13.0,1.0,17.0,2.0,16.1815682683545,259.4297162343517,216.7427910924278,0.06460602481405431,0.06974871300602983,0.544958640548066
station_v0_bogota_sp15__ChargeAsFastAsPossible__seed23__2022-03-05,station_v0_bogota_sp15,0.5,ChargeAsFastAsPossible,23,2022-03-05,200.35453450997736,12.0,0.0,14.0,1.0,0.0,210.60887028879688,200.40239945130523,0.04786494132787311,0.00023884415285907579,0.5125327472488307
station_v0_bogota_sp15__ChargeAsFastAsPossible__seed24__2022-01-17,station_v0_bogota_sp15,0.5,ChargeAsFastAsPossible,24,2022-01-17,159.41980188084864,11.0,0.0,15.0,12.0,0.0,225.6778924070616,159.45552469357816,0.03572281272951727,0.00022402994689688514,0.5860660363336105
station_v0_bogota_sp15__ChargeAsFastAsPossible__seed24__2022-03-05,station_v0_bogota_sp15,0.5,ChargeAsFastAsPossible,24,2022-03-05,134.47334950874347,9.0,0.0,17.0,9.0,0.0,264.0340816104134,134.5108153195855,0.03746581084203626,0.0002785338171731462,0.6625892075281983
station_v0_bogota_sp15__ChargeAsFastAsPossible__seed25__2022-01-17,station_v0_bogota_sp15,0.5,ChargeAsFastAsPossible,25,2022-01-17,159.32953455670406,10.0,0.0,14.0,5.0,0.0,216.29986841872136,159.36478870778438,0.03525415108032348,0.00022121669012448197,0.5758729719866899
station_v0_bogota_sp15__ChargeAsFastAsPossible__seed25__2022-03-05,station_v0_bogota_sp15,0.5,ChargeAsFastAsPossible,25,2022-03-05,138.2220960481805,9.0,0.0,12.0,6.0,0.0,184.0671161320014,138.26841679093678,0.04632074275627929,0.000335005953140526,0.5711856685647322
station_v0_bogota_sp15__ChargeAsFastAsPossible__seed26__2022-01-17,station_v0_bogota_sp15,0.5,ChargeAsFastAsPossible,26,2022-01-17,69.68026438436637,6.0,0.0,6.0,6.0,0.0,92.0822709015589,69.70199000175026,0.021725617383893336,0.00031169292847087714,0.5693013399739114
station_v0_bogota_sp15__ChargeAsFastAsPossible__seed26__2022-03-05,station_v0_bogota_sp15,0.5,ChargeAsFastAsPossible,26,2022-03-05,98.10282744812736,9.0,0.0,7.0,3.0,0.0,107.924017222863,98.13000861576288,0.027181167635518477,0.0002769913915115289,0.5238975455642979
station_v0_bogota_sp15__ChargeAsFastAsPossible__seed27__2022-01-17,station_v0_bogota_sp15,0.5,ChargeAsFastAsPossible,27,2022-01-17,199.51506256568743,11.0,2.0,9.0,12.0,26.391133040539003,127.3285469210877,199.55519345345076,0.04013088776332552,0.11698027730052704,0.3896451920885202
station_v0_bogota_sp15__ChargeAsFastAsPossible__seed27__2022-03-05,station_v0_bogota_sp15,0.5,ChargeAsFastAsPossible,27,2022-03-05,147.60357132155303,9.0,1.0,15.0,9.0,13.8197522131234,230.25720859505375,147.63212598581967,0.02855466426663611,0.08577358796858324,0.609400007318905
station_v0_bogota_sp15__ChargeAsFastAsPossible__seed28__2022-01-17,station_v0_bogota_sp15,0.5,ChargeAsFastAsPossible,28,2022-01-17,169.62305076142354,12.0,0.0,9.0,8.0,0.0,128.7203015523886,169.64380918049676,0.020758419073217738,0.00012236473098249816,0.43148976482201323
station_v0_bogota_sp15__ChargeAsFastAsPossible__seed28__2022-03-05,station_v0_bogota_sp15,0.5,ChargeAsFastAsPossible,28,2022-03-05,146.3980974469495,10.0,0.0,10.0,8.0,0.0,148.3008675636571,146.4207199637466,0.02262251679709948,0.0001545035211048051,0.5032664601355774
station_v0_bogota_sp15__ChargeAsFastAsPossible__seed29__2022-01-17,station_v0_bogota_sp15,0.5,ChargeAsFastAsPossible,29,2022-01-17,174.50779077761524,11.0,0.0,9.0,13.0,0.0,131.1565411039591,174.53966208778075,0.03187131016551348,0.00018260210764865884,0.42914635852326943
station_v0_bogota_sp15__ChargeAsFastAsPossible__seed29__2022-03-05,station_v0_bogota_sp15,0.5,ChargeAsFastAsPossible,29,2022-03-05,125.62817637316266,9.0,2.0,9.0,13.0,27.6395044262468,130.64039587399327,125.65213196519794,0.023955592035278528,0.18046294415985495,0.5098250525197243
station_v0_bogota_sp15__ChargeAsFastAsPossible__seed30__2022-01-17,station_v0_bogota_sp15,0.5,ChargeAsFastAsPossible,30,2022-01-17,200.4071756957847,13.0,0.0,13.0,0.0,0.0,209.0225943558373,200.4666695948181,0.05949389903338442,0.00029677701112924707,0.5105923565313929
station_v0_bogota_sp15__ChargeAsFastAsPossible__seed30__2022-03-05,station_v0_bogota_sp15,0.5,ChargeAsFastAsPossible,30,2022-03-05,105.86803938779548,10.0,0.0,13.0,5.0,0.0,201.77071573236208,105.8781150443699,0.010075656574429104,9.516278760919327e-05,0.655880247877079
station_v0_bogota_sp15__ChargeAsFastAsPossible__seed31__2022-01-17,station_v0_bogota_sp15,0.5,ChargeAsFastAsPossible,31,2022-01-17,126.45125851389771,9.0,0.0,12.0,6.0,0.0,176.2055753075436,126.48596183304014,0.034703319142423084,0.00027436498595971484,0.5822438258154274
station_v0_bogota_sp15__ChargeAsFastAsPossible__seed31__2022-03-05,station_v0_bogota_sp15,0.5,ChargeAsFastAsPossible,31,2022-03-05,110.90856870107616,8.0,0.0,13.0,5.0,0.0,190.45786146114617,110.93848411755928,0.029915416483120794,0.000269657700130642,0.6320175399335958
station_v0_bogota_sp15__ChargeAsFastAsPossible__seed32__2022-01-17,station_v0_bogota_sp15,0.5,ChargeAsFastAsPossible,32,2022-01-17,126.35970816264026,8.0,0.0,14.0,6.0,0.0,215.55922643317984,126.40603756052796,0.046329397887703294,0.0003665125399213549,0.6304896389565308
station_v0_bogota_sp15__ChargeAsFastAsPossible__seed32__2022-03-05,station_v0_bogota_sp15,0.5,ChargeAsFastAsPossible,32,2022-03-05,136.55809930216117,9.0,0.0,11.0,9.0,0.0,167.3733407780829,136.59469414140042,0.03659483923925677,0.0002679082044092755,0.550748487950934
station_v0_bogota_sp15__ChargeAsFastAsPossible__seed33__2022-01-17,station_v0_bogota_sp15,0.5,ChargeAsFastAsPossible,33,2022-01-17,129.15932175381943,8.0,0.0,9.0,12.0,0.0,137.8184436174585,129.1974572659663,0.038135512146880046,0.00029517231185420436,0.5162860289350016
station_v0_bogota_sp15__ChargeAsFastAsPossible__seed33__2022-03-05,station_v0_bogota_sp15,0.5,ChargeAsFastAsPossible,33,2022-03-05,166.16969271655594,10.0,0.0,11.0,9.0,0.0,166.46635065914091,166.21345756548567,0.043764848929725986,0.0002633050871496568,0.5005116372907201
station_v0_bogota_sp15__ChargeAsFastAsPossible__seed34__2022-01-17,station_v0_bogota_sp15,0.5,ChargeAsFastAsPossible,34,2022-01-17,148.4766967463855,11.0,0.0,14.0,10.0,0.0,215.0833808252517,148.51313115419794,0.03643440781243612,0.00024532785437408276,0.5916443314099301
station_v0_bogota_sp15__ChargeAsFastAsPossible__seed34__2022-03-05,station_v0_bogota_sp15,0.5,ChargeAsFastAsPossible,34,2022-03-05,97.7639978356918,8.0,0.0,14.0,13.0,0.0,208.1341432018612,97.77626929694044,0.012271461248644755,0.00012550551720660452,0.6804162465830588
station_v0_bogota_sp15__ChargeAsFastAsPossible__seed35__2022-01-17,station_v0_bogota_sp15,0.5,ChargeAsFastAsPossible,35,2022-01-17,112.67977361811911,9.0,0.0,11.0,3.0,0.0,152.8611016718997,112.71090539017273,0.031131772053612394,0.0002762090495666161,0.5757091462136582
station_v0_bogota_sp15__ChargeAsFastAsPossible__seed35__2022-03-05,station_v0_bogota_sp15,0.5,ChargeAsFastAsPossible,35,2022-03-05,107.67560405061953,9.0,0.0,11.0,4.0,0.0,161.6418222958465,107.69702432409323,0.021420273473708562,0.00019889382838701668,0.6002225248905181
station_v0_bogota_sp15__ChargeAsFastAsPossible__seed36__2022-01-17,station_v0_bogota_sp15,0.5,ChargeAsFastAsPossible,36,2022-01-17,142.70213688840863,8.0,0.0,8.0,7.0,0.0,118.0074174034714,142.73546200086798,0.03332511245935166,0.00023347465298531773,0.45270936174975085
station_v0_bogota_sp15__ChargeAsFastAsPossible__seed36__2022-03-05,station_v0_bogota_sp15,0.5,ChargeAsFastAsPossible,36,2022-03-05,140.4657033926662,8.0,0.0,7.0,5.0,0.0,105.72488729974032,140.51328215842557,0.04757876575936848,0.00033860689202124314,0.4295534940754572
station_v0_bogota_sp15__ChargeAsFastAsPossible__seed37__2022-01-17,station_v0_bogota_sp15,0.5,ChargeAsFastAsPossible,37,2022-01-17,160.14477198562258,10.0,0.0,10.0,2.0,0.0,147.7899708880428,160.19995115608353,0.05517917046094567,0.00034443937131531556,0.48003242793548834
station_v0_bogota_sp15__ChargeAsFastAsPossible__seed37__2022-03-05,station_v0_bogota_sp15,0.5,ChargeAsFastAsPossible,37,2022-03-05,111.3253607014714,7.0,0.0,11.0,2.0,0.0,168.9600532758196,111.36731859376606,0.04195789229466129,0.0003767522898500489,0.6028737402308956
station_v0_bogota_sp15__ChargeAsFastAsPossible__seed38__2022-01-17,station_v0_bogota_sp15,0.5,ChargeAsFastAsPossible,38,2022-01-17,152.4718757642318,8.0,0.0,10.0,12.0,0.0,141.8307766006857,152.52373736716726,0.05186160293544617,0.0003400231585631868,0.4820127821077561
station_v0_bogota_sp15__ChargeAsFastAsPossible__seed38__2022-03-05,station_v0_bogota_sp15,0.5,ChargeAsFastAsPossible,38,2022-03-05,145.57822582414713,8.0,0.0,8.0,12.0,0.0,115.8630693965651,145.62889677826468,0.05067095411754963,0.00034794573905686785,0.44327839989234846
station_v0_bogota_sp15__ChargeAsFastAsPossible__seed39__2022-01-17,station_v0_bogota_sp15,0.5,ChargeAsFastAsPossible,39,2022-01-17,144.22424972379935,9.0,1.0,6.0,6.0,13.8197522131234,99.0975862127938,144.27057574445513,0.046326020655783395,0.0877098454593627,0.4073824260170302
station_v0_bogota_sp15__ChargeAsFastAsPossible__seed39__2022-03-05,station_v0_bogota_sp15,0.5,ChargeAsFastAsPossible,39,2022-03-05,147.9224737229228,9.0,0.0,10.0,5.0,0.0,152.10398252015386,147.9588848108317,0.03641108790890257,0.0002460892291494009,0.5070283936207398
station_v0_bogota_sp15__ChargeAsFastAsPossible__seed40__2022-01-17,station_v0_bogota_sp15,0.5,ChargeAsFastAsPossible,40,2022-01-17,153.7563773754759,11.0,0.0,17.0,8.0,0.0,257.7189321374647,153.7988633504698,0.042485974993894615,0.0002762437515359234,0.6263676101949182
station_v0_bogota_sp15__ChargeAsFastAsPossible__seed40__2022-03-05,station_v0_bogota_sp15,0.5,ChargeAsFastAsPossible,40,2022-03-05,133.3781609259036,10.0,0.0,13.0,6.0,0.0,206.2348557815805,133.4061171075499,0.02795618164631719,0.00020955696974359398,0.6072966115032227
station_v0_bogota_sp15__ChargeAsFastAsPossible__seed41__2022-01-17,station_v0_bogota_sp15,0.5,ChargeAsFastAsPossible,41,2022-01-17,107.32404474846824,8.0,1.0,12.0,8.0,12.8498847984186,167.9980844215255,107.34440933398398,0.020364585515736167,0.10707870516512905,0.6102161955293154
station_v0_bogota_sp15__ChargeAsFastAsPossible__seed41__2022-03-05,station_v0_bogota_sp15,0.5,ChargeAsFastAsPossible,41,2022-03-05,119.13074467940469,9.0,0.0,10.0,8.0,0.0,149.8007066377933,119.15385726351138,0.023112584106698364,0.00019397260514684284,0.55705996228002
station_v0_bogota_sp15__ChargeAsFastAsPossible__seed42__2022-01-17,station_v0_bogota_sp15,0.5,ChargeAsFastAsPossible,42,2022-01-17,163.35463834045078,11.0,0.0,12.0,8.0,0.0,187.87558917729575,163.3965472344035,0.04190889395272279,0.0002564857988865678,0.534962721469615
station_v0_bogota_sp15__ChargeAsFastAsPossible__seed42__2022-03-05,station_v0_bogota_sp15,0.5,ChargeAsFastAsPossible,42,2022-03-05,159.71021302875224,11.0,4.0,16.0,7.0,53.5383417242889,249.4888191252835,159.74686220952225,0.03664918077001289,0.25118943985296255,0.6097353668970781
station_v0_bogota_sp15__ChargeAsFastAsPossible__seed43__2022-01-17,station_v0_bogota_sp15,0.5,ChargeAsFastAsPossible,43,2022-01-17,138.05144420069792,9.0,0.0,15.0,6.0,0.0,223.1016075785254,138.08153113418234,0.03008693348442648,0.00021789252507049006,0.6177799309991966
station_v0_bogota_sp15__ChargeAsFastAsPossible__seed43__2022-03-05,station_v0_bogota_sp15,0.5,ChargeAsFastAsPossible,43,2022-03-05,118.49892952708096,8.0,0.0,17.0,7.0,0.0,257.11534159610363,118.5183802603142,0.01945073323324209,0.00016411575310530256,0.684535965137933
station_v0_bogota_sp15__ChargeAsFastAsPossible__seed44__2022-01-17,station_v0_bogota_sp15,0.5,ChargeAsFastAsPossible,44,2022-01-17,99.69791858050785,8.0,0.0,10.0,8.0,0.0,145.39946273647192,99.72259235293568,0.024673772427831864,0.00024742409764586817,0.593272345305104
station_v0_bogota_sp15__ChargeAsFastAsPossible__seed44__2022-03-05,station_v0_bogota_sp15,0.5,ChargeAsFastAsPossible,44,2022-03-05,90.13519608580404,8.0,0.0,9.0,6.0,0.0,131.3529929166283,90.14988954840427,0.014693462600234852,0.00016298924684034666,0.5930743876435415
station_v0_bogota_sp15__ChargeAsFastAsPossible__seed45__2022-01-17,station_v0_bogota_sp15,0.5,ChargeAsFastAsPossible,45,2022-01-17,112.52328050158984,8.0,0.0,13.0,7.0,0.0,192.48217613911743,112.5426279105132,0.01934740892336606,0.00017191182827852483,0.6311012120729658
station_v0_bogota_sp15__ChargeAsFastAsPossible__seed45__2022-03-05,station_v0_bogota_sp15,0.5,ChargeAsFastAsPossible,45,2022-03-05,113.27635347972785,8.0,0.0,11.0,7.0,0.0,169.99149927014048,113.29291574156352,0.016562261835673553,0.00014618973946662573,0.600132067007471
station_v0_bogota_sp15__ChargeAsFastAsPossible__seed46__2022-01-17,station_v0_bogota_sp15,0.5,ChargeAsFastAsPossible,46,2022-01-17,245.49627478389644,13.0,2.0,20.0,8.0,26.1279588169784,307.3301614349596,245.58480655712137,0.08853177322492911,0.09648604677850865,0.555996330366277
station_v0_bogota_sp15__ChargeAsFastAsPossible__seed46__2022-03-05,station_v0_bogota_sp15,0.5,ChargeAsFastAsPossible,46,2022-03-05,240.77958639791888,13.0,1.0,17.0,5.0,12.9705010402643,274.4715368227027,240.843063352564,0.06347695464512526,0.05135256670024417,0.5327522520882857
station_v0_bogota_sp15__ChargeAsFastAsPossible__seed47__2022-01-17,station_v0_bogota_sp15,0.5,ChargeAsFastAsPossible,47,2022-01-17,154.11416522281365,11.0,0.0,12.0,5.0,0.0,178.95006747854808,154.14133701716992,0.02717179435626349,0.00017627843952876056,0.5373216986606605
station_v0_bogota_sp15__ChargeAsFastAsPossible__seed47__2022-03-05,station_v0_bogota_sp15,0.5,ChargeAsFastAsPossible,47,2022-03-05,146.40252089840652,9.0,0.0,10.0,4.0,0.0,142.8650830848425,146.44899878336508,0.046477884958562754,0.000317365672313781,0.4939668337156923
station_v0_bogota_sp15__ChargeAsFastAsPossible__seed48__2022-01-17,station_v0_bogota_sp15,0.5,ChargeAsFastAsPossible,48,2022-01-17,222.650176918655,11.0,0.0,12.0,5.0,0.0,177.7698510103619,222.71999103000752,0.06981411135251392,0.0003134613602921155,0.4440553703326841
station_v0_bogota_sp15__ChargeAsFastAsPossible__seed48__2022-03-05,station_v0_bogota_sp15,0.5,ChargeAsFastAsPossible,48,2022-03-05,217.03290056081056,10.0,0.0,9.0,6.0,0.0,136.81694869130376,217.10512008502783,0.07221952421727451,0.0003326477247012424,0.3867777126439408
station_v0_bogota_sp15__ChargeAsFastAsPossible__seed49__2022-01-17,station_v0_bogota_sp15,0.5,ChargeAsFastAsPossible,49,2022-01-17,176.30918527140673,12.0,0.0,11.0,16.0,0.0,164.75926914883885,176.3504783022284,0.041293030821663024,0.0002341532113731797,0.48313061532579465
station_v0_bogota_sp15__ChargeAsFastAsPossible__seed49__2022-03-05,station_v0_bogota_sp15,0.5,ChargeAsFastAsPossible,49,2022-03-05,150.43373721801566,9.0,0.0,11.0,15.0,0.0,161.46265713905018,150.48147479495242,0.04773757693675407,0.0003172322506926635,0.5177542328321706
station_v0_bogota_sp22__ChargeAsFastAsPossible__seed0__2022-01-17,station_v0_bogota_sp22,0.75,ChargeAsFastAsPossible,0,2022-01-17,127.99525792854942,11.0,1.0,24.0,15.0,12.9705010402643,334.7260317812029,128.0157736132909,0.020515684741468476,0.09214383993710404,0.7233981100552787
station_v0_bogota_sp22__ChargeAsFastAsPossible__seed0__2022-03-05,station_v0_bogota_sp22,0.75,ChargeAsFastAsPossible,0,2022-03-05,182.70179186202012,13.0,9.0,25.0,6.0,117.88148470949,379.827159537632,182.7419813878855,0.04018952586537239,0.3922570508755932,0.6752367334592045
station_v0_bogota_sp22__ChargeAsFastAsPossible__seed1__2022-01-17,station_v0_bogota_sp22,0.75,ChargeAsFastAsPossible,1,2022-01-17,162.14873508191647,12.0,1.0,23.0,11.0,12.7073268167037,348.7976950144417,162.17531403248455,0.026578950568080018,0.0728140066128861,0.6826667314886974
station_v0_bogota_sp22__ChargeAsFastAsPossible__seed1__2022-03-05,station_v0_bogota_sp22,0.75,ChargeAsFastAsPossible,1,2022-03-05,167.33004526909082,12.0,1.0,29.0,10.0,12.7073268167037,435.5254933424122,167.35552794064165,0.025482671550832947,0.0707131379507084,0.7224493069744038
station_v0_bogota_sp22__ChargeAsFastAsPossible__seed2__2022-01-17,station_v0_bogota_sp22,0.75,ChargeAsFastAsPossible,2,2022-01-17,155.12533631476165,12.0,4.0,22.0,13.0,55.2263099360472,340.9938682725535,155.16323484265305,0.037898527891400136,0.2626756406648851,0.6873463357860224
station_v0_bogota_sp22__ChargeAsFastAsPossible__seed2__2022-03-05,station_v0_bogota_sp22,0.75,ChargeAsFastAsPossible,2,2022-03-05,186.45104598006924,12.0,1.0,27.0,4.0,16.1815682683545,426.47932595224,186.52332625339665,0.07228027332740794,0.08018478576962929,0.695839740155769
station_v0_bogota_sp22__ChargeAsFastAsPossible__seed3__2022-01-17,station_v0_bogota_sp22,0.75,ChargeAsFastAsPossible,3,2022-01-17,186.5974095938396,12.0,1.0,27.0,5.0,13.0149138892309,400.52763671973287,186.65212360446583,0.054714010626241816,0.06545711332182082,0.6822141664235603
station_v0_bogota_sp22__ChargeAsFastAsPossible__seed3__2022-03-05,station_v0_bogota_sp22,0.75,ChargeAsFastAsPossible,3,2022-03-05,177.06113040991755,12.0,3.0,24.0,6.0,38.9559159697595,357.9980580299238,177.11068982611434,0.04955941619678583,0.1805252377723109,0.6691118746996212
station_v0_bogota_sp22__ChargeAsFastAsPossible__seed4__2022-01-17,station_v0_bogota_sp22,0.75,ChargeAsFastAsPossible,4,2022-01-17,143.67370050607093,11.0,1.0,29.0,15.0,12.962767348338,428.7440526700435,143.6805102114675,0.006809705396563004,0.08279689531383079,0.7490084985472388
station_v0_bogota_sp22__ChargeAsFastAsPossible__seed4__2022-03-05,station_v0_bogota_sp22,0.75,ChargeAsFastAsPossible,4,2022-03-05,138.8690585821946,11.0,8.0,27.0,15.0,105.0826106582331,392.6604984315877,138.87847675266715,0.009418170472542897,0.43077373504119776,0.7387415315423362
station_v0_bogota_sp22__ChargeAsFastAsPossible__seed5__2022-01-17,station_v0_bogota_sp22,0.75,ChargeAsFastAsPossible,5,2022-01-17,162.50087976448867,13.0,4.0,25.0,10.0,51.76138791921151,375.1292782944728,162.54580905524173,0.04492929075306051,0.24173857873816623,0.6977712310133595
station_v0_bogota_sp22__ChargeAsFastAsPossible__seed5__2022-03-05,station_v0_bogota_sp22,0.75,ChargeAsFastAsPossible,5,2022-03-05,134.7320250682438,12.0,5.0,26.0,9.0,68.9256058027108,391.5437213593927,134.75324462757123,0.021219559327448678,0.3385075338769074,0.7439999966262754
station_v0_bogota_sp22__ChargeAsFastAsPossible__seed6__2022-01-17,station_v0_bogota_sp22,0.75,ChargeAsFastAsPossible,6,2022-01-17,131.27536286663286,10.0,2.0,19.0,12.0,25.2361830450185,256.8077323662858,131.2958723285608,0.02050946192792935,0.16135156755380756,0.6617517557718886
station_v0_bogota_sp22__ChargeAsFastAsPossible__seed6__2022-03-05,station_v0_bogota_sp22,0.75,ChargeAsFastAsPossible,6,2022-03-05,77.48526395586424,7.0,0.0,11.0,10.0,0.0,151.41887995400478,77.4905673573139,0.005303401449666012,6.843931630041747e-05,0.6615025510481284
station_v0_bogota_sp22__ChargeAsFastAsPossible__seed7__2022-01-17,station_v0_bogota_sp22,0.75,ChargeAsFastAsPossible,7,2022-01-17,240.67987554102973,14.0,1.0,24.0,10.0,12.8498847984186,370.7950983380457,240.73542089700985,0.05554535598011512,0.050891868986679106,0.6064303121909783
station_v0_bogota_sp22__ChargeAsFastAsPossible__seed7__2022-03-05,station_v0_bogota_sp22,0.75,ChargeAsFastAsPossible,7,2022-03-05,235.39204793301337,14.0,1.0,26.0,11.0,12.8498847984186,396.5001343276314,235.44639730921284,0.054349376199468225,0.051971113159980147,0.6275127148442294
station_v0_bogota_sp22__ChargeAsFastAsPossible__seed8__2022-01-17,station_v0_bogota_sp22,0.75,ChargeAsFastAsPossible,8,2022-01-17,250.2275185871306,13.0,0.0,24.0,9.0,0.0,372.4271886130362,250.31619395965143,0.08867537252083935,0.00035425343889310243,0.5981851825492123
station_v0_bogota_sp22__ChargeAsFastAsPossible__seed8__2022-03-05,station_v0_bogota_sp22,0.75,ChargeAsFastAsPossible,8,2022-03-05,254.20005046996403,14.0,4.0,22.0,9.0,55.5559845495978,342.14803431492174,254.2769004893952,0.07685001943116276,0.17955755265302928,0.5737937238432773
station_v0_bogota_sp22__ChargeAsFastAsPossible__seed9__2022-01-17,station_v0_bogota_sp22,0.75,ChargeAsFastAsPossible,9,2022-01-17,190.98898544530533,13.0,0.0,22.0,7.0,0.0,337.9568421551794,191.0385788541216,0.04959340881626417,0.000259598920352805,0.6389590951828914
station_v0_bogota_sp22__ChargeAsFastAsPossible__seed9__2022-03-05,station_v0_bogota_sp22,0.75,ChargeAsFastAsPossible,9,2022-03-05,172.1045147398107,11.0,2.0,21.0,6.0,30.2093486123154,324.0151922341165,172.16118916868396,0.056674428873265015,0.14955745719241925,0.6531384378812367
station_v0_bogota_sp22__ChargeAsFastAsPossible__seed10__2022-01-17,station_v0_bogota_sp22,0.75,ChargeAsFastAsPossible,10,2022-01-17,169.25130067166816,12.0,4.0,31.0,9.0,52.776927998885,469.5647923156428,169.30040185855046,0.04910118688229659,0.23787222774913339,0.7350750953173385
station_v0_bogota_sp22__ChargeAsFastAsPossible__seed10__2022-03-05,station_v0_bogota_sp22,0.75,ChargeAsFastAsPossible,10,2022-03-05,182.72816298282947,13.0,5.0,29.0,10.0,66.3388440706408,425.7202052849272,182.77567910100612,0.04751611817664525,0.26648932123108443,0.6997051785038275
station_v0_bogota_sp22__ChargeAsFastAsPossible__seed11__2022-01-17,station_v0_bogota_sp22,0.75,ChargeAsFastAsPossible,11,2022-01-17,144.43689233046325,10.0,1.0,18.0,9.0,12.8292169687832,253.9766082543511,144.48291028209138,0.04601795162813005,0.0818451517083516,0.6375117531111174
station_v0_bogota_sp22__ChargeAsFastAsPossible__seed11__2022-03-05,station_v0_bogota_sp22,0.75,ChargeAsFastAsPossible,11,2022-03-05,145.49435225672164,10.0,0.0,16.0,9.0,0.0,235.73064628053191,145.54743703510215,0.053084778380508624,0.00036472492722565766,0.6184035783240213
station_v0_bogota_sp22__ChargeAsFastAsPossible__seed12__2022-01-17,station_v0_bogota_sp22,0.75,ChargeAsFastAsPossible,12,2022-01-17,204.65598599882156,15.0,5.0,20.0,6.0,79.677965257899,305.30222518429923,204.70579710137045,0.049811102548886765,0.28035277295377253,0.5987200650655882
station_v0_bogota_sp22__ChargeAsFastAsPossible__seed12__2022-03-05,station_v0_bogota_sp22,0.75,ChargeAsFastAsPossible,12,2022-03-05,165.11216759880895,13.0,7.0,22.0,5.0,111.2279413420159,335.4163794875563,165.15410399022127,0.04193639141232097,0.402594450734567,0.6701520104588049
station_v0_bogota_sp22__ChargeAsFastAsPossible__seed13__2022-01-17,station_v0_bogota_sp22,0.75,ChargeAsFastAsPossible,13,2022-01-17,243.88834699976263,14.0,2.0,30.0,8.0,29.35236374753,456.64190920928223,243.93927740216088,0.05093040239825086,0.10758943825077721,0.6518771105182015
station_v0_bogota_sp22__ChargeAsFastAsPossible__seed13__2022-03-05,station_v0_bogota_sp22,0.75,ChargeAsFastAsPossible,13,2022-03-05,234.1672301943226,14.0,8.0,33.0,5.0,115.7674879009298,495.02315071329787,234.2154951125601,0.04826491823749279,0.3309182401439879,0.6788880683508898
station_v0_bogota_sp22__ChargeAsFastAsPossible__seed14__2022-01-17,station_v0_bogota_sp22,0.75,ChargeAsFastAsPossible,14,2022-01-17,223.06717790564247,11.0,1.0,18.0,10.0,12.8292169687832,270.92583900339406,223.14714547453215,0.07996756888968548,0.05470541372877476,0.5485137117113343
station_v0_bogota_sp22__ChargeAsFastAsPossible__seed14__2022-03-05,station_v0_bogota_sp22,0.75,ChargeAsFastAsPossible,14,2022-03-05,200.3053672033409,10.0,0.0,12.0,11.0,0.0,172.08180694270345,200.3805058969168,0.07513869357589442,0.0003749800572643956,0.46221306076249646
station_v0_bogota_sp22__ChargeAsFastAsPossible__seed15__2022-01-17,station_v0_bogota_sp22,0.75,ChargeAsFastAsPossible,15,2022-01-17,182.2735292146129,14.0,13.0,35.0,15.0,171.17333985739683,511.5434450959044,182.3162987409997,0.04276952638682019,0.48435962667155896,0.7373049368642183
station_v0_bogota_sp22__ChargeAsFastAsPossible__seed15__2022-03-05,station_v0_bogota_sp22,0.75,ChargeAsFastAsPossible,15,2022-03-05,162.07407312846212,13.0,11.0,39.0,10.0,144.03562490275618,575.1449020631443,162.11452565726148,0.04045252879936356,0.47060593361789277,0.7801668353979649
station_v0_bogota_sp22__ChargeAsFastAsPossible__seed16__2022-01-17,station_v0_bogota_sp22,0.75,ChargeAsFastAsPossible,16,2022-01-17,190.29994640880483,13.0,2.0,22.0,8.0,25.8647986876495,332.64999413401534,190.35827072308692,0.05832431428208906,0.11989064382713088,0.6361435197189492
station_v0_bogota_sp22__ChargeAsFastAsPossible__seed16__2022-03-05,station_v0_bogota_sp22,0.75,ChargeAsFastAsPossible,16,2022-03-05,200.73390842889117,14.0,4.0,21.0,8.0,58.8738970099021,319.39693556546564,200.7881056923649,0.05419726347372489,0.22694153807688144,0.614110571223833
station_v0_bogota_sp22__ChargeAsFastAsPossible__seed17__2022-01-17,station_v0_bogota_sp22,0.75,ChargeAsFastAsPossible,17,2022-01-17,198.26106630277388,12.0,2.0,21.0,9.0,25.8647986876495,303.20370528834525,198.30150512148973,0.04043881871584176,0.11556258485852412,0.6046679831287236
station_v0_bogota_sp22__ChargeAsFastAsPossible__seed17__2022-03-05,station_v0_bogota_sp22,0.75,ChargeAsFastAsPossible,17,2022-03-05,194.3861542848368,12.0,3.0,21.0,7.0,38.8797125768804,309.13823817808213,194.4242886820097,0.03813439717288247,0.16681174246500544,0.6139781180761997
station_v0_bogota_sp22__ChargeAsFastAsPossible__seed18__2022-01-17,station_v0_bogota_sp22,0.75,ChargeAsFastAsPossible,18,2022-01-17,170.8575818877857,13.0,12.0,33.0,8.0,155.74218220109628,479.39458331262034,170.89933048700766,0.04174859922196106,0.47692630835037086,0.7372609857449299
station_v0_bogota_sp22__ChargeAsFastAsPossible__seed18__2022-03-05,station_v0_bogota_sp22,0.75,ChargeAsFastAsPossible,18,2022-03-05,128.41324950161373,11.0,2.0,40.0,5.0,28.9594652606779,601.7005981803189,128.42857978289285,0.015330281279119617,0.1840978171749686,0.824122561626918
station_v0_bogota_sp22__ChargeAsFastAsPossible__seed19__2022-01-17,station_v0_bogota_sp22,0.75,ChargeAsFastAsPossible,19,2022-01-17,131.09177172094948,11.0,5.0,20.0,10.0,66.2473109303193,290.3244895776473,131.12168966625313,0.02991794530365155,0.3358036402641335,0.6889477751200974
station_v0_bogota_sp22__ChargeAsFastAsPossible__seed19__2022-03-05,station_v0_bogota_sp22,0.75,ChargeAsFastAsPossible,19,2022-03-05,132.56206121530397,11.0,4.0,26.0,6.0,54.0816482139475,379.8013743089999,132.59723914413118,0.035177928827209826,0.28989258993691314,0.741291139876534
station_v0_bogota_sp22__ChargeAsFastAsPossible__seed20__2022-01-17,station_v0_bogota_sp22,0.75,ChargeAsFastAsPossible,20,2022-01-17,235.11769994875772,13.0,9.0,23.0,9.0,116.5537010550588,326.8614411176076,235.1958913481163,0.07819139935858743,0.33157648217182295,0.5816837778500186
station_v0_bogota_sp22__ChargeAsFastAsPossible__seed20__2022-03-05,station_v0_bogota_sp22,0.75,ChargeAsFastAsPossible,20,2022-03-05,207.2661038089384,13.0,8.0,23.0,8.0,104.65767234394008,337.34036534438764,207.31458488959623,0.04848108065783663,0.33562648920482996,0.6194542917127681
station_v0_bogota_sp22__ChargeAsFastAsPossible__seed21__2022-01-17,station_v0_bogota_sp22,0.75,ChargeAsFastAsPossible,21,2022-01-17,162.56930528855304,13.0,1.0,25.0,7.0,12.7073268167037,387.7804335908915,162.6009555462088,0.031650257655769565,0.07266614504834412,0.7046242687394778
station_v0_bogota_sp22__ChargeAsFastAsPossible__seed21__2022-03-05,station_v0_bogota_sp22,0.75,ChargeAsFastAsPossible,21,2022-03-05,181.2448862419216,13.0,5.0,25.0,4.0,82.3859156506661,385.5200121016322,181.2899785433208,0.04509230139922238,0.3126224648030231,0.6802369590633196
station_v0_bogota_sp22__ChargeAsFastAsPossible__seed22__2022-01-17,station_v0_bogota_sp22,0.75,ChargeAsFastAsPossible,22,2022-01-17,200.63282711243372,14.0,5.0,37.0,6.0,74.6605306635757,566.417355335904,200.67616548717956,0.043338374745843566,0.2713182444719206,0.738450629986867
station_v0_bogota_sp22__ChargeAsFastAsPossible__seed22__2022-03-05,station_v0_bogota_sp22,0.75,ChargeAsFastAsPossible,22,2022-03-05,184.94879972017648,14.0,2.0,31.0,9.0,25.6997695968372,467.50351543179625,184.99385542313664,0.045055702960155486,0.12219081283240885,0.7165524215402619
station_v0_bogota_sp22__ChargeAsFastAsPossible__seed23__2022-01-17,station_v0_bogota_sp22,0.75,ChargeAsFastAsPossible,23,2022-01-17,218.8535281376273,13.0,1.0,28.0,4.0,16.1815682683545,419.51566258369184,218.90942527622047,0.05589713859316703,0.06906885356230771,0.6571977945427331
station_v0_bogota_sp22__ChargeAsFastAsPossible__seed23__2022-03-05,station_v0_bogota_sp22,0.75,ChargeAsFastAsPossible,23,2022-03-05,212.0640440065864,13.0,4.0,25.0,3.0,65.23412865226311,374.57954836257136,212.11253837142675,0.04849436484033731,0.2353827565972778,0.638542859531128
station_v0_bogota_sp22__ChargeAsFastAsPossible__seed24__2022-01-17,station_v0_bogota_sp22,0.75,ChargeAsFastAsPossible,24,2022-01-17,158.0932921311864,11.0,0.0,29.0,12.0,0.0,447.5020909611895,158.1169152292216,0.023623098035216117,0.00014940272519843803,0.7389558608378933
station_v0_bogota_sp22__ChargeAsFastAsPossible__seed24__2022-03-05,station_v0_bogota_sp22,0.75,ChargeAsFastAsPossible,24,2022-03-05,137.9851797428321,10.0,0.0,23.0,11.0,0.0,350.58102077615166,138.00464701169332,0.019467268861234288,0.0001410624155256511,0.7175824244546846
station_v0_bogota_sp22__ChargeAsFastAsPossible__seed25__2022-01-17,station_v0_bogota_sp22,0.75,ChargeAsFastAsPossible,25,2022-01-17,200.58679883212773,12.0,3.0,16.0,15.0,38.9925951267998,233.7747805373588,200.65088540583508,0.06408657370735682,0.16297827762182077,0.5382712980444466
station_v0_bogota_sp22__ChargeAsFastAsPossible__seed25__2022-03-05,station_v0_bogota_sp22,0.75,ChargeAsFastAsPossible,25,2022-03-05,156.16933761609386,10.0,0.0,21.0,11.0,0.0,313.11111214281294,156.22173312288464,0.05239550679078775,0.0003353919185467827,0.6672524857541482
station_v0_bogota_sp22__ChargeAsFastAsPossible__seed26__2022-01-17,station_v0_bogota_sp22,0.75,ChargeAsFastAsPossible,26,2022-01-17,138.50034249313836,11.0,0.0,13.0,8.0,0.0,192.85046759442724,138.5289454271068,0.028602933968443267,0.00020647622690157544,0.5820490439334015
station_v0_bogota_sp22__ChargeAsFastAsPossible__seed26__2022-03-05,station_v0_bogota_sp22,0.75,ChargeAsFastAsPossible,26,2022-03-05,128.40223817622456,11.0,1.0,19.0,6.0,15.1397130475545,282.232926596634,128.4255128040665,0.023274627841942674,0.10561741247192996,0.6873259481441317
station_v0_bogota_sp22__ChargeAsFastAsPossible__seed27__2022-01-17,station_v0_bogota_sp22,0.75,ChargeAsFastAsPossible,27,2022-01-17,251.13968575443053,13.0,9.0,22.0,14.0,118.23505627964089,336.0826412907314,251.2094282261528,0.06974247172226455,0.320223480693235,0.5723768482672991
station_v0_bogota_sp22__ChargeAsFastAsPossible__seed27__2022-03-05,station_v0_bogota_sp22,0.75,ChargeAsFastAsPossible,27,2022-03-05,219.57735444841165,12.0,10.0,29.0,13.0,134.4524079741106,442.085998391589,219.6417069552796,0.06435250686794802,0.37988985077541465,0.6681756670089667
station_v0_bogota_sp22__ChargeAsFastAsPossible__seed28__2022-01-17,station_v0_bogota_sp22,0.75,ChargeAsFastAsPossible,28,2022-01-17,184.7405454113876,13.0,2.0,16.0,11.0,25.9854149294952,229.0308612152658,184.7800614994684,0.03951608808080209,0.12347814954574612,0.5535629069444818
station_v0_bogota_sp22__ChargeAsFastAsPossible__seed28__2022-03-05,station_v0_bogota_sp22,0.75,ChargeAsFastAsPossible,28,2022-03-05,160.01332732904183,11.0,3.0,17.0,10.0,44.3045645566133,245.9023128738372,160.0336489637365,0.020321634694681734,0.21691922145973802,0.6058163297365913
station_v0_bogota_sp22__ChargeAsFastAsPossible__seed29__2022-01-17,station_v0_bogota_sp22,0.75,ChargeAsFastAsPossible,29,2022-01-17,174.50779077761524,11.0,0.0,15.0,15.0,0.0,220.8998639740665,174.53966208778075,0.03187131016551348,0.00018260210764865884,0.5586991707290232
station_v0_bogota_sp22__ChargeAsFastAsPossible__seed29__2022-03-05,station_v0_bogota_sp22,0.75,ChargeAsFastAsPossible,29,2022-03-05,146.91925192806843,10.0,3.0,20.0,15.0,41.4592566393702,300.6082038893983,146.94970407019946,0.03045214213102554,0.2202109104856067,0.6717313015473939
station_v0_bogota_sp22__ChargeAsFastAsPossible__seed30__2022-01-17,station_v0_bogota_sp22,0.75,ChargeAsFastAsPossible,30,2022-01-17,199.56815596872852,14.0,4.0,23.0,5.0,59.5066762290131,353.8601588930691,199.6230433138844,0.054887345155890443,0.22985230593864367,0.6394323166936731
station_v0_bogota_sp22__ChargeAsFastAsPossible__seed30__2022-03-05,station_v0_bogota_sp22,0.75,ChargeAsFastAsPossible,30,2022-03-05,179.81628310634574,15.0,6.0,24.0,3.0,82.8702566465046,382.3230733956523,179.85350421204782,0.0372211057020877,0.3155690124154516,0.6801426984533216
station_v0_bogota_sp22__ChargeAsFastAsPossible__seed31__2022-01-17,station_v0_bogota_sp22,0.75,ChargeAsFastAsPossible,31,2022-01-17,165.7029786249351,12.0,3.0,19.0,10.0,38.9037694288666,280.08586193419325,165.76204018210836,0.059061557173265555,0.19037293556798623,0.628341912480928
station_v0_bogota_sp22__ChargeAsFastAsPossible__seed31__2022-03-05,station_v0_bogota_sp22,0.75,ChargeAsFastAsPossible,31,2022-03-05,122.35443267675302,9.0,1.0,21.0,10.0,13.8197522131234,308.0163446102645,122.37861682915424,0.02418415240121874,0.10164539019720052,0.715715926906883
station_v0_bogota_sp22__ChargeAsFastAsPossible__seed32__2022-01-17,station_v0_bogota_sp22,0.75,ChargeAsFastAsPossible,32,2022-01-17,157.22369963537895,11.0,0.0,15.0,10.0,0.0,233.08034961576575,157.24964585723973,0.025946221860777996,0.00016500019265120296,0.5972031320707142
station_v0_bogota_sp22__ChargeAsFastAsPossible__seed32__2022-03-05,station_v0_bogota_sp22,0.75,ChargeAsFastAsPossible,32,2022-03-05,158.38550961272637,11.0,1.0,14.0,11.0,13.4206320002747,220.24850849185208,158.40769848192468,0.022188869198316752,0.07823401898714041,0.5817168537166086
station_v0_bogota_sp22__ChargeAsFastAsPossible__seed33__2022-01-17,station_v0_bogota_sp22,0.75,ChargeAsFastAsPossible,33,2022-01-17,174.14932395123157,11.0,0.0,17.0,13.0,0.0,268.25080784561027,174.19733379808665,0.048009846855080696,0.0002756060945842561,0.6063960777318083
station_v0_bogota_sp22__ChargeAsFastAsPossible__seed33__2022-03-05,station_v0_bogota_sp22,0.75,ChargeAsFastAsPossible,33,2022-03-05,179.09455674080905,11.0,0.0,19.0,10.0,0.0,289.39893693146047,179.14755379069084,0.05299704988178178,0.0002958290457245177,0.6177656640544291
station_v0_bogota_sp22__ChargeAsFastAsPossible__seed34__2022-01-17,station_v0_bogota_sp22,0.75,ChargeAsFastAsPossible,34,2022-01-17,154.078048106247,12.0,1.0,21.0,14.0,12.8498847984186,330.7180473281671,154.11081630959734,0.03276820335034358,0.07715979219226239,0.6822011648601742
station_v0_bogota_sp22__ChargeAsFastAsPossible__seed34__2022-03-05,station_v0_bogota_sp22,0.75,ChargeAsFastAsPossible,34,2022-03-05,149.87214078466354,12.0,0.0,26.0,14.0,0.0,393.5160338891747,149.90572300946525,0.03358222480170525,0.00022402229966620303,0.724206587457966
station_v0_bogota_sp22__ChargeAsFastAsPossible__seed35__2022-01-17,station_v0_bogota_sp22,0.75,ChargeAsFastAsPossible,35,2022-01-17,138.8170262337141,10.0,0.0,12.0,12.0,0.0,154.620137859937,138.86238623274824,0.045359999034133125,0.0003266543249379635,0.5270007075791878
station_v0_bogota_sp22__ChargeAsFastAsPossible__seed35__2022-03-05,station_v0_bogota_sp22,0.75,ChargeAsFastAsPossible,35,2022-03-05,142.19372970139003,11.0,0.0,19.0,7.0,0.0,276.1677759451169,142.22695772298246,0.03322802159243565,0.00023362674787120427,0.6601445518810276
station_v0_bogota_sp22__ChargeAsFastAsPossible__seed36__2022-01-17,station_v0_bogota_sp22,0.75,ChargeAsFastAsPossible,36,2022-01-17,204.31320299478077,12.0,0.0,13.0,7.0,0.0,193.7617388334065,204.35562659881643,0.04242360403566181,0.00020759694627320584,0.4868015797980461
station_v0_bogota_sp22__ChargeAsFastAsPossible__seed36__2022-03-05,station_v0_bogota_sp22,0.75,ChargeAsFastAsPossible,36,2022-03-05,145.87021669194462,9.0,0.0,13.0,8.0,0.0,196.2182536768682,145.90822531271766,0.03800862077304146,0.00026049676563181764,0.5736365769678271
station_v0_bogota_sp22__ChargeAsFastAsPossible__seed37__2022-01-17,station_v0_bogota_sp22,0.75,ChargeAsFastAsPossible,37,2022-01-17,202.4597569806425,12.0,2.0,21.0,2.0,33.0573192807719,333.62188777659816,202.52915898660373,0.06940200596122281,0.1406138481731384,0.6223829866547635
station_v0_bogota_sp22__ChargeAsFastAsPossible__seed37__2022-03-05,station_v0_bogota_sp22,0.75,ChargeAsFastAsPossible,37,2022-03-05,154.22995365995664,10.0,1.0,17.0,4.0,16.6677228815799,266.3294005943377,154.28293832301495,0.052984663058310844,0.09781013671907798,0.6333204250333185
station_v0_bogota_sp22__ChargeAsFastAsPossible__seed38__2022-01-17,station_v0_bogota_sp22,0.75,ChargeAsFastAsPossible,38,2022-01-17,181.21340739322363,9.0,0.0,15.0,13.0,0.0,221.90121027685183,181.27925333135403,0.06584593813039419,0.0003632293101408394,0.550540207798066
station_v0_bogota_sp22__ChargeAsFastAsPossible__seed38__2022-03-05,station_v0_bogota_sp22,0.75,ChargeAsFastAsPossible,38,2022-03-05,197.70089626110325,11.0,2.0,20.0,10.0,26.834666102354294,298.2981176512983,197.76268387415573,0.06178761305247349,0.1197541009198007,0.6014583380643134
station_v0_bogota_sp22__ChargeAsFastAsPossible__seed39__2022-01-17,station_v0_bogota_sp22,0.75,ChargeAsFastAsPossible,39,2022-01-17,178.777131965222,11.0,3.0,14.0,9.0,41.060136426521495,212.43691154661093,178.8078346127451,0.030702647523099813,0.18688869906706926,0.543055507530304
station_v0_bogota_sp22__ChargeAsFastAsPossible__seed39__2022-03-05,station_v0_bogota_sp22,0.75,ChargeAsFastAsPossible,39,2022-03-05,156.94580569109144,10.0,1.0,12.0,9.0,13.8197522131234,179.0007539613942,157.00563470119025,0.059829010098809476,0.08125010851100387,0.5329082690487309
station_v0_bogota_sp22__ChargeAsFastAsPossible__seed40__2022-01-17,station_v0_bogota_sp22,0.75,ChargeAsFastAsPossible,40,2022-01-17,224.50401726881444,13.0,2.0,29.0,12.0,25.111747072514294,431.7498481040742,224.5661206778693,0.06210340905485623,0.10082531827265048,0.6579330262442473
station_v0_bogota_sp22__ChargeAsFastAsPossible__seed40__2022-03-05,station_v0_bogota_sp22,0.75,ChargeAsFastAsPossible,40,2022-03-05,147.62255267738226,11.0,1.0,19.0,14.0,12.9705010402643,285.66780289733555,147.64694675423937,0.024394076857106484,0.08090587476988974,0.6593179604523399
station_v0_bogota_sp22__ChargeAsFastAsPossible__seed41__2022-01-17,station_v0_bogota_sp22,0.75,ChargeAsFastAsPossible,41,2022-01-17,156.4654033560218,12.0,7.0,24.0,10.0,88.7848087677597,355.7423120236247,156.4808505752407,0.015447219218913233,0.36205743692309067,0.6945366496857275
station_v0_bogota_sp22__ChargeAsFastAsPossible__seed41__2022-03-05,station_v0_bogota_sp22,0.75,ChargeAsFastAsPossible,41,2022-03-05,150.766860434533,12.0,8.0,20.0,9.0,103.9729067984334,294.7309827356056,150.78771590788483,0.02085547335184401,0.4082018687466732,0.6615925192509631
station_v0_bogota_sp22__ChargeAsFastAsPossible__seed42__2022-01-17,station_v0_bogota_sp22,0.75,ChargeAsFastAsPossible,42,2022-01-17,211.7949644581024,13.0,5.0,24.0,9.0,71.7795216171101,372.3558954718178,211.86256447402917,0.06760001592675735,0.2533020491534218,0.637473002003849
station_v0_bogota_sp22__ChargeAsFastAsPossible__seed42__2022-03-05,station_v0_bogota_sp22,0.75,ChargeAsFastAsPossible,42,2022-03-05,191.21174465774408,12.0,5.0,28.0,6.0,66.9589737245636,439.23308758668855,191.26688975279865,0.05514509505456999,0.2595174546700396,0.6967299737827147
station_v0_bogota_sp22__ChargeAsFastAsPossible__seed43__2022-01-17,station_v0_bogota_sp22,0.75,ChargeAsFastAsPossible,43,2022-01-17,152.24216487583004,10.0,0.0,25.0,11.0,0.0,377.6066902329649,152.2814242899827,0.039259414152667205,0.0002578082936623134,0.7126899798216988
station_v0_bogota_sp22__ChargeAsFastAsPossible__seed43__2022-03-05,station_v0_bogota_sp22,0.75,ChargeAsFastAsPossible,43,2022-03-05,138.52715692496145,9.0,0.0,26.0,11.0,0.0,378.411532661309,138.54996315623475,0.022806231273307276,0.00016460654881293626,0.7320358323671882
station_v0_bogota_sp22__ChargeAsFastAsPossible__seed44__2022-01-17,station_v0_bogota_sp22,0.75,ChargeAsFastAsPossible,44,2022-01-17,118.26961231412224,10.0,0.0,16.0,12.0,0.0,236.07628393098256,118.28938096291124,0.019768648788996757,0.00016712107737883143,0.6662497977913994
station_v0_bogota_sp22__ChargeAsFastAsPossible__seed44__2022-03-05,station_v0_bogota_sp22,0.75,ChargeAsFastAsPossible,44,2022-03-05,103.98292960719056,9.0,0.0,17.0,12.0,0.0,243.69192766215343,104.00400806831118,0.021078461120623615,0.00020266970006366494,0.7009371726225797
station_v0_bogota_sp22__ChargeAsFastAsPossible__seed45__2022-01-17,station_v0_bogota_sp22,0.75,ChargeAsFastAsPossible,45,2022-01-17,188.6507564426956,11.0,0.0,25.0,7.0,0.0,388.0021933826846,188.7055765244968,0.05482008180118214,0.00029050589182808635,0.6728832759214287
station_v0_bogota_sp22__ChargeAsFastAsPossible__seed45__2022-03-05,station_v0_bogota_sp22,0.75,ChargeAsFastAsPossible,45,2022-03-05,167.49072522107414,11.0,3.0,24.0,7.0,43.5751428633157,372.97924335713,167.53403699545495,0.04331177438081113,0.20661562262179553,0.6901265310043493
station_v0_bogota_sp22__ChargeAsFastAsPossible__seed46__2022-01-17,station_v0_bogota_sp22,0.75,ChargeAsFastAsPossible,46,2022-01-17,276.53619553504524,15.0,8.0,41.0,6.0,111.2035939773753,640.0899447141353,276.62154805631377,0.08535252126853266,0.2869565029102124,0.6983389019163396
station_v0_bogota_sp22__ChargeAsFastAsPossible__seed46__2022-03-05,station_v0_bogota_sp22,0.75,ChargeAsFastAsPossible,46,2022-03-05,262.35018925067595,14.0,9.0,36.0,8.0,124.3808883494645,555.546512223347,262.4382892193279,0.0880999686519317,0.32177563971988105,0.6792725380863184
station_v0_bogota_sp22__ChargeAsFastAsPossible__seed47__2022-01-17,station_v0_bogota_sp22,0.75,ChargeAsFastAsPossible,47,2022-01-17,179.61488705260476,13.0,1.0,21.0,6.0,12.7073268167037,323.60204993854177,179.64817763705776,0.03329058445299893,0.06623474299493881,0.6430903013836738
station_v0_bogota_sp22__ChargeAsFastAsPossible__seed47__2022-03-05,station_v0_bogota_sp22,0.75,ChargeAsFastAsPossible,47,2022-03-05,163.61370186221,12.0,0.0,16.0,6.0,0.0,244.1072367475096,163.641053362226,0.027351500015981856,0.00016714326542153343,0.5987384721633601
station_v0_bogota_sp22__ChargeAsFastAsPossible__seed48__2022-01-17,station_v0_bogota_sp22,0.75,ChargeAsFastAsPossible,48,2022-01-17,259.64581738125514,13.0,3.0,20.0,12.0,37.9547817715436,288.74528776960545,259.7200239166443,0.07420653538918032,0.12775346646826352,0.526595735684765
station_v0_bogota_sp22__ChargeAsFastAsPossible__seed48__2022-03-05,station_v0_bogota_sp22,0.75,ChargeAsFastAsPossible,48,2022-03-05,260.30818325734333,14.0,3.0,20.0,4.0,42.33059847972061,309.53029954382225,260.38953646843083,0.08135321108750304,0.14010284349956517,0.543254740739105
station_v0_bogota_sp22__ChargeAsFastAsPossible__seed49__2022-01-17,station_v0_bogota_sp22,0.75,ChargeAsFastAsPossible,49,2022-01-17,192.0841066338164,13.0,2.0,19.0,19.0,25.9854149294952,285.1072765802186,192.13690964267496,0.05280300885857514,0.1193743831101456,0.5975139935091741
station_v0_bogota_sp22__ChargeAsFastAsPossible__seed49__2022-03-05,station_v0_bogota_sp22,0.75,ChargeAsFastAsPossible,49,2022-03-05,189.1047995754775,13.0,4.0,23.0,15.0,54.9448801901731,357.8923545234108,189.1424457718288,0.03764619635128952,0.2252576047110441,0.6543093794518814
station_v0_bogota_sp60__ChargeAsFastAsPossible__seed0__2022-01-17,station_v0_bogota_sp60,2.0,ChargeAsFastAsPossible,0,2022-01-17,242.957130789398,17.0,53.0,86.0,27.0,749.9887291640093,1284.5294493868478,243.0065311537151,0.04940036431707995,0.755329012636314,0.8409483417186543
station_v0_bogota_sp60__ChargeAsFastAsPossible__seed0__2022-03-05,station_v0_bogota_sp60,2.0,ChargeAsFastAsPossible,0,2022-03-05,205.6243281035665,15.0,57.0,90.0,29.0,796.7373147276572,1316.5625466678382,205.66004599639456,0.03571789282804616,0.7948674486183404,0.8649183574764334
station_v0_bogota_sp60__ChargeAsFastAsPossible__seed1__2022-01-17,station_v0_bogota_sp60,2.0,ChargeAsFastAsPossible,1,2022-01-17,227.85237722755696,16.0,59.0,83.0,23.0,830.6532180765737,1200.1406781126452,227.9061028990406,0.053725671483647375,0.7847523773938732,0.8404447387457874
station_v0_bogota_sp60__ChargeAsFastAsPossible__seed1__2022-03-05,station_v0_bogota_sp60,2.0,ChargeAsFastAsPossible,1,2022-03-05,222.9432802760532,16.0,66.0,88.0,21.0,958.094315654334,1287.4356475870222,222.99590198516017,0.0526217091069725,0.8112394151213752,0.852397627460046
station_v0_bogota_sp60__ChargeAsFastAsPossible__seed2__2022-01-17,station_v0_bogota_sp60,2.0,ChargeAsFastAsPossible,2,2022-01-17,276.6479828934646,18.0,51.0,89.0,12.0,747.5262161520001,1356.194981097911,276.69865239597846,0.0506695025138697,0.7298952687160756,0.830578074885672
station_v0_bogota_sp60__ChargeAsFastAsPossible__seed2__2022-03-05,station_v0_bogota_sp60,2.0,ChargeAsFastAsPossible,2,2022-03-05,225.4274476739689,16.0,66.0,90.0,22.0,939.8532158019976,1320.003748607636,225.470403850686,0.04295617671709806,0.8065537813940852,0.8541370314635216
station_v0_bogota_sp60__ChargeAsFastAsPossible__seed3__2022-01-17,station_v0_bogota_sp60,2.0,ChargeAsFastAsPossible,3,2022-01-17,260.5349178602371,17.0,59.0,87.0,15.0,828.9671166234062,1308.2915247624796,260.60263578235447,0.06771792211736738,0.7608827546056797,0.8339372250772095
station_v0_bogota_sp60__ChargeAsFastAsPossible__seed3__2022-03-05,station_v0_bogota_sp60,2.0,ChargeAsFastAsPossible,3,2022-03-05,226.62681643034716,16.0,50.0,86.0,15.0,728.5313298446392,1282.412132967847,226.6887103064856,0.06189387613844133,0.7627490976901065,0.8498265921456717
station_v0_bogota_sp60__ChargeAsFastAsPossible__seed4__2022-01-17,station_v0_bogota_sp60,2.0,ChargeAsFastAsPossible,4,2022-01-17,244.1540116264077,17.0,50.0,93.0,28.0,675.4702606392675,1391.94500931915,244.20497282937652,0.05096120296880713,0.7345214889547941,0.850775286929506
station_v0_bogota_sp60__ChargeAsFastAsPossible__seed4__2022-03-05,station_v0_bogota_sp60,2.0,ChargeAsFastAsPossible,4,2022-03-05,245.786741541848,18.0,67.0,98.0,28.0,978.5489669158678,1469.0760478159686,245.835855400149,0.04911385830101267,0.7992569516853993,0.8566767534350286
station_v0_bogota_sp60__ChargeAsFastAsPossible__seed5__2022-01-17,station_v0_bogota_sp60,2.0,ChargeAsFastAsPossible,5,2022-01-17,211.8453864613257,16.0,57.0,82.0,20.0,828.7153012394025,1204.7735770998613,211.9135703928661,0.06818393154040336,0.7964256112469399,0.8504642419914287
station_v0_bogota_sp60__ChargeAsFastAsPossible__seed5__2022-03-05,station_v0_bogota_sp60,2.0,ChargeAsFastAsPossible,5,2022-03-05,185.5915814263324,15.0,52.0,87.0,24.0,738.2338268099727,1260.6240866686433,185.6502491328469,0.058667706514512474,0.7991181077161256,0.8716760874253625
station_v0_bogota_sp60__ChargeAsFastAsPossible__seed6__2022-01-17,station_v0_bogota_sp60,2.0,ChargeAsFastAsPossible,6,2022-01-17,228.70565755148732,16.0,30.0,76.0,19.0,405.9242014941752,1140.268151203364,228.7737397460373,0.06808219454998721,0.6396622035600243,0.8329447337854031
station_v0_bogota_sp60__ChargeAsFastAsPossible__seed6__2022-03-05,station_v0_bogota_sp60,2.0,ChargeAsFastAsPossible,6,2022-03-05,223.0735809035849,15.0,44.0,76.0,28.0,616.1753586606244,1099.1308646943817,223.13785655393576,0.06427565035085081,0.7342189103425961,0.83129482130305
station_v0_bogota_sp60__ChargeAsFastAsPossible__seed7__2022-01-17,station_v0_bogota_sp60,2.0,ChargeAsFastAsPossible,7,2022-01-17,248.86978626362531,17.0,48.0,69.0,29.0,695.9706126459035,1013.7617164292092,248.9254426904544,0.055656426829074235,0.7366167581522666,0.8029046351931419
station_v0_bogota_sp60__ChargeAsFastAsPossible__seed7__2022-03-05,station_v0_bogota_sp60,2.0,ChargeAsFastAsPossible,7,2022-03-05,229.9010433128384,16.0,59.0,74.0,29.0,867.6246628118347,1092.2464842389488,229.9502468872229,0.04920357438450651,0.7905372642165494,0.8261219091677666
station_v0_bogota_sp60__ChargeAsFastAsPossible__seed8__2022-01-17,station_v0_bogota_sp60,2.0,ChargeAsFastAsPossible,8,2022-01-17,298.3810583104438,15.0,24.0,79.0,12.0,367.64400043336553,1212.082896408427,298.4784699625699,0.09741165212608394,0.5520627638742023,0.8024700849941103
station_v0_bogota_sp60__ChargeAsFastAsPossible__seed8__2022-03-05,station_v0_bogota_sp60,2.0,ChargeAsFastAsPossible,8,2022-03-05,338.6692245592262,17.0,46.0,84.0,7.0,690.2653505443005,1295.3002368538057,338.7744753788239,0.10525081959769977,0.670888126943566,0.7927455690832497
station_v0_bogota_sp60__ChargeAsFastAsPossible__seed9__2022-01-17,station_v0_bogota_sp60,2.0,ChargeAsFastAsPossible,9,2022-01-17,266.2322606067461,17.0,25.0,67.0,9.0,354.84794589976065,1030.7202187902817,266.2965633173997,0.06430271065363513,0.5713843450982391,0.7947349145520594
station_v0_bogota_sp60__ChargeAsFastAsPossible__seed9__2022-03-05,station_v0_bogota_sp60,2.0,ChargeAsFastAsPossible,9,2022-03-05,233.02392366548975,16.0,41.0,80.0,7.0,617.1918411827249,1238.429420488305,233.08488309274435,0.060959427254601906,0.7259434287536777,0.8416434532111532
station_v0_bogota_sp60__ChargeAsFastAsPossible__seed10__2022-01-17,station_v0_bogota_sp60,2.0,ChargeAsFastAsPossible,10,2022-01-17,227.08697811575064,15.0,63.0,92.0,28.0,870.7126062843656,1348.442717479292,227.127575280126,0.04059716437535599,0.7931511508422497,0.855869979803925
station_v0_bogota_sp60__ChargeAsFastAsPossible__seed10__2022-03-05,station_v0_bogota_sp60,2.0,ChargeAsFastAsPossible,10,2022-03-05,214.02997218877775,15.0,58.0,95.0,22.0,812.854334090768,1404.207160871904,214.08775943197756,0.057787243199811655,0.7915851599240759,0.8677435308586475
station_v0_bogota_sp60__ChargeAsFastAsPossible__seed11__2022-01-17,station_v0_bogota_sp60,2.0,ChargeAsFastAsPossible,11,2022-01-17,239.41955590099516,15.0,54.0,81.0,14.0,748.2981604876722,1199.4794163094923,239.48517734143232,0.06562144043715534,0.7576193617244261,0.833616784625991
station_v0_bogota_sp60__ChargeAsFastAsPossible__seed11__2022-03-05,station_v0_bogota_sp60,2.0,ChargeAsFastAsPossible,11,2022-03-05,211.4214213192545,14.0,28.0,68.0,14.0,399.749990564623,999.044613399592,211.46691104891104,0.04548972965653775,0.6540975539761268,0.82534538742572
station_v0_bogota_sp60__ChargeAsFastAsPossible__seed12__2022-01-17,station_v0_bogota_sp60,2.0,ChargeAsFastAsPossible,12,2022-01-17,253.7214718166892,17.0,49.0,79.0,22.0,685.7555349518551,1152.148985863397,253.77850268998736,0.057030873298174356,0.7299496754226059,0.8195344540295222
station_v0_bogota_sp60__ChargeAsFastAsPossible__seed12__2022-03-05,station_v0_bogota_sp60,2.0,ChargeAsFastAsPossible,12,2022-03-05,248.6470229595284,17.0,52.0,78.0,13.0,781.8312598800619,1160.4016219874322,248.73145002783397,0.08442706830555835,0.7587269357128683,0.8235461022826419
station_v0_bogota_sp60__ChargeAsFastAsPossible__seed13__2022-01-17,station_v0_bogota_sp60,2.0,ChargeAsFastAsPossible,13,2022-01-17,278.0378985947132,17.0,51.0,94.0,28.0,730.013967492302,1376.817880509033,278.10258628127787,0.06468768656463908,0.724200641727425,0.8319931959425442
station_v0_bogota_sp60__ChargeAsFastAsPossible__seed13__2022-03-05,station_v0_bogota_sp60,2.0,ChargeAsFastAsPossible,13,2022-03-05,248.81508169489013,16.0,57.0,93.0,19.0,822.0176966387608,1397.3655399263107,248.88868775630752,0.07360606141739368,0.7676593534966735,0.8488598677464662
station_v0_bogota_sp60__ChargeAsFastAsPossible__seed14__2022-01-17,station_v0_bogota_sp60,2.0,ChargeAsFastAsPossible,14,2022-01-17,358.4866104541351,16.0,21.0,76.0,20.0,281.0999568586633,1151.2941354882146,358.6001350999641,0.11352464582904531,0.43960206515443145,0.7625750243330038
station_v0_bogota_sp60__ChargeAsFastAsPossible__seed14__2022-03-05,station_v0_bogota_sp60,2.0,ChargeAsFastAsPossible,14,2022-03-05,419.3733256450041,19.0,51.0,90.0,14.0,733.1462774319748,1380.1944805351593,419.503701665769,0.13037602076485655,0.6361659365375812,0.7669757463820215
station_v0_bogota_sp60__ChargeAsFastAsPossible__seed15__2022-01-17,station_v0_bogota_sp60,2.0,ChargeAsFastAsPossible,15,2022-01-17,213.2838943854015,16.0,58.0,102.0,22.0,834.6007674115477,1507.6796702274164,213.3459653180504,0.06207093264887931,0.7964744888990124,0.8760716342741736
station_v0_bogota_sp60__ChargeAsFastAsPossible__seed15__2022-03-05,station_v0_bogota_sp60,2.0,ChargeAsFastAsPossible,15,2022-03-05,204.21815787842792,16.0,77.0,98.0,21.0,1122.9582778483518,1439.3764151711848,204.26975863683,0.05160075840208833,0.8461318234210553,0.8757529685325806
station_v0_bogota_sp60__ChargeAsFastAsPossible__seed16__2022-01-17,station_v0_bogota_sp60,2.0,ChargeAsFastAsPossible,16,2022-01-17,225.91787018568905,16.0,54.0,90.0,19.0,753.8852056705573,1341.228607830849,225.96921024304635,0.051340057357293745,0.7694373097507081,0.8558459770807078
station_v0_bogota_sp60__ChargeAsFastAsPossible__seed16__2022-03-05,station_v0_bogota_sp60,2.0,ChargeAsFastAsPossible,16,2022-03-05,212.8522646815435,16.0,59.0,87.0,22.0,896.9224898620906,1311.1706909921013,212.9118160544217,0.05955137287821799,0.8082125741231544,0.8603407205991597
station_v0_bogota_sp60__ChargeAsFastAsPossible__seed17__2022-01-17,station_v0_bogota_sp60,2.0,ChargeAsFastAsPossible,17,2022-01-17,235.79080673198337,16.0,45.0,82.0,16.0,605.7544037670484,1208.6170778988123,235.84097053043536,0.05016379845199026,0.7198287752843127,0.8367617481252638
station_v0_bogota_sp60__ChargeAsFastAsPossible__seed17__2022-03-05,station_v0_bogota_sp60,2.0,ChargeAsFastAsPossible,17,2022-03-05,232.91964852826777,16.0,45.0,82.0,11.0,662.8071285349956,1225.9368979377944,232.97278557119668,0.05313704292890975,0.7399811662882901,0.8403467663823808
station_v0_bogota_sp60__ChargeAsFastAsPossible__seed18__2022-01-17,station_v0_bogota_sp60,2.0,ChargeAsFastAsPossible,18,2022-01-17,273.490572735226,17.0,54.0,86.0,12.0,753.1941776650275,1280.506607302545,273.56806873724554,0.07749600201952944,0.7336378760579441,0.8240170971499546
station_v0_bogota_sp60__ChargeAsFastAsPossible__seed18__2022-03-05,station_v0_bogota_sp60,2.0,ChargeAsFastAsPossible,18,2022-03-05,266.2718556484527,17.0,72.0,91.0,11.0,1045.8433746694882,1342.0500211652245,266.3513176294408,0.07946198098812829,0.797079002673032,0.8344493695534992
station_v0_bogota_sp60__ChargeAsFastAsPossible__seed19__2022-01-17,station_v0_bogota_sp60,2.0,ChargeAsFastAsPossible,19,2022-01-17,250.4687853851638,17.0,55.0,91.0,14.0,792.5513493802248,1365.9376199281808,250.53650026368865,0.06771487852483915,0.7598775736188778,0.8450524000004194
station_v0_bogota_sp60__ChargeAsFastAsPossible__seed19__2022-03-05,station_v0_bogota_sp60,2.0,ChargeAsFastAsPossible,19,2022-03-05,243.93124141900347,17.0,54.0,90.0,11.0,781.5393237678695,1361.655283175623,243.98875786063252,0.05751644162904768,0.7621408464684366,0.8480788797611865
station_v0_bogota_sp60__ChargeAsFastAsPossible__seed20__2022-01-17,station_v0_bogota_sp60,2.0,ChargeAsFastAsPossible,20,2022-01-17,292.28433455630324,17.0,70.0,97.0,15.0,1000.1632010625598,1460.1985606550095,292.3691018630328,0.08476730672958865,0.7738669015120706,0.8332250783765136
station_v0_bogota_sp60__ChargeAsFastAsPossible__seed20__2022-03-05,station_v0_bogota_sp60,2.0,ChargeAsFastAsPossible,20,2022-03-05,258.54350270974646,16.0,71.0,86.0,17.0,1046.1717879739465,1275.328953491923,258.6174198501117,0.0739171403652108,0.8018503669716057,0.8314520590791884
station_v0_bogota_sp60__ChargeAsFastAsPossible__seed21__2022-01-17,station_v0_bogota_sp60,2.0,ChargeAsFastAsPossible,21,2022-01-17,221.73138017163,17.0,39.0,70.0,24.0,574.7223050893824,1063.2366059279225,221.79503996858023,0.06365979695021906,0.7216239149751414,0.8274506461535902
station_v0_bogota_sp60__ChargeAsFastAsPossible__seed21__2022-03-05,station_v0_bogota_sp60,2.0,ChargeAsFastAsPossible,21,2022-03-05,215.25030936711173,17.0,37.0,76.0,15.0,541.2930027770572,1159.61733125246,215.2949702495447,0.0446608824329644,0.7154986372489647,0.8434443352263528
station_v0_bogota_sp60__ChargeAsFastAsPossible__seed22__2022-01-17,station_v0_bogota_sp60,2.0,ChargeAsFastAsPossible,22,2022-01-17,235.0979766496759,16.0,53.0,84.0,24.0,758.0681833721359,1247.0080942385723,235.14801931395868,0.0500426642827847,0.7632962732445693,0.8413810971057716
station_v0_bogota_sp60__ChargeAsFastAsPossible__seed22__2022-03-05,station_v0_bogota_sp60,2.0,ChargeAsFastAsPossible,22,2022-03-05,209.02492223441573,16.0,45.0,82.0,24.0,636.874112467857,1228.183231523312,209.06322467847536,0.038302444059638674,0.7529073217887082,0.8545657069930748
station_v0_bogota_sp60__ChargeAsFastAsPossible__seed23__2022-01-17,station_v0_bogota_sp60,2.0,ChargeAsFastAsPossible,23,2022-01-17,239.88111065215085,15.0,49.0,85.0,31.0,676.9067583430449,1243.6036337233156,239.94203904866623,0.06092839651537929,0.7383634997018326,0.8383055439041949
station_v0_bogota_sp60__ChargeAsFastAsPossible__seed23__2022-03-05,station_v0_bogota_sp60,2.0,ChargeAsFastAsPossible,23,2022-03-05,242.22243792067485,16.0,50.0,88.0,23.0,746.9581487183596,1318.262678204214,242.295697464505,0.07325954383014732,0.7551463268449099,0.8447847631352595
station_v0_bogota_sp60__ChargeAsFastAsPossible__seed24__2022-01-17,station_v0_bogota_sp60,2.0,ChargeAsFastAsPossible,24,2022-01-17,252.1876877337923,17.0,43.0,88.0,12.0,624.6004317541452,1331.0505849836636,252.24989067821255,0.06220294442024965,0.7123936876316235,0.8407202602346413
station_v0_bogota_sp60__ChargeAsFastAsPossible__seed24__2022-03-05,station_v0_bogota_sp60,2.0,ChargeAsFastAsPossible,24,2022-03-05,246.41844636409547,17.0,47.0,84.0,6.0,699.8070435846757,1281.7916724629356,246.47026371889743,0.05181735480195471,0.7395917196130726,0.8387590238753572
station_v0_bogota_sp60__ChargeAsFastAsPossible__seed25__2022-01-17,station_v0_bogota_sp60,2.0,ChargeAsFastAsPossible,25,2022-01-17,260.6678559399119,15.0,35.0,70.0,25.0,474.361694975148,1016.9731668385774,260.7496232476432,0.08176730773135432,0.6454035606877829,0.7959902899420601
station_v0_bogota_sp60__ChargeAsFastAsPossible__seed25__2022-03-05,station_v0_bogota_sp60,2.0,ChargeAsFastAsPossible,25,2022-03-05,275.00986209011137,16.0,39.0,73.0,20.0,565.0232188384522,1090.8583827941063,275.09398331860933,0.08412122849796333,0.6726529805793718,0.7986680436941253
station_v0_bogota_sp60__ChargeAsFastAsPossible__seed26__2022-01-17,station_v0_bogota_sp60,2.0,ChargeAsFastAsPossible,26,2022-01-17,285.75303275708285,15.0,38.0,74.0,23.0,534.6896456091663,1095.3578829998892,285.842187086348,0.08915432926517042,0.6517465607417562,0.7931124976418215
station_v0_bogota_sp60__ChargeAsFastAsPossible__seed26__2022-03-05,station_v0_bogota_sp60,2.0,ChargeAsFastAsPossible,26,2022-03-05,213.5281778450789,15.0,35.0,70.0,21.0,491.2057618388194,1043.92055803275,213.56029050499035,0.03211265991146206,0.6970226117802389,0.8301936939291124
station_v0_bogota_sp60__ChargeAsFastAsPossible__seed27__2022-01-17,station_v0_bogota_sp60,2.0,ChargeAsFastAsPossible,27,2022-01-17,284.1036851623036,15.0,61.0,93.0,23.0,828.2485400109334,1392.6978174333033,284.19262031635844,0.08893515405486596,0.7446123936310328,0.8305770736318572
station_v0_bogota_sp60__ChargeAsFastAsPossible__seed27__2022-03-05,station_v0_bogota_sp60,2.0,ChargeAsFastAsPossible,27,2022-03-05,283.3731309528652,16.0,71.0,94.0,18.0,995.7809076232688,1407.741031349636,283.44352711898296,0.0703961661177459,0.7784805204960289,0.8324410369442695
station_v0_bogota_sp60__ChargeAsFastAsPossible__seed28__2022-01-17,station_v0_bogota_sp60,2.0,ChargeAsFastAsPossible,28,2022-01-17,228.2041973118686,16.0,56.0,93.0,21.0,766.358209329115,1359.2988240658758,228.2450012730616,0.040803961193006444,0.770557550107139,0.8562532928732551
station_v0_bogota_sp60__ChargeAsFastAsPossible__seed28__2022-03-05,station_v0_bogota_sp60,2.0,ChargeAsFastAsPossible,28,2022-03-05,217.47738349838104,16.0,54.0,81.0,19.0,780.4676321744082,1199.199689364626,217.51740289073297,0.040019392351922534,0.7820835224406087,0.8464920168696735
station_v0_bogota_sp60__ChargeAsFastAsPossible__seed29__2022-01-17,station_v0_bogota_sp60,2.0,ChargeAsFastAsPossible,29,2022-01-17,269.83034694346713,17.0,46.0,89.0,18.0,647.3722102828309,1347.6002442905472,269.9018002593476,0.07145331588048975,0.7058345228990224,0.8331808309901992
station_v0_bogota_sp60__ChargeAsFastAsPossible__seed29__2022-03-05,station_v0_bogota_sp60,2.0,ChargeAsFastAsPossible,29,2022-03-05,235.32363387378228,16.0,60.0,87.0,22.0,853.363789385091,1303.2587867819857,235.3903716571052,0.06673778332290681,0.7838597157245106,0.8470582896802086
station_v0_bogota_sp60__ChargeAsFastAsPossible__seed30__2022-01-17,station_v0_bogota_sp60,2.0,ChargeAsFastAsPossible,30,2022-01-17,242.831964538377,16.0,62.0,86.0,16.0,888.5311553310179,1264.4646205192057,242.8897980928831,0.05783355450608951,0.7853743438253287,0.8389018789874468
station_v0_bogota_sp60__ChargeAsFastAsPossible__seed30__2022-03-05,station_v0_bogota_sp60,2.0,ChargeAsFastAsPossible,30,2022-03-05,224.2974818440697,16.0,40.0,81.0,15.0,584.1049538887672,1215.7658227327977,224.36621239388927,0.06873054981957694,0.7225658858368597,0.844252140516867
station_v0_bogota_sp60__ChargeAsFastAsPossible__seed31__2022-01-17,station_v0_bogota_sp60,2.0,ChargeAsFastAsPossible,31,2022-01-17,219.5744788941105,15.0,47.0,74.0,31.0,636.504055684532,1063.3089127211017,219.63564968372103,0.061170789610514475,0.7435296161160234,0.8288511559045638
station_v0_bogota_sp60__ChargeAsFastAsPossible__seed31__2022-03-05,station_v0_bogota_sp60,2.0,ChargeAsFastAsPossible,31,2022-03-05,222.24918064401456,15.0,42.0,85.0,17.0,603.250973462702,1260.4803322608668,222.3053773959635,0.05619675194893148,0.7307886004233968,0.8501137560224727
station_v0_bogota_sp60__ChargeAsFastAsPossible__seed32__2022-01-17,station_v0_bogota_sp60,2.0,ChargeAsFastAsPossible,32,2022-01-17,248.98026831045584,16.0,38.0,77.0,14.0,520.2402411410105,1169.291677374638,249.0483517990289,0.06808348857305191,0.6763499802344501,0.8244565737487413
station_v0_bogota_sp60__ChargeAsFastAsPossible__seed32__2022-03-05,station_v0_bogota_sp60,2.0,ChargeAsFastAsPossible,32,2022-03-05,239.60039017183203,16.0,45.0,74.0,14.0,634.6352117142072,1119.5453826573917,239.66761054345,0.06722037161796379,0.725952628686332,0.823721233264853
station_v0_bogota_sp60__ChargeAsFastAsPossible__seed33__2022-01-17,station_v0_bogota_sp60,2.0,ChargeAsFastAsPossible,33,2022-01-17,254.55332823150255,18.0,44.0,64.0,28.0,652.0832223539204,975.05721789319,254.58178153197213,0.028453300469578835,0.7192421377901346,0.7929853165437154
station_v0_bogota_sp60__ChargeAsFastAsPossible__seed33__2022-03-05,station_v0_bogota_sp60,2.0,ChargeAsFastAsPossible,33,2022-03-05,224.30113688797013,16.0,59.0,78.0,24.0,887.8094389414186,1165.3145704541564,224.35322744664592,0.05209055867578627,0.7983198468472009,0.8385937004320069
station_v0_bogota_sp60__ChargeAsFastAsPossible__seed34__2022-01-17,station_v0_bogota_sp60,2.0,ChargeAsFastAsPossible,34,2022-01-17,195.50285692002583,15.0,28.0,84.0,23.0,391.88670820742055,1243.544656436795,195.53106479313865,0.02820787311281947,0.667182598304121,0.8641469284514539
station_v0_bogota_sp60__ChargeAsFastAsPossible__seed34__2022-03-05,station_v0_bogota_sp60,2.0,ChargeAsFastAsPossible,34,2022-03-05,223.85339563156208,16.0,44.0,80.0,20.0,677.3570198838312,1209.6125846922498,223.8969988342969,0.04360320273482898,0.7516200860330661,0.8438424143068056
station_v0_bogota_sp60__ChargeAsFastAsPossible__seed35__2022-01-17,station_v0_bogota_sp60,2.0,ChargeAsFastAsPossible,35,2022-01-17,304.6103345354186,18.0,64.0,77.0,18.0,921.5054864212378,1126.965798347158,304.6844130138694,0.07407847845081506,0.7515798045019377,0.7872313138236228
station_v0_bogota_sp60__ChargeAsFastAsPossible__seed35__2022-03-05,station_v0_bogota_sp60,2.0,ChargeAsFastAsPossible,35,2022-03-05,296.76279200558497,18.0,56.0,82.0,12.0,834.9257488165342,1247.531028309371,296.8529004886589,0.09010848307394781,0.7377907842776767,0.807843900424067
station_v0_bogota_sp60__ChargeAsFastAsPossible__seed36__2022-01-17,station_v0_bogota_sp60,2.0,ChargeAsFastAsPossible,36,2022-01-17,300.9616642278216,17.0,42.0,84.0,15.0,566.6121266583181,1248.5599181667062,301.06060426580285,0.09894003798126505,0.6531391923458512,0.8057836354958771
station_v0_bogota_sp60__ChargeAsFastAsPossible__seed36__2022-03-05,station_v0_bogota_sp60,2.0,ChargeAsFastAsPossible,36,2022-03-05,315.2237937506952,18.0,53.0,81.0,9.0,748.0930542125006,1212.2329630634513,315.3300848650918,0.10629111439658345,0.7035763261422742,0.7936426950244997
station_v0_bogota_sp60__ChargeAsFastAsPossible__seed37__2022-01-17,station_v0_bogota_sp60,2.0,ChargeAsFastAsPossible,37,2022-01-17,258.738625872895,17.0,40.0,76.0,19.0,582.4941995332152,1140.8183975681336,258.80695021560285,0.0683243427078537,0.6924542110157047,0.8151372249133673
station_v0_bogota_sp60__ChargeAsFastAsPossible__seed37__2022-03-05,station_v0_bogota_sp60,2.0,ChargeAsFastAsPossible,37,2022-03-05,256.0703382116835,17.0,42.0,78.0,13.0,635.9857100810515,1166.210445042606,256.14773317337773,0.07739496169421045,0.712968569727013,0.8199677534579483
station_v0_bogota_sp60__ChargeAsFastAsPossible__seed38__2022-01-17,station_v0_bogota_sp60,2.0,ChargeAsFastAsPossible,38,2022-01-17,246.7989493313704,13.0,20.0,61.0,33.0,282.0854638377645,893.5473064819042,246.8722245517252,0.07327522035478751,0.5334240247404366,0.7835893347883284
station_v0_bogota_sp60__ChargeAsFastAsPossible__seed38__2022-03-05,station_v0_bogota_sp60,2.0,ChargeAsFastAsPossible,38,2022-03-05,262.0714276316336,15.0,53.0,80.0,20.0,773.0218450616281,1200.500139108043,262.15106372059444,0.07963608896085361,0.7468331856366542,0.8208243857969619
station_v0_bogota_sp60__ChargeAsFastAsPossible__seed39__2022-01-17,station_v0_bogota_sp60,2.0,ChargeAsFastAsPossible,39,2022-01-17,245.7423584482396,15.0,42.0,74.0,9.0,579.9148782836876,1120.8142525928274,245.78840879937712,0.04605035113752365,0.7023841829231833,0.820180096680118
station_v0_bogota_sp60__ChargeAsFastAsPossible__seed39__2022-03-05,station_v0_bogota_sp60,2.0,ChargeAsFastAsPossible,39,2022-03-05,225.49833198955704,14.0,37.0,74.0,16.0,548.0106843474031,1116.9578098458062,225.5478643726283,0.049532383071266395,0.7084922241985718,0.8320317475597745
station_v0_bogota_sp60__ChargeAsFastAsPossible__seed40__2022-01-17,station_v0_bogota_sp60,2.0,ChargeAsFastAsPossible,40,2022-01-17,265.0104020409704,17.0,40.0,80.0,23.0,554.8234153708767,1209.831630482709,265.0872718549418,0.0768698139713706,0.6767813785454639,0.8203220518626847
station_v0_bogota_sp60__ChargeAsFastAsPossible__seed40__2022-03-05,station_v0_bogota_sp60,2.0,ChargeAsFastAsPossible,40,2022-03-05,258.0070213949512,17.0,50.0,77.0,20.0,723.3808019138203,1167.7947496699733,258.06441069490955,0.057389299958344964,0.7371152071656086,0.8190515384921143
station_v0_bogota_sp60__ChargeAsFastAsPossible__seed41__2022-01-17,station_v0_bogota_sp60,2.0,ChargeAsFastAsPossible,41,2022-01-17,225.1098163294692,16.0,60.0,91.0,20.0,841.2901706694134,1341.9690929094536,225.15315089472705,0.043334565257850954,0.7889153490132949,0.8563546543867463
station_v0_bogota_sp60__ChargeAsFastAsPossible__seed41__2022-03-05,station_v0_bogota_sp60,2.0,ChargeAsFastAsPossible,41,2022-03-05,214.58095056246535,16.0,58.0,93.0,19.0,825.6902590926318,1374.632352733429,214.61767709581284,0.03672653334749043,0.79373323695995,0.8649797410508645
station_v0_bogota_sp60__ChargeAsFastAsPossible__seed42__2022-01-17,station_v0_bogota_sp60,2.0,ChargeAsFastAsPossible,42,2022-01-17,272.4038945937952,17.0,60.0,92.0,17.0,863.2915214691885,1381.2905873739444,272.4883807275274,0.0844861337321845,0.7601613709954386,0.8352839769715337
station_v0_bogota_sp60__ChargeAsFastAsPossible__seed42__2022-03-05,station_v0_bogota_sp60,2.0,ChargeAsFastAsPossible,42,2022-03-05,266.2358063090642,17.0,69.0,89.0,15.0,1028.5280217545342,1342.0702965099113,266.3176263799141,0.08182007084991483,0.7943879977566098,0.8344704019968563
station_v0_bogota_sp60__ChargeAsFastAsPossible__seed43__2022-01-17,station_v0_bogota_sp60,2.0,ChargeAsFastAsPossible,43,2022-01-17,255.7614891503782,17.0,56.0,95.0,11.0,824.1830795227553,1460.068703185794,255.8113527748557,0.049863624477495705,0.7631825854821641,0.8509444245465119
station_v0_bogota_sp60__ChargeAsFastAsPossible__seed43__2022-03-05,station_v0_bogota_sp60,2.0,ChargeAsFastAsPossible,43,2022-03-05,223.7337764012658,16.0,57.0,84.0,18.0,821.2234800125325,1277.5483118965144,223.77973445306444,0.045958051798635324,0.7859013510157662,0.8509760895060438
station_v0_bogota_sp60__ChargeAsFastAsPossible__seed44__2022-01-17,station_v0_bogota_sp60,2.0,ChargeAsFastAsPossible,44,2022-01-17,250.010780105294,16.0,33.0,63.0,25.0,430.3432696763845,887.7455330273117,250.09353330703223,0.0827532017382282,0.6325731074375953,0.7802757986586563
station_v0_bogota_sp60__ChargeAsFastAsPossible__seed44__2022-03-05,station_v0_bogota_sp60,2.0,ChargeAsFastAsPossible,44,2022-03-05,192.04696670559372,15.0,26.0,60.0,21.0,347.41317708615645,876.7754093754581,192.0898221929876,0.042855487393893554,0.6440298442043938,0.8203263039777379
station_v0_bogota_sp60__ChargeAsFastAsPossible__seed45__2022-01-17,station_v0_bogota_sp60,2.0,ChargeAsFastAsPossible,45,2022-01-17,279.170489984538,17.0,50.0,94.0,23.0,713.1453799592898,1395.1526108484436,279.260802504796,0.09031252025800995,0.7186933184037868,0.8332726626780532
station_v0_bogota_sp60__ChargeAsFastAsPossible__seed45__2022-03-05,station_v0_bogota_sp60,2.0,ChargeAsFastAsPossible,45,2022-03-05,237.25877147153508,16.0,74.0,95.0,21.0,1089.4831268284324,1401.766276865977,237.31919007318268,0.060418601647597825,0.8211800141971501,0.8552492983086515
station_v0_bogota_sp60__ChargeAsFastAsPossible__seed46__2022-01-17,station_v0_bogota_sp60,2.0,ChargeAsFastAsPossible,46,2022-01-17,319.7307672174451,17.0,86.0,106.0,21.0,1239.311088860514,1580.9063984767142,319.8601110591547,0.12934384170961266,0.7949354328543791,0.8317885097336246
station_v0_bogota_sp60__ChargeAsFastAsPossible__seed46__2022-03-05,station_v0_bogota_sp60,2.0,ChargeAsFastAsPossible,46,2022-03-05,292.85820591865183,16.0,90.0,121.0,14.0,1320.3016872043834,1817.155871505325,292.97192858015484,0.11372266150300447,0.818469599295942,0.8612130478984313
station_v0_bogota_sp60__ChargeAsFastAsPossible__seed47__2022-01-17,station_v0_bogota_sp60,2.0,ChargeAsFastAsPossible,47,2022-01-17,239.19913993297743,17.0,55.0,81.0,14.0,832.9820095422133,1230.6816635977011,239.2561164718697,0.05697653889225762,0.7769160281381043,0.8372726089660364
station_v0_bogota_sp60__ChargeAsFastAsPossible__seed47__2022-03-05,station_v0_bogota_sp60,2.0,ChargeAsFastAsPossible,47,2022-03-05,227.9197269519699,17.0,59.0,77.0,14.0,893.1138206817129,1174.8686656973616,227.9693522785664,0.0496253265964981,0.7966968620623073,0.8375295479368162
station_v0_bogota_sp60__ChargeAsFastAsPossible__seed48__2022-01-17,station_v0_bogota_sp60,2.0,ChargeAsFastAsPossible,48,2022-01-17,357.7801069199954,19.0,49.0,84.0,20.0,689.6686045620588,1270.0129784764704,357.8969071633328,0.11680024333742267,0.6584651719483261,0.7802211841846637
station_v0_bogota_sp60__ChargeAsFastAsPossible__seed48__2022-03-05,station_v0_bogota_sp60,2.0,ChargeAsFastAsPossible,48,2022-03-05,334.08950510551927,18.0,61.0,86.0,17.0,896.8333947822806,1307.2945632386782,334.2023371271526,0.11283202163332362,0.728611041543595,0.7964726555188361
station_v0_bogota_sp60__ChargeAsFastAsPossible__seed49__2022-01-17,station_v0_bogota_sp60,2.0,ChargeAsFastAsPossible,49,2022-01-17,237.6955286131628,16.0,53.0,96.0,16.0,795.7707282427797,1497.92721068871,237.7635309015524,0.0680022883896072,0.770016788016343,0.8630542164467714
station_v0_bogota_sp60__ChargeAsFastAsPossible__seed49__2022-03-05,station_v0_bogota_sp60,2.0,ChargeAsFastAsPossible,49,2022-03-05,232.04432232715695,16.0,56.0,100.0,16.0,840.1063393139933,1560.755001923075,232.1079714829072,0.0636491557502552,0.7835840092875697,0.870573308853419
station_v0_bogota_sp75__ChargeAsFastAsPossible__seed0__2022-01-17,station_v0_bogota_sp75,2.5,ChargeAsFastAsPossible,0,2022-01-17,243.9068181296333,17.0,82.0,116.0,28.0,1171.981619190349,1738.8635434341008,243.95621849395044,0.04940036431713679,0.8277418601027489,0.8769899197028056
station_v0_bogota_sp75__ChargeAsFastAsPossible__seed0__2022-03-05,station_v0_bogota_sp75,2.5,ChargeAsFastAsPossible,0,2022-03-05,218.2291364826289,16.0,87.0,115.0,35.0,1264.2879229016314,1681.6841856555418,218.2668154977009,0.03767901507200122,0.8528019702542355,0.8851395976263772
station_v0_bogota_sp75__ChargeAsFastAsPossible__seed1__2022-01-17,station_v0_bogota_sp75,2.5,ChargeAsFastAsPossible,1,2022-01-17,225.55653437746108,16.0,80.0,98.0,34.0,1127.5049369414303,1396.1457930586566,225.604430321438,0.04789594397692554,0.8333050233524529,0.8609178336307856
station_v0_bogota_sp75__ChargeAsFastAsPossible__seed1__2022-03-05,station_v0_bogota_sp75,2.5,ChargeAsFastAsPossible,1,2022-03-05,222.4829031722133,16.0,84.0,106.0,30.0,1204.1349692799258,1522.0302690990218,222.52918332163603,0.046280149422727845,0.8440537650248592,0.8724704378153992
station_v0_bogota_sp75__ChargeAsFastAsPossible__seed2__2022-01-17,station_v0_bogota_sp75,2.5,ChargeAsFastAsPossible,2,2022-01-17,281.6810581839028,18.0,97.0,121.0,23.0,1399.1446224280692,1794.3319780599672,281.7705172508427,0.08945906693992356,0.8324239864733983,0.8643221811928257
station_v0_bogota_sp75__ChargeAsFastAsPossible__seed2__2022-03-05,station_v0_bogota_sp75,2.5,ChargeAsFastAsPossible,2,2022-03-05,273.91787957782674,18.0,92.0,111.0,26.0,1330.0009373650762,1633.4615131062774,273.98977585041735,0.07189627259060671,0.8292272658931372,0.8563958717249079
station_v0_bogota_sp75__ChargeAsFastAsPossible__seed3__2022-01-17,station_v0_bogota_sp75,2.5,ChargeAsFastAsPossible,3,2022-01-17,262.841439290294,17.0,72.0,104.0,20.0,1006.5575601954522,1543.0004594587772,262.9120176138014,0.07057832350744775,0.792951761991899,0.8544550510463468
station_v0_bogota_sp75__ChargeAsFastAsPossible__seed3__2022-03-05,station_v0_bogota_sp75,2.5,ChargeAsFastAsPossible,3,2022-03-05,231.8821024330828,16.0,73.0,118.0,21.0,1030.5110289559998,1757.8741723399555,231.9431747870252,0.06107235394242139,0.8163243452747987,0.8834656342865398
station_v0_bogota_sp75__ChargeAsFastAsPossible__seed4__2022-01-17,station_v0_bogota_sp75,2.5,ChargeAsFastAsPossible,4,2022-01-17,266.6506014025544,18.0,65.0,112.0,31.0,906.5116753437474,1661.731062031623,266.71148034147427,0.06087893891987051,0.7727196227670625,0.8617274844629697
station_v0_bogota_sp75__ChargeAsFastAsPossible__seed4__2022-03-05,station_v0_bogota_sp75,2.5,ChargeAsFastAsPossible,4,2022-03-05,248.7620863622265,18.0,82.0,120.0,27.0,1195.7259939844623,1809.325533335626,248.8154002831318,0.053313920905281975,0.8277916525276502,0.8791326277521546
station_v0_bogota_sp75__ChargeAsFastAsPossible__seed5__2022-01-17,station_v0_bogota_sp75,2.5,ChargeAsFastAsPossible,5,2022-01-17,210.16123441374216,16.0,87.0,116.0,29.0,1230.7629886819104,1678.6770858068155,210.2251717672368,0.06393735349462304,0.8541547805998376,0.8887389574706445
station_v0_bogota_sp75__ChargeAsFastAsPossible__seed5__2022-03-05,station_v0_bogota_sp75,2.5,ChargeAsFastAsPossible,5,2022-03-05,185.88800144169448,15.0,72.0,109.0,25.0,1036.6872658893635,1609.1431406862948,185.94666914820905,0.05866770651456932,0.8479610322316287,0.8964464059551247
station_v0_bogota_sp75__ChargeAsFastAsPossible__seed6__2022-01-17,station_v0_bogota_sp75,2.5,ChargeAsFastAsPossible,6,2022-01-17,231.8955519692921,16.0,49.0,94.0,22.0,679.2837233547309,1421.104852952326,231.95781626209373,0.06226429280164325,0.7455169218176734,0.8597176282012979
station_v0_bogota_sp75__ChargeAsFastAsPossible__seed6__2022-03-05,station_v0_bogota_sp75,2.5,ChargeAsFastAsPossible,6,2022-03-05,233.78537335760348,17.0,67.0,102.0,25.0,946.486014483289,1508.9549114525662,233.85099572671012,0.06562236910664865,0.8019333704396767,0.8658569078779494
station_v0_bogota_sp75__ChargeAsFastAsPossible__seed7__2022-01-17,station_v0_bogota_sp75,2.5,ChargeAsFastAsPossible,7,2022-01-17,295.8327347857584,18.0,59.0,94.0,30.0,842.540532542744,1392.2054565324122,295.91355799180724,0.08082320604881943,0.7401452221522145,0.8247559963246216
station_v0_bogota_sp75__ChargeAsFastAsPossible__seed7__2022-03-05,station_v0_bogota_sp75,2.5,ChargeAsFastAsPossible,7,2022-03-05,229.5109558012725,16.0,88.0,104.0,36.0,1286.9584236586052,1521.3631480749275,229.560159375657,0.04920357438450651,0.8486593185412439,0.8689200407438463
station_v0_bogota_sp75__ChargeAsFastAsPossible__seed8__2022-01-17,station_v0_bogota_sp75,2.5,ChargeAsFastAsPossible,8,2022-01-17,355.2720630597997,17.0,87.0,108.0,18.0,1281.1051052994792,1610.6226413951715,355.40164733738663,0.12958427758695734,0.7829082816264841,0.8192941638127809
station_v0_bogota_sp75__ChargeAsFastAsPossible__seed8__2022-03-05,station_v0_bogota_sp75,2.5,ChargeAsFastAsPossible,8,2022-03-05,340.52415707903344,17.0,68.0,111.0,13.0,1002.7690474934282,1673.7709477642602,340.6411092653202,0.11695218628676685,0.7465225676865377,0.8309560569344661
station_v0_bogota_sp75__ChargeAsFastAsPossible__seed9__2022-01-17,station_v0_bogota_sp75,2.5,ChargeAsFastAsPossible,9,2022-01-17,293.385439788745,18.0,63.0,99.0,13.0,937.0098465470604,1511.4896936353648,293.46562059355944,0.08018080481446077,0.7615674203805831,0.8374555660874746
station_v0_bogota_sp75__ChargeAsFastAsPossible__seed9__2022-03-05,station_v0_bogota_sp75,2.5,ChargeAsFastAsPossible,9,2022-03-05,272.94530701724113,18.0,81.0,107.0,6.0,1244.304993548137,1659.282559921469,273.0030638522873,0.05775683504617746,0.8201121349840629,0.8587448441063393
station_v0_bogota_sp75__ChargeAsFastAsPossible__seed10__2022-01-17,station_v0_bogota_sp75,2.5,ChargeAsFastAsPossible,10,2022-01-17,224.82697811575065,15.0,79.0,115.0,33.0,1107.001059188024,1695.2381342637802,224.88540569941108,0.05842758366043199,0.8311965891666661,0.8829101495625326
station_v0_bogota_sp75__ChargeAsFastAsPossible__seed10__2022-03-05,station_v0_bogota_sp75,2.5,ChargeAsFastAsPossible,10,2022-03-05,213.33074167086957,15.0,74.0,115.0,27.0,1049.364159674937,1705.5532902336674,213.38340891962736,0.0526672487577855,0.8310582835583629,0.8888286717508718
station_v0_bogota_sp75__ChargeAsFastAsPossible__seed11__2022-01-17,station_v0_bogota_sp75,2.5,ChargeAsFastAsPossible,11,2022-01-17,237.8984344536656,15.0,63.0,103.0,27.0,869.7634714736167,1513.5861897886132,237.94218000041303,0.04374554674743081,0.7852331671892322,0.8641766593353433
station_v0_bogota_sp75__ChargeAsFastAsPossible__seed11__2022-03-05,station_v0_bogota_sp75,2.5,ChargeAsFastAsPossible,11,2022-03-05,222.8521871337504,15.0,55.0,95.0,18.0,821.5705710468849,1417.94658895056,222.9039267441836,0.05173961043320219,0.7866370240680317,0.8641849546913822
station_v0_bogota_sp75__ChargeAsFastAsPossible__seed12__2022-01-17,station_v0_bogota_sp75,2.5,ChargeAsFastAsPossible,12,2022-01-17,253.67091260457792,17.0,64.0,98.0,27.0,902.0346633539192,1438.1761580097289,253.72840198734667,0.057489382768750374,0.780516508779699,0.8500678356201035
station_v0_bogota_sp75__ChargeAsFastAsPossible__seed12__2022-03-05,station_v0_bogota_sp75,2.5,ChargeAsFastAsPossible,12,2022-03-05,244.1718214184524,17.0,80.0,106.0,21.0,1185.7118790523875,1568.4964637853172,244.227494173476,0.05567275502360758,0.8292432350697397,0.8653011561156833
station_v0_bogota_sp75__ChargeAsFastAsPossible__seed13__2022-01-17,station_v0_bogota_sp75,2.5,ChargeAsFastAsPossible,13,2022-01-17,286.59683605196096,17.0,72.0,120.0,30.0,1048.3290467477896,1767.2229196848727,286.67703816390235,0.08020211194138938,0.785321700559201,0.8604621247706056
station_v0_bogota_sp75__ChargeAsFastAsPossible__seed13__2022-03-05,station_v0_bogota_sp75,2.5,ChargeAsFastAsPossible,13,2022-03-05,266.3479604823001,17.0,92.0,122.0,21.0,1357.0258504412589,1839.8679868889544,266.4157021937053,0.06774171140517637,0.8359362183073373,0.8735460176315084
station_v0_bogota_sp75__ChargeAsFastAsPossible__seed14__2022-01-17,station_v0_bogota_sp75,2.5,ChargeAsFastAsPossible,14,2022-01-17,397.6159531113485,18.0,54.0,102.0,23.0,742.1807843489703,1538.1441236393937,397.7305681502236,0.11461503887505842,0.6511869521786962,0.7946065647752372
station_v0_bogota_sp75__ChargeAsFastAsPossible__seed14__2022-03-05,station_v0_bogota_sp75,2.5,ChargeAsFastAsPossible,14,2022-03-05,413.9284535829128,19.0,76.0,114.0,18.0,1089.9733795384411,1733.6441206906277,414.0468003298824,0.11834674696956426,0.7247853059929341,0.8072681457412745
station_v0_bogota_sp75__ChargeAsFastAsPossible__seed15__2022-01-17,station_v0_bogota_sp75,2.5,ChargeAsFastAsPossible,15,2022-01-17,215.63120357339292,16.0,89.0,124.0,33.0,1260.415638818834,1837.4643216856095,215.6927438740624,0.06154030066946348,0.8539191253829125,0.8949757876830462
station_v0_bogota_sp75__ChargeAsFastAsPossible__seed15__2022-03-05,station_v0_bogota_sp75,2.5,ChargeAsFastAsPossible,15,2022-03-05,203.84429638128427,16.0,101.0,122.0,32.0,1472.2079929446052,1793.4642085148078,203.89589713968635,0.05160075840208833,0.8783820635539287,0.8979431421483766
station_v0_bogota_sp75__ChargeAsFastAsPossible__seed16__2022-01-17,station_v0_bogota_sp75,2.5,ChargeAsFastAsPossible,16,2022-01-17,254.99288047570772,17.0,72.0,116.0,20.0,1040.2658981785396,1748.3252188920876,255.06209363089445,0.06921315518673055,0.8031441595579896,0.8727191298049201
station_v0_bogota_sp75__ChargeAsFastAsPossible__seed16__2022-03-05,station_v0_bogota_sp75,2.5,ChargeAsFastAsPossible,16,2022-03-05,211.33343880392155,16.0,89.0,114.0,26.0,1320.2751527102191,1700.7746702524494,211.390482860659,0.057044056737453275,0.8620237773205939,0.889479505230048
station_v0_bogota_sp75__ChargeAsFastAsPossible__seed17__2022-01-17,station_v0_bogota_sp75,2.5,ChargeAsFastAsPossible,17,2022-01-17,249.09800122187488,17.0,67.0,112.0,17.0,932.56526163472,1669.8975547822622,249.1572142961848,0.059213074309923286,0.7892076978347666,0.8701975549444612
station_v0_bogota_sp75__ChargeAsFastAsPossible__seed17__2022-03-05,station_v0_bogota_sp75,2.5,ChargeAsFastAsPossible,17,2022-03-05,246.80885784705103,17.0,83.0,110.0,16.0,1202.461318554663,1643.2064468673923,246.8718477672924,0.06298992024136396,0.8297086801143245,0.8694187121519459
station_v0_bogota_sp75__ChargeAsFastAsPossible__seed18__2022-01-17,station_v0_bogota_sp75,2.5,ChargeAsFastAsPossible,18,2022-01-17,295.9266877753618,18.0,84.0,117.0,10.0,1199.4279336167206,1754.4541462111406,296.0151259500043,0.0884381746424765,0.8021143728059423,0.8556785552492273
station_v0_bogota_sp75__ChargeAsFastAsPossible__seed18__2022-03-05,station_v0_bogota_sp75,2.5,ChargeAsFastAsPossible,18,2022-03-05,241.00125609150157,16.0,91.0,108.0,16.0,1313.206345463986,1604.2638937046372,241.05710547391237,0.0558493824107984,0.8449418237647724,0.8693987353968312
station_v0_bogota_sp75__ChargeAsFastAsPossible__seed19__2022-01-17,station_v0_bogota_sp75,2.5,ChargeAsFastAsPossible,19,2022-01-17,248.367253756172,17.0,71.0,104.0,24.0,1032.152319268875,1551.986018601438,248.4271663230685,0.05991256689648594,0.8060508882497325,0.8620498584237005
station_v0_bogota_sp75__ChargeAsFastAsPossible__seed19__2022-03-05,station_v0_bogota_sp75,2.5,ChargeAsFastAsPossible,19,2022-03-05,240.90283375909723,17.0,87.0,122.0,14.0,1265.2427460755655,1845.1538891788464,240.96359444809505,0.06076068899781717,0.8400598727559844,0.8845209650703557
station_v0_bogota_sp75__ChargeAsFastAsPossible__seed20__2022-01-17,station_v0_bogota_sp75,2.5,ChargeAsFastAsPossible,20,2022-01-17,317.80703424819296,18.0,77.0,106.0,26.0,1098.8362728110512,1592.8885148058766,317.89764291681763,0.0906086686246681,0.77567627151432,0.8336773411489642
station_v0_bogota_sp75__ChargeAsFastAsPossible__seed20__2022-03-05,station_v0_bogota_sp75,2.5,ChargeAsFastAsPossible,20,2022-03-05,287.19651878868115,17.0,86.0,111.0,17.0,1263.287306181174,1653.1573190587665,287.29084083857754,0.09432204989639104,0.8147810096893988,0.8519947480566166
station_v0_bogota_sp75__ChargeAsFastAsPossible__seed21__2022-01-17,station_v0_bogota_sp75,2.5,ChargeAsFastAsPossible,21,2022-01-17,228.18120194085972,17.0,63.0,99.0,25.0,919.037299185318,1507.8252132574398,228.2476788662297,0.06647692536998306,0.8011120111339874,0.8685647342481486
station_v0_bogota_sp75__ChargeAsFastAsPossible__seed21__2022-03-05,station_v0_bogota_sp75,2.5,ChargeAsFastAsPossible,21,2022-03-05,213.38030936711175,17.0,70.0,106.0,23.0,1035.3739948170803,1588.874157288414,213.4248987221423,0.044589355030552724,0.829131567563797,0.8816066020478114
station_v0_bogota_sp75__ChargeAsFastAsPossible__seed22__2022-01-17,station_v0_bogota_sp75,2.5,ChargeAsFastAsPossible,22,2022-01-17,247.4266418612605,17.0,71.0,107.0,25.0,1024.065779955493,1599.7039601054582,247.4758741385412,0.04923227728070856,0.8054120829902733,0.8660516765751043
station_v0_bogota_sp75__ChargeAsFastAsPossible__seed22__2022-03-05,station_v0_bogota_sp75,2.5,ChargeAsFastAsPossible,22,2022-03-05,223.09987852726067,17.0,61.0,98.0,28.0,886.3485432110584,1465.7444563859392,223.13574445271024,0.03586592544957057,0.7989156935272692,0.8679007081636249
station_v0_bogota_sp75__ChargeAsFastAsPossible__seed23__2022-01-17,station_v0_bogota_sp75,2.5,ChargeAsFastAsPossible,23,2022-01-17,250.6308076189264,16.0,80.0,109.0,36.0,1166.234739069012,1622.8426244611894,250.69173601544173,0.06092839651532245,0.8231165751885694,0.8662256679641758
station_v0_bogota_sp75__ChargeAsFastAsPossible__seed23__2022-03-05,station_v0_bogota_sp75,2.5,ChargeAsFastAsPossible,23,2022-03-05,247.53651899470896,16.0,72.0,114.0,37.0,1032.639691509301,1692.6099770297044,247.60046034780797,0.06394135309901117,0.8066483709047604,0.8724176954076734
station_v0_bogota_sp75__ChargeAsFastAsPossible__seed24__2022-01-17,station_v0_bogota_sp75,2.5,ChargeAsFastAsPossible,24,2022-01-17,249.59545089345863,17.0,65.0,103.0,17.0,935.9971475398576,1535.9257925241964,249.65488595600976,0.05943506255113107,0.7894867601605403,0.8602160888602909
station_v0_bogota_sp75__ChargeAsFastAsPossible__seed24__2022-03-05,station_v0_bogota_sp75,2.5,ChargeAsFastAsPossible,24,2022-03-05,247.3841565724843,17.0,60.0,100.0,9.0,896.9076050756653,1522.7312616960294,247.44162834797976,0.05747177549545768,0.7838211016820762,0.8602485904264787
station_v0_bogota_sp75__ChargeAsFastAsPossible__seed25__2022-01-17,station_v0_bogota_sp75,2.5,ChargeAsFastAsPossible,25,2022-01-17,271.27862175440777,16.0,54.0,94.0,27.0,760.1423728201114,1396.0874733095325,271.3612350491058,0.08261329469803513,0.7370066186052517,0.8373091655566172
station_v0_bogota_sp75__ChargeAsFastAsPossible__seed25__2022-03-05,station_v0_bogota_sp75,2.5,ChargeAsFastAsPossible,25,2022-03-05,288.3309966108433,17.0,69.0,101.0,22.0,1004.4274534587296,1514.9260532518674,288.4232351296621,0.09223851881881728,0.7769804362128936,0.8401136161094921
station_v0_bogota_sp75__ChargeAsFastAsPossible__seed26__2022-01-17,station_v0_bogota_sp75,2.5,ChargeAsFastAsPossible,26,2022-01-17,289.0547362088268,15.0,61.0,99.0,29.0,850.7407982517368,1463.3426774654151,289.1460227170272,0.09128650820042594,0.7464180382722858,0.8350604279623972
station_v0_bogota_sp75__ChargeAsFastAsPossible__seed26__2022-03-05,station_v0_bogota_sp75,2.5,ChargeAsFastAsPossible,26,2022-03-05,225.11869745365016,16.0,62.0,93.0,23.0,904.4531099354414,1392.061584214428,225.1551305873623,0.03643313371213708,0.8007108222320855,0.8607986824565802
station_v0_bogota_sp75__ChargeAsFastAsPossible__seed27__2022-01-17,station_v0_bogota_sp75,2.5,ChargeAsFastAsPossible,27,2022-01-17,302.06221488909466,16.0,85.0,116.0,31.0,1177.3088035254352,1717.7378259595573,302.15724365475194,0.09502876565727547,0.7958302487138416,0.8504564819068684
station_v0_bogota_sp75__ChargeAsFastAsPossible__seed27__2022-03-05,station_v0_bogota_sp75,2.5,ChargeAsFastAsPossible,27,2022-03-05,282.89313095286525,16.0,91.0,115.0,21.0,1305.9846658929878,1725.179295056104,282.966754832779,0.07362387991372543,0.8219623789230438,0.8591272128994211
station_v0_bogota_sp75__ChargeAsFastAsPossible__seed28__2022-01-17,station_v0_bogota_sp75,2.5,ChargeAsFastAsPossible,28,2022-01-17,245.7717717412576,17.0,88.0,122.0,20.0,1262.3782496670742,1834.527196925428,245.81669344767363,0.04492170641603366,0.8370424374758305,0.881860026662621
station_v0_bogota_sp75__ChargeAsFastAsPossible__seed28__2022-03-05,station_v0_bogota_sp75,2.5,ChargeAsFastAsPossible,28,2022-03-05,241.6277789151404,17.0,83.0,106.0,25.0,1218.2911151171968,1584.782671296703,241.6940807020879,0.06630178694749134,0.8344998431442665,0.8677082647503085
station_v0_bogota_sp75__ChargeAsFastAsPossible__seed29__2022-01-17,station_v0_bogota_sp75,2.5,ChargeAsFastAsPossible,29,2022-01-17,279.04175316916604,18.0,77.0,119.0,21.0,1109.8004802723606,1802.1953670196856,279.09884331206723,0.0570901429011883,0.7990914471402982,0.8659287323320389
station_v0_bogota_sp75__ChargeAsFastAsPossible__seed29__2022-03-05,station_v0_bogota_sp75,2.5,ChargeAsFastAsPossible,29,2022-03-05,269.96507568068773,18.0,83.0,105.0,21.0,1208.519897905344,1590.42131411083,270.025293800536,0.06021811984828673,0.8174116846782248,0.8548923282545773
station_v0_bogota_sp75__ChargeAsFastAsPossible__seed30__2022-01-17,station_v0_bogota_sp75,2.5,ChargeAsFastAsPossible,30,2022-01-17,246.11926697187465,16.0,87.0,113.0,22.0,1280.5405874693822,1665.7090728425726,246.18083925594215,0.06157228406749482,0.8387922887151865,0.8712691220271511
station_v0_bogota_sp75__ChargeAsFastAsPossible__seed30__2022-03-05,station_v0_bogota_sp75,2.5,ChargeAsFastAsPossible,30,2022-03-05,221.5888229791274,16.0,72.0,109.0,25.0,1041.23337072732,1609.3884629241925,221.6471742470974,0.05835126797001067,0.8245369889805245,0.8789816984002272
station_v0_bogota_sp75__ChargeAsFastAsPossible__seed31__2022-01-17,station_v0_bogota_sp75,2.5,ChargeAsFastAsPossible,31,2022-01-17,245.46673112141548,16.0,69.0,96.0,34.0,960.7769430250004,1376.8659737109674,245.5319592960888,0.0652281746733081,0.7965142007581086,0.8487012796752942
station_v0_bogota_sp75__ChargeAsFastAsPossible__seed31__2022-03-05,station_v0_bogota_sp75,2.5,ChargeAsFastAsPossible,31,2022-03-05,237.05736750750447,16.0,86.0,114.0,23.0,1264.2500637295325,1684.1693991128564,237.12515353112997,0.06778602362550146,0.8421065135602623,0.8766158124056104
station_v0_bogota_sp75__ChargeAsFastAsPossible__seed32__2022-01-17,station_v0_bogota_sp75,2.5,ChargeAsFastAsPossible,32,2022-01-17,279.53478297982235,17.0,72.0,110.0,15.0,1030.8169946705314,1650.987525440799,279.6171341450274,0.08235116520506836,0.7866853611081687,0.8552086872929276
station_v0_bogota_sp75__ChargeAsFastAsPossible__seed32__2022-03-05,station_v0_bogota_sp75,2.5,ChargeAsFastAsPossible,32,2022-03-05,239.5106211586011,16.0,77.0,102.0,16.0,1120.1733073148423,1523.435939055248,239.57024960026388,0.05962844166276682,0.8238560352497741,0.8641464660193537
station_v0_bogota_sp75__ChargeAsFastAsPossible__seed33__2022-01-17,station_v0_bogota_sp75,2.5,ChargeAsFastAsPossible,33,2022-01-17,254.99237819230052,17.0,60.0,89.0,32.0,914.119035859988,1343.012872444196,255.04001641749608,0.047638225195555606,0.7819010358808037,0.8404355825958089
station_v0_bogota_sp75__ChargeAsFastAsPossible__seed33__2022-03-05,station_v0_bogota_sp75,2.5,ChargeAsFastAsPossible,33,2022-03-05,237.36361451192352,17.0,85.0,107.0,26.0,1265.7394765130166,1613.270557483364,237.426636105454,0.06302159353049319,0.8420908956639243,0.8717436783639171
station_v0_bogota_sp75__ChargeAsFastAsPossible__seed34__2022-01-17,station_v0_bogota_sp75,2.5,ChargeAsFastAsPossible,34,2022-01-17,242.4596598650175,17.0,60.0,105.0,32.0,855.8718704626649,1554.9334668960091,242.5304920972615,0.07083223224398694,0.7792615273514677,0.8651101410674097
station_v0_bogota_sp75__ChargeAsFastAsPossible__seed34__2022-03-05,station_v0_bogota_sp75,2.5,ChargeAsFastAsPossible,34,2022-03-05,209.4210495601857,16.0,66.0,97.0,33.0,960.139995075504,1432.7662558758338,209.46453313359223,0.04348357340651887,0.8209471282734754,0.8724776986512924
station_v0_bogota_sp75__ChargeAsFastAsPossible__seed35__2022-01-17,station_v0_bogota_sp75,2.5,ChargeAsFastAsPossible,35,2022-01-17,327.01110034991444,19.0,91.0,105.0,20.0,1331.3806064091218,1572.869357419323,327.094479103284,0.08337875336957268,0.8028242310020108,0.8278856186292347
station_v0_bogota_sp75__ChargeAsFastAsPossible__seed35__2022-03-05,station_v0_bogota_sp75,2.5,ChargeAsFastAsPossible,35,2022-03-05,293.652026191089,18.0,74.0,111.0,17.0,1088.1702144224078,1689.2803898119555,293.72945839220563,0.07743220111660776,0.787501197107177,0.8519160021030535
station_v0_bogota_sp75__ChargeAsFastAsPossible__seed36__2022-01-17,station_v0_bogota_sp75,2.5,ChargeAsFastAsPossible,36,2022-01-17,383.73849346949817,20.0,89.0,138.0,6.0,1290.2952152726114,2105.406120182951,383.8606217564282,0.1221282869300353,0.7707868736099971,0.8458427588316514
station_v0_bogota_sp75__ChargeAsFastAsPossible__seed36__2022-03-05,station_v0_bogota_sp75,2.5,ChargeAsFastAsPossible,36,2022-03-05,347.49506832279064,19.0,91.0,117.0,16.0,1334.1497572913454,1760.5982621080964,347.60842551036404,0.11335718757339919,0.7933739393234975,0.8351703035742956
station_v0_bogota_sp75__ChargeAsFastAsPossible__seed37__2022-01-17,station_v0_bogota_sp75,2.5,ChargeAsFastAsPossible,37,2022-01-17,277.42939168739093,18.0,52.0,96.0,19.0,759.1398820907389,1458.6151249003926,277.50312660142805,0.07373491403711796,0.7323771159780481,0.8402013276184372
station_v0_bogota_sp75__ChargeAsFastAsPossible__seed37__2022-03-05,station_v0_bogota_sp75,2.5,ChargeAsFastAsPossible,37,2022-03-05,275.1701230978366,18.0,70.0,100.0,14.0,1021.086257940736,1517.6426087951015,275.2682705810648,0.09814748322821742,0.7877354403878961,0.846523256530419
station_v0_bogota_sp75__ChargeAsFastAsPossible__seed38__2022-01-17,station_v0_bogota_sp75,2.5,ChargeAsFastAsPossible,38,2022-01-17,267.1233603633329,14.0,40.0,92.0,34.0,575.668459850845,1353.1501579693536,267.2036355719845,0.08027520865158522,0.6830796015030849,0.8351450396647476
station_v0_bogota_sp75__ChargeAsFastAsPossible__seed38__2022-03-05,station_v0_bogota_sp75,2.5,ChargeAsFastAsPossible,38,2022-03-05,267.98180182294266,15.0,60.0,96.0,28.0,881.3042855927939,1430.2690163182072,268.0581810653576,0.0763792424149301,0.7668430894545237,0.8422083787883782
station_v0_bogota_sp75__ChargeAsFastAsPossible__seed39__2022-01-17,station_v0_bogota_sp75,2.5,ChargeAsFastAsPossible,39,2022-01-17,262.4460377070823,16.0,75.0,98.0,17.0,1085.324904597696,1463.544878128696,262.4867704209819,0.04073271389955835,0.8052798899345895,0.8479483050455036
station_v0_bogota_sp75__ChargeAsFastAsPossible__seed39__2022-03-05,station_v0_bogota_sp75,2.5,ChargeAsFastAsPossible,39,2022-03-05,257.11515531310124,16.0,65.0,93.0,16.0,968.3385338950272,1420.1449437200083,257.15602969328165,0.04087438018041212,0.7901947809868244,0.8467089929663163
station_v0_bogota_sp75__ChargeAsFastAsPossible__seed40__2022-01-17,station_v0_bogota_sp75,2.5,ChargeAsFastAsPossible,40,2022-01-17,268.97552882481875,17.0,75.0,113.0,26.0,1088.7623174148089,1704.435648928795,269.06011675174364,0.0845879269248826,0.8019066985073648,0.8637060522234941
station_v0_bogota_sp75__ChargeAsFastAsPossible__seed40__2022-03-05,station_v0_bogota_sp75,2.5,ChargeAsFastAsPossible,40,2022-03-05,260.9124615760508,17.0,67.0,101.0,19.0,988.800794935318,1526.5679443608212,260.98131863865103,0.06885706260021607,0.7912336408544636,0.8540390091749165
station_v0_bogota_sp75__ChargeAsFastAsPossible__seed41__2022-01-17,station_v0_bogota_sp75,2.5,ChargeAsFastAsPossible,41,2022-01-17,256.38271037623974,18.0,67.0,112.0,26.0,908.212834394802,1679.455355870912,256.42683347687165,0.044123100631907164,0.7798609153981785,0.8675628549159712
station_v0_bogota_sp75__ChargeAsFastAsPossible__seed41__2022-03-05,station_v0_bogota_sp75,2.5,ChargeAsFastAsPossible,41,2022-03-05,212.2509505624653,16.0,85.0,118.0,25.0,1211.5661047663268,1752.814119486516,212.29818733130455,0.047236768839240995,0.8509331600346701,0.8919904222134911
station_v0_bogota_sp75__ChargeAsFastAsPossible__seed42__2022-01-17,station_v0_bogota_sp75,2.5,ChargeAsFastAsPossible,42,2022-01-17,292.8139135309714,18.0,83.0,117.0,21.0,1205.4909784565912,1755.303489523221,292.89205679568346,0.07814326471208233,0.8045800662167322,0.8570381065141813
station_v0_bogota_sp75__ChargeAsFastAsPossible__seed42__2022-03-05,station_v0_bogota_sp75,2.5,ChargeAsFastAsPossible,42,2022-03-05,262.11315046108655,17.0,97.0,112.0,21.0,1432.390417756819,1679.7986173752436,262.1759898081872,0.06283934710063477,0.8453214053512792,0.8650275088605581
station_v0_bogota_sp75__ChargeAsFastAsPossible__seed43__2022-01-17,station_v0_bogota_sp75,2.5,ChargeAsFastAsPossible,43,2022-01-17,257.1874466222458,17.0,73.0,113.0,22.0,1056.411500119944,1722.3718487226758,257.2470294127351,0.059582790489344006,0.8042204721848549,0.8700823428878953
station_v0_bogota_sp75__ChargeAsFastAsPossible__seed43__2022-03-05,station_v0_bogota_sp75,2.5,ChargeAsFastAsPossible,43,2022-03-05,241.3745422157617,17.0,95.0,112.0,22.0,1411.5994343313278,1681.884056762436,241.4300559153297,0.0555136995679959,0.8539804984484911,0.8745007169527269
station_v0_bogota_sp75__ChargeAsFastAsPossible__seed44__2022-01-17,station_v0_bogota_sp75,2.5,ChargeAsFastAsPossible,44,2022-01-17,268.4329247980238,17.0,35.0,87.0,29.0,468.5763602428709,1262.5969222145618,268.52485451220514,0.09192971418133311,0.635826234681734,0.8246821847365532
station_v0_bogota_sp75__ChargeAsFastAsPossible__seed44__2022-03-05,station_v0_bogota_sp75,2.5,ChargeAsFastAsPossible,44,2022-03-05,264.3246716553295,17.0,53.0,86.0,23.0,737.2581045874724,1250.5598090336612,264.4122100646196,0.08753840929011858,0.7361160974934784,0.825525047114298
station_v0_bogota_sp75__ChargeAsFastAsPossible__seed45__2022-01-17,station_v0_bogota_sp75,2.5,ChargeAsFastAsPossible,45,2022-01-17,296.3430691447284,18.0,81.0,120.0,31.0,1147.944147486426,1779.7145927425402,296.4115479357338,0.06847879100536147,0.7948268074934876,0.8572615298567974
station_v0_bogota_sp75__ChargeAsFastAsPossible__seed45__2022-03-05,station_v0_bogota_sp75,2.5,ChargeAsFastAsPossible,45,2022-03-05,258.4582461207437,17.0,102.0,117.0,26.0,1475.972397679796,1703.8346076740356,258.51497538934206,0.05672926859836025,0.8509886839571467,0.8682914357607625
station_v0_bogota_sp75__ChargeAsFastAsPossible__seed46__2022-01-17,station_v0_bogota_sp75,2.5,ChargeAsFastAsPossible,46,2022-01-17,321.61582068217706,17.0,102.0,128.0,28.0,1456.7044888765947,1901.5552327442608,321.735179333006,0.1193586508289286,0.8191584306000351,0.8553424154869248
station_v0_bogota_sp75__ChargeAsFastAsPossible__seed46__2022-03-05,station_v0_bogota_sp75,2.5,ChargeAsFastAsPossible,46,2022-03-05,308.7195662048081,17.0,108.0,131.0,25.0,1593.9301158897997,1954.628084153087,308.82999775629696,0.11043155148888673,0.8377517144748031,0.8636071201529026
station_v0_bogota_sp75__ChargeAsFastAsPossible__seed47__2022-01-17,station_v0_bogota_sp75,2.5,ChargeAsFastAsPossible,47,2022-01-17,246.63788194238327,18.0,69.0,102.0,12.0,1030.744909819553,1551.281277626932,246.71149188092463,0.07360993854135245,0.8069304896714495,0.8628259878876529
station_v0_bogota_sp75__ChargeAsFastAsPossible__seed47__2022-03-05,station_v0_bogota_sp75,2.5,ChargeAsFastAsPossible,47,2022-03-05,233.45669633811616,17.0,74.0,98.0,20.0,1092.920538895818,1461.7996629547615,233.49925956447368,0.042563226357515305,0.8239948645149049,0.8622917213967218
station_v0_bogota_sp75__ChargeAsFastAsPossible__seed48__2022-01-17,station_v0_bogota_sp75,2.5,ChargeAsFastAsPossible,48,2022-01-17,386.80285217649407,20.0,67.0,114.0,20.0,957.5383606821102,1749.0359517195436,386.9355241009708,0.1326719244767105,0.7123016991595182,0.8189101041118036
station_v0_bogota_sp75__ChargeAsFastAsPossible__seed48__2022-03-05,station_v0_bogota_sp75,2.5,ChargeAsFastAsPossible,48,2022-03-05,341.1448883113035,18.0,85.0,115.0,23.0,1236.8729661206437,1744.0217961800029,341.26615681317287,0.12126850186939464,0.7838309162014163,0.8364039422845023
station_v0_bogota_sp75__ChargeAsFastAsPossible__seed49__2022-01-17,station_v0_bogota_sp75,2.5,ChargeAsFastAsPossible,49,2022-01-17,256.0639470629405,17.0,88.0,129.0,15.0,1316.1389198206286,1992.1094222171528,256.13730700609983,0.07335994315934613,0.8371380660129005,0.8861050507782088
station_v0_bogota_sp75__ChargeAsFastAsPossible__seed49__2022-03-05,station_v0_bogota_sp75,2.5,ChargeAsFastAsPossible,49,2022-03-05,253.29259058296063,17.0,80.0,122.0,21.0,1190.0898726374062,1896.8159298879043,253.35631765276327,0.06372706980263843,0.8245223186795467,0.8821989304007283
station_v0_bogota_sp15__RoundRobin__seed0__2022-01-17,station_v0_bogota_sp15,0.5,RoundRobin,0,2022-01-17,94.81549877504698,8.0,0.0,12.0,8.0,0.0,175.31770511653178,94.99161881777404,0.17612004272706372,0.0018540587571722654,0.6492333398085435
station_v0_bogota_sp15__RoundRobin__seed0__2022-03-05,station_v0_bogota_sp15,0.5,RoundRobin,0,2022-03-05,121.72366622150795,11.0,3.0,12.0,8.0,39.3616340808033,176.3044557315281,121.78764357122932,0.06397734972136959,0.24465273443952903,0.5916575229393141
station_v0_bogota_sp15__RoundRobin__seed1__2022-01-17,station_v0_bogota_sp15,0.5,RoundRobin,1,2022-01-17,139.2132345540815,11.0,0.0,21.0,7.0,0.0,323.3505991549302,139.40994262009625,0.196708066014736,0.0014110045690986469,0.6991678806060332
station_v0_bogota_sp15__RoundRobin__seed1__2022-03-05,station_v0_bogota_sp15,0.5,RoundRobin,1,2022-03-05,133.84644534732865,11.0,0.0,18.0,8.0,0.0,275.7115549924405,134.0040289165574,0.15758356922873418,0.0011759614281960096,0.6733186371132581
station_v0_bogota_sp15__RoundRobin__seed2__2022-01-17,station_v0_bogota_sp15,0.5,RoundRobin,2,2022-01-17,159.17156002754163,11.0,0.0,17.0,5.0,0.0,269.61000289201047,159.34588071519548,0.17432068765384656,0.0010939767433675684,0.6289325636729236
station_v0_bogota_sp15__RoundRobin__seed2__2022-03-05,station_v0_bogota_sp15,0.5,RoundRobin,2,2022-03-05,140.5718781003884,10.0,0.0,16.0,5.0,0.0,251.58325807776663,140.7755618128612,0.20368371247280948,0.0014468684042161712,0.641726218517087
station_v0_bogota_sp15__RoundRobin__seed3__2022-01-17,station_v0_bogota_sp15,0.5,RoundRobin,3,2022-01-17,168.9725433530891,11.0,0.0,13.0,4.0,0.0,198.7794491945752,169.1205810588262,0.14803770573709585,0.0008753382043170904,0.540710710905067
station_v0_bogota_sp15__RoundRobin__seed3__2022-03-05,station_v0_bogota_sp15,0.5,RoundRobin,3,2022-03-05,153.4070653173329,9.0,0.0,17.0,5.0,0.0,253.06885444030615,153.6133250966014,0.2062597792684926,0.001342720621005918,0.6227839009517977
station_v0_bogota_sp15__RoundRobin__seed4__2022-01-17,station_v0_bogota_sp15,0.5,RoundRobin,4,2022-01-17,142.75669470055925,11.0,0.0,21.0,6.0,0.0,333.53064821955786,142.8842801135737,0.12758541301445803,0.0008929282697371947,0.7003521799788417
station_v0_bogota_sp15__RoundRobin__seed4__2022-03-05,station_v0_bogota_sp15,0.5,RoundRobin,4,2022-03-05,96.21252970080003,8.0,1.0,16.0,11.0,13.4206320002747,235.82742043775588,96.33400478086074,0.12147508006070495,0.1233852844626517,0.7103440604595298
station_v0_bogota_sp15__RoundRobin__seed5__2022-01-17,station_v0_bogota_sp15,0.5,RoundRobin,5,2022-01-17,119.2779809050928,10.0,0.0,15.0,8.0,0.0,221.33840581609695,119.39041969718062,0.11243879208781493,0.00094177399135544,0.6499328146792066
station_v0_bogota_sp15__RoundRobin__seed5__2022-03-05,station_v0_bogota_sp15,0.5,RoundRobin,5,2022-03-05,118.01699126287131,10.0,1.0,17.0,6.0,13.8197522131234,255.89747541228147,118.12570443674058,0.10871317386926194,0.10556229627484508,0.6844661036502871
station_v0_bogota_sp15__RoundRobin__seed6__2022-01-17,station_v0_bogota_sp15,0.5,RoundRobin,6,2022-01-17,78.05180527728534,7.0,0.0,11.0,6.0,0.0,144.5916826525594,78.14878978381286,0.09698450652751944,0.0012410237803530014,0.6495840902933279
station_v0_bogota_sp15__RoundRobin__seed6__2022-03-05,station_v0_bogota_sp15,0.5,RoundRobin,6,2022-03-05,77.3390387690579,7.0,0.0,9.0,6.0,0.0,127.7257679346054,77.4183851340342,0.07934636497630265,0.0010249033848862973,0.6230014962055445
station_v0_bogota_sp15__RoundRobin__seed7__2022-01-17,station_v0_bogota_sp15,0.5,RoundRobin,7,2022-01-17,202.6042106434273,12.0,1.0,17.0,8.0,12.8498847984186,267.3215890800033,202.74272004899652,0.13850940556920932,0.06024508221504304,0.5689861861266591
station_v0_bogota_sp15__RoundRobin__seed7__2022-03-05,station_v0_bogota_sp15,0.5,RoundRobin,7,2022-03-05,181.5416280261863,11.0,0.0,17.0,6.0,0.0,273.29843746621174,181.70409175165332,0.1624637254670347,0.00089411154091722,0.6010096288074473
station_v0_bogota_sp15__RoundRobin__seed8__2022-01-17,station_v0_bogota_sp15,0.5,RoundRobin,8,2022-01-17,209.87757927974053,10.0,0.0,14.0,12.0,0.0,208.4412522769386,210.02020910974812,0.14262983000759277,0.0006791243119516186,0.49845422184338395
station_v0_bogota_sp15__RoundRobin__seed8__2022-03-05,station_v0_bogota_sp15,0.5,RoundRobin,8,2022-03-05,197.87540104341704,10.0,2.0,14.0,13.0,29.1648515090588,209.9402956901548,198.0075684343448,0.13216739092774787,0.12896380162383017,0.5149492902283502
station_v0_bogota_sp15__RoundRobin__seed9__2022-01-17,station_v0_bogota_sp15,0.5,RoundRobin,9,2022-01-17,160.07358591004854,10.0,0.0,13.0,7.0,0.0,208.4328891559386,169.39910426151863,9.325518351470095,0.05505057651942093,0.576336602778931
station_v0_bogota_sp15__RoundRobin__seed9__2022-03-05,station_v0_bogota_sp15,0.5,RoundRobin,9,2022-03-05,158.50184286174155,9.0,0.0,13.0,7.0,0.0,207.7630748946885,158.5807035401167,0.07886067837515043,0.0004972905064404685,0.5673412455946795
station_v0_bogota_sp15__RoundRobin__seed10__2022-01-17,station_v0_bogota_sp15,0.5,RoundRobin,10,2022-01-17,141.42430919102213,10.0,1.0,22.0,9.0,12.7073268167037,322.62458135103805,141.64564552291336,0.22133633189122293,0.08376037696344758,0.6953836343474625
station_v0_bogota_sp15__RoundRobin__seed10__2022-03-05,station_v0_bogota_sp15,0.5,RoundRobin,10,2022-03-05,164.61568913169228,11.0,2.0,21.0,7.0,27.2403842133981,314.4277736453079,164.89126296444016,0.27557383274788094,0.1432140849793321,0.6565634231929764
station_v0_bogota_sp15__RoundRobin__seed11__2022-01-17,station_v0_bogota_sp15,0.5,RoundRobin,11,2022-01-17,128.27742522876105,9.0,1.0,8.0,6.0,12.8292169687832,114.7465571594753,128.40350755057415,0.12608232181310086,0.09173015202167725,0.4724351589964462
station_v0_bogota_sp15__RoundRobin__seed11__2022-03-05,station_v0_bogota_sp15,0.5,RoundRobin,11,2022-03-05,127.98549945896144,9.0,0.0,10.0,5.0,0.0,157.39578857592818,128.0933309532043,0.10783149424284488,0.0008418197375337084,0.5516974528834845
station_v0_bogota_sp15__RoundRobin__seed12__2022-01-17,station_v0_bogota_sp15,0.5,RoundRobin,12,2022-01-17,89.20178676396671,9.0,0.0,9.0,5.0,0.0,133.7690389814135,89.3409073193611,0.13912055539438484,0.0015571876262357588,0.6001891074649189
station_v0_bogota_sp15__RoundRobin__seed12__2022-03-05,station_v0_bogota_sp15,0.5,RoundRobin,12,2022-03-05,154.54911824407685,12.0,2.0,13.0,2.0,30.2093486123154,191.8098183595256,154.6861029947965,0.13698475071964822,0.1641269868959167,0.5539655484543583
station_v0_bogota_sp15__RoundRobin__seed13__2022-01-17,station_v0_bogota_sp15,0.5,RoundRobin,13,2022-01-17,194.54849054069948,11.0,0.0,16.0,8.0,0.0,236.7498842164977,197.34085243059508,2.792361889895602,0.01414994338730587,0.551825288778591
station_v0_bogota_sp15__RoundRobin__seed13__2022-03-05,station_v0_bogota_sp15,0.5,RoundRobin,13,2022-03-05,176.32261141381952,10.0,1.0,19.0,8.0,16.389596399192,282.4306844677333,176.44747500229633,0.12486358847681345,0.08563944612748028,0.6157528795498589
station_v0_bogota_sp15__RoundRobin__seed14__2022-01-17,station_v0_bogota_sp15,0.5,RoundRobin,14,2022-01-17,146.8064447630428,8.0,0.0,8.0,6.0,0.0,117.4947144784452,146.9462632379064,0.13981847486360266,0.0009514939120107884,0.44484230080062553
station_v0_bogota_sp15__RoundRobin__seed14__2022-03-05,station_v0_bogota_sp15,0.5,RoundRobin,14,2022-03-05,128.45374220003046,7.0,0.0,8.0,5.0,0.0,127.2212572729042,128.60486777628637,0.1511255762559074,0.0011751155214342023,0.49788653455415777
station_v0_bogota_sp15__RoundRobin__seed15__2022-01-17,station_v0_bogota_sp15,0.5,RoundRobin,15,2022-01-17,136.09755058920462,11.0,1.0,22.0,10.0,12.962767348338,313.9088662060704,136.21880244373028,0.12125185452566711,0.08770533264330425,0.6976467787518111
station_v0_bogota_sp15__RoundRobin__seed15__2022-03-05,station_v0_bogota_sp15,0.5,RoundRobin,15,2022-03-05,129.26383676606193,11.0,4.0,24.0,10.0,59.2299784214088,351.044818077477,129.34717521875746,0.08333845269552853,0.31453076753551557,0.7309200849100098
station_v0_bogota_sp15__RoundRobin__seed16__2022-01-17,station_v0_bogota_sp15,0.5,RoundRobin,16,2022-01-17,163.27004672561134,11.0,0.0,15.0,8.0,0.0,229.7248458795565,163.49068069930655,0.22063397369521454,0.0013495201851964052,0.5847822995543235
station_v0_bogota_sp15__RoundRobin__seed16__2022-03-05,station_v0_bogota_sp15,0.5,RoundRobin,16,2022-03-05,146.47802194810257,10.0,0.0,12.0,6.0,0.0,182.73272144962323,146.62495901136407,0.1469370632615039,0.0010021285888312892,0.5552615571524435
station_v0_bogota_sp15__RoundRobin__seed17__2022-01-17,station_v0_bogota_sp15,0.5,RoundRobin,17,2022-01-17,178.056226545507,10.0,1.0,9.0,7.0,12.8498847984186,128.75542191347247,178.23385167508576,0.17762512957875742,0.06817696873853914,0.41999202622256276
station_v0_bogota_sp15__RoundRobin__seed17__2022-03-05,station_v0_bogota_sp15,0.5,RoundRobin,17,2022-03-05,199.21503565376588,12.0,2.0,13.0,3.0,25.8647986876495,192.5440872495196,199.46882178472868,0.25378613096279423,0.11591073166915174,0.4918151135773914
station_v0_bogota_sp15__RoundRobin__seed18__2022-01-17,station_v0_bogota_sp15,0.5,RoundRobin,18,2022-01-17,110.86347290356662,10.0,2.0,18.0,7.0,26.7902532533877,261.0328470178435,111.0138524863366,0.1503795827699861,0.19549949322294827,0.7020173191932293
station_v0_bogota_sp15__RoundRobin__seed18__2022-03-05,station_v0_bogota_sp15,0.5,RoundRobin,18,2022-03-05,103.3381944498291,10.0,0.0,23.0,5.0,0.0,338.2791629985609,103.4438743919435,0.10567994211439213,0.0010216162410349818,0.7660565881727532
station_v0_bogota_sp15__RoundRobin__seed19__2022-01-17,station_v0_bogota_sp15,0.5,RoundRobin,19,2022-01-17,108.07178221336562,10.0,0.0,13.0,5.0,0.0,197.4706974989641,108.20894615263455,0.13716393926893033,0.0012675840967479085,0.6464541082214115
station_v0_bogota_sp15__RoundRobin__seed19__2022-03-05,station_v0_bogota_sp15,0.5,RoundRobin,19,2022-03-05,107.60955549769533,10.0,0.0,15.0,5.0,0.0,222.06254980172457,107.72427175191864,0.11471625422331044,0.0010649062867418946,0.6736996493955064
station_v0_bogota_sp15__RoundRobin__seed20__2022-01-17,station_v0_bogota_sp15,0.5,RoundRobin,20,2022-01-17,144.2572630612072,9.0,5.0,10.0,11.0,64.74790028688071,131.0144638603035,144.39120926737002,0.13394620616281827,0.3102329670970181,0.4762008297689208
station_v0_bogota_sp15__RoundRobin__seed20__2022-03-05,station_v0_bogota_sp15,0.5,RoundRobin,20,2022-03-05,157.667719747314,10.0,4.0,12.0,10.0,52.7312553339163,164.67964585273216,157.75973013336466,0.09201038605064582,0.25095262679635216,0.5110159258151137
station_v0_bogota_sp15__RoundRobin__seed21__2022-01-17,station_v0_bogota_sp15,0.5,RoundRobin,21,2022-01-17,146.92854707548423,11.0,0.0,17.0,6.0,0.0,256.48489278647145,147.06991528062187,0.14136820513763837,0.0009612312951149516,0.6359142695406654
station_v0_bogota_sp15__RoundRobin__seed21__2022-03-05,station_v0_bogota_sp15,0.5,RoundRobin,21,2022-03-05,137.90168493397118,11.0,0.0,15.0,3.0,0.0,235.78907951137373,138.02301304180307,0.12132810783188575,0.0008790425970134348,0.6310935689851876
station_v0_bogota_sp15__RoundRobin__seed22__2022-01-17,station_v0_bogota_sp15,0.5,RoundRobin,22,2022-01-17,175.97830806711332,12.0,1.0,20.0,11.0,12.8498847984186,293.10056136794714,176.16823820053492,0.1899301334215977,0.06898711470070196,0.6249946550272789
station_v0_bogota_sp15__RoundRobin__seed22__2022-03-05,station_v0_bogota_sp15,0.5,RoundRobin,22,2022-03-05,182.57557455203465,13.0,2.0,23.0,6.0,29.2394811976106,361.7399679298106,182.7187814318546,0.1432068798199566,0.13862487695889394,0.664665918646564
station_v0_bogota_sp15__RoundRobin__seed23__2022-01-17,station_v0_bogota_sp15,0.5,RoundRobin,23,2022-01-17,206.9529092646436,13.0,1.0,17.0,2.0,16.1815682683545,259.4297162343517,216.7427910924278,9.7898818277842,0.11150164872155294,0.5653824904203898
station_v0_bogota_sp15__RoundRobin__seed23__2022-03-05,station_v0_bogota_sp15,0.5,RoundRobin,23,2022-03-05,200.24871307498083,12.0,0.0,14.0,1.0,0.0,210.60887028879688,200.40239945130523,0.1536863763244014,0.0007668889032526025,0.5127902132668877
station_v0_bogota_sp15__RoundRobin__seed24__2022-01-17,station_v0_bogota_sp15,0.5,RoundRobin,24,2022-01-17,159.2730811997479,11.0,0.0,15.0,12.0,0.0,225.6778924070616,159.45552469357816,0.18244349383024883,0.0011441653977235728,0.5864469969944778
station_v0_bogota_sp15__RoundRobin__seed24__2022-03-05,station_v0_bogota_sp15,0.5,RoundRobin,24,2022-03-05,134.39231416689188,9.0,0.0,17.0,9.0,0.0,264.0340816104134,134.5108153195855,0.11850115269362504,0.0008809786217716177,0.6627925355408659
station_v0_bogota_sp15__RoundRobin__seed25__2022-01-17,station_v0_bogota_sp15,0.5,RoundRobin,25,2022-01-17,159.16157191965902,10.0,0.0,14.0,5.0,0.0,216.29986841872136,159.36478870778438,0.20321678812535993,0.0012751674304791617,0.5763200798895993
station_v0_bogota_sp15__RoundRobin__seed25__2022-03-05,station_v0_bogota_sp15,0.5,RoundRobin,25,2022-03-05,138.08050951627234,9.0,0.0,12.0,6.0,0.0,184.0671161320014,138.26841679093678,0.18790727466443968,0.0013590035890015096,0.5716249205783847
station_v0_bogota_sp15__RoundRobin__seed26__2022-01-17,station_v0_bogota_sp15,0.5,RoundRobin,26,2022-01-17,69.53027747792305,6.0,0.0,6.0,6.0,0.0,92.0822709015589,69.70199000175026,0.17171252382721036,0.002463523980059946,0.5702284196886246
station_v0_bogota_sp15__RoundRobin__seed26__2022-03-05,station_v0_bogota_sp15,0.5,RoundRobin,26,2022-03-05,98.02720911008116,9.0,0.0,7.0,3.0,0.0,107.924017222863,98.13000861576288,0.10279950568171614,0.0010475848023639447,0.5242645286297267
station_v0_bogota_sp15__RoundRobin__seed27__2022-01-17,station_v0_bogota_sp15,0.5,RoundRobin,27,2022-01-17,199.4383726640471,11.0,2.0,9.0,12.0,26.391133040539003,127.3285469210877,199.55519345345076,0.11682078940364704,0.1173196937576579,0.38987980119312865
station_v0_bogota_sp15__RoundRobin__seed27__2022-03-05,station_v0_bogota_sp15,0.5,RoundRobin,27,2022-03-05,147.47882579963033,9.0,1.0,15.0,9.0,13.8197522131234,230.25720859505375,147.63212598581967,0.15330018618934105,0.0865462362853095,0.6097301185724048
station_v0_bogota_sp15__RoundRobin__seed28__2022-01-17,station_v0_bogota_sp15,0.5,RoundRobin,28,2022-01-17,168.1106227234825,12.0,0.0,9.0,8.0,0.0,128.7203015523886,169.64380918049676,1.533186457014267,0.009037679974416249,0.43655883306291526
station_v0_bogota_sp15__RoundRobin__seed28__2022-03-05,station_v0_bogota_sp15,0.5,RoundRobin,28,2022-03-05,146.30820934528987,10.0,0.0,10.0,8.0,0.0,148.3008675636571,146.4207199637466,0.11251061845672439,0.000768406400983288,0.5035714534087671
station_v0_bogota_sp15__RoundRobin__seed29__2022-01-17,station_v0_bogota_sp15,0.5,RoundRobin,29,2022-01-17,174.43832271374535,11.0,0.0,9.0,13.0,0.0,131.1565411039591,174.53966208778075,0.10133937403540472,0.0005806094318232287,0.4293736039491026
station_v0_bogota_sp15__RoundRobin__seed29__2022-03-05,station_v0_bogota_sp15,0.5,RoundRobin,29,2022-03-05,125.5691438214821,9.0,2.0,9.0,13.0,27.6395044262468,130.64039587399327,125.65213196519794,0.08298814371583774,0.18084804378479347,0.5100553852265662
station_v0_bogota_sp15__RoundRobin__seed30__2022-01-17,station_v0_bogota_sp15,0.5,RoundRobin,30,2022-01-17,200.3014233776053,13.0,0.0,13.0,0.0,0.0,209.0225943558373,200.4666695948181,0.16524621721279686,0.0008243076893869262,0.510850610721403
station_v0_bogota_sp15__RoundRobin__seed30__2022-03-05,station_v0_bogota_sp15,0.5,RoundRobin,30,2022-03-05,105.763942067935,10.0,0.0,13.0,5.0,0.0,201.77071573236208,105.8781150443699,0.11417297643490087,0.0010783434932427243,0.6562186119774647
station_v0_bogota_sp15__RoundRobin__seed31__2022-01-17,station_v0_bogota_sp15,0.5,RoundRobin,31,2022-01-17,126.32666643918108,9.0,0.0,12.0,6.0,0.0,176.2055753075436,126.48596183304014,0.159295393859054,0.0012593918846845779,0.5826554398165772
station_v0_bogota_sp15__RoundRobin__seed31__2022-03-05,station_v0_bogota_sp15,0.5,RoundRobin,31,2022-03-05,110.71860736529848,8.0,0.0,13.0,5.0,0.0,190.45786146114617,110.93848411755928,0.21987675226080228,0.0019819700441174523,0.6326478107997303
station_v0_bogota_sp15__RoundRobin__seed32__2022-01-17,station_v0_bogota_sp15,0.5,RoundRobin,32,2022-01-17,126.23315110071889,8.0,0.0,14.0,6.0,0.0,215.55922643317984,126.40603756052796,0.17288645980907802,0.0013677072958346115,0.6308597264339644
station_v0_bogota_sp15__RoundRobin__seed32__2022-03-05,station_v0_bogota_sp15,0.5,RoundRobin,32,2022-03-05,136.43518090967757,9.0,0.0,11.0,9.0,0.0,167.3733407780829,136.59469414140042,0.1595132317228547,0.001167784976755608,0.5511528672881106
station_v0_bogota_sp15__RoundRobin__seed33__2022-01-17,station_v0_bogota_sp15,0.5,RoundRobin,33,2022-01-17,128.96624279382354,8.0,0.0,9.0,12.0,0.0,137.8184436174585,129.1974572659663,0.23121447214276714,0.0017896209185200005,0.5170091280439202
station_v0_bogota_sp15__RoundRobin__seed33__2022-03-05,station_v0_bogota_sp15,0.5,RoundRobin,33,2022-03-05,166.02887586619084,10.0,0.0,11.0,9.0,0.0,166.46635065914091,166.21345756548567,0.18458169929482438,0.0011105099550805138,0.5009349177149712
station_v0_bogota_sp15__RoundRobin__seed34__2022-01-17,station_v0_bogota_sp15,0.5,RoundRobin,34,2022-01-17,148.33611995116587,11.0,0.0,14.0,10.0,0.0,215.0833808252517,148.51313115419794,0.17701120303206608,0.0011918892400718372,0.592030959968203
station_v0_bogota_sp15__RoundRobin__seed34__2022-03-05,station_v0_bogota_sp15,0.5,RoundRobin,34,2022-03-05,97.68384343322585,8.0,0.0,14.0,13.0,0.0,208.1341432018612,97.77626929694044,0.09242586371459538,0.0009452790986931992,0.680678265786038
station_v0_bogota_sp15__RoundRobin__seed35__2022-01-17,station_v0_bogota_sp15,0.5,RoundRobin,35,2022-01-17,107.3817621661987,9.0,0.0,11.0,3.0,0.0,152.8611016718997,112.71090539017273,5.329143223974029,0.04728152263107166,0.595658581060088
station_v0_bogota_sp15__RoundRobin__seed35__2022-03-05,station_v0_bogota_sp15,0.5,RoundRobin,35,2022-03-05,107.56597547185744,9.0,0.0,11.0,4.0,0.0,161.6418222958465,107.69702432409323,0.13104885223579288,0.0012168289055176386,0.6006295533609296
station_v0_bogota_sp15__RoundRobin__seed36__2022-01-17,station_v0_bogota_sp15,0.5,RoundRobin,36,2022-01-17,142.59204181182724,8.0,0.0,8.0,7.0,0.0,118.0074174034714,142.73546200086798,0.1434201890407394,0.0010047971753499299,0.4531315979267575
station_v0_bogota_sp15__RoundRobin__seed36__2022-03-05,station_v0_bogota_sp15,0.5,RoundRobin,36,2022-03-05,140.37673556934038,8.0,0.0,7.0,5.0,0.0,105.72488729974032,140.51328215842557,0.13654658908518513,0.0009717699778105811,0.42991480208680893
station_v0_bogota_sp15__RoundRobin__seed37__2022-01-17,station_v0_bogota_sp15,0.5,RoundRobin,37,2022-01-17,160.0076067450613,10.0,0.0,10.0,2.0,0.0,147.7899708880428,160.19995115608353,0.19234441102221922,0.0012006521202669856,0.4804777841979625
station_v0_bogota_sp15__RoundRobin__seed37__2022-03-05,station_v0_bogota_sp15,0.5,RoundRobin,37,2022-03-05,111.23519108411688,7.0,0.0,11.0,2.0,0.0,168.9600532758196,111.36731859376606,0.1321275096491803,0.0011864118784357292,0.6031953985004864
station_v0_bogota_sp15__RoundRobin__seed38__2022-01-17,station_v0_bogota_sp15,0.5,RoundRobin,38,2022-01-17,152.41354025583976,8.0,0.0,10.0,12.0,0.0,141.8307766006857,152.52373736716726,0.11019711132749421,0.0007224915493790908,0.4822109632316183
station_v0_bogota_sp15__RoundRobin__seed38__2022-03-05,station_v0_bogota_sp15,0.5,RoundRobin,38,2022-03-05,145.5188289297797,8.0,0.0,8.0,12.0,0.0,115.8630693965651,145.62889677826468,0.11006784848498796,0.0007558104944829586,0.4435055460461531
station_v0_bogota_sp15__RoundRobin__seed39__2022-01-17,station_v0_bogota_sp15,0.5,RoundRobin,39,2022-01-17,144.14984167276262,9.0,1.0,6.0,6.0,13.8197522131234,99.0975862127938,144.27057574445513,0.12073407169251027,0.08818051341228574,0.4076881687667733
station_v0_bogota_sp15__RoundRobin__seed39__2022-03-05,station_v0_bogota_sp15,0.5,RoundRobin,39,2022-03-05,147.79908648901215,9.0,0.0,10.0,5.0,0.0,152.10398252015386,147.9588848108317,0.1597983218195509,0.001080018425550153,0.5074395982293212
station_v0_bogota_sp15__RoundRobin__seed40__2022-01-17,station_v0_bogota_sp15,0.5,RoundRobin,40,2022-01-17,153.6950003549574,11.0,0.0,17.0,8.0,0.0,257.7189321374647,153.7988633504698,0.10386299551240086,0.0006753170553394965,0.6265167581083049
station_v0_bogota_sp15__RoundRobin__seed40__2022-03-05,station_v0_bogota_sp15,0.5,RoundRobin,40,2022-03-05,133.29303199349727,10.0,0.0,13.0,6.0,0.0,206.2348557815805,133.4061171075499,0.11308511405263744,0.0008476756276585879,0.6075472553866216
station_v0_bogota_sp15__RoundRobin__seed41__2022-01-17,station_v0_bogota_sp15,0.5,RoundRobin,41,2022-01-17,107.22204163759856,8.0,1.0,12.0,8.0,12.8498847984186,167.9980844215255,107.34440933398398,0.12236769638541034,0.1079273570217414,0.6105866545510173
station_v0_bogota_sp15__RoundRobin__seed41__2022-03-05,station_v0_bogota_sp15,0.5,RoundRobin,41,2022-03-05,118.98993939975722,9.0,0.0,10.0,8.0,0.0,149.8007066377933,119.15385726351138,0.16391786375416473,0.0013756823951712848,0.5575834904091025
station_v0_bogota_sp15__RoundRobin__seed42__2022-01-17,station_v0_bogota_sp15,0.5,RoundRobin,42,2022-01-17,162.7372702830672,11.0,0.0,12.0,8.0,0.0,187.87558917729575,163.3965472344035,0.6592769513362953,0.004034827923202792,0.5367202421875692
station_v0_bogota_sp15__RoundRobin__seed42__2022-03-05,station_v0_bogota_sp15,0.5,RoundRobin,42,2022-03-05,159.57359026667987,11.0,4.0,16.0,7.0,53.5383417242889,249.4888191252835,159.74686220952225,0.17327194284237635,0.2518300035655526,0.6100692155038925
station_v0_bogota_sp15__RoundRobin__seed43__2022-01-17,station_v0_bogota_sp15,0.5,RoundRobin,43,2022-01-17,137.95888077727764,9.0,0.0,15.0,6.0,0.0,223.1016075785254,138.08153113418234,0.12265035690469972,0.0008882459217917624,0.6180362093618859
station_v0_bogota_sp15__RoundRobin__seed43__2022-03-05,station_v0_bogota_sp15,0.5,RoundRobin,43,2022-03-05,118.40658379390432,8.0,0.0,17.0,7.0,0.0,257.11534159610363,118.5183802603142,0.11179646640988494,0.0009432837857244992,0.6847818049755288
station_v0_bogota_sp15__RoundRobin__seed44__2022-01-17,station_v0_bogota_sp15,0.5,RoundRobin,44,2022-01-17,99.5174146726156,8.0,0.0,10.0,8.0,0.0,145.39946273647192,99.72259235293568,0.20517768032007666,0.0020574844223254546,0.594008729094912
station_v0_bogota_sp15__RoundRobin__seed44__2022-03-05,station_v0_bogota_sp15,0.5,RoundRobin,44,2022-03-05,90.0530524409811,8.0,0.0,9.0,6.0,0.0,131.3529929166283,90.14988954840427,0.09683710742316975,0.001074178880398682,0.5934452344871978
station_v0_bogota_sp15__RoundRobin__seed45__2022-01-17,station_v0_bogota_sp15,0.5,RoundRobin,45,2022-01-17,112.4051865382042,8.0,0.0,13.0,7.0,0.0,192.48217613911743,112.5426279105132,0.13744137230899867,0.0012212383419577101,0.631488373909701
station_v0_bogota_sp15__RoundRobin__seed45__2022-03-05,station_v0_bogota_sp15,0.5,RoundRobin,45,2022-03-05,113.1873929565412,8.0,0.0,11.0,7.0,0.0,169.99149927014048,113.29291574156352,0.10552278502231616,0.0009314155640854713,0.6004460995432283
station_v0_bogota_sp15__RoundRobin__seed46__2022-01-17,station_v0_bogota_sp15,0.5,RoundRobin,46,2022-01-17,245.3878922638281,13.0,2.0,20.0,8.0,26.1279588169784,307.3301614349596,245.58480655712137,0.19691429329327548,0.0968849331536818,0.5561923505978542
station_v0_bogota_sp15__RoundRobin__seed46__2022-03-05,station_v0_bogota_sp15,0.5,RoundRobin,46,2022-03-05,240.6475631268317,13.0,1.0,17.0,5.0,12.9705010402643,274.4715368227027,240.843063352564,0.19550022573230308,0.051872725153567986,0.5330084514489137
station_v0_bogota_sp15__RoundRobin__seed47__2022-01-17,station_v0_bogota_sp15,0.5,RoundRobin,47,2022-01-17,153.9989600655536,11.0,0.0,12.0,5.0,0.0,178.95006747854808,154.14133701716992,0.14237695161631336,0.0009236779333272157,0.5376675651576793
station_v0_bogota_sp15__RoundRobin__seed47__2022-03-05,station_v0_bogota_sp15,0.5,RoundRobin,47,2022-03-05,146.34767614859197,9.0,0.0,10.0,4.0,0.0,142.8650830848425,146.44899878336508,0.10132263477311199,0.0006918629394182043,0.49415640191596927
station_v0_bogota_sp15__RoundRobin__seed48__2022-01-17,station_v0_bogota_sp15,0.5,RoundRobin,48,2022-01-17,222.58368315207667,11.0,0.0,12.0,5.0,0.0,177.7698510103619,222.71999103000752,0.13630787793084664,0.0006120145627721474,0.44422140142660543
station_v0_bogota_sp15__RoundRobin__seed48__2022-03-05,station_v0_bogota_sp15,0.5,RoundRobin,48,2022-03-05,216.90725254077736,10.0,0.0,9.0,6.0,0.0,136.81694869130376,217.10512008502783,0.19786754425047093,0.0009113905013984809,0.387132728708544
station_v0_bogota_sp15__RoundRobin__seed49__2022-01-17,station_v0_bogota_sp15,0.5,RoundRobin,49,2022-01-17,176.24330614110067,12.0,0.0,11.0,16.0,0.0,164.75926914883885,176.3504783022284,0.10717216112772121,0.000607722542969519,0.48332374709877485
station_v0_bogota_sp15__RoundRobin__seed49__2022-03-05,station_v0_bogota_sp15,0.5,RoundRobin,49,2022-03-05,150.38063470790854,9.0,0.0,11.0,15.0,0.0,161.46265713905018,150.48147479495242,0.1008400870438777,0.0006701162862823044,0.5179244636673458
station_v0_bogota_sp22__RoundRobin__seed0__2022-01-17,station_v0_bogota_sp22,0.75,RoundRobin,0,2022-01-17,127.89406716110756,11.0,1.0,24.0,15.0,12.9705010402643,334.7260317812029,128.0157736132909,0.1217064521833322,0.09286157482080473,0.7236167865748026
station_v0_bogota_sp22__RoundRobin__seed0__2022-03-05,station_v0_bogota_sp22,0.75,RoundRobin,0,2022-03-05,182.58693397027312,13.0,9.0,25.0,6.0,117.88148470949,379.827159537632,182.7419813878855,0.15504741761236573,0.3926391164982076,0.6754409001711541
station_v0_bogota_sp22__RoundRobin__seed1__2022-01-17,station_v0_bogota_sp22,0.75,RoundRobin,1,2022-01-17,162.0277233708889,12.0,1.0,23.0,11.0,12.7073268167037,348.7976950144417,162.17531403248455,0.14759066159564327,0.0735059661489496,0.6829035575223333
station_v0_bogota_sp22__RoundRobin__seed1__2022-03-05,station_v0_bogota_sp22,0.75,RoundRobin,1,2022-03-05,167.20283423398666,12.0,1.0,29.0,10.0,12.7073268167037,435.5254933424122,167.35552794064165,0.15269370665498627,0.07141961922512552,0.722660312182087
station_v0_bogota_sp22__RoundRobin__seed2__2022-01-17,station_v0_bogota_sp22,0.75,RoundRobin,2,2022-01-17,153.05539963805182,12.0,4.0,22.0,13.0,55.2263099360472,340.9938682725535,155.16323484265305,2.10783520460123,0.27251423164091054,0.6915182737945955
station_v0_bogota_sp22__RoundRobin__seed2__2022-03-05,station_v0_bogota_sp22,0.75,RoundRobin,2,2022-03-05,186.31831257775656,12.0,1.0,27.0,4.0,16.1815682683545,426.47932595224,186.52332625339665,0.20501367564008888,0.08083959680725047,0.6960562700546774
station_v0_bogota_sp22__RoundRobin__seed3__2022-01-17,station_v0_bogota_sp22,0.75,RoundRobin,3,2022-01-17,186.4731351363152,12.0,1.0,27.0,5.0,13.0149138892309,400.52763671973287,186.65212360446583,0.17898846815063507,0.06607952180288178,0.6824258127811523
station_v0_bogota_sp22__RoundRobin__seed3__2022-03-05,station_v0_bogota_sp22,0.75,RoundRobin,3,2022-03-05,176.88328272400736,12.0,3.0,24.0,6.0,38.9559159697595,357.9980580299238,177.11068982611434,0.22740710210698012,0.18134835287265272,0.6694442327233365
station_v0_bogota_sp22__RoundRobin__seed4__2022-01-17,station_v0_bogota_sp22,0.75,RoundRobin,4,2022-01-17,143.54465946653372,11.0,1.0,29.0,15.0,12.962767348338,428.7440526700435,143.6805102114675,0.13585074493377647,0.08362068450892055,0.749233927447228
station_v0_bogota_sp22__RoundRobin__seed4__2022-03-05,station_v0_bogota_sp22,0.75,RoundRobin,4,2022-03-05,133.86811063598074,11.0,8.0,27.0,15.0,105.0826106582331,392.6604984315877,138.87847675266715,5.010366116686413,0.4512726924744824,0.7481499628704064
station_v0_bogota_sp22__RoundRobin__seed5__2022-01-17,station_v0_bogota_sp22,0.75,RoundRobin,5,2022-01-17,162.41352338701276,13.0,4.0,25.0,10.0,51.76138791921151,375.1292782944728,162.54580905524173,0.13228566822897392,0.2421462009678869,0.6979337015825399
station_v0_bogota_sp22__RoundRobin__seed5__2022-03-05,station_v0_bogota_sp22,0.75,RoundRobin,5,2022-03-05,134.61568096274735,12.0,5.0,26.0,9.0,68.9256058027108,391.5437213593927,134.75324462757123,0.1375636648238867,0.33907874735955745,0.7442210583329076
station_v0_bogota_sp22__RoundRobin__seed6__2022-01-17,station_v0_bogota_sp22,0.75,RoundRobin,6,2022-01-17,131.0877783515876,10.0,2.0,19.0,12.0,25.2361830450185,256.8077323662858,131.2958723285608,0.20809397697320264,0.16254994519343915,0.6622350919552584
station_v0_bogota_sp22__RoundRobin__seed6__2022-03-05,station_v0_bogota_sp22,0.75,RoundRobin,6,2022-03-05,77.40700908046229,7.0,0.0,11.0,10.0,0.0,151.41887995400478,77.4905673573139,0.08355827685161898,0.0010783025560559712,0.6618444105752083
station_v0_bogota_sp22__RoundRobin__seed7__2022-01-17,station_v0_bogota_sp22,0.75,RoundRobin,7,2022-01-17,240.53315459123576,14.0,1.0,24.0,10.0,12.8498847984186,370.7950983380457,240.73542089700985,0.20226630577408855,0.05147045515274897,0.6066702363569505
station_v0_bogota_sp22__RoundRobin__seed7__2022-03-05,station_v0_bogota_sp22,0.75,RoundRobin,7,2022-03-05,235.31552381227823,14.0,1.0,26.0,11.0,12.8498847984186,396.5001343276314,235.44639730921284,0.13087349693461192,0.05227930996456207,0.6276338075584135
station_v0_bogota_sp22__RoundRobin__seed8__2022-01-17,station_v0_bogota_sp22,0.75,RoundRobin,8,2022-01-17,250.16828235001464,13.0,0.0,24.0,9.0,0.0,372.4271886130362,250.31619395965143,0.14791160963679317,0.0005908990836631014,0.5982803039728575
station_v0_bogota_sp22__RoundRobin__seed8__2022-03-05,station_v0_bogota_sp22,0.75,RoundRobin,8,2022-03-05,254.1215501160613,14.0,4.0,22.0,9.0,55.5559845495978,342.14803431492174,254.2769004893952,0.15535037333390278,0.17981091618444672,0.5739253420056343
station_v0_bogota_sp22__RoundRobin__seed9__2022-01-17,station_v0_bogota_sp22,0.75,RoundRobin,9,2022-01-17,182.3821846094866,13.0,0.0,22.0,7.0,0.0,337.9568421551794,191.0385788541216,8.65639424463501,0.04531228350083725,0.6552291808849516
station_v0_bogota_sp22__RoundRobin__seed9__2022-03-05,station_v0_bogota_sp22,0.75,RoundRobin,9,2022-03-05,171.40943541099313,11.0,2.0,21.0,6.0,30.2093486123154,324.0151922341165,172.16118916868396,0.7517537576908353,0.152992143567418,0.6545393093351588
station_v0_bogota_sp22__RoundRobin__seed10__2022-01-17,station_v0_bogota_sp22,0.75,RoundRobin,10,2022-01-17,169.14647444182134,12.0,4.0,31.0,9.0,52.776927998885,469.5647923156428,169.30040185855046,0.15392741672911825,0.23834425355165054,0.7352391772407282
station_v0_bogota_sp22__RoundRobin__seed10__2022-03-05,station_v0_bogota_sp22,0.75,RoundRobin,10,2022-03-05,182.56740104584108,13.0,5.0,29.0,10.0,66.3388440706408,425.7202052849272,182.77567910100612,0.20827805516503872,0.2671346546903369,0.6999693741066468
station_v0_bogota_sp22__RoundRobin__seed11__2022-01-17,station_v0_bogota_sp22,0.75,RoundRobin,11,2022-01-17,144.35117415482148,10.0,1.0,18.0,9.0,12.8292169687832,253.9766082543511,144.48291028209138,0.13173612726990314,0.08239004406433045,0.6377268770362695
station_v0_bogota_sp22__RoundRobin__seed11__2022-03-05,station_v0_bogota_sp22,0.75,RoundRobin,11,2022-03-05,145.43524863875916,10.0,0.0,16.0,9.0,0.0,235.73064628053191,145.54743703510215,0.11218839634298661,0.000770802967254791,0.6185585927886569
station_v0_bogota_sp22__RoundRobin__seed12__2022-01-17,station_v0_bogota_sp22,0.75,RoundRobin,12,2022-01-17,204.52430847005056,15.0,5.0,20.0,6.0,79.677965257899,305.30222518429923,204.70579710137045,0.181488631319894,0.28081580054606053,0.5989782522371956
station_v0_bogota_sp22__RoundRobin__seed12__2022-03-05,station_v0_bogota_sp22,0.75,RoundRobin,12,2022-03-05,165.0152777916178,13.0,7.0,22.0,5.0,111.2279413420159,335.4163794875563,165.15410399022127,0.138826198603482,0.4029450155010832,0.6703455692290264
station_v0_bogota_sp22__RoundRobin__seed13__2022-01-17,station_v0_bogota_sp22,0.75,RoundRobin,13,2022-01-17,243.79144648534327,14.0,2.0,30.0,8.0,29.35236374753,456.64190920928223,243.93927740216088,0.14783091681761107,0.10794400641104628,0.6520154249866332
station_v0_bogota_sp22__RoundRobin__seed13__2022-03-05,station_v0_bogota_sp22,0.75,RoundRobin,13,2022-03-05,234.07721128648183,14.0,8.0,33.0,5.0,115.7674879009298,495.02315071329787,234.2154951125601,0.13828382607826484,0.3311754495290434,0.6790115106675525
station_v0_bogota_sp22__RoundRobin__seed14__2022-01-17,station_v0_bogota_sp22,0.75,RoundRobin,14,2022-01-17,222.9586007013542,11.0,1.0,18.0,10.0,12.8292169687832,270.92583900339406,223.14714547453215,0.18854477317796636,0.05516553271342248,0.5487334711551805
station_v0_bogota_sp22__RoundRobin__seed14__2022-03-05,station_v0_bogota_sp22,0.75,RoundRobin,14,2022-03-05,200.1959653909864,10.0,0.0,12.0,11.0,0.0,172.08180694270345,200.3805058969168,0.18454050593038573,0.0009209503943727952,0.46250678662034345
station_v0_bogota_sp22__RoundRobin__seed15__2022-01-17,station_v0_bogota_sp22,0.75,RoundRobin,15,2022-01-17,182.2234457180313,14.0,13.0,35.0,15.0,171.17333985739683,511.5434450959044,182.3162987409997,0.09285302296842701,0.4845013097397818,0.7373771178734589
station_v0_bogota_sp22__RoundRobin__seed15__2022-03-05,station_v0_bogota_sp22,0.75,RoundRobin,15,2022-03-05,161.9809993554119,13.0,11.0,39.0,10.0,144.03562490275618,575.1449020631443,162.11452565726148,0.13352630184957093,0.4709099470991207,0.7802930783045331
station_v0_bogota_sp22__RoundRobin__seed16__2022-01-17,station_v0_bogota_sp22,0.75,RoundRobin,16,2022-01-17,190.2198382041048,13.0,2.0,22.0,8.0,25.8647986876495,332.64999413401534,190.35827072308692,0.13843251898211406,0.12026113253084941,0.6362966878619458
station_v0_bogota_sp22__RoundRobin__seed16__2022-03-05,station_v0_bogota_sp22,0.75,RoundRobin,16,2022-03-05,200.66150900064383,14.0,4.0,21.0,8.0,58.8738970099021,319.39693556546564,200.7881056923649,0.12659669172106192,0.22722035988174272,0.6142497513664842
station_v0_bogota_sp22__RoundRobin__seed17__2022-01-17,station_v0_bogota_sp22,0.75,RoundRobin,17,2022-01-17,198.10620026860897,12.0,2.0,21.0,9.0,25.8647986876495,303.20370528834525,198.30150512148973,0.19530485288075283,0.11625343817382332,0.6049767855717498
station_v0_bogota_sp22__RoundRobin__seed17__2022-03-05,station_v0_bogota_sp22,0.75,RoundRobin,17,2022-03-05,194.24179331673983,12.0,3.0,21.0,7.0,38.8797125768804,309.13823817808213,194.4242886820097,0.1824953652698582,0.16743051011287266,0.614264797406763
station_v0_bogota_sp22__RoundRobin__seed18__2022-01-17,station_v0_bogota_sp22,0.75,RoundRobin,18,2022-01-17,170.74220590878048,13.0,12.0,33.0,8.0,155.74218220109628,479.39458331262034,170.89933048700766,0.15712457822718306,0.4772795273213943,0.7374384070256108
station_v0_bogota_sp22__RoundRobin__seed18__2022-03-05,station_v0_bogota_sp22,0.75,RoundRobin,18,2022-03-05,128.31002211963406,11.0,2.0,40.0,5.0,28.9594652606779,601.7005981803189,128.42857978289285,0.11855766325879813,0.1847536953387205,0.8242639439810211
station_v0_bogota_sp22__RoundRobin__seed19__2022-01-17,station_v0_bogota_sp22,0.75,RoundRobin,19,2022-01-17,126.27366584618385,11.0,5.0,20.0,10.0,66.2473109303193,290.3244895776473,131.12168966625313,4.848023820069287,0.3602153050149419,0.7003800910647088
station_v0_bogota_sp22__RoundRobin__seed19__2022-03-05,station_v0_bogota_sp22,0.75,RoundRobin,19,2022-03-05,132.52430206195652,11.0,4.0,26.0,6.0,54.0816482139475,379.8013743089999,132.59723914413118,0.07293708217466133,0.290094857873485,0.7413648308514043
station_v0_bogota_sp22__RoundRobin__seed20__2022-01-17,station_v0_bogota_sp22,0.75,RoundRobin,20,2022-01-17,234.97673657899685,13.0,9.0,23.0,9.0,116.5537010550588,326.8614411176076,235.1958913481163,0.21915476911945575,0.33197723137752294,0.581934576766105
station_v0_bogota_sp22__RoundRobin__seed20__2022-03-05,station_v0_bogota_sp22,0.75,RoundRobin,20,2022-03-05,207.13783638010955,13.0,8.0,23.0,8.0,104.65767234394008,337.34036534438764,207.31458488959623,0.17674850948668563,0.33603763931787617,0.6196897938940551
station_v0_bogota_sp22__RoundRobin__seed21__2022-01-17,station_v0_bogota_sp22,0.75,RoundRobin,21,2022-01-17,162.47767884670697,13.0,1.0,25.0,7.0,12.7073268167037,387.7804335908915,162.6009555462088,0.12327669950184372,0.07318880399298197,0.7047907468284076
station_v0_bogota_sp22__RoundRobin__seed21__2022-03-05,station_v0_bogota_sp22,0.75,RoundRobin,21,2022-03-05,181.1941782704569,13.0,5.0,25.0,4.0,82.3859156506661,385.5200121016322,181.2899785433208,0.09580027286392578,0.3128147765485458,0.6803264210916917
station_v0_bogota_sp22__RoundRobin__seed22__2022-01-17,station_v0_bogota_sp22,0.75,RoundRobin,22,2022-01-17,200.53374104397315,14.0,5.0,37.0,6.0,74.6605306635757,566.417355335904,200.67616548717956,0.14242444320640857,0.27167811683853865,0.7385798007669229
station_v0_bogota_sp22__RoundRobin__seed22__2022-03-05,station_v0_bogota_sp22,0.75,RoundRobin,22,2022-03-05,184.83194199603216,14.0,2.0,31.0,9.0,25.6997695968372,467.50351543179625,184.99385542313664,0.16191342710447998,0.12274544624446981,0.716731514559428
station_v0_bogota_sp22__RoundRobin__seed23__2022-01-17,station_v0_bogota_sp22,0.75,RoundRobin,23,2022-01-17,207.7790697668632,13.0,1.0,28.0,4.0,16.1815682683545,419.51566258369184,218.90942527622047,11.130355509357287,0.11617596814713047,0.674544322085827
station_v0_bogota_sp22__RoundRobin__seed23__2022-03-05,station_v0_bogota_sp22,0.75,RoundRobin,23,2022-03-05,203.37085312300255,13.0,4.0,25.0,3.0,65.23412865226311,374.57954836257136,212.11253837142675,8.741685248424204,0.26672688983267495,0.6533601565087933
station_v0_bogota_sp22__RoundRobin__seed24__2022-01-17,station_v0_bogota_sp22,0.75,RoundRobin,24,2022-01-17,157.93305285152417,11.0,0.0,29.0,12.0,0.0,447.5020909611895,158.1169152292216,0.1838623776974373,0.0011628254790506923,0.7392204484383885
station_v0_bogota_sp22__RoundRobin__seed24__2022-03-05,station_v0_bogota_sp22,0.75,RoundRobin,24,2022-03-05,137.82992677983995,10.0,0.0,23.0,11.0,0.0,350.58102077615166,138.00464701169332,0.17472023185337093,0.001266046003788312,0.7179001844161976
station_v0_bogota_sp22__RoundRobin__seed25__2022-01-17,station_v0_bogota_sp22,0.75,RoundRobin,25,2022-01-17,200.4976732156494,12.0,3.0,16.0,15.0,38.9925951267998,233.7747805373588,200.65088540583508,0.153212190185684,0.1633501868274467,0.5384764553900303
station_v0_bogota_sp22__RoundRobin__seed25__2022-03-05,station_v0_bogota_sp22,0.75,RoundRobin,25,2022-03-05,156.04022754807778,10.0,0.0,21.0,11.0,0.0,313.11111214281294,156.22173312288464,0.18150557480686302,0.0011618458659915776,0.6675275785146879
station_v0_bogota_sp22__RoundRobin__seed26__2022-01-17,station_v0_bogota_sp22,0.75,RoundRobin,26,2022-01-17,138.37379077764206,11.0,0.0,13.0,8.0,0.0,192.85046759442724,138.5289454271068,0.15515464946474822,0.001120016101951702,0.5824309376495573
station_v0_bogota_sp22__RoundRobin__seed26__2022-03-05,station_v0_bogota_sp22,0.75,RoundRobin,26,2022-03-05,128.32055366261716,11.0,1.0,19.0,6.0,15.1397130475545,282.232926596634,128.4255128040665,0.10495914144934204,0.10618638391416363,0.687524859223925
station_v0_bogota_sp22__RoundRobin__seed27__2022-01-17,station_v0_bogota_sp22,0.75,RoundRobin,27,2022-01-17,251.0667085304261,13.0,9.0,22.0,14.0,118.23505627964089,336.0826412907314,251.2094282261528,0.14271969572669718,0.3204210130074663,0.572501108797608
station_v0_bogota_sp22__RoundRobin__seed27__2022-03-05,station_v0_bogota_sp22,0.75,RoundRobin,27,2022-03-05,219.4466244635966,12.0,10.0,29.0,13.0,134.4524079741106,442.085998391589,219.6417069552796,0.19508249168299585,0.38025904636298075,0.6683732255874556
station_v0_bogota_sp22__RoundRobin__seed28__2022-01-17,station_v0_bogota_sp22,0.75,RoundRobin,28,2022-01-17,182.58367335624283,13.0,2.0,16.0,11.0,25.9854149294952,229.0308612152658,184.7800614994684,2.196388143225562,0.13371166639911802,0.558775123289558
station_v0_bogota_sp22__RoundRobin__seed28__2022-03-05,station_v0_bogota_sp22,0.75,RoundRobin,28,2022-03-05,158.5320198043755,11.0,3.0,17.0,10.0,44.3045645566133,245.9023128738372,160.0336489637365,1.5016291593610163,0.22416851418451175,0.6094654460108943
station_v0_bogota_sp22__RoundRobin__seed29__2022-01-17,station_v0_bogota_sp22,0.75,RoundRobin,29,2022-01-17,174.44498825724037,11.0,0.0,15.0,15.0,0.0,220.8998639740665,174.53966208778075,0.09467383054038692,0.0005424201548687133,0.5588579877319675
station_v0_bogota_sp22__RoundRobin__seed29__2022-03-05,station_v0_bogota_sp22,0.75,RoundRobin,29,2022-03-05,146.8551057428388,10.0,3.0,20.0,15.0,41.4592566393702,300.6082038893983,146.94970407019946,0.09459832736067142,0.220551372982656,0.6718746264313673
station_v0_bogota_sp22__RoundRobin__seed30__2022-01-17,station_v0_bogota_sp22,0.75,RoundRobin,30,2022-01-17,189.372952864558,14.0,4.0,23.0,5.0,59.5066762290131,353.8601588930691,199.6230433138844,10.250090449326422,0.2691963191307807,0.6578523935153694
station_v0_bogota_sp22__RoundRobin__seed30__2022-03-05,station_v0_bogota_sp22,0.75,RoundRobin,30,2022-03-05,179.6989345148047,15.0,6.0,24.0,3.0,82.8702566465046,382.3230733956523,179.85350421204782,0.15456969724311875,0.31601567392470203,0.6803514381913599
station_v0_bogota_sp22__RoundRobin__seed31__2022-01-17,station_v0_bogota_sp22,0.75,RoundRobin,31,2022-01-17,165.59485943589294,12.0,3.0,19.0,10.0,38.9037694288666,280.08586193419325,165.76204018210836,0.167180746215422,0.1909012074334613,0.6285844148870825
station_v0_bogota_sp22__RoundRobin__seed31__2022-03-05,station_v0_bogota_sp22,0.75,RoundRobin,31,2022-03-05,122.21819999525908,9.0,1.0,21.0,10.0,13.8197522131234,308.0163446102645,122.37861682915424,0.16041683389515526,0.10264564212717515,0.7160324563593614
station_v0_bogota_sp22__RoundRobin__seed32__2022-01-17,station_v0_bogota_sp22,0.75,RoundRobin,32,2022-01-17,157.11689510317825,11.0,0.0,15.0,10.0,0.0,233.08034961576575,157.24964585723973,0.13275075406147607,0.0008442038348499357,0.5974767583188616
station_v0_bogota_sp22__RoundRobin__seed32__2022-03-05,station_v0_bogota_sp22,0.75,RoundRobin,32,2022-03-05,158.28011790589304,11.0,1.0,14.0,11.0,13.4206320002747,220.24850849185208,158.40769848192468,0.1275805760316473,0.07884737364488266,0.581995184574237
station_v0_bogota_sp22__RoundRobin__seed33__2022-01-17,station_v0_bogota_sp22,0.75,RoundRobin,33,2022-01-17,174.0345829760013,11.0,0.0,17.0,13.0,0.0,268.25080784561027,174.19733379808665,0.16275082208534286,0.0009342899718200537,0.6066554097629114
station_v0_bogota_sp22__RoundRobin__seed33__2022-03-05,station_v0_bogota_sp22,0.75,RoundRobin,33,2022-03-05,179.00956688092612,11.0,0.0,19.0,10.0,0.0,289.39893693146047,179.14755379069084,0.13798690976472017,0.0007702416630591495,0.6179470545067447
station_v0_bogota_sp22__RoundRobin__seed34__2022-01-17,station_v0_bogota_sp22,0.75,RoundRobin,34,2022-01-17,153.99354367492623,12.0,1.0,21.0,14.0,12.8498847984186,330.7180473281671,154.11081630959734,0.11727263467111015,0.07766592585581293,0.6823754623033724
station_v0_bogota_sp22__RoundRobin__seed34__2022-03-05,station_v0_bogota_sp22,0.75,RoundRobin,34,2022-03-05,149.80824318915506,12.0,0.0,26.0,14.0,0.0,393.5160338891747,149.90572300946525,0.0974798203101841,0.0006502741746826377,0.7243241712585726
station_v0_bogota_sp22__RoundRobin__seed35__2022-01-17,station_v0_bogota_sp22,0.75,RoundRobin,35,2022-01-17,136.87210112765555,10.0,0.0,12.0,12.0,0.0,154.620137859937,138.86238623274824,1.9902851050926813,0.014332787726668834,0.533627763524244
station_v0_bogota_sp22__RoundRobin__seed35__2022-03-05,station_v0_bogota_sp22,0.75,RoundRobin,35,2022-03-05,139.97199623073078,11.0,0.0,19.0,7.0,0.0,276.1677759451169,142.22695772298246,2.254961492251681,0.015854670087535043,0.6654546891554171
station_v0_bogota_sp22__RoundRobin__seed36__2022-01-17,station_v0_bogota_sp22,0.75,RoundRobin,36,2022-01-17,204.15658996759964,12.0,0.0,13.0,7.0,0.0,193.7617388334065,204.35562659881643,0.19903663121678505,0.000973971867226962,0.4871949638620924
station_v0_bogota_sp22__RoundRobin__seed36__2022-03-05,station_v0_bogota_sp22,0.75,RoundRobin,36,2022-03-05,145.7461763841439,9.0,0.0,13.0,8.0,0.0,196.2182536768682,145.90822531271766,0.16204892857376763,0.0011106222985472986,0.5739991338449418
station_v0_bogota_sp22__RoundRobin__seed37__2022-01-17,station_v0_bogota_sp22,0.75,RoundRobin,37,2022-01-17,202.39230249187835,12.0,2.0,21.0,2.0,33.0573192807719,333.62188777659816,202.52915898660373,0.13685649472537875,0.1409001739812249,0.6225087991271467
station_v0_bogota_sp22__RoundRobin__seed37__2022-03-05,station_v0_bogota_sp22,0.75,RoundRobin,37,2022-03-05,154.14975752205302,10.0,1.0,17.0,4.0,16.6677228815799,266.3294005943377,154.28293832301495,0.13318080096192375,0.09827925533692079,0.6335110902385049
station_v0_bogota_sp22__RoundRobin__seed38__2022-01-17,station_v0_bogota_sp22,0.75,RoundRobin,38,2022-01-17,181.04211827781688,9.0,0.0,15.0,13.0,0.0,221.90121027685183,181.27925333135403,0.2371350535371448,0.001308120202280919,0.5509650525781772
station_v0_bogota_sp22__RoundRobin__seed38__2022-03-05,station_v0_bogota_sp22,0.75,RoundRobin,38,2022-03-05,197.5972087668493,11.0,2.0,20.0,10.0,26.834666102354294,298.2981176512983,197.76268387415573,0.16547510730643467,0.12021576039291917,0.6016673598090977
station_v0_bogota_sp22__RoundRobin__seed39__2022-01-17,station_v0_bogota_sp22,0.75,RoundRobin,39,2022-01-17,178.7046303474983,11.0,3.0,14.0,9.0,41.060136426521495,212.43691154661093,178.8078346127451,0.10320426524680215,0.18721844976873356,0.5432408176678468
station_v0_bogota_sp22__RoundRobin__seed39__2022-03-05,station_v0_bogota_sp22,0.75,RoundRobin,39,2022-03-05,156.89226299079402,10.0,1.0,12.0,9.0,13.8197522131234,179.0007539613942,157.00563470119025,0.11337171039622262,0.0815635437753084,0.5330676192935596
station_v0_bogota_sp22__RoundRobin__seed40__2022-01-17,station_v0_bogota_sp22,0.75,RoundRobin,40,2022-01-17,224.41108685980092,13.0,2.0,29.0,12.0,25.111747072514294,431.7498481040742,224.5661206778693,0.15503381806837524,0.10119751950078026,0.6580746202529777
station_v0_bogota_sp22__RoundRobin__seed40__2022-03-05,station_v0_bogota_sp22,0.75,RoundRobin,40,2022-03-05,147.54463156924834,11.0,1.0,19.0,14.0,12.9705010402643,285.66780289733555,147.64694675423937,0.10231518499102776,0.0813910095370267,0.659497786106086
station_v0_bogota_sp22__RoundRobin__seed41__2022-01-17,station_v0_bogota_sp22,0.75,RoundRobin,41,2022-01-17,156.30473187909377,12.0,7.0,24.0,10.0,88.7848087677597,355.7423120236247,156.4808505752407,0.17611869614694342,0.36271252853827407,0.6948503244444261
station_v0_bogota_sp22__RoundRobin__seed41__2022-03-05,station_v0_bogota_sp22,0.75,RoundRobin,41,2022-03-05,150.61441999804833,12.0,8.0,20.0,9.0,103.9729067984334,294.7309827356056,150.78771590788483,0.17329590983649723,0.40880023608800437,0.6619346831981752
station_v0_bogota_sp22__RoundRobin__seed42__2022-01-17,station_v0_bogota_sp22,0.75,RoundRobin,42,2022-01-17,211.7712596512444,13.0,5.0,24.0,9.0,71.7795216171101,372.3558954718178,211.86256447402917,0.09130482278476393,0.2533856221068741,0.6375135772483564
station_v0_bogota_sp22__RoundRobin__seed42__2022-03-05,station_v0_bogota_sp22,0.75,RoundRobin,42,2022-03-05,191.07094333122365,12.0,5.0,28.0,6.0,66.9589737245636,439.23308758668855,191.26688975279865,0.19594642157500175,0.26006271889967314,0.6969532907241595
station_v0_bogota_sp22__RoundRobin__seed43__2022-01-17,station_v0_bogota_sp22,0.75,RoundRobin,43,2022-01-17,152.15603769140344,10.0,0.0,25.0,11.0,0.0,377.6066902329649,152.2814242899827,0.1253865985792686,0.0008233873511748911,0.7128525182558816
station_v0_bogota_sp22__RoundRobin__seed43__2022-03-05,station_v0_bogota_sp22,0.75,RoundRobin,43,2022-03-05,138.3913909035182,9.0,0.0,26.0,11.0,0.0,378.411532661309,138.54996315623475,0.15857225271656716,0.0011445131352200682,0.7322984554494519
station_v0_bogota_sp22__RoundRobin__seed44__2022-01-17,station_v0_bogota_sp22,0.75,RoundRobin,44,2022-01-17,111.81741684853044,10.0,0.0,16.0,12.0,0.0,236.07628393098256,118.28938096291124,6.471964114380796,0.054712976445535993,0.6844575309461444
station_v0_bogota_sp22__RoundRobin__seed44__2022-03-05,station_v0_bogota_sp22,0.75,RoundRobin,44,2022-03-05,103.76960314904892,9.0,0.0,17.0,12.0,0.0,243.69192766215343,104.00400806831118,0.2344049192622606,0.002253806594725661,0.7015507157682408
station_v0_bogota_sp22__RoundRobin__seed45__2022-01-17,station_v0_bogota_sp22,0.75,RoundRobin,45,2022-01-17,188.5356422949097,11.0,0.0,25.0,7.0,0.0,388.0021933826846,188.7055765244968,0.16993422958708493,0.0009005257434192728,0.6730828816035308
station_v0_bogota_sp22__RoundRobin__seed45__2022-03-05,station_v0_bogota_sp22,0.75,RoundRobin,45,2022-03-05,167.3790432557472,11.0,3.0,24.0,7.0,43.5751428633157,372.97924335713,167.53403699545495,0.15499373970774855,0.20714464729709223,0.690333153060433
station_v0_bogota_sp22__RoundRobin__seed46__2022-01-17,station_v0_bogota_sp22,0.75,RoundRobin,46,2022-01-17,276.4357875062226,15.0,8.0,41.0,6.0,111.2035939773753,640.0899447141353,276.62154805631377,0.18576055009117454,0.2872154031669006,0.6984484325916005
station_v0_bogota_sp22__RoundRobin__seed46__2022-03-05,station_v0_bogota_sp22,0.75,RoundRobin,46,2022-03-05,262.23944019897044,14.0,9.0,36.0,8.0,124.3808883494645,555.546512223347,262.4382892193279,0.1988490203574429,0.3220619467546087,0.6794079306406913
station_v0_bogota_sp22__RoundRobin__seed47__2022-01-17,station_v0_bogota_sp22,0.75,RoundRobin,47,2022-01-17,179.51671355582036,13.0,1.0,21.0,6.0,12.7073268167037,323.60204993854177,179.64817763705776,0.1314640812373966,0.06674511828709997,0.6432853802756544
station_v0_bogota_sp22__RoundRobin__seed47__2022-03-05,station_v0_bogota_sp22,0.75,RoundRobin,47,2022-03-05,163.46235885278816,12.0,0.0,16.0,6.0,0.0,244.1072367475096,163.641053362226,0.1786945094378325,0.0010919907062825187,0.599109639898683
station_v0_bogota_sp22__RoundRobin__seed48__2022-01-17,station_v0_bogota_sp22,0.75,RoundRobin,48,2022-01-17,259.4914163130486,13.0,3.0,20.0,12.0,37.9547817715436,288.74528776960545,259.7200239166443,0.2286076035957194,0.12827215688228624,0.5268772504221909
station_v0_bogota_sp22__RoundRobin__seed48__2022-03-05,station_v0_bogota_sp22,0.75,RoundRobin,48,2022-03-05,260.22361675502856,14.0,3.0,20.0,4.0,42.33059847972061,309.53029954382225,260.38953646843083,0.16591971340227474,0.14038219889272147,0.5434031238922629
station_v0_bogota_sp22__RoundRobin__seed49__2022-01-17,station_v0_bogota_sp22,0.75,RoundRobin,49,2022-01-17,184.98413400986072,13.0,2.0,19.0,19.0,25.9854149294952,285.1072765802186,192.13690964267496,7.15277563281424,0.15192480011987491,0.6123910162763823
station_v0_bogota_sp22__RoundRobin__seed49__2022-03-05,station_v0_bogota_sp22,0.75,RoundRobin,49,2022-03-05,188.96241214785124,13.0,4.0,23.0,15.0,54.9448801901731,357.8923545234108,189.1424457718288,0.1800336239775504,0.2258409509665905,0.6545696689755999
station_v0_bogota_sp60__RoundRobin__seed0__2022-01-17,station_v0_bogota_sp60,2.0,RoundRobin,0,2022-01-17,242.8158790594763,17.0,53.0,86.0,27.0,749.9887291640093,1284.5294493868478,243.0065311537151,0.19065209423879992,0.7554712607774345,0.8410408120314464
station_v0_bogota_sp60__RoundRobin__seed0__2022-03-05,station_v0_bogota_sp60,2.0,RoundRobin,0,2022-03-05,205.48619634752887,15.0,57.0,90.0,29.0,796.7373147276572,1316.5625466678382,205.66004599639456,0.17384964886568355,0.7950052500147227,0.8650091009437183
station_v0_bogota_sp60__RoundRobin__seed1__2022-01-17,station_v0_bogota_sp60,2.0,RoundRobin,1,2022-01-17,227.805203496924,16.0,59.0,83.0,23.0,830.6532180765737,1200.1406781126452,227.9061028990406,0.10089940211659609,0.7847969414817784,0.8404777724889814
station_v0_bogota_sp60__RoundRobin__seed1__2022-03-05,station_v0_bogota_sp60,2.0,RoundRobin,1,2022-03-05,222.7994431097008,16.0,66.0,88.0,21.0,958.094315654334,1287.4356475870222,222.99590198516017,0.19645887545937057,0.8113611985077788,0.8524928566456341
station_v0_bogota_sp60__RoundRobin__seed2__2022-01-17,station_v0_bogota_sp60,2.0,RoundRobin,2,2022-01-17,276.50971941713425,18.0,51.0,89.0,12.0,747.5262161520001,1356.194981097911,276.69865239597846,0.1889329788442069,0.7300302619978989,0.8306627487881812
station_v0_bogota_sp60__RoundRobin__seed2__2022-03-05,station_v0_bogota_sp60,2.0,RoundRobin,2,2022-03-05,225.29127900092053,16.0,66.0,90.0,22.0,939.8532158019976,1320.003748607636,225.470403850686,0.17912484976548626,0.8066706319159076,0.8542251394870896
station_v0_bogota_sp60__RoundRobin__seed3__2022-01-17,station_v0_bogota_sp60,2.0,RoundRobin,3,2022-01-17,260.4522835441676,17.0,59.0,87.0,15.0,828.9671166234062,1308.2915247624796,260.60263578235447,0.15035223818688337,0.760958595841073,0.8339898954982918
station_v0_bogota_sp60__RoundRobin__seed3__2022-03-05,station_v0_bogota_sp60,2.0,RoundRobin,3,2022-03-05,226.5208409036844,16.0,50.0,86.0,15.0,728.5313298446392,1282.412132967847,226.6887103064856,0.16786940280121598,0.7628600412656265,0.8498968164299765
station_v0_bogota_sp60__RoundRobin__seed4__2022-01-17,station_v0_bogota_sp60,2.0,RoundRobin,4,2022-01-17,240.35949795002412,17.0,50.0,93.0,28.0,675.4702606392675,1391.94500931915,244.20497282937652,3.8454748793523947,0.7386474168239966,0.8530944592045322
station_v0_bogota_sp60__RoundRobin__seed4__2022-03-05,station_v0_bogota_sp60,2.0,RoundRobin,4,2022-03-05,235.628525988708,18.0,67.0,98.0,28.0,978.5489669158678,1469.0760478159686,245.835855400149,10.207329411441009,0.8075535389739651,0.8626002154706525
station_v0_bogota_sp60__RoundRobin__seed5__2022-01-17,station_v0_bogota_sp60,2.0,RoundRobin,5,2022-01-17,211.77617302980704,16.0,57.0,82.0,20.0,828.7153012394025,1204.7735770998613,211.9135703928661,0.13739736305905126,0.7964921224051495,0.8505130978250127
station_v0_bogota_sp60__RoundRobin__seed5__2022-03-05,station_v0_bogota_sp60,2.0,RoundRobin,5,2022-03-05,185.4669436552801,15.0,52.0,87.0,24.0,738.2338268099727,1260.6240866686433,185.6502491328469,0.1833054775668188,0.7992530140039356,0.8717622659379496
station_v0_bogota_sp60__RoundRobin__seed6__2022-01-17,station_v0_bogota_sp60,2.0,RoundRobin,6,2022-01-17,228.6376332753488,16.0,30.0,76.0,19.0,405.9242014941752,1140.268151203364,228.7737397460373,0.13610647068850312,0.6397693793860647,0.832994421290649
station_v0_bogota_sp60__RoundRobin__seed6__2022-03-05,station_v0_bogota_sp60,2.0,RoundRobin,6,2022-03-05,222.9201022347919,15.0,44.0,76.0,28.0,616.1753586606244,1099.1308646943817,223.13785655393576,0.21775431914386445,0.7344017725518535,0.8314108935252289
station_v0_bogota_sp60__RoundRobin__seed7__2022-01-17,station_v0_bogota_sp60,2.0,RoundRobin,7,2022-01-17,248.7993007844126,17.0,48.0,69.0,29.0,695.9706126459035,1013.7617164292092,248.9254426904544,0.12614190604179498,0.7366913541660975,0.8029604570003914
station_v0_bogota_sp60__RoundRobin__seed7__2022-03-05,station_v0_bogota_sp60,2.0,RoundRobin,7,2022-03-05,229.7949022312321,16.0,59.0,74.0,29.0,867.6246628118347,1092.2464842389488,229.9502468872229,0.1553446559908025,0.7906339693076264,0.8262021854830136
station_v0_bogota_sp60__RoundRobin__seed8__2022-01-17,station_v0_bogota_sp60,2.0,RoundRobin,8,2022-01-17,298.29411706739785,15.0,24.0,79.0,12.0,367.64400043336553,1212.082896408427,298.4784699625699,0.1843528951720259,0.5521932822802159,0.8025276405790612
station_v0_bogota_sp60__RoundRobin__seed8__2022-03-05,station_v0_bogota_sp60,2.0,RoundRobin,8,2022-03-05,338.5480963304147,17.0,46.0,84.0,7.0,690.2653505443005,1295.3002368538057,338.7744753788239,0.2263790484092283,0.6710058368958538,0.792819695576919
station_v0_bogota_sp60__RoundRobin__seed9__2022-01-17,station_v0_bogota_sp60,2.0,RoundRobin,9,2022-01-17,253.39387850158155,17.0,25.0,67.0,9.0,354.84794589976065,1030.7202187902817,266.2965633173997,12.902684815818162,0.5920532585550207,0.8046333077588935
station_v0_bogota_sp60__RoundRobin__seed9__2022-03-05,station_v0_bogota_sp60,2.0,RoundRobin,9,2022-03-05,224.69130934122825,16.0,41.0,80.0,7.0,617.1918411827249,1238.429420488305,233.08488309274435,8.3935737515161,0.7357433139985217,0.847306065055281
station_v0_bogota_sp60__RoundRobin__seed10__2022-01-17,station_v0_bogota_sp60,2.0,RoundRobin,10,2022-01-17,220.39175119227275,15.0,63.0,92.0,28.0,870.7126062843656,1348.442717479292,227.127575280126,6.735824087853246,0.7992496950893156,0.8601193788654877
station_v0_bogota_sp60__RoundRobin__seed10__2022-03-05,station_v0_bogota_sp60,2.0,RoundRobin,10,2022-03-05,213.90905939669156,15.0,58.0,95.0,22.0,812.854334090768,1404.207160871904,214.08775943197756,0.1787000352859991,0.7917029005375427,0.8678182470247611
station_v0_bogota_sp60__RoundRobin__seed11__2022-01-17,station_v0_bogota_sp60,2.0,RoundRobin,11,2022-01-17,239.33318477084129,15.0,54.0,81.0,14.0,748.2981604876722,1199.4794163094923,239.48517734143232,0.15199257059103388,0.7577068010715442,0.8336768077360347
station_v0_bogota_sp60__RoundRobin__seed11__2022-03-05,station_v0_bogota_sp60,2.0,RoundRobin,11,2022-03-05,211.32235394170132,14.0,28.0,68.0,14.0,399.749990564623,999.044613399592,211.46691104891104,0.14455710720972093,0.6542596361719751,0.825427226694122
station_v0_bogota_sp60__RoundRobin__seed12__2022-01-17,station_v0_bogota_sp60,2.0,RoundRobin,12,2022-01-17,253.57395535973825,17.0,49.0,79.0,22.0,685.7555349518551,1152.148985863397,253.77850268998736,0.2045473302491132,0.7301066856543172,0.8196393786847068
station_v0_bogota_sp60__RoundRobin__seed12__2022-03-05,station_v0_bogota_sp60,2.0,RoundRobin,12,2022-03-05,248.51587492522208,17.0,52.0,78.0,13.0,781.8312598800619,1160.4016219874322,248.73145002783397,0.2155751026118935,0.7588541943775235,0.8236391722963339
station_v0_bogota_sp60__RoundRobin__seed13__2022-01-17,station_v0_bogota_sp60,2.0,RoundRobin,13,2022-01-17,277.935133767904,17.0,51.0,94.0,28.0,730.013967492302,1376.817880509033,278.10258628127787,0.1674525133738598,0.7243025791734717,0.8320552924776171
station_v0_bogota_sp60__RoundRobin__seed13__2022-03-05,station_v0_bogota_sp60,2.0,RoundRobin,13,2022-03-05,248.77178544312545,16.0,57.0,93.0,19.0,822.0176966387608,1397.3655399263107,248.88868775630752,0.11690231318206656,0.7676997830359829,0.8488861676040681
station_v0_bogota_sp60__RoundRobin__seed14__2022-01-17,station_v0_bogota_sp60,2.0,RoundRobin,14,2022-01-17,358.3986268639277,16.0,21.0,76.0,20.0,281.0999568586633,1151.2941354882146,358.6001350999641,0.20150823603643175,0.43973960396568595,0.762633295691417
station_v0_bogota_sp60__RoundRobin__seed14__2022-03-05,station_v0_bogota_sp60,2.0,RoundRobin,14,2022-03-05,419.3003646352231,19.0,51.0,90.0,14.0,733.1462774319748,1380.1944805351593,419.503701665769,0.2033370305458675,0.6362292350333121,0.7670162870740678
station_v0_bogota_sp60__RoundRobin__seed15__2022-01-17,station_v0_bogota_sp60,2.0,RoundRobin,15,2022-01-17,213.2637072559096,16.0,58.0,102.0,22.0,834.6007674115477,1507.6796702274164,213.3459653180504,0.08225806214079512,0.7964937524062704,0.8760833639829443
station_v0_bogota_sp60__RoundRobin__seed15__2022-03-05,station_v0_bogota_sp60,2.0,RoundRobin,15,2022-03-05,204.1577199529712,16.0,77.0,98.0,21.0,1122.9582778483518,1439.3764151711848,204.26975863683,0.112038683858799,0.846177360377626,0.8757897391748392
station_v0_bogota_sp60__RoundRobin__seed16__2022-01-17,station_v0_bogota_sp60,2.0,RoundRobin,16,2022-01-17,225.81847716986132,16.0,54.0,90.0,19.0,753.8852056705573,1341.228607830849,225.96921024304635,0.15073307318502316,0.7695387462643508,0.8559093979294873
station_v0_bogota_sp60__RoundRobin__seed16__2022-03-05,station_v0_bogota_sp60,2.0,RoundRobin,16,2022-03-05,212.82488592987215,16.0,59.0,87.0,22.0,896.9224898620906,1311.1706909921013,212.9118160544217,0.08693012454955351,0.8082372433476732,0.8603586846867631
station_v0_bogota_sp60__RoundRobin__seed17__2022-01-17,station_v0_bogota_sp60,2.0,RoundRobin,17,2022-01-17,235.6390301159417,16.0,45.0,82.0,16.0,605.7544037670484,1208.6170778988123,235.84097053043536,0.20194041449366296,0.7200091192128524,0.8368668232544493
station_v0_bogota_sp60__RoundRobin__seed17__2022-03-05,station_v0_bogota_sp60,2.0,RoundRobin,17,2022-03-05,232.83202319888903,16.0,45.0,82.0,11.0,662.8071285349956,1225.9368979377944,232.97278557119668,0.14076237230764832,0.7400789864425478,0.8404068285852501
station_v0_bogota_sp60__RoundRobin__seed18__2022-01-17,station_v0_bogota_sp60,2.0,RoundRobin,18,2022-01-17,273.36578146294283,17.0,54.0,86.0,12.0,753.1941776650275,1280.506607302545,273.56806873724554,0.2022872743027051,0.7337594146835806,0.8240973965552583
station_v0_bogota_sp60__RoundRobin__seed18__2022-03-05,station_v0_bogota_sp60,2.0,RoundRobin,18,2022-03-05,266.1536106074883,17.0,72.0,91.0,11.0,1045.8433746694882,1342.0500211652245,266.3513176294408,0.19770702195251033,0.7971691150943505,0.8345228866776848
station_v0_bogota_sp60__RoundRobin__seed19__2022-01-17,station_v0_bogota_sp60,2.0,RoundRobin,19,2022-01-17,250.3846806121366,17.0,55.0,91.0,14.0,792.5513493802248,1365.9376199281808,250.53650026368865,0.1518196515520458,0.7599582041938152,0.8451044297681568
station_v0_bogota_sp60__RoundRobin__seed19__2022-03-05,station_v0_bogota_sp60,2.0,RoundRobin,19,2022-03-05,243.8024093563119,17.0,54.0,90.0,11.0,781.5393237678695,1361.655283175623,243.98875786063252,0.18634850432061967,0.7622664715634482,0.8481591167622894
station_v0_bogota_sp60__RoundRobin__seed20__2022-01-17,station_v0_bogota_sp60,2.0,RoundRobin,20,2022-01-17,292.2039788075675,17.0,70.0,97.0,15.0,1000.1632010625598,1460.1985606550095,292.3691018630328,0.16512305546530115,0.7739290707503588,0.8332709286740252
station_v0_bogota_sp60__RoundRobin__seed20__2022-03-05,station_v0_bogota_sp60,2.0,RoundRobin,20,2022-03-05,258.3738486682273,16.0,71.0,86.0,17.0,1046.1717879739465,1275.328953491923,258.6174198501117,0.2435711818843629,0.8019803910709022,0.8315626588005786
station_v0_bogota_sp60__RoundRobin__seed21__2022-01-17,station_v0_bogota_sp60,2.0,RoundRobin,21,2022-01-17,221.6480001774118,17.0,39.0,70.0,24.0,574.7223050893824,1063.2366059279225,221.79503996858023,0.14703979116842447,0.721728595676366,0.827515531710677
station_v0_bogota_sp60__RoundRobin__seed21__2022-03-05,station_v0_bogota_sp60,2.0,RoundRobin,21,2022-03-05,215.1322921473724,17.0,37.0,76.0,15.0,541.2930027770572,1159.61733125246,215.2949702495447,0.1626781021722934,0.7156546233655128,0.8435301714063115
station_v0_bogota_sp60__RoundRobin__seed22__2022-01-17,station_v0_bogota_sp60,2.0,RoundRobin,22,2022-01-17,234.97039343378808,16.0,53.0,84.0,24.0,758.0681833721359,1247.0080942385723,235.14801931395868,0.1776258801706092,0.763424727870604,0.8414671765779144
station_v0_bogota_sp60__RoundRobin__seed22__2022-03-05,station_v0_bogota_sp60,2.0,RoundRobin,22,2022-03-05,208.8940161317633,16.0,45.0,82.0,24.0,636.874112467857,1228.183231523312,209.06322467847536,0.16920854671207053,0.7530620685966622,0.8546567881727065
station_v0_bogota_sp60__RoundRobin__seed23__2022-01-17,station_v0_bogota_sp60,2.0,RoundRobin,23,2022-01-17,237.2407355161872,15.0,49.0,85.0,31.0,676.9067583430449,1243.6036337233156,239.94203904866623,2.701303532479045,0.7412433367518184,0.8400853173108539
station_v0_bogota_sp60__RoundRobin__seed23__2022-03-05,station_v0_bogota_sp60,2.0,RoundRobin,23,2022-03-05,236.75486527718843,16.0,50.0,88.0,23.0,746.9581487183596,1318.262678204214,242.295697464505,5.540832187316568,0.7606732931181103,0.848288363339349
station_v0_bogota_sp60__RoundRobin__seed24__2022-01-17,station_v0_bogota_sp60,2.0,RoundRobin,24,2022-01-17,252.114782297163,17.0,43.0,88.0,12.0,624.6004317541452,1331.0505849836636,252.24989067821255,0.13510838104954814,0.7124768323083878,0.8407663067291318
station_v0_bogota_sp60__RoundRobin__seed24__2022-03-05,station_v0_bogota_sp60,2.0,RoundRobin,24,2022-03-05,246.3055138697651,17.0,47.0,84.0,6.0,699.8070435846757,1281.7916724629356,246.47026371889743,0.1647498491323347,0.7397110635870418,0.8388329199082666
station_v0_bogota_sp60__RoundRobin__seed25__2022-01-17,station_v0_bogota_sp60,2.0,RoundRobin,25,2022-01-17,260.5503004971605,15.0,35.0,70.0,25.0,474.361694975148,1016.9731668385774,260.7496232476432,0.19932275048273596,0.6455634758459873,0.796082293813059
station_v0_bogota_sp60__RoundRobin__seed25__2022-03-05,station_v0_bogota_sp60,2.0,RoundRobin,25,2022-03-05,274.94046691183286,16.0,39.0,73.0,20.0,565.0232188384522,1090.8583827941063,275.09398331860933,0.15351640677647538,0.6727355823617189,0.7987188472067516
station_v0_bogota_sp60__RoundRobin__seed26__2022-01-17,station_v0_bogota_sp60,2.0,RoundRobin,26,2022-01-17,285.7164941704193,15.0,38.0,74.0,23.0,534.6896456091663,1095.3578829998892,285.842187086348,0.12569291592870968,0.6517910911124347,0.7931389518735108
station_v0_bogota_sp60__RoundRobin__seed26__2022-03-05,station_v0_bogota_sp60,2.0,RoundRobin,26,2022-03-05,213.4255442753939,15.0,35.0,70.0,21.0,491.2057618388194,1043.92055803275,213.56029050499035,0.134746229596459,0.6971682396369492,0.8302753123249746
station_v0_bogota_sp60__RoundRobin__seed27__2022-01-17,station_v0_bogota_sp60,2.0,RoundRobin,27,2022-01-17,284.01274747973724,15.0,61.0,93.0,23.0,828.2485400109334,1392.6978174333033,284.19262031635844,0.17987283662120035,0.744694139691687,0.8306313035806476
station_v0_bogota_sp60__RoundRobin__seed27__2022-03-05,station_v0_bogota_sp60,2.0,RoundRobin,27,2022-03-05,283.27846998897576,16.0,71.0,94.0,18.0,995.7809076232688,1407.741031349636,283.44352711898296,0.1650571300071988,0.7785545192106552,0.8324970101161007
station_v0_bogota_sp60__RoundRobin__seed28__2022-01-17,station_v0_bogota_sp60,2.0,RoundRobin,28,2022-01-17,228.1256354838341,16.0,56.0,93.0,21.0,766.358209329115,1359.2988240658758,228.2450012730616,0.1193657892275155,0.7706365382173693,0.8563027792727992
station_v0_bogota_sp60__RoundRobin__seed28__2022-03-05,station_v0_bogota_sp60,2.0,RoundRobin,28,2022-03-05,211.43189890377928,16.0,54.0,81.0,19.0,780.4676321744082,1199.199689364626,217.51740289073297,6.085503986953682,0.7881412130694139,0.8507592658692443
station_v0_bogota_sp60__RoundRobin__seed29__2022-01-17,station_v0_bogota_sp60,2.0,RoundRobin,29,2022-01-17,269.67641657675057,17.0,46.0,89.0,18.0,647.3722102828309,1347.6002442905472,269.9018002593476,0.2253836825970552,0.7060023357498689,0.8332759964752973
station_v0_bogota_sp60__RoundRobin__seed29__2022-03-05,station_v0_bogota_sp60,2.0,RoundRobin,29,2022-03-05,235.27447471789,16.0,60.0,87.0,22.0,853.363789385091,1303.2587867819857,235.3903716571052,0.11589693921519029,0.7839048674746956,0.847090239235195
station_v0_bogota_sp60__RoundRobin__seed30__2022-01-17,station_v0_bogota_sp60,2.0,RoundRobin,30,2022-01-17,242.71021133518116,16.0,62.0,86.0,16.0,888.5311553310179,1264.4646205192057,242.8897980928831,0.17958675770194077,0.7854819547042217,0.8389826517650315
station_v0_bogota_sp60__RoundRobin__seed30__2022-03-05,station_v0_bogota_sp60,2.0,RoundRobin,30,2022-03-05,217.88483622094716,16.0,40.0,81.0,15.0,584.1049538887672,1215.7658227327977,224.36621239388927,6.481376172942106,0.730497703186151,0.8487049583604465
station_v0_bogota_sp60__RoundRobin__seed31__2022-01-17,station_v0_bogota_sp60,2.0,RoundRobin,31,2022-01-17,219.4956448600254,15.0,47.0,74.0,31.0,636.504055684532,1063.3089127211017,219.63564968372103,0.1400048236956195,0.7436216969219839,0.8289126036369098
station_v0_bogota_sp60__RoundRobin__seed31__2022-03-05,station_v0_bogota_sp60,2.0,RoundRobin,31,2022-03-05,222.1263422304482,15.0,42.0,85.0,17.0,603.250973462702,1260.4803322608668,222.3053773959635,0.17903516551530174,0.7309373951282507,0.8501965990204639
station_v0_bogota_sp60__RoundRobin__seed32__2022-01-17,station_v0_bogota_sp60,2.0,RoundRobin,32,2022-01-17,248.89068315767665,16.0,38.0,77.0,14.0,520.2402411410105,1169.291677374638,249.0483517990289,0.15766864135224523,0.6764664321792746,0.824519735720438
station_v0_bogota_sp60__RoundRobin__seed32__2022-03-05,station_v0_bogota_sp60,2.0,RoundRobin,32,2022-03-05,239.48570079741785,16.0,45.0,74.0,14.0,634.6352117142072,1119.5453826573917,239.66761054345,0.18190974603214727,0.7260838067764565,0.8238056125159254
station_v0_bogota_sp60__RoundRobin__seed33__2022-01-17,station_v0_bogota_sp60,2.0,RoundRobin,33,2022-01-17,254.34348242998487,18.0,44.0,64.0,28.0,652.0832223539204,975.05721789319,254.58178153197213,0.23829910198725202,0.7194735857898018,0.7931559729734607
station_v0_bogota_sp60__RoundRobin__seed33__2022-03-05,station_v0_bogota_sp60,2.0,RoundRobin,33,2022-03-05,224.2188229941773,16.0,59.0,78.0,24.0,887.8094389414186,1165.3145704541564,224.35322744664592,0.13440445246862964,0.7983938593062418,0.8386529332169338
station_v0_bogota_sp60__RoundRobin__seed34__2022-01-17,station_v0_bogota_sp60,2.0,RoundRobin,34,2022-01-17,195.3988451555264,15.0,28.0,84.0,23.0,391.88670820742055,1243.544656436795,195.53106479313865,0.13221963761225197,0.6673596643877162,0.8642192052350622
station_v0_bogota_sp60__RoundRobin__seed34__2022-03-05,station_v0_bogota_sp60,2.0,RoundRobin,34,2022-03-05,223.72931389732335,16.0,44.0,80.0,20.0,677.3570198838312,1209.6125846922498,223.8969988342969,0.1676849369735578,0.7517577627941808,0.8439289723149729
station_v0_bogota_sp60__RoundRobin__seed35__2022-01-17,station_v0_bogota_sp60,2.0,RoundRobin,35,2022-01-17,298.1015624434013,18.0,64.0,77.0,18.0,921.5054864212378,1126.965798347158,304.6844130138694,6.582850570468111,0.756887931811595,0.7917776562474678
station_v0_bogota_sp60__RoundRobin__seed35__2022-03-05,station_v0_bogota_sp60,2.0,RoundRobin,35,2022-03-05,291.3216395833866,18.0,56.0,82.0,12.0,834.9257488165342,1247.531028309371,296.8529004886589,5.5312609052722905,0.7425983961066671,0.8113670868032681
station_v0_bogota_sp60__RoundRobin__seed36__2022-01-17,station_v0_bogota_sp60,2.0,RoundRobin,36,2022-01-17,300.8556961785499,17.0,42.0,84.0,15.0,566.6121266583181,1248.5599181667062,301.06060426580285,0.20490808725293164,0.6532613213992314,0.8058520187211492
station_v0_bogota_sp60__RoundRobin__seed36__2022-03-05,station_v0_bogota_sp60,2.0,RoundRobin,36,2022-03-05,315.11680145511224,18.0,53.0,81.0,9.0,748.0930542125006,1212.2329630634513,315.3300848650918,0.2132834099795673,0.703676937358686,0.793712736189562
station_v0_bogota_sp60__RoundRobin__seed37__2022-01-17,station_v0_bogota_sp60,2.0,RoundRobin,37,2022-01-17,258.63023319054133,17.0,40.0,76.0,19.0,582.4941995332152,1140.8183975681336,258.80695021560285,0.17671702506152087,0.692583050352708,0.8152146689826143
station_v0_bogota_sp60__RoundRobin__seed37__2022-03-05,station_v0_bogota_sp60,2.0,RoundRobin,37,2022-03-05,255.98516155336708,17.0,42.0,78.0,13.0,635.9857100810515,1166.210445042606,256.14773317337773,0.1625716200106524,0.7130640449711712,0.8200276375712616
station_v0_bogota_sp60__RoundRobin__seed38__2022-01-17,station_v0_bogota_sp60,2.0,RoundRobin,38,2022-01-17,246.72908333126875,13.0,20.0,61.0,33.0,282.0854638377645,893.5473064819042,246.8722245517252,0.1431412204564424,0.5335561071387743,0.7836505982077985
station_v0_bogota_sp60__RoundRobin__seed38__2022-03-05,station_v0_bogota_sp60,2.0,RoundRobin,38,2022-03-05,261.96219869577874,15.0,53.0,80.0,20.0,773.0218450616281,1200.500139108043,262.15106372059444,0.18886502481569778,0.746938703212441,0.8208990645280522
station_v0_bogota_sp60__RoundRobin__seed39__2022-01-17,station_v0_bogota_sp60,2.0,RoundRobin,39,2022-01-17,242.29217453923025,15.0,42.0,74.0,9.0,579.9148782836876,1120.8142525928274,245.78840879937712,3.4962342601468777,0.7065626620003319,0.8227047397285184
station_v0_bogota_sp60__RoundRobin__seed39__2022-03-05,station_v0_bogota_sp60,2.0,RoundRobin,39,2022-03-05,225.4098107883554,14.0,37.0,74.0,16.0,548.0106843474031,1116.9578098458062,225.5478643726283,0.13805358427291026,0.7086066579429188,0.8320976848611221
station_v0_bogota_sp60__RoundRobin__seed40__2022-01-17,station_v0_bogota_sp60,2.0,RoundRobin,40,2022-01-17,264.9209954191178,17.0,40.0,80.0,23.0,554.8234153708767,1209.831630482709,265.0872718549418,0.16627643582398832,0.6768904228880314,0.8203826698544339
station_v0_bogota_sp60__RoundRobin__seed40__2022-03-05,station_v0_bogota_sp60,2.0,RoundRobin,40,2022-03-05,257.9399921024716,17.0,50.0,77.0,20.0,723.3808019138203,1167.7947496699733,258.06441069490955,0.12441859243796216,0.7371835036854942,0.8190985482489984
station_v0_bogota_sp60__RoundRobin__seed41__2022-01-17,station_v0_bogota_sp60,2.0,RoundRobin,41,2022-01-17,225.0292821297443,16.0,60.0,91.0,20.0,841.2901706694134,1341.9690929094536,225.15315089472705,0.12386876498274546,0.7889908656376634,0.8564060442512212
station_v0_bogota_sp60__RoundRobin__seed41__2022-03-05,station_v0_bogota_sp60,2.0,RoundRobin,41,2022-03-05,214.4936033308834,16.0,58.0,93.0,19.0,825.6902590926318,1374.632352733429,214.61767709581284,0.12407376492944877,0.7938171998218523,0.8650347023407451
station_v0_bogota_sp60__RoundRobin__seed42__2022-01-17,station_v0_bogota_sp60,2.0,RoundRobin,42,2022-01-17,272.362020331456,17.0,60.0,92.0,17.0,863.2915214691885,1381.2905873739444,272.4883807275274,0.12636039607139082,0.7601982392850237,0.8353092973215605
station_v0_bogota_sp60__RoundRobin__seed42__2022-03-05,station_v0_bogota_sp60,2.0,RoundRobin,42,2022-03-05,266.0828616529317,17.0,69.0,89.0,15.0,1028.5280217545342,1342.0702965099113,266.3176263799141,0.23476472698240514,0.7945061158167454,0.8345654938922603
station_v0_bogota_sp60__RoundRobin__seed43__2022-01-17,station_v0_bogota_sp60,2.0,RoundRobin,43,2022-01-17,253.56424476114975,17.0,56.0,95.0,11.0,824.1830795227553,1460.068703185794,255.8113527748557,2.2471080137059403,0.7652170815161426,0.8522249595009195
station_v0_bogota_sp60__RoundRobin__seed43__2022-03-05,station_v0_bogota_sp60,2.0,RoundRobin,43,2022-03-05,223.61906303957807,16.0,57.0,84.0,18.0,821.2234800125325,1277.5483118965144,223.77973445306444,0.16067141348636937,0.7860111242299533,0.8510524974316578
station_v0_bogota_sp60__RoundRobin__seed44__2022-01-17,station_v0_bogota_sp60,2.0,RoundRobin,44,2022-01-17,246.89443862288013,16.0,33.0,63.0,25.0,430.3432696763845,887.7455330273117,250.09353330703223,3.199094684152101,0.6371530206179966,0.7830146231327125
station_v0_bogota_sp60__RoundRobin__seed44__2022-03-05,station_v0_bogota_sp60,2.0,RoundRobin,44,2022-03-05,191.9326412292837,15.0,26.0,60.0,21.0,347.41317708615645,876.7754093754581,192.0898221929876,0.15718096370392232,0.6442417530843496,0.8204332636513557
station_v0_bogota_sp60__RoundRobin__seed45__2022-01-17,station_v0_bogota_sp60,2.0,RoundRobin,45,2022-01-17,279.0186056489692,17.0,50.0,94.0,23.0,713.1453799592898,1395.1526108484436,279.260802504796,0.24219685582681905,0.7188463649468784,0.8333633716596927
station_v0_bogota_sp60__RoundRobin__seed45__2022-03-05,station_v0_bogota_sp60,2.0,RoundRobin,45,2022-03-05,237.17581872530167,16.0,74.0,95.0,21.0,1089.4831268284324,1401.766276865977,237.31919007318268,0.1433713478810148,0.8212425350001188,0.855299907473278
station_v0_bogota_sp60__RoundRobin__seed46__2022-01-17,station_v0_bogota_sp60,2.0,RoundRobin,46,2022-01-17,319.69783754356337,17.0,86.0,106.0,21.0,1239.311088860514,1580.9063984767142,319.8601110591547,0.1622735155913233,0.7949565528403586,0.8318058341518089
station_v0_bogota_sp60__RoundRobin__seed46__2022-03-05,station_v0_bogota_sp60,2.0,RoundRobin,46,2022-03-05,292.73835919343355,16.0,90.0,121.0,14.0,1320.3016872043834,1817.155871505325,292.97192858015484,0.23356938672128535,0.8185438872059689,0.8612698438542088
station_v0_bogota_sp60__RoundRobin__seed47__2022-01-17,station_v0_bogota_sp60,2.0,RoundRobin,47,2022-01-17,239.0311515585734,17.0,55.0,81.0,14.0,832.9820095422133,1230.6816635977011,239.2561164718697,0.22496491329627588,0.7770726989095761,0.8373868916089359
station_v0_bogota_sp60__RoundRobin__seed47__2022-03-05,station_v0_bogota_sp60,2.0,RoundRobin,47,2022-03-05,227.7676611665028,17.0,59.0,77.0,14.0,893.1138206817129,1174.8686656973616,227.9693522785664,0.20169111206359958,0.796832503903283,0.8376379466140108
station_v0_bogota_sp60__RoundRobin__seed48__2022-01-17,station_v0_bogota_sp60,2.0,RoundRobin,48,2022-01-17,357.7195779426206,19.0,49.0,84.0,20.0,689.6686045620588,1270.0129784764704,357.8969071633328,0.17732922071218127,0.658522952561278,0.7802583662043251
station_v0_bogota_sp60__RoundRobin__seed48__2022-03-05,station_v0_bogota_sp60,2.0,RoundRobin,48,2022-03-05,327.7819423794517,18.0,61.0,86.0,17.0,896.8333947822806,1307.2945632386782,334.2023371271526,6.420394747700868,0.7337348267941531,0.8003152230708441
station_v0_bogota_sp60__RoundRobin__seed49__2022-01-17,station_v0_bogota_sp60,2.0,RoundRobin,49,2022-01-17,235.4411368613228,16.0,53.0,96.0,16.0,795.7707282427797,1497.92721068871,237.7635309015524,2.3223940402295966,0.7721980333228183,0.8643530605886574
station_v0_bogota_sp60__RoundRobin__seed49__2022-03-05,station_v0_bogota_sp60,2.0,RoundRobin,49,2022-03-05,227.38220728975,16.0,56.0,100.0,16.0,840.1063393139933,1560.755001923075,232.1079714829072,4.725764193157204,0.7879321279336843,0.8731736832861343
station_v0_bogota_sp75__RoundRobin__seed0__2022-01-17,station_v0_bogota_sp75,2.5,RoundRobin,0,2022-01-17,243.7906177170396,17.0,82.0,116.0,28.0,1171.981619190349,1738.8635434341008,243.95621849395044,0.16560077691084985,0.8278239261437156,0.8770485233211601
station_v0_bogota_sp75__RoundRobin__seed0__2022-03-05,station_v0_bogota_sp75,2.5,RoundRobin,0,2022-03-05,218.05697841484425,16.0,87.0,115.0,35.0,1264.2879229016314,1681.6841856555418,218.2668154977009,0.20983708285663738,0.8529180928251773,0.8852302094725144
station_v0_bogota_sp75__RoundRobin__seed1__2022-01-17,station_v0_bogota_sp75,2.5,RoundRobin,1,2022-01-17,225.4613529357863,16.0,80.0,98.0,34.0,1127.5049369414303,1396.1457930586566,225.604430321438,0.1430773856517078,0.8333753661081661,0.8609765241987304
station_v0_bogota_sp75__RoundRobin__seed1__2022-03-05,station_v0_bogota_sp75,2.5,RoundRobin,1,2022-03-05,222.31130437160903,16.0,84.0,106.0,30.0,1204.1349692799258,1522.0302690990218,222.52918332163603,0.21787895002699997,0.8441740447699495,0.8725688000697587
station_v0_bogota_sp75__RoundRobin__seed2__2022-01-17,station_v0_bogota_sp75,2.5,RoundRobin,2,2022-01-17,281.6298057101139,18.0,97.0,121.0,23.0,1399.1446224280692,1794.3319780599672,281.7705172508427,0.1407115407288302,0.8324544772891326,0.8643468680634905
station_v0_bogota_sp75__RoundRobin__seed2__2022-03-05,station_v0_bogota_sp75,2.5,RoundRobin,2,2022-03-05,273.8286938680983,18.0,92.0,111.0,26.0,1330.0009373650762,1633.4615131062774,273.98977585041735,0.1610819823190468,0.8292828682784837,0.8564426282057915
station_v0_bogota_sp75__RoundRobin__seed3__2022-01-17,station_v0_bogota_sp75,2.5,RoundRobin,3,2022-01-17,262.7361209540172,17.0,72.0,104.0,20.0,1006.5575601954522,1543.0004594587772,262.9120176138014,0.17589665978420044,0.793034724465453,0.8545133696734196
station_v0_bogota_sp75__RoundRobin__seed3__2022-03-05,station_v0_bogota_sp75,2.5,RoundRobin,3,2022-03-05,231.78339769300703,16.0,73.0,118.0,21.0,1030.5110289559998,1757.8741723399555,231.9431747870252,0.15977709401818174,0.8164025300832324,0.8835152392114433
station_v0_bogota_sp75__RoundRobin__seed4__2022-01-17,station_v0_bogota_sp75,2.5,RoundRobin,4,2022-01-17,266.52902923325587,18.0,65.0,112.0,31.0,906.5116753437474,1661.731062031623,266.71148034147427,0.18245110821840171,0.7728232451416377,0.8617905260971523
station_v0_bogota_sp75__RoundRobin__seed4__2022-03-05,station_v0_bogota_sp75,2.5,RoundRobin,4,2022-03-05,248.53364928969228,18.0,82.0,120.0,27.0,1195.7259939844623,1809.325533335626,248.8154002831318,0.28175099343951615,0.8279497906560838,0.8792436197006664
station_v0_bogota_sp75__RoundRobin__seed5__2022-01-17,station_v0_bogota_sp75,2.5,RoundRobin,5,2022-01-17,210.06365727969617,16.0,87.0,116.0,29.0,1230.7629886819104,1678.6770858068155,210.2251717672368,0.16151448754061448,0.8542224960306263,0.8887906155877624
station_v0_bogota_sp75__RoundRobin__seed5__2022-03-05,station_v0_bogota_sp75,2.5,RoundRobin,5,2022-03-05,185.81342468806145,15.0,72.0,109.0,25.0,1036.6872658893635,1609.1431406862948,185.94666914820905,0.13324446014760838,0.8480220290283769,0.896487950814454
station_v0_bogota_sp75__RoundRobin__seed6__2022-01-17,station_v0_bogota_sp75,2.5,RoundRobin,6,2022-01-17,231.814310257675,16.0,49.0,94.0,22.0,679.2837233547309,1421.104852952326,231.95781626209373,0.1435060044187253,0.7456060767871134,0.8597667743789535
station_v0_bogota_sp75__RoundRobin__seed6__2022-03-05,station_v0_bogota_sp75,2.5,RoundRobin,6,2022-03-05,233.71628028718305,17.0,67.0,102.0,25.0,946.486014483289,1508.9549114525662,233.85099572671012,0.13471543952707066,0.8019919071709855,0.8658965526084016
station_v0_bogota_sp75__RoundRobin__seed7__2022-01-17,station_v0_bogota_sp75,2.5,RoundRobin,7,2022-01-17,295.6604389566978,18.0,59.0,94.0,30.0,842.540532542744,1392.2054565324122,295.91355799180724,0.253119035109421,0.7402965640732398,0.8248580601172679
station_v0_bogota_sp75__RoundRobin__seed7__2022-03-05,station_v0_bogota_sp75,2.5,RoundRobin,7,2022-03-05,229.4318639599665,16.0,88.0,104.0,36.0,1286.9584236586052,1521.3631480749275,229.560159375657,0.12829541569050207,0.8487114721001853,0.868965212249057
station_v0_bogota_sp75__RoundRobin__seed8__2022-01-17,station_v0_bogota_sp75,2.5,RoundRobin,8,2022-01-17,355.22641693914886,17.0,87.0,108.0,18.0,1281.1051052994792,1610.6226413951715,355.40164733738663,0.17523039823777253,0.7829361740385241,0.8193173812882274
station_v0_bogota_sp75__RoundRobin__seed8__2022-03-05,station_v0_bogota_sp75,2.5,RoundRobin,8,2022-03-05,340.4540532864001,17.0,68.0,111.0,13.0,1002.7690474934282,1673.7709477642602,340.6411092653202,0.18705597892011383,0.7465747511483648,0.8309908580529308
station_v0_bogota_sp75__RoundRobin__seed9__2022-01-17,station_v0_bogota_sp75,2.5,RoundRobin,9,2022-01-17,288.3340149629592,18.0,63.0,99.0,13.0,937.0098465470604,1511.4896936353648,293.46562059355944,5.131605630600234,0.7656726829076974,0.8402542086832021
station_v0_bogota_sp75__RoundRobin__seed9__2022-03-05,station_v0_bogota_sp75,2.5,RoundRobin,9,2022-03-05,266.55924739187674,18.0,81.0,107.0,6.0,1244.304993548137,1659.282559921469,273.0030638522873,6.443816460410574,0.8243209438638534,0.8620497693962623
station_v0_bogota_sp75__RoundRobin__seed10__2022-01-17,station_v0_bogota_sp75,2.5,RoundRobin,10,2022-01-17,224.7666503380917,15.0,79.0,115.0,33.0,1107.001059188024,1695.2381342637802,224.88540569941108,0.11875536131938702,0.8312418841518238,0.8829415682584671
station_v0_bogota_sp75__RoundRobin__seed10__2022-03-05,station_v0_bogota_sp75,2.5,RoundRobin,10,2022-03-05,213.20117733807948,15.0,74.0,115.0,27.0,1049.364159674937,1705.5532902336674,213.38340891962736,0.18223158154788166,0.8311608886522173,0.8888961905662903
station_v0_bogota_sp75__RoundRobin__seed11__2022-01-17,station_v0_bogota_sp75,2.5,RoundRobin,11,2022-01-17,237.76642529243827,15.0,63.0,103.0,27.0,869.7634714736167,1513.5861897886132,237.94218000041303,0.175754707974761,0.7853523406908314,0.8642520273188167
station_v0_bogota_sp75__RoundRobin__seed11__2022-03-05,station_v0_bogota_sp75,2.5,RoundRobin,11,2022-03-05,222.79657972844632,15.0,55.0,95.0,18.0,821.5705710468849,1417.94658895056,222.9039267441836,0.10734701573727534,0.7866902636688278,0.8642188440705622
station_v0_bogota_sp75__RoundRobin__seed12__2022-01-17,station_v0_bogota_sp75,2.5,RoundRobin,12,2022-01-17,253.554698458286,17.0,64.0,98.0,27.0,902.0346633539192,1438.1761580097289,253.72840198734667,0.1737035290606741,0.7806170606573086,0.8501365239782057
station_v0_bogota_sp75__RoundRobin__seed12__2022-03-05,station_v0_bogota_sp75,2.5,RoundRobin,12,2022-03-05,244.04468291645372,17.0,80.0,106.0,21.0,1185.7118790523875,1568.4964637853172,244.227494173476,0.18281125702227996,0.8293321468826315,0.8653712928297926
station_v0_bogota_sp75__RoundRobin__seed13__2022-01-17,station_v0_bogota_sp75,2.5,RoundRobin,13,2022-01-17,286.5517908637315,17.0,72.0,120.0,30.0,1048.3290467477896,1767.2229196848727,286.67703816390235,0.12524730017082675,0.7853554421194371,0.8604840563101905
station_v0_bogota_sp75__RoundRobin__seed13__2022-03-05,station_v0_bogota_sp75,2.5,RoundRobin,13,2022-03-05,260.7846817103391,17.0,92.0,122.0,21.0,1357.0258504412589,1839.8679868889544,266.4157021937053,5.6310204833661714,0.8393630609694162,0.8761872946830266
station_v0_bogota_sp75__RoundRobin__seed14__2022-01-17,station_v0_bogota_sp75,2.5,RoundRobin,14,2022-01-17,396.4795070209183,18.0,54.0,102.0,23.0,742.1807843489703,1538.1441236393937,397.7305681502236,1.251061129305299,0.6521839122387382,0.7951936100500424
station_v0_bogota_sp75__RoundRobin__seed14__2022-03-05,station_v0_bogota_sp75,2.5,RoundRobin,14,2022-03-05,413.83329299866057,19.0,76.0,114.0,18.0,1089.9733795384411,1733.6441206906277,414.0468003298824,0.21350733122181964,0.7248485768090615,0.8073124540648424
station_v0_bogota_sp75__RoundRobin__seed15__2022-01-17,station_v0_bogota_sp75,2.5,RoundRobin,15,2022-01-17,215.5533150579113,16.0,89.0,124.0,33.0,1260.415638818834,1837.4643216856095,215.6927438740624,0.1394288161510815,0.8539718915052343,0.8950137236582271
station_v0_bogota_sp75__RoundRobin__seed15__2022-03-05,station_v0_bogota_sp75,2.5,RoundRobin,15,2022-03-05,203.77012056966112,16.0,101.0,122.0,32.0,1472.2079929446052,1793.4642085148078,203.89589713968635,0.1257765700252378,0.8784263184548702,0.8979802790729668
station_v0_bogota_sp75__RoundRobin__seed16__2022-01-17,station_v0_bogota_sp75,2.5,RoundRobin,16,2022-01-17,254.9305354356702,17.0,72.0,116.0,20.0,1040.2658981785396,1748.3252188920876,255.06209363089445,0.13155819522424395,0.8031922902557216,0.8727502496186714
station_v0_bogota_sp75__RoundRobin__seed16__2022-03-05,station_v0_bogota_sp75,2.5,RoundRobin,16,2022-03-05,211.21664039126068,16.0,89.0,114.0,26.0,1320.2751527102191,1700.7746702524494,211.390482860659,0.17384246939832337,0.8621000331364511,0.8895405869898902
station_v0_bogota_sp75__RoundRobin__seed17__2022-01-17,station_v0_bogota_sp75,2.5,RoundRobin,17,2022-01-17,240.40201283318405,17.0,67.0,112.0,17.0,932.56526163472,1669.8975547822622,249.1572142961848,8.755201463000759,0.7965664377807431,0.8747289464028023
station_v0_bogota_sp75__RoundRobin__seed17__2022-03-05,station_v0_bogota_sp75,2.5,RoundRobin,17,2022-03-05,246.7391507694153,17.0,83.0,110.0,16.0,1202.461318554663,1643.2064468673923,246.8718477672924,0.13269699787710465,0.829756776079597,0.8694555926758022
station_v0_bogota_sp75__RoundRobin__seed18__2022-01-17,station_v0_bogota_sp75,2.5,RoundRobin,18,2022-01-17,295.84295076132054,18.0,84.0,117.0,10.0,1199.4279336167206,1754.4541462111406,296.0151259500043,0.17217518868375237,0.8021703675919061,0.8557193932247962
station_v0_bogota_sp75__RoundRobin__seed18__2022-03-05,station_v0_bogota_sp75,2.5,RoundRobin,18,2022-03-05,240.8243068631477,16.0,91.0,108.0,16.0,1313.206345463986,1604.2638937046372,241.05710547391237,0.2327986107646609,0.8450556714063978,0.8694946261542835
station_v0_bogota_sp75__RoundRobin__seed19__2022-01-17,station_v0_bogota_sp75,2.5,RoundRobin,19,2022-01-17,248.26002431414315,17.0,71.0,104.0,24.0,1032.152319268875,1551.986018601438,248.4271663230685,0.16714200892533881,0.8061346233425051,0.8621094166645125
station_v0_bogota_sp75__RoundRobin__seed19__2022-03-05,station_v0_bogota_sp75,2.5,RoundRobin,19,2022-03-05,240.7573174490295,17.0,87.0,122.0,14.0,1265.2427460755655,1845.1538891788464,240.96359444809505,0.20627699906555108,0.8401564838949452,0.8845907196796766
station_v0_bogota_sp75__RoundRobin__seed20__2022-01-17,station_v0_bogota_sp75,2.5,RoundRobin,20,2022-01-17,317.71518097654337,18.0,77.0,106.0,26.0,1098.8362728110512,1592.8885148058766,317.89764291681763,0.18246194027426554,0.7757411060401471,0.8337254120810664
station_v0_bogota_sp75__RoundRobin__seed20__2022-03-05,station_v0_bogota_sp75,2.5,RoundRobin,20,2022-03-05,287.0365063557208,17.0,86.0,111.0,17.0,1263.287306181174,1653.1573190587665,287.29084083857754,0.2543344828567342,0.8148842050254533,0.852077209642691
station_v0_bogota_sp75__RoundRobin__seed21__2022-01-17,station_v0_bogota_sp75,2.5,RoundRobin,21,2022-01-17,228.15468706902607,17.0,63.0,99.0,25.0,919.037299185318,1507.8252132574398,228.2476788662297,0.09299179720363782,0.8011351221067108,0.8685800071505446
station_v0_bogota_sp75__RoundRobin__seed21__2022-03-05,station_v0_bogota_sp75,2.5,RoundRobin,21,2022-03-05,213.2647410924389,17.0,70.0,106.0,23.0,1035.3739948170803,1588.874157288414,213.4248987221423,0.16015762970340575,0.8292241111072536,0.881670724743924
station_v0_bogota_sp75__RoundRobin__seed22__2022-01-17,station_v0_bogota_sp75,2.5,RoundRobin,22,2022-01-17,247.3545413384501,17.0,71.0,107.0,25.0,1024.065779955493,1599.7039601054582,247.4758741385412,0.12133280009109626,0.8054687862233748,0.8660907093327566
station_v0_bogota_sp75__RoundRobin__seed22__2022-03-05,station_v0_bogota_sp75,2.5,RoundRobin,22,2022-03-05,222.91603225854195,17.0,61.0,98.0,28.0,886.3485432110584,1465.7444563859392,223.13574445271024,0.21971219416829513,0.7990813977835285,0.8680095650669312
station_v0_bogota_sp75__RoundRobin__seed23__2022-01-17,station_v0_bogota_sp75,2.5,RoundRobin,23,2022-01-17,234.5290855975065,16.0,80.0,109.0,36.0,1166.234739069012,1622.8426244611894,250.69173601544173,16.162650417935225,0.8344804125538499,0.8748199709890339
station_v0_bogota_sp75__RoundRobin__seed23__2022-03-05,station_v0_bogota_sp75,2.5,RoundRobin,23,2022-03-05,244.7176198066003,16.0,72.0,114.0,37.0,1032.639691509301,1692.6099770297044,247.60046034780797,2.8828405412076563,0.8088502227870181,0.8738705786278661
station_v0_bogota_sp75__RoundRobin__seed24__2022-01-17,station_v0_bogota_sp75,2.5,RoundRobin,24,2022-01-17,249.5311048547017,17.0,65.0,103.0,17.0,935.9971475398576,1535.9257925241964,249.65488595600976,0.12378110130805453,0.7895410307533779,0.8602521253382459
station_v0_bogota_sp75__RoundRobin__seed24__2022-03-05,station_v0_bogota_sp75,2.5,RoundRobin,24,2022-03-05,247.30740877528345,17.0,60.0,100.0,9.0,896.9076050756653,1522.7312616960294,247.44162834797976,0.1342195726963098,0.7838881684436549,0.8602919465289433
station_v0_bogota_sp75__RoundRobin__seed25__2022-01-17,station_v0_bogota_sp75,2.5,RoundRobin,25,2022-01-17,271.1821045214173,16.0,54.0,94.0,27.0,760.1423728201114,1396.0874733095325,271.3612350491058,0.17913052768852822,0.7371001880627449,0.8373670487361756
station_v0_bogota_sp75__RoundRobin__seed25__2022-03-05,station_v0_bogota_sp75,2.5,RoundRobin,25,2022-03-05,288.2200267792567,17.0,69.0,101.0,22.0,1004.4274534587296,1514.9260532518674,288.4232351296621,0.20320835040536167,0.7770662696603025,0.8401751515160281
station_v0_bogota_sp75__RoundRobin__seed26__2022-01-17,station_v0_bogota_sp75,2.5,RoundRobin,26,2022-01-17,288.95963591194266,15.0,61.0,99.0,29.0,850.7407982517368,1463.3426774654151,289.1460227170272,0.18638680508456673,0.7465014678682201,0.8351146938169355
station_v0_bogota_sp75__RoundRobin__seed26__2022-03-05,station_v0_bogota_sp75,2.5,RoundRobin,26,2022-03-05,225.03672100114244,16.0,62.0,93.0,23.0,904.4531099354414,1392.061584214428,225.1551305873623,0.11840958621985465,0.8007833929247973,0.8608493722941001
station_v0_bogota_sp75__RoundRobin__seed27__2022-01-17,station_v0_bogota_sp75,2.5,RoundRobin,27,2022-01-17,301.9937244610241,16.0,85.0,116.0,31.0,1177.3088035254352,1717.7378259595573,302.15724365475194,0.1635191937278364,0.7958765427320119,0.8504903898207501
station_v0_bogota_sp75__RoundRobin__seed27__2022-03-05,station_v0_bogota_sp75,2.5,RoundRobin,27,2022-03-05,282.8316154691788,16.0,91.0,115.0,21.0,1305.9846658929878,1725.179295056104,282.966754832779,0.13513936360016032,0.8220010934380907,0.8591578458724012
station_v0_bogota_sp75__RoundRobin__seed28__2022-01-17,station_v0_bogota_sp75,2.5,RoundRobin,28,2022-01-17,243.5837056558368,17.0,88.0,122.0,20.0,1262.3782496670742,1834.527196925428,245.81669344767363,2.2329877918368197,0.8384932221342792,0.8829118076184265
station_v0_bogota_sp75__RoundRobin__seed28__2022-03-05,station_v0_bogota_sp75,2.5,RoundRobin,28,2022-03-05,237.13238055578813,17.0,83.0,106.0,25.0,1218.2911151171968,1584.782671296703,241.6940807020879,4.561700146299756,0.837578914337745,0.870169505143559
station_v0_bogota_sp75__RoundRobin__seed29__2022-01-17,station_v0_bogota_sp75,2.5,RoundRobin,29,2022-01-17,278.9257865835241,18.0,77.0,119.0,21.0,1109.8004802723606,1802.1953670196856,279.09884331206723,0.1730567285431448,0.7991749424546617,0.8659844508292444
station_v0_bogota_sp75__RoundRobin__seed29__2022-03-05,station_v0_bogota_sp75,2.5,RoundRobin,29,2022-03-05,263.966976679512,18.0,83.0,105.0,21.0,1208.519897905344,1590.42131411083,270.025293800536,6.058317121024004,0.821468441979133,0.8581163385409619
station_v0_bogota_sp75__RoundRobin__seed30__2022-01-17,station_v0_bogota_sp75,2.5,RoundRobin,30,2022-01-17,246.02067916803287,16.0,87.0,113.0,22.0,1280.5405874693822,1665.7090728425726,246.18083925594215,0.16016008790927572,0.8388568635630375,0.8713206876550765
station_v0_bogota_sp75__RoundRobin__seed30__2022-03-05,station_v0_bogota_sp75,2.5,RoundRobin,30,2022-03-05,221.48980009552432,16.0,72.0,109.0,25.0,1041.23337072732,1609.3884629241925,221.6471742470974,0.15737415157309442,0.8246153993131543,0.8790357786603776
station_v0_bogota_sp75__RoundRobin__seed31__2022-01-17,station_v0_bogota_sp75,2.5,RoundRobin,31,2022-01-17,245.39460029207768,16.0,69.0,96.0,34.0,960.7769430250004,1376.8659737109674,245.5319592960888,0.13735900401110257,0.7965739954170049,0.8487457390695465
station_v0_bogota_sp75__RoundRobin__seed31__2022-03-05,station_v0_bogota_sp75,2.5,RoundRobin,31,2022-03-05,236.96888764682328,16.0,86.0,114.0,23.0,1264.2500637295325,1684.1693991128564,237.12515353112997,0.1562658843066913,0.8421654461040156,0.8766618646158555
station_v0_bogota_sp75__RoundRobin__seed32__2022-01-17,station_v0_bogota_sp75,2.5,RoundRobin,32,2022-01-17,279.4507286228579,17.0,72.0,110.0,15.0,1030.8169946705314,1650.987525440799,279.6171341450274,0.166405522169498,0.7867495034829102,0.8552522251330271
station_v0_bogota_sp75__RoundRobin__seed32__2022-03-05,station_v0_bogota_sp75,2.5,RoundRobin,32,2022-03-05,239.42809025896503,16.0,77.0,102.0,16.0,1120.1733073148423,1523.435939055248,239.57024960026388,0.14215934129885,0.8239167311796916,0.8641932786171581
station_v0_bogota_sp75__RoundRobin__seed33__2022-01-17,station_v0_bogota_sp75,2.5,RoundRobin,33,2022-01-17,254.758437647302,17.0,60.0,89.0,32.0,914.119035859988,1343.012872444196,255.04001641749608,0.2815787701940735,0.7821011288831569,0.840581973586138
station_v0_bogota_sp75__RoundRobin__seed33__2022-03-05,station_v0_bogota_sp75,2.5,RoundRobin,33,2022-03-05,237.2930251994806,17.0,85.0,107.0,26.0,1265.7394765130166,1613.270557483364,237.426636105454,0.13361090597339853,0.8421378560842333,0.8717818203747698
station_v0_bogota_sp75__RoundRobin__seed34__2022-01-17,station_v0_bogota_sp75,2.5,RoundRobin,34,2022-01-17,242.30510193661024,17.0,60.0,105.0,32.0,855.8718704626649,1554.9334668960091,242.5304920972615,0.2253901606512443,0.7794022389282773,0.865196127730805
station_v0_bogota_sp75__RoundRobin__seed34__2022-03-05,station_v0_bogota_sp75,2.5,RoundRobin,34,2022-03-05,209.29234908018597,16.0,66.0,97.0,33.0,960.139995075504,1432.7662558758338,209.46453313359223,0.1721840534062551,0.8210571658775506,0.872556067952892
station_v0_bogota_sp75__RoundRobin__seed35__2022-01-17,station_v0_bogota_sp75,2.5,RoundRobin,35,2022-01-17,326.87931201929985,19.0,91.0,105.0,20.0,1331.3806064091218,1572.869357419323,327.094479103284,0.21516708398416995,0.8029036945596885,0.8279549822287312
station_v0_bogota_sp75__RoundRobin__seed35__2022-03-05,station_v0_bogota_sp75,2.5,RoundRobin,35,2022-03-05,289.9440779848219,18.0,74.0,111.0,17.0,1088.1702144224078,1689.2803898119555,293.72945839220563,3.785380407383741,0.7901844224376491,0.8537858607977167
station_v0_bogota_sp75__RoundRobin__seed36__2022-01-17,station_v0_bogota_sp75,2.5,RoundRobin,36,2022-01-17,383.6625038615644,20.0,89.0,138.0,6.0,1290.2952152726114,2105.406120182951,383.8606217564282,0.19811789486379894,0.7708322634155655,0.8458732857360822
station_v0_bogota_sp75__RoundRobin__seed36__2022-03-05,station_v0_bogota_sp75,2.5,RoundRobin,36,2022-03-05,347.4312554772844,19.0,91.0,117.0,16.0,1334.1497572913454,1760.5982621080964,347.60842551036404,0.17717003307961932,0.7934118834501613,0.8352005723548099
station_v0_bogota_sp75__RoundRobin__seed37__2022-01-17,station_v0_bogota_sp75,2.5,RoundRobin,37,2022-01-17,277.3044093677888,18.0,52.0,96.0,19.0,759.1398820907389,1458.6151249003926,277.50312660142805,0.1987172336392291,0.7324976804525627,0.8402733171384449
station_v0_bogota_sp75__RoundRobin__seed37__2022-03-05,station_v0_bogota_sp75,2.5,RoundRobin,37,2022-03-05,275.0657696897593,18.0,70.0,100.0,14.0,1021.086257940736,1517.6426087951015,275.2682705810648,0.20250089130553306,0.7878159379723003,0.8465814598740865
station_v0_bogota_sp75__RoundRobin__seed38__2022-01-17,station_v0_bogota_sp75,2.5,RoundRobin,38,2022-01-17,267.0917150608357,14.0,40.0,92.0,34.0,575.668459850845,1353.1501579693536,267.2036355719845,0.11192051114875312,0.6831171461111805,0.8351645695369418
station_v0_bogota_sp75__RoundRobin__seed38__2022-03-05,station_v0_bogota_sp75,2.5,RoundRobin,38,2022-03-05,267.9163638340524,15.0,60.0,96.0,28.0,881.3042855927939,1430.2690163182072,268.0581810653576,0.14181723130519686,0.7669000236165383,0.8422469096374343
station_v0_bogota_sp75__RoundRobin__seed39__2022-01-17,station_v0_bogota_sp75,2.5,RoundRobin,39,2022-01-17,262.3087442457597,16.0,75.0,98.0,17.0,1085.324904597696,1463.544878128696,262.4867704209819,0.1780261752221577,0.805381753914452,0.848027847886701
station_v0_bogota_sp75__RoundRobin__seed39__2022-03-05,station_v0_bogota_sp75,2.5,RoundRobin,39,2022-03-05,257.0357690930656,16.0,65.0,93.0,16.0,968.3385338950272,1420.1449437200083,257.15602969328165,0.12026060021605645,0.7902595599115086,0.8467563227069494
station_v0_bogota_sp75__RoundRobin__seed40__2022-01-17,station_v0_bogota_sp75,2.5,RoundRobin,40,2022-01-17,268.9052127741033,17.0,75.0,113.0,26.0,1088.7623174148089,1704.435648928795,269.06011675174364,0.1549039776403447,0.8019584844028884,0.8637416824244494
station_v0_bogota_sp75__RoundRobin__seed40__2022-03-05,station_v0_bogota_sp75,2.5,RoundRobin,40,2022-03-05,260.80481073363774,17.0,67.0,101.0,19.0,988.800794935318,1526.5679443608212,260.98131863865103,0.17650790501329539,0.7913197765426319,0.8540992317627027
station_v0_bogota_sp75__RoundRobin__seed41__2022-01-17,station_v0_bogota_sp75,2.5,RoundRobin,41,2022-01-17,256.28069577628594,18.0,67.0,112.0,26.0,908.212834394802,1679.455355870912,256.42683347687165,0.14613770058571163,0.7799485086708172,0.8676155516144145
station_v0_bogota_sp75__RoundRobin__seed41__2022-03-05,station_v0_bogota_sp75,2.5,RoundRobin,41,2022-03-05,212.1748896350455,16.0,85.0,118.0,25.0,1211.5661047663268,1752.814119486516,212.29818733130455,0.12329769625904419,0.8509865786981214,0.8920291278524288
station_v0_bogota_sp75__RoundRobin__seed42__2022-01-17,station_v0_bogota_sp75,2.5,RoundRobin,42,2022-01-17,292.6823177515944,18.0,83.0,117.0,21.0,1205.4909784565912,1755.303489523221,292.89205679568346,0.2097390440890763,0.804667891409811,0.857102356131174
station_v0_bogota_sp75__RoundRobin__seed42__2022-03-05,station_v0_bogota_sp75,2.5,RoundRobin,42,2022-03-05,261.96966343969245,17.0,97.0,112.0,21.0,1432.390417756819,1679.7986173752436,262.1759898081872,0.20632636849472874,0.8454060801216238,0.865101396037488
station_v0_bogota_sp75__RoundRobin__seed43__2022-01-17,station_v0_bogota_sp75,2.5,RoundRobin,43,2022-01-17,255.7828813446265,17.0,73.0,113.0,22.0,1056.411500119944,1722.3718487226758,257.2470294127351,1.4641480681086136,0.8052896733859608,0.8707918558618988
station_v0_bogota_sp75__RoundRobin__seed43__2022-03-05,station_v0_bogota_sp75,2.5,RoundRobin,43,2022-03-05,241.31066761518264,17.0,95.0,112.0,22.0,1411.5994343313278,1681.884056762436,241.4300559153297,0.11938830014705104,0.8540191393807648,0.8745339276488676
station_v0_bogota_sp75__RoundRobin__seed44__2022-01-17,station_v0_bogota_sp75,2.5,RoundRobin,44,2022-01-17,262.1627960447833,17.0,35.0,87.0,29.0,468.5763602428709,1262.5969222145618,268.52485451220514,6.362058467421832,0.6443327038446209,0.8287773056136428
station_v0_bogota_sp75__RoundRobin__seed44__2022-03-05,station_v0_bogota_sp75,2.5,RoundRobin,44,2022-03-05,260.00765392748065,17.0,53.0,86.0,23.0,737.2581045874724,1250.5598090336612,264.4122100646196,4.404556137138968,0.740425916467547,0.8283746163957283
station_v0_bogota_sp75__RoundRobin__seed45__2022-01-17,station_v0_bogota_sp75,2.5,RoundRobin,45,2022-01-17,296.1843825104535,18.0,81.0,120.0,31.0,1147.944147486426,1779.7145927425402,296.4115479357338,0.2271654252803046,0.7949366742214534,0.8573379638610545
station_v0_bogota_sp75__RoundRobin__seed45__2022-03-05,station_v0_bogota_sp75,2.5,RoundRobin,45,2022-03-05,258.2876749423555,17.0,102.0,117.0,26.0,1475.972397679796,1703.8346076740356,258.51497538934206,0.22730044698653273,0.8510870249315675,0.8683783576730764
station_v0_bogota_sp75__RoundRobin__seed46__2022-01-17,station_v0_bogota_sp75,2.5,RoundRobin,46,2022-01-17,321.5641531845729,17.0,102.0,128.0,28.0,1456.7044888765947,1901.5552327442608,321.735179333006,0.17102614843309993,0.8191874827509333,0.8553656546901002
station_v0_bogota_sp75__RoundRobin__seed46__2022-03-05,station_v0_bogota_sp75,2.5,RoundRobin,46,2022-03-05,306.5034708527949,17.0,108.0,131.0,25.0,1593.9301158897997,1954.628084153087,308.82999775629696,2.3265269035020424,0.8389163885375606,0.8645861952105436
station_v0_bogota_sp75__RoundRobin__seed47__2022-01-17,station_v0_bogota_sp75,2.5,RoundRobin,47,2022-01-17,246.51486907401983,18.0,69.0,102.0,12.0,1030.744909819553,1551.281277626932,246.71149188092463,0.1966228069047986,0.8070267848312684,0.8628944046635431
station_v0_bogota_sp75__RoundRobin__seed47__2022-03-05,station_v0_bogota_sp75,2.5,RoundRobin,47,2022-03-05,233.3568908585344,17.0,74.0,98.0,20.0,1092.920538895818,1461.7996629547615,233.49925956447368,0.1423687059392762,0.8240701087774662,0.862350593303178
station_v0_bogota_sp75__RoundRobin__seed48__2022-01-17,station_v0_bogota_sp75,2.5,RoundRobin,48,2022-01-17,386.6615911169485,20.0,67.0,114.0,20.0,957.5383606821102,1749.0359517195436,386.9355241009708,0.27393298402228083,0.7124067670683444,0.8189762384498062
station_v0_bogota_sp75__RoundRobin__seed48__2022-03-05,station_v0_bogota_sp75,2.5,RoundRobin,48,2022-03-05,340.5550549389891,18.0,85.0,115.0,23.0,1236.8729661206437,1744.0217961800029,341.26615681317287,0.7111018741837825,0.7842046686569146,0.8366867969240583
station_v0_bogota_sp75__RoundRobin__seed49__2022-01-17,station_v0_bogota_sp75,2.5,RoundRobin,49,2022-01-17,255.93935053292773,17.0,88.0,129.0,15.0,1316.1389198206286,1992.1094222171528,256.13730700609983,0.1979564731720984,0.8372173119671972,0.8861604701983256
station_v0_bogota_sp75__RoundRobin__seed49__2022-03-05,station_v0_bogota_sp75,2.5,RoundRobin,49,2022-03-05,251.13538274339308,17.0,80.0,122.0,21.0,1190.0898726374062,1896.8159298879043,253.35631765276327,2.220934909370186,0.8260168030975172,0.8832022025069677
station_v0_bogota_sp15__TD3_vanilla_extended_ts102__seed0__2022-01-17,station_v0_bogota_sp15,0.5,TD3_vanilla_extended_ts102,0,2022-01-17,85.04740965511672,8.0,0.0,12.0,8.0,0.0,175.31770511653178,94.99161881777404,9.944209162657316,0.1046851215551307,0.6853700478501212
station_v0_bogota_sp15__TD3_vanilla_extended_ts102__seed0__2022-03-05,station_v0_bogota_sp15,0.5,TD3_vanilla_extended_ts102,0,2022-03-05,112.57118857972972,11.0,3.0,12.0,8.0,39.3616340808033,176.3044557315281,121.78764357122932,9.216454991499603,0.3014477618521933,0.6223610459886871
station_v0_bogota_sp15__TD3_vanilla_extended_ts102__seed1__2022-01-17,station_v0_bogota_sp15,0.5,TD3_vanilla_extended_ts102,1,2022-01-17,139.22896429162273,11.0,0.0,21.0,7.0,0.0,323.3505991549302,139.40994262009625,0.1809783284735147,0.0012981737534079314,0.6991338895110257
station_v0_bogota_sp15__TD3_vanilla_extended_ts102__seed1__2022-03-05,station_v0_bogota_sp15,0.5,TD3_vanilla_extended_ts102,1,2022-03-05,133.82376969168115,11.0,0.0,18.0,8.0,0.0,275.7115549924405,134.0040289165574,0.18025922487623802,0.0013451776512516886,0.6733739819830606
station_v0_bogota_sp15__TD3_vanilla_extended_ts102__seed2__2022-01-17,station_v0_bogota_sp15,0.5,TD3_vanilla_extended_ts102,2,2022-01-17,145.14498348217683,11.0,0.0,17.0,5.0,0.0,269.61000289201047,159.34588071519548,14.200897233018651,0.08911995195156891,0.6616319089468748
station_v0_bogota_sp15__TD3_vanilla_extended_ts102__seed2__2022-03-05,station_v0_bogota_sp15,0.5,TD3_vanilla_extended_ts102,2,2022-03-05,140.72846639640034,10.0,0.0,16.0,5.0,0.0,251.58325807776663,140.7755618128612,0.047095416460877004,0.00033454255734729647,0.6413271238922852
station_v0_bogota_sp15__TD3_vanilla_extended_ts102__seed3__2022-01-17,station_v0_bogota_sp15,0.5,TD3_vanilla_extended_ts102,3,2022-01-17,169.03181932890985,11.0,0.0,13.0,4.0,0.0,198.7794491945752,169.1205810588262,0.08876172991634235,0.0005248428627706042,0.5405495911145088
station_v0_bogota_sp15__TD3_vanilla_extended_ts102__seed3__2022-03-05,station_v0_bogota_sp15,0.5,TD3_vanilla_extended_ts102,3,2022-03-05,153.24307515953768,9.0,0.0,17.0,5.0,0.0,253.06885444030615,153.6133250966014,0.37024993706370424,0.002410272265318576,0.6231871400560584
station_v0_bogota_sp15__TD3_vanilla_extended_ts102__seed4__2022-01-17,station_v0_bogota_sp15,0.5,TD3_vanilla_extended_ts102,4,2022-01-17,142.75601680438,11.0,0.0,21.0,6.0,0.0,333.53064821955786,142.8842801135737,0.12826330919369866,0.0008976726417472003,0.7003536028901296
station_v0_bogota_sp15__TD3_vanilla_extended_ts102__seed4__2022-03-05,station_v0_bogota_sp15,0.5,TD3_vanilla_extended_ts102,4,2022-03-05,96.26343147325522,8.0,1.0,16.0,11.0,13.4206320002747,235.82742043775588,96.33400478086074,0.07057330760551395,0.12292150658548834,0.7101908163782169
station_v0_bogota_sp15__TD3_vanilla_extended_ts102__seed5__2022-01-17,station_v0_bogota_sp15,0.5,TD3_vanilla_extended_ts102,5,2022-01-17,119.23652531759384,10.0,0.0,15.0,8.0,0.0,221.33840581609695,119.39041969718062,0.15389437958677377,0.0012890010771141292,0.6500544820709705
station_v0_bogota_sp15__TD3_vanilla_extended_ts102__seed5__2022-03-05,station_v0_bogota_sp15,0.5,TD3_vanilla_extended_ts102,5,2022-03-05,118.0729441509537,10.0,1.0,17.0,6.0,13.8197522131234,255.89747541228147,118.12570443674058,0.052760285786874306,0.10513823553411895,0.6843165062694377
station_v0_bogota_sp15__TD3_vanilla_extended_ts102__seed6__2022-01-17,station_v0_bogota_sp15,0.5,TD3_vanilla_extended_ts102,6,2022-01-17,78.12222076122562,7.0,0.0,11.0,6.0,0.0,144.5916826525594,78.14878978381286,0.026569022587239033,0.00033997996207923796,0.6492679578762145
station_v0_bogota_sp15__TD3_vanilla_extended_ts102__seed6__2022-03-05,station_v0_bogota_sp15,0.5,TD3_vanilla_extended_ts102,6,2022-03-05,77.29425813187689,7.0,0.0,9.0,6.0,0.0,127.7257679346054,77.4183851340342,0.12412700215730865,0.0016033271934361324,0.6232197848406879
station_v0_bogota_sp15__TD3_vanilla_extended_ts102__seed7__2022-01-17,station_v0_bogota_sp15,0.5,TD3_vanilla_extended_ts102,7,2022-01-17,202.65518134369324,12.0,1.0,17.0,8.0,12.8498847984186,267.3215890800033,202.74272004899652,0.0875387053032739,0.06000866083917066,0.5688777526649476
station_v0_bogota_sp15__TD3_vanilla_extended_ts102__seed7__2022-03-05,station_v0_bogota_sp15,0.5,TD3_vanilla_extended_ts102,7,2022-03-05,181.61236640467445,11.0,0.0,17.0,6.0,0.0,273.29843746621174,181.70409175165332,0.09172534697887613,0.000504806171917378,0.6008541607079407
station_v0_bogota_sp15__TD3_vanilla_extended_ts102__seed8__2022-01-17,station_v0_bogota_sp15,0.5,TD3_vanilla_extended_ts102,8,2022-01-17,209.89445440165665,10.0,0.0,14.0,12.0,0.0,208.4412522769386,210.02020910974812,0.1257547080914776,0.0005987743209310073,0.498413895257848
station_v0_bogota_sp15__TD3_vanilla_extended_ts102__seed8__2022-03-05,station_v0_bogota_sp15,0.5,TD3_vanilla_extended_ts102,8,2022-03-05,197.94317863600423,10.0,2.0,14.0,13.0,29.1648515090588,209.9402956901548,198.0075684343448,0.06438979834055658,0.12866544853764095,0.514783147447501
station_v0_bogota_sp15__TD3_vanilla_extended_ts102__seed9__2022-01-17,station_v0_bogota_sp15,0.5,TD3_vanilla_extended_ts102,9,2022-01-17,169.29730516376077,10.0,0.0,13.0,7.0,0.0,208.4328891559386,169.39910426151863,0.101799097757862,0.0006009423615410881,0.5519243787894151
station_v0_bogota_sp15__TD3_vanilla_extended_ts102__seed9__2022-03-05,station_v0_bogota_sp15,0.5,TD3_vanilla_extended_ts102,9,2022-03-05,158.5257276979771,9.0,0.0,13.0,7.0,0.0,207.7630748946885,158.5807035401167,0.05497584213961204,0.000346674222729152,0.567276047718691
station_v0_bogota_sp15__TD3_vanilla_extended_ts102__seed10__2022-01-17,station_v0_bogota_sp15,0.5,TD3_vanilla_extended_ts102,10,2022-01-17,141.53054725979527,10.0,1.0,22.0,9.0,12.7073268167037,322.62458135103805,141.64564552291336,0.11509826311808524,0.08307209693124071,0.6951548062585099
station_v0_bogota_sp15__TD3_vanilla_extended_ts102__seed10__2022-03-05,station_v0_bogota_sp15,0.5,TD3_vanilla_extended_ts102,10,2022-03-05,164.82502443622275,11.0,2.0,21.0,7.0,27.2403842133981,314.4277736453079,164.89126296444016,0.06623852821741139,0.14212454399217392,0.6561266883910143
station_v0_bogota_sp15__TD3_vanilla_extended_ts102__seed11__2022-01-17,station_v0_bogota_sp15,0.5,TD3_vanilla_extended_ts102,11,2022-01-17,128.31649592662632,9.0,1.0,8.0,6.0,12.8292169687832,114.7465571594753,128.40350755057415,0.08701162394783069,0.09145351147680186,0.4722744734629595
station_v0_bogota_sp15__TD3_vanilla_extended_ts102__seed11__2022-03-05,station_v0_bogota_sp15,0.5,TD3_vanilla_extended_ts102,11,2022-03-05,127.9878239201698,9.0,0.0,10.0,5.0,0.0,157.39578857592818,128.0933309532043,0.10550703303448472,0.0008236731159175577,0.5516893108526701
station_v0_bogota_sp15__TD3_vanilla_extended_ts102__seed12__2022-01-17,station_v0_bogota_sp15,0.5,TD3_vanilla_extended_ts102,12,2022-01-17,89.28484485261856,9.0,0.0,9.0,5.0,0.0,133.7690389814135,89.3409073193611,0.05606246674253157,0.0006275117236287823,0.5998168332116686
station_v0_bogota_sp15__TD3_vanilla_extended_ts102__seed12__2022-03-05,station_v0_bogota_sp15,0.5,TD3_vanilla_extended_ts102,12,2022-03-05,154.63698064417366,12.0,2.0,13.0,2.0,30.2093486123154,191.8098183595256,154.6861029947965,0.049122350622837985,0.16365178645516432,0.553711974329291
station_v0_bogota_sp15__TD3_vanilla_extended_ts102__seed13__2022-01-17,station_v0_bogota_sp15,0.5,TD3_vanilla_extended_ts102,13,2022-01-17,176.57617231181828,11.0,0.0,16.0,8.0,0.0,236.7498842164977,197.34085243059508,20.764680118776795,0.1052224101752056,0.593227504287033
station_v0_bogota_sp15__TD3_vanilla_extended_ts102__seed13__2022-03-05,station_v0_bogota_sp15,0.5,TD3_vanilla_extended_ts102,13,2022-03-05,176.29691534481157,10.0,1.0,19.0,8.0,16.389596399192,282.4306844677333,176.44747500229633,0.15055965748476297,0.08577269887199251,0.6158088771354437
station_v0_bogota_sp15__TD3_vanilla_extended_ts102__seed14__2022-01-17,station_v0_bogota_sp15,0.5,TD3_vanilla_extended_ts102,14,2022-01-17,146.83459972771738,8.0,0.0,8.0,6.0,0.0,117.4947144784452,146.9462632379064,0.11166351018903242,0.0007598934993552636,0.4447358310510515
station_v0_bogota_sp15__TD3_vanilla_extended_ts102__seed14__2022-03-05,station_v0_bogota_sp15,0.5,TD3_vanilla_extended_ts102,14,2022-03-05,128.4022069569499,7.0,0.0,8.0,5.0,0.0,127.2212572729042,128.60486777628637,0.2026608193364723,0.0015758409680806903,0.4980879809196166
station_v0_bogota_sp15__TD3_vanilla_extended_ts102__seed15__2022-01-17,station_v0_bogota_sp15,0.5,TD3_vanilla_extended_ts102,15,2022-01-17,136.1783354438356,11.0,1.0,22.0,10.0,12.962767348338,313.9088662060704,136.21880244373028,0.04046699989467584,0.08716381230172593,0.6974673077700044
station_v0_bogota_sp15__TD3_vanilla_extended_ts102__seed15__2022-03-05,station_v0_bogota_sp15,0.5,TD3_vanilla_extended_ts102,15,2022-03-05,129.2895956483641,11.0,4.0,24.0,10.0,59.2299784214088,351.044818077477,129.34717521875746,0.057579570393357926,0.3143941715491782,0.7308664643612462
station_v0_bogota_sp15__TD3_vanilla_extended_ts102__seed16__2022-01-17,station_v0_bogota_sp15,0.5,TD3_vanilla_extended_ts102,16,2022-01-17,163.42713015313507,11.0,0.0,15.0,8.0,0.0,229.7248458795565,163.49068069930655,0.06355054617148426,0.00038871051181422973,0.5843828152590557
station_v0_bogota_sp15__TD3_vanilla_extended_ts102__seed16__2022-03-05,station_v0_bogota_sp15,0.5,TD3_vanilla_extended_ts102,16,2022-03-05,146.49185784070272,10.0,0.0,12.0,6.0,0.0,182.73272144962323,146.62495901136407,0.13310117066134808,0.0009077661235767654,0.5552195484384497
station_v0_bogota_sp15__TD3_vanilla_extended_ts102__seed17__2022-01-17,station_v0_bogota_sp15,0.5,TD3_vanilla_extended_ts102,17,2022-01-17,153.92180648546423,10.0,1.0,9.0,7.0,12.8498847984186,128.75542191347247,178.23385167508576,24.31204518962153,0.19447981640861936,0.4986085191635796
station_v0_bogota_sp15__TD3_vanilla_extended_ts102__seed17__2022-03-05,station_v0_bogota_sp15,0.5,TD3_vanilla_extended_ts102,17,2022-03-05,192.93320095634363,12.0,2.0,13.0,3.0,25.8647986876495,192.5440872495196,199.46882178472868,6.535620828385049,0.143788660778236,0.5078396743830496
station_v0_bogota_sp15__TD3_vanilla_extended_ts102__seed18__2022-01-17,station_v0_bogota_sp15,0.5,TD3_vanilla_extended_ts102,18,2022-01-17,110.91887950784604,10.0,2.0,18.0,7.0,26.7902532533877,261.0328470178435,111.0138524863366,0.09497297849055997,0.1950974253456379,0.701868395403949
station_v0_bogota_sp15__TD3_vanilla_extended_ts102__seed18__2022-03-05,station_v0_bogota_sp15,0.5,TD3_vanilla_extended_ts102,18,2022-03-05,103.36016633082232,10.0,0.0,23.0,5.0,0.0,338.2791629985609,103.4438743919435,0.0837080611211718,0.0008092123541700138,0.7660068468662481
station_v0_bogota_sp15__TD3_vanilla_extended_ts102__seed19__2022-01-17,station_v0_bogota_sp15,0.5,TD3_vanilla_extended_ts102,19,2022-01-17,108.16513680339554,10.0,0.0,13.0,5.0,0.0,197.4706974989641,108.20894615263455,0.04380934923901236,0.00040485884759673116,0.6461487081335459
station_v0_bogota_sp15__TD3_vanilla_extended_ts102__seed19__2022-03-05,station_v0_bogota_sp15,0.5,TD3_vanilla_extended_ts102,19,2022-03-05,107.66226189840066,10.0,0.0,15.0,5.0,0.0,222.06254980172457,107.72427175191864,0.06200985351797783,0.0005756349289673745,0.6735398297870181
station_v0_bogota_sp15__TD3_vanilla_extended_ts102__seed20__2022-01-17,station_v0_bogota_sp15,0.5,TD3_vanilla_extended_ts102,20,2022-01-17,144.32889160679446,9.0,5.0,10.0,11.0,64.74790028688071,131.0144638603035,144.39120926737002,0.062317660575558875,0.3098904747447272,0.47594074599949876
station_v0_bogota_sp15__TD3_vanilla_extended_ts102__seed20__2022-03-05,station_v0_bogota_sp15,0.5,TD3_vanilla_extended_ts102,20,2022-03-05,157.69473311098184,10.0,4.0,12.0,10.0,52.7312553339163,164.67964585273216,157.75973013336466,0.06499702238281202,0.25082429178187227,0.5109321476984205
station_v0_bogota_sp15__TD3_vanilla_extended_ts102__seed21__2022-01-17,station_v0_bogota_sp15,0.5,TD3_vanilla_extended_ts102,21,2022-01-17,146.96299091596725,11.0,0.0,17.0,6.0,0.0,256.48489278647145,147.06991528062187,0.10692436465461697,0.0007270308441437272,0.6358289184562663
station_v0_bogota_sp15__TD3_vanilla_extended_ts102__seed21__2022-03-05,station_v0_bogota_sp15,0.5,TD3_vanilla_extended_ts102,21,2022-03-05,110.16339836878332,11.0,0.0,15.0,3.0,0.0,235.78907951137373,138.02301304180307,27.85961467301975,0.2018476054031794,0.7052973925579682
station_v0_bogota_sp15__TD3_vanilla_extended_ts102__seed22__2022-01-17,station_v0_bogota_sp15,0.5,TD3_vanilla_extended_ts102,22,2022-01-17,176.07678026632468,12.0,1.0,20.0,11.0,12.8498847984186,293.10056136794714,176.16823820053492,0.09145793421023996,0.06846614772859896,0.6247848132493856
station_v0_bogota_sp15__TD3_vanilla_extended_ts102__seed22__2022-03-05,station_v0_bogota_sp15,0.5,TD3_vanilla_extended_ts102,22,2022-03-05,182.61159793484327,13.0,2.0,23.0,6.0,29.2394811976106,361.7399679298106,182.7187814318546,0.10718349701133434,0.1384549218820702,0.6645997549879749
station_v0_bogota_sp15__TD3_vanilla_extended_ts102__seed23__2022-01-17,station_v0_bogota_sp15,0.5,TD3_vanilla_extended_ts102,23,2022-01-17,185.76175391603888,13.0,1.0,17.0,2.0,16.1815682683545,259.4297162343517,216.7427910924278,30.981037176388924,0.2024803484451882,0.6098855959599585
station_v0_bogota_sp15__TD3_vanilla_extended_ts102__seed23__2022-03-05,station_v0_bogota_sp15,0.5,TD3_vanilla_extended_ts102,23,2022-03-05,191.35898657966663,12.0,0.0,14.0,1.0,0.0,210.60887028879688,200.40239945130523,9.043412871638594,0.045126270425898805,0.5344191250505853
station_v0_bogota_sp15__TD3_vanilla_extended_ts102__seed24__2022-01-17,station_v0_bogota_sp15,0.5,TD3_vanilla_extended_ts102,24,2022-01-17,159.37691182339296,11.0,0.0,15.0,12.0,0.0,225.6778924070616,159.45552469357816,0.07861287018519647,0.0004930081308644836,0.5861774004883457
station_v0_bogota_sp15__TD3_vanilla_extended_ts102__seed24__2022-03-05,station_v0_bogota_sp15,0.5,TD3_vanilla_extended_ts102,24,2022-03-05,134.46798027832733,9.0,0.0,17.0,9.0,0.0,264.0340816104134,134.5108153195855,0.04283504125817217,0.0003184505361624639,0.6626026796124164
station_v0_bogota_sp15__TD3_vanilla_extended_ts102__seed25__2022-01-17,station_v0_bogota_sp15,0.5,TD3_vanilla_extended_ts102,25,2022-01-17,159.3185827003355,10.0,0.0,14.0,5.0,0.0,216.29986841872136,159.36478870778438,0.046206007448887476,0.00028993862335306746,0.5759021252651811
station_v0_bogota_sp15__TD3_vanilla_extended_ts102__seed25__2022-03-05,station_v0_bogota_sp15,0.5,TD3_vanilla_extended_ts102,25,2022-03-05,138.20983785730212,9.0,0.0,12.0,6.0,0.0,184.0671161320014,138.26841679093678,0.0585789336346636,0.00042366098487433705,0.5712236978529314
station_v0_bogota_sp15__TD3_vanilla_extended_ts102__seed26__2022-01-17,station_v0_bogota_sp15,0.5,TD3_vanilla_extended_ts102,26,2022-01-17,69.6039624948148,6.0,0.0,6.0,6.0,0.0,92.0822709015589,69.70199000175026,0.09802750693546614,0.0014063803190268256,0.5697729673690952
station_v0_bogota_sp15__TD3_vanilla_extended_ts102__seed26__2022-03-05,station_v0_bogota_sp15,0.5,TD3_vanilla_extended_ts102,26,2022-03-05,98.09784638635092,9.0,0.0,7.0,3.0,0.0,107.924017222863,98.13000861576288,0.032162229411952126,0.0003277512135751084,0.5239217191360404
station_v0_bogota_sp15__TD3_vanilla_extended_ts102__seed27__2022-01-17,station_v0_bogota_sp15,0.5,TD3_vanilla_extended_ts102,27,2022-01-17,199.4736629140724,11.0,2.0,9.0,12.0,26.391133040539003,127.3285469210877,199.55519345345076,0.08153053937834898,0.11716350511510328,0.38977184155590455
station_v0_bogota_sp15__TD3_vanilla_extended_ts102__seed27__2022-03-05,station_v0_bogota_sp15,0.5,TD3_vanilla_extended_ts102,27,2022-03-05,136.99805325861848,9.0,1.0,15.0,9.0,13.8197522131234,230.25720859505375,147.63212598581967,10.634072727201186,0.15146200349674635,0.6374651499212951
station_v0_bogota_sp15__TD3_vanilla_extended_ts102__seed28__2022-01-17,station_v0_bogota_sp15,0.5,TD3_vanilla_extended_ts102,28,2022-01-17,169.59243076553588,12.0,0.0,9.0,8.0,0.0,128.7203015523886,169.64380918049676,0.05137841496087958,0.0003028605359021044,0.4315923910923527
station_v0_bogota_sp15__TD3_vanilla_extended_ts102__seed28__2022-03-05,station_v0_bogota_sp15,0.5,TD3_vanilla_extended_ts102,28,2022-03-05,125.78385920742927,10.0,0.0,10.0,8.0,0.0,148.3008675636571,146.4207199637466,20.63686075631732,0.14094221611140115,0.5732112456956222
station_v0_bogota_sp15__TD3_vanilla_extended_ts102__seed29__2022-01-17,station_v0_bogota_sp15,0.5,TD3_vanilla_extended_ts102,29,2022-01-17,174.5081365229459,11.0,0.0,9.0,13.0,0.0,131.1565411039591,174.53966208778075,0.03152556483485114,0.0001806212092870678,0.4291452275137016
station_v0_bogota_sp15__TD3_vanilla_extended_ts102__seed29__2022-03-05,station_v0_bogota_sp15,0.5,TD3_vanilla_extended_ts102,29,2022-03-05,125.61186979418753,9.0,2.0,9.0,13.0,27.6395044262468,130.64039587399327,125.65213196519794,0.04026217101041141,0.18056932034161538,0.5098886773905413
station_v0_bogota_sp15__TD3_vanilla_extended_ts102__seed30__2022-01-17,station_v0_bogota_sp15,0.5,TD3_vanilla_extended_ts102,30,2022-01-17,200.30580540755656,13.0,0.0,13.0,0.0,0.0,209.0225943558373,200.4666695948181,0.16086418726152374,0.0008024485446217138,0.5108399095130026
station_v0_bogota_sp15__TD3_vanilla_extended_ts102__seed30__2022-03-05,station_v0_bogota_sp15,0.5,TD3_vanilla_extended_ts102,30,2022-03-05,100.80753231920464,10.0,0.0,13.0,5.0,0.0,201.77071573236208,105.8781150443699,5.070582725165266,0.04789075365612958,0.6723292200893718
station_v0_bogota_sp15__TD3_vanilla_extended_ts102__seed31__2022-01-17,station_v0_bogota_sp15,0.5,TD3_vanilla_extended_ts102,31,2022-01-17,126.37898146701316,9.0,0.0,12.0,6.0,0.0,176.2055753075436,126.48596183304014,0.10698036602697414,0.0008457884533319742,0.5824826070101953
station_v0_bogota_sp15__TD3_vanilla_extended_ts102__seed31__2022-03-05,station_v0_bogota_sp15,0.5,TD3_vanilla_extended_ts102,31,2022-03-05,110.797399259056,8.0,0.0,13.0,5.0,0.0,190.45786146114617,110.93848411755928,0.1410848585032909,0.0012717395557143732,0.6323863879427072
station_v0_bogota_sp15__TD3_vanilla_extended_ts102__seed32__2022-01-17,station_v0_bogota_sp15,0.5,TD3_vanilla_extended_ts102,32,2022-01-17,126.28782969998358,8.0,0.0,14.0,6.0,0.0,215.55922643317984,126.40603756052796,0.1182078605443877,0.0009351441024941972,0.6306998312486286
station_v0_bogota_sp15__TD3_vanilla_extended_ts102__seed32__2022-03-05,station_v0_bogota_sp15,0.5,TD3_vanilla_extended_ts102,32,2022-03-05,136.5491296136912,9.0,0.0,11.0,9.0,0.0,167.3733407780829,136.59469414140042,0.04556452770921737,0.0003335746530685136,0.5507779966078964
station_v0_bogota_sp15__TD3_vanilla_extended_ts102__seed33__2022-01-17,station_v0_bogota_sp15,0.5,TD3_vanilla_extended_ts102,33,2022-01-17,129.14342955942217,8.0,0.0,9.0,12.0,0.0,137.8184436174585,129.1974572659663,0.054027706544133025,0.00041817933330461304,0.5163455467178178
station_v0_bogota_sp15__TD3_vanilla_extended_ts102__seed33__2022-03-05,station_v0_bogota_sp15,0.5,TD3_vanilla_extended_ts102,33,2022-03-05,166.15934982644606,10.0,0.0,11.0,9.0,0.0,166.46635065914091,166.21345756548567,0.054107739039608305,0.00032553163764306297,0.5005427269145992
station_v0_bogota_sp15__TD3_vanilla_extended_ts102__seed34__2022-01-17,station_v0_bogota_sp15,0.5,TD3_vanilla_extended_ts102,34,2022-01-17,148.44437180284245,11.0,0.0,14.0,10.0,0.0,215.0833808252517,148.51313115419794,0.06875935135548161,0.00046298499547551983,0.5917332347477732
station_v0_bogota_sp15__TD3_vanilla_extended_ts102__seed34__2022-03-05,station_v0_bogota_sp15,0.5,TD3_vanilla_extended_ts102,34,2022-03-05,97.72829035288116,8.0,0.0,14.0,13.0,0.0,208.1341432018612,97.77626929694044,0.04797894405928105,0.0004907013164265041,0.6805329718769739
station_v0_bogota_sp15__TD3_vanilla_extended_ts102__seed35__2022-01-17,station_v0_bogota_sp15,0.5,TD3_vanilla_extended_ts102,35,2022-01-17,95.35868874846184,9.0,0.0,11.0,3.0,0.0,152.8611016718997,112.71090539017273,17.352216641710882,0.1539533071945656,0.6409309482449573
station_v0_bogota_sp15__TD3_vanilla_extended_ts102__seed35__2022-03-05,station_v0_bogota_sp15,0.5,TD3_vanilla_extended_ts102,35,2022-03-05,90.24929115121375,9.0,0.0,11.0,4.0,0.0,161.6418222958465,107.69702432409323,17.44773317287948,0.16200756968339183,0.6649228572714457
station_v0_bogota_sp15__TD3_vanilla_extended_ts102__seed36__2022-01-17,station_v0_bogota_sp15,0.5,TD3_vanilla_extended_ts102,36,2022-01-17,142.682620475609,8.0,0.0,8.0,7.0,0.0,118.0074174034714,142.73546200086798,0.05284152525896957,0.000370206005699188,0.45278421101445254
station_v0_bogota_sp15__TD3_vanilla_extended_ts102__seed36__2022-03-05,station_v0_bogota_sp15,0.5,TD3_vanilla_extended_ts102,36,2022-03-05,140.4167360167968,8.0,0.0,7.0,5.0,0.0,105.72488729974032,140.51328215842557,0.09654614162877806,0.0006870961957882705,0.42975235591713334
station_v0_bogota_sp15__TD3_vanilla_extended_ts102__seed37__2022-01-17,station_v0_bogota_sp15,0.5,TD3_vanilla_extended_ts102,37,2022-01-17,134.6433611725737,10.0,0.0,10.0,2.0,0.0,147.7899708880428,160.19995115608353,25.556589983509838,0.1595293244416157,0.5628319255417615
station_v0_bogota_sp15__TD3_vanilla_extended_ts102__seed37__2022-03-05,station_v0_bogota_sp15,0.5,TD3_vanilla_extended_ts102,37,2022-03-05,60.640046961439765,7.0,0.0,11.0,2.0,0.0,168.9600532758196,111.36731859376606,50.72727163232629,0.45549513333767044,0.7836813203184068
station_v0_bogota_sp15__TD3_vanilla_extended_ts102__seed38__2022-01-17,station_v0_bogota_sp15,0.5,TD3_vanilla_extended_ts102,38,2022-01-17,152.409268565098,8.0,0.0,10.0,12.0,0.0,141.8307766006857,152.52373736716726,0.11446880206926835,0.0007504982768269699,0.4822254752928882
station_v0_bogota_sp15__TD3_vanilla_extended_ts102__seed38__2022-03-05,station_v0_bogota_sp15,0.5,TD3_vanilla_extended_ts102,38,2022-03-05,145.5723015016851,8.0,0.0,8.0,12.0,0.0,115.8630693965651,145.62889677826468,0.05659527657957142,0.0003886266931331883,0.4433010557412018
station_v0_bogota_sp15__TD3_vanilla_extended_ts102__seed39__2022-01-17,station_v0_bogota_sp15,0.5,TD3_vanilla_extended_ts102,39,2022-01-17,144.15108466321254,9.0,1.0,6.0,6.0,13.8197522131234,99.0975862127938,144.27057574445513,0.119491081242586,0.08817265087909991,0.407683061317878
station_v0_bogota_sp15__TD3_vanilla_extended_ts102__seed39__2022-03-05,station_v0_bogota_sp15,0.5,TD3_vanilla_extended_ts102,39,2022-03-05,147.90964400296605,9.0,0.0,10.0,5.0,0.0,152.10398252015386,147.9588848108317,0.0492408078656581,0.0003328006150398702,0.5070711503939149
station_v0_bogota_sp15__TD3_vanilla_extended_ts102__seed40__2022-01-17,station_v0_bogota_sp15,0.5,TD3_vanilla_extended_ts102,40,2022-01-17,153.72866816026578,11.0,0.0,17.0,8.0,0.0,257.7189321374647,153.7988633504698,0.07019519020400367,0.0004564090310865698,0.6264349443795243
station_v0_bogota_sp15__TD3_vanilla_extended_ts102__seed40__2022-03-05,station_v0_bogota_sp15,0.5,TD3_vanilla_extended_ts102,40,2022-03-05,133.37598642470226,10.0,0.0,13.0,6.0,0.0,206.2348557815805,133.4061171075499,0.03013068284764131,0.000225856831012857,0.6073030138556328
station_v0_bogota_sp15__TD3_vanilla_extended_ts102__seed41__2022-01-17,station_v0_bogota_sp15,0.5,TD3_vanilla_extended_ts102,41,2022-01-17,107.25753010484296,8.0,1.0,12.0,8.0,12.8498847984186,167.9980844215255,107.34440933398398,0.08687922914101875,0.10763209785406995,0.6104577661009989
station_v0_bogota_sp15__TD3_vanilla_extended_ts102__seed41__2022-03-05,station_v0_bogota_sp15,0.5,TD3_vanilla_extended_ts102,41,2022-03-05,119.11671628012442,9.0,0.0,10.0,8.0,0.0,149.8007066377933,119.15385726351138,0.037140983386962034,0.00031170609361662484,0.5571121212732595
station_v0_bogota_sp15__TD3_vanilla_extended_ts102__seed42__2022-01-17,station_v0_bogota_sp15,0.5,TD3_vanilla_extended_ts102,42,2022-01-17,163.30933795938577,11.0,0.0,12.0,8.0,0.0,187.87558917729575,163.3965472344035,0.08720927501772735,0.0005337277714480692,0.5350916823986763
station_v0_bogota_sp15__TD3_vanilla_extended_ts102__seed42__2022-03-05,station_v0_bogota_sp15,0.5,TD3_vanilla_extended_ts102,42,2022-03-05,159.68739775547073,11.0,4.0,16.0,7.0,53.5383417242889,249.4888191252835,159.74686220952225,0.0594644540515219,0.25129641057976737,0.6097911178355278
station_v0_bogota_sp15__TD3_vanilla_extended_ts102__seed43__2022-01-17,station_v0_bogota_sp15,0.5,TD3_vanilla_extended_ts102,43,2022-01-17,138.03900632196604,9.0,0.0,15.0,6.0,0.0,223.1016075785254,138.08153113418234,0.04252481221629978,0.0003079688635185816,0.6178143674869468
station_v0_bogota_sp15__TD3_vanilla_extended_ts102__seed43__2022-03-05,station_v0_bogota_sp15,0.5,TD3_vanilla_extended_ts102,43,2022-03-05,98.74051716865743,8.0,0.0,17.0,7.0,0.0,257.11534159610363,118.5183802603142,19.77786309165677,0.16687591450555264,0.737136174354442
station_v0_bogota_sp15__TD3_vanilla_extended_ts102__seed44__2022-01-17,station_v0_bogota_sp15,0.5,TD3_vanilla_extended_ts102,44,2022-01-17,79.98342545782094,8.0,0.0,10.0,8.0,0.0,145.39946273647192,99.72259235293568,19.739166895114735,0.19794077178874747,0.6736995966003663
station_v0_bogota_sp15__TD3_vanilla_extended_ts102__seed44__2022-03-05,station_v0_bogota_sp15,0.5,TD3_vanilla_extended_ts102,44,2022-03-05,82.27579318912929,8.0,0.0,9.0,6.0,0.0,131.3529929166283,90.14988954840427,7.874096359274986,0.08734449258584105,0.6285565574880602
station_v0_bogota_sp15__TD3_vanilla_extended_ts102__seed45__2022-01-17,station_v0_bogota_sp15,0.5,TD3_vanilla_extended_ts102,45,2022-01-17,112.476568439839,8.0,0.0,13.0,7.0,0.0,192.48217613911743,112.5426279105132,0.06605947067420459,0.0005869728821929671,0.6312543539195654
station_v0_bogota_sp15__TD3_vanilla_extended_ts102__seed45__2022-03-05,station_v0_bogota_sp15,0.5,TD3_vanilla_extended_ts102,45,2022-03-05,113.27363524824077,8.0,0.0,11.0,7.0,0.0,169.99149927014048,113.29291574156352,0.0192804933227535,0.0001701826914467884,0.6001416624223369
station_v0_bogota_sp15__TD3_vanilla_extended_ts102__seed46__2022-01-17,station_v0_bogota_sp15,0.5,TD3_vanilla_extended_ts102,46,2022-01-17,245.45964887161975,13.0,2.0,20.0,8.0,26.1279588169784,307.3301614349596,245.58480655712137,0.12515768550161965,0.0966208432140985,0.5560625718580017
station_v0_bogota_sp15__TD3_vanilla_extended_ts102__seed46__2022-03-05,station_v0_bogota_sp15,0.5,TD3_vanilla_extended_ts102,46,2022-03-05,240.74603875605095,13.0,1.0,17.0,5.0,12.9705010402643,274.4715368227027,240.843063352564,0.09702459651305162,0.05148474104619837,0.5328173533717667
station_v0_bogota_sp15__TD3_vanilla_extended_ts102__seed47__2022-01-17,station_v0_bogota_sp15,0.5,TD3_vanilla_extended_ts102,47,2022-01-17,154.05601675331462,11.0,0.0,12.0,5.0,0.0,178.95006747854808,154.14133701716992,0.08532026385529434,0.0005535196820421407,0.537496270771241
station_v0_bogota_sp15__TD3_vanilla_extended_ts102__seed47__2022-03-05,station_v0_bogota_sp15,0.5,TD3_vanilla_extended_ts102,47,2022-03-05,146.31120209277097,9.0,0.0,10.0,4.0,0.0,142.8650830848425,146.44899878336508,0.13779669059411503,0.0009409193080107773,0.49428247270929354
station_v0_bogota_sp15__TD3_vanilla_extended_ts102__seed48__2022-01-17,station_v0_bogota_sp15,0.5,TD3_vanilla_extended_ts102,48,2022-01-17,222.5343692345349,11.0,0.0,12.0,5.0,0.0,177.7698510103619,222.71999103000752,0.18562179547262758,0.0008334312273190527,0.4443445354299313
station_v0_bogota_sp15__TD3_vanilla_extended_ts102__seed48__2022-03-05,station_v0_bogota_sp15,0.5,TD3_vanilla_extended_ts102,48,2022-03-05,217.01961243140224,10.0,0.0,9.0,6.0,0.0,136.81694869130376,217.10512008502783,0.08550765362559787,0.00039385369443203065,0.38681525799807553
station_v0_bogota_sp15__TD3_vanilla_extended_ts102__seed49__2022-01-17,station_v0_bogota_sp15,0.5,TD3_vanilla_extended_ts102,49,2022-01-17,176.23696399550852,12.0,0.0,11.0,16.0,0.0,164.75926914883885,176.3504783022284,0.11351430671987828,0.0006436858454409073,0.48334233978233065
station_v0_bogota_sp15__TD3_vanilla_extended_ts102__seed49__2022-03-05,station_v0_bogota_sp15,0.5,TD3_vanilla_extended_ts102,49,2022-03-05,150.42012883984572,9.0,0.0,11.0,15.0,0.0,161.46265713905018,150.48147479495242,0.06134595510670238,0.0004076644995026331,0.5177978572404439
station_v0_bogota_sp22__TD3_vanilla_extended_ts102__seed0__2022-01-17,station_v0_bogota_sp22,0.75,TD3_vanilla_extended_ts102,0,2022-01-17,127.96284901674574,11.0,1.0,24.0,15.0,12.9705010402643,334.7260317812029,128.0157736132909,0.05292459654515369,0.09237371275191046,0.7234681467613335
station_v0_bogota_sp22__TD3_vanilla_extended_ts102__seed0__2022-03-05,station_v0_bogota_sp22,0.75,TD3_vanilla_extended_ts102,0,2022-03-05,182.64897895709865,13.0,9.0,25.0,6.0,117.88148470949,379.827159537632,182.7419813878855,0.09300243078683934,0.3924327287945763,0.6753306115287244
station_v0_bogota_sp22__TD3_vanilla_extended_ts102__seed1__2022-01-17,station_v0_bogota_sp22,0.75,TD3_vanilla_extended_ts102,1,2022-01-17,162.05783528228503,12.0,1.0,23.0,11.0,12.7073268167037,348.7976950144417,162.17531403248455,0.11747875019952403,0.07333378261346601,0.6828446269900684
station_v0_bogota_sp22__TD3_vanilla_extended_ts102__seed1__2022-03-05,station_v0_bogota_sp22,0.75,TD3_vanilla_extended_ts102,1,2022-03-05,167.26898249628314,12.0,1.0,29.0,10.0,12.7073268167037,435.5254933424122,167.35552794064165,0.08654544435850653,0.0710522571593312,0.7225505919222659
station_v0_bogota_sp22__TD3_vanilla_extended_ts102__seed2__2022-01-17,station_v0_bogota_sp22,0.75,TD3_vanilla_extended_ts102,2,2022-01-17,155.11172771279155,12.0,4.0,22.0,13.0,55.2263099360472,340.9938682725535,155.16323484265305,0.05150712986150552,0.26274032354627264,0.6873737637959908
station_v0_bogota_sp22__TD3_vanilla_extended_ts102__seed2__2022-03-05,station_v0_bogota_sp22,0.75,TD3_vanilla_extended_ts102,2,2022-03-05,186.4063282162797,12.0,1.0,27.0,4.0,16.1815682683545,426.47932595224,186.52332625339665,0.11699803711695722,0.08040539101892558,0.6959126888838514
station_v0_bogota_sp22__TD3_vanilla_extended_ts102__seed3__2022-01-17,station_v0_bogota_sp22,0.75,TD3_vanilla_extended_ts102,3,2022-01-17,186.57988716077,12.0,1.0,27.0,5.0,13.0149138892309,400.52763671973287,186.65212360446583,0.07223644369582871,0.06554487158823041,0.6822440081079193
station_v0_bogota_sp22__TD3_vanilla_extended_ts102__seed3__2022-03-05,station_v0_bogota_sp22,0.75,TD3_vanilla_extended_ts102,3,2022-03-05,177.0235393688888,12.0,3.0,24.0,6.0,38.9559159697595,357.9980580299238,177.11068982611434,0.08715045722553327,0.18069921672148853,0.6691821240483365
station_v0_bogota_sp22__TD3_vanilla_extended_ts102__seed4__2022-01-17,station_v0_bogota_sp22,0.75,TD3_vanilla_extended_ts102,4,2022-01-17,143.58666088520437,11.0,1.0,29.0,15.0,12.962767348338,428.7440526700435,143.6805102114675,0.09384932626312548,0.0833525503168572,0.7491605528553706
station_v0_bogota_sp22__TD3_vanilla_extended_ts102__seed4__2022-03-05,station_v0_bogota_sp22,0.75,TD3_vanilla_extended_ts102,4,2022-03-05,138.77260039524631,11.0,8.0,27.0,15.0,105.0826106582331,392.6604984315877,138.87847675266715,0.1058763574208399,0.43116911853440965,0.7389230011832311
station_v0_bogota_sp22__TD3_vanilla_extended_ts102__seed5__2022-01-17,station_v0_bogota_sp22,0.75,TD3_vanilla_extended_ts102,5,2022-01-17,162.45474297497384,13.0,4.0,25.0,10.0,51.76138791921151,375.1292782944728,162.54580905524173,0.09106608026789331,0.24195386217318932,0.6978570389494165
station_v0_bogota_sp22__TD3_vanilla_extended_ts102__seed5__2022-03-05,station_v0_bogota_sp22,0.75,TD3_vanilla_extended_ts102,5,2022-03-05,134.6714991883635,12.0,5.0,26.0,9.0,68.9256058027108,391.5437213593927,134.75324462757123,0.08174543920773658,0.33880469717958916,0.7441149999110972
station_v0_bogota_sp22__TD3_vanilla_extended_ts102__seed6__2022-01-17,station_v0_bogota_sp22,0.75,TD3_vanilla_extended_ts102,6,2022-01-17,130.85431207817328,10.0,2.0,19.0,12.0,25.2361830450185,256.8077323662858,131.2958723285608,0.4415602503875107,0.1640414369703606,0.662836648525695
station_v0_bogota_sp22__TD3_vanilla_extended_ts102__seed6__2022-03-05,station_v0_bogota_sp22,0.75,TD3_vanilla_extended_ts102,6,2022-03-05,77.46214728739771,7.0,0.0,11.0,10.0,0.0,151.41887995400478,77.4905673573139,0.02842006991619428,0.00036675521789829643,0.6616035371312194
station_v0_bogota_sp22__TD3_vanilla_extended_ts102__seed7__2022-01-17,station_v0_bogota_sp22,0.75,TD3_vanilla_extended_ts102,7,2022-01-17,240.62896088311936,14.0,1.0,24.0,10.0,12.8498847984186,370.7950983380457,240.73542089700985,0.10646001389048365,0.05109264819890807,0.6065135699455938
station_v0_bogota_sp22__TD3_vanilla_extended_ts102__seed7__2022-03-05,station_v0_bogota_sp22,0.75,TD3_vanilla_extended_ts102,7,2022-03-05,235.31022533440284,14.0,1.0,26.0,11.0,12.8498847984186,396.5001343276314,235.44639730921284,0.1361719748099972,0.052300649300900136,0.6276421919352716
station_v0_bogota_sp22__TD3_vanilla_extended_ts102__seed8__2022-01-17,station_v0_bogota_sp22,0.75,TD3_vanilla_extended_ts102,8,2022-01-17,250.1791041524209,13.0,0.0,24.0,9.0,0.0,372.4271886130362,250.31619395965143,0.13708980723052377,0.0005476665534976189,0.5982629263455568
station_v0_bogota_sp22__TD3_vanilla_extended_ts102__seed8__2022-03-05,station_v0_bogota_sp22,0.75,TD3_vanilla_extended_ts102,8,2022-03-05,254.17377496427585,14.0,4.0,22.0,9.0,55.5559845495978,342.14803431492174,254.2769004893952,0.10312552511933859,0.1796423580657435,0.5738377788519715
station_v0_bogota_sp22__TD3_vanilla_extended_ts102__seed9__2022-01-17,station_v0_bogota_sp22,0.75,TD3_vanilla_extended_ts102,9,2022-01-17,190.96712999926532,13.0,0.0,22.0,7.0,0.0,337.9568421551794,191.0385788541216,0.07144885485627128,0.0003740022318258038,0.6390004101833091
station_v0_bogota_sp22__TD3_vanilla_extended_ts102__seed9__2022-03-05,station_v0_bogota_sp22,0.75,TD3_vanilla_extended_ts102,9,2022-03-05,172.06847571860715,11.0,2.0,21.0,6.0,30.2093486123154,324.0151922341165,172.16118916868396,0.09271345007681475,0.14973554152029978,0.6532110713691541
station_v0_bogota_sp22__TD3_vanilla_extended_ts102__seed10__2022-01-17,station_v0_bogota_sp22,0.75,TD3_vanilla_extended_ts102,10,2022-01-17,131.69735546389376,12.0,4.0,31.0,9.0,52.776927998885,469.5647923156428,169.30040185855046,37.6030463946567,0.40697523899248045,0.7938573635489288
station_v0_bogota_sp22__TD3_vanilla_extended_ts102__seed10__2022-03-05,station_v0_bogota_sp22,0.75,TD3_vanilla_extended_ts102,10,2022-03-05,182.69669303328985,13.0,5.0,29.0,10.0,66.3388440706408,425.7202052849272,182.77567910100612,0.07898606771627215,0.2666156484686094,0.6997568961084114
station_v0_bogota_sp22__TD3_vanilla_extended_ts102__seed11__2022-01-17,station_v0_bogota_sp22,0.75,TD3_vanilla_extended_ts102,11,2022-01-17,144.4150940410368,10.0,1.0,18.0,9.0,12.8292169687832,253.9766082543511,144.48291028209138,0.0678162410545724,0.08198371883478604,0.6375664595202064
station_v0_bogota_sp22__TD3_vanilla_extended_ts102__seed11__2022-03-05,station_v0_bogota_sp22,0.75,TD3_vanilla_extended_ts102,11,2022-03-05,145.47513550661802,10.0,0.0,16.0,9.0,0.0,235.73064628053191,145.54743703510215,0.0723015284841324,0.0004967557653845543,0.6184539792018701
station_v0_bogota_sp22__TD3_vanilla_extended_ts102__seed12__2022-01-17,station_v0_bogota_sp22,0.75,TD3_vanilla_extended_ts102,12,2022-01-17,204.61888729921543,15.0,5.0,20.0,6.0,79.677965257899,305.30222518429923,204.70579710137045,0.08690980215502009,0.28048322589981406,0.5987928064696153
station_v0_bogota_sp22__TD3_vanilla_extended_ts102__seed12__2022-03-05,station_v0_bogota_sp22,0.75,TD3_vanilla_extended_ts102,12,2022-03-05,165.09802908254184,13.0,7.0,22.0,5.0,111.2279413420159,335.4163794875563,165.15410399022127,0.05607490767943091,0.40264560643192826,0.6701802552649486
station_v0_bogota_sp22__TD3_vanilla_extended_ts102__seed13__2022-01-17,station_v0_bogota_sp22,0.75,TD3_vanilla_extended_ts102,13,2022-01-17,243.87749274274853,14.0,2.0,30.0,8.0,29.35236374753,456.64190920928223,243.93927740216088,0.06178465941235345,0.10762915500526132,0.6518926037361491
station_v0_bogota_sp22__TD3_vanilla_extended_ts102__seed13__2022-03-05,station_v0_bogota_sp22,0.75,TD3_vanilla_extended_ts102,13,2022-03-05,234.11904922606047,14.0,8.0,33.0,5.0,115.7674879009298,495.02315071329787,234.2154951125601,0.09644588649962316,0.33105590674665325,0.6789541385852882
station_v0_bogota_sp22__TD3_vanilla_extended_ts102__seed14__2022-01-17,station_v0_bogota_sp22,0.75,TD3_vanilla_extended_ts102,14,2022-01-17,223.03818259182367,11.0,1.0,18.0,10.0,12.8292169687832,270.92583900339406,223.14714547453215,0.10896288270848231,0.05482828753494152,0.5485723980081563
station_v0_bogota_sp22__TD3_vanilla_extended_ts102__seed14__2022-03-05,station_v0_bogota_sp22,0.75,TD3_vanilla_extended_ts102,14,2022-03-05,200.2408523260989,10.0,0.0,12.0,11.0,0.0,172.08180694270345,200.3805058969168,0.13965357081789875,0.0006969419015727097,0.46238627258827864
station_v0_bogota_sp22__TD3_vanilla_extended_ts102__seed15__2022-01-17,station_v0_bogota_sp22,0.75,TD3_vanilla_extended_ts102,15,2022-01-17,182.27309120850904,14.0,13.0,35.0,15.0,171.17333985739683,511.5434450959044,182.3162987409997,0.04320753249066911,0.48436086576333426,0.7373055681245093
station_v0_bogota_sp22__TD3_vanilla_extended_ts102__seed15__2022-03-05,station_v0_bogota_sp22,0.75,TD3_vanilla_extended_ts102,15,2022-03-05,162.07165480694576,13.0,11.0,39.0,10.0,144.03562490275618,575.1449020631443,162.11452565726148,0.042870850315722464,0.4706138327533723,0.7801701155479711
station_v0_bogota_sp22__TD3_vanilla_extended_ts102__seed16__2022-01-17,station_v0_bogota_sp22,0.75,TD3_vanilla_extended_ts102,16,2022-01-17,190.23492377017735,13.0,2.0,22.0,8.0,25.8647986876495,332.64999413401534,190.35827072308692,0.12334695290957143,0.12019136399914901,0.6362678440231649
station_v0_bogota_sp22__TD3_vanilla_extended_ts102__seed16__2022-03-05,station_v0_bogota_sp22,0.75,TD3_vanilla_extended_ts102,16,2022-03-05,200.66044416883236,14.0,4.0,21.0,8.0,58.8738970099021,319.39693556546564,200.7881056923649,0.127661523532538,0.22722446071975674,0.6142517983915369
station_v0_bogota_sp22__TD3_vanilla_extended_ts102__seed17__2022-01-17,station_v0_bogota_sp22,0.75,TD3_vanilla_extended_ts102,17,2022-01-17,188.13516804745552,12.0,2.0,21.0,9.0,25.8647986876495,303.20370528834525,198.30150512148973,10.166337074034203,0.16073395130947746,0.6248589961932606
station_v0_bogota_sp22__TD3_vanilla_extended_ts102__seed17__2022-03-05,station_v0_bogota_sp22,0.75,TD3_vanilla_extended_ts102,17,2022-03-05,169.70994654003673,12.0,3.0,21.0,7.0,38.8797125768804,309.13823817808213,194.4242886820097,24.714342141972963,0.27258021455142145,0.6629813826730828
station_v0_bogota_sp22__TD3_vanilla_extended_ts102__seed18__2022-01-17,station_v0_bogota_sp22,0.75,TD3_vanilla_extended_ts102,18,2022-01-17,170.8339361532146,13.0,12.0,33.0,8.0,155.74218220109628,479.39458331262034,170.89933048700766,0.06539433379305137,0.4769986988263287,0.7372973473563019
station_v0_bogota_sp22__TD3_vanilla_extended_ts102__seed18__2022-03-05,station_v0_bogota_sp22,0.75,TD3_vanilla_extended_ts102,18,2022-03-05,128.34051347261777,11.0,2.0,40.0,5.0,28.9594652606779,601.7005981803189,128.42857978289285,0.0880663102750816,0.184559961736049,0.8242221823942991
station_v0_bogota_sp22__TD3_vanilla_extended_ts102__seed19__2022-01-17,station_v0_bogota_sp22,0.75,TD3_vanilla_extended_ts102,19,2022-01-17,131.0303066111163,11.0,5.0,20.0,10.0,66.2473109303193,290.3244895776473,131.12168966625313,0.09138305513684486,0.3361150625728416,0.6890936184397437
station_v0_bogota_sp22__TD3_vanilla_extended_ts102__seed19__2022-03-05,station_v0_bogota_sp22,0.75,TD3_vanilla_extended_ts102,19,2022-03-05,132.55851776466363,11.0,4.0,26.0,6.0,54.0816482139475,379.8013743089999,132.59723914413118,0.03872137946754606,0.28991157146551816,0.7412980552946232
station_v0_bogota_sp22__TD3_vanilla_extended_ts102__seed20__2022-01-17,station_v0_bogota_sp22,0.75,TD3_vanilla_extended_ts102,20,2022-01-17,220.6378645406081,13.0,9.0,23.0,9.0,116.5537010550588,326.8614411176076,235.1958913481163,14.558026807508213,0.3727416625185079,0.6074459814042843
station_v0_bogota_sp22__TD3_vanilla_extended_ts102__seed20__2022-03-05,station_v0_bogota_sp22,0.75,TD3_vanilla_extended_ts102,20,2022-03-05,207.2025078507077,13.0,8.0,23.0,8.0,104.65767234394008,337.34036534438764,207.31458488959623,0.11207703888854326,0.33583034053056854,0.6195710554697181
station_v0_bogota_sp22__TD3_vanilla_extended_ts102__seed21__2022-01-17,station_v0_bogota_sp22,0.75,TD3_vanilla_extended_ts102,21,2022-01-17,156.60379836615277,13.0,1.0,25.0,7.0,12.7073268167037,387.7804335908915,162.6009555462088,5.9971571800560355,0.10669481067665047,0.7154631289192399
station_v0_bogota_sp22__TD3_vanilla_extended_ts102__seed21__2022-03-05,station_v0_bogota_sp22,0.75,TD3_vanilla_extended_ts102,21,2022-03-05,181.13030359233795,13.0,5.0,25.0,4.0,82.3859156506661,385.5200121016322,181.2899785433208,0.15967495098286122,0.31305702348702374,0.6804391126094369
station_v0_bogota_sp22__TD3_vanilla_extended_ts102__seed22__2022-01-17,station_v0_bogota_sp22,0.75,TD3_vanilla_extended_ts102,22,2022-01-17,200.60212143986436,14.0,5.0,37.0,6.0,74.6605306635757,566.417355335904,200.67616548717956,0.07404404731519776,0.27142976492305776,0.7384906585775612
station_v0_bogota_sp22__TD3_vanilla_extended_ts102__seed22__2022-03-05,station_v0_bogota_sp22,0.75,TD3_vanilla_extended_ts102,22,2022-03-05,184.8770338046544,14.0,2.0,31.0,9.0,25.6997695968372,467.50351543179625,184.99385542313664,0.11682161848224837,0.1225314302360692,0.7166624080608636
station_v0_bogota_sp22__TD3_vanilla_extended_ts102__seed23__2022-01-17,station_v0_bogota_sp22,0.75,TD3_vanilla_extended_ts102,23,2022-01-17,187.92293216052184,13.0,1.0,28.0,4.0,16.1815682683545,419.51566258369184,218.90942527622047,30.986493115698636,0.20063746667993784,0.7056460722894442
station_v0_bogota_sp22__TD3_vanilla_extended_ts102__seed23__2022-03-05,station_v0_bogota_sp22,0.75,TD3_vanilla_extended_ts102,23,2022-03-05,212.0322035801785,13.0,4.0,25.0,3.0,65.23412865226311,374.57954836257136,212.11253837142675,0.08033479124824794,0.23549756030755709,0.638597130633684
station_v0_bogota_sp22__TD3_vanilla_extended_ts102__seed24__2022-01-17,station_v0_bogota_sp22,0.75,TD3_vanilla_extended_ts102,24,2022-01-17,158.07123952437755,11.0,0.0,29.0,12.0,0.0,447.5020909611895,158.1169152292216,0.04567570484405792,0.00028887298223496195,0.7389922741713314
station_v0_bogota_sp22__TD3_vanilla_extended_ts102__seed24__2022-03-05,station_v0_bogota_sp22,0.75,TD3_vanilla_extended_ts102,24,2022-03-05,137.81656329997242,10.0,0.0,23.0,11.0,0.0,350.58102077615166,138.00464701169332,0.18808371172090688,0.0013628795536498874,0.7179275357708292
station_v0_bogota_sp22__TD3_vanilla_extended_ts102__seed25__2022-01-17,station_v0_bogota_sp22,0.75,TD3_vanilla_extended_ts102,25,2022-01-17,200.5797221760781,12.0,3.0,16.0,15.0,38.9925951267998,233.7747805373588,200.65088540583508,0.07116322975699063,0.16300780755534494,0.5382875877266741
station_v0_bogota_sp22__TD3_vanilla_extended_ts102__seed25__2022-03-05,station_v0_bogota_sp22,0.75,TD3_vanilla_extended_ts102,25,2022-03-05,156.15432226701878,10.0,0.0,21.0,11.0,0.0,313.11111214281294,156.22173312288464,0.06741085586585882,0.0004315075407135137,0.6672844787186861
station_v0_bogota_sp22__TD3_vanilla_extended_ts102__seed26__2022-01-17,station_v0_bogota_sp22,0.75,TD3_vanilla_extended_ts102,26,2022-01-17,138.48260314581734,11.0,0.0,13.0,8.0,0.0,192.85046759442724,138.5289454271068,0.046342281289469156,0.0003345313944792442,0.5821025757661707
station_v0_bogota_sp22__TD3_vanilla_extended_ts102__seed26__2022-03-05,station_v0_bogota_sp22,0.75,TD3_vanilla_extended_ts102,26,2022-03-05,128.37701547004792,11.0,1.0,19.0,6.0,15.1397130475545,282.232926596634,128.4255128040665,0.048497334018577476,0.10579310060272218,0.6873873683019969
station_v0_bogota_sp22__TD3_vanilla_extended_ts102__seed27__2022-01-17,station_v0_bogota_sp22,0.75,TD3_vanilla_extended_ts102,27,2022-01-17,251.10439371097556,13.0,9.0,22.0,14.0,118.23505627964089,336.0826412907314,251.2094282261528,0.10503451517723761,0.32031900801854385,0.5724369410989355
station_v0_bogota_sp22__TD3_vanilla_extended_ts102__seed27__2022-03-05,station_v0_bogota_sp22,0.75,TD3_vanilla_extended_ts102,27,2022-03-05,219.56099779793544,12.0,10.0,29.0,13.0,134.4524079741106,442.085998391589,219.6417069552796,0.08070915734415962,0.379936043721828,0.6682003851072782
station_v0_bogota_sp22__TD3_vanilla_extended_ts102__seed28__2022-01-17,station_v0_bogota_sp22,0.75,TD3_vanilla_extended_ts102,28,2022-01-17,184.6717578471916,13.0,2.0,16.0,11.0,25.9854149294952,229.0308612152658,184.7800614994684,0.1083036522767884,0.12380451971490981,0.5537291363995787
station_v0_bogota_sp22__TD3_vanilla_extended_ts102__seed28__2022-03-05,station_v0_bogota_sp22,0.75,TD3_vanilla_extended_ts102,28,2022-03-05,139.4170426191449,11.0,3.0,17.0,10.0,44.3045645566133,245.9023128738372,160.0336489637365,20.616606344591617,0.3177142923134125,0.6565540978728818
station_v0_bogota_sp22__TD3_vanilla_extended_ts102__seed29__2022-01-17,station_v0_bogota_sp22,0.75,TD3_vanilla_extended_ts102,29,2022-01-17,174.52049564071382,11.0,0.0,15.0,15.0,0.0,220.8998639740665,174.53966208778075,0.0191664470669366,0.00010981141385100923,0.5586670422687625
station_v0_bogota_sp22__TD3_vanilla_extended_ts102__seed29__2022-03-05,station_v0_bogota_sp22,0.75,TD3_vanilla_extended_ts102,29,2022-03-05,146.8991313739226,10.0,3.0,20.0,15.0,41.4592566393702,300.6082038893983,146.94970407019946,0.05057269627687333,0.22031770240288107,0.6717762578620695
station_v0_bogota_sp22__TD3_vanilla_extended_ts102__seed30__2022-01-17,station_v0_bogota_sp22,0.75,TD3_vanilla_extended_ts102,30,2022-01-17,199.47729550093064,14.0,4.0,23.0,5.0,59.5066762290131,353.8601588930691,199.6230433138844,0.14574781295377193,0.23020294293990373,0.6395964778957396
station_v0_bogota_sp22__TD3_vanilla_extended_ts102__seed30__2022-03-05,station_v0_bogota_sp22,0.75,TD3_vanilla_extended_ts102,30,2022-03-05,179.75320748849975,15.0,6.0,24.0,3.0,82.8702566465046,382.3230733956523,179.85350421204782,0.10029672354806962,0.31580909583097466,0.6802548973964267
station_v0_bogota_sp22__TD3_vanilla_extended_ts102__seed31__2022-01-17,station_v0_bogota_sp22,0.75,TD3_vanilla_extended_ts102,31,2022-01-17,165.68648163128023,12.0,3.0,19.0,10.0,38.9037694288666,280.08586193419325,165.76204018210836,0.07555855082813423,0.1904535401090487,0.6283789138743999
station_v0_bogota_sp22__TD3_vanilla_extended_ts102__seed31__2022-03-05,station_v0_bogota_sp22,0.75,TD3_vanilla_extended_ts102,31,2022-03-05,109.41827571054904,9.0,1.0,21.0,10.0,13.8197522131234,308.0163446102645,122.37861682915424,12.9603411186052,0.19662565359659878,0.7457724055490588
station_v0_bogota_sp22__TD3_vanilla_extended_ts102__seed32__2022-01-17,station_v0_bogota_sp22,0.75,TD3_vanilla_extended_ts102,32,2022-01-17,157.18232785113935,11.0,0.0,15.0,10.0,0.0,233.08034961576575,157.24964585723973,0.06731800610037908,0.0004280963924172792,0.5973091238846138
station_v0_bogota_sp22__TD3_vanilla_extended_ts102__seed32__2022-03-05,station_v0_bogota_sp22,0.75,TD3_vanilla_extended_ts102,32,2022-03-05,158.364375072621,11.0,1.0,14.0,11.0,13.4206320002747,220.24850849185208,158.40769848192468,0.043323409303695826,0.07835701698197671,0.5817726683043961
station_v0_bogota_sp22__TD3_vanilla_extended_ts102__seed33__2022-01-17,station_v0_bogota_sp22,0.75,TD3_vanilla_extended_ts102,33,2022-01-17,154.0075996665309,11.0,0.0,17.0,13.0,0.0,268.25080784561027,174.19733379808665,20.189734131555753,0.11590151061070668,0.6519194337795341
station_v0_bogota_sp22__TD3_vanilla_extended_ts102__seed33__2022-03-05,station_v0_bogota_sp22,0.75,TD3_vanilla_extended_ts102,33,2022-03-05,179.06625578674084,11.0,0.0,19.0,10.0,0.0,289.39893693146047,179.14755379069084,0.0812980039499962,0.00045380471142230435,0.6178260656466481
station_v0_bogota_sp22__TD3_vanilla_extended_ts102__seed34__2022-01-17,station_v0_bogota_sp22,0.75,TD3_vanilla_extended_ts102,34,2022-01-17,154.00702716005435,12.0,1.0,21.0,14.0,12.8498847984186,330.7180473281671,154.11081630959734,0.10378914954299034,0.07758516741961424,0.6823476514898269
station_v0_bogota_sp22__TD3_vanilla_extended_ts102__seed34__2022-03-05,station_v0_bogota_sp22,0.75,TD3_vanilla_extended_ts102,34,2022-03-05,149.8477468078438,12.0,0.0,26.0,14.0,0.0,393.5160338891747,149.90572300946525,0.057976201621443124,0.00038675108900133474,0.7242514770423635
station_v0_bogota_sp22__TD3_vanilla_extended_ts102__seed35__2022-01-17,station_v0_bogota_sp22,0.75,TD3_vanilla_extended_ts102,35,2022-01-17,136.03679952171245,10.0,0.0,12.0,12.0,0.0,154.620137859937,138.86238623274824,2.8255867110357826,0.02034810712743908,0.5364739350587348
station_v0_bogota_sp22__TD3_vanilla_extended_ts102__seed35__2022-03-05,station_v0_bogota_sp22,0.75,TD3_vanilla_extended_ts102,35,2022-03-05,123.81118986139336,11.0,0.0,19.0,7.0,0.0,276.1677759451169,142.22695772298246,18.415767861589103,0.12948155649548354,0.7040804295600688
station_v0_bogota_sp22__TD3_vanilla_extended_ts102__seed36__2022-01-17,station_v0_bogota_sp22,0.75,TD3_vanilla_extended_ts102,36,2022-01-17,204.30171718319983,12.0,0.0,13.0,7.0,0.0,193.7617388334065,204.35562659881643,0.053909415616601564,0.0002638019638306049,0.4868304301135014
station_v0_bogota_sp22__TD3_vanilla_extended_ts102__seed36__2022-03-05,station_v0_bogota_sp22,0.75,TD3_vanilla_extended_ts102,36,2022-03-05,145.8008396334352,9.0,0.0,13.0,8.0,0.0,196.2182536768682,145.90822531271766,0.10738567928245857,0.000735980984295466,0.5738393588709242
station_v0_bogota_sp22__TD3_vanilla_extended_ts102__seed37__2022-01-17,station_v0_bogota_sp22,0.75,TD3_vanilla_extended_ts102,37,2022-01-17,202.42422291978733,12.0,2.0,21.0,2.0,33.0573192807719,333.62188777659816,202.52915898660373,0.10493606681640699,0.14076468051766225,0.6224492628675392
station_v0_bogota_sp22__TD3_vanilla_extended_ts102__seed37__2022-03-05,station_v0_bogota_sp22,0.75,TD3_vanilla_extended_ts102,37,2022-03-05,154.20873019452364,10.0,1.0,17.0,4.0,16.6677228815799,266.3294005943377,154.28293832301495,0.07420812849130698,0.09793428637303923,0.633370883527921
station_v0_bogota_sp22__TD3_vanilla_extended_ts102__seed38__2022-01-17,station_v0_bogota_sp22,0.75,TD3_vanilla_extended_ts102,38,2022-01-17,181.17756421057948,9.0,0.0,15.0,13.0,0.0,221.90121027685183,181.27925333135403,0.10168912077455161,0.0005609528884625182,0.5506291088879735
station_v0_bogota_sp22__TD3_vanilla_extended_ts102__seed38__2022-03-05,station_v0_bogota_sp22,0.75,TD3_vanilla_extended_ts102,38,2022-03-05,197.6911398451039,11.0,2.0,20.0,10.0,26.834666102354294,298.2981176512983,197.76268387415573,0.07154402905183588,0.11979754050624454,0.6014780058469106
station_v0_bogota_sp22__TD3_vanilla_extended_ts102__seed39__2022-01-17,station_v0_bogota_sp22,0.75,TD3_vanilla_extended_ts102,39,2022-01-17,178.64787543814964,11.0,3.0,14.0,9.0,41.060136426521495,212.43691154661093,178.8078346127451,0.15995917459545694,0.1874765815424539,0.543385880086974
station_v0_bogota_sp22__TD3_vanilla_extended_ts102__seed39__2022-03-05,station_v0_bogota_sp22,0.75,TD3_vanilla_extended_ts102,39,2022-03-05,156.9445278316093,10.0,1.0,12.0,9.0,13.8197522131234,179.0007539613942,157.00563470119025,0.06110686958095357,0.08125758901203024,0.5329120721296402
station_v0_bogota_sp22__TD3_vanilla_extended_ts102__seed40__2022-01-17,station_v0_bogota_sp22,0.75,TD3_vanilla_extended_ts102,40,2022-01-17,224.44278172751237,13.0,2.0,29.0,12.0,25.111747072514294,431.7498481040742,224.5661206778693,0.12333895035692422,0.10107057646014544,0.6580263281662099
station_v0_bogota_sp22__TD3_vanilla_extended_ts102__seed40__2022-03-05,station_v0_bogota_sp22,0.75,TD3_vanilla_extended_ts102,40,2022-03-05,147.58240993635874,11.0,1.0,19.0,14.0,12.9705010402643,285.66780289733555,147.64694675423937,0.06453681788062227,0.08115580241831605,0.6594106015199607
station_v0_bogota_sp22__TD3_vanilla_extended_ts102__seed41__2022-01-17,station_v0_bogota_sp22,0.75,TD3_vanilla_extended_ts102,41,2022-01-17,156.44555977616875,12.0,7.0,24.0,10.0,88.7848087677597,355.7423120236247,156.4808505752407,0.035290799071958645,0.36213834339775247,0.6945753897921928
station_v0_bogota_sp22__TD3_vanilla_extended_ts102__seed41__2022-03-05,station_v0_bogota_sp22,0.75,TD3_vanilla_extended_ts102,41,2022-03-05,142.72424381171243,12.0,8.0,20.0,9.0,103.9729067984334,294.7309827356056,150.78771590788483,8.063472096172404,0.439771176975645,0.6796447730560415
station_v0_bogota_sp22__TD3_vanilla_extended_ts102__seed42__2022-01-17,station_v0_bogota_sp22,0.75,TD3_vanilla_extended_ts102,42,2022-01-17,211.7600199299584,13.0,5.0,24.0,9.0,71.7795216171101,372.3558954718178,211.86256447402917,0.10254454407078128,0.253425248529881,0.6375328161496522
station_v0_bogota_sp22__TD3_vanilla_extended_ts102__seed42__2022-03-05,station_v0_bogota_sp22,0.75,TD3_vanilla_extended_ts102,42,2022-03-05,191.17390207435608,12.0,5.0,28.0,6.0,66.9589737245636,439.23308758668855,191.26688975279865,0.09298767844256872,0.25966400305554366,0.6967899937426641
station_v0_bogota_sp22__TD3_vanilla_extended_ts102__seed43__2022-01-17,station_v0_bogota_sp22,0.75,TD3_vanilla_extended_ts102,43,2022-01-17,152.18841208945372,10.0,0.0,25.0,11.0,0.0,377.6066902329649,152.2814242899827,0.09301220052898884,0.0006107915063354666,0.7127914215881833
station_v0_bogota_sp22__TD3_vanilla_extended_ts102__seed43__2022-03-05,station_v0_bogota_sp22,0.75,TD3_vanilla_extended_ts102,43,2022-03-05,138.48632282593505,9.0,0.0,26.0,11.0,0.0,378.411532661309,138.54996315623475,0.06364033029970528,0.0004593312683016868,0.7321148210333784
station_v0_bogota_sp22__TD3_vanilla_extended_ts102__seed44__2022-01-17,station_v0_bogota_sp22,0.75,TD3_vanilla_extended_ts102,44,2022-01-17,94.74764870692026,10.0,0.0,16.0,12.0,0.0,236.07628393098256,118.28938096291124,23.54173225599098,0.1990181372525089,0.7326274577552818
station_v0_bogota_sp22__TD3_vanilla_extended_ts102__seed44__2022-03-05,station_v0_bogota_sp22,0.75,TD3_vanilla_extended_ts102,44,2022-03-05,84.56177032597387,9.0,0.0,17.0,12.0,0.0,243.69192766215343,104.00400806831118,19.442237742337312,0.18693738927414605,0.7567939062953946
station_v0_bogota_sp22__TD3_vanilla_extended_ts102__seed45__2022-01-17,station_v0_bogota_sp22,0.75,TD3_vanilla_extended_ts102,45,2022-01-17,188.5989396167764,11.0,0.0,25.0,7.0,0.0,388.0021933826846,188.7055765244968,0.10663690772040013,0.0005650967485137201,0.672973125284699
station_v0_bogota_sp22__TD3_vanilla_extended_ts102__seed45__2022-03-05,station_v0_bogota_sp22,0.75,TD3_vanilla_extended_ts102,45,2022-03-05,167.45115986165962,11.0,3.0,24.0,7.0,43.5751428633157,372.97924335713,167.53403699545495,0.08287713379533557,0.20680303919667395,0.6901997306108211
station_v0_bogota_sp22__TD3_vanilla_extended_ts102__seed46__2022-01-17,station_v0_bogota_sp22,0.75,TD3_vanilla_extended_ts102,46,2022-01-17,276.5267776736366,15.0,8.0,41.0,6.0,111.2035939773753,640.0899447141353,276.62154805631377,0.09477038267715443,0.2869807866927419,0.6983491754445792
station_v0_bogota_sp22__TD3_vanilla_extended_ts102__seed46__2022-03-05,station_v0_bogota_sp22,0.75,TD3_vanilla_extended_ts102,46,2022-03-05,262.3171504657802,14.0,9.0,36.0,8.0,124.3808883494645,555.546512223347,262.4382892193279,0.12113875354771153,0.32186105116484465,0.6793129285493655
station_v0_bogota_sp22__TD3_vanilla_extended_ts102__seed47__2022-01-17,station_v0_bogota_sp22,0.75,TD3_vanilla_extended_ts102,47,2022-01-17,171.8559587588868,13.0,1.0,21.0,6.0,12.7073268167037,323.60204993854177,179.64817763705776,7.7922188781709565,0.10657114155941584,0.6585079363266256
station_v0_bogota_sp22__TD3_vanilla_extended_ts102__seed47__2022-03-05,station_v0_bogota_sp22,0.75,TD3_vanilla_extended_ts102,47,2022-03-05,163.52565427630546,12.0,0.0,16.0,6.0,0.0,244.1072367475096,163.641053362226,0.11539908592052939,0.0007051964256493076,0.5989544082887595
station_v0_bogota_sp22__TD3_vanilla_extended_ts102__seed48__2022-01-17,station_v0_bogota_sp22,0.75,TD3_vanilla_extended_ts102,48,2022-01-17,259.63348542799633,13.0,3.0,20.0,12.0,37.9547817715436,288.74528776960545,259.7200239166443,0.08653848864798874,0.12779489406987157,0.5266182201573398
station_v0_bogota_sp22__TD3_vanilla_extended_ts102__seed48__2022-03-05,station_v0_bogota_sp22,0.75,TD3_vanilla_extended_ts102,48,2022-03-05,260.2962200628777,14.0,3.0,20.0,4.0,42.33059847972061,309.53029954382225,260.38953646843083,0.09331640555313925,0.1401423624911502,0.5432757317517171
station_v0_bogota_sp22__TD3_vanilla_extended_ts102__seed49__2022-01-17,station_v0_bogota_sp22,0.75,TD3_vanilla_extended_ts102,49,2022-01-17,174.4234805689915,13.0,2.0,19.0,19.0,25.9854149294952,285.1072765802186,192.13690964267496,17.71342907368347,0.2003409971395203,0.634519422961544
station_v0_bogota_sp22__TD3_vanilla_extended_ts102__seed49__2022-03-05,station_v0_bogota_sp22,0.75,TD3_vanilla_extended_ts102,49,2022-03-05,189.09128437370103,13.0,4.0,23.0,15.0,54.9448801901731,357.8923545234108,189.1424457718288,0.05116139812776055,0.22531297506558098,0.6543340857443681
station_v0_bogota_sp60__TD3_vanilla_extended_ts102__seed0__2022-01-17,station_v0_bogota_sp60,2.0,TD3_vanilla_extended_ts102,0,2022-01-17,241.9871743186744,17.0,53.0,86.0,27.0,749.9887291640093,1284.5294493868478,243.0065311537151,1.0193568350406963,0.756305811327592,0.8415833228144058
station_v0_bogota_sp60__TD3_vanilla_extended_ts102__seed0__2022-03-05,station_v0_bogota_sp60,2.0,TD3_vanilla_extended_ts102,0,2022-03-05,205.50210492854345,15.0,57.0,90.0,29.0,796.7373147276572,1316.5625466678382,205.66004599639456,0.1579410678511124,0.794989379481102,0.8649986500536242
station_v0_bogota_sp60__TD3_vanilla_extended_ts102__seed1__2022-01-17,station_v0_bogota_sp60,2.0,TD3_vanilla_extended_ts102,1,2022-01-17,227.82278392619625,16.0,59.0,83.0,23.0,830.6532180765737,1200.1406781126452,227.9061028990406,0.08331897284435286,0.7847803335988531,0.840465461667301
station_v0_bogota_sp60__TD3_vanilla_extended_ts102__seed1__2022-03-05,station_v0_bogota_sp60,2.0,TD3_vanilla_extended_ts102,1,2022-03-05,222.90829271572755,16.0,66.0,88.0,21.0,958.094315654334,1287.4356475870222,222.99590198516017,0.08760926943261893,0.8112690382270474,0.8524207914096705
station_v0_bogota_sp60__TD3_vanilla_extended_ts102__seed2__2022-01-17,station_v0_bogota_sp60,2.0,TD3_vanilla_extended_ts102,2,2022-01-17,276.6334813346989,18.0,51.0,89.0,12.0,747.5262161520001,1356.194981097911,276.69865239597846,0.06517106127955685,0.7299094272853615,0.8305869557818114
station_v0_bogota_sp60__TD3_vanilla_extended_ts102__seed2__2022-03-05,station_v0_bogota_sp60,2.0,TD3_vanilla_extended_ts102,2,2022-03-05,225.3712262188071,16.0,66.0,90.0,22.0,939.8532158019976,1320.003748607636,225.470403850686,0.09917763187891637,0.8066020267520387,0.8541734095906305
station_v0_bogota_sp60__TD3_vanilla_extended_ts102__seed3__2022-01-17,station_v0_bogota_sp60,2.0,TD3_vanilla_extended_ts102,3,2022-01-17,260.5030037530689,17.0,59.0,87.0,15.0,828.9671166234062,1308.2915247624796,260.60263578235447,0.09963202928554438,0.7609120451647262,0.8339575668618695
station_v0_bogota_sp60__TD3_vanilla_extended_ts102__seed3__2022-03-05,station_v0_bogota_sp60,2.0,TD3_vanilla_extended_ts102,3,2022-03-05,224.78807873905905,16.0,50.0,86.0,15.0,728.5313298446392,1282.412132967847,226.6887103064856,1.900631567426558,0.7646740339498159,0.851045024763666
station_v0_bogota_sp60__TD3_vanilla_extended_ts102__seed4__2022-01-17,station_v0_bogota_sp60,2.0,TD3_vanilla_extended_ts102,4,2022-01-17,228.85029394321617,17.0,50.0,93.0,28.0,675.4702606392675,1391.94500931915,244.20497282937652,15.354678886160343,0.7511618388590448,0.8601287800995485
station_v0_bogota_sp60__TD3_vanilla_extended_ts102__seed4__2022-03-05,station_v0_bogota_sp60,2.0,TD3_vanilla_extended_ts102,4,2022-03-05,245.64817592018213,18.0,67.0,98.0,28.0,978.5489669158678,1469.0760478159686,245.835855400149,0.1876794799668744,0.7993701233117869,0.8567575538664711
station_v0_bogota_sp60__TD3_vanilla_extended_ts102__seed5__2022-01-17,station_v0_bogota_sp60,2.0,TD3_vanilla_extended_ts102,5,2022-01-17,211.82018938466467,16.0,57.0,82.0,20.0,828.7153012394025,1204.7735770998613,211.9135703928661,0.09338100820141904,0.7964498245638562,0.8504820279060574
station_v0_bogota_sp60__TD3_vanilla_extended_ts102__seed5__2022-03-05,station_v0_bogota_sp60,2.0,TD3_vanilla_extended_ts102,5,2022-03-05,185.5915814263324,15.0,52.0,87.0,24.0,738.2338268099727,1260.6240866686433,185.6502491328469,0.058667706514512474,0.7991181077161256,0.8716760874253625
station_v0_bogota_sp60__TD3_vanilla_extended_ts102__seed6__2022-01-17,station_v0_bogota_sp60,2.0,TD3_vanilla_extended_ts102,6,2022-01-17,228.7031855795583,16.0,30.0,76.0,19.0,405.9242014941752,1140.268151203364,228.7737397460373,0.07055416647901325,0.6396660982818572,0.8329465394072364
station_v0_bogota_sp60__TD3_vanilla_extended_ts102__seed6__2022-03-05,station_v0_bogota_sp60,2.0,TD3_vanilla_extended_ts102,6,2022-03-05,208.71505908093548,15.0,44.0,76.0,28.0,616.1753586606244,1099.1308646943817,223.13785655393576,14.422797473000287,0.7513263757826332,0.8421538256732766
station_v0_bogota_sp60__TD3_vanilla_extended_ts102__seed7__2022-01-17,station_v0_bogota_sp60,2.0,TD3_vanilla_extended_ts102,7,2022-01-17,248.83587731010817,17.0,48.0,69.0,29.0,695.9706126459035,1013.7617164292092,248.9254426904544,0.0895653803462153,0.7366526445900664,0.8029314897891298
station_v0_bogota_sp60__TD3_vanilla_extended_ts102__seed7__2022-03-05,station_v0_bogota_sp60,2.0,TD3_vanilla_extended_ts102,7,2022-03-05,229.8410102310404,16.0,59.0,74.0,29.0,867.6246628118347,1092.2464842389488,229.9502468872229,0.10923665618250311,0.790591960330015,0.8261673132142182
station_v0_bogota_sp60__TD3_vanilla_extended_ts102__seed8__2022-01-17,station_v0_bogota_sp60,2.0,TD3_vanilla_extended_ts102,8,2022-01-17,298.3653101080521,15.0,24.0,79.0,12.0,367.64400043336553,1212.082896408427,298.4784699625699,0.11315985451778943,0.5520864054762974,0.802480510391411
station_v0_bogota_sp60__TD3_vanilla_extended_ts102__seed8__2022-03-05,station_v0_bogota_sp60,2.0,TD3_vanilla_extended_ts102,8,2022-03-05,338.5946171023908,17.0,46.0,84.0,7.0,690.2653505443005,1295.3002368538057,338.7744753788239,0.1798582764330945,0.6709606289546213,0.7927912263939447
station_v0_bogota_sp60__TD3_vanilla_extended_ts102__seed9__2022-01-17,station_v0_bogota_sp60,2.0,TD3_vanilla_extended_ts102,9,2022-01-17,266.20777419948627,17.0,25.0,67.0,9.0,354.84794589976065,1030.7202187902817,266.2965633173997,0.0887891179134499,0.5714237665322153,0.7947537935732083
station_v0_bogota_sp60__TD3_vanilla_extended_ts102__seed9__2022-03-05,station_v0_bogota_sp60,2.0,TD3_vanilla_extended_ts102,9,2022-03-05,232.9712598897602,16.0,41.0,80.0,7.0,617.1918411827249,1238.429420488305,233.08488309274435,0.11362320298414375,0.7260053659727336,0.8416792420414768
station_v0_bogota_sp60__TD3_vanilla_extended_ts102__seed10__2022-01-17,station_v0_bogota_sp60,2.0,TD3_vanilla_extended_ts102,10,2022-01-17,227.0420199232891,15.0,63.0,92.0,28.0,870.7126062843656,1348.442717479292,227.127575280126,0.08555535683689186,0.7931921023333834,0.8558985143559334
station_v0_bogota_sp60__TD3_vanilla_extended_ts102__seed10__2022-03-05,station_v0_bogota_sp60,2.0,TD3_vanilla_extended_ts102,10,2022-03-05,213.95993284241536,15.0,58.0,95.0,22.0,812.854334090768,1404.207160871904,214.08775943197756,0.12782658956220416,0.7916533617699288,0.8677868105757643
station_v0_bogota_sp60__TD3_vanilla_extended_ts102__seed11__2022-01-17,station_v0_bogota_sp60,2.0,TD3_vanilla_extended_ts102,11,2022-01-17,239.40340143504991,15.0,54.0,81.0,14.0,748.2981604876722,1199.4794163094923,239.48517734143232,0.08177590638240417,0.757635715984846,0.8336280110772994
station_v0_bogota_sp60__TD3_vanilla_extended_ts102__seed11__2022-03-05,station_v0_bogota_sp60,2.0,TD3_vanilla_extended_ts102,11,2022-03-05,211.38592160020076,14.0,28.0,68.0,14.0,399.749990564623,999.044613399592,211.46691104891104,0.0809894487102838,0.6541556343710897,0.8253747136389255
station_v0_bogota_sp60__TD3_vanilla_extended_ts102__seed12__2022-01-17,station_v0_bogota_sp60,2.0,TD3_vanilla_extended_ts102,12,2022-01-17,252.91438814766505,17.0,49.0,79.0,22.0,685.7555349518551,1152.148985863397,253.77850268998736,0.8641145423223122,0.7308087008934125,0.8201085118494277
station_v0_bogota_sp60__TD3_vanilla_extended_ts102__seed12__2022-03-05,station_v0_bogota_sp60,2.0,TD3_vanilla_extended_ts102,12,2022-03-05,248.59202539028607,17.0,52.0,78.0,13.0,781.8312598800619,1160.4016219874322,248.73145002783397,0.13942463754790424,0.7587803022559361,0.8235851316478129
station_v0_bogota_sp60__TD3_vanilla_extended_ts102__seed13__2022-01-17,station_v0_bogota_sp60,2.0,TD3_vanilla_extended_ts102,13,2022-01-17,278.00737263421706,17.0,51.0,94.0,28.0,730.013967492302,1376.817880509033,278.10258628127787,0.09521364706080249,0.7242309219171331,0.8320116415180921
station_v0_bogota_sp60__TD3_vanilla_extended_ts102__seed13__2022-03-05,station_v0_bogota_sp60,2.0,TD3_vanilla_extended_ts102,13,2022-03-05,248.78326801283148,16.0,57.0,93.0,19.0,822.0176966387608,1397.3655399263107,248.88868775630752,0.105419743476034,0.7676890607451521,0.8488791926365856
station_v0_bogota_sp60__TD3_vanilla_extended_ts102__seed14__2022-01-17,station_v0_bogota_sp60,2.0,TD3_vanilla_extended_ts102,14,2022-01-17,358.459788039787,16.0,21.0,76.0,20.0,281.0999568586633,1151.2941354882146,358.6001350999641,0.1403470601771346,0.4396439948253589,0.7625927887651702
station_v0_bogota_sp60__TD3_vanilla_extended_ts102__seed14__2022-03-05,station_v0_bogota_sp60,2.0,TD3_vanilla_extended_ts102,14,2022-03-05,382.9088866614943,19.0,51.0,90.0,14.0,733.1462774319748,1380.1944805351593,419.503701665769,36.594815004274665,0.6678012461673554,0.7872371654044688
station_v0_bogota_sp60__TD3_vanilla_extended_ts102__seed15__2022-01-17,station_v0_bogota_sp60,2.0,TD3_vanilla_extended_ts102,15,2022-01-17,213.14879152994055,16.0,58.0,102.0,22.0,834.6007674115477,1507.6796702274164,213.3459653180504,0.19717378810983632,0.7966034103901926,0.8761501356356121
station_v0_bogota_sp60__TD3_vanilla_extended_ts102__seed15__2022-03-05,station_v0_bogota_sp60,2.0,TD3_vanilla_extended_ts102,15,2022-03-05,204.1927091484501,16.0,77.0,98.0,21.0,1122.9582778483518,1439.3764151711848,204.26975863683,0.0770494883799131,0.8461509977673457,0.875768451627655
station_v0_bogota_sp60__TD3_vanilla_extended_ts102__seed16__2022-01-17,station_v0_bogota_sp60,2.0,TD3_vanilla_extended_ts102,16,2022-01-17,225.908918873852,16.0,54.0,90.0,19.0,753.8852056705573,1341.228607830849,225.96921024304635,0.060291369194345634,0.769446445099482,0.8558516887475656
station_v0_bogota_sp60__TD3_vanilla_extended_ts102__seed16__2022-03-05,station_v0_bogota_sp60,2.0,TD3_vanilla_extended_ts102,16,2022-03-05,212.83926370303183,16.0,59.0,87.0,22.0,896.9224898620906,1311.1706909921013,212.9118160544217,0.07255235138987359,0.8082242884650542,0.8603492509631339
station_v0_bogota_sp60__TD3_vanilla_extended_ts102__seed17__2022-01-17,station_v0_bogota_sp60,2.0,TD3_vanilla_extended_ts102,17,2022-01-17,235.74893208986973,16.0,45.0,82.0,16.0,605.7544037670484,1208.6170778988123,235.84097053043536,0.09203844056563071,0.7198785315488935,0.8367907379890811
station_v0_bogota_sp60__TD3_vanilla_extended_ts102__seed17__2022-03-05,station_v0_bogota_sp60,2.0,TD3_vanilla_extended_ts102,17,2022-03-05,232.87645884485465,16.0,45.0,82.0,11.0,662.8071285349956,1225.9368979377944,232.97278557119668,0.09632672634202777,0.7400293809029885,0.8403763704654172
station_v0_bogota_sp60__TD3_vanilla_extended_ts102__seed18__2022-01-17,station_v0_bogota_sp60,2.0,TD3_vanilla_extended_ts102,18,2022-01-17,273.48546478380507,17.0,54.0,86.0,12.0,753.1941776650275,1280.506607302545,273.56806873724554,0.08260395344046856,0.7336428508721611,0.8240203839620364
station_v0_bogota_sp60__TD3_vanilla_extended_ts102__seed18__2022-03-05,station_v0_bogota_sp60,2.0,TD3_vanilla_extended_ts102,18,2022-03-05,266.24897943393137,17.0,72.0,91.0,11.0,1045.8433746694882,1342.0500211652245,266.3513176294408,0.10233819550944645,0.7970964362251227,0.8344635925051778
station_v0_bogota_sp60__TD3_vanilla_extended_ts102__seed19__2022-01-17,station_v0_bogota_sp60,2.0,TD3_vanilla_extended_ts102,19,2022-01-17,250.3918477064284,17.0,55.0,91.0,14.0,792.5513493802248,1365.9376199281808,250.53650026368865,0.14465255726025816,0.7599513331576947,0.8450999959858883
station_v0_bogota_sp60__TD3_vanilla_extended_ts102__seed19__2022-03-05,station_v0_bogota_sp60,2.0,TD3_vanilla_extended_ts102,19,2022-03-05,243.9220678217137,17.0,54.0,90.0,11.0,781.5393237678695,1361.655283175623,243.98875786063252,0.0666900389188072,0.7621497917108481,0.8480845931055239
station_v0_bogota_sp60__TD3_vanilla_extended_ts102__seed20__2022-01-17,station_v0_bogota_sp60,2.0,TD3_vanilla_extended_ts102,20,2022-01-17,292.2547572443749,17.0,70.0,97.0,15.0,1000.1632010625598,1460.1985606550095,292.3691018630328,0.114344618657924,0.7738897847404907,0.8332419549357248
station_v0_bogota_sp60__TD3_vanilla_extended_ts102__seed20__2022-03-05,station_v0_bogota_sp60,2.0,TD3_vanilla_extended_ts102,20,2022-03-05,258.47996188262107,16.0,71.0,86.0,17.0,1046.1717879739465,1275.328953491923,258.6174198501117,0.13745796749060446,0.8018990651266366,0.8314934821877334
station_v0_bogota_sp60__TD3_vanilla_extended_ts102__seed21__2022-01-17,station_v0_bogota_sp60,2.0,TD3_vanilla_extended_ts102,21,2022-01-17,221.69590454810293,17.0,39.0,70.0,24.0,574.7223050893824,1063.2366059279225,221.79503996858023,0.09913542047729607,0.721668453394483,0.8274782529628391
station_v0_bogota_sp60__TD3_vanilla_extended_ts102__seed21__2022-03-05,station_v0_bogota_sp60,2.0,TD3_vanilla_extended_ts102,21,2022-03-05,207.16182552604045,17.0,37.0,76.0,15.0,541.2930027770572,1159.61733125246,215.2949702495447,8.133144723504245,0.7261893753117372,0.8493272441451507
station_v0_bogota_sp60__TD3_vanilla_extended_ts102__seed22__2022-01-17,station_v0_bogota_sp60,2.0,TD3_vanilla_extended_ts102,22,2022-01-17,235.08953881510348,16.0,53.0,84.0,24.0,758.0681833721359,1247.0080942385723,235.14801931395868,0.05848049885520368,0.7633047687106617,0.8413867900516734
station_v0_bogota_sp60__TD3_vanilla_extended_ts102__seed22__2022-03-05,station_v0_bogota_sp60,2.0,TD3_vanilla_extended_ts102,22,2022-03-05,208.98080210991185,16.0,45.0,82.0,24.0,636.874112467857,1228.183231523312,209.06322467847536,0.0824225685635156,0.7529594770992337,0.8545964046680028
station_v0_bogota_sp60__TD3_vanilla_extended_ts102__seed23__2022-01-17,station_v0_bogota_sp60,2.0,TD3_vanilla_extended_ts102,23,2022-01-17,225.963707178774,15.0,49.0,85.0,31.0,676.9067583430449,1243.6036337233156,239.94203904866623,13.97833186989223,0.7535431056662726,0.8476867201826255
station_v0_bogota_sp60__TD3_vanilla_extended_ts102__seed23__2022-03-05,station_v0_bogota_sp60,2.0,TD3_vanilla_extended_ts102,23,2022-03-05,211.3108438259539,16.0,50.0,88.0,23.0,746.9581487183596,1318.262678204214,242.295697464505,30.9848536385511,0.7863937101267607,0.8645927976033548
station_v0_bogota_sp60__TD3_vanilla_extended_ts102__seed24__2022-01-17,station_v0_bogota_sp60,2.0,TD3_vanilla_extended_ts102,24,2022-01-17,252.1520110983318,17.0,43.0,88.0,12.0,624.6004317541452,1331.0505849836636,252.24989067821255,0.09787957988075391,0.7124343748898109,0.8407427933141224
station_v0_bogota_sp60__TD3_vanilla_extended_ts102__seed24__2022-03-05,station_v0_bogota_sp60,2.0,TD3_vanilla_extended_ts102,24,2022-03-05,246.3853277502215,17.0,47.0,84.0,6.0,699.8070435846757,1281.7916724629356,246.47026371889743,0.08493596867592146,0.7396267184592019,0.8387806946459821
station_v0_bogota_sp60__TD3_vanilla_extended_ts102__seed25__2022-01-17,station_v0_bogota_sp60,2.0,TD3_vanilla_extended_ts102,25,2022-01-17,260.6594751673478,15.0,35.0,70.0,25.0,474.361694975148,1016.9731668385774,260.7496232476432,0.0901480802954211,0.6454149613727626,0.7959968490898103
station_v0_bogota_sp60__TD3_vanilla_extended_ts102__seed25__2022-03-05,station_v0_bogota_sp60,2.0,TD3_vanilla_extended_ts102,25,2022-03-05,274.98379818955914,16.0,39.0,73.0,20.0,565.0232188384522,1090.8583827941063,275.09398331860933,0.11018512905019406,0.6726840047037266,0.7986871248137887
station_v0_bogota_sp60__TD3_vanilla_extended_ts102__seed26__2022-01-17,station_v0_bogota_sp60,2.0,TD3_vanilla_extended_ts102,26,2022-01-17,285.6781711906216,15.0,38.0,74.0,23.0,534.6896456091663,1095.3578829998892,285.842187086348,0.16401589572643616,0.651837796161856,0.7931666980202334
station_v0_bogota_sp60__TD3_vanilla_extended_ts102__seed26__2022-03-05,station_v0_bogota_sp60,2.0,TD3_vanilla_extended_ts102,26,2022-03-05,213.4611863830291,15.0,35.0,70.0,21.0,491.2057618388194,1043.92055803275,213.56029050499035,0.09910412196126117,0.6971176666737415,0.8302469682689385
station_v0_bogota_sp60__TD3_vanilla_extended_ts102__seed27__2022-01-17,station_v0_bogota_sp60,2.0,TD3_vanilla_extended_ts102,27,2022-01-17,284.06289513985905,15.0,61.0,93.0,23.0,828.2485400109334,1392.6978174333033,284.19262031635844,0.12972517649939164,0.7446490607590565,0.8306013984306194
station_v0_bogota_sp60__TD3_vanilla_extended_ts102__seed27__2022-03-05,station_v0_bogota_sp60,2.0,TD3_vanilla_extended_ts102,27,2022-03-05,283.2912189837307,16.0,71.0,94.0,18.0,995.7809076232688,1407.741031349636,283.44352711898296,0.1523081352522695,0.7785445530198847,0.8324894716161239
station_v0_bogota_sp60__TD3_vanilla_extended_ts102__seed28__2022-01-17,station_v0_bogota_sp60,2.0,TD3_vanilla_extended_ts102,28,2022-01-17,228.16837866180555,16.0,56.0,93.0,21.0,766.358209329115,1359.2988240658758,228.2450012730616,0.07662261125605596,0.7705935631118037,0.8562758551795621
station_v0_bogota_sp60__TD3_vanilla_extended_ts102__seed28__2022-03-05,station_v0_bogota_sp60,2.0,TD3_vanilla_extended_ts102,28,2022-03-05,217.44677055687816,16.0,54.0,81.0,19.0,780.4676321744082,1199.199689364626,217.51740289073297,0.07063233385480316,0.7821141971906574,0.8465136252357122
station_v0_bogota_sp60__TD3_vanilla_extended_ts102__seed29__2022-01-17,station_v0_bogota_sp60,2.0,TD3_vanilla_extended_ts102,29,2022-01-17,269.7838257860866,17.0,46.0,89.0,18.0,647.3722102828309,1347.6002442905472,269.9018002593476,0.11797447326102883,0.7058852396497924,0.8332095921021478
station_v0_bogota_sp60__TD3_vanilla_extended_ts102__seed29__2022-03-05,station_v0_bogota_sp60,2.0,TD3_vanilla_extended_ts102,29,2022-03-05,235.3337476058176,16.0,60.0,87.0,22.0,853.363789385091,1303.2587867819857,235.3903716571052,0.056624051287599286,0.7838504264538954,0.8470517165559978
station_v0_bogota_sp60__TD3_vanilla_extended_ts102__seed30__2022-01-17,station_v0_bogota_sp60,2.0,TD3_vanilla_extended_ts102,30,2022-01-17,242.77985579781983,16.0,62.0,86.0,16.0,888.5311553310179,1264.4646205192057,242.8897980928831,0.10994229506326292,0.7854203998404656,0.8389364486546158
station_v0_bogota_sp60__TD3_vanilla_extended_ts102__seed30__2022-03-05,station_v0_bogota_sp60,2.0,TD3_vanilla_extended_ts102,30,2022-03-05,224.24461423878023,16.0,40.0,81.0,15.0,584.1049538887672,1215.7658227327977,224.36621239388927,0.12159815510904082,0.7226312779095696,0.8442888507656496
station_v0_bogota_sp60__TD3_vanilla_extended_ts102__seed31__2022-01-17,station_v0_bogota_sp60,2.0,TD3_vanilla_extended_ts102,31,2022-01-17,219.56184615034115,15.0,47.0,74.0,31.0,636.504055684532,1063.3089127211017,219.63564968372103,0.07380353337987344,0.7435443715860596,0.8288610025839447
station_v0_bogota_sp60__TD3_vanilla_extended_ts102__seed31__2022-03-05,station_v0_bogota_sp60,2.0,TD3_vanilla_extended_ts102,31,2022-03-05,222.13367552710147,15.0,42.0,85.0,17.0,603.250973462702,1260.4803322608668,222.3053773959635,0.17170186886201577,0.7309285122741057,0.8501916533991205
station_v0_bogota_sp60__TD3_vanilla_extended_ts102__seed32__2022-01-17,station_v0_bogota_sp60,2.0,TD3_vanilla_extended_ts102,32,2022-01-17,248.9542004307464,16.0,38.0,77.0,14.0,520.2402411410105,1169.291677374638,249.0483517990289,0.09415136828249615,0.6763838659308568,0.8244749528956125
station_v0_bogota_sp60__TD3_vanilla_extended_ts102__seed32__2022-03-05,station_v0_bogota_sp60,2.0,TD3_vanilla_extended_ts102,32,2022-03-05,239.52046074232857,16.0,45.0,74.0,14.0,634.6352117142072,1119.5453826573917,239.66761054345,0.1471498011214294,0.7260440494475016,0.8237800389339448
station_v0_bogota_sp60__TD3_vanilla_extended_ts102__seed33__2022-01-17,station_v0_bogota_sp60,2.0,TD3_vanilla_extended_ts102,33,2022-01-17,254.4770909835949,18.0,44.0,64.0,28.0,652.0832223539204,975.05721789319,254.58178153197213,0.1046905483772207,0.7193262231442409,0.7930473162427678
station_v0_bogota_sp60__TD3_vanilla_extended_ts102__seed33__2022-03-05,station_v0_bogota_sp60,2.0,TD3_vanilla_extended_ts102,33,2022-03-05,224.28175728908383,16.0,59.0,78.0,24.0,887.8094389414186,1165.3145704541564,224.35322744664592,0.0714701575620893,0.7983372719950432,0.838607645922372
station_v0_bogota_sp60__TD3_vanilla_extended_ts102__seed34__2022-01-17,station_v0_bogota_sp60,2.0,TD3_vanilla_extended_ts102,34,2022-01-17,195.4559010619824,15.0,28.0,84.0,23.0,391.88670820742055,1243.544656436795,195.53106479313865,0.07516373115626607,0.6672625343567936,0.864179557629579
station_v0_bogota_sp60__TD3_vanilla_extended_ts102__seed34__2022-03-05,station_v0_bogota_sp60,2.0,TD3_vanilla_extended_ts102,34,2022-03-05,223.7542254080361,16.0,44.0,80.0,20.0,677.3570198838312,1209.6125846922498,223.8969988342969,0.1427734262608169,0.7517301218514552,0.8439115943281084
station_v0_bogota_sp60__TD3_vanilla_extended_ts102__seed35__2022-01-17,station_v0_bogota_sp60,2.0,TD3_vanilla_extended_ts102,35,2022-01-17,290.635058741699,18.0,64.0,77.0,18.0,921.5054864212378,1126.965798347158,304.6844130138694,14.049354272170376,0.7629771221606119,0.7969929690679115
station_v0_bogota_sp60__TD3_vanilla_extended_ts102__seed35__2022-03-05,station_v0_bogota_sp60,2.0,TD3_vanilla_extended_ts102,35,2022-03-05,281.3447485032566,18.0,56.0,82.0,12.0,834.9257488165342,1247.531028309371,296.8529004886589,15.508151985402321,0.7514136278538421,0.8178271974623416
station_v0_bogota_sp60__TD3_vanilla_extended_ts102__seed36__2022-01-17,station_v0_bogota_sp60,2.0,TD3_vanilla_extended_ts102,36,2022-01-17,300.9456834567312,17.0,42.0,84.0,15.0,566.6121266583181,1248.5599181667062,301.06060426580285,0.11492080907163427,0.6531576103167298,0.8057939481955728
station_v0_bogota_sp60__TD3_vanilla_extended_ts102__seed36__2022-03-05,station_v0_bogota_sp60,2.0,TD3_vanilla_extended_ts102,36,2022-03-05,308.46135473994536,18.0,53.0,81.0,9.0,748.0930542125006,1212.2329630634513,315.3300848650918,6.868730125146442,0.7099354495826533,0.7980696409498544
station_v0_bogota_sp60__TD3_vanilla_extended_ts102__seed37__2022-01-17,station_v0_bogota_sp60,2.0,TD3_vanilla_extended_ts102,37,2022-01-17,258.70970139252154,17.0,40.0,76.0,19.0,582.4941995332152,1140.8183975681336,258.80695021560285,0.09724882308131555,0.692488591665704,0.8151578907868593
station_v0_bogota_sp60__TD3_vanilla_extended_ts102__seed37__2022-03-05,station_v0_bogota_sp60,2.0,TD3_vanilla_extended_ts102,37,2022-03-05,256.04298380457675,17.0,42.0,78.0,13.0,635.9857100810515,1166.210445042606,256.14773317337773,0.10474936880098085,0.7129992315156877,0.8199869851870062
station_v0_bogota_sp60__TD3_vanilla_extended_ts102__seed38__2022-01-17,station_v0_bogota_sp60,2.0,TD3_vanilla_extended_ts102,38,2022-01-17,246.7680832534793,13.0,20.0,61.0,33.0,282.0854638377645,893.5473064819042,246.8722245517252,0.10414129824590646,0.5334823773810515,0.7836164003348672
station_v0_bogota_sp60__TD3_vanilla_extended_ts102__seed38__2022-03-05,station_v0_bogota_sp60,2.0,TD3_vanilla_extended_ts102,38,2022-03-05,262.0709933555306,15.0,53.0,80.0,20.0,773.0218450616281,1200.500139108043,262.15106372059444,0.08007036506381837,0.7468336051570061,0.8208246827071904
station_v0_bogota_sp60__TD3_vanilla_extended_ts102__seed39__2022-01-17,station_v0_bogota_sp60,2.0,TD3_vanilla_extended_ts102,39,2022-01-17,245.665317025824,15.0,42.0,74.0,9.0,579.9148782836876,1120.8142525928274,245.78840879937712,0.12309177355311363,0.7024774869267167,0.8202364710928074
station_v0_bogota_sp60__TD3_vanilla_extended_ts102__seed39__2022-03-05,station_v0_bogota_sp60,2.0,TD3_vanilla_extended_ts102,39,2022-03-05,225.44052210719065,14.0,37.0,74.0,16.0,548.0106843474031,1116.9578098458062,225.5478643726283,0.10734226543766567,0.7085669565927287,0.832074808742663
station_v0_bogota_sp60__TD3_vanilla_extended_ts102__seed40__2022-01-17,station_v0_bogota_sp60,2.0,TD3_vanilla_extended_ts102,40,2022-01-17,264.9430285981076,17.0,40.0,80.0,23.0,554.8234153708767,1209.831630482709,265.0872718549418,0.14424325683415873,0.6768635502306394,0.8203677312846218
station_v0_bogota_sp60__TD3_vanilla_extended_ts102__seed40__2022-03-05,station_v0_bogota_sp60,2.0,TD3_vanilla_extended_ts102,40,2022-03-05,257.9612122188307,17.0,50.0,77.0,20.0,723.3808019138203,1167.7947496699733,258.06441069490955,0.10319847607883048,0.7371618823906053,0.8190836659121246
station_v0_bogota_sp60__TD3_vanilla_extended_ts102__seed41__2022-01-17,station_v0_bogota_sp60,2.0,TD3_vanilla_extended_ts102,41,2022-01-17,225.06077833226064,16.0,60.0,91.0,20.0,841.2901706694134,1341.9690929094536,225.15315089472705,0.09237256246640868,0.7889613317638237,0.8563859461365778
station_v0_bogota_sp60__TD3_vanilla_extended_ts102__seed41__2022-03-05,station_v0_bogota_sp60,2.0,TD3_vanilla_extended_ts102,41,2022-03-05,214.54059911256303,16.0,58.0,93.0,19.0,825.6902590926318,1374.632352733429,214.61767709581284,0.07707798324980786,0.7937720249461785,0.8650051312972984
station_v0_bogota_sp60__TD3_vanilla_extended_ts102__seed42__2022-01-17,station_v0_bogota_sp60,2.0,TD3_vanilla_extended_ts102,42,2022-01-17,272.3970861106287,17.0,60.0,92.0,17.0,863.2915214691885,1381.2905873739444,272.4883807275274,0.09129461689866503,0.7601673655399391,0.8352880938960427
station_v0_bogota_sp60__TD3_vanilla_extended_ts102__seed42__2022-03-05,station_v0_bogota_sp60,2.0,TD3_vanilla_extended_ts102,42,2022-03-05,266.2038384768832,17.0,69.0,89.0,15.0,1028.5280217545342,1342.0702965099113,266.3176263799141,0.11378790303086816,0.7944126862839467,0.834490277694582
station_v0_bogota_sp60__TD3_vanilla_extended_ts102__seed43__2022-01-17,station_v0_bogota_sp60,2.0,TD3_vanilla_extended_ts102,43,2022-01-17,255.728745581899,17.0,56.0,95.0,11.0,824.1830795227553,1460.068703185794,255.8113527748557,0.0826071929566865,0.7632129037574255,0.8509635072139544
station_v0_bogota_sp60__TD3_vanilla_extended_ts102__seed43__2022-03-05,station_v0_bogota_sp60,2.0,TD3_vanilla_extended_ts102,43,2022-03-05,223.7003873991478,16.0,57.0,84.0,18.0,821.2234800125325,1277.5483118965144,223.77973445306444,0.0793470539166492,0.7859333021156824,0.8509983291506032
station_v0_bogota_sp60__TD3_vanilla_extended_ts102__seed44__2022-01-17,station_v0_bogota_sp60,2.0,TD3_vanilla_extended_ts102,44,2022-01-17,230.29692703166955,16.0,33.0,63.0,25.0,430.3432696763845,887.7455330273117,250.09353330703223,19.796606275362677,0.661545457238764,0.7976014940552244
station_v0_bogota_sp60__TD3_vanilla_extended_ts102__seed44__2022-03-05,station_v0_bogota_sp60,2.0,TD3_vanilla_extended_ts102,44,2022-03-05,139.88935737705003,15.0,26.0,60.0,21.0,347.41317708615645,876.7754093754581,192.0898221929876,52.20046481593758,0.7407069885358136,0.8691234841910076
station_v0_bogota_sp60__TD3_vanilla_extended_ts102__seed45__2022-01-17,station_v0_bogota_sp60,2.0,TD3_vanilla_extended_ts102,45,2022-01-17,279.1305940957835,17.0,50.0,94.0,23.0,713.1453799592898,1395.1526108484436,279.260802504796,0.1302084090124822,0.7187335195728841,0.8332964894632643
station_v0_bogota_sp60__TD3_vanilla_extended_ts102__seed45__2022-03-05,station_v0_bogota_sp60,2.0,TD3_vanilla_extended_ts102,45,2022-03-05,237.24036326238135,16.0,74.0,95.0,21.0,1089.4831268284324,1401.766276865977,237.31919007318268,0.07882681080133125,0.8211938883130747,0.8552605290891843
station_v0_bogota_sp60__TD3_vanilla_extended_ts102__seed46__2022-01-17,station_v0_bogota_sp60,2.0,TD3_vanilla_extended_ts102,46,2022-01-17,319.7001436791544,17.0,86.0,106.0,21.0,1239.311088860514,1580.9063984767142,319.8601110591547,0.1599673800002961,0.7949550737625055,0.8318046208856978
station_v0_bogota_sp60__TD3_vanilla_extended_ts102__seed46__2022-03-05,station_v0_bogota_sp60,2.0,TD3_vanilla_extended_ts102,46,2022-03-05,292.8303538159859,16.0,90.0,121.0,14.0,1320.3016872043834,1817.155871505325,292.97192858015484,0.14157476416892223,0.8184868636349811,0.8612262471476261
station_v0_bogota_sp60__TD3_vanilla_extended_ts102__seed47__2022-01-17,station_v0_bogota_sp60,2.0,TD3_vanilla_extended_ts102,47,2022-01-17,239.17733230603451,17.0,55.0,81.0,14.0,832.9820095422133,1230.6816635977011,239.2561164718697,0.07878416583517378,0.7769363665558624,0.8372874447143508
station_v0_bogota_sp60__TD3_vanilla_extended_ts102__seed47__2022-03-05,station_v0_bogota_sp60,2.0,TD3_vanilla_extended_ts102,47,2022-03-05,227.91858320989863,17.0,59.0,77.0,14.0,893.1138206817129,1174.8686656973616,227.9693522785664,0.050769068667761985,0.7966978822739195,0.8375303632426866
station_v0_bogota_sp60__TD3_vanilla_extended_ts102__seed48__2022-01-17,station_v0_bogota_sp60,2.0,TD3_vanilla_extended_ts102,48,2022-01-17,357.75484356049003,19.0,49.0,84.0,20.0,689.6686045620588,1270.0129784764704,357.8969071633328,0.14206360284276798,0.6584892882057082,0.7802367030777723
station_v0_bogota_sp60__TD3_vanilla_extended_ts102__seed48__2022-03-05,station_v0_bogota_sp60,2.0,TD3_vanilla_extended_ts102,48,2022-03-05,334.061936419953,18.0,61.0,86.0,17.0,896.8333947822806,1307.2945632386782,334.2023371271526,0.1404007071996034,0.7286334362514428,0.796489450363566
station_v0_bogota_sp60__TD3_vanilla_extended_ts102__seed49__2022-01-17,station_v0_bogota_sp60,2.0,TD3_vanilla_extended_ts102,49,2022-01-17,237.656175688002,16.0,53.0,96.0,16.0,795.7707282427797,1497.92721068871,237.7635309015524,0.10735521355039168,0.7700548640886286,0.8630768892214876
station_v0_bogota_sp60__TD3_vanilla_extended_ts102__seed49__2022-03-05,station_v0_bogota_sp60,2.0,TD3_vanilla_extended_ts102,49,2022-03-05,232.0212437886841,16.0,56.0,100.0,16.0,840.1063393139933,1560.755001923075,232.1079714829072,0.08672769422310012,0.7836055334719052,0.8705861813031349
station_v0_bogota_sp75__TD3_vanilla_extended_ts102__seed0__2022-01-17,station_v0_bogota_sp75,2.5,TD3_vanilla_extended_ts102,0,2022-01-17,243.860197234415,17.0,82.0,116.0,28.0,1171.981619190349,1738.8635434341008,243.95621849395044,0.0960212595354335,0.8277747859092197,0.8770134321249197
station_v0_bogota_sp75__TD3_vanilla_extended_ts102__seed0__2022-03-05,station_v0_bogota_sp75,2.5,TD3_vanilla_extended_ts102,0,2022-03-05,218.1142463732857,16.0,87.0,115.0,35.0,1264.2879229016314,1681.6841856555418,218.2668154977009,0.1525691244151801,0.8528794649371417,0.8852000676644327
station_v0_bogota_sp75__TD3_vanilla_extended_ts102__seed1__2022-01-17,station_v0_bogota_sp75,2.5,TD3_vanilla_extended_ts102,1,2022-01-17,225.5181440761,16.0,80.0,98.0,34.0,1127.5049369414303,1396.1457930586566,225.604430321438,0.08628624533801599,0.8333333952655368,0.8609415057726527
station_v0_bogota_sp75__TD3_vanilla_extended_ts102__seed1__2022-03-05,station_v0_bogota_sp75,2.5,TD3_vanilla_extended_ts102,1,2022-03-05,222.42082583032385,16.0,84.0,106.0,30.0,1204.1349692799258,1522.0302690990218,222.52918332163603,0.10835749131217653,0.8440972772570663,0.8725060212068414
station_v0_bogota_sp75__TD3_vanilla_extended_ts102__seed2__2022-01-17,station_v0_bogota_sp75,2.5,TD3_vanilla_extended_ts102,2,2022-01-17,281.6587969452391,18.0,97.0,121.0,23.0,1399.1446224280692,1794.3319780599672,281.7705172508427,0.111720305603626,0.8324372299966067,0.8643329038034452
station_v0_bogota_sp75__TD3_vanilla_extended_ts102__seed2__2022-03-05,station_v0_bogota_sp75,2.5,TD3_vanilla_extended_ts102,2,2022-03-05,273.9012733543459,18.0,92.0,111.0,26.0,1330.0009373650762,1633.4615131062774,273.98977585041735,0.08850249607144178,0.8292376189602366,0.8564045777000368
station_v0_bogota_sp75__TD3_vanilla_extended_ts102__seed3__2022-01-17,station_v0_bogota_sp75,2.5,TD3_vanilla_extended_ts102,3,2022-01-17,262.8162864502984,17.0,72.0,104.0,20.0,1006.5575601954522,1543.0004594587772,262.9120176138014,0.09573116350304645,0.7929715756530022,0.8544689790967451
station_v0_bogota_sp75__TD3_vanilla_extended_ts102__seed3__2022-03-05,station_v0_bogota_sp75,2.5,TD3_vanilla_extended_ts102,3,2022-03-05,231.88524157349696,16.0,73.0,118.0,21.0,1030.5110289559998,1757.8741723399555,231.9431747870252,0.05793321352825842,0.8163218587367487,0.8834640566842444
station_v0_bogota_sp75__TD3_vanilla_extended_ts102__seed4__2022-01-17,station_v0_bogota_sp75,2.5,TD3_vanilla_extended_ts102,4,2022-01-17,266.6438167296864,18.0,65.0,112.0,31.0,906.5116753437474,1661.731062031623,266.71148034147427,0.06766361178785019,0.7727254057017371,0.8617310026766155
station_v0_bogota_sp75__TD3_vanilla_extended_ts102__seed4__2022-03-05,station_v0_bogota_sp75,2.5,TD3_vanilla_extended_ts102,4,2022-03-05,208.886998790927,18.0,82.0,120.0,27.0,1195.7259939844623,1809.325533335626,248.8154002831318,39.928401492204785,0.8553956296303741,0.898506950919222
station_v0_bogota_sp75__TD3_vanilla_extended_ts102__seed5__2022-01-17,station_v0_bogota_sp75,2.5,TD3_vanilla_extended_ts102,5,2022-01-17,210.12740657240585,16.0,87.0,116.0,29.0,1230.7629886819104,1678.6770858068155,210.2251717672368,0.09776519483094148,0.8541782560469405,0.8887568662010729
station_v0_bogota_sp75__TD3_vanilla_extended_ts102__seed5__2022-03-05,station_v0_bogota_sp75,2.5,TD3_vanilla_extended_ts102,5,2022-03-05,185.88800144169448,15.0,72.0,109.0,25.0,1036.6872658893635,1609.1431406862948,185.94666914820905,0.05866770651456932,0.8479610322316287,0.8964464059551247
station_v0_bogota_sp75__TD3_vanilla_extended_ts102__seed6__2022-01-17,station_v0_bogota_sp75,2.5,TD3_vanilla_extended_ts102,6,2022-01-17,231.8751453707322,16.0,49.0,94.0,22.0,679.2837233547309,1421.104852952326,231.95781626209373,0.0826708913615164,0.7455393160980839,0.8597299729229712
station_v0_bogota_sp75__TD3_vanilla_extended_ts102__seed6__2022-03-05,station_v0_bogota_sp75,2.5,TD3_vanilla_extended_ts102,6,2022-03-05,233.754356040009,17.0,67.0,102.0,25.0,946.486014483289,1508.9549114525662,233.85099572671012,0.09663968670113832,0.8019596487968967,0.8658747052227179
station_v0_bogota_sp75__TD3_vanilla_extended_ts102__seed7__2022-01-17,station_v0_bogota_sp75,2.5,TD3_vanilla_extended_ts102,7,2022-01-17,291.80229156389066,18.0,59.0,94.0,30.0,842.540532542744,1392.2054565324122,295.91355799180724,4.111266427916576,0.7436854994944263,0.8271435313190092
station_v0_bogota_sp75__TD3_vanilla_extended_ts102__seed7__2022-03-05,station_v0_bogota_sp75,2.5,TD3_vanilla_extended_ts102,7,2022-03-05,229.43228659611225,16.0,88.0,104.0,36.0,1286.9584236586052,1521.3631480749275,229.560159375657,0.1278727795447594,0.8487111934117798,0.8689649708700407
station_v0_bogota_sp75__TD3_vanilla_extended_ts102__seed8__2022-01-17,station_v0_bogota_sp75,2.5,TD3_vanilla_extended_ts102,8,2022-01-17,355.210953323308,17.0,87.0,108.0,18.0,1281.1051052994792,1610.6226413951715,355.40164733738663,0.1906940140786446,0.7829456231995593,0.8193252467128457
station_v0_bogota_sp75__TD3_vanilla_extended_ts102__seed8__2022-03-05,station_v0_bogota_sp75,2.5,TD3_vanilla_extended_ts102,8,2022-03-05,340.47579344742155,17.0,68.0,111.0,13.0,1002.7690474934282,1673.7709477642602,340.6411092653202,0.16531581789865868,0.7465585683311424,0.8309800657421196
station_v0_bogota_sp75__TD3_vanilla_extended_ts102__seed9__2022-01-17,station_v0_bogota_sp75,2.5,TD3_vanilla_extended_ts102,9,2022-01-17,293.3550306080129,18.0,63.0,99.0,13.0,937.0098465470604,1511.4896936353648,293.46562059355944,0.11058998554653954,0.7615921337385851,0.8374724136961064
station_v0_bogota_sp75__TD3_vanilla_extended_ts102__seed9__2022-03-05,station_v0_bogota_sp75,2.5,TD3_vanilla_extended_ts102,9,2022-03-05,272.8381695366628,18.0,81.0,107.0,6.0,1244.304993548137,1659.282559921469,273.0030638522873,0.16489431562450818,0.8201827452204323,0.8588002900917879
station_v0_bogota_sp75__TD3_vanilla_extended_ts102__seed10__2022-01-17,station_v0_bogota_sp75,2.5,TD3_vanilla_extended_ts102,10,2022-01-17,224.7931221747505,15.0,79.0,115.0,33.0,1107.001059188024,1695.2381342637802,224.88540569941108,0.09228352466058709,0.8312220087064636,0.8829277817306173
station_v0_bogota_sp75__TD3_vanilla_extended_ts102__seed10__2022-03-05,station_v0_bogota_sp75,2.5,TD3_vanilla_extended_ts102,10,2022-03-05,213.24418265230776,15.0,74.0,115.0,27.0,1049.364159674937,1705.5532902336674,213.38340891962736,0.13922626731960008,0.8311268317153458,0.8888737795538546
station_v0_bogota_sp75__TD3_vanilla_extended_ts102__seed11__2022-01-17,station_v0_bogota_sp75,2.5,TD3_vanilla_extended_ts102,11,2022-01-17,237.8695307371256,15.0,63.0,103.0,27.0,869.7634714736167,1513.5861897886132,237.94218000041303,0.07264926328744536,0.7852592605078873,0.8641931613327066
station_v0_bogota_sp75__TD3_vanilla_extended_ts102__seed11__2022-03-05,station_v0_bogota_sp75,2.5,TD3_vanilla_extended_ts102,11,2022-03-05,222.7837750116413,15.0,55.0,95.0,18.0,821.5705710468849,1417.94658895056,222.9039267441836,0.12015173254229694,0.7867025231513064,0.8642266477776535
station_v0_bogota_sp75__TD3_vanilla_extended_ts102__seed12__2022-01-17,station_v0_bogota_sp75,2.5,TD3_vanilla_extended_ts102,12,2022-01-17,252.55490324963856,17.0,64.0,98.0,27.0,902.0346633539192,1438.1761580097289,253.72840198734667,1.1734987377081154,0.7814821127070142,0.8507274528238903
station_v0_bogota_sp75__TD3_vanilla_extended_ts102__seed12__2022-03-05,station_v0_bogota_sp75,2.5,TD3_vanilla_extended_ts102,12,2022-03-05,244.1315874703684,17.0,80.0,106.0,21.0,1185.7118790523875,1568.4964637853172,244.227494173476,0.09590670310760174,0.8292713718906689,0.8653233514134875
station_v0_bogota_sp75__TD3_vanilla_extended_ts102__seed13__2022-01-17,station_v0_bogota_sp75,2.5,TD3_vanilla_extended_ts102,13,2022-01-17,286.5907805066106,17.0,72.0,120.0,30.0,1048.3290467477896,1767.2229196848727,286.67703816390235,0.08625765729175328,0.7853262365275526,0.8604650730862365
station_v0_bogota_sp75__TD3_vanilla_extended_ts102__seed13__2022-03-05,station_v0_bogota_sp75,2.5,TD3_vanilla_extended_ts102,13,2022-03-05,266.3142720168139,17.0,92.0,122.0,21.0,1357.0258504412589,1839.8679868889544,266.4157021937053,0.10143017689136968,0.8359569695721004,0.873562011899356
station_v0_bogota_sp75__TD3_vanilla_extended_ts102__seed14__2022-01-17,station_v0_bogota_sp75,2.5,TD3_vanilla_extended_ts102,14,2022-01-17,376.5680043843778,18.0,54.0,102.0,23.0,742.1807843489703,1538.1441236393937,397.7305681502236,21.16256376584579,0.6696515009182312,0.8054791428487245
station_v0_bogota_sp75__TD3_vanilla_extended_ts102__seed14__2022-03-05,station_v0_bogota_sp75,2.5,TD3_vanilla_extended_ts102,14,2022-03-05,413.9101625751466,19.0,76.0,114.0,18.0,1089.9733795384411,1733.6441206906277,414.0468003298824,0.1366377547357729,0.7247974674040715,0.8072766623334839
station_v0_bogota_sp75__TD3_vanilla_extended_ts102__seed15__2022-01-17,station_v0_bogota_sp75,2.5,TD3_vanilla_extended_ts102,15,2022-01-17,215.61213239617925,16.0,89.0,124.0,33.0,1260.415638818834,1837.4643216856095,215.6927438740624,0.0806114778831386,0.8539320452859746,0.8949850763914131
station_v0_bogota_sp75__TD3_vanilla_extended_ts102__seed15__2022-03-05,station_v0_bogota_sp75,2.5,TD3_vanilla_extended_ts102,15,2022-03-05,203.84232047978708,16.0,101.0,122.0,32.0,1472.2079929446052,1793.4642085148078,203.89589713968635,0.053576659899277956,0.8783832424196952,0.8979441314048915
station_v0_bogota_sp75__TD3_vanilla_extended_ts102__seed16__2022-01-17,station_v0_bogota_sp75,2.5,TD3_vanilla_extended_ts102,16,2022-01-17,254.96954340820213,17.0,72.0,116.0,20.0,1040.2658981785396,1748.3252188920876,255.06209363089445,0.09255022269232427,0.8031621758964407,0.8727307786096019
station_v0_bogota_sp75__TD3_vanilla_extended_ts102__seed16__2022-03-05,station_v0_bogota_sp75,2.5,TD3_vanilla_extended_ts102,16,2022-03-05,211.30675637471512,16.0,89.0,114.0,26.0,1320.2751527102191,1700.7746702524494,211.390482860659,0.08372648594388465,0.8620411978519336,0.8894934592701387
station_v0_bogota_sp75__TD3_vanilla_extended_ts102__seed17__2022-01-17,station_v0_bogota_sp75,2.5,TD3_vanilla_extended_ts102,17,2022-01-17,249.05689432018383,17.0,67.0,112.0,17.0,932.56526163472,1669.8975547822622,249.1572142961848,0.10031997600097498,0.7892424834147386,0.8702189753345164
station_v0_bogota_sp75__TD3_vanilla_extended_ts102__seed17__2022-03-05,station_v0_bogota_sp75,2.5,TD3_vanilla_extended_ts102,17,2022-03-05,246.77478291551324,17.0,83.0,110.0,16.0,1202.461318554663,1643.2064468673923,246.8718477672924,0.0970648517791517,0.8297321908793643,0.8694367404694153
station_v0_bogota_sp75__TD3_vanilla_extended_ts102__seed18__2022-01-17,station_v0_bogota_sp75,2.5,TD3_vanilla_extended_ts102,18,2022-01-17,295.9115744325239,18.0,84.0,117.0,10.0,1199.4279336167206,1754.4541462111406,296.0151259500043,0.1035515174804118,0.8021244790702641,0.8556859259243421
station_v0_bogota_sp75__TD3_vanilla_extended_ts102__seed18__2022-03-05,station_v0_bogota_sp75,2.5,TD3_vanilla_extended_ts102,18,2022-03-05,240.97138046176968,16.0,91.0,108.0,16.0,1313.206345463986,1604.2638937046372,241.05710547391237,0.08572501214268868,0.844961045493054,0.8694149253332949
station_v0_bogota_sp75__TD3_vanilla_extended_ts102__seed19__2022-01-17,station_v0_bogota_sp75,2.5,TD3_vanilla_extended_ts102,19,2022-01-17,248.31124447185675,17.0,71.0,104.0,24.0,1032.152319268875,1551.986018601438,248.4271663230685,0.1159218512117377,0.8060946257021478,0.8620809675517519
station_v0_bogota_sp75__TD3_vanilla_extended_ts102__seed19__2022-03-05,station_v0_bogota_sp75,2.5,TD3_vanilla_extended_ts102,19,2022-03-05,240.9007722762817,17.0,87.0,122.0,14.0,1265.2427460755655,1845.1538891788464,240.96359444809505,0.06282217181333749,0.8400612414149524,0.8845219532614963
station_v0_bogota_sp75__TD3_vanilla_extended_ts102__seed20__2022-01-17,station_v0_bogota_sp75,2.5,TD3_vanilla_extended_ts102,20,2022-01-17,317.78336049489315,18.0,77.0,106.0,26.0,1098.8362728110512,1592.8885148058766,317.89764291681763,0.11428242192448579,0.7756929816057752,0.8336897306846558
station_v0_bogota_sp75__TD3_vanilla_extended_ts102__seed20__2022-03-05,station_v0_bogota_sp75,2.5,TD3_vanilla_extended_ts102,20,2022-03-05,287.14794928655385,17.0,86.0,111.0,17.0,1263.287306181174,1653.1573190587665,287.29084083857754,0.1428915520236842,0.8148123331684644,0.8520197781002586
station_v0_bogota_sp75__TD3_vanilla_extended_ts102__seed21__2022-01-17,station_v0_bogota_sp75,2.5,TD3_vanilla_extended_ts102,21,2022-01-17,228.1208928158269,17.0,63.0,99.0,25.0,919.037299185318,1507.8252132574398,228.2476788662297,0.12678605040281354,0.8011645779558203,0.8685994730689127
station_v0_bogota_sp75__TD3_vanilla_extended_ts102__seed21__2022-03-05,station_v0_bogota_sp75,2.5,TD3_vanilla_extended_ts102,21,2022-03-05,213.29321957862825,17.0,70.0,106.0,23.0,1035.3739948170803,1588.874157288414,213.4248987221423,0.13167914351404875,0.8292013064056026,0.8816549235448421
station_v0_bogota_sp75__TD3_vanilla_extended_ts102__seed22__2022-01-17,station_v0_bogota_sp75,2.5,TD3_vanilla_extended_ts102,22,2022-01-17,247.42555946591807,17.0,71.0,107.0,25.0,1024.065779955493,1599.7039601054582,247.4758741385412,0.05031467262313072,0.8054129342367418,0.8660522625469314
station_v0_bogota_sp75__TD3_vanilla_extended_ts102__seed22__2022-03-05,station_v0_bogota_sp75,2.5,TD3_vanilla_extended_ts102,22,2022-03-05,223.06285185370865,17.0,61.0,98.0,28.0,886.3485432110584,1465.7444563859392,223.13574445271024,0.07289259900159095,0.7989490663960549,0.8679226319646934
station_v0_bogota_sp75__TD3_vanilla_extended_ts102__seed23__2022-01-17,station_v0_bogota_sp75,2.5,TD3_vanilla_extended_ts102,23,2022-01-17,250.5689842351013,16.0,80.0,109.0,36.0,1166.234739069012,1622.8426244611894,250.69173601544173,0.12275178034042256,0.8231602072223497,0.8662586662294489
station_v0_bogota_sp75__TD3_vanilla_extended_ts102__seed23__2022-03-05,station_v0_bogota_sp75,2.5,TD3_vanilla_extended_ts102,23,2022-03-05,247.4990292119043,16.0,72.0,114.0,37.0,1032.639691509301,1692.6099770297044,247.60046034780797,0.10143113590368102,0.806677654303465,0.8724370179420142
station_v0_bogota_sp75__TD3_vanilla_extended_ts102__seed24__2022-01-17,station_v0_bogota_sp75,2.5,TD3_vanilla_extended_ts102,24,2022-01-17,249.58639004279564,17.0,65.0,103.0,17.0,935.9971475398576,1535.9257925241964,249.65488595600976,0.06849591321412163,0.7894944022430459,0.8602211633163331
station_v0_bogota_sp75__TD3_vanilla_extended_ts102__seed24__2022-03-05,station_v0_bogota_sp75,2.5,TD3_vanilla_extended_ts102,24,2022-03-05,247.34897949100056,17.0,60.0,100.0,9.0,896.9076050756653,1522.7312616960294,247.44162834797976,0.09264885697919567,0.7838518414951124,0.8602684625427457
station_v0_bogota_sp75__TD3_vanilla_extended_ts102__seed25__2022-01-17,station_v0_bogota_sp75,2.5,TD3_vanilla_extended_ts102,25,2022-01-17,271.26012635770223,16.0,54.0,94.0,27.0,760.1423728201114,1396.0874733095325,271.3612350491058,0.10110869140356726,0.737024549125867,0.8373202575899811
station_v0_bogota_sp75__TD3_vanilla_extended_ts102__seed25__2022-03-05,station_v0_bogota_sp75,2.5,TD3_vanilla_extended_ts102,25,2022-03-05,288.3225944230508,17.0,69.0,101.0,22.0,1004.4274534587296,1514.9260532518674,288.4232351296621,0.10064070661127289,0.7769869351751223,0.8401182753221288
station_v0_bogota_sp75__TD3_vanilla_extended_ts102__seed26__2022-01-17,station_v0_bogota_sp75,2.5,TD3_vanilla_extended_ts102,26,2022-01-17,288.98377941904346,15.0,61.0,99.0,29.0,850.7407982517368,1463.3426774654151,289.1460227170272,0.16224329798376402,0.7464802872504108,0.8351009171192038
station_v0_bogota_sp75__TD3_vanilla_extended_ts102__seed26__2022-03-05,station_v0_bogota_sp75,2.5,TD3_vanilla_extended_ts102,26,2022-03-05,225.05402131430543,16.0,62.0,93.0,23.0,904.4531099354414,1392.061584214428,225.1551305873623,0.10110927305686346,0.800768077603483,0.8608386747091663
station_v0_bogota_sp75__TD3_vanilla_extended_ts102__seed27__2022-01-17,station_v0_bogota_sp75,2.5,TD3_vanilla_extended_ts102,27,2022-01-17,302.0475462347304,16.0,85.0,116.0,31.0,1177.3088035254352,1717.7378259595573,302.15724365475194,0.10969742002151861,0.7958401635438522,0.8504637439941842
station_v0_bogota_sp75__TD3_vanilla_extended_ts102__seed27__2022-03-05,station_v0_bogota_sp75,2.5,TD3_vanilla_extended_ts102,27,2022-03-05,282.8503951457988,16.0,91.0,115.0,21.0,1305.9846658929878,1725.179295056104,282.966754832779,0.11635968698016086,0.8219892745263385,0.8591484941239957
station_v0_bogota_sp75__TD3_vanilla_extended_ts102__seed28__2022-01-17,station_v0_bogota_sp75,2.5,TD3_vanilla_extended_ts102,28,2022-01-17,245.74429814133745,17.0,88.0,122.0,20.0,1262.3782496670742,1834.527196925428,245.81669344767363,0.07239530633617619,0.8370606536885594,0.8818732329407019
station_v0_bogota_sp75__TD3_vanilla_extended_ts102__seed28__2022-03-05,station_v0_bogota_sp75,2.5,TD3_vanilla_extended_ts102,28,2022-03-05,241.6240533018283,17.0,83.0,106.0,25.0,1218.2911151171968,1584.782671296703,241.6940807020879,0.07002740025959042,0.8345023949600813,0.8677103045317117
station_v0_bogota_sp75__TD3_vanilla_extended_ts102__seed29__2022-01-17,station_v0_bogota_sp75,2.5,TD3_vanilla_extended_ts102,29,2022-01-17,279.0024376049548,18.0,77.0,119.0,21.0,1109.8004802723606,1802.1953670196856,279.09884331206723,0.09640570711241025,0.7991197541338604,0.8659476222919572
station_v0_bogota_sp75__TD3_vanilla_extended_ts102__seed29__2022-03-05,station_v0_bogota_sp75,2.5,TD3_vanilla_extended_ts102,29,2022-03-05,269.9714986099823,18.0,83.0,105.0,21.0,1208.519897905344,1590.42131411083,270.025293800536,0.05379519055372839,0.8174073405909892,0.8548888758957365
station_v0_bogota_sp75__TD3_vanilla_extended_ts102__seed30__2022-01-17,station_v0_bogota_sp75,2.5,TD3_vanilla_extended_ts102,30,2022-01-17,246.10465504985228,16.0,87.0,113.0,22.0,1280.5405874693822,1665.7090728425726,246.18083925594215,0.07618420608986298,0.838801859499854,0.8712767646858262
station_v0_bogota_sp75__TD3_vanilla_extended_ts102__seed30__2022-03-05,station_v0_bogota_sp75,2.5,TD3_vanilla_extended_ts102,30,2022-03-05,221.51839018195815,16.0,72.0,109.0,25.0,1041.23337072732,1609.3884629241925,221.6471742470974,0.1287840651392571,0.824592760523961,0.8790201644987232
station_v0_bogota_sp75__TD3_vanilla_extended_ts102__seed31__2022-01-17,station_v0_bogota_sp75,2.5,TD3_vanilla_extended_ts102,31,2022-01-17,245.43698313713247,16.0,69.0,96.0,34.0,960.7769430250004,1376.8659737109674,245.5319592960888,0.09497615895631384,0.7965388610952957,0.8487196154877836
station_v0_bogota_sp75__TD3_vanilla_extended_ts102__seed31__2022-03-05,station_v0_bogota_sp75,2.5,TD3_vanilla_extended_ts102,31,2022-03-05,236.94596946934263,16.0,86.0,114.0,23.0,1264.2500637295325,1684.1693991128564,237.12515353112997,0.17918406178733903,0.8421807108940675,0.8766737931238758
station_v0_bogota_sp75__TD3_vanilla_extended_ts102__seed32__2022-01-17,station_v0_bogota_sp75,2.5,TD3_vanilla_extended_ts102,32,2022-01-17,279.5175009015161,17.0,72.0,110.0,15.0,1030.8169946705314,1650.987525440799,279.6171341450274,0.09963324351133451,0.7866985491638873,0.8552176389331407
station_v0_bogota_sp75__TD3_vanilla_extended_ts102__seed32__2022-03-05,station_v0_bogota_sp75,2.5,TD3_vanilla_extended_ts102,32,2022-03-05,239.41975976448293,16.0,77.0,102.0,16.0,1120.1733073148423,1523.435939055248,239.57024960026388,0.1504898357809452,0.8239228576985044,0.8641980037817865
station_v0_bogota_sp75__TD3_vanilla_extended_ts102__seed33__2022-01-17,station_v0_bogota_sp75,2.5,TD3_vanilla_extended_ts102,33,2022-01-17,240.1508782442179,17.0,60.0,89.0,32.0,914.119035859988,1343.012872444196,255.04001641749608,14.889138173278184,0.794595202614724,0.8497228221180592
station_v0_bogota_sp75__TD3_vanilla_extended_ts102__seed33__2022-03-05,station_v0_bogota_sp75,2.5,TD3_vanilla_extended_ts102,33,2022-03-05,237.3126794417265,17.0,85.0,107.0,26.0,1265.7394765130166,1613.270557483364,237.426636105454,0.11395666372752089,0.8421247808545026,0.8717712004622773
station_v0_bogota_sp75__TD3_vanilla_extended_ts102__seed34__2022-01-17,station_v0_bogota_sp75,2.5,TD3_vanilla_extended_ts102,34,2022-01-17,242.4270881917588,17.0,60.0,105.0,32.0,855.8718704626649,1554.9334668960091,242.5304920972615,0.10340390550268808,0.7792911810324584,0.8651282619721965
station_v0_bogota_sp75__TD3_vanilla_extended_ts102__seed34__2022-03-05,station_v0_bogota_sp75,2.5,TD3_vanilla_extended_ts102,34,2022-03-05,209.37197387888844,16.0,66.0,97.0,33.0,960.139995075504,1432.7662558758338,209.46453313359223,0.09255925470378656,0.8209890874828608,0.8725075821984929
station_v0_bogota_sp75__TD3_vanilla_extended_ts102__seed35__2022-01-17,station_v0_bogota_sp75,2.5,TD3_vanilla_extended_ts102,35,2022-01-17,301.28343391232494,19.0,91.0,105.0,20.0,1331.3806064091218,1572.869357419323,327.094479103284,25.811045190959078,0.8183370757003324,0.8414267534356094
station_v0_bogota_sp75__TD3_vanilla_extended_ts102__seed35__2022-03-05,station_v0_bogota_sp75,2.5,TD3_vanilla_extended_ts102,35,2022-03-05,277.62626100431686,18.0,74.0,111.0,17.0,1088.1702144224078,1689.2803898119555,293.72945839220563,16.10319738788877,0.7990981064212458,0.8599975379568898
station_v0_bogota_sp75__TD3_vanilla_extended_ts102__seed36__2022-01-17,station_v0_bogota_sp75,2.5,TD3_vanilla_extended_ts102,36,2022-01-17,383.6930828347861,20.0,89.0,138.0,6.0,1290.2952152726114,2105.406120182951,383.8606217564282,0.16753892164211948,0.7708139981068377,0.8458610014064415
station_v0_bogota_sp75__TD3_vanilla_extended_ts102__seed36__2022-03-05,station_v0_bogota_sp75,2.5,TD3_vanilla_extended_ts102,36,2022-03-05,329.81189832372456,19.0,91.0,117.0,16.0,1334.1497572913454,1760.5982621080964,347.60842551036404,17.79652718663948,0.8038886317328466,0.8435580817285533
station_v0_bogota_sp75__TD3_vanilla_extended_ts102__seed37__2022-01-17,station_v0_bogota_sp75,2.5,TD3_vanilla_extended_ts102,37,2022-01-17,277.4226187684705,18.0,52.0,96.0,19.0,759.1398820907389,1458.6151249003926,277.50312660142805,0.08050783295755082,0.7323836494894533,0.8402052288036904
station_v0_bogota_sp75__TD3_vanilla_extended_ts102__seed37__2022-03-05,station_v0_bogota_sp75,2.5,TD3_vanilla_extended_ts102,37,2022-03-05,275.1473905703973,18.0,70.0,100.0,14.0,1021.086257940736,1517.6426087951015,275.2682705810648,0.12088001066751985,0.7877529761213233,0.8465359356477701
station_v0_bogota_sp75__TD3_vanilla_extended_ts102__seed38__2022-01-17,station_v0_bogota_sp75,2.5,TD3_vanilla_extended_ts102,38,2022-01-17,267.07327131013733,14.0,40.0,92.0,34.0,575.668459850845,1353.1501579693536,267.2036355719845,0.13036426184714855,0.6831390281390688,0.8351759520823909
station_v0_bogota_sp75__TD3_vanilla_extended_ts102__seed38__2022-03-05,station_v0_bogota_sp75,2.5,TD3_vanilla_extended_ts102,38,2022-03-05,267.9320817987792,15.0,60.0,96.0,28.0,881.3042855927939,1430.2690163182072,268.0581810653576,0.12609926657836468,0.7668863482398118,0.842237654668927
station_v0_bogota_sp75__TD3_vanilla_extended_ts102__seed39__2022-01-17,station_v0_bogota_sp75,2.5,TD3_vanilla_extended_ts102,39,2022-01-17,262.38553892341827,16.0,75.0,98.0,17.0,1085.324904597696,1463.544878128696,262.4867704209819,0.10123149756361727,0.8053247766088818,0.8479833558417708
station_v0_bogota_sp75__TD3_vanilla_extended_ts102__seed39__2022-03-05,station_v0_bogota_sp75,2.5,TD3_vanilla_extended_ts102,39,2022-03-05,257.0352436854255,16.0,65.0,93.0,16.0,968.3385338950272,1420.1449437200083,257.15602969328165,0.120786007856168,0.790259988642615,0.8467566359528419
station_v0_bogota_sp75__TD3_vanilla_extended_ts102__seed40__2022-01-17,station_v0_bogota_sp75,2.5,TD3_vanilla_extended_ts102,40,2022-01-17,268.8898082042659,17.0,75.0,113.0,26.0,1088.7623174148089,1704.435648928795,269.06011675174364,0.17030854747775948,0.8019698294576245,0.8637494881517812
station_v0_bogota_sp75__TD3_vanilla_extended_ts102__seed40__2022-03-05,station_v0_bogota_sp75,2.5,TD3_vanilla_extended_ts102,40,2022-03-05,260.8748987964002,17.0,67.0,101.0,19.0,988.800794935318,1526.5679443608212,260.98131863865103,0.10641984225082979,0.7912636963171259,0.8540600227382504
station_v0_bogota_sp75__TD3_vanilla_extended_ts102__seed41__2022-01-17,station_v0_bogota_sp75,2.5,TD3_vanilla_extended_ts102,41,2022-01-17,256.31712980236534,18.0,67.0,112.0,26.0,908.212834394802,1679.455355870912,256.42683347687165,0.10970367450630647,0.7799172251527605,0.8675967312407988
station_v0_bogota_sp75__TD3_vanilla_extended_ts102__seed41__2022-03-05,station_v0_bogota_sp75,2.5,TD3_vanilla_extended_ts102,41,2022-03-05,212.21723639351237,16.0,85.0,118.0,25.0,1211.5661047663268,1752.814119486516,212.29818733130455,0.08095093779218132,0.8509568379716337,0.8920075785708331
station_v0_bogota_sp75__TD3_vanilla_extended_ts102__seed42__2022-01-17,station_v0_bogota_sp75,2.5,TD3_vanilla_extended_ts102,42,2022-01-17,292.78769115349576,18.0,83.0,117.0,21.0,1205.4909784565912,1755.303489523221,292.89205679568346,0.10436564218770172,0.8045975666667897,0.8570509091870133
station_v0_bogota_sp75__TD3_vanilla_extended_ts102__seed42__2022-03-05,station_v0_bogota_sp75,2.5,TD3_vanilla_extended_ts102,42,2022-03-05,262.0930954678735,17.0,97.0,112.0,21.0,1432.390417756819,1679.7986173752436,262.1759898081872,0.08289434031365772,0.8453332402331247,0.8650378359745888
station_v0_bogota_sp75__TD3_vanilla_extended_ts102__seed43__2022-01-17,station_v0_bogota_sp75,2.5,TD3_vanilla_extended_ts102,43,2022-01-17,256.11830179602003,17.0,73.0,113.0,22.0,1056.411500119944,1722.3718487226758,257.2470294127351,1.1287276167150821,0.8050343403265295,0.870622418979326
station_v0_bogota_sp75__TD3_vanilla_extended_ts102__seed43__2022-03-05,station_v0_bogota_sp75,2.5,TD3_vanilla_extended_ts102,43,2022-03-05,241.33015598862949,17.0,95.0,112.0,22.0,1411.5994343313278,1681.884056762436,241.4300559153297,0.09989992670020342,0.8540073498914896,0.8745237949444287
station_v0_bogota_sp75__TD3_vanilla_extended_ts102__seed44__2022-01-17,station_v0_bogota_sp75,2.5,TD3_vanilla_extended_ts102,44,2022-01-17,268.3717488350644,17.0,35.0,87.0,29.0,468.5763602428709,1262.5969222145618,268.52485451220514,0.1531056771407293,0.6359092300176998,0.82472213973157
station_v0_bogota_sp75__TD3_vanilla_extended_ts102__seed44__2022-03-05,station_v0_bogota_sp75,2.5,TD3_vanilla_extended_ts102,44,2022-03-05,246.0693422341188,17.0,53.0,86.0,23.0,737.2581045874724,1250.5598090336612,264.4122100646196,18.342867830500808,0.7543409856170236,0.837574992057886
station_v0_bogota_sp75__TD3_vanilla_extended_ts102__seed45__2022-01-17,station_v0_bogota_sp75,2.5,TD3_vanilla_extended_ts102,45,2022-01-17,296.3162133128662,18.0,81.0,120.0,31.0,1147.944147486426,1779.7145927425402,296.4115479357338,0.09533462286759686,0.7948454011348928,0.8572744654060089
station_v0_bogota_sp75__TD3_vanilla_extended_ts102__seed45__2022-03-05,station_v0_bogota_sp75,2.5,TD3_vanilla_extended_ts102,45,2022-03-05,258.43155737887616,17.0,102.0,117.0,26.0,1475.972397679796,1703.8346076740356,258.51497538934206,0.08341801046589126,0.8510040710636093,0.8683050361620865
station_v0_bogota_sp75__TD3_vanilla_extended_ts102__seed46__2022-01-17,station_v0_bogota_sp75,2.5,TD3_vanilla_extended_ts102,46,2022-01-17,321.61693183606906,17.0,102.0,128.0,28.0,1456.7044888765947,1901.5552327442608,321.735179333006,0.11824749693693093,0.8191578058085891,0.85534191570791
station_v0_bogota_sp75__TD3_vanilla_extended_ts102__seed46__2022-03-05,station_v0_bogota_sp75,2.5,TD3_vanilla_extended_ts102,46,2022-03-05,308.71826525401383,17.0,108.0,131.0,25.0,1593.9301158897997,1954.628084153087,308.82999775629696,0.11173250228313236,0.8377523981925166,0.8636076949153887
station_v0_bogota_sp75__TD3_vanilla_extended_ts102__seed47__2022-01-17,station_v0_bogota_sp75,2.5,TD3_vanilla_extended_ts102,47,2022-01-17,246.60874643004547,18.0,69.0,102.0,12.0,1030.744909819553,1551.281277626932,246.71149188092463,0.10274545087915499,0.8069532971130959,0.8628421923534504
station_v0_bogota_sp75__TD3_vanilla_extended_ts102__seed47__2022-03-05,station_v0_bogota_sp75,2.5,TD3_vanilla_extended_ts102,47,2022-03-05,233.45077350765445,17.0,74.0,98.0,20.0,1092.920538895818,1461.7996629547615,233.49925956447368,0.04848605681922891,0.8239993297908821,0.86229521507585
station_v0_bogota_sp75__TD3_vanilla_extended_ts102__seed48__2022-01-17,station_v0_bogota_sp75,2.5,TD3_vanilla_extended_ts102,48,2022-01-17,386.7329357725651,20.0,67.0,114.0,20.0,957.5383606821102,1749.0359517195436,386.9355241009708,0.20258832840568175,0.7123537019575795,0.8189428369477617
station_v0_bogota_sp75__TD3_vanilla_extended_ts102__seed48__2022-03-05,station_v0_bogota_sp75,2.5,TD3_vanilla_extended_ts102,48,2022-03-05,341.1317688571452,18.0,85.0,115.0,23.0,1236.8729661206437,1744.0217961800029,341.26615681317287,0.1343879560276946,0.783839229444506,0.8364102337197641
station_v0_bogota_sp75__TD3_vanilla_extended_ts102__seed49__2022-01-17,station_v0_bogota_sp75,2.5,TD3_vanilla_extended_ts102,49,2022-01-17,256.0403992854992,17.0,88.0,129.0,15.0,1316.1389198206286,1992.1094222171528,256.13730700609983,0.09690772060065456,0.8371530428834016,0.8861155246186175
station_v0_bogota_sp75__TD3_vanilla_extended_ts102__seed49__2022-03-05,station_v0_bogota_sp75,2.5,TD3_vanilla_extended_ts102,49,2022-03-05,253.25495240674928,17.0,80.0,122.0,21.0,1190.0898726374062,1896.8159298879043,253.35631765276327,0.10136524601398378,0.8245483938990212,0.8822164351268053
