variant,seed,eval_day,station,port,arrival_step,departure_step,duration_min,energy_requested_kwh
dutch,0,2022-01-17,4,0,11,37,390,7.1621079655784925
dutch,0,2022-01-17,6,0,11,32,315,12.036991508073768
dutch,0,2022-01-17,7,0,11,36,375,14.845891817234516
dutch,0,2022-01-17,2,0,13,28,225,12.247757903978304
dutch,0,2022-01-17,0,0,15,40,375,17.197847217101057
dutch,0,2022-01-17,3,0,16,34,270,12.039444110164439
dutch,0,2022-01-17,5,0,28,43,225,14.942419233725815
dutch,0,2022-01-17,1,0,31,46,225,9.829950601331177
dutch,0,2022-01-17,6,0,39,54,225,7.3924860209675956
dutch,0,2022-01-17,2,0,42,58,240,8.0
dutch,0,2022-01-17,0,0,44,61,255,16.659110948758382
dutch,0,2022-01-17,4,0,44,62,270,23.487406813506453
dutch,0,2022-01-17,3,0,45,70,375,23.174031597888302
dutch,0,2022-01-17,5,0,49,68,285,35.43979849530185
dutch,0,2022-03-05,4,0,15,41,390,5.8166463964532085
dutch,0,2022-03-05,0,0,17,37,300,9.04956436938545
dutch,0,2022-03-05,3,0,20,41,315,10.9501852918619
dutch,0,2022-03-05,7,0,20,35,225,9.872765262658199
dutch,0,2022-03-05,2,0,23,39,240,15.918060524335104
dutch,0,2022-03-05,5,0,28,43,225,11.312437018363738
dutch,0,2022-03-05,6,0,28,43,225,14.942419233725815
dutch,0,2022-03-05,1,0,31,46,225,9.829950601331177
dutch,0,2022-03-05,7,0,39,54,225,7.3924860209675956
dutch,0,2022-03-05,2,0,42,58,240,8.0
dutch,0,2022-03-05,0,0,44,61,255,16.659110948758382
dutch,0,2022-03-05,4,0,44,62,270,23.487406813506453
dutch,0,2022-03-05,3,0,45,70,375,23.174031597888302
dutch,0,2022-03-05,5,0,49,68,285,35.43979849530185
dutch,1,2022-01-17,0,0,3,35,480,20.61351232511582
dutch,1,2022-01-17,1,0,3,33,450,26.962219474798346
dutch,1,2022-01-17,7,0,6,36,450,15.146568245789652
dutch,1,2022-01-17,3,0,17,41,360,5.8029503320424425
dutch,1,2022-01-17,4,0,19,37,270,6.435664397458055
dutch,1,2022-01-17,5,0,21,37,240,7.0
dutch,1,2022-01-17,6,0,23,38,225,18.747287465312148
dutch,1,2022-01-17,2,0,25,41,240,8.0
dutch,1,2022-01-17,1,0,38,53,225,10.95163696096295
dutch,1,2022-01-17,0,0,39,54,225,13.771639590919804
dutch,1,2022-01-17,4,0,40,55,225,8.26193126530864
dutch,1,2022-01-17,2,0,45,61,240,24.114777635261063
dutch,1,2022-01-17,5,0,46,69,345,31.875335738878107
dutch,1,2022-01-17,3,0,48,63,225,7.0
dutch,1,2022-03-05,0,0,3,35,480,20.61351232511582
dutch,1,2022-03-05,1,0,3,33,450,26.962219474798346
dutch,1,2022-03-05,7,0,6,36,450,15.146568245789652
dutch,1,2022-03-05,4,0,19,40,315,5.6931720769791525
dutch,1,2022-03-05,6,0,23,38,225,6.558825507477124
dutch,1,2022-03-05,2,0,25,40,225,7.0
dutch,1,2022-03-05,3,0,26,41,225,19.214012252612257
dutch,1,2022-03-05,5,0,33,49,240,8.0
dutch,1,2022-03-05,1,0,38,53,225,10.95163696096295
dutch,1,2022-03-05,0,0,39,54,225,13.771639590919804
dutch,1,2022-03-05,4,0,43,59,240,9.051050022200194
dutch,1,2022-03-05,2,0,45,61,240,24.114777635261063
dutch,1,2022-03-05,6,0,45,68,345,31.875335738878107
dutch,1,2022-03-05,3,0,48,63,225,7.0
dutch,1,2022-03-05,7,0,48,70,330,7.517085941992761
dutch,2,2022-01-17,3,0,11,33,330,20.458846446267607
dutch,2,2022-01-17,2,0,12,32,300,7.0
dutch,2,2022-01-17,4,0,14,40,390,15.539032744257554
dutch,2,2022-01-17,5,0,17,42,375,7.439906114486931
dutch,2,2022-01-17,0,0,20,42,330,9.0
dutch,2,2022-01-17,7,0,29,45,240,15.454947506589086
dutch,2,2022-01-17,1,0,31,49,270,5.038846156783194
dutch,2,2022-01-17,6,0,31,46,225,8.0
dutch,2,2022-01-17,3,0,38,53,225,10.973950113106255
dutch,2,2022-01-17,5,0,46,61,225,26.30273074552546
dutch,2,2022-01-17,7,0,49,64,225,17.49693597222717
dutch,2,2022-01-17,0,0,52,91,585,12.458039043409755
dutch,2,2022-03-05,2,0,12,34,330,20.458846446267607
dutch,2,2022-03-05,4,0,14,35,315,7.0
dutch,2,2022-03-05,0,0,22,41,285,12.970527179030142
dutch,2,2022-03-05,7,0,27,42,225,7.551605162542856
dutch,2,2022-03-05,1,0,29,45,240,5.242719213314942
dutch,2,2022-03-05,6,0,31,46,225,22.372124609824134
dutch,2,2022-03-05,3,0,33,48,225,13.165592145628828
dutch,2,2022-03-05,5,0,35,53,270,16.09984293690313
dutch,2,2022-03-05,4,0,42,57,225,11.12480617966392
dutch,2,2022-03-05,7,0,49,64,225,18.605049501028404
dutch,2,2022-03-05,6,0,50,71,315,29.22450737203114
dutch,2,2022-03-05,0,0,52,83,465,19.766553444482057
dutch,2,2022-03-05,1,0,55,90,525,15.081195754345813
dutch,2,2022-03-05,2,0,66,91,375,32.31675748650202
dutch,3,2022-01-17,6,0,7,32,375,25.246197358331543
dutch,3,2022-01-17,0,0,11,32,315,16.72770614177145
dutch,3,2022-01-17,3,0,14,42,420,21.76004782745686
dutch,3,2022-01-17,7,0,14,41,405,18.19434934645161
dutch,3,2022-01-17,1,0,18,46,420,20.819853598378046
dutch,3,2022-01-17,5,0,19,38,285,13.668307486651031
dutch,3,2022-01-17,2,0,27,42,225,10.070900435611051
dutch,3,2022-01-17,4,0,35,52,255,16.550141476325315
dutch,3,2022-01-17,0,0,36,51,225,10.20297212664505
dutch,3,2022-01-17,3,0,46,68,330,7.995069023945639
dutch,3,2022-01-17,5,0,50,74,360,13.405340708263111
dutch,3,2022-01-17,2,0,51,89,570,10.686487908930474
dutch,3,2022-01-17,6,0,57,85,420,17.310932466553666
dutch,3,2022-03-05,6,0,7,32,375,25.246197358331543
dutch,3,2022-03-05,0,0,17,37,300,12.576103703370443
dutch,3,2022-03-05,1,0,24,41,255,17.876181349037857
dutch,3,2022-03-05,3,0,24,41,255,14.94691055019291
dutch,3,2022-03-05,7,0,25,43,270,21.33513726241266
dutch,3,2022-03-05,2,0,27,42,225,14.141031920720557
dutch,3,2022-03-05,5,0,29,44,225,10.273343970621653
dutch,3,2022-03-05,4,0,35,52,255,16.550141476325315
dutch,3,2022-03-05,1,0,44,60,240,11.909337175956573
dutch,3,2022-03-05,3,0,46,68,330,7.995069023945639
dutch,3,2022-03-05,2,0,47,68,315,13.153123187603612
dutch,3,2022-03-05,5,0,48,66,270,10.47179078528039
dutch,3,2022-03-05,4,0,63,89,390,19.193811690692783
dutch,4,2022-01-17,0,0,8,29,315,8.978635235231032
dutch,4,2022-01-17,1,0,16,40,360,11.926724698652713
dutch,4,2022-01-17,4,0,18,35,255,23.863710904229784
dutch,4,2022-01-17,7,0,18,40,330,8.26055015877126
dutch,4,2022-01-17,6,0,19,37,270,8.953387593273945
dutch,4,2022-01-17,3,0,21,38,255,8.0
dutch,4,2022-01-17,2,0,24,39,225,13.370904607259504
dutch,4,2022-01-17,5,0,34,49,225,12.161406961136024
dutch,4,2022-01-17,6,0,43,60,255,20.741136054173836
dutch,4,2022-01-17,4,0,46,61,225,17.50143506984108
dutch,4,2022-01-17,2,0,47,64,255,7.847437834408076
dutch,4,2022-01-17,6,0,66,92,390,16.504955279285355
dutch,4,2022-01-17,3,0,70,94,360,25.290860555310182
dutch,4,2022-03-05,0,0,17,36,285,5.885116469126018
dutch,4,2022-03-05,4,0,18,40,330,11.040763686028072
dutch,4,2022-03-05,7,0,19,34,225,23.41226527872857
dutch,4,2022-03-05,6,0,21,38,255,8.392007398798029
dutch,4,2022-03-05,2,0,24,39,225,9.124731076450942
dutch,4,2022-03-05,3,0,27,42,225,8.0
dutch,4,2022-03-05,1,0,30,45,225,13.846435642111715
dutch,4,2022-03-05,5,0,34,49,225,12.161406961136024
dutch,4,2022-03-05,2,0,42,58,240,19.9776624315504
dutch,4,2022-03-05,6,0,43,58,225,16.62730400944872
dutch,4,2022-03-05,4,0,46,61,225,7.646629520399124
dutch,4,2022-03-05,3,0,66,92,390,16.504955279285355
dutch,4,2022-03-05,6,0,66,91,375,24.070688099625293
dutch,5,2022-01-17,2,0,10,34,360,6.0
dutch,5,2022-01-17,3,0,15,39,360,19.850620711359326
dutch,5,2022-01-17,7,0,15,43,420,12.979894327215199
dutch,5,2022-01-17,6,0,16,42,390,7.915377679591941
dutch,5,2022-01-17,1,0,18,35,255,11.559564358721495
dutch,5,2022-01-17,4,0,22,42,300,10.158989919195221
dutch,5,2022-01-17,0,0,31,46,225,19.524704107185855
dutch,5,2022-01-17,5,0,31,48,255,14.356796918408229
dutch,5,2022-01-17,1,0,39,54,225,6.996604411740513
dutch,5,2022-01-17,2,0,39,57,270,7.394676027340125
dutch,5,2022-01-17,4,0,46,62,240,6.199004564957853
dutch,5,2022-01-17,7,0,48,67,285,10.17206791596606
dutch,5,2022-01-17,3,0,50,73,345,29.437508113559915
dutch,5,2022-01-17,6,0,50,71,315,12.850347509682727
dutch,5,2022-01-17,0,0,53,94,615,6.0
dutch,5,2022-03-05,3,0,15,39,360,6.0
dutch,5,2022-03-05,6,0,19,40,315,18.02841174814563
dutch,5,2022-03-05,4,0,22,43,315,12.206916167312954
dutch,5,2022-03-05,5,0,26,42,240,7.508744583514158
dutch,5,2022-03-05,2,0,29,44,225,11.9689709742577
dutch,5,2022-03-05,1,0,30,46,240,10.354019782226274
dutch,5,2022-03-05,0,0,31,46,225,19.524704107185855
dutch,5,2022-03-05,7,0,31,48,255,14.356796918408229
dutch,5,2022-03-05,6,0,43,60,255,7.664868477194261
dutch,5,2022-03-05,4,0,46,68,330,8.526844889378843
dutch,5,2022-03-05,1,0,49,69,300,6.483787307198149
dutch,5,2022-03-05,3,0,50,73,345,10.367122255011786
dutch,6,2022-01-17,7,0,12,31,285,12.854084187891111
dutch,6,2022-01-17,1,0,14,41,405,23.882804641504386
dutch,6,2022-01-17,3,0,14,34,300,6.188580939170137
dutch,6,2022-01-17,4,0,15,42,405,11.731058115572914
dutch,6,2022-01-17,2,0,18,40,330,17.123904348647272
dutch,6,2022-01-17,0,0,21,45,360,5.0
dutch,6,2022-01-17,6,0,21,38,255,6.931128924914319
dutch,6,2022-01-17,5,0,33,48,225,17.458043095183392
dutch,6,2022-01-17,3,0,43,58,225,16.112524496906175
dutch,6,2022-01-17,0,0,48,64,240,8.305040301311237
dutch,6,2022-01-17,6,0,58,90,480,12.639019940647877
dutch,6,2022-03-05,0,0,21,36,225,9.817654508215625
dutch,6,2022-03-05,1,0,21,41,300,19.93512542333604
dutch,6,2022-03-05,6,0,21,36,225,5.165646960927958
dutch,6,2022-03-05,2,0,22,42,300,11.032450600959407
dutch,6,2022-03-05,4,0,22,39,255,17.396411767752433
dutch,6,2022-03-05,7,0,26,46,300,5.0
dutch,6,2022-03-05,5,0,30,45,225,7.064191083222241
dutch,6,2022-03-05,3,0,41,56,225,19.560683952395365
dutch,6,2022-03-05,6,0,41,56,225,15.519428370679933
dutch,6,2022-03-05,4,0,42,57,225,7.405326576981487
dutch,6,2022-03-05,0,0,48,68,300,18.224396511117256
dutch,6,2022-03-05,7,0,64,94,450,14.013743578771091
dutch,7,2022-01-17,1,0,13,32,285,9.815934688311813
dutch,7,2022-01-17,0,0,14,39,375,19.55273727714153
dutch,7,2022-01-17,3,0,15,37,330,26.400877038346742
dutch,7,2022-01-17,5,0,17,34,255,12.666141541658746
dutch,7,2022-01-17,2,0,18,33,225,9.0
dutch,7,2022-01-17,7,0,19,37,270,19.06031586613465
dutch,7,2022-01-17,4,0,22,38,240,23.54778478393097
dutch,7,2022-01-17,6,0,22,40,270,7.322276753871932
dutch,7,2022-01-17,7,0,41,56,225,31.39904564884703
dutch,7,2022-01-17,4,0,43,58,225,11.081746982603306
dutch,7,2022-01-17,5,0,43,59,240,13.354777073608105
dutch,7,2022-01-17,6,0,43,62,285,19.309157348616395
dutch,7,2022-01-17,3,0,45,64,285,5.048223430571824
dutch,7,2022-01-17,1,0,47,63,240,6.853958055139451
dutch,7,2022-01-17,0,0,56,91,525,30.0932749786084
dutch,7,2022-03-05,1,0,13,32,285,9.815934688311813
dutch,7,2022-03-05,3,0,15,39,360,17.354272232689517
dutch,7,2022-03-05,7,0,19,38,285,23.977380288522248
dutch,7,2022-03-05,0,0,20,36,240,12.426527752591788
dutch,7,2022-03-05,6,0,22,37,225,9.0
dutch,7,2022-03-05,2,0,23,38,225,19.425078463189045
dutch,7,2022-03-05,5,0,25,40,225,23.752588364724666
dutch,7,2022-03-05,4,0,36,51,225,7.467300470383435
dutch,7,2022-03-05,6,0,41,56,225,31.39904564884703
dutch,7,2022-03-05,7,0,41,56,225,10.673831934377105
dutch,7,2022-03-05,2,0,42,57,225,12.863192620129517
dutch,7,2022-03-05,5,0,43,62,285,19.309157348616395
dutch,7,2022-03-05,3,0,45,64,285,5.048223430571824
dutch,7,2022-03-05,1,0,47,63,240,6.853958055139451
dutch,7,2022-03-05,0,0,56,91,525,30.0932749786084
dutch,8,2022-01-17,2,0,12,41,435,19.505237475317145
dutch,8,2022-01-17,1,0,15,34,285,18.779218897387274
dutch,8,2022-01-17,3,0,15,40,375,24.123635223873286
dutch,8,2022-01-17,4,0,16,41,375,32.53162412317633
dutch,8,2022-01-17,0,0,21,41,300,23.689564213216308
dutch,8,2022-01-17,6,0,26,41,225,13.566173004371613
dutch,8,2022-01-17,7,0,35,51,240,16.03788436578718
dutch,8,2022-01-17,5,0,37,52,225,11.031401992611258
dutch,8,2022-01-17,1,0,41,56,225,15.118705733863898
dutch,8,2022-01-17,0,0,44,63,285,29.00118100179826
dutch,8,2022-01-17,2,0,45,65,300,8.0
dutch,8,2022-01-17,6,0,45,66,315,30.596059088954533
dutch,8,2022-01-17,3,0,48,63,225,12.342527540943522
dutch,8,2022-01-17,4,0,48,66,270,35.485616741238054
dutch,8,2022-01-17,7,0,58,91,495,7.305637217560417
dutch,8,2022-03-05,2,0,16,45,435,15.841016334581838
dutch,8,2022-03-05,1,0,18,36,270,17.38422939180169
dutch,8,2022-03-05,3,0,18,42,360,22.331642800878527
dutch,8,2022-03-05,0,0,21,40,285,30.594302114272182
dutch,8,2022-03-05,4,0,25,41,240,23.89560090086345
dutch,8,2022-03-05,6,0,26,41,225,13.566173004371613
dutch,8,2022-03-05,5,0,29,45,240,16.028321739297297
dutch,8,2022-03-05,7,0,35,50,225,10.66140633450118
dutch,8,2022-03-05,1,0,41,56,225,15.118705733863898
dutch,8,2022-03-05,0,0,44,63,285,29.00118100179826
dutch,8,2022-03-05,6,0,45,65,300,8.0
dutch,8,2022-03-05,3,0,48,71,345,31.399542901604377
dutch,8,2022-03-05,4,0,48,63,225,12.342527540943522
dutch,8,2022-03-05,7,0,57,90,495,7.305637217560417
dutch,9,2022-01-17,4,0,12,34,330,17.484340608081787
dutch,9,2022-01-17,0,0,14,29,225,26.83210055440847
dutch,9,2022-01-17,3,0,15,45,450,18.613462110545726
dutch,9,2022-01-17,5,0,16,43,405,16.924673667171476
dutch,9,2022-01-17,2,0,17,45,420,21.04470426871032
dutch,9,2022-01-17,6,0,22,41,285,6.241951595186258
dutch,9,2022-01-17,1,0,25,40,225,28.450851941100353
dutch,9,2022-01-17,7,0,36,51,225,13.210183143796577
dutch,9,2022-01-17,4,0,39,54,225,8.84244365896727
dutch,9,2022-01-17,6,0,48,63,225,11.895800961480163
dutch,9,2022-01-17,2,0,49,77,420,6.0
dutch,9,2022-01-17,5,0,49,78,435,7.201896899208407
dutch,9,2022-01-17,0,0,50,75,375,8.0
dutch,9,2022-01-17,4,0,59,90,465,8.060765745745961
dutch,9,2022-01-17,6,0,69,94,375,11.436649873970168
dutch,9,2022-03-05,4,0,19,38,285,12.896279436864802
dutch,9,2022-03-05,6,0,22,37,225,22.39692104645561
dutch,9,2022-03-05,2,0,23,42,285,17.22833170354383
dutch,9,2022-03-05,1,0,25,41,240,16.055210107506838
dutch,9,2022-03-05,5,0,33,51,270,21.87770420409924
dutch,9,2022-03-05,7,0,36,52,240,6.36557858294524
dutch,9,2022-03-05,4,0,41,56,225,32.338874390675656
dutch,9,2022-03-05,3,0,43,58,225,15.419480055694606
dutch,9,2022-03-05,6,0,43,59,240,9.687008679417985
dutch,9,2022-03-05,2,0,45,60,225,11.591398966170686
dutch,9,2022-03-05,0,0,50,78,420,6.0
dutch,10,2022-01-17,4,0,11,40,435,11.221433635098613
dutch,10,2022-01-17,1,0,12,37,375,7.0
dutch,10,2022-01-17,0,0,13,40,405,18.10118732457316
dutch,10,2022-01-17,5,0,13,33,300,24.982740477636582
dutch,10,2022-01-17,6,0,16,43,405,9.729625745497465
dutch,10,2022-01-17,3,0,18,40,330,13.301014578491774
dutch,10,2022-01-17,7,0,18,43,375,9.0
dutch,10,2022-01-17,2,0,25,40,225,12.510396339794163
dutch,10,2022-01-17,1,0,43,58,225,7.934354075824679
dutch,10,2022-01-17,6,0,48,64,240,24.916394655580262
dutch,10,2022-01-17,5,0,50,72,330,9.0
dutch,10,2022-01-17,0,0,52,87,525,12.640118937313233
dutch,10,2022-01-17,4,0,58,83,375,27.66461196089473
dutch,10,2022-03-05,0,0,13,42,435,10.267892282034083
dutch,10,2022-03-05,6,0,16,41,375,7.0
dutch,10,2022-03-05,5,0,18,43,375,14.872494725237118
dutch,10,2022-03-05,1,0,19,36,255,20.138276269610074
dutch,10,2022-03-05,7,0,24,41,255,9.005590614966778
dutch,10,2022-03-05,2,0,25,40,225,13.630209762069668
dutch,10,2022-03-05,3,0,26,42,240,9.0
dutch,10,2022-03-05,4,0,37,52,225,13.087114035291386
dutch,10,2022-03-05,1,0,43,58,225,7.934354075824679
dutch,10,2022-03-05,2,0,44,59,225,23.066172869006877
dutch,10,2022-03-05,6,0,48,67,285,9.0
dutch,10,2022-03-05,5,0,50,70,300,12.62368321197011
dutch,10,2022-03-05,7,0,64,87,345,30.673642422175796
dutch,11,2022-01-17,3,0,14,40,390,14.274324183019012
dutch,11,2022-01-17,7,0,14,37,345,20.30515355029557
dutch,11,2022-01-17,4,0,16,37,315,14.142521855071301
dutch,11,2022-01-17,5,0,16,39,345,17.98421706653498
dutch,11,2022-01-17,0,0,17,38,315,5.0
dutch,11,2022-01-17,6,0,17,41,360,14.660253619220107
dutch,11,2022-01-17,2,0,19,36,255,17.207710599575307
dutch,11,2022-01-17,0,0,41,60,285,13.014632025173803
dutch,11,2022-01-17,2,0,42,57,225,11.046987917835295
dutch,11,2022-01-17,7,0,42,58,240,16.09755050308756
dutch,11,2022-01-17,3,0,49,74,375,24.975894429574517
dutch,11,2022-01-17,6,0,49,72,345,14.616948207244839
dutch,11,2022-01-17,4,0,52,82,450,20.46332634744308
dutch,11,2022-03-05,0,0,17,41,360,11.728225740754326
dutch,11,2022-03-05,5,0,19,39,300,16.3677316449228
dutch,11,2022-03-05,6,0,21,37,240,13.30030694604934
dutch,11,2022-03-05,3,0,25,40,225,17.06032206590161
dutch,11,2022-03-05,4,0,26,41,225,5.0
dutch,11,2022-03-05,1,0,36,52,240,15.188533954557442
dutch,11,2022-03-05,2,0,38,53,225,18.80218078634904
dutch,11,2022-03-05,7,0,42,61,285,13.014632025173803
dutch,11,2022-03-05,5,0,43,58,225,11.4691636310152
dutch,11,2022-03-05,0,0,45,64,285,17.59136297745124
dutch,11,2022-03-05,3,0,49,74,375,24.975894429574517
dutch,11,2022-03-05,6,0,49,72,345,14.616948207244839
dutch,12,2022-01-17,5,0,5,34,435,7.0
dutch,12,2022-01-17,2,0,12,29,255,5.0
dutch,12,2022-01-17,7,0,13,34,315,6.102303397983192
dutch,12,2022-01-17,0,0,15,38,345,13.786904463424449
dutch,12,2022-01-17,3,0,16,38,330,14.37254184393187
dutch,12,2022-01-17,6,0,26,41,225,6.326245474818933
dutch,12,2022-01-17,4,0,29,47,270,14.724239356593927
dutch,12,2022-01-17,1,0,36,51,225,15.820775882831796
dutch,12,2022-01-17,2,0,36,51,225,13.881775864283085
dutch,12,2022-01-17,5,0,37,52,225,11.346353825432303
dutch,12,2022-01-17,7,0,37,52,225,24.74417758787102
dutch,12,2022-01-17,3,0,48,68,300,11.126803998099447
dutch,12,2022-01-17,6,0,49,69,300,15.844149831200887
dutch,12,2022-01-17,0,0,50,71,315,17.34460654340301
dutch,12,2022-01-17,5,0,55,89,510,25.70487418854644
dutch,12,2022-03-05,5,0,5,34,435,7.0
dutch,12,2022-03-05,7,0,13,31,270,5.0
dutch,12,2022-03-05,0,0,15,35,300,5.41617436546197
dutch,12,2022-03-05,6,0,26,41,225,13.078636093395147
dutch,12,2022-03-05,4,0,28,43,225,13.504649626307042
dutch,12,2022-03-05,1,0,29,44,225,6.392100817851535
dutch,12,2022-03-05,2,0,36,54,270,14.733023956978478
dutch,12,2022-03-05,5,0,37,52,225,16.36982337252718
dutch,12,2022-03-05,7,0,37,52,225,14.363531894913002
dutch,12,2022-03-05,3,0,39,54,225,11.683786455562569
dutch,12,2022-03-05,4,0,47,66,285,30.15277995233467
dutch,12,2022-03-05,6,0,49,73,360,11.340165864877193
dutch,12,2022-03-05,0,0,50,70,300,15.844149831200887
dutch,12,2022-03-05,3,0,62,93,465,28.70875513773956
dutch,13,2022-01-17,0,0,11,26,225,22.657470205857614
dutch,13,2022-01-17,7,0,13,37,360,21.43877317740568
dutch,13,2022-01-17,1,0,14,41,405,12.217520678389782
dutch,13,2022-01-17,2,0,19,36,255,12.862885024972101
dutch,13,2022-01-17,3,0,21,36,225,21.36379931914076
dutch,13,2022-01-17,5,0,25,40,225,21.130081468953037
dutch,13,2022-01-17,0,0,29,44,225,18.934944223625735
dutch,13,2022-01-17,6,0,30,45,225,14.91264441893125
dutch,13,2022-01-17,4,0,36,51,225,19.70772788646314
dutch,13,2022-01-17,1,0,45,62,255,14.622348822312496
dutch,13,2022-01-17,3,0,45,63,270,19.970197471697226
dutch,13,2022-01-17,7,0,48,69,315,18.85309077636947
dutch,13,2022-01-17,0,0,50,72,330,5.0
dutch,13,2022-01-17,6,0,50,77,405,8.751103124785423
dutch,13,2022-01-17,2,0,53,89,540,17.300854650961433
dutch,13,2022-01-17,4,0,57,93,540,13.901868676672478
dutch,13,2022-03-05,0,0,19,34,225,16.711929472028018
dutch,13,2022-03-05,1,0,20,40,300,17.28152832210604
dutch,13,2022-03-05,7,0,20,43,345,9.84839141131578
dutch,13,2022-03-05,3,0,21,36,225,13.319558080981409
dutch,13,2022-03-05,2,0,23,38,225,21.02614958540957
dutch,13,2022-03-05,5,0,25,40,225,21.130081468953037
dutch,13,2022-03-05,6,0,30,45,225,18.934944223625735
dutch,13,2022-03-05,4,0,36,51,225,14.921541423301022
dutch,13,2022-03-05,0,0,37,52,225,20.391668965193944
dutch,13,2022-03-05,2,0,41,56,225,13.380657254509245
dutch,13,2022-03-05,1,0,45,63,270,19.970197471697226
dutch,13,2022-03-05,3,0,45,64,285,18.370658490501476
dutch,13,2022-03-05,7,0,48,67,285,5.0
dutch,13,2022-03-05,6,0,50,77,405,8.751103124785423
dutch,13,2022-03-05,5,0,55,91,540,17.08126019803713
dutch,14,2022-01-17,1,0,13,37,360,19.202464258165406
dutch,14,2022-01-17,2,0,13,31,270,28.08894298200778
dutch,14,2022-01-17,0,0,14,40,390,27.56345335646713
dutch,14,2022-01-17,4,0,14,31,255,7.0
dutch,14,2022-01-17,7,0,17,35,270,24.168811044410795
dutch,14,2022-01-17,6,0,18,36,270,17.091169636414946
dutch,14,2022-01-17,5,0,19,42,345,11.685406444918485
dutch,14,2022-01-17,4,0,38,53,225,6.591815872277188
dutch,14,2022-01-17,0,0,44,60,240,26.636561501734036
dutch,14,2022-01-17,2,0,46,67,315,23.8795336277814
dutch,14,2022-01-17,5,0,50,67,255,30.10276609350491
dutch,14,2022-03-05,1,0,13,37,360,19.202464258165406
dutch,14,2022-03-05,0,0,14,32,270,28.08894298200778
dutch,14,2022-03-05,6,0,20,42,330,22.218556812609442
dutch,14,2022-03-05,3,0,25,40,225,7.0
dutch,14,2022-03-05,7,0,25,40,225,24.76698016464391
dutch,14,2022-03-05,2,0,26,41,225,17.514169753647998
dutch,14,2022-03-05,4,0,33,50,255,12.382184888362595
dutch,14,2022-03-05,5,0,39,54,225,6.7878518677466175
dutch,14,2022-03-05,1,0,41,56,225,25.656079427326702
dutch,14,2022-03-05,0,0,44,62,270,22.686840458996755
dutch,14,2022-03-05,2,0,46,61,225,28.78058387639097
dutch,15,2022-01-17,6,0,11,40,435,14.303397663753088
dutch,15,2022-01-17,2,0,13,34,315,18.64634622482771
dutch,15,2022-01-17,1,0,15,42,405,26.182401439235647
dutch,15,2022-01-17,3,0,16,34,270,9.0
dutch,15,2022-01-17,0,0,18,33,225,12.47511975168291
dutch,15,2022-01-17,7,0,18,40,330,13.242215105503263
dutch,15,2022-01-17,4,0,22,40,270,5.132640824668741
dutch,15,2022-01-17,5,0,22,39,255,6.0
dutch,15,2022-01-17,0,0,41,56,225,17.42505388888526
dutch,15,2022-01-17,2,0,41,57,240,7.14828459175834
dutch,15,2022-01-17,5,0,42,57,225,6.0
dutch,15,2022-01-17,7,0,43,60,255,7.305711467722553
dutch,15,2022-01-17,3,0,44,59,225,21.477468617433345
dutch,15,2022-01-17,6,0,44,61,255,17.079742497151415
dutch,15,2022-01-17,4,0,46,66,300,16.175781971243005
dutch,15,2022-03-05,2,0,13,43,450,13.08796640913556
dutch,15,2022-03-05,1,0,15,35,300,16.5497937165527
dutch,15,2022-03-05,3,0,16,43,405,26.182401439235647
dutch,15,2022-03-05,7,0,18,35,255,9.0
dutch,15,2022-03-05,0,0,19,34,225,12.239119648341784
dutch,15,2022-03-05,4,0,22,39,255,13.452949864829414
dutch,15,2022-03-05,5,0,22,40,270,5.132640824668741
dutch,15,2022-03-05,6,0,24,39,225,6.0
dutch,15,2022-03-05,7,0,38,53,225,16.03678563253083
dutch,15,2022-03-05,0,0,41,57,240,7.14828459175834
dutch,15,2022-03-05,6,0,42,57,225,6.0
dutch,15,2022-03-05,1,0,45,64,285,7.689787521698108
dutch,15,2022-03-05,4,0,46,61,225,22.606582658196174
dutch,15,2022-03-05,5,0,46,65,285,17.977659165528877
dutch,16,2022-01-17,5,0,13,39,390,32.455070200624505
dutch,16,2022-01-17,3,0,15,32,255,10.512032273739322
dutch,16,2022-01-17,1,0,17,37,300,8.0
dutch,16,2022-01-17,7,0,17,37,300,15.38643769985471
dutch,16,2022-01-17,2,0,18,45,405,11.10537557498558
dutch,16,2022-01-17,6,0,19,38,285,14.820062655324278
dutch,16,2022-01-17,0,0,21,36,225,9.0
dutch,16,2022-01-17,4,0,26,41,225,6.0
dutch,16,2022-01-17,0,0,40,55,225,9.596642321545843
dutch,16,2022-01-17,3,0,43,58,225,27.54857957517504
dutch,16,2022-01-17,5,0,47,70,345,8.424094629599814
dutch,16,2022-01-17,2,0,49,69,300,18.713324316320275
dutch,16,2022-01-17,1,0,51,91,600,9.263169206787936
dutch,16,2022-01-17,4,0,51,88,555,15.67671364685296
dutch,16,2022-01-17,7,0,52,92,600,10.44382652624428
dutch,16,2022-01-17,6,0,55,90,525,14.236209297456305
dutch,16,2022-03-05,1,0,19,41,330,26.16162829033223
dutch,16,2022-03-05,6,0,19,34,225,9.547069026023948
dutch,16,2022-03-05,3,0,21,37,240,8.0
dutch,16,2022-03-05,2,0,25,40,225,15.767246333160323
dutch,16,2022-03-05,0,0,26,43,255,11.380229506581173
dutch,16,2022-03-05,4,0,26,41,225,15.479693327872262
dutch,16,2022-03-05,5,0,27,42,225,9.0
dutch,16,2022-03-05,6,0,37,52,225,6.0
dutch,16,2022-03-05,3,0,43,59,240,10.513242837324668
dutch,16,2022-03-05,4,0,44,59,225,27.54857957517504
dutch,16,2022-03-05,1,0,47,70,345,8.424094629599814
dutch,16,2022-03-05,5,0,47,64,255,18.361238653965557
dutch,16,2022-03-05,7,0,47,66,285,9.077067299264186
dutch,16,2022-03-05,2,0,49,70,315,15.656329490575615
dutch,16,2022-03-05,0,0,52,92,600,10.44382652624428
dutch,16,2022-03-05,6,0,55,90,525,14.236209297456305
dutch,17,2022-01-17,2,0,12,34,330,7.157697847903286
dutch,17,2022-01-17,4,0,12,32,300,13.971735979144384
dutch,17,2022-01-17,5,0,13,36,345,11.20465270457376
dutch,17,2022-01-17,6,0,14,31,255,27.82182837963761
dutch,17,2022-01-17,0,0,15,42,405,6.93721927895016
dutch,17,2022-01-17,1,0,20,45,375,25.944400325765614
dutch,17,2022-01-17,3,0,25,43,270,22.587129981394625
dutch,17,2022-01-17,6,0,34,49,225,21.17550897106819
dutch,17,2022-01-17,4,0,35,50,225,13.801132046877726
dutch,17,2022-01-17,7,0,39,54,225,9.3063356428178
dutch,17,2022-01-17,0,0,52,90,570,14.545759027275011
dutch,17,2022-01-17,5,0,53,77,360,21.976311697849752
dutch,17,2022-03-05,2,0,12,34,330,7.157697847903286
dutch,17,2022-03-05,6,0,14,34,300,12.784487677060866
dutch,17,2022-03-05,5,0,18,39,315,9.206088819414866
dutch,17,2022-03-05,4,0,24,39,225,22.856018218335684
dutch,17,2022-03-05,3,0,25,42,255,6.580836669331532
dutch,17,2022-03-05,0,0,28,45,255,26.841698837175947
dutch,17,2022-03-05,1,0,29,47,270,22.82225888983922
dutch,17,2022-03-05,2,0,37,52,225,21.835619946311873
dutch,17,2022-03-05,6,0,37,52,225,14.280089397731523
dutch,17,2022-03-05,7,0,39,54,225,9.3063356428178
dutch,17,2022-03-05,4,0,42,57,225,12.709393266089592
dutch,17,2022-03-05,0,0,48,72,360,5.394042405913467
dutch,17,2022-03-05,5,0,49,79,450,10.406419456188033
dutch,17,2022-03-05,1,0,55,79,360,21.697373099616094
dutch,18,2022-01-17,6,0,11,39,420,18.12864177156367
dutch,18,2022-01-17,3,0,13,40,405,13.91817291852751
dutch,18,2022-01-17,0,0,14,34,300,9.647755580322652
dutch,18,2022-01-17,5,0,14,31,255,6.0
dutch,18,2022-01-17,7,0,19,47,420,11.917423231976684
dutch,18,2022-01-17,1,0,20,39,285,6.193376729252442
dutch,18,2022-01-17,4,0,22,45,345,5.0
dutch,18,2022-01-17,2,0,25,40,225,6.434266098181006
dutch,18,2022-01-17,5,0,36,53,255,19.52733418624684
dutch,18,2022-01-17,0,0,41,58,255,9.410165361077432
dutch,18,2022-01-17,2,0,43,59,240,22.938627117429974
dutch,18,2022-01-17,3,0,46,65,285,18.07732725632725
dutch,18,2022-01-17,6,0,51,91,600,23.706240236102204
dutch,18,2022-01-17,7,0,52,84,480,38.91183765832462
dutch,18,2022-03-05,1,0,20,44,360,13.37150970330783
dutch,18,2022-03-05,4,0,22,42,300,11.617585411737792
dutch,18,2022-03-05,5,0,23,38,225,7.9257651330813275
dutch,18,2022-03-05,2,0,25,40,225,6.0
dutch,18,2022-03-05,3,0,27,46,285,12.329592562993355
dutch,18,2022-03-05,6,0,29,44,225,6.536381426618448
dutch,18,2022-03-05,7,0,39,58,285,5.0
dutch,18,2022-03-05,0,0,41,56,225,7.31355685151447
dutch,18,2022-03-05,5,0,42,59,255,21.954117275104572
dutch,18,2022-03-05,2,0,43,61,270,9.769787667356923
dutch,18,2022-03-05,1,0,48,68,300,24.778617994450542
dutch,18,2022-03-05,3,0,50,74,360,18.907801048447624
dutch,18,2022-03-05,6,0,51,91,600,23.706240236102204
dutch,19,2022-01-17,0,0,15,45,450,13.679485849531552
dutch,19,2022-01-17,3,0,15,36,315,31.481855544924855
dutch,19,2022-01-17,4,0,15,33,270,5.0
dutch,19,2022-01-17,6,0,15,39,360,5.516039368076605
dutch,19,2022-01-17,2,0,17,42,375,8.411439052986097
dutch,19,2022-01-17,7,0,18,41,345,10.068911153620654
dutch,19,2022-01-17,1,0,20,43,345,7.044515576527132
dutch,19,2022-01-17,5,0,22,37,225,9.689442324922268
dutch,19,2022-01-17,4,0,37,52,225,5.745832865506074
dutch,19,2022-01-17,6,0,42,57,225,8.204139674470191
dutch,19,2022-01-17,1,0,48,68,300,25.592405623326833
dutch,19,2022-01-17,7,0,48,69,315,27.138030244888697
dutch,19,2022-03-05,1,0,21,43,330,12.864845642622548
dutch,19,2022-03-05,2,0,22,38,240,29.607049313382518
dutch,19,2022-03-05,5,0,22,37,225,5.0
dutch,19,2022-03-05,7,0,22,40,270,5.1875484071183
dutch,19,2022-03-05,3,0,28,44,240,8.53772421311325
dutch,19,2022-03-05,4,0,28,43,225,10.220080775052985
dutch,19,2022-03-05,0,0,31,47,240,7.369915876822574
dutch,19,2022-03-05,6,0,42,57,225,11.109366396731787
dutch,19,2022-03-05,5,0,43,58,225,6.481830423573882
dutch,19,2022-03-05,2,0,44,59,225,8.517672063919534
dutch,19,2022-03-05,1,0,48,68,300,25.592405623326833
dutch,19,2022-03-05,4,0,48,69,315,27.138030244888697
dutch,19,2022-03-05,7,0,48,70,330,11.856940801931685
dutch,19,2022-03-05,0,0,51,85,510,11.783816012472421
dutch,19,2022-03-05,3,0,52,94,630,19.091196793234758
dutch,20,2022-01-17,7,0,11,38,405,15.190547490010552
dutch,20,2022-01-17,2,0,13,35,330,15.936918537429499
dutch,20,2022-01-17,4,0,14,36,330,12.45626820076896
dutch,20,2022-01-17,0,0,16,41,375,28.05238701212223
dutch,20,2022-01-17,6,0,17,32,225,18.5616762997618
dutch,20,2022-01-17,5,0,19,35,240,13.130093000842379
dutch,20,2022-01-17,1,0,20,41,315,19.896471349073174
dutch,20,2022-01-17,3,0,22,41,285,9.91004066707616
dutch,20,2022-01-17,5,0,40,58,270,15.13617456900242
dutch,20,2022-01-17,4,0,42,57,225,14.012878223941556
dutch,20,2022-01-17,1,0,44,62,270,10.73472701582596
dutch,20,2022-01-17,7,0,44,61,255,32.88496117885784
dutch,20,2022-01-17,3,0,48,68,300,5.0
dutch,20,2022-01-17,6,0,51,89,570,10.795656401364681
dutch,20,2022-01-17,4,0,64,93,435,29.378096321864
dutch,20,2022-03-05,5,0,19,43,360,11.204399961162373
dutch,20,2022-03-05,3,0,22,39,255,13.302644922741948
dutch,20,2022-03-05,6,0,22,38,240,10.397324460691983
dutch,20,2022-03-05,1,0,23,38,225,25.964854128196194
dutch,20,2022-03-05,2,0,23,38,225,18.559032835017902
dutch,20,2022-03-05,7,0,23,38,225,13.381367263881344
dutch,20,2022-03-05,4,0,25,40,225,20.782049438893573
dutch,20,2022-03-05,0,0,34,50,240,10.140922651469737
dutch,20,2022-03-05,1,0,44,63,285,16.58187036051038
dutch,20,2022-03-05,7,0,44,59,225,14.548399481129174
dutch,20,2022-03-05,3,0,48,70,330,11.595798590655193
dutch,20,2022-03-05,6,0,48,69,315,35.522783758671125
dutch,20,2022-03-05,5,0,50,74,360,5.0
dutch,20,2022-03-05,4,0,64,93,435,29.378096321864
dutch,21,2022-01-17,3,0,13,36,345,16.978148572183585
dutch,21,2022-01-17,5,0,13,33,300,17.092247013253072
dutch,21,2022-01-17,6,0,14,29,225,15.808430611755867
dutch,21,2022-01-17,2,0,15,40,375,10.020098091817978
dutch,21,2022-01-17,4,0,16,36,300,7.0
dutch,21,2022-01-17,7,0,16,43,405,15.118547631785546
dutch,21,2022-01-17,1,0,21,36,225,23.942357240279648
dutch,21,2022-01-17,3,0,43,60,255,8.0
dutch,21,2022-01-17,2,0,46,61,225,9.0
dutch,21,2022-01-17,6,0,46,63,255,8.0
dutch,21,2022-01-17,1,0,53,93,600,10.258758733825843
dutch,21,2022-01-17,7,0,53,91,570,16.13608168315387
dutch,21,2022-03-05,3,0,13,36,345,16.978148572183585
dutch,21,2022-03-05,6,0,14,34,300,17.092247013253072
dutch,21,2022-03-05,2,0,20,35,225,12.742979231340819
dutch,21,2022-03-05,7,0,20,42,330,9.100292468574025
dutch,21,2022-03-05,1,0,21,36,225,7.0
dutch,21,2022-03-05,4,0,22,42,300,14.21820847383809
dutch,21,2022-03-05,5,0,25,40,225,24.150592560096115
dutch,21,2022-03-05,1,0,40,55,225,8.0
dutch,21,2022-03-05,6,0,40,55,225,9.0
dutch,21,2022-03-05,3,0,41,56,225,8.0
dutch,21,2022-03-05,4,0,45,60,225,9.97461230975955
dutch,21,2022-03-05,7,0,45,64,285,26.585415142232748
dutch,21,2022-03-05,2,0,46,61,225,15.689145554946492
dutch,21,2022-03-05,6,0,59,94,525,8.0
dutch,22,2022-01-17,0,0,11,34,345,7.0
dutch,22,2022-01-17,1,0,12,34,330,18.282266407279096
dutch,22,2022-01-17,5,0,12,39,405,15.073770249876276
dutch,22,2022-01-17,6,0,16,41,375,24.444034318410154
dutch,22,2022-01-17,2,0,17,42,375,11.565468692883975
dutch,22,2022-01-17,4,0,20,41,315,26.723522019877507
dutch,22,2022-01-17,3,0,28,43,225,23.779245634889556
dutch,22,2022-01-17,1,0,40,55,225,13.758880310003178
dutch,22,2022-01-17,0,0,42,59,255,9.430345219221309
dutch,22,2022-01-17,5,0,44,64,300,6.036640793174833
dutch,22,2022-01-17,7,0,45,60,225,12.617704203668247
dutch,22,2022-01-17,6,0,49,72,345,6.943530779868958
dutch,22,2022-01-17,3,0,50,74,360,15.650772347276366
dutch,22,2022-01-17,4,0,51,81,450,8.452590859473645
dutch,22,2022-01-17,7,0,66,94,420,8.0
dutch,22,2022-03-05,0,0,16,39,345,7.0
dutch,22,2022-03-05,4,0,20,39,285,13.484821739202218
dutch,22,2022-03-05,5,0,23,40,255,11.331039576397679
dutch,22,2022-03-05,6,0,23,38,225,22.62501886587674
dutch,22,2022-03-05,2,0,24,40,240,11.56382159440846
dutch,22,2022-03-05,1,0,26,41,225,27.912967382747787
dutch,22,2022-03-05,3,0,28,43,225,23.779245634889556
dutch,22,2022-03-05,7,0,30,45,225,12.905670208966086
dutch,22,2022-03-05,0,0,42,59,255,9.430345219221309
dutch,22,2022-03-05,6,0,43,63,300,6.036640793174833
dutch,22,2022-03-05,5,0,44,59,225,11.987497188571751
dutch,22,2022-03-05,2,0,46,64,270,6.638555054627986
dutch,22,2022-03-05,3,0,50,74,360,15.650772347276366
dutch,22,2022-03-05,4,0,51,81,450,8.452590859473645
dutch,22,2022-03-05,7,0,57,87,450,8.0
dutch,23,2022-01-17,1,0,9,25,240,30.932822383129093
dutch,23,2022-01-17,0,0,11,35,360,11.727402801976751
dutch,23,2022-01-17,7,0,14,34,300,15.41381148249716
dutch,23,2022-01-17,5,0,16,37,315,15.840080867005199
dutch,23,2022-01-17,2,0,18,34,240,16.06353963387747
dutch,23,2022-01-17,4,0,18,44,390,8.769894135185751
dutch,23,2022-01-17,3,0,20,45,375,20.897580083863204
dutch,23,2022-01-17,6,0,23,44,315,6.296560278510981
dutch,23,2022-01-17,2,0,37,57,300,14.151709710408937
dutch,23,2022-01-17,1,0,39,54,225,18.01623510153165
dutch,23,2022-01-17,5,0,41,56,225,18.433015442159032
dutch,23,2022-01-17,7,0,41,56,225,17.636090905577277
dutch,23,2022-01-17,4,0,47,67,300,18.30654520507332
dutch,23,2022-01-17,6,0,50,75,375,9.644896556898445
dutch,23,2022-01-17,3,0,51,86,525,10.970091841558613
dutch,23,2022-01-17,0,0,59,92,495,14.861709977009411
dutch,23,2022-03-05,1,0,9,25,240,30.932822383129093
dutch,23,2022-03-05,0,0,11,35,360,11.727402801976751
dutch,23,2022-03-05,5,0,16,36,300,13.680717784886902
dutch,23,2022-03-05,3,0,21,37,240,14.896772990021333
dutch,23,2022-03-05,6,0,23,38,225,16.061251941753184
dutch,23,2022-03-05,7,0,23,40,255,8.768645169005126
dutch,23,2022-03-05,4,0,29,46,255,22.054940348820416
dutch,23,2022-03-05,2,0,37,58,315,6.750808799474001
dutch,23,2022-03-05,0,0,39,59,300,14.57257166323469
dutch,23,2022-03-05,1,0,39,54,225,18.01623510153165
dutch,23,2022-03-05,5,0,41,56,225,18.433015442159032
dutch,23,2022-03-05,6,0,43,58,225,18.310078178048798
dutch,23,2022-03-05,3,0,45,63,270,17.838098489657355
dutch,23,2022-03-05,7,0,49,74,375,9.644896556898445
dutch,23,2022-03-05,4,0,51,86,525,10.970091841558613
dutch,24,2022-01-17,2,0,11,31,300,21.935880875385976
dutch,24,2022-01-17,5,0,11,39,420,12.458126883897549
dutch,24,2022-01-17,1,0,14,40,390,9.0
dutch,24,2022-01-17,4,0,16,39,345,13.076420235189396
dutch,24,2022-01-17,3,0,17,36,285,18.359231654732326
dutch,24,2022-01-17,7,0,22,38,240,11.66054353049438
dutch,24,2022-01-17,6,0,27,42,225,13.841351172285336
dutch,24,2022-01-17,2,0,39,54,225,15.72208243505925
dutch,24,2022-01-17,3,0,40,55,225,15.037987356501915
dutch,24,2022-01-17,7,0,42,57,225,6.161054884528568
dutch,24,2022-01-17,1,0,48,70,330,17.197807175942543
dutch,24,2022-01-17,5,0,52,92,600,6.922068885297094
dutch,24,2022-01-17,0,0,56,89,495,14.926125602369332
dutch,24,2022-03-05,4,0,18,37,285,16.491676167406666
dutch,24,2022-03-05,1,0,22,43,315,9.515231406437955
dutch,24,2022-03-05,2,0,22,41,285,9.0
dutch,24,2022-03-05,3,0,25,40,225,12.404651248150572
dutch,24,2022-03-05,6,0,27,42,225,18.63486802262662
dutch,24,2022-03-05,7,0,28,43,225,11.65020932639137
dutch,24,2022-03-05,5,0,35,50,225,14.128011529757806
dutch,24,2022-03-05,4,0,40,55,225,15.72208243505925
dutch,24,2022-03-05,0,0,43,58,225,16.474305029434092
dutch,24,2022-03-05,3,0,44,59,225,6.396508001628206
dutch,24,2022-03-05,1,0,48,70,330,17.197807175942543
dutch,24,2022-03-05,6,0,60,92,480,15.991821888716359
dutch,25,2022-01-17,5,0,5,33,420,31.32790115424234
dutch,25,2022-01-17,3,0,14,33,285,18.32965243335724
dutch,25,2022-01-17,6,0,14,38,360,24.89399681656765
dutch,25,2022-01-17,4,0,16,31,225,6.310384326124918
dutch,25,2022-01-17,2,0,18,36,270,5.456276899158468
dutch,25,2022-01-17,1,0,22,39,255,15.085631521940101
dutch,25,2022-01-17,7,0,23,40,255,11.190819361893794
dutch,25,2022-01-17,0,0,27,42,225,6.760994139557575
dutch,25,2022-01-17,3,0,41,56,225,19.043107947388165
dutch,25,2022-01-17,2,0,43,58,225,19.955074402767586
dutch,25,2022-01-17,4,0,43,62,285,28.285590848743986
dutch,25,2022-01-17,0,0,49,73,360,25.08011890548093
dutch,25,2022-01-17,1,0,52,90,570,22.50851513964249
dutch,25,2022-01-17,6,0,52,91,585,20.266820600408522
dutch,25,2022-03-05,5,0,5,33,420,31.32790115424234
dutch,25,2022-03-05,4,0,17,35,270,15.060208716831426
dutch,25,2022-03-05,1,0,22,40,270,20.779173814618794
dutch,25,2022-03-05,2,0,22,37,225,5.9345885652567745
dutch,25,2022-03-05,7,0,23,38,225,5.455499842421617
dutch,25,2022-03-05,0,0,27,42,225,15.072261819681984
dutch,25,2022-03-05,6,0,27,43,240,11.360450655657793
dutch,25,2022-03-05,3,0,35,50,225,6.901017246607665
dutch,25,2022-03-05,2,0,43,58,225,19.770866295514054
dutch,25,2022-03-05,4,0,43,58,225,19.955074402767586
dutch,25,2022-03-05,1,0,48,72,360,30.55448117275465
dutch,25,2022-03-05,0,0,49,73,360,25.08011890548093
dutch,25,2022-03-05,6,0,52,90,570,22.50851513964249
dutch,26,2022-01-17,2,0,8,29,315,15.392070470956057
dutch,26,2022-01-17,4,0,12,38,390,19.472884971356024
dutch,26,2022-01-17,5,0,15,38,345,15.368010311276194
dutch,26,2022-01-17,7,0,25,43,270,5.0
dutch,26,2022-01-17,6,0,27,42,225,7.3052467353808055
dutch,26,2022-01-17,3,0,28,44,240,12.123356865302767
dutch,26,2022-01-17,1,0,33,50,255,13.899538845596787
dutch,26,2022-01-17,0,0,43,61,270,6.92574872533789
dutch,26,2022-01-17,2,0,44,59,225,12.070988447447803
dutch,26,2022-01-17,5,0,46,66,300,24.145339881691733
dutch,26,2022-01-17,7,0,50,76,390,15.856416862534289
dutch,26,2022-01-17,6,0,51,92,615,18.800461253961416
dutch,26,2022-01-17,1,0,53,86,495,6.933166531580987
dutch,26,2022-03-05,1,0,6,27,315,15.915567286494515
dutch,26,2022-03-05,4,0,12,38,390,19.472884971356024
dutch,26,2022-03-05,2,0,22,40,270,14.452815161585207
dutch,26,2022-03-05,7,0,25,43,270,5.0
dutch,26,2022-03-05,6,0,27,42,225,7.3052467353808055
dutch,26,2022-03-05,3,0,28,44,240,12.123356865302767
dutch,26,2022-03-05,1,0,30,46,240,13.843847899273726
dutch,26,2022-03-05,5,0,31,47,240,5.878253635577437
dutch,26,2022-03-05,0,0,38,53,225,10.700354314768987
dutch,26,2022-03-05,2,0,44,61,255,22.93937068716049
dutch,26,2022-03-05,1,0,50,76,390,15.856416862534289
dutch,26,2022-03-05,7,0,50,73,345,18.776015343363056
dutch,26,2022-03-05,6,0,51,77,390,7.060000260560315
dutch,27,2022-01-17,3,0,17,37,300,10.959287317742664
dutch,27,2022-01-17,4,0,18,43,375,23.12242471367388
dutch,27,2022-01-17,0,0,19,40,315,17.132820995652438
dutch,27,2022-01-17,5,0,19,39,300,23.356293535083537
dutch,27,2022-01-17,7,0,19,39,300,8.164186287608132
dutch,27,2022-01-17,2,0,20,41,315,14.18990935831026
dutch,27,2022-01-17,6,0,21,44,345,6.376256560632839
dutch,27,2022-01-17,1,0,23,38,225,18.346850202386506
dutch,27,2022-01-17,0,0,43,64,315,32.15584785182969
dutch,27,2022-01-17,5,0,46,61,225,19.860609852561637
dutch,27,2022-01-17,2,0,47,71,360,25.344915468995744
dutch,27,2022-01-17,4,0,48,69,315,8.30598734925887
dutch,27,2022-01-17,6,0,52,84,480,34.641383470855544
dutch,27,2022-01-17,3,0,57,87,450,16.776753043258253
dutch,27,2022-03-05,3,0,17,37,300,10.959287317742664
dutch,27,2022-03-05,4,0,18,43,375,23.12242471367388
dutch,27,2022-03-05,5,0,19,40,315,17.132820995652438
dutch,27,2022-03-05,2,0,20,40,300,23.356293535083537
dutch,27,2022-03-05,7,0,23,38,225,8.320426604611214
dutch,27,2022-03-05,0,0,25,40,225,14.821492346257628
dutch,27,2022-03-05,1,0,27,45,270,6.370605577337045
dutch,27,2022-03-05,6,0,31,46,225,18.833898419698023
dutch,27,2022-03-05,0,0,43,64,315,32.15584785182969
dutch,27,2022-03-05,7,0,45,60,225,19.860609852561637
dutch,27,2022-03-05,5,0,46,68,330,24.696363693062843
dutch,27,2022-03-05,2,0,47,68,315,8.30598734925887
dutch,27,2022-03-05,4,0,48,64,240,33.94541998370867
dutch,27,2022-03-05,6,0,50,84,510,18.989178015894282
dutch,27,2022-03-05,3,0,57,87,450,16.776753043258253
dutch,28,2022-01-17,0,0,14,29,225,20.530906095179375
dutch,28,2022-01-17,3,0,14,38,360,20.982303852580678
dutch,28,2022-01-17,6,0,14,39,375,6.199648929771662
dutch,28,2022-01-17,7,0,15,36,315,12.902883173601396
dutch,28,2022-01-17,1,0,17,43,390,16.75050354027782
dutch,28,2022-01-17,4,0,17,38,315,14.231732418292381
dutch,28,2022-01-17,2,0,18,47,435,7.481494792394784
dutch,28,2022-01-17,5,0,20,36,240,8.727598942863231
dutch,28,2022-01-17,0,0,33,48,225,19.9953207146455
dutch,28,2022-01-17,3,0,42,57,225,15.874170165478148
dutch,28,2022-01-17,6,0,43,63,300,14.980673034442574
dutch,28,2022-01-17,7,0,46,62,240,6.129230712652117
dutch,28,2022-01-17,5,0,50,78,420,19.397915424046154
dutch,28,2022-03-05,6,0,14,29,225,20.530906095179375
dutch,28,2022-03-05,1,0,17,40,345,17.2397090740669
dutch,28,2022-03-05,4,0,20,41,315,6.0
dutch,28,2022-03-05,3,0,22,43,315,11.403918726647042
dutch,28,2022-03-05,7,0,22,37,225,8.618054587084877
dutch,28,2022-03-05,5,0,26,41,225,15.466744547639266
dutch,28,2022-03-05,0,0,28,43,225,10.307103002739836
dutch,28,2022-03-05,2,0,30,45,225,6.0
dutch,28,2022-03-05,6,0,34,49,225,8.407112449187927
dutch,28,2022-03-05,7,0,45,61,240,25.39011695722362
dutch,28,2022-03-05,0,0,46,61,225,7.794082347174097
dutch,28,2022-03-05,4,0,48,71,345,16.412253906436916
dutch,28,2022-03-05,1,0,50,73,345,20.020277909326644
dutch,28,2022-03-05,3,0,50,73,345,19.441350494287192
dutch,28,2022-03-05,5,0,50,70,300,20.376821413731236
dutch,29,2022-01-17,0,0,13,33,300,10.976443331428392
dutch,29,2022-01-17,6,0,16,44,420,7.699421604778507
dutch,29,2022-01-17,1,0,17,44,405,21.35957083945108
dutch,29,2022-01-17,2,0,17,36,285,16.66496860175691
dutch,29,2022-01-17,3,0,17,34,255,10.091197908557348
dutch,29,2022-01-17,5,0,23,38,225,14.271244916423086
dutch,29,2022-01-17,7,0,32,47,225,9.380119057800059
dutch,29,2022-01-17,4,0,37,52,225,13.262601305554071
dutch,29,2022-01-17,2,0,39,57,270,20.521605342711737
dutch,29,2022-01-17,5,0,43,59,240,22.37223340667188
dutch,29,2022-01-17,1,0,47,67,300,29.338456520324506
dutch,29,2022-01-17,3,0,50,73,345,13.438684384682603
dutch,29,2022-03-05,1,0,19,36,255,8.847974403124226
dutch,29,2022-03-05,3,0,19,43,360,6.992644962184151
dutch,29,2022-03-05,0,0,21,42,315,21.699484062752433
dutch,29,2022-03-05,5,0,23,38,225,16.662595257009087
dutch,29,2022-03-05,6,0,24,39,225,10.089760768642606
dutch,29,2022-03-05,7,0,25,40,225,14.626535982421274
dutch,29,2022-03-05,2,0,31,46,225,9.380119057800059
dutch,29,2022-03-05,4,0,37,52,225,13.262601305554071
dutch,29,2022-03-05,1,0,40,58,270,20.521605342711737
dutch,29,2022-03-05,5,0,43,59,240,22.37223340667188
dutch,29,2022-03-05,0,0,45,64,285,28.587713906774944
dutch,29,2022-03-05,7,0,45,63,270,12.848426683458655
dutch,29,2022-03-05,3,0,50,76,390,15.366631188067274
dutch,30,2022-01-17,1,0,13,33,300,8.51380855754114
dutch,30,2022-01-17,0,0,16,31,225,5.061646170302481
dutch,30,2022-01-17,4,0,16,41,375,15.733467250336389
dutch,30,2022-01-17,7,0,17,37,300,6.0
dutch,30,2022-01-17,3,0,19,42,345,13.617005651079921
dutch,30,2022-01-17,5,0,19,37,270,13.754276101321231
dutch,30,2022-01-17,2,0,20,43,345,9.01224370914531
dutch,30,2022-01-17,6,0,26,41,225,26.31250985938695
dutch,30,2022-01-17,7,0,43,60,255,23.878780608413265
dutch,30,2022-01-17,2,0,48,64,240,7.0
dutch,30,2022-01-17,3,0,48,66,270,26.01795215580959
dutch,30,2022-01-17,5,0,48,65,255,22.922437235221523
dutch,30,2022-01-17,0,0,50,67,255,11.428722161863718
dutch,30,2022-01-17,1,0,51,94,645,15.337659519487566
dutch,30,2022-01-17,4,0,52,80,420,6.0
dutch,30,2022-01-17,6,0,54,93,585,21.212376929624575
dutch,30,2022-03-05,2,0,20,37,255,6.86287515141948
dutch,30,2022-03-05,4,0,20,35,225,9.0
dutch,30,2022-03-05,3,0,22,42,300,6.0
dutch,30,2022-03-05,0,0,24,39,225,8.851836253180394
dutch,30,2022-03-05,7,0,25,40,225,9.394715497016726
dutch,30,2022-03-05,1,0,26,43,255,7.82899269818882
dutch,30,2022-03-05,6,0,26,41,225,17.344706107863367
dutch,30,2022-03-05,5,0,29,44,225,6.915949737268939
dutch,30,2022-03-05,2,0,41,58,255,14.587201585226062
dutch,30,2022-03-05,7,0,43,58,225,9.770760843971928
dutch,30,2022-03-05,4,0,44,63,285,21.584731204760118
dutch,30,2022-03-05,3,0,48,65,255,15.815508048366482
dutch,30,2022-03-05,5,0,48,67,285,11.804217857755887
dutch,30,2022-03-05,0,0,50,68,270,16.33671083816033
dutch,30,2022-03-05,1,0,52,82,450,15.732376237538077
dutch,31,2022-01-17,4,0,5,33,420,12.920266108695763
dutch,31,2022-01-17,1,0,14,38,360,27.179439757884424
dutch,31,2022-01-17,6,0,14,35,315,7.0856147485989425
dutch,31,2022-01-17,0,0,15,37,330,18.737862841319192
dutch,31,2022-01-17,7,0,15,45,450,6.0
dutch,31,2022-01-17,3,0,16,33,255,10.771852248839139
dutch,31,2022-01-17,5,0,18,39,315,5.113998995266002
dutch,31,2022-01-17,2,0,19,40,315,20.327989279312057
dutch,31,2022-01-17,6,0,39,54,225,14.154124872445472
dutch,31,2022-01-17,0,0,40,60,300,12.669471449925283
dutch,31,2022-01-17,4,0,41,56,225,8.179191240356701
dutch,31,2022-01-17,2,0,49,67,270,19.74530265858803
dutch,31,2022-03-05,4,0,5,33,420,12.920266108695763
dutch,31,2022-03-05,6,0,16,40,360,24.12344573574034
dutch,31,2022-03-05,3,0,21,37,240,5.9144066551248216
dutch,31,2022-03-05,7,0,28,43,225,17.60636880835741
dutch,31,2022-03-05,2,0,31,49,270,6.0
dutch,31,2022-03-05,5,0,32,47,225,10.234936716289326
dutch,31,2022-03-05,0,0,35,50,225,5.29828128493881
dutch,31,2022-03-05,1,0,35,51,240,21.466603693786553
dutch,31,2022-03-05,4,0,40,55,225,14.154124872445472
dutch,31,2022-03-05,2,0,54,93,585,19.41582204440128
dutch,32,2022-01-17,3,0,13,42,435,6.1859847637447345
dutch,32,2022-01-17,2,0,14,39,375,18.93297392919554
dutch,32,2022-01-17,6,0,17,33,240,13.85634736273888
dutch,32,2022-01-17,0,0,18,48,450,21.05281354402522
dutch,32,2022-01-17,4,0,18,43,375,5.153983490195543
dutch,32,2022-01-17,5,0,19,44,375,11.13520898996478
dutch,32,2022-01-17,1,0,27,42,225,21.385649454418264
dutch,32,2022-01-17,7,0,36,54,270,19.467642073747612
dutch,32,2022-01-17,1,0,46,63,255,11.836130169747193
dutch,32,2022-01-17,5,0,55,93,570,24.919958947315962
dutch,32,2022-01-17,4,0,56,85,435,9.818790086679343
dutch,32,2022-01-17,0,0,61,92,465,20.90077856429835
dutch,32,2022-03-05,3,0,13,42,435,6.1859847637447345
dutch,32,2022-03-05,5,0,26,41,225,15.940919462669285
dutch,32,2022-03-05,1,0,27,42,225,14.06437966665954
dutch,32,2022-03-05,0,0,31,50,285,21.60861830809985
dutch,32,2022-03-05,2,0,31,47,240,5.290051221561825
dutch,32,2022-03-05,7,0,36,54,270,11.758916002495681
dutch,32,2022-03-05,4,0,37,52,225,22.586098205749423
dutch,32,2022-03-05,6,0,38,56,270,20.143251164606312
dutch,32,2022-03-05,5,0,44,60,240,11.244959847145928
dutch,32,2022-03-05,1,0,46,65,285,15.893319435562702
dutch,32,2022-03-05,7,0,59,87,420,10.519832568201423
dutch,33,2022-01-17,5,0,17,35,270,17.718208202925872
dutch,33,2022-01-17,1,0,18,33,225,16.838362875579634
dutch,33,2022-01-17,6,0,19,39,300,18.121780186913213
dutch,33,2022-01-17,3,0,21,36,225,19.17206938627762
dutch,33,2022-01-17,2,0,23,38,225,11.736060807122328
dutch,33,2022-01-17,0,0,26,41,225,10.640728599415425
dutch,33,2022-01-17,7,0,27,42,225,6.219161916372961
dutch,33,2022-01-17,3,0,42,59,255,19.02049423498562
dutch,33,2022-01-17,0,0,44,62,270,13.697836801518932
dutch,33,2022-01-17,2,0,44,59,225,16.134181286373845
dutch,33,2022-01-17,4,0,48,71,345,12.869534072408861
dutch,33,2022-01-17,1,0,51,94,645,12.046211545290362
dutch,33,2022-01-17,7,0,51,86,525,16.268929113485953
dutch,33,2022-01-17,6,0,53,92,585,20.61913307458093
dutch,33,2022-01-17,5,0,62,88,390,20.986487179915038
dutch,33,2022-03-05,3,0,21,36,225,18.00017329045737
dutch,33,2022-03-05,2,0,23,38,225,16.83596483685254
dutch,33,2022-03-05,5,0,24,39,225,18.468581764109103
dutch,33,2022-03-05,0,0,26,41,225,19.338815791409296
dutch,33,2022-03-05,7,0,27,42,225,11.91395691231584
dutch,33,2022-03-05,6,0,31,46,225,10.657870780923801
dutch,33,2022-03-05,1,0,33,48,225,6.3696997781138975
dutch,33,2022-03-05,2,0,41,58,255,19.02049423498562
dutch,33,2022-03-05,4,0,41,58,255,13.193624445086513
dutch,33,2022-03-05,3,0,42,57,225,15.540287981658153
dutch,33,2022-03-05,0,0,44,63,285,11.913878462800568
dutch,33,2022-03-05,5,0,44,60,240,10.927650215824315
dutch,33,2022-03-05,1,0,51,86,525,16.268929113485953
dutch,33,2022-03-05,6,0,51,82,465,20.996334678531674
dutch,33,2022-03-05,7,0,51,73,330,19.38034956466595
dutch,34,2022-01-17,0,0,11,29,270,8.43947198543789
dutch,34,2022-01-17,5,0,14,36,330,9.0
dutch,34,2022-01-17,3,0,15,43,420,10.088313213558862
dutch,34,2022-01-17,2,0,20,36,240,8.299822514790762
dutch,34,2022-01-17,7,0,21,39,270,22.02526395183265
dutch,34,2022-01-17,4,0,22,37,225,8.0
dutch,34,2022-01-17,6,0,23,38,225,16.108310405348462
dutch,34,2022-01-17,1,0,25,40,225,11.393202684251442
dutch,34,2022-01-17,2,0,42,59,255,10.447351529386765
dutch,34,2022-01-17,1,0,44,61,255,16.55801930795284
dutch,34,2022-01-17,4,0,44,60,240,21.318385936711685
dutch,34,2022-01-17,5,0,45,63,270,7.0
dutch,34,2022-01-17,3,0,46,64,270,9.0
dutch,34,2022-01-17,0,0,51,86,525,17.230639037332352
dutch,34,2022-01-17,6,0,53,93,600,20.196527576240754
dutch,34,2022-03-05,2,0,20,36,240,6.224872385149659
dutch,34,2022-03-05,4,0,22,39,255,9.0
dutch,34,2022-03-05,6,0,23,41,270,9.337586169633894
dutch,34,2022-03-05,1,0,25,40,225,8.669241837420508
dutch,34,2022-03-05,0,0,26,41,225,22.216825619592576
dutch,34,2022-03-05,3,0,32,47,225,8.0
dutch,34,2022-03-05,5,0,38,53,225,17.270401428571894
dutch,34,2022-03-05,7,0,39,54,225,12.27286422806371
dutch,34,2022-03-05,2,0,42,59,255,10.447351529386765
dutch,34,2022-03-05,0,0,44,61,255,16.55801930795284
dutch,34,2022-03-05,1,0,44,60,240,21.318385936711685
dutch,34,2022-03-05,4,0,44,60,240,7.0
dutch,34,2022-03-05,3,0,50,73,345,9.0
dutch,35,2022-01-17,2,0,12,27,225,21.130279473003647
dutch,35,2022-01-17,6,0,13,39,390,14.955772895768824
dutch,35,2022-01-17,4,0,16,31,225,22.32849490618124
dutch,35,2022-01-17,5,0,18,41,345,6.645693544069438
dutch,35,2022-01-17,3,0,19,40,315,5.652129977138671
dutch,35,2022-01-17,1,0,20,41,315,6.0
dutch,35,2022-01-17,0,0,24,39,225,5.701890091583479
dutch,35,2022-01-17,4,0,34,51,255,14.63695183418372
dutch,35,2022-01-17,7,0,41,56,225,15.612907138083635
dutch,35,2022-01-17,3,0,47,64,255,17.90759437467492
dutch,35,2022-01-17,5,0,51,89,570,18.477892486619282
dutch,35,2022-01-17,2,0,52,84,480,37.4202979452998
dutch,35,2022-01-17,4,0,59,92,495,25.774129881602825
dutch,35,2022-03-05,6,0,15,30,225,17.160780672868356
dutch,35,2022-03-05,3,0,19,41,330,12.055662455051504
dutch,35,2022-03-05,1,0,20,35,225,20.278826830571298
dutch,35,2022-03-05,5,0,23,39,240,6.644747096329546
dutch,35,2022-03-05,0,0,24,40,240,5.760296369754087
dutch,35,2022-03-05,4,0,30,45,225,6.0
dutch,35,2022-03-05,2,0,34,49,225,5.928428893279431
dutch,35,2022-03-05,6,0,34,51,255,14.63695183418372
dutch,35,2022-03-05,7,0,40,55,225,14.796338524665757
dutch,35,2022-03-05,5,0,42,57,225,15.967602773901909
dutch,35,2022-03-05,0,0,45,62,255,17.64333007788074
dutch,35,2022-03-05,3,0,47,63,240,36.66850461493248
dutch,35,2022-03-05,1,0,51,93,630,11.483891336852324
dutch,35,2022-03-05,2,0,59,92,495,25.774129881602825
dutch,36,2022-01-17,5,0,10,41,465,20.293660656031626
dutch,36,2022-01-17,2,0,11,33,330,33.74251993830999
dutch,36,2022-01-17,6,0,12,30,270,17.577244537053602
dutch,36,2022-01-17,1,0,15,38,345,14.079785769528797
dutch,36,2022-01-17,0,0,16,42,390,24.481378656947022
dutch,36,2022-01-17,3,0,23,38,225,18.979147261894752
dutch,36,2022-01-17,7,0,25,40,225,8.606720931436854
dutch,36,2022-01-17,4,0,29,44,225,8.24773852836691
dutch,36,2022-01-17,6,0,39,54,225,14.278697518302849
dutch,36,2022-01-17,2,0,43,58,225,19.45783810250355
dutch,36,2022-01-17,7,0,44,66,330,8.476306779690312
dutch,36,2022-01-17,3,0,47,68,315,6.107282977120114
dutch,36,2022-01-17,0,0,62,93,465,12.576235880406479
dutch,36,2022-01-17,5,0,62,94,480,19.813395814523503
dutch,36,2022-01-17,4,0,65,91,390,31.676244821038935
dutch,36,2022-03-05,0,0,16,46,450,14.686222755664623
dutch,36,2022-03-05,2,0,20,39,285,24.88815425085501
dutch,36,2022-03-05,7,0,25,40,225,13.541858892718594
dutch,36,2022-03-05,4,0,29,44,225,13.495510366288471
dutch,36,2022-03-05,1,0,30,46,240,23.4654635272138
dutch,36,2022-03-05,5,0,31,46,225,19.48298087573197
dutch,36,2022-03-05,3,0,33,48,225,8.731299194943475
dutch,36,2022-03-05,6,0,39,54,225,8.793006903365864
dutch,36,2022-03-05,2,0,43,60,255,15.642493424350327
dutch,36,2022-03-05,7,0,44,59,225,19.45783810250355
dutch,36,2022-03-05,4,0,62,93,465,12.576235880406479
dutch,37,2022-01-17,3,0,11,36,375,24.009916964907475
dutch,37,2022-01-17,2,0,12,35,345,18.457105909356855
dutch,37,2022-01-17,5,0,15,30,225,13.950048664301
dutch,37,2022-01-17,1,0,19,43,360,11.854899183124559
dutch,37,2022-01-17,4,0,20,35,225,22.659537650010492
dutch,37,2022-01-17,0,0,21,36,225,6.0
dutch,37,2022-01-17,7,0,21,36,225,11.909485964583126
dutch,37,2022-01-17,6,0,33,48,225,25.58274747486724
dutch,37,2022-01-17,0,0,41,57,240,9.0
dutch,37,2022-01-17,7,0,42,57,225,19.137016235064422
dutch,37,2022-01-17,5,0,43,58,225,6.709174631093475
dutch,37,2022-01-17,3,0,47,70,345,29.109075508481418
dutch,37,2022-01-17,2,0,48,70,330,10.083123078987008
dutch,37,2022-01-17,6,0,58,94,540,15.104541305099431
dutch,37,2022-03-05,5,0,15,40,375,19.499454303714842
dutch,37,2022-03-05,1,0,20,39,285,13.613781654016215
dutch,37,2022-03-05,0,0,21,36,225,13.11929591121664
dutch,37,2022-03-05,4,0,27,44,255,12.264906092375533
dutch,37,2022-03-05,6,0,31,46,225,23.706227131461574
dutch,37,2022-03-05,3,0,32,47,225,6.0
dutch,37,2022-03-05,2,0,34,49,225,12.186950593133602
dutch,37,2022-03-05,0,0,41,56,225,28.663925003592276
dutch,37,2022-03-05,7,0,42,58,240,9.0
dutch,37,2022-03-05,5,0,43,58,225,19.868363416510135
dutch,37,2022-03-05,6,0,49,64,225,7.386313278457763
dutch,38,2022-01-17,2,0,9,33,360,27.776031537487725
dutch,38,2022-01-17,5,0,12,36,360,21.189715314210474
dutch,38,2022-01-17,1,0,15,42,405,32.85413834221899
dutch,38,2022-01-17,6,0,16,33,255,9.490140250434578
dutch,38,2022-01-17,4,0,20,43,345,8.250256215883994
dutch,38,2022-01-17,7,0,23,41,270,10.626799053117622
dutch,38,2022-01-17,3,0,26,41,225,30.344461568855607
dutch,38,2022-01-17,0,0,31,46,225,9.0
dutch,38,2022-01-17,5,0,43,64,315,12.93221168210001
dutch,38,2022-01-17,2,0,44,59,225,11.752519244957021
dutch,38,2022-01-17,4,0,46,61,225,28.318485444503906
dutch,38,2022-01-17,7,0,48,70,330,14.154620294490371
dutch,38,2022-03-05,2,0,9,33,360,27.776031537487725
dutch,38,2022-03-05,6,0,16,40,360,17.20905099680614
dutch,38,2022-03-05,5,0,17,43,390,30.413612010805437
dutch,38,2022-03-05,3,0,26,41,225,9.00260759331372
dutch,38,2022-03-05,0,0,31,48,255,8.631352094088655
dutch,38,2022-03-05,7,0,31,48,255,10.908905435273368
dutch,38,2022-03-05,1,0,32,47,225,30.39334640443124
dutch,38,2022-03-05,4,0,32,47,225,9.0
dutch,38,2022-03-05,2,0,44,65,315,12.93221168210001
dutch,38,2022-03-05,3,0,46,63,255,12.370372993468386
dutch,38,2022-03-05,5,0,52,82,450,29.658002605950742
dutch,39,2022-01-17,1,0,11,41,450,13.256490335667834
dutch,39,2022-01-17,6,0,15,36,315,21.882873008018997
dutch,39,2022-01-17,3,0,16,39,345,20.50817518738424
dutch,39,2022-01-17,4,0,16,38,330,12.419391059330827
dutch,39,2022-01-17,7,0,18,38,300,13.104174082097629
dutch,39,2022-01-17,0,0,21,41,300,8.320256680563716
dutch,39,2022-01-17,5,0,28,43,225,11.612360494607266
dutch,39,2022-01-17,2,0,31,46,225,16.138867323258836
dutch,39,2022-01-17,1,0,44,59,225,25.24205304884096
dutch,39,2022-01-17,0,0,48,69,315,13.781473303055968
dutch,39,2022-01-17,6,0,49,78,435,26.052993576637306
dutch,39,2022-03-05,6,0,15,45,450,10.7661483338657
dutch,39,2022-03-05,1,0,19,37,270,19.874111271250683
dutch,39,2022-03-05,0,0,21,38,255,19.28687313979676
dutch,39,2022-03-05,5,0,28,43,225,11.669440705031917
dutch,39,2022-03-05,4,0,30,45,225,13.568286343932222
dutch,39,2022-03-05,2,0,31,47,240,8.406141441945394
dutch,39,2022-03-05,3,0,34,49,225,11.893443370745437
dutch,39,2022-03-05,7,0,38,53,225,16.855699692605093
dutch,39,2022-03-05,1,0,40,55,225,23.041316396802223
dutch,39,2022-03-05,0,0,45,64,285,13.428818783588241
dutch,39,2022-03-05,6,0,49,78,435,26.052993576637306
dutch,40,2022-01-17,1,0,7,29,330,32.43668673533334
dutch,40,2022-01-17,2,0,9,31,330,9.0
dutch,40,2022-01-17,5,0,13,36,345,24.071515483256732
dutch,40,2022-01-17,4,0,14,39,375,12.14917776555697
dutch,40,2022-01-17,0,0,15,39,360,17.733656837590658
dutch,40,2022-01-17,3,0,16,37,315,11.613710673831399
dutch,40,2022-01-17,7,0,16,43,405,8.874038806743968
dutch,40,2022-01-17,6,0,17,35,270,7.0
dutch,40,2022-01-17,2,0,34,49,225,9.647871920343924
dutch,40,2022-01-17,1,0,38,53,225,12.021875680928488
dutch,40,2022-01-17,4,0,43,58,225,15.113441029435137
dutch,40,2022-01-17,6,0,43,63,300,17.71021412061409
dutch,40,2022-01-17,0,0,47,70,345,41.5038852758822
dutch,40,2022-01-17,3,0,49,71,330,26.658412641145276
dutch,40,2022-01-17,5,0,49,70,315,12.567953080487946
dutch,40,2022-03-05,1,0,7,29,330,32.43668673533334
dutch,40,2022-03-05,2,0,16,38,330,9.0
dutch,40,2022-03-05,3,0,23,38,225,19.775084114562844
dutch,40,2022-03-05,4,0,26,41,225,10.229194051746362
dutch,40,2022-03-05,5,0,26,41,225,16.822633753595227
dutch,40,2022-03-05,0,0,33,48,225,11.176551953682164
dutch,40,2022-03-05,6,0,34,51,255,8.54000573529403
dutch,40,2022-03-05,1,0,38,53,225,7.0
dutch,40,2022-03-05,3,0,42,57,225,10.809858379780493
dutch,40,2022-03-05,4,0,46,62,240,14.27475726796969
dutch,40,2022-03-05,5,0,49,71,330,16.638799300520077
dutch,41,2022-01-17,6,0,10,31,315,19.557307682419946
dutch,41,2022-01-17,5,0,11,31,300,8.923624553609919
dutch,41,2022-01-17,2,0,15,42,405,11.901833155749394
dutch,41,2022-01-17,3,0,15,46,465,19.320957433161382
dutch,41,2022-01-17,7,0,15,32,255,8.939008531139194
dutch,41,2022-01-17,0,0,16,42,390,12.406757675377023
dutch,41,2022-01-17,4,0,17,38,315,19.218247038102504
dutch,41,2022-01-17,1,0,20,39,285,12.071147004962214
dutch,41,2022-01-17,5,0,35,50,225,8.0
dutch,41,2022-01-17,1,0,43,59,240,9.841588806326854
dutch,41,2022-01-17,6,0,52,85,495,8.0
dutch,41,2022-01-17,7,0,56,87,465,18.484119602220602
dutch,41,2022-03-05,3,0,16,37,315,14.153334974571123
dutch,41,2022-03-05,5,0,17,36,285,6.708895221198368
dutch,41,2022-03-05,6,0,20,43,345,10.809291649343507
dutch,41,2022-03-05,1,0,26,45,285,18.328390677883256
dutch,41,2022-03-05,7,0,28,43,225,8.399222596145854
dutch,41,2022-03-05,0,0,29,45,240,11.89190869526157
dutch,41,2022-03-05,4,0,29,44,225,19.898902228232735
dutch,41,2022-03-05,2,0,31,46,225,12.628737490447598
dutch,41,2022-03-05,3,0,43,58,225,8.0
dutch,41,2022-03-05,0,0,49,73,360,10.834873449917296
dutch,41,2022-03-05,5,0,49,68,285,8.0
dutch,41,2022-03-05,1,0,57,88,465,19.22199832351874
dutch,42,2022-01-17,0,0,11,32,315,25.290922030387627
dutch,42,2022-01-17,3,0,13,32,285,13.181144513033118
dutch,42,2022-01-17,1,0,14,39,375,11.852319683209444
dutch,42,2022-01-17,2,0,14,33,285,21.004415298122808
dutch,42,2022-01-17,4,0,17,44,405,17.962825212134888
dutch,42,2022-01-17,5,0,18,47,435,15.107338963768505
dutch,42,2022-01-17,6,0,24,39,225,7.674598546234172
dutch,42,2022-01-17,7,0,30,48,270,6.0
dutch,42,2022-01-17,0,0,43,66,345,16.50630561813834
dutch,42,2022-01-17,3,0,45,63,270,14.319396429573999
dutch,42,2022-01-17,2,0,46,65,285,30.135595967413565
dutch,42,2022-01-17,1,0,50,75,375,18.47501271570173
dutch,42,2022-01-17,4,0,50,68,270,18.753221142047067
dutch,42,2022-01-17,7,0,59,87,420,24.724557097487022
dutch,42,2022-03-05,2,0,14,35,315,23.141825863417026
dutch,42,2022-03-05,3,0,24,39,225,10.82849318950204
dutch,42,2022-03-05,4,0,24,39,225,9.736845145922878
dutch,42,2022-03-05,6,0,24,39,225,17.255418736992333
dutch,42,2022-03-05,1,0,28,45,255,18.232510130965174
dutch,42,2022-03-05,0,0,30,48,270,15.642397580423733
dutch,42,2022-03-05,7,0,30,45,225,7.9475426660198
dutch,42,2022-03-05,5,0,35,53,270,6.0
dutch,42,2022-03-05,3,0,45,71,390,17.374075547944415
dutch,42,2022-03-05,2,0,46,64,270,14.319396429573999
dutch,42,2022-03-05,4,0,46,65,285,30.135595967413565
dutch,42,2022-03-05,1,0,50,75,375,18.47501271570173
dutch,42,2022-03-05,7,0,51,83,480,18.77763737515543
dutch,43,2022-01-17,5,0,13,40,405,17.124550070790363
dutch,43,2022-01-17,0,0,14,31,255,7.717446363703267
dutch,43,2022-01-17,2,0,15,32,255,21.247329029844693
dutch,43,2022-01-17,3,0,17,44,405,6.0
dutch,43,2022-01-17,6,0,21,42,315,21.516361096896382
dutch,43,2022-01-17,1,0,29,46,255,7.83902551847266
dutch,43,2022-01-17,2,0,35,50,225,17.26480555268907
dutch,43,2022-01-17,7,0,43,58,225,19.36905814182579
dutch,43,2022-01-17,6,0,49,74,375,20.972157972159124
dutch,43,2022-01-17,1,0,50,71,315,14.737290302744697
dutch,43,2022-03-05,5,0,19,42,345,13.803886752418094
dutch,43,2022-03-05,2,0,22,37,225,6.441800429959983
dutch,43,2022-03-05,3,0,26,41,225,20.155799663019266
dutch,43,2022-03-05,0,0,27,44,255,6.0
dutch,43,2022-03-05,1,0,28,45,255,21.497292134412092
dutch,43,2022-03-05,4,0,28,44,240,7.684551956452722
dutch,43,2022-03-05,6,0,31,46,225,17.10425539695509
dutch,43,2022-03-05,7,0,43,58,225,19.36905814182579
dutch,43,2022-03-05,3,0,45,65,300,20.051012910633496
dutch,43,2022-03-05,2,0,49,70,315,14.737290302744697
dutch,43,2022-03-05,6,0,49,75,390,13.400672213154174
dutch,43,2022-03-05,1,0,50,70,300,7.0
dutch,44,2022-01-17,1,0,9,24,225,19.70847901239501
dutch,44,2022-01-17,3,0,12,32,300,11.185113905843949
dutch,44,2022-01-17,5,0,12,30,270,10.085556128454272
dutch,44,2022-01-17,4,0,13,42,435,5.37686387903797
dutch,44,2022-01-17,6,0,15,30,225,9.239161685452551
dutch,44,2022-01-17,2,0,18,37,285,7.238780015567997
dutch,44,2022-01-17,7,0,22,39,255,10.47243848909551
dutch,44,2022-01-17,0,0,40,55,225,14.658328556534563
dutch,44,2022-01-17,5,0,40,62,330,14.186635932140632
dutch,44,2022-01-17,3,0,43,58,225,8.77391807308365
dutch,44,2022-01-17,7,0,49,70,315,24.80072411787932
dutch,44,2022-01-17,2,0,54,93,585,9.602683903116287
dutch,44,2022-03-05,1,0,9,24,225,19.70847901239501
dutch,44,2022-03-05,5,0,13,33,300,10.234658821869672
dutch,44,2022-03-05,2,0,18,35,255,7.582450259624913
dutch,44,2022-03-05,4,0,19,43,360,6.0
dutch,44,2022-03-05,6,0,22,40,270,9.855035297185658
dutch,44,2022-03-05,3,0,28,45,255,11.791909576147276
dutch,44,2022-03-05,1,0,30,47,255,16.234465154569797
dutch,44,2022-03-05,0,0,32,47,225,8.43534109133077
dutch,44,2022-03-05,7,0,35,50,225,10.699012868986316
dutch,44,2022-03-05,5,0,40,57,255,6.0
dutch,44,2022-03-05,2,0,41,58,255,11.219244656155425
dutch,44,2022-03-05,0,0,50,72,330,13.930883189429053
dutch,45,2022-01-17,7,0,11,33,330,22.947711086214788
dutch,45,2022-01-17,1,0,14,32,270,9.211945108600183
dutch,45,2022-01-17,5,0,15,37,330,21.331335897285527
dutch,45,2022-01-17,6,0,16,44,420,12.304540415746175
dutch,45,2022-01-17,3,0,17,34,255,6.512332859672725
dutch,45,2022-01-17,0,0,22,37,225,17.49656266940302
dutch,45,2022-01-17,4,0,33,48,225,15.110613249709019
dutch,45,2022-01-17,2,0,35,50,225,7.249734124303373
dutch,45,2022-01-17,0,0,45,61,240,25.89196288948675
dutch,45,2022-01-17,3,0,45,62,255,29.962152189206435
dutch,45,2022-01-17,7,0,45,61,240,6.0
dutch,45,2022-01-17,6,0,47,71,360,16.60351661260441
dutch,45,2022-01-17,5,0,51,80,435,16.21072757034242
dutch,45,2022-03-05,1,0,17,38,315,17.25238307806972
dutch,45,2022-03-05,7,0,17,34,255,7.568818695712864
dutch,45,2022-03-05,3,0,19,38,285,19.373203099598612
dutch,45,2022-03-05,4,0,25,42,255,11.672424859470276
dutch,45,2022-03-05,0,0,28,43,225,6.610105784472452
dutch,45,2022-03-05,5,0,30,45,225,17.832457502262358
dutch,45,2022-03-05,2,0,35,50,225,15.059048914380817
dutch,45,2022-03-05,6,0,39,54,225,7.724414723677953
dutch,45,2022-03-05,1,0,42,57,225,23.69328520887416
dutch,45,2022-03-05,3,0,45,62,255,29.962152189206435
dutch,45,2022-03-05,7,0,45,61,240,6.0
dutch,45,2022-03-05,0,0,48,72,360,16.60351661260441
dutch,45,2022-03-05,5,0,51,80,435,16.21072757034242
dutch,46,2022-01-17,7,0,8,43,525,6.0
dutch,46,2022-01-17,2,0,11,29,270,12.473523758586552
dutch,46,2022-01-17,1,0,13,36,345,10.197044831836344
dutch,46,2022-01-17,3,0,16,41,375,25.082230252209108
dutch,46,2022-01-17,0,0,17,38,315,20.619675772001656
dutch,46,2022-01-17,4,0,17,39,330,10.417845056491409
dutch,46,2022-01-17,5,0,17,36,285,7.370469918556196
dutch,46,2022-01-17,6,0,17,45,420,31.626312283975743
dutch,46,2022-01-17,2,0,36,54,270,19.876790740983964
dutch,46,2022-01-17,1,0,39,55,240,39.95480233109435
dutch,46,2022-01-17,0,0,41,56,225,26.494386031168204
dutch,46,2022-01-17,4,0,46,61,225,6.6484651750651835
dutch,46,2022-01-17,3,0,49,79,450,14.732382407452604
dutch,46,2022-01-17,6,0,49,69,300,15.25268507677007
dutch,46,2022-01-17,5,0,55,92,555,25.983149715967038
dutch,46,2022-03-05,7,0,8,43,525,6.0
dutch,46,2022-03-05,1,0,13,31,270,11.41358604393993
dutch,46,2022-03-05,5,0,17,39,330,8.378207062064561
dutch,46,2022-03-05,0,0,21,40,285,23.58853425609105
dutch,46,2022-03-05,3,0,21,38,255,20.94781440867054
dutch,46,2022-03-05,2,0,27,42,225,10.574253397900222
dutch,46,2022-03-05,4,0,27,42,225,7.481126486120196
dutch,46,2022-03-05,6,0,33,51,270,32.87815767713298
dutch,46,2022-03-05,1,0,36,54,270,19.876790740983964
dutch,46,2022-03-05,0,0,43,60,255,43.77099045163095
dutch,46,2022-03-05,5,0,45,63,270,28.952998870828175
dutch,46,2022-03-05,4,0,46,61,225,6.6484651750651835
dutch,46,2022-03-05,2,0,48,73,375,14.455196989708988
dutch,46,2022-03-05,7,0,48,65,255,14.96571031818808
dutch,46,2022-03-05,3,0,49,65,240,26.763780362580384
dutch,47,2022-01-17,0,0,12,31,285,7.342321368664727
dutch,47,2022-01-17,1,0,16,39,345,17.083867811163024
dutch,47,2022-01-17,2,0,16,36,300,25.87258178160733
dutch,47,2022-01-17,4,0,16,37,315,22.473558061447527
dutch,47,2022-01-17,7,0,18,42,360,10.83913585872238
dutch,47,2022-01-17,5,0,19,34,225,11.504714806560962
dutch,47,2022-01-17,6,0,20,38,270,8.707343697041537
dutch,47,2022-01-17,3,0,22,37,225,15.444492589281495
dutch,47,2022-01-17,3,0,41,56,225,17.696675798888172
dutch,47,2022-01-17,2,0,44,61,255,7.457992960459627
dutch,47,2022-01-17,4,0,46,61,225,8.335690210146609
dutch,47,2022-01-17,6,0,49,73,360,17.037302401334415
dutch,47,2022-01-17,5,0,50,70,300,8.0
dutch,47,2022-01-17,0,0,55,83,420,7.407511391476206
dutch,47,2022-03-05,1,0,17,35,270,5.520051235549857
dutch,47,2022-03-05,4,0,17,39,330,15.814815224811866
dutch,47,2022-03-05,3,0,22,37,225,24.331818802086396
dutch,47,2022-03-05,0,0,24,39,225,20.801176618405982
dutch,47,2022-03-05,7,0,25,40,225,11.107400455966548
dutch,47,2022-03-05,2,0,30,45,225,12.14187469413379
dutch,47,2022-03-05,6,0,33,48,225,9.226545952979833
dutch,47,2022-03-05,5,0,34,49,225,15.804315037721288
dutch,47,2022-03-05,3,0,41,56,225,17.696675798888172
dutch,47,2022-03-05,7,0,44,61,255,7.457992960459627
dutch,47,2022-03-05,0,0,45,60,225,8.335690210146609
dutch,47,2022-03-05,1,0,46,64,270,16.288985180496113
dutch,47,2022-03-05,4,0,46,62,240,8.0
dutch,47,2022-03-05,2,0,58,86,420,7.703216307434829
dutch,48,2022-01-17,2,0,5,26,315,27.832492974632288
dutch,48,2022-01-17,1,0,11,29,270,36.3382939390474
dutch,48,2022-01-17,4,0,11,27,240,17.856566234936054
dutch,48,2022-01-17,6,0,11,35,360,12.862477833336982
dutch,48,2022-01-17,7,0,11,34,345,24.358746036406878
dutch,48,2022-01-17,3,0,15,36,315,9.96473399474931
dutch,48,2022-01-17,5,0,17,44,405,22.11425531091099
dutch,48,2022-01-17,0,0,22,41,285,19.865902995339674
dutch,48,2022-01-17,2,0,31,48,255,35.29808725922231
dutch,48,2022-01-17,4,0,33,48,225,16.401139136733825
dutch,48,2022-01-17,1,0,35,50,225,7.0
dutch,48,2022-01-17,7,0,37,52,225,6.808186033828775
dutch,48,2022-01-17,3,0,40,55,225,6.506670433359382
dutch,48,2022-01-17,6,0,43,58,225,25.55738734384326
dutch,48,2022-01-17,0,0,47,69,330,26.445598090914217
dutch,48,2022-01-17,4,0,54,92,570,9.976731797131436
dutch,48,2022-03-05,2,0,5,26,315,27.832492974632288
dutch,48,2022-03-05,3,0,15,33,270,29.511843092796106
dutch,48,2022-03-05,1,0,20,35,225,13.170829435922577
dutch,48,2022-03-05,6,0,21,39,270,9.82406538197742
dutch,48,2022-03-05,0,0,22,39,255,18.604651202151857
dutch,48,2022-03-05,5,0,22,38,240,9.371314545175935
dutch,48,2022-03-05,7,0,22,44,330,22.466178477352003
dutch,48,2022-03-05,4,0,25,40,225,20.038683921718878
dutch,48,2022-03-05,2,0,31,48,255,35.29808725922231
dutch,48,2022-03-05,3,0,40,55,225,17.41538060195466
dutch,48,2022-03-05,6,0,42,57,225,7.0
dutch,48,2022-03-05,4,0,43,58,225,7.680262965591041
dutch,48,2022-03-05,0,0,47,63,240,7.699913673644673
dutch,48,2022-03-05,5,0,47,65,270,27.607438522251414
dutch,48,2022-03-05,7,0,52,93,615,20.52165691963132
dutch,49,2022-01-17,2,0,14,31,255,25.102438328955884
dutch,49,2022-01-17,4,0,15,45,450,19.649986063675335
dutch,49,2022-01-17,7,0,15,39,360,21.935217130298746
dutch,49,2022-01-17,0,0,18,43,375,15.983036889258607
dutch,49,2022-01-17,1,0,20,36,240,17.52086197324975
dutch,49,2022-01-17,6,0,21,40,285,23.630490111184045
dutch,49,2022-01-17,5,0,29,46,255,9.112939662977269
dutch,49,2022-01-17,3,0,32,47,225,14.399887534123238
dutch,49,2022-01-17,2,0,35,50,225,5.0
dutch,49,2022-01-17,1,0,44,61,255,8.415451104217276
dutch,49,2022-01-17,7,0,46,66,300,9.760491217173396
dutch,49,2022-01-17,0,0,50,72,330,8.307517293351914
dutch,49,2022-01-17,4,0,50,77,405,12.583818394574692
dutch,49,2022-01-17,3,0,57,94,555,14.11099596085726
dutch,49,2022-03-05,2,0,14,31,255,25.102438328955884
dutch,49,2022-03-05,1,0,20,46,390,17.84619457257282
dutch,49,2022-03-05,6,0,21,39,270,20.628931936675592
dutch,49,2022-03-05,7,0,23,39,240,15.98076066194838
dutch,49,2022-03-05,5,0,29,44,225,18.491211141634913
dutch,49,2022-03-05,0,0,30,46,240,24.08414261860831
dutch,49,2022-03-05,3,0,32,49,255,9.033582235757038
dutch,49,2022-03-05,4,0,32,47,225,14.399887534123238
dutch,49,2022-03-05,2,0,35,50,225,5.0
dutch,49,2022-03-05,7,0,46,65,285,8.857868419329165
dutch,49,2022-03-05,5,0,49,75,390,10.208888927694815
dutch,49,2022-03-05,0,0,50,72,330,8.307517293351914
dutch,49,2022-03-05,4,0,50,77,405,12.583818394574692
dutch,49,2022-03-05,6,0,51,93,630,20.997694376622484
dutch,49,2022-03-05,3,0,57,94,555,14.11099596085726
32,0,2022-01-17,4,0,11,12,15,7.1621079655784925
32,0,2022-01-17,6,0,11,14,45,12.036991508073768
32,0,2022-01-17,7,0,11,13,30,14.845891817234516
32,0,2022-01-17,2,0,13,14,15,12.247757903978304
32,0,2022-01-17,0,0,15,17,30,17.197847217101057
32,0,2022-01-17,4,0,15,17,30,18.76060894116892
32,0,2022-01-17,3,0,16,17,15,12.039444110164439
32,0,2022-01-17,7,0,18,21,45,14.023500230962227
32,0,2022-01-17,3,0,20,21,15,14.239690934489339
32,0,2022-01-17,2,0,23,26,45,7.603357922905317
32,0,2022-01-17,3,0,25,28,45,13.885907629252799
32,0,2022-01-17,4,0,26,32,90,17.686870361921564
32,0,2022-01-17,7,0,26,29,45,18.587399543875563
32,0,2022-01-17,5,0,28,29,15,14.942419233725815
32,0,2022-01-17,6,0,28,30,30,13.734579827948593
32,0,2022-01-17,1,0,31,33,30,9.829950601331177
32,0,2022-01-17,7,0,32,34,30,9.602333788608696
32,0,2022-01-17,0,0,35,36,15,18.609206555877662
32,0,2022-01-17,3,0,35,36,15,8.370582706352273
32,0,2022-01-17,7,0,37,39,30,8.0568954734224
32,0,2022-01-17,6,0,39,40,15,7.3924860209675956
32,0,2022-01-17,2,0,42,44,30,8.0
32,0,2022-01-17,5,0,43,45,30,13.146232915812263
32,0,2022-01-17,0,0,44,46,30,16.659110948758382
32,0,2022-01-17,4,0,44,48,60,23.487406813506453
32,0,2022-01-17,3,0,45,49,60,23.174031597888302
32,0,2022-01-17,5,0,49,51,30,35.43979849530185
32,0,2022-01-17,1,0,51,56,75,24.65975540985147
32,0,2022-01-17,7,0,51,53,30,9.065729930694516
32,0,2022-01-17,2,0,52,56,60,9.423383531858853
32,0,2022-01-17,0,0,54,56,30,22.97026040863178
32,0,2022-01-17,6,0,54,56,30,13.297116784076195
32,0,2022-01-17,3,0,56,58,30,23.393541157836268
32,0,2022-01-17,5,0,56,58,30,20.075363987618786
32,0,2022-01-17,1,0,59,62,45,10.590842215246987
32,0,2022-01-17,4,0,60,62,30,12.311868566135459
32,0,2022-01-17,5,0,61,62,15,16.233830744193682
32,0,2022-01-17,6,0,61,63,30,32.917587054211396
32,0,2022-01-17,0,0,62,65,45,6.0
32,0,2022-01-17,2,0,64,66,30,10.389890842192038
32,0,2022-01-17,3,0,64,66,30,6.583230197716091
32,0,2022-01-17,5,0,66,68,30,14.630753777026612
32,0,2022-01-17,7,0,69,75,90,5.0
32,0,2022-01-17,1,0,71,75,60,7.578206717937299
32,0,2022-01-17,2,0,71,72,15,31.330129547638137
32,0,2022-01-17,0,0,76,79,45,12.8799955417567
32,0,2022-01-17,1,0,78,80,30,30.70535564876311
32,0,2022-03-05,4,0,15,17,30,5.8166463964532085
32,0,2022-03-05,0,0,17,18,15,9.04956436938545
32,0,2022-03-05,3,0,20,21,15,10.9501852918619
32,0,2022-03-05,7,0,20,23,45,9.872765262658199
32,0,2022-03-05,2,0,23,26,45,15.918060524335104
32,0,2022-03-05,3,0,25,28,45,13.885907629252799
32,0,2022-03-05,4,0,26,32,90,17.686870361921564
32,0,2022-03-05,7,0,26,29,45,18.587399543875563
32,0,2022-03-05,5,0,28,29,15,11.312437018363738
32,0,2022-03-05,6,0,28,30,30,14.942419233725815
32,0,2022-03-05,1,0,31,33,30,9.829950601331177
32,0,2022-03-05,7,0,32,34,30,9.602333788608696
32,0,2022-03-05,3,0,34,35,15,5.0
32,0,2022-03-05,0,0,35,36,15,18.609206555877662
32,0,2022-03-05,4,0,35,36,15,9.95630602205533
32,0,2022-03-05,1,0,37,39,30,9.512527016492456
32,0,2022-03-05,7,0,37,39,30,8.0568954734224
32,0,2022-03-05,6,0,38,39,15,13.213118062133333
32,0,2022-03-05,2,0,42,44,30,8.0
32,0,2022-03-05,5,0,43,45,30,13.146232915812263
32,0,2022-03-05,7,0,43,45,30,17.37774647385544
32,0,2022-03-05,0,0,44,46,30,16.659110948758382
32,0,2022-03-05,4,0,44,48,60,23.487406813506453
32,0,2022-03-05,3,0,45,49,60,23.174031597888302
32,0,2022-03-05,5,0,49,51,30,35.43979849530185
32,0,2022-03-05,2,0,50,53,45,6.5511346210092825
32,0,2022-03-05,1,0,51,56,75,24.65975540985147
32,0,2022-03-05,7,0,51,53,30,9.065729930694516
32,0,2022-03-05,0,0,54,56,30,22.97026040863178
32,0,2022-03-05,6,0,54,56,30,13.297116784076195
32,0,2022-03-05,3,0,56,58,30,23.393541157836268
32,0,2022-03-05,5,0,56,58,30,20.075363987618786
32,0,2022-03-05,4,0,60,62,30,12.311868566135459
32,0,2022-03-05,5,0,61,62,15,16.233830744193682
32,0,2022-03-05,1,0,64,65,15,26.62115335802111
32,0,2022-03-05,2,0,64,66,30,10.389890842192038
32,0,2022-03-05,3,0,64,66,30,6.583230197716091
32,0,2022-03-05,5,0,66,68,30,14.630753777026612
32,0,2022-03-05,7,0,69,75,90,5.0
32,0,2022-03-05,1,0,71,75,60,7.578206717937299
32,0,2022-03-05,2,0,71,72,15,31.330129547638137
32,0,2022-03-05,0,0,76,79,45,12.8799955417567
32,0,2022-03-05,1,0,78,80,30,30.70535564876311
32,1,2022-01-17,0,0,3,5,30,20.61351232511582
32,1,2022-01-17,1,0,3,5,30,26.962219474798346
32,1,2022-01-17,7,0,6,8,30,15.146568245789652
32,1,2022-01-17,1,0,11,15,60,14.764929830182162
32,1,2022-01-17,0,0,15,17,30,17.871498230887184
32,1,2022-01-17,3,0,17,19,30,5.8029503320424425
32,1,2022-01-17,1,0,19,21,30,9.0
32,1,2022-01-17,4,0,19,27,120,6.435664397458055
32,1,2022-01-17,7,0,19,21,30,21.282606023545682
32,1,2022-01-17,5,0,21,23,30,7.0
32,1,2022-01-17,6,0,23,25,30,18.747287465312148
32,1,2022-01-17,1,0,25,27,30,19.00707544156441
32,1,2022-01-17,2,0,25,31,90,8.0
32,1,2022-01-17,0,0,27,28,15,8.492231999730514
32,1,2022-01-17,0,0,31,33,30,11.294882706399534
32,1,2022-01-17,5,0,33,35,30,17.925411157062094
32,1,2022-01-17,1,0,38,40,30,10.95163696096295
32,1,2022-01-17,4,0,38,39,15,14.346447092843519
32,1,2022-01-17,0,0,39,41,30,13.771639590919804
32,1,2022-01-17,4,0,43,44,15,5.828495364399501
32,1,2022-01-17,2,0,45,50,75,24.114777635261063
32,1,2022-01-17,5,0,46,49,45,31.875335738878107
32,1,2022-01-17,1,0,47,48,15,17.68131026211944
32,1,2022-01-17,3,0,48,50,30,7.0
32,1,2022-01-17,0,0,51,52,15,16.845290465828157
32,1,2022-01-17,1,0,54,57,45,28.88317323221684
32,1,2022-01-17,4,0,54,56,30,18.519967589753307
32,1,2022-01-17,2,0,55,57,30,19.013455487581467
32,1,2022-01-17,0,0,56,60,60,7.949942511988326
32,1,2022-01-17,7,0,56,58,30,5.206552108483379
32,1,2022-01-17,3,0,57,59,30,15.909580717232544
32,1,2022-01-17,5,0,59,61,30,16.5167464628628
32,1,2022-01-17,4,0,60,62,30,5.0
32,1,2022-01-17,6,0,60,62,30,31.162941021707702
32,1,2022-01-17,3,0,62,63,15,12.653346467924734
32,1,2022-01-17,0,0,65,67,30,14.906261168405834
32,1,2022-01-17,6,0,65,67,30,25.636105727441816
32,1,2022-01-17,5,0,66,67,15,12.214490821719934
32,1,2022-01-17,7,0,68,70,30,9.769393871527754
32,1,2022-01-17,1,0,70,71,15,7.879848896581478
32,1,2022-01-17,7,0,73,75,30,14.410105225620356
32,1,2022-03-05,0,0,3,5,30,20.61351232511582
32,1,2022-03-05,1,0,3,5,30,26.962219474798346
32,1,2022-03-05,7,0,6,8,30,15.146568245789652
32,1,2022-03-05,4,0,19,27,120,5.6931720769791525
32,1,2022-03-05,7,0,19,21,30,21.282606023545682
32,1,2022-03-05,6,0,23,25,30,6.558825507477124
32,1,2022-03-05,1,0,25,27,30,19.00707544156441
32,1,2022-03-05,2,0,25,31,90,7.0
32,1,2022-03-05,3,0,26,27,15,19.214012252612257
32,1,2022-03-05,0,0,27,28,15,8.492231999730514
32,1,2022-03-05,0,0,31,33,30,11.294882706399534
32,1,2022-03-05,1,0,33,36,45,12.180578847033516
32,1,2022-03-05,5,0,33,35,30,8.0
32,1,2022-03-05,3,0,36,39,45,8.268004879277669
32,1,2022-03-05,4,0,37,39,30,9.0
32,1,2022-03-05,0,0,39,41,30,13.771639590919804
32,1,2022-03-05,6,0,39,41,30,17.387391680194767
32,1,2022-03-05,4,0,42,44,30,6.0
32,1,2022-03-05,3,0,43,46,45,15.246408154264529
32,1,2022-03-05,0,0,45,47,30,24.67741155111019
32,1,2022-03-05,2,0,45,50,75,24.114777635261063
32,1,2022-03-05,6,0,45,47,30,31.875335738878107
32,1,2022-03-05,1,0,46,50,60,5.0
32,1,2022-03-05,5,0,46,49,45,25.61542376929978
32,1,2022-03-05,7,0,48,51,45,7.517085941992761
32,1,2022-03-05,0,0,50,52,30,22.269038407827374
32,1,2022-03-05,1,0,54,57,45,28.88317323221684
32,1,2022-03-05,4,0,54,56,30,18.519967589753307
32,1,2022-03-05,2,0,55,57,30,19.013455487581467
32,1,2022-03-05,0,0,56,60,60,7.949942511988326
32,1,2022-03-05,7,0,56,58,30,5.206552108483379
32,1,2022-03-05,3,0,57,59,30,15.909580717232544
32,1,2022-03-05,5,0,59,61,30,16.5167464628628
32,1,2022-03-05,4,0,60,62,30,5.0
32,1,2022-03-05,6,0,60,62,30,31.162941021707702
32,1,2022-03-05,3,0,62,63,15,12.653346467924734
32,1,2022-03-05,0,0,65,67,30,14.906261168405834
32,1,2022-03-05,6,0,65,67,30,25.636105727441816
32,1,2022-03-05,5,0,66,67,15,12.214490821719934
32,1,2022-03-05,7,0,68,70,30,9.769393871527754
32,1,2022-03-05,1,0,70,71,15,7.879848896581478
32,1,2022-03-05,7,0,73,75,30,14.410105225620356
32,1,2022-03-05,5,0,81,82,15,18.627981989656355
32,2,2022-01-17,3,0,11,13,30,20.458846446267607
32,2,2022-01-17,2,0,12,14,30,7.0
32,2,2022-01-17,4,0,14,18,60,15.539032744257554
32,2,2022-01-17,5,0,17,22,75,7.439906114486931
32,2,2022-01-17,0,0,20,22,30,9.0
32,2,2022-01-17,3,0,20,22,30,6.56574640669956
32,2,2022-01-17,4,0,27,28,15,5.0
32,2,2022-01-17,7,0,29,30,15,15.454947506589086
32,2,2022-01-17,1,0,31,35,60,5.038846156783194
32,2,2022-01-17,6,0,31,32,15,8.0
32,2,2022-01-17,2,0,33,35,30,17.331376324272
32,2,2022-01-17,3,0,33,35,30,6.0
32,2,2022-01-17,7,0,33,35,30,7.460160422463538
32,2,2022-01-17,5,0,35,39,60,22.479350620991667
32,2,2022-01-17,3,0,38,40,30,10.973950113106255
32,2,2022-01-17,4,0,42,43,15,13.404024145482317
32,2,2022-01-17,1,0,43,44,15,11.964392686184311
32,2,2022-01-17,3,0,44,48,60,22.509232874825415
32,2,2022-01-17,5,0,46,48,30,26.30273074552546
32,2,2022-01-17,6,0,47,48,15,25.218263827680225
32,2,2022-01-17,7,0,49,50,15,17.49693597222717
32,2,2022-01-17,0,0,52,53,15,12.458039043409755
32,2,2022-01-17,1,0,52,55,45,27.60894603859184
32,2,2022-01-17,5,0,55,58,45,8.118387994943433
32,2,2022-01-17,0,0,56,57,15,21.25865988089933
32,2,2022-01-17,3,0,56,58,30,9.173310243293436
32,2,2022-01-17,4,0,56,57,15,15.895807732842975
32,2,2022-01-17,6,0,56,59,45,7.730142571776376
32,2,2022-01-17,7,0,56,59,45,11.007146772878855
32,2,2022-01-17,1,0,59,61,30,13.178414092970627
32,2,2022-01-17,2,0,59,60,15,19.836374973169683
32,2,2022-01-17,5,0,62,67,75,11.210551636026544
32,2,2022-01-17,2,0,66,69,45,11.73506817465848
32,2,2022-01-17,4,0,67,68,15,5.748381859291683
32,2,2022-01-17,0,0,68,69,15,40.16097237285108
32,2,2022-01-17,3,0,69,70,15,5.30497512857761
32,2,2022-01-17,0,0,78,81,45,35.42704232054422
32,2,2022-01-17,4,0,81,83,30,31.505029620436538
32,2,2022-03-05,2,0,12,14,30,20.458846446267607
32,2,2022-03-05,4,0,14,18,60,7.0
32,2,2022-03-05,0,0,22,27,75,12.970527179030142
32,2,2022-03-05,4,0,27,28,15,5.0
32,2,2022-03-05,7,0,27,29,30,7.551605162542856
32,2,2022-03-05,1,0,29,31,30,5.242719213314942
32,2,2022-03-05,6,0,31,32,15,22.372124609824134
32,2,2022-03-05,2,0,33,35,30,17.331376324272
32,2,2022-03-05,3,0,33,35,30,13.165592145628828
32,2,2022-03-05,7,0,33,35,30,7.460160422463538
32,2,2022-03-05,1,0,35,38,45,13.453388986123066
32,2,2022-03-05,5,0,35,39,60,16.09984293690313
32,2,2022-03-05,3,0,38,40,30,9.208814017443075
32,2,2022-03-05,0,0,39,42,45,14.48544641374982
32,2,2022-03-05,6,0,39,41,30,14.045838111037767
32,2,2022-03-05,4,0,42,43,15,11.12480617966392
32,2,2022-03-05,1,0,43,44,15,11.964392686184311
32,2,2022-03-05,3,0,44,48,60,22.509232874825415
32,2,2022-03-05,5,0,46,48,30,9.323842515777578
32,2,2022-03-05,6,0,47,48,15,25.218263827680225
32,2,2022-03-05,7,0,49,50,15,18.605049501028404
32,2,2022-03-05,0,0,52,53,15,19.766553444482057
32,2,2022-03-05,1,0,52,55,45,27.60894603859184
32,2,2022-03-05,5,0,55,58,45,8.118387994943433
32,2,2022-03-05,0,0,56,57,15,21.25865988089933
32,2,2022-03-05,3,0,56,58,30,9.173310243293436
32,2,2022-03-05,4,0,56,57,15,15.895807732842975
32,2,2022-03-05,6,0,56,59,45,7.730142571776376
32,2,2022-03-05,7,0,56,59,45,11.007146772878855
32,2,2022-03-05,1,0,59,61,30,13.178414092970627
32,2,2022-03-05,5,0,62,67,75,11.210551636026544
32,2,2022-03-05,2,0,66,69,45,32.31675748650202
32,2,2022-03-05,4,0,67,68,15,5.748381859291683
32,2,2022-03-05,0,0,68,69,15,40.16097237285108
32,2,2022-03-05,3,0,69,70,15,5.30497512857761
32,2,2022-03-05,0,0,78,81,45,35.42704232054422
32,2,2022-03-05,3,0,79,81,30,15.001423824025316
32,2,2022-03-05,4,0,81,83,30,31.505029620436538
32,3,2022-01-17,6,0,7,8,15,25.246197358331543
32,3,2022-01-17,0,0,11,14,45,16.72770614177145
32,3,2022-01-17,3,0,14,18,60,21.76004782745686
32,3,2022-01-17,7,0,14,16,30,18.19434934645161
32,3,2022-01-17,6,0,16,18,30,21.896128986303935
32,3,2022-01-17,0,0,17,19,30,14.206086985841338
32,3,2022-01-17,1,0,18,20,30,20.819853598378046
32,3,2022-01-17,5,0,19,22,45,13.668307486651031
32,3,2022-01-17,1,0,24,27,45,29.86858229422979
32,3,2022-01-17,3,0,24,27,45,9.578545996309629
32,3,2022-01-17,6,0,24,26,30,14.954439219835791
32,3,2022-01-17,7,0,25,28,45,14.781205875578976
32,3,2022-01-17,2,0,27,28,15,10.070900435611051
32,3,2022-01-17,5,0,29,35,90,10.342310986998172
32,3,2022-01-17,1,0,33,34,15,18.958434460570125
32,3,2022-01-17,7,0,34,39,75,10.875783263003555
32,3,2022-01-17,4,0,35,38,45,16.550141476325315
32,3,2022-01-17,0,0,36,37,15,10.20297212664505
32,3,2022-01-17,2,0,36,40,60,15.999222753205899
32,3,2022-01-17,5,0,39,40,15,6.568791648223417
32,3,2022-01-17,4,0,41,42,15,15.184171348563396
32,3,2022-01-17,1,0,44,47,45,18.937920841554764
32,3,2022-01-17,4,0,45,47,30,16.27452521314237
32,3,2022-01-17,3,0,46,48,30,7.995069023945639
32,3,2022-01-17,5,0,50,52,30,13.405340708263111
32,3,2022-01-17,2,0,51,52,15,10.686487908930474
32,3,2022-01-17,7,0,52,53,15,16.376688394442553
32,3,2022-01-17,6,0,53,54,15,22.81573412905304
32,3,2022-01-17,0,0,54,56,30,18.788121933229462
32,3,2022-01-17,1,0,54,56,30,25.50207442387193
32,3,2022-01-17,2,0,56,58,30,14.160876443803346
32,3,2022-01-17,3,0,57,59,30,29.798504988582827
32,3,2022-01-17,6,0,57,59,30,17.310932466553666
32,3,2022-01-17,4,0,58,59,15,6.198216761144877
32,3,2022-01-17,7,0,60,62,30,12.600216325463208
32,3,2022-01-17,3,0,63,64,15,22.795262616543518
32,3,2022-01-17,4,0,63,64,15,14.056764206111069
32,3,2022-01-17,0,0,67,68,15,26.56099618929222
32,3,2022-01-17,2,0,67,68,15,15.227962936646094
32,3,2022-01-17,3,0,70,71,15,26.66802693249508
32,3,2022-01-17,7,0,70,71,15,30.515799437408162
32,3,2022-01-17,5,0,76,77,15,18.724992756346495
32,3,2022-03-05,6,0,7,8,15,25.246197358331543
32,3,2022-03-05,0,0,17,19,30,12.576103703370443
32,3,2022-03-05,6,0,20,23,45,20.091839330828996
32,3,2022-03-05,1,0,24,27,45,17.876181349037857
32,3,2022-03-05,3,0,24,27,45,14.94691055019291
32,3,2022-03-05,7,0,25,28,45,21.33513726241266
32,3,2022-03-05,2,0,27,28,15,14.141031920720557
32,3,2022-03-05,5,0,29,35,90,10.273343970621653
32,3,2022-03-05,1,0,33,34,15,18.958434460570125
32,3,2022-03-05,7,0,34,39,75,10.875783263003555
32,3,2022-03-05,4,0,35,38,45,16.550141476325315
32,3,2022-03-05,0,0,36,37,15,10.458919174698366
32,3,2022-03-05,2,0,36,40,60,15.999222753205899
32,3,2022-03-05,5,0,39,40,15,6.568791648223417
32,3,2022-03-05,4,0,41,42,15,15.184171348563396
32,3,2022-03-05,3,0,43,46,45,22.448743543221
32,3,2022-03-05,1,0,44,47,45,11.909337175956573
32,3,2022-03-05,4,0,45,47,30,16.27452521314237
32,3,2022-03-05,2,0,47,48,15,13.153123187603612
32,3,2022-03-05,5,0,48,50,30,10.47179078528039
32,3,2022-03-05,3,0,49,51,30,33.41268324816586
32,3,2022-03-05,2,0,51,52,15,17.735424280337014
32,3,2022-03-05,7,0,52,53,15,16.376688394442553
32,3,2022-03-05,6,0,53,54,15,22.81573412905304
32,3,2022-03-05,0,0,54,56,30,18.788121933229462
32,3,2022-03-05,1,0,54,56,30,25.50207442387193
32,3,2022-03-05,2,0,56,58,30,14.160876443803346
32,3,2022-03-05,3,0,57,59,30,29.798504988582827
32,3,2022-03-05,6,0,57,59,30,19.242164936499933
32,3,2022-03-05,3,0,63,64,15,22.795262616543518
32,3,2022-03-05,4,0,63,64,15,19.193811690692783
32,3,2022-03-05,0,0,67,68,15,26.56099618929222
32,3,2022-03-05,2,0,67,68,15,15.227962936646094
32,3,2022-03-05,3,0,70,71,15,26.66802693249508
32,3,2022-03-05,7,0,70,71,15,30.515799437408162
32,3,2022-03-05,5,0,76,77,15,18.724992756346495
32,4,2022-01-17,0,0,8,11,45,8.978635235231032
32,4,2022-01-17,1,0,16,20,60,11.926724698652713
32,4,2022-01-17,0,0,17,21,60,8.121719975992633
32,4,2022-01-17,4,0,18,19,15,23.863710904229784
32,4,2022-01-17,7,0,18,20,30,8.26055015877126
32,4,2022-01-17,6,0,19,24,75,8.953387593273945
32,4,2022-01-17,3,0,21,24,45,8.0
32,4,2022-01-17,4,0,23,26,45,5.059226468913579
32,4,2022-01-17,2,0,24,27,45,13.370904607259504
32,4,2022-01-17,7,0,25,27,30,14.421038585285814
32,4,2022-01-17,0,0,26,28,30,7.0864447987473795
32,4,2022-01-17,3,0,27,29,30,16.707902899527383
32,4,2022-01-17,1,0,30,35,75,7.597206648530658
32,4,2022-01-17,6,0,31,33,30,5.582343099071849
32,4,2022-01-17,3,0,34,35,15,6.0
32,4,2022-01-17,5,0,34,35,15,12.161406961136024
32,4,2022-01-17,6,0,36,37,15,15.869274668656821
32,4,2022-01-17,3,0,38,40,30,11.80114809407602
32,4,2022-01-17,5,0,38,39,15,12.479747876063456
32,4,2022-01-17,1,0,41,44,45,16.33098952482171
32,4,2022-01-17,6,0,43,48,75,20.741136054173836
32,4,2022-01-17,5,0,44,48,60,25.583189960432343
32,4,2022-01-17,4,0,46,47,15,17.50143506984108
32,4,2022-01-17,2,0,47,49,30,7.847437834408076
32,4,2022-01-17,2,0,52,54,30,24.0614586427658
32,4,2022-01-17,5,0,52,53,15,16.8334139245012
32,4,2022-01-17,3,0,53,55,30,21.714700994611526
32,4,2022-01-17,7,0,53,55,30,13.709969031695422
32,4,2022-01-17,4,0,54,56,30,18.21241147457198
32,4,2022-01-17,1,0,55,59,60,23.308496305407502
32,4,2022-01-17,0,0,56,58,30,14.298071436367927
32,4,2022-01-17,4,0,59,61,30,25.075969167229246
32,4,2022-01-17,5,0,59,63,60,15.996569220731608
32,4,2022-01-17,6,0,59,64,75,21.509493172116322
32,4,2022-01-17,2,0,60,62,30,12.48886220894537
32,4,2022-01-17,7,0,60,62,30,11.043344139721171
32,4,2022-01-17,3,0,62,64,30,8.0
32,4,2022-01-17,2,0,66,68,30,11.533685906318752
32,4,2022-01-17,3,0,70,72,30,25.290860555310182
32,4,2022-01-17,2,0,72,75,45,14.113324571684885
32,4,2022-01-17,6,0,73,75,30,25.779595264494333
32,4,2022-01-17,4,0,76,78,30,15.44348853975049
32,4,2022-01-17,7,0,82,84,30,28.54273172893729
32,4,2022-03-05,0,0,17,21,60,5.885116469126018
32,4,2022-03-05,4,0,18,19,15,11.040763686028072
32,4,2022-03-05,7,0,19,21,30,23.41226527872857
32,4,2022-03-05,6,0,21,23,30,8.392007398798029
32,4,2022-03-05,2,0,24,27,45,9.124731076450942
32,4,2022-03-05,7,0,25,27,30,14.421038585285814
32,4,2022-03-05,0,0,26,28,30,7.0864447987473795
32,4,2022-03-05,3,0,27,29,30,8.0
32,4,2022-03-05,1,0,30,35,75,13.846435642111715
32,4,2022-03-05,6,0,31,33,30,5.582343099071849
32,4,2022-03-05,4,0,32,35,45,7.0
32,4,2022-03-05,0,0,34,36,30,15.052309470102962
32,4,2022-03-05,3,0,34,35,15,6.0
32,4,2022-03-05,5,0,34,35,15,12.161406961136024
32,4,2022-03-05,6,0,36,37,15,15.869274668656821
32,4,2022-03-05,3,0,38,40,30,11.80114809407602
32,4,2022-03-05,5,0,38,39,15,12.479747876063456
32,4,2022-03-05,1,0,41,44,45,16.33098952482171
32,4,2022-03-05,2,0,42,44,30,19.9776624315504
32,4,2022-03-05,6,0,43,48,75,16.62730400944872
32,4,2022-03-05,5,0,44,48,60,25.583189960432343
32,4,2022-03-05,4,0,46,47,15,7.646629520399124
32,4,2022-03-05,2,0,47,49,30,6.626581292074853
32,4,2022-03-05,5,0,51,52,15,7.0
32,4,2022-03-05,2,0,52,54,30,24.0614586427658
32,4,2022-03-05,3,0,53,55,30,21.714700994611526
32,4,2022-03-05,7,0,53,55,30,13.709969031695422
32,4,2022-03-05,4,0,54,56,30,18.21241147457198
32,4,2022-03-05,1,0,55,59,60,23.308496305407502
32,4,2022-03-05,5,0,59,63,60,15.996569220731608
32,4,2022-03-05,2,0,60,62,30,12.48886220894537
32,4,2022-03-05,7,0,60,62,30,11.043344139721171
32,4,2022-03-05,6,0,61,63,30,22.88836922035
32,4,2022-03-05,3,0,62,64,30,8.0
32,4,2022-03-05,2,0,66,68,30,11.533685906318752
32,4,2022-03-05,6,0,66,67,15,24.070688099625293
32,4,2022-03-05,3,0,70,72,30,22.36275259527774
32,4,2022-03-05,2,0,72,75,45,14.113324571684885
32,4,2022-03-05,6,0,73,75,30,25.779595264494333
32,4,2022-03-05,4,0,76,78,30,15.44348853975049
32,4,2022-03-05,7,0,82,84,30,28.54273172893729
32,5,2022-01-17,2,0,10,11,15,6.0
32,5,2022-01-17,3,0,15,16,15,19.850620711359326
32,5,2022-01-17,7,0,15,18,45,12.979894327215199
32,5,2022-01-17,6,0,16,18,30,7.915377679591941
32,5,2022-01-17,1,0,18,21,45,11.559564358721495
32,5,2022-01-17,2,0,18,21,45,5.017289650217592
32,5,2022-01-17,3,0,22,24,30,19.273440995541698
32,5,2022-01-17,4,0,22,25,45,10.158989919195221
32,5,2022-01-17,6,0,23,25,30,9.041457531143493
32,5,2022-01-17,3,0,28,30,30,14.547928641945873
32,5,2022-01-17,1,0,30,31,15,5.93502145240285
32,5,2022-01-17,0,0,31,34,45,19.524704107185855
32,5,2022-01-17,5,0,31,33,30,14.356796918408229
32,5,2022-01-17,7,0,31,33,30,8.56373043122214
32,5,2022-01-17,1,0,35,39,60,8.0
32,5,2022-01-17,7,0,36,38,30,10.556642509627864
32,5,2022-01-17,0,0,37,39,30,7.936042016606962
32,5,2022-01-17,2,0,39,40,15,7.394676027340125
32,5,2022-01-17,7,0,41,42,15,22.334869756979003
32,5,2022-01-17,5,0,43,46,45,21.366639303264137
32,5,2022-01-17,0,0,45,49,60,19.40400466992979
32,5,2022-01-17,4,0,46,47,15,6.199004564957853
32,5,2022-01-17,7,0,48,50,30,10.17206791596606
32,5,2022-01-17,1,0,49,50,15,23.775680579487528
32,5,2022-01-17,3,0,50,51,15,29.437508113559915
32,5,2022-01-17,6,0,50,55,75,12.850347509682727
32,5,2022-01-17,4,0,52,54,30,7.0
32,5,2022-01-17,0,0,53,57,60,6.0
32,5,2022-01-17,2,0,53,55,30,21.500899161818666
32,5,2022-01-17,7,0,55,57,30,29.744983174491153
32,5,2022-01-17,1,0,56,58,30,12.21835628337017
32,5,2022-01-17,3,0,56,58,30,13.202086642919191
32,5,2022-01-17,5,0,57,60,45,6.0
32,5,2022-01-17,4,0,58,61,45,14.917075047207462
32,5,2022-01-17,1,0,61,63,30,29.07505374199777
32,5,2022-01-17,5,0,65,67,30,7.0
32,5,2022-01-17,6,0,65,67,30,29.912743835602093
32,5,2022-01-17,4,0,66,72,90,7.136557136786102
32,5,2022-01-17,2,0,67,70,45,35.73884638648346
32,5,2022-01-17,0,0,68,70,30,28.24368236052262
32,5,2022-01-17,6,0,71,72,15,19.70849260541221
32,5,2022-01-17,5,0,75,77,30,36.976783152039644
32,5,2022-01-17,4,0,77,80,45,13.523113122094443
32,5,2022-03-05,3,0,15,16,15,6.0
32,5,2022-03-05,6,0,19,20,15,18.02841174814563
32,5,2022-03-05,3,0,22,24,30,19.273440995541698
32,5,2022-03-05,4,0,22,25,45,12.206916167312954
32,5,2022-03-05,6,0,23,25,30,9.041457531143493
32,5,2022-03-05,5,0,26,28,30,7.508744583514158
32,5,2022-03-05,3,0,28,30,30,14.547928641945873
32,5,2022-03-05,2,0,29,31,30,11.9689709742577
32,5,2022-03-05,4,0,29,31,30,12.048198173050459
32,5,2022-03-05,1,0,30,31,15,10.354019782226274
32,5,2022-03-05,0,0,31,34,45,19.524704107185855
32,5,2022-03-05,5,0,31,33,30,15.128326512145279
32,5,2022-03-05,7,0,31,33,30,14.356796918408229
32,5,2022-03-05,2,0,34,35,15,21.554707796552712
32,5,2022-03-05,1,0,35,39,60,8.0
32,5,2022-03-05,7,0,36,38,30,10.556642509627864
32,5,2022-03-05,0,0,37,39,30,7.936042016606962
32,5,2022-03-05,2,0,39,40,15,20.269020628918852
32,5,2022-03-05,3,0,40,42,30,12.194010711619015
32,5,2022-03-05,7,0,41,42,15,22.334869756979003
32,5,2022-03-05,5,0,43,46,45,21.366639303264137
32,5,2022-03-05,6,0,43,46,45,7.664868477194261
32,5,2022-03-05,0,0,45,49,60,19.40400466992979
32,5,2022-03-05,4,0,46,47,15,8.526844889378843
32,5,2022-03-05,7,0,48,50,30,20.994395097274754
32,5,2022-03-05,1,0,49,50,15,6.483787307198149
32,5,2022-03-05,3,0,50,51,15,10.367122255011786
32,5,2022-03-05,6,0,50,55,75,9.151845735468683
32,5,2022-03-05,4,0,52,54,30,7.0
32,5,2022-03-05,0,0,53,57,60,12.467779986617025
32,5,2022-03-05,2,0,53,55,30,21.500899161818666
32,5,2022-03-05,7,0,55,57,30,29.744983174491153
32,5,2022-03-05,1,0,56,58,30,12.21835628337017
32,5,2022-03-05,4,0,58,61,45,14.917075047207462
32,5,2022-03-05,5,0,59,60,15,35.22230733377336
32,5,2022-03-05,1,0,61,63,30,29.07505374199777
32,5,2022-03-05,5,0,65,67,30,7.0
32,5,2022-03-05,6,0,65,67,30,29.912743835602093
32,5,2022-03-05,4,0,66,72,90,7.136557136786102
32,5,2022-03-05,2,0,67,70,45,35.73884638648346
32,5,2022-03-05,0,0,68,70,30,28.24368236052262
32,5,2022-03-05,6,0,71,72,15,19.70849260541221
32,5,2022-03-05,5,0,75,77,30,36.976783152039644
32,5,2022-03-05,4,0,77,80,45,13.523113122094443
32,5,2022-03-05,7,0,80,82,30,11.691420879256292
32,6,2022-01-17,7,0,12,14,30,12.854084187891111
32,6,2022-01-17,1,0,14,16,30,23.882804641504386
32,6,2022-01-17,3,0,14,17,45,6.188580939170137
32,6,2022-01-17,4,0,15,18,45,11.731058115572914
32,6,2022-01-17,2,0,18,19,15,17.123904348647272
32,6,2022-01-17,0,0,21,23,30,5.0
32,6,2022-01-17,1,0,21,23,30,17.34393987138816
32,6,2022-01-17,6,0,21,23,30,6.931128924914319
32,6,2022-01-17,2,0,22,26,60,9.971860443720132
32,6,2022-01-17,4,0,22,24,30,14.792526312594866
32,6,2022-01-17,1,0,27,28,15,10.539853668112592
32,6,2022-01-17,1,0,31,33,30,9.268153883815017
32,6,2022-01-17,5,0,33,35,30,17.458043095183392
32,6,2022-01-17,6,0,37,39,30,19.326701433026415
32,6,2022-01-17,1,0,38,39,15,9.0
32,6,2022-01-17,4,0,41,43,30,11.574700897442668
32,6,2022-01-17,3,0,43,46,45,16.112524496906175
32,6,2022-01-17,5,0,47,51,60,14.806734810570163
32,6,2022-01-17,0,0,48,50,30,8.305040301311237
32,6,2022-01-17,2,0,54,56,30,24.443622751119236
32,6,2022-01-17,3,0,54,57,45,11.475406633121779
32,6,2022-01-17,6,0,54,55,15,23.534804509794952
32,6,2022-01-17,1,0,55,56,15,34.631089242021275
32,6,2022-01-17,0,0,57,58,15,5.0
32,6,2022-01-17,4,0,58,59,15,15.010774280602888
32,6,2022-01-17,6,0,58,60,30,12.639019940647877
32,6,2022-01-17,2,0,59,62,45,21.34046450434223
32,6,2022-01-17,1,0,63,64,15,15.68788042234587
32,6,2022-01-17,4,0,63,66,45,16.761193195853963
32,6,2022-01-17,7,0,64,65,15,5.340858803695198
32,6,2022-01-17,6,0,67,69,30,18.98518669567595
32,6,2022-01-17,1,0,70,72,30,10.931980709073088
32,6,2022-01-17,7,0,70,72,30,9.070088840201656
32,6,2022-01-17,0,0,73,79,90,7.464804243933031
32,6,2022-01-17,6,0,75,78,45,37.73784776462482
32,6,2022-01-17,3,0,80,82,30,21.183963391858427
32,6,2022-03-05,0,0,21,23,30,9.817654508215625
32,6,2022-03-05,1,0,21,23,30,19.93512542333604
32,6,2022-03-05,6,0,21,23,30,5.165646960927958
32,6,2022-03-05,2,0,22,26,60,11.032450600959407
32,6,2022-03-05,4,0,22,24,30,17.396411767752433
32,6,2022-03-05,1,0,26,27,15,12.791156288336424
32,6,2022-03-05,7,0,26,27,15,5.0
32,6,2022-03-05,0,0,27,31,60,6.0
32,6,2022-03-05,6,0,28,34,90,11.534344340579075
32,6,2022-03-05,5,0,30,32,30,7.064191083222241
32,6,2022-03-05,1,0,31,33,30,9.268153883815017
32,6,2022-03-05,2,0,31,33,30,14.21160525367047
32,6,2022-03-05,6,0,37,39,30,19.326701433026415
32,6,2022-03-05,1,0,38,39,15,9.0
32,6,2022-03-05,2,0,39,41,30,9.213090163546084
32,6,2022-03-05,3,0,41,45,60,19.560683952395365
32,6,2022-03-05,4,0,41,43,30,11.574700897442668
32,6,2022-03-05,5,0,42,46,60,20.162806693582503
32,6,2022-03-05,6,0,45,48,45,19.212445126710392
32,6,2022-03-05,0,0,48,50,30,18.224396511117256
32,6,2022-03-05,2,0,54,56,30,24.443622751119236
32,6,2022-03-05,3,0,54,57,45,11.475406633121779
32,6,2022-03-05,6,0,54,55,15,23.534804509794952
32,6,2022-03-05,1,0,55,56,15,34.631089242021275
32,6,2022-03-05,4,0,58,59,15,15.010774280602888
32,6,2022-03-05,6,0,58,60,30,7.127525359709516
32,6,2022-03-05,2,0,59,62,45,21.34046450434223
32,6,2022-03-05,1,0,63,64,15,15.68788042234587
32,6,2022-03-05,4,0,63,66,45,16.761193195853963
32,6,2022-03-05,7,0,64,65,15,14.013743578771091
32,6,2022-03-05,6,0,67,69,30,18.98518669567595
32,6,2022-03-05,1,0,70,72,30,10.931980709073088
32,6,2022-03-05,7,0,70,72,30,9.070088840201656
32,6,2022-03-05,6,0,75,78,45,37.73784776462482
32,6,2022-03-05,3,0,80,82,30,21.183963391858427
32,7,2022-01-17,1,0,13,16,45,9.815934688311813
32,7,2022-01-17,0,0,14,15,15,19.55273727714153
32,7,2022-01-17,3,0,15,17,30,26.400877038346742
32,7,2022-01-17,5,0,17,19,30,12.666141541658746
32,7,2022-01-17,2,0,18,20,30,9.0
32,7,2022-01-17,7,0,19,21,30,19.06031586613465
32,7,2022-01-17,0,0,20,22,30,18.65519410162677
32,7,2022-01-17,1,0,21,23,30,20.051273598266505
32,7,2022-01-17,4,0,22,23,15,23.54778478393097
32,7,2022-01-17,6,0,22,24,30,7.322276753871932
32,7,2022-01-17,2,0,23,24,15,14.387038059944835
32,7,2022-01-17,5,0,25,28,45,11.603025660040856
32,7,2022-01-17,7,0,29,32,45,14.185827036836926
32,7,2022-01-17,1,0,30,31,15,28.390599806576418
32,7,2022-01-17,5,0,31,34,45,10.835463682492133
32,7,2022-01-17,6,0,31,34,45,26.62703307322144
32,7,2022-01-17,2,0,32,33,15,15.153470419877394
32,7,2022-01-17,6,0,37,39,30,11.39687969173903
32,7,2022-01-17,7,0,38,39,15,5.995642936611162
32,7,2022-01-17,4,0,43,47,60,11.081746982603306
32,7,2022-01-17,5,0,43,46,45,13.354777073608105
32,7,2022-01-17,6,0,43,46,45,19.309157348616395
32,7,2022-01-17,3,0,45,46,15,5.048223430571824
32,7,2022-01-17,1,0,47,49,30,6.853958055139451
32,7,2022-01-17,3,0,49,51,30,8.0
32,7,2022-01-17,7,0,51,53,30,22.170931472262083
32,7,2022-01-17,6,0,52,55,45,10.608051532107545
32,7,2022-01-17,1,0,53,58,75,19.777240329597575
32,7,2022-01-17,2,0,53,54,15,17.450397663381487
32,7,2022-01-17,4,0,54,58,60,21.483791391308998
32,7,2022-01-17,0,0,56,57,15,30.0932749786084
32,7,2022-01-17,5,0,56,57,15,25.2275239728691
32,7,2022-01-17,3,0,57,58,15,5.0
32,7,2022-01-17,7,0,58,61,45,16.70984816554592
32,7,2022-01-17,2,0,60,62,30,6.0
32,7,2022-01-17,0,0,63,65,30,35.17428863122336
32,7,2022-01-17,4,0,63,64,15,14.796418342228705
32,7,2022-01-17,3,0,64,67,45,32.34542692926243
32,7,2022-01-17,5,0,64,65,15,36.59201167247434
32,7,2022-01-17,6,0,64,66,30,16.2324967590274
32,7,2022-01-17,1,0,65,68,45,28.4746277707181
32,7,2022-01-17,5,0,70,74,60,29.409953380049544
32,7,2022-01-17,2,0,71,73,30,25.468889983026564
32,7,2022-01-17,1,0,73,74,15,16.016891705390904
32,7,2022-01-17,6,0,77,79,30,20.05459950151962
32,7,2022-01-17,1,0,78,81,45,21.660131775730072
32,7,2022-01-17,5,0,79,80,15,29.6241257946292
32,7,2022-03-05,1,0,13,16,45,9.815934688311813
32,7,2022-03-05,3,0,15,17,30,17.354272232689517
32,7,2022-03-05,7,0,19,21,30,23.977380288522248
32,7,2022-03-05,0,0,20,22,30,12.426527752591788
32,7,2022-03-05,6,0,22,24,30,9.0
32,7,2022-03-05,2,0,23,24,15,19.425078463189045
32,7,2022-03-05,5,0,25,28,45,23.752588364724666
32,7,2022-03-05,3,0,28,29,15,23.392257850880718
32,7,2022-03-05,7,0,29,32,45,14.185827036836926
32,7,2022-03-05,1,0,30,31,15,28.390599806576418
32,7,2022-03-05,5,0,31,34,45,10.835463682492133
32,7,2022-03-05,6,0,31,34,45,26.62703307322144
32,7,2022-03-05,2,0,32,33,15,15.153470419877394
32,7,2022-03-05,2,0,36,37,15,9.0
32,7,2022-03-05,4,0,36,39,45,7.467300470383435
32,7,2022-03-05,7,0,36,39,45,18.045466196726245
32,7,2022-03-05,6,0,37,39,30,11.39687969173903
32,7,2022-03-05,3,0,39,42,45,8.0
32,7,2022-03-05,5,0,40,42,30,17.89682566159607
32,7,2022-03-05,2,0,42,44,30,12.863192620129517
32,7,2022-03-05,4,0,43,47,60,21.080809921336886
32,7,2022-03-05,6,0,43,46,45,20.866722873398388
32,7,2022-03-05,3,0,45,46,15,5.048223430571824
32,7,2022-03-05,7,0,46,49,45,13.212904998900626
32,7,2022-03-05,1,0,47,49,30,6.853958055139451
32,7,2022-03-05,3,0,49,51,30,8.0
32,7,2022-03-05,6,0,52,55,45,10.608051532107545
32,7,2022-03-05,1,0,53,58,75,19.777240329597575
32,7,2022-03-05,2,0,53,54,15,17.450397663381487
32,7,2022-03-05,4,0,54,58,60,21.483791391308998
32,7,2022-03-05,0,0,56,57,15,30.0932749786084
32,7,2022-03-05,5,0,56,57,15,25.2275239728691
32,7,2022-03-05,3,0,57,58,15,5.0
32,7,2022-03-05,2,0,60,62,30,6.0
32,7,2022-03-05,0,0,63,65,30,35.17428863122336
32,7,2022-03-05,3,0,64,67,45,32.34542692926243
32,7,2022-03-05,5,0,64,65,15,36.59201167247434
32,7,2022-03-05,6,0,64,66,30,16.2324967590274
32,7,2022-03-05,1,0,65,68,45,28.4746277707181
32,7,2022-03-05,5,0,70,74,60,29.409953380049544
32,7,2022-03-05,2,0,71,73,30,25.468889983026564
32,7,2022-03-05,1,0,73,74,15,16.016891705390904
32,7,2022-03-05,6,0,77,79,30,20.05459950151962
32,7,2022-03-05,1,0,78,81,45,21.660131775730072
32,7,2022-03-05,5,0,79,80,15,29.6241257946292
32,8,2022-01-17,2,0,12,14,30,19.505237475317145
32,8,2022-01-17,1,0,15,16,15,18.779218897387274
32,8,2022-01-17,3,0,15,17,30,24.123635223873286
32,8,2022-01-17,4,0,16,18,30,32.53162412317633
32,8,2022-01-17,0,0,21,26,75,23.689564213216308
32,8,2022-01-17,4,0,25,28,45,13.620015513546448
32,8,2022-01-17,6,0,26,27,15,13.566173004371613
32,8,2022-01-17,1,0,28,31,45,9.762642792062245
32,8,2022-01-17,0,0,31,32,15,17.921800700204955
32,8,2022-01-17,3,0,32,34,30,6.2245869415475354
32,8,2022-01-17,4,0,34,36,30,8.738663664705498
32,8,2022-01-17,1,0,35,36,15,15.530373726711034
32,8,2022-01-17,7,0,35,38,45,16.03788436578718
32,8,2022-01-17,5,0,37,38,15,11.031401992611258
32,8,2022-01-17,6,0,39,40,15,26.611066956251506
32,8,2022-01-17,4,0,40,43,45,10.490085386523639
32,8,2022-01-17,0,0,41,43,30,13.643248963906188
32,8,2022-01-17,1,0,41,43,30,15.118705733863898
32,8,2022-01-17,7,0,42,43,15,15.659274540144239
32,8,2022-01-17,2,0,45,47,30,8.0
32,8,2022-01-17,6,0,45,46,15,30.596059088954533
32,8,2022-01-17,3,0,48,50,30,12.342527540943522
32,8,2022-01-17,4,0,48,50,30,35.485616741238054
32,8,2022-01-17,0,0,49,52,45,17.70614922652399
32,8,2022-01-17,3,0,54,57,45,20.7217075851679
32,8,2022-01-17,5,0,54,55,15,21.40854221678962
32,8,2022-01-17,4,0,55,57,30,9.0
32,8,2022-01-17,0,0,56,59,45,18.18794147300848
32,8,2022-01-17,2,0,56,58,30,10.729928050690866
32,8,2022-01-17,1,0,57,60,45,15.24174528321528
32,8,2022-01-17,7,0,57,59,30,23.8297763168843
32,8,2022-01-17,5,0,59,60,15,14.19603005927791
32,8,2022-01-17,4,0,60,62,30,30.14917664783477
32,8,2022-01-17,6,0,61,64,45,27.185805580359045
32,8,2022-01-17,3,0,63,67,60,25.774208553030604
32,8,2022-01-17,7,0,64,68,60,8.0
32,8,2022-01-17,0,0,65,67,30,13.820489839093128
32,8,2022-01-17,2,0,66,68,30,21.118862505064612
32,8,2022-01-17,1,0,69,73,60,40.65958885816151
32,8,2022-01-17,4,0,75,76,15,11.809017579163637
32,8,2022-01-17,6,0,76,79,45,13.235307522414644
32,8,2022-01-17,3,0,82,84,30,26.60895114085615
32,8,2022-03-05,2,0,16,18,30,15.841016334581838
32,8,2022-03-05,1,0,18,20,30,17.38422939180169
32,8,2022-03-05,3,0,18,25,105,22.331642800878527
32,8,2022-03-05,0,0,21,26,75,30.594302114272182
32,8,2022-03-05,4,0,25,28,45,23.89560090086345
32,8,2022-03-05,6,0,26,27,15,13.566173004371613
32,8,2022-03-05,1,0,28,31,45,9.762642792062245
32,8,2022-03-05,5,0,29,30,15,16.028321739297297
32,8,2022-03-05,3,0,30,33,45,8.0
32,8,2022-03-05,0,0,31,32,15,17.921800700204955
32,8,2022-03-05,4,0,32,34,30,11.715031897877985
32,8,2022-03-05,1,0,35,36,15,15.530373726711034
32,8,2022-03-05,7,0,35,38,45,10.66140633450118
32,8,2022-03-05,2,0,36,37,15,8.0
32,8,2022-03-05,5,0,37,38,15,20.301390132582668
32,8,2022-03-05,3,0,39,41,30,14.223292860371558
32,8,2022-03-05,6,0,39,40,15,26.611066956251506
32,8,2022-03-05,4,0,40,43,45,10.490085386523639
32,8,2022-03-05,0,0,41,43,30,13.643248963906188
32,8,2022-03-05,1,0,41,43,30,15.118705733863898
32,8,2022-03-05,7,0,42,43,15,15.659274540144239
32,8,2022-03-05,5,0,43,48,75,11.440098789467115
32,8,2022-03-05,2,0,45,47,30,16.172307923710754
32,8,2022-03-05,6,0,45,46,15,8.0
32,8,2022-03-05,3,0,48,50,30,31.399542901604377
32,8,2022-03-05,4,0,48,50,30,12.342527540943522
32,8,2022-03-05,0,0,49,52,45,17.70614922652399
32,8,2022-03-05,3,0,54,57,45,20.7217075851679
32,8,2022-03-05,5,0,54,55,15,21.40854221678962
32,8,2022-03-05,4,0,55,57,30,9.0
32,8,2022-03-05,0,0,56,59,45,18.18794147300848
32,8,2022-03-05,2,0,56,58,30,10.729928050690866
32,8,2022-03-05,1,0,57,60,45,15.24174528321528
32,8,2022-03-05,7,0,57,59,30,7.305637217560417
32,8,2022-03-05,4,0,60,62,30,30.14917664783477
32,8,2022-03-05,5,0,61,64,45,15.936532027855051
32,8,2022-03-05,6,0,61,64,45,27.185805580359045
32,8,2022-03-05,3,0,63,67,60,25.774208553030604
32,8,2022-03-05,7,0,64,68,60,8.0
32,8,2022-03-05,0,0,65,67,30,13.820489839093128
32,8,2022-03-05,2,0,66,68,30,21.118862505064612
32,8,2022-03-05,1,0,69,73,60,40.65958885816151
32,8,2022-03-05,4,0,75,76,15,11.809017579163637
32,8,2022-03-05,6,0,76,79,45,13.235307522414644
32,8,2022-03-05,3,0,82,84,30,26.60895114085615
32,9,2022-01-17,4,0,12,15,45,17.484340608081787
32,9,2022-01-17,0,0,14,18,60,26.83210055440847
32,9,2022-01-17,3,0,15,16,15,18.613462110545726
32,9,2022-01-17,5,0,16,17,15,16.924673667171476
32,9,2022-01-17,2,0,17,19,30,21.04470426871032
32,9,2022-01-17,4,0,19,20,15,15.589900694595087
32,9,2022-01-17,6,0,22,24,30,6.241951595186258
32,9,2022-01-17,2,0,23,25,30,8.339295637351476
32,9,2022-01-17,1,0,25,26,15,28.450851941100353
32,9,2022-01-17,1,0,29,32,45,25.657742378171903
32,9,2022-01-17,6,0,31,34,45,23.511615924288222
32,9,2022-01-17,5,0,33,35,30,10.912686446317842
32,9,2022-01-17,7,0,36,37,15,13.210183143796577
32,9,2022-01-17,4,0,39,41,30,8.84244365896727
32,9,2022-01-17,5,0,39,41,30,5.038070243823967
32,9,2022-01-17,3,0,43,44,15,8.085464357716766
32,9,2022-01-17,6,0,43,48,75,11.875929282665702
32,9,2022-01-17,2,0,45,47,30,9.578261362575411
32,9,2022-01-17,5,0,49,51,30,7.201896899208407
32,9,2022-01-17,0,0,50,51,15,8.0
32,9,2022-01-17,2,0,50,51,15,14.11361990904853
32,9,2022-01-17,6,0,51,53,30,13.696049418925398
32,9,2022-01-17,1,0,53,55,30,16.267586421278764
32,9,2022-01-17,3,0,53,55,30,11.646791029009961
32,9,2022-01-17,0,0,54,58,60,15.560195991624354
32,9,2022-01-17,4,0,54,55,15,6.2509242031172505
32,9,2022-01-17,2,0,56,57,15,8.361329338075919
32,9,2022-01-17,5,0,58,59,15,17.718100808241218
32,9,2022-01-17,4,0,59,61,30,8.060765745745961
32,9,2022-01-17,2,0,61,62,15,34.396733638061505
32,9,2022-01-17,0,0,66,68,30,29.38368662836777
32,9,2022-01-17,2,0,66,68,30,19.730788040606768
32,9,2022-01-17,1,0,68,70,30,13.122581225992512
32,9,2022-01-17,5,0,68,70,30,22.19071071004423
32,9,2022-01-17,6,0,69,70,15,11.436649873970168
32,9,2022-01-17,4,0,70,72,30,9.977617446306091
32,9,2022-01-17,6,0,73,74,15,13.118544605745129
32,9,2022-01-17,1,0,74,77,45,33.83113511994141
32,9,2022-03-05,4,0,19,20,15,12.896279436864802
32,9,2022-03-05,6,0,22,24,30,22.39692104645561
32,9,2022-03-05,2,0,23,25,30,17.22833170354383
32,9,2022-03-05,1,0,25,26,15,16.055210107506838
32,9,2022-03-05,4,0,28,29,15,7.0
32,9,2022-03-05,1,0,29,32,45,25.657742378171903
32,9,2022-03-05,6,0,31,34,45,23.511615924288222
32,9,2022-03-05,5,0,33,35,30,21.87770420409924
32,9,2022-03-05,2,0,34,38,60,10.27708244373791
32,9,2022-03-05,7,0,36,37,15,6.36557858294524
32,9,2022-03-05,4,0,39,41,30,9.0
32,9,2022-03-05,5,0,39,41,30,5.038070243823967
32,9,2022-03-05,7,0,40,41,15,12.117316364503921
32,9,2022-03-05,3,0,43,44,15,15.419480055694606
32,9,2022-03-05,6,0,43,48,75,9.687008679417985
32,9,2022-03-05,2,0,45,47,30,11.591398966170686
32,9,2022-03-05,3,0,49,50,15,8.510427330548794
32,9,2022-03-05,5,0,49,51,30,8.0
32,9,2022-03-05,0,0,50,51,15,6.0
32,9,2022-03-05,2,0,50,51,15,14.11361990904853
32,9,2022-03-05,6,0,51,53,30,13.696049418925398
32,9,2022-03-05,1,0,53,55,30,16.267586421278764
32,9,2022-03-05,3,0,53,55,30,11.646791029009961
32,9,2022-03-05,0,0,54,58,60,15.560195991624354
32,9,2022-03-05,4,0,54,55,15,6.2509242031172505
32,9,2022-03-05,2,0,56,57,15,8.361329338075919
32,9,2022-03-05,0,0,66,68,30,29.38368662836777
32,9,2022-03-05,2,0,66,68,30,19.730788040606768
32,9,2022-03-05,1,0,68,70,30,13.122581225992512
32,9,2022-03-05,5,0,68,70,30,22.19071071004423
32,9,2022-03-05,6,0,69,70,15,6.845359112070838
32,9,2022-03-05,4,0,70,72,30,9.977617446306091
32,9,2022-03-05,6,0,73,74,15,13.118544605745129
32,9,2022-03-05,1,0,74,77,45,33.83113511994141
32,9,2022-03-05,2,0,82,83,15,7.0
32,10,2022-01-17,4,0,11,13,30,11.221433635098613
32,10,2022-01-17,1,0,12,14,30,7.0
32,10,2022-01-17,0,0,13,14,15,18.10118732457316
32,10,2022-01-17,5,0,13,15,30,24.982740477636582
32,10,2022-01-17,6,0,16,18,30,9.729625745497465
32,10,2022-01-17,1,0,18,20,30,12.585203192308477
32,10,2022-01-17,3,0,18,19,15,13.301014578491774
32,10,2022-01-17,5,0,18,20,30,11.1855218260145
32,10,2022-01-17,7,0,18,20,30,9.0
32,10,2022-01-17,5,0,24,28,60,5.2678868748779735
32,10,2022-01-17,7,0,24,27,45,10.023294053791076
32,10,2022-01-17,2,0,25,27,30,12.510396339794163
32,10,2022-01-17,3,0,26,31,75,20.60076457255596
32,10,2022-01-17,5,0,33,35,30,6.162976029885229
32,10,2022-01-17,1,0,34,36,30,7.0
32,10,2022-01-17,0,0,35,36,15,7.616285941642296
32,10,2022-01-17,2,0,35,39,60,7.782088991048148
32,10,2022-01-17,3,0,37,39,30,15.21452266278203
32,10,2022-01-17,4,0,37,40,45,14.477263859146632
32,10,2022-01-17,0,0,39,41,30,12.151210055148695
32,10,2022-01-17,1,0,43,46,45,7.934354075824679
32,10,2022-01-17,6,0,48,50,30,24.916394655580262
32,10,2022-01-17,5,0,50,54,60,9.0
32,10,2022-01-17,0,0,52,55,45,12.640118937313233
32,10,2022-01-17,6,0,53,55,30,14.314342734407745
32,10,2022-01-17,1,0,54,56,30,26.392048154698145
32,10,2022-01-17,4,0,54,55,15,24.553225927775152
32,10,2022-01-17,2,0,56,57,15,15.94081956851916
32,10,2022-01-17,4,0,58,60,30,27.66461196089473
32,10,2022-01-17,6,0,58,61,45,22.35482049383714
32,10,2022-01-17,1,0,59,65,90,19.03783398812248
32,10,2022-01-17,3,0,60,63,45,16.362715127239838
32,10,2022-01-17,5,0,63,65,30,25.662860805080257
32,10,2022-01-17,7,0,64,66,30,15.333567817951604
32,10,2022-01-17,0,0,65,66,15,22.25078398865039
32,10,2022-01-17,3,0,67,68,15,31.472571330872356
32,10,2022-01-17,5,0,68,71,45,13.365007829087737
32,10,2022-01-17,6,0,68,71,45,14.777441907056755
32,10,2022-01-17,0,0,71,73,30,14.098144827754915
32,10,2022-01-17,4,0,73,77,60,26.352293679675867
32,10,2022-01-17,2,0,75,76,15,31.33905978023433
32,10,2022-01-17,6,0,75,77,30,33.72789032247141
32,10,2022-01-17,0,0,76,77,15,30.420650130690753
32,10,2022-03-05,0,0,13,14,15,10.267892282034083
32,10,2022-03-05,6,0,16,18,30,7.0
32,10,2022-03-05,5,0,18,20,30,14.872494725237118
32,10,2022-03-05,1,0,19,20,15,20.138276269610074
32,10,2022-03-05,5,0,24,28,60,5.2678868748779735
32,10,2022-03-05,7,0,24,27,45,9.005590614966778
32,10,2022-03-05,2,0,25,27,30,13.630209762069668
32,10,2022-03-05,3,0,26,31,75,9.0
32,10,2022-03-05,1,0,27,28,15,8.221495500056136
32,10,2022-03-05,2,0,32,34,30,21.757697597114415
32,10,2022-03-05,5,0,33,35,30,6.162976029885229
32,10,2022-03-05,1,0,34,36,30,7.0
32,10,2022-03-05,0,0,35,36,15,7.616285941642296
32,10,2022-03-05,3,0,35,38,45,10.583473025805965
32,10,2022-03-05,4,0,37,40,45,13.087114035291386
32,10,2022-03-05,0,0,39,41,30,12.151210055148695
32,10,2022-03-05,5,0,40,42,30,27.334498661713333
32,10,2022-03-05,3,0,41,44,45,8.0
32,10,2022-03-05,1,0,43,46,45,7.934354075824679
32,10,2022-03-05,2,0,44,46,30,23.066172869006877
32,10,2022-03-05,6,0,48,50,30,9.0
32,10,2022-03-05,5,0,50,54,60,12.62368321197011
32,10,2022-03-05,1,0,51,55,60,15.487485071297428
32,10,2022-03-05,0,0,52,55,45,21.838148727657355
32,10,2022-03-05,6,0,53,55,30,14.314342734407745
32,10,2022-03-05,4,0,54,55,15,24.553225927775152
32,10,2022-03-05,2,0,56,57,15,15.94081956851916
32,10,2022-03-05,6,0,58,61,45,22.35482049383714
32,10,2022-03-05,1,0,59,65,90,19.03783398812248
32,10,2022-03-05,4,0,59,60,15,5.647300669852413
32,10,2022-03-05,7,0,64,66,30,30.673642422175796
32,10,2022-03-05,0,0,65,66,15,22.25078398865039
32,10,2022-03-05,3,0,67,68,15,31.472571330872356
32,10,2022-03-05,5,0,68,71,45,13.365007829087737
32,10,2022-03-05,6,0,68,71,45,14.777441907056755
32,10,2022-03-05,0,0,71,73,30,14.098144827754915
32,10,2022-03-05,4,0,73,77,60,26.352293679675867
32,10,2022-03-05,2,0,75,76,15,31.33905978023433
32,10,2022-03-05,6,0,75,77,30,33.72789032247141
32,10,2022-03-05,0,0,76,77,15,30.420650130690753
32,10,2022-03-05,1,0,80,82,30,19.427425864475026
32,11,2022-01-17,3,0,14,16,30,14.274324183019012
32,11,2022-01-17,7,0,14,16,30,20.30515355029557
32,11,2022-01-17,4,0,16,18,30,14.142521855071301
32,11,2022-01-17,5,0,16,18,30,17.98421706653498
32,11,2022-01-17,0,0,17,21,60,5.0
32,11,2022-01-17,6,0,17,21,60,14.660253619220107
32,11,2022-01-17,2,0,19,22,45,17.207710599575307
32,11,2022-01-17,3,0,21,25,60,11.155482756284172
32,11,2022-01-17,5,0,23,24,15,6.203591459774579
32,11,2022-01-17,0,0,26,28,30,14.596316540613884
32,11,2022-01-17,4,0,26,27,15,22.061407003702875
32,11,2022-01-17,6,0,26,29,45,15.417045936423492
32,11,2022-01-17,5,0,27,28,15,17.347387943835272
32,11,2022-01-17,6,0,33,34,15,11.269952690673577
32,11,2022-01-17,3,0,34,36,30,26.755625679950057
32,11,2022-01-17,2,0,38,40,30,14.489938749251088
32,11,2022-01-17,0,0,41,43,30,13.014632025173803
32,11,2022-01-17,7,0,42,43,15,16.09755050308756
32,11,2022-01-17,3,0,49,51,30,24.975894429574517
32,11,2022-01-17,6,0,49,52,45,14.616948207244839
32,11,2022-01-17,7,0,50,51,15,8.0
32,11,2022-01-17,1,0,52,56,60,9.764141646722976
32,11,2022-01-17,4,0,52,54,30,20.46332634744308
32,11,2022-01-17,5,0,53,56,45,20.487135042594495
32,11,2022-01-17,0,0,56,58,30,10.4861336234435
32,11,2022-01-17,1,0,62,63,15,29.41124971694881
32,11,2022-01-17,2,0,63,67,60,20.532669142472592
32,11,2022-01-17,3,0,63,67,60,19.88453613432297
32,11,2022-01-17,4,0,64,65,15,13.39113588617468
32,11,2022-01-17,1,0,69,72,45,28.907123410177725
32,11,2022-01-17,6,0,69,71,30,30.80086068965553
32,11,2022-01-17,5,0,73,75,30,18.73426366665172
32,11,2022-01-17,4,0,74,78,60,20.5048245332529
32,11,2022-01-17,0,0,79,82,45,5.0
32,11,2022-03-05,0,0,17,21,60,11.728225740754326
32,11,2022-03-05,5,0,19,22,45,16.3677316449228
32,11,2022-03-05,6,0,21,23,30,13.30030694604934
32,11,2022-03-05,3,0,25,26,15,17.06032206590161
32,11,2022-03-05,0,0,26,28,30,14.596316540613884
32,11,2022-03-05,4,0,26,27,15,5.0
32,11,2022-03-05,6,0,26,29,45,15.417045936423492
32,11,2022-03-05,5,0,27,28,15,17.347387943835272
32,11,2022-03-05,6,0,33,34,15,11.269952690673577
32,11,2022-03-05,3,0,34,36,30,26.755625679950057
32,11,2022-03-05,1,0,36,37,15,15.188533954557442
32,11,2022-03-05,2,0,38,40,30,18.80218078634904
32,11,2022-03-05,0,0,41,43,30,11.113233493403285
32,11,2022-03-05,4,0,42,44,30,17.921255580298975
32,11,2022-03-05,7,0,42,43,15,13.014632025173803
32,11,2022-03-05,5,0,43,44,15,11.4691636310152
32,11,2022-03-05,3,0,49,51,30,24.975894429574517
32,11,2022-03-05,6,0,49,52,45,14.616948207244839
32,11,2022-03-05,7,0,50,51,15,8.0
32,11,2022-03-05,1,0,52,56,60,9.764141646722976
32,11,2022-03-05,4,0,52,54,30,25.557750508894557
32,11,2022-03-05,5,0,53,56,45,20.487135042594495
32,11,2022-03-05,0,0,56,58,30,10.4861336234435
32,11,2022-03-05,1,0,62,63,15,29.41124971694881
32,11,2022-03-05,2,0,63,67,60,20.532669142472592
32,11,2022-03-05,3,0,63,67,60,19.88453613432297
32,11,2022-03-05,4,0,64,65,15,13.39113588617468
32,11,2022-03-05,1,0,69,72,45,28.907123410177725
32,11,2022-03-05,6,0,69,71,30,30.80086068965553
32,11,2022-03-05,4,0,74,78,60,20.5048245332529
32,11,2022-03-05,0,0,79,82,45,5.0
32,12,2022-01-17,5,0,5,7,30,7.0
32,12,2022-01-17,2,0,12,14,30,5.0
32,12,2022-01-17,5,0,12,14,30,17.57113826989844
32,12,2022-01-17,7,0,13,15,30,6.102303397983192
32,12,2022-01-17,0,0,15,16,15,13.786904463424449
32,12,2022-01-17,3,0,16,17,15,14.37254184393187
32,12,2022-01-17,5,0,18,21,45,8.822173418190992
32,12,2022-01-17,7,0,21,22,15,15.901478742938785
32,12,2022-01-17,0,0,22,24,30,16.045090416480264
32,12,2022-01-17,6,0,26,27,15,6.326245474818933
32,12,2022-01-17,4,0,29,32,45,14.724239356593927
32,12,2022-01-17,6,0,32,33,15,25.543846059075925
32,12,2022-01-17,1,0,36,38,30,15.820775882831796
32,12,2022-01-17,2,0,36,39,45,13.881775864283085
32,12,2022-01-17,5,0,37,38,15,11.346353825432303
32,12,2022-01-17,7,0,37,39,30,24.74417758787102
32,12,2022-01-17,3,0,39,41,30,10.692975457517093
32,12,2022-01-17,6,0,40,41,15,8.035324510106662
32,12,2022-01-17,1,0,41,45,60,7.887574946193588
32,12,2022-01-17,5,0,42,45,45,17.074176174107777
32,12,2022-01-17,7,0,44,46,30,17.286462131990433
32,12,2022-01-17,2,0,47,50,45,25.607611687540256
32,12,2022-01-17,4,0,47,49,30,6.576830666391544
32,12,2022-01-17,3,0,48,50,30,11.126803998099447
32,12,2022-01-17,6,0,49,50,15,15.844149831200887
32,12,2022-01-17,7,0,49,52,45,24.707935061824656
32,12,2022-01-17,0,0,50,52,30,17.34460654340301
32,12,2022-01-17,3,0,53,55,30,8.2221848245442
32,12,2022-01-17,6,0,53,55,30,16.558475029876107
32,12,2022-01-17,2,0,54,55,15,7.0
32,12,2022-01-17,4,0,55,57,30,12.917448805077882
32,12,2022-01-17,5,0,55,58,45,25.70487418854644
32,12,2022-01-17,0,0,57,59,30,8.310589184837148
32,12,2022-01-17,1,0,57,58,15,14.792484736845054
32,12,2022-01-17,2,0,58,60,30,12.932230884580747
32,12,2022-01-17,3,0,58,60,30,21.524631208642404
32,12,2022-01-17,6,0,61,63,30,31.18799660740406
32,12,2022-01-17,0,0,63,64,15,10.650114622358302
32,12,2022-01-17,1,0,67,68,15,29.693018961589317
32,12,2022-01-17,2,0,73,75,30,9.836918556530456
32,12,2022-03-05,5,0,5,7,30,7.0
32,12,2022-03-05,7,0,13,15,30,5.0
32,12,2022-03-05,0,0,15,16,15,5.41617436546197
32,12,2022-03-05,7,0,21,22,15,15.901478742938785
32,12,2022-03-05,0,0,22,24,30,16.045090416480264
32,12,2022-03-05,6,0,26,27,15,13.078636093395147
32,12,2022-03-05,4,0,28,31,45,13.504649626307042
32,12,2022-03-05,1,0,29,31,30,6.392100817851535
32,12,2022-03-05,6,0,32,33,15,25.543846059075925
32,12,2022-03-05,1,0,36,38,30,13.422651359296133
32,12,2022-03-05,2,0,36,39,45,14.733023956978478
32,12,2022-03-05,5,0,37,38,15,16.36982337252718
32,12,2022-03-05,7,0,37,39,30,14.363531894913002
32,12,2022-03-05,3,0,39,41,30,11.683786455562569
32,12,2022-03-05,6,0,40,41,15,8.035324510106662
32,12,2022-03-05,1,0,41,45,60,7.887574946193588
32,12,2022-03-05,2,0,42,43,15,21.32726764364675
32,12,2022-03-05,5,0,42,45,45,17.074176174107777
32,12,2022-03-05,7,0,43,44,15,11.151450820214663
32,12,2022-03-05,2,0,47,50,45,25.607611687540256
32,12,2022-03-05,4,0,47,49,30,30.15277995233467
32,12,2022-03-05,3,0,48,50,30,9.747207080610579
32,12,2022-03-05,6,0,49,50,15,11.340165864877193
32,12,2022-03-05,7,0,49,52,45,24.707935061824656
32,12,2022-03-05,0,0,50,52,30,15.844149831200887
32,12,2022-03-05,3,0,53,55,30,8.2221848245442
32,12,2022-03-05,6,0,53,55,30,16.558475029876107
32,12,2022-03-05,2,0,54,55,15,7.0
32,12,2022-03-05,5,0,55,58,45,6.719049368231502
32,12,2022-03-05,0,0,57,59,30,8.310589184837148
32,12,2022-03-05,3,0,58,60,30,21.524631208642404
32,12,2022-03-05,6,0,61,63,30,31.18799660740406
32,12,2022-03-05,1,0,67,68,15,29.693018961589317
32,12,2022-03-05,2,0,73,75,30,9.836918556530456
32,12,2022-03-05,0,0,79,84,75,25.00467118635288
32,13,2022-01-17,0,0,11,13,30,22.657470205857614
32,13,2022-01-17,7,0,13,16,45,21.43877317740568
32,13,2022-01-17,1,0,14,16,30,12.217520678389782
32,13,2022-01-17,0,0,19,23,60,14.899264214671852
32,13,2022-01-17,2,0,19,21,30,12.862885024972101
32,13,2022-01-17,1,0,20,22,30,20.33419874118809
32,13,2022-01-17,7,0,20,23,45,12.382481413752934
32,13,2022-01-17,3,0,21,24,45,21.36379931914076
32,13,2022-01-17,5,0,25,27,30,21.130081468953037
32,13,2022-01-17,0,0,26,28,30,13.924134908067835
32,13,2022-01-17,1,0,29,34,75,15.406348060842625
32,13,2022-01-17,6,0,30,31,15,14.91264441893125
32,13,2022-01-17,7,0,31,34,45,7.0
32,13,2022-01-17,0,0,32,35,45,13.662351442072556
32,13,2022-01-17,5,0,32,34,30,19.30287730388207
32,13,2022-01-17,4,0,36,37,15,19.70772788646314
32,13,2022-01-17,7,0,38,41,45,16.04080106614893
32,13,2022-01-17,6,0,40,43,45,10.8570046826066
32,13,2022-01-17,5,0,41,43,30,23.7268936061883
32,13,2022-01-17,4,0,42,44,30,5.0
32,13,2022-01-17,1,0,45,46,15,14.622348822312496
32,13,2022-01-17,3,0,45,46,15,19.970197471697226
32,13,2022-01-17,7,0,48,50,30,18.85309077636947
32,13,2022-01-17,0,0,50,52,30,5.0
32,13,2022-01-17,6,0,50,52,30,8.751103124785423
32,13,2022-01-17,2,0,53,54,15,17.300854650961433
32,13,2022-01-17,3,0,53,55,30,20.513170133790226
32,13,2022-01-17,7,0,53,54,15,18.311166195737286
32,13,2022-01-17,1,0,54,59,75,31.185103528882337
32,13,2022-01-17,5,0,55,56,15,13.421444937972566
32,13,2022-01-17,0,0,56,58,30,10.133437886507856
32,13,2022-01-17,2,0,57,59,30,18.95720833675616
32,13,2022-01-17,4,0,57,58,15,13.901868676672478
32,13,2022-01-17,6,0,57,59,30,21.355558200937523
32,13,2022-01-17,3,0,60,62,30,6.0
32,13,2022-01-17,7,0,60,63,45,20.871315701462343
32,13,2022-01-17,0,0,62,64,30,24.676063004843627
32,13,2022-01-17,2,0,62,66,60,15.980501719967187
32,13,2022-01-17,3,0,66,67,15,45.2116772502454
32,13,2022-01-17,4,0,67,69,30,5.631113315568001
32,13,2022-01-17,2,0,73,75,30,7.0
32,13,2022-01-17,3,0,73,75,30,32.58999151641581
32,13,2022-01-17,1,0,77,80,45,18.4813702355752
32,13,2022-01-17,4,0,81,84,45,22.067455076601377
32,13,2022-03-05,0,0,19,23,60,16.711929472028018
32,13,2022-03-05,1,0,20,22,30,17.28152832210604
32,13,2022-03-05,7,0,20,23,45,9.84839141131578
32,13,2022-03-05,3,0,21,24,45,13.319558080981409
32,13,2022-03-05,2,0,23,25,30,21.02614958540957
32,13,2022-03-05,5,0,25,27,30,21.130081468953037
32,13,2022-03-05,0,0,26,28,30,13.924134908067835
32,13,2022-03-05,1,0,29,34,75,15.406348060842625
32,13,2022-03-05,6,0,30,31,15,18.934944223625735
32,13,2022-03-05,7,0,31,34,45,7.0
32,13,2022-03-05,0,0,32,35,45,13.662351442072556
32,13,2022-03-05,5,0,32,34,30,19.30287730388207
32,13,2022-03-05,4,0,36,37,15,14.921541423301022
32,13,2022-03-05,1,0,37,39,30,15.11641587930771
32,13,2022-03-05,7,0,38,41,45,16.04080106614893
32,13,2022-03-05,6,0,40,43,45,10.8570046826066
32,13,2022-03-05,2,0,41,42,15,13.380657254509245
32,13,2022-03-05,5,0,41,43,30,23.7268936061883
32,13,2022-03-05,4,0,42,44,30,5.0
32,13,2022-03-05,1,0,45,46,15,19.970197471697226
32,13,2022-03-05,3,0,45,46,15,18.370658490501476
32,13,2022-03-05,7,0,48,50,30,5.0
32,13,2022-03-05,0,0,50,52,30,17.95235995370166
32,13,2022-03-05,6,0,50,52,30,8.751103124785423
32,13,2022-03-05,2,0,53,54,15,27.745595118910074
32,13,2022-03-05,3,0,53,55,30,20.513170133790226
32,13,2022-03-05,7,0,53,54,15,18.311166195737286
32,13,2022-03-05,1,0,54,59,75,31.185103528882337
32,13,2022-03-05,5,0,55,56,15,17.08126019803713
32,13,2022-03-05,2,0,57,59,30,18.95720833675616
32,13,2022-03-05,4,0,59,60,15,15.948900200104724
32,13,2022-03-05,7,0,60,63,45,20.871315701462343
32,13,2022-03-05,0,0,62,64,30,24.676063004843627
32,13,2022-03-05,2,0,62,66,60,15.980501719967187
32,13,2022-03-05,3,0,66,67,15,45.2116772502454
32,13,2022-03-05,4,0,67,69,30,5.631113315568001
32,13,2022-03-05,2,0,73,75,30,7.0
32,13,2022-03-05,3,0,73,75,30,32.58999151641581
32,13,2022-03-05,1,0,77,80,45,18.4813702355752
32,13,2022-03-05,4,0,81,84,45,22.067455076601377
32,14,2022-01-17,1,0,13,14,15,19.202464258165406
32,14,2022-01-17,2,0,13,15,30,28.08894298200778
32,14,2022-01-17,0,0,14,17,45,27.56345335646713
32,14,2022-01-17,4,0,14,15,15,7.0
32,14,2022-01-17,7,0,17,18,15,24.168811044410795
32,14,2022-01-17,2,0,18,19,15,9.109877465484587
32,14,2022-01-17,6,0,18,21,45,17.091169636414946
32,14,2022-01-17,5,0,19,22,45,11.685406444918485
32,14,2022-01-17,0,0,22,24,30,12.89060819836893
32,14,2022-01-17,1,0,25,26,15,12.612229470968344
32,14,2022-01-17,6,0,25,27,30,6.852940186768961
32,14,2022-01-17,7,0,25,27,30,12.222150164855051
32,14,2022-01-17,0,0,32,34,30,19.257019160762567
32,14,2022-01-17,4,0,33,34,15,5.0
32,14,2022-01-17,4,0,38,40,30,6.591815872277188
32,14,2022-01-17,5,0,39,41,30,15.48293663901405
32,14,2022-01-17,0,0,44,45,15,26.636561501734036
32,14,2022-01-17,2,0,46,50,60,23.8795336277814
32,14,2022-01-17,5,0,50,53,45,30.10276609350491
32,14,2022-01-17,4,0,51,53,30,13.084054224520507
32,14,2022-01-17,1,0,52,53,15,14.455859535761164
32,14,2022-01-17,0,0,53,55,30,17.471851834139215
32,14,2022-01-17,5,0,56,58,30,5.856362101420686
32,14,2022-01-17,6,0,58,59,15,23.21995735914127
32,14,2022-01-17,3,0,59,61,30,5.0
32,14,2022-01-17,7,0,60,61,15,29.90459841946712
32,14,2022-01-17,5,0,61,63,30,20.333927550665393
32,14,2022-01-17,4,0,64,65,15,22.657526268512598
32,14,2022-01-17,6,0,65,69,60,41.2068037040315
32,14,2022-01-17,4,0,68,72,60,26.348349629678488
32,14,2022-01-17,5,0,69,72,45,29.15190056726567
32,14,2022-01-17,7,0,71,72,15,20.9869544461353
32,14,2022-01-17,1,0,72,74,30,16.087141875025374
32,14,2022-01-17,3,0,72,73,15,7.587577870619789
32,14,2022-03-05,1,0,13,14,15,19.202464258165406
32,14,2022-03-05,0,0,14,17,45,28.08894298200778
32,14,2022-03-05,6,0,20,22,30,22.218556812609442
32,14,2022-03-05,1,0,25,26,15,12.612229470968344
32,14,2022-03-05,3,0,25,26,15,7.0
32,14,2022-03-05,6,0,25,27,30,6.852940186768961
32,14,2022-03-05,7,0,25,27,30,24.76698016464391
32,14,2022-03-05,2,0,26,28,30,17.514169753647998
32,14,2022-03-05,0,0,32,34,30,19.257019160762567
32,14,2022-03-05,2,0,32,33,15,9.97202707081101
32,14,2022-03-05,1,0,33,34,15,10.37939889821034
32,14,2022-03-05,4,0,33,34,15,12.382184888362595
32,14,2022-03-05,1,0,37,38,15,20.20480377548982
32,14,2022-03-05,4,0,38,40,30,21.480636873568344
32,14,2022-03-05,5,0,39,41,30,6.7878518677466175
32,14,2022-03-05,1,0,41,45,60,25.656079427326702
32,14,2022-03-05,0,0,44,45,15,22.686840458996755
32,14,2022-03-05,2,0,46,50,60,28.78058387639097
32,14,2022-03-05,4,0,47,49,30,13.672387422182695
32,14,2022-03-05,5,0,50,53,45,19.35724304516129
32,14,2022-03-05,1,0,52,53,15,14.455859535761164
32,14,2022-03-05,0,0,53,55,30,17.471851834139215
32,14,2022-03-05,4,0,54,55,15,20.67803793904011
32,14,2022-03-05,6,0,58,59,15,23.21995735914127
32,14,2022-03-05,3,0,59,61,30,5.0
32,14,2022-03-05,7,0,60,61,15,29.90459841946712
32,14,2022-03-05,5,0,61,63,30,20.333927550665393
32,14,2022-03-05,4,0,64,65,15,22.657526268512598
32,14,2022-03-05,6,0,65,69,60,41.2068037040315
32,14,2022-03-05,4,0,68,72,60,26.348349629678488
32,14,2022-03-05,5,0,69,72,45,29.15190056726567
32,14,2022-03-05,7,0,71,72,15,20.9869544461353
32,14,2022-03-05,3,0,72,73,15,7.587577870619789
32,15,2022-01-17,6,0,11,13,30,14.303397663753088
32,15,2022-01-17,2,0,13,17,60,18.64634622482771
32,15,2022-01-17,1,0,15,18,45,26.182401439235647
32,15,2022-01-17,3,0,16,17,15,9.0
32,15,2022-01-17,6,0,16,18,30,16.892294803808227
32,15,2022-01-17,0,0,18,19,15,12.47511975168291
32,15,2022-01-17,7,0,18,20,30,13.242215105503263
32,15,2022-01-17,4,0,22,24,30,5.132640824668741
32,15,2022-01-17,5,0,22,23,15,6.0
32,15,2022-01-17,6,0,24,26,30,12.39699476105315
32,15,2022-01-17,3,0,28,30,30,20.228492125996056
32,15,2022-01-17,5,0,30,32,30,13.000128259581103
32,15,2022-01-17,7,0,30,31,15,8.679761475310485
32,15,2022-01-17,2,0,31,32,15,24.00772788020813
32,15,2022-01-17,4,0,32,33,15,14.136049680939095
32,15,2022-01-17,6,0,32,33,15,11.151421893338345
32,15,2022-01-17,4,0,37,42,75,14.812796399021785
32,15,2022-01-17,5,0,38,40,30,17.43315107173175
32,15,2022-01-17,6,0,38,40,30,12.702855542649047
32,15,2022-01-17,0,0,41,43,30,17.42505388888526
32,15,2022-01-17,2,0,41,43,30,7.14828459175834
32,15,2022-01-17,7,0,43,47,60,7.305711467722553
32,15,2022-01-17,3,0,44,49,75,21.477468617433345
32,15,2022-01-17,6,0,44,47,45,17.079742497151415
32,15,2022-01-17,4,0,46,47,15,16.175781971243005
32,15,2022-01-17,0,0,48,52,60,21.68687078072884
32,15,2022-01-17,1,0,51,52,15,24.874458121043325
32,15,2022-01-17,4,0,51,52,15,32.060894312793415
32,15,2022-01-17,6,0,52,53,15,25.723609857634074
32,15,2022-01-17,7,0,52,54,30,15.576081341235373
32,15,2022-01-17,2,0,54,57,45,10.52727769248601
32,15,2022-01-17,5,0,54,56,30,25.61388249470174
32,15,2022-01-17,6,0,56,60,60,22.914063578265576
32,15,2022-01-17,4,0,57,63,90,21.11146990870862
32,15,2022-01-17,1,0,58,60,30,26.34700675401512
32,15,2022-01-17,7,0,58,60,30,14.44457799313119
32,15,2022-01-17,0,0,60,61,15,15.645752911625983
32,15,2022-01-17,3,0,60,63,45,5.0
32,15,2022-01-17,2,0,61,63,30,7.586966126943992
32,15,2022-01-17,1,0,63,64,15,9.0
32,15,2022-01-17,2,0,69,72,45,36.55648135194322
32,15,2022-01-17,5,0,71,73,30,7.486030434226876
32,15,2022-01-17,7,0,73,76,45,35.03406851606202
32,15,2022-01-17,0,0,74,77,45,6.0
32,15,2022-01-17,5,0,82,86,60,30.71828875425829
32,15,2022-03-05,2,0,13,17,60,13.08796640913556
32,15,2022-03-05,1,0,15,18,45,16.5497937165527
32,15,2022-03-05,3,0,16,17,15,26.182401439235647
32,15,2022-03-05,7,0,18,20,30,9.0
32,15,2022-03-05,0,0,19,21,30,12.239119648341784
32,15,2022-03-05,4,0,22,24,30,13.452949864829414
32,15,2022-03-05,5,0,22,23,15,5.132640824668741
32,15,2022-03-05,6,0,24,26,30,6.0
32,15,2022-03-05,5,0,26,27,15,13.884244636378256
32,15,2022-03-05,0,0,27,29,30,11.914515975293313
32,15,2022-03-05,4,0,27,29,30,13.473386595710934
32,15,2022-03-05,3,0,28,30,30,20.228492125996056
32,15,2022-03-05,1,0,30,37,105,8.368790276527527
32,15,2022-03-05,5,0,30,32,30,13.000128259581103
32,15,2022-03-05,7,0,30,31,15,8.679761475310485
32,15,2022-03-05,2,0,31,32,15,24.00772788020813
32,15,2022-03-05,4,0,32,33,15,14.136049680939095
32,15,2022-03-05,6,0,32,33,15,11.151421893338345
32,15,2022-03-05,4,0,37,42,75,14.812796399021785
32,15,2022-03-05,5,0,38,40,30,17.43315107173175
32,15,2022-03-05,6,0,38,40,30,12.702855542649047
32,15,2022-03-05,7,0,38,39,15,16.03678563253083
32,15,2022-03-05,2,0,39,46,105,13.343390461254792
32,15,2022-03-05,0,0,41,43,30,7.14828459175834
32,15,2022-03-05,7,0,43,47,60,15.864320014360956
32,15,2022-03-05,3,0,44,49,75,21.691608483692164
32,15,2022-03-05,6,0,44,47,45,13.942531232095888
32,15,2022-03-05,1,0,45,47,30,7.689787521698108
32,15,2022-03-05,4,0,46,47,15,22.606582658196174
32,15,2022-03-05,5,0,46,47,15,17.977659165528877
32,15,2022-03-05,0,0,47,48,15,8.155967903574115
32,15,2022-03-05,1,0,51,52,15,24.874458121043325
32,15,2022-03-05,4,0,51,52,15,32.060894312793415
32,15,2022-03-05,3,0,52,54,30,6.735694635666789
32,15,2022-03-05,6,0,52,53,15,25.723609857634074
32,15,2022-03-05,7,0,52,54,30,15.576081341235373
32,15,2022-03-05,5,0,54,56,30,25.61388249470174
32,15,2022-03-05,6,0,56,60,60,22.914063578265576
32,15,2022-03-05,4,0,57,63,90,21.11146990870862
32,15,2022-03-05,1,0,58,60,30,26.34700675401512
32,15,2022-03-05,7,0,58,60,30,14.44457799313119
32,15,2022-03-05,0,0,60,61,15,15.645752911625983
32,15,2022-03-05,3,0,60,63,45,5.0
32,15,2022-03-05,2,0,61,63,30,7.586966126943992
32,15,2022-03-05,1,0,63,64,15,9.0
32,15,2022-03-05,2,0,69,72,45,36.55648135194322
32,15,2022-03-05,5,0,71,73,30,7.486030434226876
32,15,2022-03-05,7,0,73,76,45,35.03406851606202
32,15,2022-03-05,0,0,74,77,45,6.0
32,15,2022-03-05,5,0,82,86,60,30.71828875425829
32,16,2022-01-17,5,0,13,15,30,32.455070200624505
32,16,2022-01-17,3,0,15,17,30,10.512032273739322
32,16,2022-01-17,1,0,17,18,15,8.0
32,16,2022-01-17,7,0,17,19,30,15.38643769985471
32,16,2022-01-17,2,0,18,19,15,11.10537557498558
32,16,2022-01-17,6,0,19,21,30,14.820062655324278
32,16,2022-01-17,3,0,20,25,75,11.970192338047383
32,16,2022-01-17,0,0,21,23,30,9.0
32,16,2022-01-17,2,0,25,26,15,12.862810142458727
32,16,2022-01-17,0,0,26,30,60,15.910660821908344
32,16,2022-01-17,4,0,26,28,30,6.0
32,16,2022-01-17,6,0,26,29,45,20.98157901979399
32,16,2022-01-17,5,0,27,29,30,6.330937416181158
32,16,2022-01-17,3,0,30,32,30,9.800804591546054
32,16,2022-01-17,1,0,31,33,30,5.0
32,16,2022-01-17,0,0,33,34,15,26.013702141066183
32,16,2022-01-17,2,0,33,36,45,9.124189106086561
32,16,2022-01-17,6,0,35,36,15,16.814304780810744
32,16,2022-01-17,0,0,40,42,30,9.596642321545843
32,16,2022-01-17,3,0,43,45,30,27.54857957517504
32,16,2022-01-17,4,0,43,44,15,23.210945369958047
32,16,2022-01-17,5,0,47,49,30,8.424094629599814
32,16,2022-01-17,2,0,49,51,30,18.713324316320275
32,16,2022-01-17,1,0,51,55,60,9.263169206787936
32,16,2022-01-17,4,0,51,52,15,15.67671364685296
32,16,2022-01-17,0,0,52,53,15,8.395217513499013
32,16,2022-01-17,3,0,52,54,30,23.72662398044639
32,16,2022-01-17,5,0,52,53,15,13.364253710294612
32,16,2022-01-17,7,0,52,53,15,10.44382652624428
32,16,2022-01-17,6,0,55,56,15,14.236209297456305
32,16,2022-01-17,2,0,56,58,30,16.37030710182931
32,16,2022-01-17,5,0,56,58,30,19.256457117444157
32,16,2022-01-17,7,0,57,58,15,9.0
32,16,2022-01-17,1,0,58,61,45,6.9111767651183555
32,16,2022-01-17,6,0,60,63,45,15.003353831614909
32,16,2022-01-17,0,0,63,68,75,29.20123738580103
32,16,2022-01-17,7,0,63,64,15,17.792897136145243
32,16,2022-01-17,3,0,67,69,30,29.043489558317482
32,16,2022-01-17,5,0,69,71,30,8.221876157402669
32,16,2022-01-17,6,0,73,74,15,16.55342128783471
32,16,2022-01-17,5,0,75,77,30,18.53085767918379
32,16,2022-01-17,2,0,76,78,30,6.855287763438753
32,16,2022-03-05,1,0,19,23,60,26.16162829033223
32,16,2022-03-05,6,0,19,21,30,9.547069026023948
32,16,2022-03-05,3,0,21,22,15,8.0
32,16,2022-03-05,2,0,25,26,15,15.767246333160323
32,16,2022-03-05,0,0,26,30,60,11.380229506581173
32,16,2022-03-05,4,0,26,28,30,15.479693327872262
32,16,2022-03-05,6,0,26,29,45,20.98157901979399
32,16,2022-03-05,5,0,27,29,30,9.0
32,16,2022-03-05,1,0,29,32,45,15.101440283316123
32,16,2022-03-05,3,0,30,32,30,9.800804591546054
32,16,2022-03-05,2,0,31,33,30,21.171145339877114
32,16,2022-03-05,0,0,33,34,15,26.013702141066183
32,16,2022-03-05,6,0,35,36,15,16.814304780810744
32,16,2022-03-05,2,0,39,42,45,10.992241864007482
32,16,2022-03-05,0,0,40,42,30,6.691440376033071
32,16,2022-03-05,3,0,43,45,30,10.513242837324668
32,16,2022-03-05,4,0,43,44,15,23.210945369958047
32,16,2022-03-05,1,0,47,48,15,8.424094629599814
32,16,2022-03-05,5,0,47,49,30,18.361238653965557
32,16,2022-03-05,7,0,47,49,30,9.077067299264186
32,16,2022-03-05,3,0,48,49,15,23.315331322374476
32,16,2022-03-05,2,0,49,51,30,15.656329490575615
32,16,2022-03-05,6,0,50,53,45,9.709265855144295
32,16,2022-03-05,1,0,51,55,60,5.0
32,16,2022-03-05,4,0,51,52,15,35.5342191245953
32,16,2022-03-05,0,0,52,53,15,10.44382652624428
32,16,2022-03-05,3,0,52,54,30,23.72662398044639
32,16,2022-03-05,5,0,52,53,15,13.364253710294612
32,16,2022-03-05,7,0,52,53,15,21.234232863428232
32,16,2022-03-05,2,0,56,58,30,16.37030710182931
32,16,2022-03-05,5,0,56,58,30,19.256457117444157
32,16,2022-03-05,6,0,57,58,15,34.47080431518664
32,16,2022-03-05,7,0,57,58,15,9.0
32,16,2022-03-05,1,0,58,61,45,6.9111767651183555
32,16,2022-03-05,6,0,61,63,30,15.418146560993392
32,16,2022-03-05,0,0,63,68,75,29.20123738580103
32,16,2022-03-05,3,0,67,69,30,29.043489558317482
32,16,2022-03-05,5,0,69,71,30,8.221876157402669
32,16,2022-03-05,6,0,73,74,15,16.55342128783471
32,16,2022-03-05,5,0,75,77,30,18.53085767918379
32,16,2022-03-05,2,0,76,78,30,6.855287763438753
32,16,2022-03-05,5,0,80,82,30,52.402991501933535
32,17,2022-01-17,2,0,12,14,30,7.157697847903286
32,17,2022-01-17,4,0,12,13,15,13.971735979144384
32,17,2022-01-17,5,0,13,17,60,11.20465270457376
32,17,2022-01-17,6,0,14,15,15,27.82182837963761
32,17,2022-01-17,0,0,15,17,30,6.93721927895016
32,17,2022-01-17,4,0,17,18,15,27.124035538662895
32,17,2022-01-17,1,0,20,22,30,25.944400325765614
32,17,2022-01-17,2,0,20,26,90,18.806398104341582
32,17,2022-01-17,5,0,20,21,15,6.992203602389971
32,17,2022-01-17,6,0,20,22,30,5.9234826138186065
32,17,2022-01-17,4,0,24,26,30,16.56209038115304
32,17,2022-01-17,3,0,25,27,30,22.587129981394625
32,17,2022-01-17,6,0,26,28,30,18.24425272198269
32,17,2022-01-17,0,0,28,32,60,26.49693832323436
32,17,2022-01-17,1,0,29,32,45,5.0
32,17,2022-01-17,2,0,29,32,45,16.419349085927806
32,17,2022-01-17,6,0,32,36,60,9.85726059654965
32,17,2022-01-17,4,0,33,34,15,18.496781060740446
32,17,2022-01-17,7,0,39,40,15,9.3063356428178
32,17,2022-01-17,0,0,42,50,120,9.0
32,17,2022-01-17,4,0,42,46,60,13.10152922244798
32,17,2022-01-17,3,0,52,54,30,22.104696213460436
32,17,2022-01-17,1,0,53,54,15,16.3778500575685
32,17,2022-01-17,4,0,53,55,30,13.515981166627597
32,17,2022-01-17,5,0,53,55,30,21.976311697849752
32,17,2022-01-17,7,0,56,58,30,9.244186070747972
32,17,2022-01-17,0,0,57,59,30,20.220763239052275
32,17,2022-01-17,2,0,57,58,15,29.063658119781948
32,17,2022-01-17,3,0,57,59,30,6.108895233894799
32,17,2022-01-17,6,0,57,58,15,20.49870346730866
32,17,2022-01-17,5,0,61,64,45,7.022498625664049
32,17,2022-01-17,4,0,62,66,60,5.063355602258795
32,17,2022-01-17,6,0,63,66,45,19.389245669081447
32,17,2022-01-17,0,0,64,66,30,19.282634264528824
32,17,2022-01-17,7,0,64,65,15,25.379987741347378
32,17,2022-01-17,6,0,69,71,30,9.010990853348908
32,17,2022-01-17,7,0,70,72,30,28.651027807677615
32,17,2022-01-17,7,0,75,78,45,16.117366842724827
32,17,2022-03-05,2,0,12,14,30,7.157697847903286
32,17,2022-03-05,6,0,14,15,15,12.784487677060866
32,17,2022-03-05,5,0,18,20,30,9.206088819414866
32,17,2022-03-05,2,0,24,25,15,17.296575663180803
32,17,2022-03-05,4,0,24,26,30,22.856018218335684
32,17,2022-03-05,3,0,25,27,30,6.580836669331532
32,17,2022-03-05,6,0,26,28,30,18.24425272198269
32,17,2022-03-05,0,0,28,32,60,26.841698837175947
32,17,2022-03-05,1,0,29,32,45,22.82225888983922
32,17,2022-03-05,2,0,29,32,45,16.419349085927806
32,17,2022-03-05,5,0,32,33,15,8.314166840896696
32,17,2022-03-05,6,0,32,36,60,9.85726059654965
32,17,2022-03-05,3,0,33,34,15,5.072435639133005
32,17,2022-03-05,4,0,33,34,15,18.496781060740446
32,17,2022-03-05,2,0,35,36,15,14.08156505069941
32,17,2022-03-05,0,0,38,41,45,10.163023524941735
32,17,2022-03-05,7,0,39,40,15,9.3063356428178
32,17,2022-03-05,4,0,42,46,60,12.709393266089592
32,17,2022-03-05,1,0,43,45,30,7.0
32,17,2022-03-05,0,0,48,52,60,5.394042405913467
32,17,2022-03-05,5,0,49,52,45,10.406419456188033
32,17,2022-03-05,3,0,52,54,30,22.104696213460436
32,17,2022-03-05,4,0,53,55,30,13.515981166627597
32,17,2022-03-05,1,0,55,56,15,21.697373099616094
32,17,2022-03-05,7,0,56,58,30,9.244186070747972
32,17,2022-03-05,0,0,57,59,30,20.220763239052275
32,17,2022-03-05,2,0,57,58,15,29.063658119781948
32,17,2022-03-05,6,0,57,58,15,20.49870346730866
32,17,2022-03-05,5,0,61,64,45,7.022498625664049
32,17,2022-03-05,4,0,62,66,60,5.063355602258795
32,17,2022-03-05,6,0,63,66,45,19.389245669081447
32,17,2022-03-05,0,0,64,66,30,19.282634264528824
32,17,2022-03-05,6,0,69,71,30,9.010990853348908
32,17,2022-03-05,7,0,70,72,30,28.651027807677615
32,17,2022-03-05,7,0,75,78,45,16.117366842724827
32,18,2022-01-17,6,0,11,12,15,18.12864177156367
32,18,2022-01-17,3,0,13,15,30,13.91817291852751
32,18,2022-01-17,0,0,14,17,45,9.647755580322652
32,18,2022-01-17,5,0,14,15,15,6.0
32,18,2022-01-17,6,0,18,19,15,14.36035544815612
32,18,2022-01-17,7,0,19,20,15,11.917423231976684
32,18,2022-01-17,1,0,20,25,75,6.193376729252442
32,18,2022-01-17,3,0,20,21,15,25.410938198167464
32,18,2022-01-17,4,0,22,28,90,5.0
32,18,2022-01-17,5,0,23,25,30,9.958422346456771
32,18,2022-01-17,2,0,25,28,45,6.434266098181006
32,18,2022-01-17,3,0,27,28,15,19.397106515152537
32,18,2022-01-17,2,0,31,33,30,18.33587124051219
32,18,2022-01-17,4,0,31,32,15,14.047168239589254
32,18,2022-01-17,3,0,36,38,30,17.07966153668594
32,18,2022-01-17,5,0,36,38,30,19.52733418624684
32,18,2022-01-17,6,0,36,39,45,9.160120497470679
32,18,2022-01-17,4,0,38,41,45,19.396864658034175
32,18,2022-01-17,1,0,39,41,30,9.600732272295602
32,18,2022-01-17,7,0,39,41,30,16.6179469097384
32,18,2022-01-17,2,0,40,42,30,13.171580704712532
32,18,2022-01-17,0,0,41,43,30,9.410165361077432
32,18,2022-01-17,5,0,45,46,15,5.0
32,18,2022-01-17,3,0,46,49,45,18.07732725632725
32,18,2022-01-17,7,0,47,49,30,20.822306209606843
32,18,2022-01-17,0,0,49,51,30,6.20435541012241
32,18,2022-01-17,5,0,50,54,60,12.617930727389613
32,18,2022-01-17,6,0,51,54,45,23.706240236102204
32,18,2022-01-17,2,0,52,54,30,9.994880151804026
32,18,2022-01-17,7,0,52,54,30,38.91183765832462
32,18,2022-01-17,3,0,53,54,15,24.287145470734316
32,18,2022-01-17,0,0,56,59,45,13.234009012820785
32,18,2022-01-17,2,0,57,59,30,6.0
32,18,2022-01-17,5,0,58,60,30,10.61005367824481
32,18,2022-01-17,3,0,59,61,30,23.46835988013232
32,18,2022-01-17,7,0,59,60,15,22.669237627065854
32,18,2022-01-17,1,0,62,64,30,9.0
32,18,2022-01-17,5,0,63,65,30,12.39122742722499
32,18,2022-01-17,4,0,69,72,45,5.914328669593473
32,18,2022-01-17,3,0,70,73,45,20.98628450393697
32,18,2022-01-17,7,0,70,72,30,19.845628437796393
32,18,2022-01-17,0,0,72,74,30,18.258444859905666
32,18,2022-03-05,1,0,20,25,75,13.37150970330783
32,18,2022-03-05,4,0,22,28,90,11.617585411737792
32,18,2022-03-05,5,0,23,25,30,7.9257651330813275
32,18,2022-03-05,2,0,25,28,45,6.0
32,18,2022-03-05,3,0,27,28,15,12.329592562993355
32,18,2022-03-05,6,0,29,31,30,6.536381426618448
32,18,2022-03-05,2,0,31,33,30,18.33587124051219
32,18,2022-03-05,4,0,31,32,15,14.047168239589254
32,18,2022-03-05,3,0,36,38,30,17.07966153668594
32,18,2022-03-05,5,0,36,38,30,8.673021872253827
32,18,2022-03-05,6,0,36,39,45,9.160120497470679
32,18,2022-03-05,4,0,38,41,45,19.396864658034175
32,18,2022-03-05,1,0,39,41,30,9.600732272295602
32,18,2022-03-05,7,0,39,41,30,5.0
32,18,2022-03-05,2,0,40,42,30,13.171580704712532
32,18,2022-03-05,0,0,41,43,30,7.31355685151447
32,18,2022-03-05,5,0,42,43,15,21.954117275104572
32,18,2022-03-05,2,0,45,46,15,14.634053448642426
32,18,2022-03-05,3,0,46,49,45,14.97419171541555
32,18,2022-03-05,7,0,47,49,30,20.822306209606843
32,18,2022-03-05,1,0,48,50,30,24.778617994450542
32,18,2022-03-05,0,0,49,51,30,6.20435541012241
32,18,2022-03-05,5,0,50,54,60,12.617930727389613
32,18,2022-03-05,6,0,51,54,45,23.706240236102204
32,18,2022-03-05,2,0,52,54,30,9.994880151804026
32,18,2022-03-05,7,0,52,54,30,22.203549146673296
32,18,2022-03-05,3,0,53,54,15,24.287145470734316
32,18,2022-03-05,0,0,56,59,45,13.234009012820785
32,18,2022-03-05,2,0,57,59,30,6.0
32,18,2022-03-05,5,0,58,60,30,10.61005367824481
32,18,2022-03-05,3,0,59,61,30,23.46835988013232
32,18,2022-03-05,1,0,62,64,30,9.0
32,18,2022-03-05,5,0,63,65,30,12.39122742722499
32,18,2022-03-05,4,0,69,72,45,5.914328669593473
32,18,2022-03-05,3,0,70,73,45,20.98628450393697
32,18,2022-03-05,7,0,70,72,30,19.845628437796393
32,18,2022-03-05,0,0,72,74,30,18.258444859905666
32,19,2022-01-17,0,0,15,17,30,13.679485849531552
32,19,2022-01-17,3,0,15,17,30,31.481855544924855
32,19,2022-01-17,4,0,15,17,30,5.0
32,19,2022-01-17,6,0,15,20,75,5.516039368076605
32,19,2022-01-17,2,0,17,18,15,8.411439052986097
32,19,2022-01-17,7,0,18,22,60,10.068911153620654
32,19,2022-01-17,1,0,20,21,15,7.044515576527132
32,19,2022-01-17,3,0,20,21,15,12.37943674796103
32,19,2022-01-17,2,0,22,24,30,17.016759461425487
32,19,2022-01-17,5,0,22,24,30,9.689442324922268
32,19,2022-01-17,7,0,27,29,30,5.550604156416256
32,19,2022-01-17,3,0,30,31,15,14.394013050574273
32,19,2022-01-17,0,0,31,32,15,18.63304887099796
32,19,2022-01-17,1,0,33,35,30,7.0
32,19,2022-01-17,4,0,33,34,15,7.925058931566646
32,19,2022-01-17,5,0,35,37,30,17.57411587406797
32,19,2022-01-17,4,0,37,38,15,5.745832865506074
32,19,2022-01-17,0,0,38,39,15,12.500556317885007
32,19,2022-01-17,1,0,38,39,15,20.76190410267793
32,19,2022-01-17,2,0,38,39,15,17.44976370881104
32,19,2022-01-17,7,0,40,41,15,7.0
32,19,2022-01-17,0,0,42,44,30,14.464154253076373
32,19,2022-01-17,6,0,42,43,15,8.204139674470191
32,19,2022-01-17,1,0,48,50,30,25.592405623326833
32,19,2022-01-17,4,0,48,49,15,19.04098876243556
32,19,2022-01-17,7,0,48,52,60,27.138030244888697
32,19,2022-01-17,3,0,52,53,15,23.455441706706097
32,19,2022-01-17,1,0,56,58,30,8.0
32,19,2022-01-17,4,0,57,58,15,11.644721786622327
32,19,2022-01-17,5,0,58,60,30,28.39948195586488
32,19,2022-01-17,6,0,58,59,15,33.435605619821544
32,19,2022-01-17,3,0,59,60,15,9.650102259540475
32,19,2022-01-17,0,0,60,63,45,13.439803186808241
32,19,2022-01-17,1,0,63,65,30,15.056964443334778
32,19,2022-01-17,4,0,65,67,30,23.10087943123292
32,19,2022-01-17,7,0,68,70,30,16.784234038694073
32,19,2022-01-17,2,0,82,85,45,38.24164784876442
32,19,2022-03-05,1,0,21,23,30,12.864845642622548
32,19,2022-03-05,2,0,22,24,30,29.607049313382518
32,19,2022-03-05,5,0,22,24,30,5.0
32,19,2022-03-05,7,0,22,25,45,5.1875484071183
32,19,2022-03-05,1,0,28,31,45,7.186419823657218
32,19,2022-03-05,3,0,28,30,30,8.53772421311325
32,19,2022-03-05,4,0,28,29,15,10.220080775052985
32,19,2022-03-05,0,0,31,32,15,7.369915876822574
32,19,2022-03-05,3,0,33,34,15,7.0
32,19,2022-03-05,4,0,33,34,15,7.925058931566646
32,19,2022-03-05,2,0,35,36,15,25.219293632570903
32,19,2022-03-05,5,0,35,37,30,17.57411587406797
32,19,2022-03-05,1,0,37,39,30,8.57187200857463
32,19,2022-03-05,4,0,37,38,15,15.249532166330717
32,19,2022-03-05,0,0,38,39,15,12.500556317885007
32,19,2022-03-05,2,0,40,41,15,8.284196300757927
32,19,2022-03-05,7,0,40,41,15,7.0
32,19,2022-03-05,0,0,42,44,30,14.464154253076373
32,19,2022-03-05,1,0,42,43,15,12.149233177717974
32,19,2022-03-05,3,0,42,47,75,10.214218343879566
32,19,2022-03-05,6,0,42,43,15,11.109366396731787
32,19,2022-03-05,5,0,43,46,45,6.481830423573882
32,19,2022-03-05,2,0,44,46,30,8.517672063919534
32,19,2022-03-05,1,0,48,50,30,25.592405623326833
32,19,2022-03-05,4,0,48,49,15,27.138030244888697
32,19,2022-03-05,7,0,48,52,60,11.856940801931685
32,19,2022-03-05,0,0,51,52,15,11.783816012472421
32,19,2022-03-05,3,0,52,53,15,19.091196793234758
32,19,2022-03-05,1,0,56,58,30,8.0
32,19,2022-03-05,4,0,57,58,15,11.644721786622327
32,19,2022-03-05,5,0,58,60,30,28.39948195586488
32,19,2022-03-05,6,0,58,59,15,33.435605619821544
32,19,2022-03-05,0,0,60,63,45,13.439803186808241
32,19,2022-03-05,1,0,63,65,30,15.056964443334778
32,19,2022-03-05,4,0,65,67,30,23.10087943123292
32,19,2022-03-05,7,0,68,70,30,16.784234038694073
32,19,2022-03-05,2,0,82,85,45,38.24164784876442
32,20,2022-01-17,7,0,11,13,30,15.190547490010552
32,20,2022-01-17,2,0,13,14,15,15.936918537429499
32,20,2022-01-17,4,0,14,16,30,12.45626820076896
32,20,2022-01-17,0,0,16,18,30,28.05238701212223
32,20,2022-01-17,7,0,16,17,15,16.568217812111527
32,20,2022-01-17,6,0,17,18,15,18.5616762997618
32,20,2022-01-17,5,0,19,21,30,13.130093000842379
32,20,2022-01-17,1,0,20,23,45,19.896471349073174
32,20,2022-01-17,3,0,22,24,30,9.91004066707616
32,20,2022-01-17,6,0,22,23,15,13.858771275612852
32,20,2022-01-17,2,0,23,25,30,12.31512857145293
32,20,2022-01-17,7,0,23,25,30,17.923528694797014
32,20,2022-01-17,4,0,25,26,15,9.775575112763327
32,20,2022-01-17,1,0,26,27,15,18.013322949370973
32,20,2022-01-17,6,0,29,30,15,15.87622646112299
32,20,2022-01-17,7,0,32,34,30,12.77372606704138
32,20,2022-01-17,3,0,33,36,45,14.902640946803366
32,20,2022-01-17,0,0,34,37,45,7.113534125786977
32,20,2022-01-17,2,0,35,37,30,7.147877366873843
32,20,2022-01-17,4,0,36,37,15,15.41483493547969
32,20,2022-01-17,5,0,36,37,15,9.0
32,20,2022-01-17,5,0,40,42,30,15.13617456900242
32,20,2022-01-17,4,0,42,44,30,14.012878223941556
32,20,2022-01-17,1,0,44,48,60,10.73472701582596
32,20,2022-01-17,7,0,44,46,30,32.88496117885784
32,20,2022-01-17,3,0,48,50,30,5.0
32,20,2022-01-17,5,0,50,52,30,16.26128786311166
32,20,2022-01-17,1,0,51,54,45,5.069825681046581
32,20,2022-01-17,6,0,51,54,45,10.795656401364681
32,20,2022-01-17,2,0,53,54,15,11.619868792713802
32,20,2022-01-17,3,0,53,55,30,22.702827313829694
32,20,2022-01-17,4,0,55,57,30,18.56778999123854
32,20,2022-01-17,5,0,55,57,30,10.346276171946414
32,20,2022-01-17,2,0,57,59,30,21.96248991823891
32,20,2022-01-17,7,0,59,60,15,17.723672397113873
32,20,2022-01-17,3,0,61,63,30,21.821710830927387
32,20,2022-01-17,6,0,61,65,60,27.1940401404917
32,20,2022-01-17,0,0,62,64,30,12.412355897023104
32,20,2022-01-17,5,0,63,64,15,11.577185976871185
32,20,2022-01-17,4,0,64,66,30,29.378096321864
32,20,2022-01-17,5,0,69,72,45,37.32603304209462
32,20,2022-01-17,2,0,72,74,30,37.18720248447052
32,20,2022-01-17,6,0,76,78,30,14.833577279853777
32,20,2022-03-05,5,0,19,21,30,11.204399961162373
32,20,2022-03-05,3,0,22,24,30,13.302644922741948
32,20,2022-03-05,6,0,22,23,15,10.397324460691983
32,20,2022-03-05,1,0,23,25,30,25.964854128196194
32,20,2022-03-05,2,0,23,25,30,18.559032835017902
32,20,2022-03-05,7,0,23,25,30,13.381367263881344
32,20,2022-03-05,4,0,25,26,15,20.782049438893573
32,20,2022-03-05,5,0,27,30,45,6.823601515995563
32,20,2022-03-05,6,0,29,30,15,15.87622646112299
32,20,2022-03-05,7,0,32,34,30,12.77372606704138
32,20,2022-03-05,3,0,33,36,45,14.902640946803366
32,20,2022-03-05,0,0,34,37,45,10.140922651469737
32,20,2022-03-05,2,0,35,37,30,7.147877366873843
32,20,2022-03-05,6,0,35,37,30,9.95215004822522
32,20,2022-03-05,4,0,36,37,15,15.41483493547969
32,20,2022-03-05,5,0,36,37,15,9.0
32,20,2022-03-05,5,0,40,42,30,11.361546582988197
32,20,2022-03-05,4,0,42,44,30,7.546617623475811
32,20,2022-03-05,1,0,44,48,60,16.58187036051038
32,20,2022-03-05,7,0,44,46,30,14.548399481129174
32,20,2022-03-05,3,0,48,50,30,11.595798590655193
32,20,2022-03-05,6,0,48,50,30,35.522783758671125
32,20,2022-03-05,5,0,50,52,30,5.0
32,20,2022-03-05,1,0,51,54,45,5.069825681046581
32,20,2022-03-05,2,0,53,54,15,11.619868792713802
32,20,2022-03-05,3,0,53,55,30,22.702827313829694
32,20,2022-03-05,6,0,54,56,30,22.87634171908391
32,20,2022-03-05,4,0,55,57,30,18.56778999123854
32,20,2022-03-05,2,0,57,59,30,21.96248991823891
32,20,2022-03-05,5,0,59,60,15,20.02190261734033
32,20,2022-03-05,3,0,61,63,30,21.821710830927387
32,20,2022-03-05,6,0,61,65,60,27.1940401404917
32,20,2022-03-05,0,0,62,64,30,12.412355897023104
32,20,2022-03-05,5,0,63,64,15,11.577185976871185
32,20,2022-03-05,4,0,64,66,30,29.378096321864
32,20,2022-03-05,5,0,69,72,45,37.32603304209462
32,20,2022-03-05,2,0,72,74,30,37.18720248447052
32,20,2022-03-05,6,0,76,78,30,14.833577279853777
32,20,2022-03-05,6,0,81,84,45,27.695285353774757
32,21,2022-01-17,3,0,13,15,30,16.978148572183585
32,21,2022-01-17,5,0,13,14,15,17.092247013253072
32,21,2022-01-17,6,0,14,15,15,15.808430611755867
32,21,2022-01-17,2,0,15,16,15,10.020098091817978
32,21,2022-01-17,4,0,16,18,30,7.0
32,21,2022-01-17,7,0,16,17,15,15.118547631785546
32,21,2022-01-17,5,0,18,20,30,9.0
32,21,2022-01-17,2,0,20,21,15,8.586677207473535
32,21,2022-01-17,6,0,20,22,30,11.178574961669042
32,21,2022-01-17,7,0,20,21,15,5.561816407770223
32,21,2022-01-17,1,0,21,24,45,23.942357240279648
32,21,2022-01-17,4,0,22,24,30,12.32428343729606
32,21,2022-01-17,5,0,25,27,30,17.46042482175281
32,21,2022-01-17,3,0,27,31,60,20.872639628208923
32,21,2022-01-17,7,0,27,30,45,5.0
32,21,2022-01-17,2,0,33,35,30,7.062528658278481
32,21,2022-01-17,3,0,37,38,15,7.764615734603588
32,21,2022-01-17,3,0,43,45,30,8.0
32,21,2022-01-17,7,0,45,47,30,19.66475669641656
32,21,2022-01-17,2,0,46,48,30,9.0
32,21,2022-01-17,6,0,46,48,30,8.0
32,21,2022-01-17,1,0,53,56,45,10.258758733825843
32,21,2022-01-17,2,0,53,56,45,14.458846011720794
32,21,2022-01-17,5,0,53,55,30,27.451186646110322
32,21,2022-01-17,7,0,53,54,15,16.13608168315387
32,21,2022-01-17,3,0,54,55,15,26.667109888896945
32,21,2022-01-17,6,0,54,57,45,14.992749510746933
32,21,2022-01-17,0,0,55,57,30,6.0
32,21,2022-01-17,4,0,55,57,30,8.891439952725179
32,21,2022-01-17,2,0,60,62,30,19.864231267481863
32,21,2022-01-17,3,0,61,62,15,18.37339118680812
32,21,2022-01-17,5,0,66,70,60,5.0
32,21,2022-01-17,2,0,68,69,15,12.343827779158275
32,21,2022-01-17,4,0,70,72,30,6.311587799705855
32,21,2022-01-17,6,0,70,71,15,37.212440116293855
32,21,2022-01-17,2,0,72,74,30,37.363192232742264
32,21,2022-01-17,7,0,73,75,30,24.290086870102648
32,21,2022-01-17,0,0,76,78,30,37.73410732848748
32,21,2022-01-17,6,0,76,77,15,31.331976215501143
32,21,2022-03-05,3,0,13,15,30,16.978148572183585
32,21,2022-03-05,6,0,14,15,15,17.092247013253072
32,21,2022-03-05,2,0,20,21,15,12.742979231340819
32,21,2022-03-05,6,0,20,22,30,11.178574961669042
32,21,2022-03-05,7,0,20,21,15,9.100292468574025
32,21,2022-03-05,1,0,21,24,45,7.0
32,21,2022-03-05,4,0,22,24,30,14.21820847383809
32,21,2022-03-05,5,0,25,27,30,24.150592560096115
32,21,2022-03-05,3,0,27,31,60,20.872639628208923
32,21,2022-03-05,7,0,27,30,45,5.0
32,21,2022-03-05,5,0,32,34,30,16.94386574653528
32,21,2022-03-05,2,0,33,35,30,7.062528658278481
32,21,2022-03-05,3,0,37,38,15,7.764615734603588
32,21,2022-03-05,7,0,37,41,60,15.134972826560293
32,21,2022-03-05,1,0,40,41,15,8.0
32,21,2022-03-05,6,0,40,42,30,9.0
32,21,2022-03-05,3,0,41,42,15,8.0
32,21,2022-03-05,3,0,45,49,60,25.54094832151665
32,21,2022-03-05,4,0,45,49,60,9.97461230975955
32,21,2022-03-05,7,0,45,47,30,26.585415142232748
32,21,2022-03-05,1,0,46,50,60,16.787619806574426
32,21,2022-03-05,2,0,46,48,30,15.689145554946492
32,21,2022-03-05,6,0,46,48,30,8.05700839941138
32,21,2022-03-05,1,0,53,56,45,21.273719708761554
32,21,2022-03-05,2,0,53,56,45,14.458846011720794
32,21,2022-03-05,5,0,53,55,30,27.451186646110322
32,21,2022-03-05,7,0,53,54,15,10.837999441154246
32,21,2022-03-05,3,0,54,55,15,26.667109888896945
32,21,2022-03-05,6,0,54,57,45,14.992749510746933
32,21,2022-03-05,0,0,55,57,30,6.0
32,21,2022-03-05,2,0,60,62,30,19.864231267481863
32,21,2022-03-05,3,0,61,62,15,18.37339118680812
32,21,2022-03-05,5,0,66,70,60,5.0
32,21,2022-03-05,2,0,68,69,15,12.343827779158275
32,21,2022-03-05,4,0,70,72,30,6.311587799705855
32,21,2022-03-05,2,0,72,74,30,37.363192232742264
32,21,2022-03-05,7,0,73,75,30,24.290086870102648
32,21,2022-03-05,0,0,76,78,30,37.73410732848748
32,21,2022-03-05,6,0,76,77,15,31.331976215501143
32,21,2022-03-05,1,0,80,81,15,17.600162447291254
32,21,2022-03-05,6,0,81,84,45,27.897095724249212
32,22,2022-01-17,0,0,11,14,45,7.0
32,22,2022-01-17,1,0,12,13,15,18.282266407279096
32,22,2022-01-17,5,0,12,15,45,15.073770249876276
32,22,2022-01-17,6,0,16,17,15,24.444034318410154
32,22,2022-01-17,2,0,17,19,30,11.565468692883975
32,22,2022-01-17,4,0,20,22,30,26.723522019877507
32,22,2022-01-17,6,0,22,23,15,15.519829698653055
32,22,2022-01-17,5,0,23,24,15,25.484906135961154
32,22,2022-01-17,2,0,24,28,60,17.070916698819936
32,22,2022-01-17,4,0,25,27,30,5.602924615607307
32,22,2022-01-17,1,0,26,27,15,18.265535534373363
32,22,2022-01-17,3,0,28,29,15,23.779245634889556
32,22,2022-01-17,1,0,30,33,45,20.1321627563147
32,22,2022-01-17,2,0,31,33,30,15.341379308031534
32,22,2022-01-17,3,0,32,35,45,9.4964527498906
32,22,2022-01-17,0,0,33,34,15,7.207142819876076
32,22,2022-01-17,4,0,36,39,45,13.087442840829084
32,22,2022-01-17,2,0,39,42,45,8.0
32,22,2022-01-17,1,0,40,43,45,13.758880310003178
32,22,2022-01-17,0,0,42,43,15,9.430345219221309
32,22,2022-01-17,6,0,43,46,45,6.0
32,22,2022-01-17,5,0,44,45,15,6.036640793174833
32,22,2022-01-17,7,0,45,47,30,12.617704203668247
32,22,2022-01-17,6,0,49,51,30,6.943530779868958
32,22,2022-01-17,3,0,50,51,15,15.650772347276366
32,22,2022-01-17,4,0,51,54,45,8.452590859473645
32,22,2022-01-17,5,0,51,54,45,14.509773250403086
32,22,2022-01-17,7,0,52,54,30,18.17589418820358
32,22,2022-01-17,1,0,53,54,15,16.234987080495756
32,22,2022-01-17,6,0,55,57,30,24.51290447943385
32,22,2022-01-17,3,0,57,62,75,16.420048079802008
32,22,2022-01-17,7,0,57,59,30,8.101176904673828
32,22,2022-01-17,0,0,58,60,30,30.195399661725972
32,22,2022-01-17,1,0,58,63,75,14.334808891400698
32,22,2022-01-17,4,0,60,62,30,17.004370381355372
32,22,2022-01-17,2,0,61,62,15,8.0
32,22,2022-01-17,6,0,64,65,15,16.259027440646108
32,22,2022-01-17,4,0,65,66,15,18.95645120744345
32,22,2022-01-17,7,0,66,68,30,8.0
32,22,2022-01-17,6,0,68,69,15,7.0
32,22,2022-01-17,0,0,70,72,30,19.248181328541392
32,22,2022-01-17,4,0,70,72,30,25.390748375069023
32,22,2022-01-17,1,0,74,76,30,15.798602125011854
32,22,2022-01-17,4,0,78,79,15,12.847641526085496
32,22,2022-01-17,5,0,78,81,45,18.09036886332362
32,22,2022-03-05,0,0,16,20,60,7.0
32,22,2022-03-05,4,0,20,22,30,13.484821739202218
32,22,2022-03-05,5,0,23,24,15,11.331039576397679
32,22,2022-03-05,6,0,23,24,15,22.62501886587674
32,22,2022-03-05,2,0,24,28,60,11.56382159440846
32,22,2022-03-05,4,0,25,27,30,5.602924615607307
32,22,2022-03-05,1,0,26,27,15,27.912967382747787
32,22,2022-03-05,0,0,28,30,30,9.655390405603725
32,22,2022-03-05,3,0,28,29,15,23.779245634889556
32,22,2022-03-05,5,0,29,31,30,17.856898209502845
32,22,2022-03-05,1,0,30,33,45,20.1321627563147
32,22,2022-03-05,7,0,30,31,15,12.905670208966086
32,22,2022-03-05,2,0,31,33,30,15.341379308031534
32,22,2022-03-05,6,0,31,33,30,6.632084495930833
32,22,2022-03-05,3,0,32,35,45,9.4964527498906
32,22,2022-03-05,0,0,33,34,15,7.207142819876076
32,22,2022-03-05,4,0,36,39,45,13.087442840829084
32,22,2022-03-05,0,0,38,40,30,7.0
32,22,2022-03-05,2,0,39,42,45,8.0
32,22,2022-03-05,1,0,40,43,45,22.52258218100075
32,22,2022-03-05,6,0,40,41,15,16.611089015436292
32,22,2022-03-05,7,0,42,46,60,19.008100467794904
32,22,2022-03-05,0,0,44,46,30,6.740352052002606
32,22,2022-03-05,5,0,44,45,15,11.987497188571751
32,22,2022-03-05,2,0,46,48,30,6.638555054627986
32,22,2022-03-05,0,0,49,51,30,5.345250422931045
32,22,2022-03-05,6,0,49,51,30,24.216663492319142
32,22,2022-03-05,3,0,50,51,15,15.650772347276366
32,22,2022-03-05,4,0,51,54,45,8.452590859473645
32,22,2022-03-05,5,0,51,54,45,14.509773250403086
32,22,2022-03-05,7,0,52,54,30,18.17589418820358
32,22,2022-03-05,1,0,53,54,15,16.234987080495756
32,22,2022-03-05,6,0,55,57,30,24.51290447943385
32,22,2022-03-05,7,0,57,59,30,8.0
32,22,2022-03-05,1,0,58,63,75,14.334808891400698
32,22,2022-03-05,4,0,60,62,30,17.004370381355372
32,22,2022-03-05,0,0,62,63,15,23.94762695104935
32,22,2022-03-05,6,0,64,65,15,16.259027440646108
32,22,2022-03-05,4,0,65,66,15,18.95645120744345
32,22,2022-03-05,7,0,66,68,30,13.535733652815502
32,22,2022-03-05,6,0,68,69,15,7.0
32,22,2022-03-05,0,0,70,72,30,19.248181328541392
32,22,2022-03-05,4,0,70,72,30,25.390748375069023
32,22,2022-03-05,1,0,74,76,30,15.798602125011854
32,22,2022-03-05,4,0,78,79,15,12.847641526085496
32,22,2022-03-05,5,0,78,81,45,18.09036886332362
32,23,2022-01-17,1,0,9,12,45,30.932822383129093
32,23,2022-01-17,0,0,11,12,15,11.727402801976751
32,23,2022-01-17,7,0,14,16,30,15.41381148249716
32,23,2022-01-17,5,0,16,17,15,15.840080867005199
32,23,2022-01-17,0,0,18,20,30,17.937682240851473
32,23,2022-01-17,2,0,18,21,45,16.06353963387747
32,23,2022-01-17,4,0,18,20,30,8.769894135185751
32,23,2022-01-17,1,0,20,21,15,13.255238934059733
32,23,2022-01-17,3,0,20,22,30,20.897580083863204
32,23,2022-01-17,0,0,23,25,30,25.06450842668758
32,23,2022-01-17,6,0,23,24,15,6.296560278510981
32,23,2022-01-17,7,0,23,25,30,11.757706393869299
32,23,2022-01-17,4,0,29,30,15,12.55264462780788
32,23,2022-01-17,4,0,33,35,30,11.966370468579775
32,23,2022-01-17,6,0,33,35,30,12.707794685355708
32,23,2022-01-17,7,0,34,35,15,8.0
32,23,2022-01-17,0,0,36,37,15,5.0
32,23,2022-01-17,2,0,37,40,45,14.151709710408937
32,23,2022-01-17,5,0,38,39,15,17.818720450329806
32,23,2022-01-17,1,0,39,41,30,18.01623510153165
32,23,2022-01-17,7,0,41,42,15,17.636090905577277
32,23,2022-01-17,5,0,42,43,15,17.65830721825796
32,23,2022-01-17,2,0,45,49,60,25.022819664937536
32,23,2022-01-17,3,0,45,46,15,39.36430564651825
32,23,2022-01-17,4,0,47,49,30,18.30654520507332
32,23,2022-01-17,7,0,49,54,75,24.00437000336018
32,23,2022-01-17,6,0,50,51,15,9.644896556898445
32,23,2022-01-17,3,0,51,53,30,10.970091841558613
32,23,2022-01-17,1,0,53,56,45,6.0
32,23,2022-01-17,5,0,54,55,15,16.196708831635988
32,23,2022-01-17,0,0,56,58,30,17.36101189739938
32,23,2022-01-17,2,0,56,58,30,19.923363801064582
32,23,2022-01-17,3,0,56,59,45,25.7620384668094
32,23,2022-01-17,4,0,58,61,45,24.750912165597327
32,23,2022-01-17,5,0,58,61,45,7.356923881625477
32,23,2022-01-17,7,0,58,59,15,34.59356095950721
32,23,2022-01-17,1,0,59,61,30,28.86023356049774
32,23,2022-01-17,6,0,59,64,75,9.008608122008624
32,23,2022-01-17,7,0,63,64,15,28.536745869998207
32,23,2022-01-17,2,0,65,69,60,37.9583200721344
32,23,2022-01-17,3,0,65,66,15,6.592907779884072
32,23,2022-01-17,5,0,69,71,30,19.603563513047703
32,23,2022-01-17,7,0,69,71,30,15.684428229356755
32,23,2022-01-17,3,0,73,75,30,25.248313370117394
32,23,2022-01-17,1,0,75,79,60,20.56124772235715
32,23,2022-01-17,3,0,78,79,15,33.96600438364799
32,23,2022-03-05,1,0,9,12,45,30.932822383129093
32,23,2022-03-05,0,0,11,12,15,11.727402801976751
32,23,2022-03-05,5,0,16,17,15,13.680717784886902
32,23,2022-03-05,3,0,21,23,30,14.896772990021333
32,23,2022-03-05,6,0,23,24,15,16.061251941753184
32,23,2022-03-05,7,0,23,25,30,8.768645169005126
32,23,2022-03-05,0,0,24,31,105,13.070622131955616
32,23,2022-03-05,3,0,27,28,15,22.06845219896673
32,23,2022-03-05,4,0,29,30,15,22.054940348820416
32,23,2022-03-05,7,0,32,34,30,13.624352432976373
32,23,2022-03-05,4,0,33,35,30,11.966370468579775
32,23,2022-03-05,5,0,33,34,15,11.299346415812181
32,23,2022-03-05,6,0,33,35,30,12.707794685355708
32,23,2022-03-05,0,0,35,37,30,9.735800495197914
32,23,2022-03-05,2,0,37,40,45,6.750808799474001
32,23,2022-03-05,5,0,38,39,15,17.818720450329806
32,23,2022-03-05,1,0,39,41,30,18.01623510153165
32,23,2022-03-05,7,0,41,42,15,12.940505047123779
32,23,2022-03-05,5,0,42,43,15,17.65830721825796
32,23,2022-03-05,4,0,43,44,15,28.494856124276893
32,23,2022-03-05,6,0,43,45,30,18.310078178048798
32,23,2022-03-05,1,0,45,46,15,15.691909548146377
32,23,2022-03-05,2,0,45,49,60,25.022819664937536
32,23,2022-03-05,3,0,45,46,15,17.838098489657355
32,23,2022-03-05,4,0,47,49,30,5.0
32,23,2022-03-05,7,0,49,54,75,9.644896556898445
32,23,2022-03-05,6,0,50,51,15,25.971563861401336
32,23,2022-03-05,3,0,51,53,30,6.0
32,23,2022-03-05,5,0,54,55,15,16.196708831635988
32,23,2022-03-05,0,0,56,58,30,17.36101189739938
32,23,2022-03-05,2,0,56,58,30,19.923363801064582
32,23,2022-03-05,3,0,56,59,45,25.7620384668094
32,23,2022-03-05,7,0,58,59,15,34.59356095950721
32,23,2022-03-05,1,0,59,61,30,28.86023356049774
32,23,2022-03-05,4,0,59,60,15,17.34358400210897
32,23,2022-03-05,7,0,63,64,15,28.536745869998207
32,23,2022-03-05,2,0,65,69,60,37.9583200721344
32,23,2022-03-05,3,0,65,66,15,6.592907779884072
32,23,2022-03-05,5,0,69,71,30,19.603563513047703
32,23,2022-03-05,7,0,69,71,30,15.684428229356755
32,23,2022-03-05,3,0,73,75,30,25.248313370117394
32,23,2022-03-05,3,0,78,79,15,33.96600438364799
32,24,2022-01-17,2,0,11,12,15,21.935880875385976
32,24,2022-01-17,5,0,11,12,15,12.458126883897549
32,24,2022-01-17,1,0,14,16,30,9.0
32,24,2022-01-17,4,0,16,18,30,13.076420235189396
32,24,2022-01-17,5,0,16,17,15,14.469639488578295
32,24,2022-01-17,3,0,17,20,45,18.359231654732326
32,24,2022-01-17,2,0,18,19,15,19.51141422575283
32,24,2022-01-17,1,0,19,20,15,18.60794441024992
32,24,2022-01-17,2,0,22,23,15,16.585573388092783
32,24,2022-01-17,7,0,22,24,30,11.66054353049438
32,24,2022-01-17,3,0,26,28,30,15.124808851626852
32,24,2022-01-17,6,0,27,31,60,13.841351172285336
32,24,2022-01-17,2,0,28,30,30,7.0
32,24,2022-01-17,4,0,33,34,15,6.579990224405321
32,24,2022-01-17,1,0,34,36,30,18.60267210031175
32,24,2022-01-17,4,0,38,39,15,20.582366224590125
32,24,2022-01-17,2,0,39,40,15,15.72208243505925
32,24,2022-01-17,7,0,39,44,75,11.797323174952588
32,24,2022-01-17,3,0,40,42,30,15.037987356501915
32,24,2022-01-17,6,0,40,41,15,28.96912090848099
32,24,2022-01-17,2,0,43,45,30,14.093481297591495
32,24,2022-01-17,6,0,44,47,45,9.353992967132626
32,24,2022-01-17,1,0,48,49,15,17.197807175942543
32,24,2022-01-17,3,0,49,51,30,9.70578085702487
32,24,2022-01-17,2,0,51,53,30,20.77721584956872
32,24,2022-01-17,0,0,52,54,30,16.71064674669472
32,24,2022-01-17,5,0,52,56,60,6.922068885297094
32,24,2022-01-17,6,0,53,54,15,18.455804727997545
32,24,2022-01-17,4,0,54,56,30,21.054490181989124
32,24,2022-01-17,3,0,56,58,30,24.320871554583064
32,24,2022-01-17,1,0,57,58,15,26.808210509939705
32,24,2022-01-17,7,0,57,61,60,29.562458497427045
32,24,2022-01-17,4,0,59,62,45,32.238354593369806
32,24,2022-01-17,6,0,60,62,30,5.0
32,24,2022-01-17,1,0,61,65,60,19.940809074804335
32,24,2022-01-17,5,0,61,65,60,20.12776393723304
32,24,2022-01-17,2,0,63,66,45,20.166849187322114
32,24,2022-01-17,0,0,64,66,30,15.540501316697338
32,24,2022-01-17,3,0,65,66,15,28.90754602003789
32,24,2022-01-17,5,0,68,70,30,8.992772007834319
32,24,2022-01-17,2,0,73,78,75,29.084058052425227
32,24,2022-01-17,4,0,77,78,15,9.0
32,24,2022-03-05,4,0,18,19,15,16.491676167406666
32,24,2022-03-05,1,0,22,23,15,9.515231406437955
32,24,2022-03-05,2,0,22,23,15,9.0
32,24,2022-03-05,3,0,25,27,30,12.404651248150572
32,24,2022-03-05,2,0,26,34,120,6.681933426876455
32,24,2022-03-05,6,0,27,31,60,18.63486802262662
32,24,2022-03-05,7,0,28,29,15,11.65020932639137
32,24,2022-03-05,4,0,32,34,30,10.307906040897805
32,24,2022-03-05,1,0,34,36,30,18.60267210031175
32,24,2022-03-05,5,0,35,37,30,14.128011529757806
32,24,2022-03-05,4,0,38,39,15,20.582366224590125
32,24,2022-03-05,2,0,39,40,15,16.63787011151679
32,24,2022-03-05,7,0,39,44,75,11.797323174952588
32,24,2022-03-05,3,0,40,42,30,7.682080218126011
32,24,2022-03-05,6,0,40,41,15,28.96912090848099
32,24,2022-03-05,0,0,43,45,30,16.474305029434092
32,24,2022-03-05,2,0,43,45,30,14.093481297591495
32,24,2022-03-05,4,0,44,48,60,8.019574620543835
32,24,2022-03-05,6,0,44,47,45,9.353992967132626
32,24,2022-03-05,1,0,48,49,15,17.197807175942543
32,24,2022-03-05,5,0,48,50,30,14.54225526820266
32,24,2022-03-05,3,0,49,51,30,9.70578085702487
32,24,2022-03-05,2,0,51,53,30,20.77721584956872
32,24,2022-03-05,0,0,52,54,30,16.71064674669472
32,24,2022-03-05,6,0,53,54,15,18.455804727997545
32,24,2022-03-05,4,0,54,56,30,21.054490181989124
32,24,2022-03-05,5,0,54,58,60,23.560693063912666
32,24,2022-03-05,3,0,56,58,30,24.320871554583064
32,24,2022-03-05,1,0,57,58,15,26.808210509939705
32,24,2022-03-05,4,0,59,62,45,32.238354593369806
32,24,2022-03-05,6,0,60,62,30,15.991821888716359
32,24,2022-03-05,1,0,61,65,60,19.940809074804335
32,24,2022-03-05,5,0,61,65,60,20.12776393723304
32,24,2022-03-05,2,0,63,66,45,20.166849187322114
32,24,2022-03-05,0,0,64,66,30,15.540501316697338
32,24,2022-03-05,3,0,65,66,15,28.90754602003789
32,24,2022-03-05,5,0,68,70,30,8.992772007834319
32,24,2022-03-05,4,0,77,78,15,9.0
32,25,2022-01-17,5,0,5,7,30,31.32790115424234
32,25,2022-01-17,5,0,13,14,15,5.498013147088585
32,25,2022-01-17,3,0,14,15,15,18.32965243335724
32,25,2022-01-17,6,0,14,15,15,24.89399681656765
32,25,2022-01-17,4,0,16,17,15,6.310384326124918
32,25,2022-01-17,5,0,17,24,105,14.673990189080882
32,25,2022-01-17,2,0,18,21,45,5.456276899158468
32,25,2022-01-17,3,0,18,20,30,6.735158988658597
32,25,2022-01-17,1,0,22,27,75,15.085631521940101
32,25,2022-01-17,7,0,23,26,45,11.190819361893794
32,25,2022-01-17,0,0,27,29,30,6.760994139557575
32,25,2022-01-17,6,0,27,30,45,9.0
32,25,2022-01-17,1,0,30,32,30,14.972346905660814
32,25,2022-01-17,2,0,34,36,30,12.641964018762621
32,25,2022-01-17,6,0,34,36,30,6.334756122398069
32,25,2022-01-17,7,0,39,42,45,11.723460840044545
32,25,2022-01-17,0,0,41,43,30,6.0
32,25,2022-01-17,3,0,41,42,15,19.043107947388165
32,25,2022-01-17,2,0,43,44,15,19.955074402767586
32,25,2022-01-17,4,0,43,45,30,28.285590848743986
32,25,2022-01-17,3,0,47,48,15,25.006857975003904
32,25,2022-01-17,0,0,49,50,15,25.08011890548093
32,25,2022-01-17,2,0,49,51,30,15.161561019111453
32,25,2022-01-17,1,0,52,54,30,22.50851513964249
32,25,2022-01-17,3,0,52,53,15,10.344079423125606
32,25,2022-01-17,6,0,52,53,15,20.266820600408522
32,25,2022-01-17,0,0,53,55,30,8.635937159552185
32,25,2022-01-17,5,0,54,57,45,10.486758104316863
32,25,2022-01-17,7,0,55,57,30,20.75877360186078
32,25,2022-01-17,6,0,58,60,30,16.98346643821415
32,25,2022-01-17,3,0,59,60,15,32.59392471092735
32,25,2022-01-17,7,0,60,62,30,36.33883446566334
32,25,2022-01-17,2,0,61,63,30,9.103227260055348
32,25,2022-01-17,1,0,62,64,30,19.59653939340049
32,25,2022-01-17,4,0,62,65,45,6.549845566607793
32,25,2022-01-17,2,0,67,69,30,21.273571606362147
32,25,2022-01-17,7,0,67,69,30,21.81450640448574
32,25,2022-01-17,0,0,71,74,45,13.61515617062237
32,25,2022-01-17,5,0,71,73,30,18.36841368460496
32,25,2022-01-17,1,0,73,74,15,26.710942401917606
32,25,2022-01-17,2,0,73,78,75,20.01739605122365
32,25,2022-01-17,7,0,73,74,15,16.700856648703017
32,25,2022-03-05,5,0,5,7,30,31.32790115424234
32,25,2022-03-05,5,0,16,17,15,24.458314951767278
32,25,2022-03-05,4,0,17,19,30,15.060208716831426
32,25,2022-03-05,5,0,21,23,30,7.0
32,25,2022-03-05,1,0,22,27,75,20.779173814618794
32,25,2022-03-05,2,0,22,24,30,5.9345885652567745
32,25,2022-03-05,7,0,23,26,45,5.455499842421617
32,25,2022-03-05,0,0,27,29,30,15.072261819681984
32,25,2022-03-05,4,0,27,29,30,7.0
32,25,2022-03-05,6,0,27,30,45,11.360450655657793
32,25,2022-03-05,5,0,28,30,30,6.451544218482006
32,25,2022-03-05,1,0,30,32,30,14.972346905660814
32,25,2022-03-05,2,0,34,36,30,12.641964018762621
32,25,2022-03-05,6,0,34,36,30,6.334756122398069
32,25,2022-03-05,3,0,35,39,60,6.901017246607665
32,25,2022-03-05,1,0,36,40,60,10.397575525857711
32,25,2022-03-05,7,0,38,40,30,10.58324062461918
32,25,2022-03-05,6,0,40,43,45,10.499001027295208
32,25,2022-03-05,0,0,41,43,30,6.0
32,25,2022-03-05,3,0,42,44,30,21.294161523891177
32,25,2022-03-05,2,0,43,44,15,19.770866295514054
32,25,2022-03-05,4,0,43,45,30,19.955074402767586
32,25,2022-03-05,3,0,47,48,15,25.006857975003904
32,25,2022-03-05,1,0,48,54,90,30.55448117275465
32,25,2022-03-05,0,0,49,50,15,25.08011890548093
32,25,2022-03-05,2,0,49,51,30,15.161561019111453
32,25,2022-03-05,3,0,52,53,15,10.344079423125606
32,25,2022-03-05,6,0,52,53,15,22.50851513964249
32,25,2022-03-05,0,0,53,55,30,8.635937159552185
32,25,2022-03-05,5,0,54,57,45,10.486758104316863
32,25,2022-03-05,7,0,55,57,30,20.75877360186078
32,25,2022-03-05,3,0,59,60,15,32.59392471092735
32,25,2022-03-05,6,0,59,61,30,16.157557936074923
32,25,2022-03-05,7,0,60,62,30,36.33883446566334
32,25,2022-03-05,2,0,61,63,30,9.103227260055348
32,25,2022-03-05,1,0,62,64,30,19.59653939340049
32,25,2022-03-05,4,0,62,65,45,6.549845566607793
32,25,2022-03-05,2,0,67,69,30,21.273571606362147
32,25,2022-03-05,7,0,67,69,30,21.81450640448574
32,25,2022-03-05,0,0,71,74,45,13.61515617062237
32,25,2022-03-05,5,0,71,73,30,18.36841368460496
32,25,2022-03-05,1,0,73,74,15,26.710942401917606
32,25,2022-03-05,2,0,73,78,75,20.01739605122365
32,25,2022-03-05,7,0,73,74,15,16.700856648703017
32,26,2022-01-17,2,0,8,11,45,15.392070470956057
32,26,2022-01-17,4,0,12,14,30,19.472884971356024
32,26,2022-01-17,2,0,15,16,15,11.91871352505207
32,26,2022-01-17,5,0,15,17,30,15.368010311276194
32,26,2022-01-17,4,0,18,20,30,18.630481580191727
32,26,2022-01-17,2,0,20,22,30,9.254533154069861
32,26,2022-01-17,7,0,25,29,60,5.0
32,26,2022-01-17,6,0,27,29,30,7.3052467353808055
32,26,2022-01-17,3,0,28,31,45,12.123356865302767
32,26,2022-01-17,2,0,29,31,30,9.875295489255372
32,26,2022-01-17,5,0,31,33,30,10.951666852181916
32,26,2022-01-17,1,0,33,35,30,13.899538845596787
32,26,2022-01-17,6,0,33,34,15,14.026518282278701
32,26,2022-01-17,3,0,34,37,45,23.437639402470936
32,26,2022-01-17,1,0,38,41,45,8.0
32,26,2022-01-17,0,0,43,44,15,6.92574872533789
32,26,2022-01-17,1,0,44,45,15,14.083228255306324
32,26,2022-01-17,2,0,44,47,45,12.070988447447803
32,26,2022-01-17,7,0,44,47,45,11.110691168508566
32,26,2022-01-17,5,0,46,47,15,24.145339881691733
32,26,2022-01-17,0,0,48,49,15,15.851357691360917
32,26,2022-01-17,7,0,50,53,45,15.856416862534289
32,26,2022-01-17,6,0,51,54,45,18.800461253961416
32,26,2022-01-17,0,0,52,53,15,14.52916758251628
32,26,2022-01-17,1,0,53,54,15,6.933166531580987
32,26,2022-01-17,2,0,54,56,30,19.194625625659214
32,26,2022-01-17,4,0,56,60,60,20.760217518356725
32,26,2022-01-17,5,0,56,58,30,20.407161127262356
32,26,2022-01-17,0,0,57,58,15,5.991194054993883
32,26,2022-01-17,6,0,57,65,120,23.016455901741125
32,26,2022-01-17,3,0,58,60,30,7.0
32,26,2022-01-17,1,0,59,61,30,29.318199101300152
32,26,2022-01-17,2,0,60,62,30,30.29626264804927
32,26,2022-01-17,0,0,61,63,30,20.43799404712947
32,26,2022-01-17,7,0,64,66,30,22.040692693294133
32,26,2022-01-17,2,0,66,68,30,14.755035122288106
32,26,2022-01-17,0,0,74,75,15,27.61281781626579
32,26,2022-01-17,3,0,76,77,15,21.83068140306731
32,26,2022-03-05,1,0,6,8,30,15.915567286494515
32,26,2022-03-05,4,0,12,14,30,19.472884971356024
32,26,2022-03-05,4,0,21,22,15,15.660454736712353
32,26,2022-03-05,2,0,22,24,30,14.452815161585207
32,26,2022-03-05,7,0,25,29,60,5.0
32,26,2022-03-05,6,0,27,29,30,7.3052467353808055
32,26,2022-03-05,3,0,28,31,45,12.123356865302767
32,26,2022-03-05,4,0,28,29,15,24.84726120139773
32,26,2022-03-05,2,0,29,31,30,9.875295489255372
32,26,2022-03-05,1,0,30,34,60,13.843847899273726
32,26,2022-03-05,5,0,31,33,30,5.878253635577437
32,26,2022-03-05,6,0,32,34,30,9.49009128624509
32,26,2022-03-05,3,0,34,37,45,23.437639402470936
32,26,2022-03-05,0,0,38,41,45,10.700354314768987
32,26,2022-03-05,1,0,38,41,45,8.0
32,26,2022-03-05,5,0,39,42,45,10.070440909679803
32,26,2022-03-05,1,0,44,45,15,14.083228255306324
32,26,2022-03-05,2,0,44,47,45,22.93937068716049
32,26,2022-03-05,7,0,44,47,45,11.110691168508566
32,26,2022-03-05,5,0,46,47,15,16.647340511438763
32,26,2022-03-05,0,0,48,49,15,15.851357691360917
32,26,2022-03-05,1,0,50,52,30,15.856416862534289
32,26,2022-03-05,7,0,50,53,45,18.776015343363056
32,26,2022-03-05,6,0,51,54,45,7.060000260560315
32,26,2022-03-05,0,0,52,53,15,14.52916758251628
32,26,2022-03-05,2,0,54,56,30,19.194625625659214
32,26,2022-03-05,5,0,56,58,30,20.407161127262356
32,26,2022-03-05,3,0,58,60,30,7.0
32,26,2022-03-05,0,0,59,62,45,23.768262473640718
32,26,2022-03-05,4,0,59,64,75,17.44388138680314
32,26,2022-03-05,1,0,60,61,15,6.0
32,26,2022-03-05,7,0,64,66,30,22.040692693294133
32,26,2022-03-05,2,0,66,68,30,14.755035122288106
32,26,2022-03-05,0,0,74,75,15,27.61281781626579
32,26,2022-03-05,3,0,76,77,15,21.83068140306731
32,26,2022-03-05,2,0,79,82,45,30.425658651840756
32,27,2022-01-17,3,0,17,19,30,10.959287317742664
32,27,2022-01-17,4,0,18,22,60,23.12242471367388
32,27,2022-01-17,0,0,19,20,15,17.132820995652438
32,27,2022-01-17,5,0,19,20,15,23.356293535083537
32,27,2022-01-17,7,0,19,22,45,8.164186287608132
32,27,2022-01-17,2,0,20,23,45,14.18990935831026
32,27,2022-01-17,6,0,21,22,15,6.376256560632839
32,27,2022-01-17,1,0,23,27,60,18.346850202386506
32,27,2022-01-17,0,0,25,26,15,6.815371439105064
32,27,2022-01-17,3,0,25,27,30,13.927021549885339
32,27,2022-01-17,1,0,30,31,15,22.87714664450055
32,27,2022-01-17,6,0,31,34,45,14.70337600907294
32,27,2022-01-17,3,0,32,34,30,16.904019621435722
32,27,2022-01-17,2,0,36,38,30,14.464611391995469
32,27,2022-01-17,7,0,36,37,15,12.609296784807178
32,27,2022-01-17,3,0,37,40,45,12.835094542720086
32,27,2022-01-17,5,0,37,40,45,5.372541707812715
32,27,2022-01-17,0,0,39,42,45,7.0
32,27,2022-01-17,1,0,39,42,45,5.0
32,27,2022-01-17,6,0,39,41,30,11.17825778601911
32,27,2022-01-17,4,0,45,46,15,18.072740190610347
32,27,2022-01-17,5,0,46,49,45,19.860609852561637
32,27,2022-01-17,2,0,47,48,15,25.344915468995744
32,27,2022-01-17,2,0,51,54,45,21.664055090871443
32,27,2022-01-17,4,0,52,55,45,23.869887790594206
32,27,2022-01-17,6,0,52,54,30,34.641383470855544
32,27,2022-01-17,5,0,53,55,30,17.22643448834802
32,27,2022-01-17,3,0,54,55,15,16.396917860540114
32,27,2022-01-17,1,0,56,58,30,7.0
32,27,2022-01-17,7,0,58,59,15,17.964006304469848
32,27,2022-01-17,4,0,61,62,15,16.601365076299913
32,27,2022-01-17,6,0,61,63,30,5.386074770642566
32,27,2022-01-17,3,0,64,66,30,45.28504690378378
32,27,2022-01-17,5,0,64,65,15,5.113231230328807
32,27,2022-01-17,4,0,65,66,15,5.393653022593099
32,27,2022-01-17,2,0,67,69,30,9.0
32,27,2022-01-17,7,0,67,69,30,15.566429029420163
32,27,2022-01-17,5,0,68,70,30,37.42601493753825
32,27,2022-01-17,2,0,72,73,15,21.321677273599867
32,27,2022-01-17,4,0,72,74,30,16.991021855227167
32,27,2022-01-17,1,0,73,75,30,30.22945643599415
32,27,2022-01-17,0,0,77,78,15,13.655813046645669
32,27,2022-01-17,6,0,77,78,15,26.314736935203328
32,27,2022-03-05,3,0,17,19,30,10.959287317742664
32,27,2022-03-05,4,0,18,22,60,23.12242471367388
32,27,2022-03-05,5,0,19,20,15,17.132820995652438
32,27,2022-03-05,2,0,20,23,45,23.356293535083537
32,27,2022-03-05,7,0,23,25,30,8.320426604611214
32,27,2022-03-05,0,0,25,26,15,14.821492346257628
32,27,2022-03-05,3,0,25,27,30,13.927021549885339
32,27,2022-03-05,1,0,27,28,15,6.370605577337045
32,27,2022-03-05,4,0,29,32,45,6.0
32,27,2022-03-05,6,0,31,34,45,18.833898419698023
32,27,2022-03-05,3,0,32,34,30,16.904019621435722
32,27,2022-03-05,7,0,32,34,30,21.01240172623872
32,27,2022-03-05,5,0,33,34,15,18.0047320761323
32,27,2022-03-05,2,0,36,38,30,14.464611391995469
32,27,2022-03-05,1,0,37,40,45,15.440347868796096
32,27,2022-03-05,3,0,37,40,45,12.835094542720086
32,27,2022-03-05,5,0,37,40,45,5.372541707812715
32,27,2022-03-05,0,0,39,42,45,7.0
32,27,2022-03-05,6,0,39,41,30,11.17825778601911
32,27,2022-03-05,4,0,40,41,15,9.0
32,27,2022-03-05,4,0,45,46,15,18.072740190610347
32,27,2022-03-05,7,0,45,46,15,19.860609852561637
32,27,2022-03-05,5,0,46,49,45,24.696363693062843
32,27,2022-03-05,2,0,47,48,15,8.30598734925887
32,27,2022-03-05,6,0,50,51,15,18.989178015894282
32,27,2022-03-05,2,0,51,54,45,21.664055090871443
32,27,2022-03-05,4,0,52,55,45,23.869887790594206
32,27,2022-03-05,5,0,53,55,30,17.22643448834802
32,27,2022-03-05,3,0,54,55,15,16.396917860540114
32,27,2022-03-05,6,0,55,58,45,15.396719347323874
32,27,2022-03-05,1,0,56,58,30,7.0
32,27,2022-03-05,7,0,58,59,15,17.964006304469848
32,27,2022-03-05,3,0,64,66,30,45.28504690378378
32,27,2022-03-05,5,0,64,65,15,5.113231230328807
32,27,2022-03-05,4,0,65,66,15,5.393653022593099
32,27,2022-03-05,2,0,67,69,30,9.0
32,27,2022-03-05,7,0,67,69,30,15.566429029420163
32,27,2022-03-05,5,0,68,70,30,37.42601493753825
32,27,2022-03-05,2,0,72,73,15,21.321677273599867
32,27,2022-03-05,4,0,72,74,30,16.991021855227167
32,27,2022-03-05,1,0,73,75,30,30.22945643599415
32,27,2022-03-05,0,0,77,78,15,13.655813046645669
32,27,2022-03-05,6,0,77,78,15,26.314736935203328
32,28,2022-01-17,0,0,14,16,30,20.530906095179375
32,28,2022-01-17,3,0,14,17,45,20.982303852580678
32,28,2022-01-17,6,0,14,16,30,6.199648929771662
32,28,2022-01-17,7,0,15,17,30,12.902883173601396
32,28,2022-01-17,1,0,17,19,30,16.75050354027782
32,28,2022-01-17,4,0,17,21,60,14.231732418292381
32,28,2022-01-17,2,0,18,20,30,7.481494792394784
32,28,2022-01-17,5,0,20,21,15,8.727598942863231
32,28,2022-01-17,6,0,21,23,30,20.143689835789537
32,28,2022-01-17,3,0,22,23,15,7.22808732585586
32,28,2022-01-17,7,0,22,23,15,18.921835260187414
32,28,2022-01-17,5,0,26,28,30,9.0
32,28,2022-01-17,1,0,27,28,15,11.966732972221394
32,28,2022-01-17,2,0,30,34,60,12.84572397313319
32,28,2022-01-17,0,0,33,35,30,19.9953207146455
32,28,2022-01-17,7,0,33,36,45,7.736758516087157
32,28,2022-01-17,4,0,34,37,45,18.97288541039771
32,28,2022-01-17,1,0,35,37,30,21.46423633626828
32,28,2022-01-17,2,0,40,42,30,16.405635944211298
32,28,2022-01-17,0,0,41,42,15,9.832744343482823
32,28,2022-01-17,3,0,42,44,30,15.874170165478148
32,28,2022-01-17,6,0,43,47,60,14.980673034442574
32,28,2022-01-17,0,0,46,47,15,25.258735271636702
32,28,2022-01-17,7,0,46,47,15,6.129230712652117
32,28,2022-01-17,3,0,50,53,45,33.98206660286719
32,28,2022-01-17,5,0,50,53,45,19.397915424046154
32,28,2022-01-17,7,0,50,51,15,15.95816958802466
32,28,2022-01-17,4,0,53,54,15,6.0
32,28,2022-01-17,0,0,54,58,60,26.32053643588685
32,28,2022-01-17,1,0,54,57,45,12.431629298756178
32,28,2022-01-17,2,0,55,59,60,5.0
32,28,2022-01-17,6,0,56,60,60,14.797688006560662
32,28,2022-01-17,1,0,61,63,30,11.152221246049749
32,28,2022-01-17,3,0,62,66,60,21.435027637114956
32,28,2022-01-17,4,0,63,64,15,8.728800701943229
32,28,2022-01-17,7,0,64,66,30,18.34578778298672
32,28,2022-01-17,2,0,67,68,15,6.0
32,28,2022-01-17,6,0,68,71,45,10.18467902087528
32,28,2022-01-17,0,0,72,74,30,14.7055877201758
32,28,2022-01-17,1,0,72,74,30,17.766234793334824
32,28,2022-01-17,2,0,72,75,45,15.108842050751633
32,28,2022-01-17,6,0,78,81,45,33.339758933142015
32,28,2022-03-05,6,0,14,16,30,20.530906095179375
32,28,2022-03-05,1,0,17,19,30,17.2397090740669
32,28,2022-03-05,4,0,20,22,30,6.0
32,28,2022-03-05,6,0,21,23,30,20.143689835789537
32,28,2022-03-05,3,0,22,23,15,11.403918726647042
32,28,2022-03-05,7,0,22,23,15,8.618054587084877
32,28,2022-03-05,5,0,26,28,30,15.466744547639266
32,28,2022-03-05,6,0,26,28,30,8.0
32,28,2022-03-05,1,0,27,28,15,11.966732972221394
32,28,2022-03-05,0,0,28,33,75,10.307103002739836
32,28,2022-03-05,2,0,30,34,60,6.0
32,28,2022-03-05,7,0,33,36,45,7.736758516087157
32,28,2022-03-05,4,0,34,37,45,18.97288541039771
32,28,2022-03-05,5,0,34,35,15,27.255508370486893
32,28,2022-03-05,6,0,34,36,30,8.407112449187927
32,28,2022-03-05,1,0,35,37,30,21.46423633626828
32,28,2022-03-05,0,0,36,40,60,8.0
32,28,2022-03-05,3,0,38,41,45,9.687142706505043
32,28,2022-03-05,2,0,39,41,30,20.43820921446183
32,28,2022-03-05,6,0,41,43,30,9.112568095621768
32,28,2022-03-05,4,0,43,47,60,15.472505936712928
32,28,2022-03-05,3,0,44,46,30,13.15377619860324
32,28,2022-03-05,7,0,45,46,15,25.39011695722362
32,28,2022-03-05,0,0,46,47,15,7.794082347174097
32,28,2022-03-05,1,0,50,52,30,20.020277909326644
32,28,2022-03-05,3,0,50,53,45,19.441350494287192
32,28,2022-03-05,5,0,50,53,45,20.376821413731236
32,28,2022-03-05,7,0,50,51,15,15.95816958802466
32,28,2022-03-05,4,0,53,54,15,6.0
32,28,2022-03-05,6,0,56,60,60,14.797688006560662
32,28,2022-03-05,2,0,57,59,30,12.607529497939154
32,28,2022-03-05,0,0,59,61,30,29.80600891872892
32,28,2022-03-05,1,0,61,63,30,11.152221246049749
32,28,2022-03-05,3,0,62,66,60,21.435027637114956
32,28,2022-03-05,4,0,63,64,15,8.728800701943229
32,28,2022-03-05,7,0,64,66,30,18.34578778298672
32,28,2022-03-05,2,0,67,68,15,6.0
32,28,2022-03-05,6,0,68,71,45,10.18467902087528
32,28,2022-03-05,0,0,72,74,30,14.7055877201758
32,28,2022-03-05,6,0,78,81,45,33.339758933142015
32,29,2022-01-17,0,0,13,15,30,10.976443331428392
32,29,2022-01-17,6,0,16,19,45,7.699421604778507
32,29,2022-01-17,1,0,17,19,30,21.35957083945108
32,29,2022-01-17,2,0,17,20,45,16.66496860175691
32,29,2022-01-17,3,0,17,19,30,10.091197908557348
32,29,2022-01-17,0,0,21,27,90,12.214102121990585
32,29,2022-01-17,5,0,23,26,45,14.271244916423086
32,29,2022-01-17,6,0,24,26,30,14.761221063843884
32,29,2022-01-17,1,0,30,31,15,7.0
32,29,2022-01-17,2,0,31,33,30,12.661002743755432
32,29,2022-01-17,7,0,32,34,30,9.380119057800059
32,29,2022-01-17,0,0,35,36,15,6.0
32,29,2022-01-17,3,0,36,37,15,22.096301461016196
32,29,2022-01-17,4,0,37,39,30,13.262601305554071
32,29,2022-01-17,2,0,39,40,15,20.521605342711737
32,29,2022-01-17,1,0,40,44,60,15.236378626133579
32,29,2022-01-17,5,0,43,44,15,22.37223340667188
32,29,2022-01-17,1,0,47,49,30,29.338456520324506
32,29,2022-01-17,4,0,47,50,45,12.048192267564339
32,29,2022-01-17,5,0,47,49,30,25.891332178919605
32,29,2022-01-17,3,0,50,55,75,13.438684384682603
32,29,2022-01-17,4,0,53,54,15,15.496581333978881
32,29,2022-01-17,5,0,53,55,30,29.600124716205606
32,29,2022-01-17,7,0,53,55,30,15.21358676789751
32,29,2022-01-17,2,0,54,58,60,9.0
32,29,2022-01-17,6,0,54,57,45,14.012087941487877
32,29,2022-01-17,1,0,55,58,45,9.71635905484181
32,29,2022-01-17,0,0,56,58,30,15.144300957872595
32,29,2022-01-17,0,0,61,64,45,6.649346425441266
32,29,2022-01-17,1,0,62,64,30,15.217311555321487
32,29,2022-01-17,4,0,63,66,45,25.227107771868212
32,29,2022-01-17,7,0,64,66,30,19.640881530090226
32,29,2022-01-17,0,0,68,70,30,14.690921077270943
32,29,2022-01-17,6,0,69,71,30,27.895231040785937
32,29,2022-01-17,5,0,70,72,30,9.902922346550824
32,29,2022-01-17,1,0,71,73,30,38.53895365568027
32,29,2022-01-17,0,0,75,77,30,5.0
32,29,2022-01-17,3,0,75,77,30,22.556113046395396
32,29,2022-01-17,1,0,79,80,15,22.754426786333084
32,29,2022-01-17,0,0,80,81,15,23.817262544575044
32,29,2022-01-17,3,0,82,83,15,35.50229102772012
32,29,2022-03-05,1,0,19,20,15,8.847974403124226
32,29,2022-03-05,3,0,19,21,30,6.992644962184151
32,29,2022-03-05,0,0,21,27,90,21.699484062752433
32,29,2022-03-05,5,0,23,26,45,16.662595257009087
32,29,2022-03-05,6,0,24,26,30,10.089760768642606
32,29,2022-03-05,7,0,25,27,30,14.626535982421274
32,29,2022-03-05,1,0,30,31,15,7.0
32,29,2022-03-05,7,0,30,33,45,8.0
32,29,2022-03-05,0,0,31,32,15,11.741227063359972
32,29,2022-03-05,2,0,31,33,30,9.380119057800059
32,29,2022-03-05,5,0,33,35,30,12.100175033064872
32,29,2022-03-05,0,0,35,36,15,6.0
32,29,2022-03-05,3,0,36,37,15,22.096301461016196
32,29,2022-03-05,6,0,36,38,30,13.883996607402537
32,29,2022-03-05,2,0,37,39,30,6.772739218143464
32,29,2022-03-05,4,0,37,39,30,13.262601305554071
32,29,2022-03-05,1,0,40,44,60,20.521605342711737
32,29,2022-03-05,5,0,40,42,30,12.390937271695115
32,29,2022-03-05,4,0,43,44,15,11.741917171611306
32,29,2022-03-05,0,0,45,47,30,28.587713906774944
32,29,2022-03-05,7,0,45,46,15,12.848426683458655
32,29,2022-03-05,1,0,47,49,30,26.70317005302342
32,29,2022-03-05,4,0,47,50,45,12.048192267564339
32,29,2022-03-05,5,0,47,49,30,25.891332178919605
32,29,2022-03-05,3,0,50,55,75,15.366631188067274
32,29,2022-03-05,4,0,53,54,15,15.496581333978881
32,29,2022-03-05,5,0,53,55,30,29.600124716205606
32,29,2022-03-05,7,0,53,55,30,15.21358676789751
32,29,2022-03-05,2,0,54,58,60,9.0
32,29,2022-03-05,6,0,54,57,45,14.012087941487877
32,29,2022-03-05,1,0,55,58,45,9.71635905484181
32,29,2022-03-05,0,0,56,58,30,15.144300957872595
32,29,2022-03-05,1,0,62,64,30,15.217311555321487
32,29,2022-03-05,4,0,63,66,45,25.227107771868212
32,29,2022-03-05,7,0,64,66,30,19.640881530090226
32,29,2022-03-05,0,0,68,70,30,14.690921077270943
32,29,2022-03-05,6,0,69,71,30,27.895231040785937
32,29,2022-03-05,5,0,70,72,30,9.902922346550824
32,29,2022-03-05,1,0,71,73,30,38.53895365568027
32,29,2022-03-05,0,0,75,77,30,5.0
32,29,2022-03-05,3,0,75,77,30,22.556113046395396
32,29,2022-03-05,1,0,79,80,15,22.754426786333084
32,29,2022-03-05,0,0,80,81,15,23.817262544575044
32,29,2022-03-05,3,0,82,83,15,35.50229102772012
32,30,2022-01-17,1,0,13,14,15,8.51380855754114
32,30,2022-01-17,0,0,16,18,30,5.061646170302481
32,30,2022-01-17,4,0,16,18,30,15.733467250336389
32,30,2022-01-17,7,0,17,18,15,6.0
32,30,2022-01-17,3,0,19,21,30,13.617005651079921
32,30,2022-01-17,5,0,19,21,30,13.754276101321231
32,30,2022-01-17,2,0,20,23,45,9.01224370914531
32,30,2022-01-17,0,0,24,25,15,13.7899579192813
32,30,2022-01-17,7,0,25,27,30,17.523349268566406
32,30,2022-01-17,6,0,26,28,30,26.31250985938695
32,30,2022-01-17,1,0,28,30,30,18.984265411447765
32,30,2022-01-17,0,0,29,30,15,15.202966856115935
32,30,2022-01-17,3,0,30,31,15,6.0
32,30,2022-01-17,3,0,34,37,45,15.435994146105685
32,30,2022-01-17,2,0,38,39,15,18.87179056924436
32,30,2022-01-17,6,0,41,44,45,17.310059922101537
32,30,2022-01-17,7,0,43,44,15,23.878780608413265
32,30,2022-01-17,2,0,44,47,45,6.0
32,30,2022-01-17,3,0,48,49,15,26.01795215580959
32,30,2022-01-17,5,0,48,49,15,22.922437235221523
32,30,2022-01-17,0,0,50,51,15,11.428722161863718
32,30,2022-01-17,1,0,51,52,15,15.337659519487566
32,30,2022-01-17,2,0,52,54,30,17.169440655647136
32,30,2022-01-17,3,0,52,55,45,25.084803172060695
32,30,2022-01-17,4,0,52,53,15,6.0
32,30,2022-01-17,7,0,53,55,30,20.907806737515678
32,30,2022-01-17,5,0,54,57,45,24.10219862283875
32,30,2022-01-17,6,0,54,57,45,21.212376929624575
32,30,2022-01-17,1,0,57,60,45,13.955861365065218
32,30,2022-01-17,0,0,59,60,15,19.94244773779505
32,30,2022-01-17,7,0,59,60,15,22.473912985671014
32,30,2022-01-17,3,0,60,62,30,28.122639857763332
32,30,2022-01-17,5,0,61,63,30,22.576119237085706
32,30,2022-01-17,2,0,62,63,15,33.38381618643902
32,30,2022-01-17,4,0,63,65,30,35.33971209943681
32,30,2022-01-17,6,0,63,65,30,34.615530625295435
32,30,2022-01-17,5,0,67,69,30,22.10548805461776
32,30,2022-01-17,0,0,75,77,30,12.227058441654236
32,30,2022-03-05,2,0,20,23,45,6.86287515141948
32,30,2022-03-05,4,0,20,23,45,9.0
32,30,2022-03-05,3,0,22,25,45,6.0
32,30,2022-03-05,0,0,24,25,15,8.851836253180394
32,30,2022-03-05,7,0,25,27,30,9.394715497016726
32,30,2022-03-05,1,0,26,27,15,7.82899269818882
32,30,2022-03-05,2,0,26,27,15,25.411218386453548
32,30,2022-03-05,6,0,26,28,30,17.344706107863367
32,30,2022-03-05,0,0,29,30,15,15.202966856115935
32,30,2022-03-05,5,0,29,31,30,6.915949737268939
32,30,2022-03-05,3,0,30,31,15,6.0
32,30,2022-03-05,4,0,30,33,45,6.0
32,30,2022-03-05,3,0,34,37,45,15.435994146105685
32,30,2022-03-05,2,0,38,39,15,18.87179056924436
32,30,2022-03-05,5,0,39,40,15,16.38071891724458
32,30,2022-03-05,6,0,41,44,45,17.310059922101537
32,30,2022-03-05,7,0,43,44,15,9.770760843971928
32,30,2022-03-05,2,0,44,47,45,6.0
32,30,2022-03-05,4,0,44,46,30,21.584731204760118
32,30,2022-03-05,5,0,44,45,15,15.361537029878633
32,30,2022-03-05,3,0,48,49,15,15.815508048366482
32,30,2022-03-05,5,0,48,49,15,11.804217857755887
32,30,2022-03-05,0,0,50,51,15,16.33671083816033
32,30,2022-03-05,1,0,51,52,15,10.346552656958082
32,30,2022-03-05,2,0,52,54,30,17.169440655647136
32,30,2022-03-05,3,0,52,55,45,25.084803172060695
32,30,2022-03-05,4,0,52,53,15,15.1203258433761
32,30,2022-03-05,7,0,53,55,30,20.907806737515678
32,30,2022-03-05,6,0,54,57,45,9.232479645013157
32,30,2022-03-05,5,0,55,58,45,14.245763428608129
32,30,2022-03-05,1,0,57,60,45,13.955861365065218
32,30,2022-03-05,0,0,59,60,15,19.94244773779505
32,30,2022-03-05,7,0,59,60,15,22.473912985671014
32,30,2022-03-05,3,0,60,62,30,28.122639857763332
32,30,2022-03-05,5,0,61,63,30,22.576119237085706
32,30,2022-03-05,4,0,63,65,30,35.33971209943681
32,30,2022-03-05,6,0,63,65,30,34.615530625295435
32,30,2022-03-05,5,0,67,69,30,22.10548805461776
32,30,2022-03-05,0,0,75,77,30,12.227058441654236
32,31,2022-01-17,4,0,5,8,45,12.920266108695763
32,31,2022-01-17,1,0,14,17,45,27.179439757884424
32,31,2022-01-17,6,0,14,17,45,7.0856147485989425
32,31,2022-01-17,0,0,15,17,30,18.737862841319192
32,31,2022-01-17,7,0,15,17,30,6.0
32,31,2022-01-17,3,0,16,17,15,10.771852248839139
32,31,2022-01-17,5,0,18,19,15,5.113998995266002
32,31,2022-01-17,2,0,19,20,15,20.327989279312057
32,31,2022-01-17,6,0,20,22,30,13.298156006529027
32,31,2022-01-17,3,0,21,24,45,22.513504724164356
32,31,2022-01-17,4,0,24,25,15,17.20460393197439
32,31,2022-01-17,6,0,26,28,30,13.124994143428722
32,31,2022-01-17,3,0,30,32,30,16.105819440695072
32,31,2022-01-17,4,0,30,32,30,12.309726690535491
32,31,2022-01-17,5,0,32,33,15,18.006847953010023
32,31,2022-01-17,0,0,35,42,105,13.532137787227995
32,31,2022-01-17,1,0,35,37,30,6.381280959989567
32,31,2022-01-17,6,0,39,40,15,14.154124872445472
32,31,2022-01-17,5,0,40,43,45,25.747566713728666
32,31,2022-01-17,4,0,41,43,30,8.179191240356701
32,31,2022-01-17,7,0,43,47,60,14.100250882034544
32,31,2022-01-17,0,0,48,49,15,16.59343944220852
32,31,2022-01-17,2,0,49,52,45,19.74530265858803
32,31,2022-01-17,0,0,53,56,45,7.0
32,31,2022-01-17,1,0,53,54,15,14.749181194377428
32,31,2022-01-17,7,0,54,57,45,13.974499827246419
32,31,2022-01-17,3,0,55,57,30,19.342405028475625
32,31,2022-01-17,2,0,59,60,15,27.767925807099957
32,31,2022-01-17,1,0,60,63,45,11.671046286416527
32,31,2022-01-17,3,0,60,64,60,10.143274487623245
32,31,2022-01-17,4,0,63,64,15,20.971248873735888
32,31,2022-01-17,7,0,65,67,30,20.855748260680272
32,31,2022-01-17,2,0,67,69,30,19.303675287912043
32,31,2022-01-17,4,0,69,70,15,20.823825304792607
32,31,2022-01-17,6,0,72,74,30,30.180887506964943
32,31,2022-03-05,4,0,5,8,45,12.920266108695763
32,31,2022-03-05,6,0,16,17,15,24.12344573574034
32,31,2022-03-05,3,0,21,24,45,5.9144066551248216
32,31,2022-03-05,4,0,24,25,15,17.20460393197439
32,31,2022-03-05,6,0,26,28,30,13.124994143428722
32,31,2022-03-05,7,0,28,29,15,17.60636880835741
32,31,2022-03-05,3,0,30,32,30,16.105819440695072
32,31,2022-03-05,4,0,30,32,30,12.309726690535491
32,31,2022-03-05,2,0,31,35,60,6.0
32,31,2022-03-05,5,0,32,33,15,10.234936716289326
32,31,2022-03-05,0,0,35,42,105,5.29828128493881
32,31,2022-03-05,1,0,35,37,30,21.466603693786553
32,31,2022-03-05,6,0,38,41,45,10.9844097257944
32,31,2022-03-05,2,0,39,43,60,11.153979938812114
32,31,2022-03-05,4,0,40,42,30,14.154124872445472
32,31,2022-03-05,5,0,40,43,45,25.747566713728666
32,31,2022-03-05,7,0,43,47,60,14.100250882034544
32,31,2022-03-05,0,0,48,49,15,16.59343944220852
32,31,2022-03-05,2,0,49,52,45,24.176375873669883
32,31,2022-03-05,4,0,50,51,15,17.13375521350237
32,31,2022-03-05,0,0,53,56,45,7.0
32,31,2022-03-05,1,0,53,54,15,14.749181194377428
32,31,2022-03-05,7,0,54,57,45,13.974499827246419
32,31,2022-03-05,3,0,55,57,30,19.342405028475625
32,31,2022-03-05,1,0,60,63,45,11.671046286416527
32,31,2022-03-05,3,0,60,64,60,10.143274487623245
32,31,2022-03-05,4,0,63,64,15,20.971248873735888
32,31,2022-03-05,7,0,65,67,30,20.855748260680272
32,31,2022-03-05,2,0,67,69,30,19.303675287912043
32,31,2022-03-05,4,0,69,70,15,20.823825304792607
32,31,2022-03-05,6,0,72,74,30,30.180887506964943
32,31,2022-03-05,1,0,78,80,30,15.483915001093052
32,31,2022-03-05,0,0,79,81,30,16.98487235220594
32,32,2022-01-17,3,0,13,15,30,6.1859847637447345
32,32,2022-01-17,2,0,14,19,75,18.93297392919554
32,32,2022-01-17,6,0,17,20,45,13.85634736273888
32,32,2022-01-17,0,0,18,20,30,21.05281354402522
32,32,2022-01-17,4,0,18,21,45,5.153983490195543
32,32,2022-01-17,5,0,19,21,30,11.13520898996478
32,32,2022-01-17,3,0,20,25,75,12.700437255108085
32,32,2022-01-17,5,0,26,28,30,21.349196178040017
32,32,2022-01-17,1,0,27,29,30,21.385649454418264
32,32,2022-01-17,0,0,31,33,30,16.413687990384915
32,32,2022-01-17,2,0,31,34,45,7.076678634064983
32,32,2022-01-17,7,0,36,39,45,19.467642073747612
32,32,2022-01-17,4,0,37,40,45,11.404131400098855
32,32,2022-01-17,5,0,37,42,75,14.700720885278209
32,32,2022-01-17,1,0,38,39,15,6.144661429714958
32,32,2022-01-17,3,0,39,40,15,29.351873746270634
32,32,2022-01-17,3,0,44,47,45,9.0
32,32,2022-01-17,7,0,45,46,15,5.502868717254145
32,32,2022-01-17,1,0,46,47,15,11.836130169747193
32,32,2022-01-17,0,0,50,53,45,16.622067107304957
32,32,2022-01-17,4,0,52,57,75,15.239104377971913
32,32,2022-01-17,5,0,52,54,30,20.49257349384449
32,32,2022-01-17,1,0,53,54,15,18.763461550035217
32,32,2022-01-17,1,0,58,59,15,9.0
32,32,2022-01-17,3,0,58,62,60,11.132558728229426
32,32,2022-01-17,7,0,58,62,60,14.24267450568692
32,32,2022-01-17,2,0,60,61,15,19.488831520215612
32,32,2022-01-17,0,0,61,62,15,20.90077856429835
32,32,2022-01-17,7,0,65,66,15,15.285368818982576
32,32,2022-01-17,2,0,66,69,45,11.277710960490921
32,32,2022-01-17,5,0,66,70,60,29.713835674282855
32,32,2022-01-17,1,0,70,75,75,28.13638662892056
32,32,2022-01-17,2,0,73,76,45,5.0
32,32,2022-01-17,6,0,75,76,15,6.8498221241610295
32,32,2022-03-05,3,0,13,15,30,6.1859847637447345
32,32,2022-03-05,5,0,26,28,30,15.940919462669285
32,32,2022-03-05,1,0,27,29,30,14.06437966665954
32,32,2022-03-05,3,0,28,33,75,10.020240520263265
32,32,2022-03-05,0,0,31,33,30,21.60861830809985
32,32,2022-03-05,2,0,31,34,45,5.290051221561825
32,32,2022-03-05,5,0,32,33,15,18.855293099603415
32,32,2022-03-05,7,0,36,39,45,11.758916002495681
32,32,2022-03-05,4,0,37,40,45,22.586098205749423
32,32,2022-03-05,5,0,37,42,75,14.700720885278209
32,32,2022-03-05,1,0,38,39,15,6.144661429714958
32,32,2022-03-05,6,0,38,41,45,20.143251164606312
32,32,2022-03-05,3,0,39,40,15,29.351873746270634
32,32,2022-03-05,3,0,44,47,45,9.0
32,32,2022-03-05,7,0,45,46,15,5.502868717254145
32,32,2022-03-05,1,0,46,47,15,15.893319435562702
32,32,2022-03-05,6,0,46,49,45,19.463681808318803
32,32,2022-03-05,0,0,50,53,45,16.622067107304957
32,32,2022-03-05,5,0,50,53,45,15.242367719084797
32,32,2022-03-05,4,0,52,57,75,15.239104377971913
32,32,2022-03-05,1,0,53,54,15,18.763461550035217
32,32,2022-03-05,1,0,58,59,15,9.0
32,32,2022-03-05,7,0,58,62,60,14.24267450568692
32,32,2022-03-05,0,0,64,67,45,32.8042380703542
32,32,2022-03-05,7,0,65,66,15,15.285368818982576
32,32,2022-03-05,2,0,66,69,45,11.277710960490921
32,32,2022-03-05,5,0,66,70,60,29.713835674282855
32,32,2022-03-05,1,0,70,75,75,28.13638662892056
32,32,2022-03-05,2,0,73,76,45,5.0
32,32,2022-03-05,6,0,75,76,15,6.8498221241610295
32,32,2022-03-05,3,0,82,85,45,26.154692472979526
32,32,2022-03-05,6,0,82,85,45,21.183813764269686
32,33,2022-01-17,5,0,17,21,60,17.718208202925872
32,33,2022-01-17,1,0,18,19,15,16.838362875579634
32,33,2022-01-17,6,0,19,20,15,18.121780186913213
32,33,2022-01-17,3,0,21,23,30,19.17206938627762
32,33,2022-01-17,2,0,23,28,75,11.736060807122328
32,33,2022-01-17,5,0,24,26,30,9.620733883329066
32,33,2022-01-17,0,0,26,29,45,10.640728599415425
32,33,2022-01-17,7,0,27,31,60,6.219161916372961
32,33,2022-01-17,5,0,29,31,30,8.892778718078013
32,33,2022-01-17,7,0,34,35,15,24.98354357545383
32,33,2022-01-17,0,0,36,37,15,16.87863182745025
32,33,2022-01-17,5,0,36,38,30,30.879316257321868
32,33,2022-01-17,3,0,42,43,15,19.02049423498562
32,33,2022-01-17,0,0,44,46,30,13.697836801518932
32,33,2022-01-17,2,0,44,47,45,16.134181286373845
32,33,2022-01-17,3,0,46,47,15,11.229585016753582
32,33,2022-01-17,4,0,48,51,45,12.869534072408861
32,33,2022-01-17,1,0,51,55,60,12.046211545290362
32,33,2022-01-17,7,0,51,54,45,16.268929113485953
32,33,2022-01-17,2,0,53,55,30,13.529471143396648
32,33,2022-01-17,6,0,53,56,45,20.61913307458093
32,33,2022-01-17,3,0,54,56,30,15.753157414622372
32,33,2022-01-17,0,0,55,56,15,23.435094884341332
32,33,2022-01-17,1,0,58,60,30,11.345098917250056
32,33,2022-01-17,4,0,58,60,30,6.0
32,33,2022-01-17,2,0,59,61,30,9.168774921749154
32,33,2022-01-17,6,0,59,61,30,15.830818651296205
32,33,2022-01-17,0,0,60,61,15,8.0
32,33,2022-01-17,3,0,61,62,15,9.0
32,33,2022-01-17,5,0,62,63,15,20.986487179915038
32,33,2022-01-17,0,0,65,67,30,8.019813081946836
32,33,2022-01-17,5,0,67,68,15,22.671452761455548
32,33,2022-01-17,6,0,67,70,45,31.211795814516748
32,33,2022-01-17,2,0,69,74,75,37.735403587261224
32,33,2022-01-17,7,0,69,70,15,13.571475325205824
32,33,2022-01-17,5,0,73,76,45,22.788955289832145
32,33,2022-01-17,3,0,76,79,45,10.185204526665402
32,33,2022-01-17,2,0,77,78,15,15.323202123249075
32,33,2022-03-05,3,0,21,23,30,18.00017329045737
32,33,2022-03-05,2,0,23,28,75,16.83596483685254
32,33,2022-03-05,5,0,24,26,30,18.468581764109103
32,33,2022-03-05,0,0,26,29,45,19.338815791409296
32,33,2022-03-05,7,0,27,31,60,11.91395691231584
32,33,2022-03-05,5,0,29,31,30,8.892778718078013
32,33,2022-03-05,6,0,31,33,30,10.657870780923801
32,33,2022-03-05,1,0,33,35,30,6.3696997781138975
32,33,2022-03-05,7,0,34,35,15,24.98354357545383
32,33,2022-03-05,0,0,36,37,15,16.87863182745025
32,33,2022-03-05,5,0,36,38,30,30.879316257321868
32,33,2022-03-05,2,0,41,45,60,19.02049423498562
32,33,2022-03-05,4,0,41,45,60,13.193624445086513
32,33,2022-03-05,3,0,42,43,15,15.540287981658153
32,33,2022-03-05,6,0,43,45,30,24.38556009409882
32,33,2022-03-05,0,0,44,46,30,11.913878462800568
32,33,2022-03-05,5,0,44,47,45,10.927650215824315
32,33,2022-03-05,3,0,46,47,15,11.229585016753582
32,33,2022-03-05,4,0,48,51,45,14.557276298242002
32,33,2022-03-05,0,0,50,52,30,15.286910978771033
32,33,2022-03-05,1,0,51,55,60,16.268929113485953
32,33,2022-03-05,6,0,51,54,45,20.996334678531674
32,33,2022-03-05,7,0,51,54,45,19.38034956466595
32,33,2022-03-05,2,0,53,55,30,13.529471143396648
32,33,2022-03-05,3,0,54,56,30,15.753157414622372
32,33,2022-03-05,0,0,55,56,15,23.435094884341332
32,33,2022-03-05,4,0,58,60,30,6.0
32,33,2022-03-05,2,0,59,61,30,9.168774921749154
32,33,2022-03-05,6,0,59,61,30,15.830818651296205
32,33,2022-03-05,0,0,60,61,15,8.0
32,33,2022-03-05,5,0,62,63,15,24.69182125205775
32,33,2022-03-05,0,0,65,67,30,8.019813081946836
32,33,2022-03-05,5,0,67,68,15,22.671452761455548
32,33,2022-03-05,6,0,67,70,45,31.211795814516748
32,33,2022-03-05,2,0,69,74,75,37.735403587261224
32,33,2022-03-05,7,0,69,70,15,13.571475325205824
32,33,2022-03-05,5,0,73,76,45,22.788955289832145
32,33,2022-03-05,3,0,76,79,45,10.185204526665402
32,33,2022-03-05,2,0,77,78,15,15.323202123249075
32,34,2022-01-17,0,0,11,13,30,8.43947198543789
32,34,2022-01-17,5,0,14,16,30,9.0
32,34,2022-01-17,3,0,15,17,30,10.088313213558862
32,34,2022-01-17,0,0,20,23,45,19.114342402003416
32,34,2022-01-17,2,0,20,23,45,8.299822514790762
32,34,2022-01-17,7,0,21,23,30,22.02526395183265
32,34,2022-01-17,4,0,22,24,30,8.0
32,34,2022-01-17,6,0,23,24,15,16.108310405348462
32,34,2022-01-17,1,0,25,28,45,11.393202684251442
32,34,2022-01-17,0,0,26,28,30,11.44526466203417
32,34,2022-01-17,2,0,27,30,45,18.379382447610112
32,34,2022-01-17,4,0,31,32,15,8.719914209315355
32,34,2022-01-17,1,0,32,34,30,9.09790188548142
32,34,2022-01-17,3,0,34,35,15,14.621970872152097
32,34,2022-01-17,6,0,35,36,15,17.9286873139488
32,34,2022-01-17,1,0,37,39,30,6.0
32,34,2022-01-17,4,0,37,39,30,24.00513514686787
32,34,2022-01-17,2,0,42,43,15,10.447351529386765
32,34,2022-01-17,1,0,44,46,30,16.55801930795284
32,34,2022-01-17,4,0,44,47,45,21.318385936711685
32,34,2022-01-17,5,0,45,46,15,7.0
32,34,2022-01-17,3,0,46,48,30,9.0
32,34,2022-01-17,0,0,51,52,15,17.230639037332352
32,34,2022-01-17,1,0,51,53,30,12.93480939613525
32,34,2022-01-17,3,0,53,54,15,25.645507477301194
32,34,2022-01-17,6,0,53,55,30,20.196527576240754
32,34,2022-01-17,5,0,55,57,30,16.622032913559536
32,34,2022-01-17,0,0,56,58,30,43.29619577224548
32,34,2022-01-17,1,0,59,62,45,24.103489837370773
32,34,2022-01-17,6,0,59,60,15,21.023878925971324
32,34,2022-01-17,2,0,60,63,45,8.59195984667896
32,34,2022-01-17,0,0,61,62,15,17.703892830233087
32,34,2022-01-17,3,0,62,63,15,17.804019915261662
32,34,2022-01-17,5,0,62,65,45,19.499518632792253
32,34,2022-01-17,7,0,64,67,45,33.429494663005606
32,34,2022-01-17,1,0,65,66,15,23.76205324597754
32,34,2022-01-17,0,0,68,70,30,15.78276936761781
32,34,2022-01-17,1,0,69,71,30,16.403836034318687
32,34,2022-01-17,5,0,70,71,15,31.609645279149213
32,34,2022-01-17,4,0,71,73,30,24.000787912379913
32,34,2022-01-17,0,0,75,76,15,18.241196763348135
32,34,2022-01-17,3,0,77,80,45,38.52664893318327
32,34,2022-01-17,7,0,82,84,30,25.57742586235591
32,34,2022-03-05,2,0,20,23,45,6.224872385149659
32,34,2022-03-05,4,0,22,24,30,9.0
32,34,2022-03-05,6,0,23,24,15,9.337586169633894
32,34,2022-03-05,1,0,25,28,45,8.669241837420508
32,34,2022-03-05,0,0,26,28,30,22.216825619592576
32,34,2022-03-05,2,0,27,30,45,18.379382447610112
32,34,2022-03-05,6,0,27,29,30,13.10555424343719
32,34,2022-03-05,4,0,28,30,30,9.406968773947725
32,34,2022-03-05,1,0,31,33,30,14.11540254095106
32,34,2022-03-05,3,0,32,35,45,8.0
32,34,2022-03-05,6,0,35,36,15,17.9286873139488
32,34,2022-03-05,1,0,37,39,30,6.0
32,34,2022-03-05,4,0,37,39,30,24.00513514686787
32,34,2022-03-05,5,0,38,41,45,17.270401428571894
32,34,2022-03-05,7,0,39,41,30,12.27286422806371
32,34,2022-03-05,6,0,40,42,30,20.46509608534744
32,34,2022-03-05,0,0,42,47,75,16.068198251888262
32,34,2022-03-05,2,0,42,43,15,10.447351529386765
32,34,2022-03-05,1,0,44,46,30,21.318385936711685
32,34,2022-03-05,4,0,44,47,45,7.0
32,34,2022-03-05,5,0,44,45,15,8.840641179336941
32,34,2022-03-05,3,0,46,48,30,5.843181313570867
32,34,2022-03-05,7,0,50,53,45,17.31418765673517
32,34,2022-03-05,0,0,51,52,15,12.127422819484345
32,34,2022-03-05,1,0,51,53,30,12.93480939613525
32,34,2022-03-05,3,0,53,54,15,25.645507477301194
32,34,2022-03-05,6,0,53,55,30,6.26873235430925
32,34,2022-03-05,5,0,55,57,30,16.622032913559536
32,34,2022-03-05,0,0,56,58,30,43.29619577224548
32,34,2022-03-05,2,0,60,63,45,8.59195984667896
32,34,2022-03-05,6,0,60,62,30,7.318565942676884
32,34,2022-03-05,0,0,61,62,15,17.703892830233087
32,34,2022-03-05,3,0,62,63,15,17.804019915261662
32,34,2022-03-05,5,0,62,65,45,19.499518632792253
32,34,2022-03-05,7,0,64,67,45,33.429494663005606
32,34,2022-03-05,1,0,65,66,15,23.76205324597754
32,34,2022-03-05,0,0,68,70,30,15.78276936761781
32,34,2022-03-05,1,0,69,71,30,16.403836034318687
32,34,2022-03-05,5,0,70,71,15,31.609645279149213
32,34,2022-03-05,4,0,71,73,30,24.000787912379913
32,34,2022-03-05,0,0,75,76,15,18.241196763348135
32,34,2022-03-05,3,0,77,80,45,38.52664893318327
32,34,2022-03-05,7,0,82,84,30,25.57742586235591
32,35,2022-01-17,2,0,12,14,30,21.130279473003647
32,35,2022-01-17,6,0,13,15,30,14.955772895768824
32,35,2022-01-17,4,0,16,20,60,22.32849490618124
32,35,2022-01-17,5,0,18,20,30,6.645693544069438
32,35,2022-01-17,3,0,19,22,45,5.652129977138671
32,35,2022-01-17,1,0,20,22,30,6.0
32,35,2022-01-17,6,0,20,23,45,13.997942597035973
32,35,2022-01-17,5,0,23,25,30,19.653036317416912
32,35,2022-01-17,0,0,24,25,15,5.701890091583479
32,35,2022-01-17,0,0,30,31,15,8.70232704835152
32,35,2022-01-17,4,0,34,36,30,14.63695183418372
32,35,2022-01-17,6,0,34,36,30,16.022595060200885
32,35,2022-01-17,5,0,36,39,45,12.809005343136832
32,35,2022-01-17,3,0,38,40,30,14.791787616616716
32,35,2022-01-17,7,0,41,42,15,15.612907138083635
32,35,2022-01-17,5,0,42,45,45,8.980313094958035
32,35,2022-01-17,4,0,43,45,30,25.346921872129705
32,35,2022-01-17,3,0,47,49,30,17.90759437467492
32,35,2022-01-17,5,0,51,53,30,18.477892486619282
32,35,2022-01-17,2,0,52,54,30,37.4202979452998
32,35,2022-01-17,4,0,55,58,45,12.886542215151977
32,35,2022-01-17,0,0,58,61,45,6.0
32,35,2022-01-17,6,0,58,59,15,11.083305218856552
32,35,2022-01-17,1,0,59,61,30,18.03938804641605
32,35,2022-01-17,2,0,59,60,15,15.36383614989792
32,35,2022-01-17,7,0,62,63,15,29.505754388758213
32,35,2022-01-17,2,0,63,65,30,5.741274729212492
32,35,2022-01-17,4,0,70,71,15,7.0834102774032885
32,35,2022-01-17,6,0,74,79,75,17.732137808442815
32,35,2022-01-17,0,0,76,78,30,31.70687751723152
32,35,2022-03-05,6,0,15,16,15,17.160780672868356
32,35,2022-03-05,3,0,19,22,45,12.055662455051504
32,35,2022-03-05,1,0,20,22,30,20.278826830571298
32,35,2022-03-05,6,0,20,23,45,13.997942597035973
32,35,2022-03-05,5,0,23,25,30,6.644747096329546
32,35,2022-03-05,0,0,24,25,15,5.760296369754087
32,35,2022-03-05,0,0,30,31,15,8.70232704835152
32,35,2022-03-05,3,0,30,32,30,8.946288069622568
32,35,2022-03-05,4,0,30,33,45,6.0
32,35,2022-03-05,2,0,34,40,90,5.928428893279431
32,35,2022-03-05,6,0,34,36,30,14.63695183418372
32,35,2022-03-05,5,0,36,39,45,12.809005343136832
32,35,2022-03-05,3,0,38,40,30,14.791787616616716
32,35,2022-03-05,7,0,40,42,30,14.796338524665757
32,35,2022-03-05,5,0,42,45,45,15.967602773901909
32,35,2022-03-05,6,0,42,44,30,7.0
32,35,2022-03-05,3,0,43,44,15,8.943611154219298
32,35,2022-03-05,4,0,43,45,30,25.346921872129705
32,35,2022-03-05,0,0,45,46,15,17.64333007788074
32,35,2022-03-05,3,0,47,49,30,36.66850461493248
32,35,2022-03-05,7,0,50,51,15,8.028057160267316
32,35,2022-03-05,1,0,51,52,15,11.483891336852324
32,35,2022-03-05,5,0,51,53,30,11.930717169683092
32,35,2022-03-05,2,0,52,54,30,13.036527082630784
32,35,2022-03-05,4,0,55,58,45,12.886542215151977
32,35,2022-03-05,0,0,58,61,45,6.0
32,35,2022-03-05,6,0,58,59,15,11.083305218856552
32,35,2022-03-05,1,0,59,61,30,18.03938804641605
32,35,2022-03-05,2,0,59,60,15,25.774129881602825
32,35,2022-03-05,7,0,62,63,15,29.505754388758213
32,35,2022-03-05,2,0,63,65,30,5.741274729212492
32,35,2022-03-05,4,0,70,71,15,7.0834102774032885
32,35,2022-03-05,6,0,74,79,75,17.732137808442815
32,35,2022-03-05,0,0,76,78,30,31.70687751723152
32,35,2022-03-05,2,0,81,84,45,29.963353443679473
32,36,2022-01-17,5,0,10,11,15,20.293660656031626
32,36,2022-01-17,2,0,11,12,15,33.74251993830999
32,36,2022-01-17,6,0,12,15,45,17.577244537053602
32,36,2022-01-17,1,0,15,17,30,14.079785769528797
32,36,2022-01-17,2,0,15,18,45,5.536523260412295
32,36,2022-01-17,5,0,15,18,45,8.0
32,36,2022-01-17,0,0,16,18,30,24.481378656947022
32,36,2022-01-17,3,0,23,26,45,18.979147261894752
32,36,2022-01-17,7,0,25,26,15,8.606720931436854
32,36,2022-01-17,2,0,27,29,30,9.984574030327913
32,36,2022-01-17,4,0,29,30,15,8.24773852836691
32,36,2022-01-17,7,0,29,30,15,5.0
32,36,2022-01-17,0,0,30,31,15,12.050158802214867
32,36,2022-01-17,1,0,30,31,15,15.078362802172478
32,36,2022-01-17,5,0,31,34,45,6.592432861956041
32,36,2022-01-17,1,0,34,37,45,25.861900200186767
32,36,2022-01-17,7,0,35,37,30,9.008513768617881
32,36,2022-01-17,0,0,39,41,30,5.0
32,36,2022-01-17,6,0,39,40,15,14.278697518302849
32,36,2022-01-17,2,0,43,45,30,19.45783810250355
32,36,2022-01-17,4,0,43,45,30,15.858531911254055
32,36,2022-01-17,7,0,44,46,30,8.476306779690312
32,36,2022-01-17,3,0,47,50,45,6.107282977120114
32,36,2022-01-17,7,0,49,51,30,17.50087640087191
32,36,2022-01-17,1,0,54,55,15,23.428312797391115
32,36,2022-01-17,0,0,55,59,60,18.526955307008436
32,36,2022-01-17,3,0,55,57,30,6.134459759681036
32,36,2022-01-17,6,0,55,58,45,19.00133411283884
32,36,2022-01-17,4,0,58,62,60,9.969205480951452
32,36,2022-01-17,0,0,62,64,30,12.576235880406479
32,36,2022-01-17,5,0,62,63,15,19.813395814523503
32,36,2022-01-17,4,0,65,69,60,31.676244821038935
32,36,2022-01-17,6,0,70,72,30,24.77118356721911
32,36,2022-01-17,4,0,72,74,30,24.013063966780507
32,36,2022-01-17,5,0,74,76,30,32.324738662238836
32,36,2022-01-17,7,0,79,81,30,7.8419201953871465
32,36,2022-03-05,0,0,16,18,30,14.686222755664623
32,36,2022-03-05,2,0,20,21,15,24.88815425085501
32,36,2022-03-05,7,0,25,26,15,13.541858892718594
32,36,2022-03-05,2,0,27,29,30,9.984574030327913
32,36,2022-03-05,4,0,29,30,15,13.495510366288471
32,36,2022-03-05,7,0,29,30,15,5.0
32,36,2022-03-05,0,0,30,31,15,12.050158802214867
32,36,2022-03-05,1,0,30,31,15,23.4654635272138
32,36,2022-03-05,5,0,31,34,45,19.48298087573197
32,36,2022-03-05,3,0,33,35,30,8.731299194943475
32,36,2022-03-05,1,0,34,37,45,25.861900200186767
32,36,2022-03-05,2,0,35,37,30,23.418267985647866
32,36,2022-03-05,7,0,35,37,30,9.008513768617881
32,36,2022-03-05,0,0,39,41,30,5.0
32,36,2022-03-05,6,0,39,40,15,8.793006903365864
32,36,2022-03-05,3,0,42,45,45,11.91650758549926
32,36,2022-03-05,2,0,43,45,30,15.642493424350327
32,36,2022-03-05,4,0,43,45,30,15.858531911254055
32,36,2022-03-05,6,0,44,46,30,6.104702758922443
32,36,2022-03-05,7,0,44,46,30,19.45783810250355
32,36,2022-03-05,3,0,48,50,30,17.56938593678462
32,36,2022-03-05,7,0,49,51,30,17.50087640087191
32,36,2022-03-05,6,0,50,51,15,12.567052561984973
32,36,2022-03-05,1,0,54,55,15,23.428312797391115
32,36,2022-03-05,0,0,56,58,30,24.150562293032557
32,36,2022-03-05,3,0,57,58,15,9.579301950727398
32,36,2022-03-05,4,0,58,62,60,9.969205480951452
32,36,2022-03-05,0,0,62,64,30,25.542573347936546
32,36,2022-03-05,5,0,62,63,15,31.74420836772604
32,36,2022-03-05,4,0,65,69,60,13.532572718278658
32,36,2022-03-05,6,0,70,72,30,24.77118356721911
32,36,2022-03-05,4,0,72,74,30,24.013063966780507
32,36,2022-03-05,5,0,74,76,30,32.324738662238836
32,36,2022-03-05,7,0,79,81,30,7.8419201953871465
32,36,2022-03-05,4,0,82,84,30,32.8623957468581
32,37,2022-01-17,3,0,11,13,30,24.009916964907475
32,37,2022-01-17,2,0,12,14,30,18.457105909356855
32,37,2022-01-17,5,0,15,17,30,13.950048664301
32,37,2022-01-17,1,0,19,20,15,11.854899183124559
32,37,2022-01-17,4,0,20,22,30,22.659537650010492
32,37,2022-01-17,0,0,21,23,30,6.0
32,37,2022-01-17,7,0,21,22,15,11.909485964583126
32,37,2022-01-17,1,0,24,26,30,13.188625341620899
32,37,2022-01-17,6,0,33,36,45,25.58274747486724
32,37,2022-01-17,0,0,35,37,30,12.048247186879017
32,37,2022-01-17,1,0,39,41,30,9.085774694335171
32,37,2022-01-17,0,0,41,43,30,9.0
32,37,2022-01-17,7,0,42,43,15,19.137016235064422
32,37,2022-01-17,5,0,43,45,30,6.709174631093475
32,37,2022-01-17,6,0,45,47,30,16.163827147251837
32,37,2022-01-17,3,0,47,49,30,29.109075508481418
32,37,2022-01-17,2,0,48,54,90,10.083123078987008
32,37,2022-01-17,5,0,49,52,45,19.453038618007632
32,37,2022-01-17,0,0,50,52,30,27.022870109676404
32,37,2022-01-17,6,0,50,51,15,5.89486617183357
32,37,2022-01-17,7,0,50,51,15,20.132346813772855
32,37,2022-01-17,3,0,52,53,15,12.829985204638795
32,37,2022-01-17,1,0,54,56,30,20.85451835647863
32,37,2022-01-17,4,0,54,56,30,18.871438749561193
32,37,2022-01-17,6,0,54,55,15,17.85063884033395
32,37,2022-01-17,7,0,56,59,45,15.897232708283731
32,37,2022-01-17,3,0,57,59,30,14.343144940719654
32,37,2022-01-17,6,0,58,59,15,15.104541305099431
32,37,2022-01-17,2,0,59,60,15,30.586233820870135
32,37,2022-01-17,2,0,64,71,105,31.456800790083946
32,37,2022-01-17,3,0,66,67,15,23.51373665602545
32,37,2022-01-17,0,0,69,73,60,9.825322414432307
32,37,2022-01-17,4,0,70,72,30,9.190611953938202
32,37,2022-01-17,1,0,73,75,30,14.428184381545748
32,37,2022-01-17,5,0,78,80,30,7.0
32,37,2022-01-17,3,0,79,80,15,11.501734668775676
32,37,2022-03-05,5,0,15,17,30,19.499454303714842
32,37,2022-03-05,1,0,20,22,30,13.613781654016215
32,37,2022-03-05,0,0,21,23,30,13.11929591121664
32,37,2022-03-05,5,0,25,27,30,13.42103711620473
32,37,2022-03-05,4,0,27,29,30,12.264906092375533
32,37,2022-03-05,6,0,31,33,30,23.706227131461574
32,37,2022-03-05,3,0,32,33,15,6.0
32,37,2022-03-05,2,0,34,35,15,12.186950593133602
32,37,2022-03-05,0,0,35,37,30,12.048247186879017
32,37,2022-03-05,1,0,36,38,30,15.239341888513657
32,37,2022-03-05,0,0,41,43,30,28.663925003592276
32,37,2022-03-05,7,0,42,43,15,9.0
32,37,2022-03-05,5,0,43,45,30,19.868363416510135
32,37,2022-03-05,6,0,45,47,30,16.163827147251837
32,37,2022-03-05,3,0,47,49,30,7.0
32,37,2022-03-05,2,0,48,54,90,26.840008491310364
32,37,2022-03-05,5,0,49,52,45,19.453038618007632
32,37,2022-03-05,0,0,50,52,30,27.022870109676404
32,37,2022-03-05,6,0,50,51,15,5.89486617183357
32,37,2022-03-05,7,0,50,51,15,20.132346813772855
32,37,2022-03-05,3,0,52,53,15,12.829985204638795
32,37,2022-03-05,1,0,54,56,30,20.85451835647863
32,37,2022-03-05,4,0,54,56,30,18.871438749561193
32,37,2022-03-05,6,0,54,55,15,17.85063884033395
32,37,2022-03-05,7,0,56,59,45,15.897232708283731
32,37,2022-03-05,2,0,59,60,15,30.586233820870135
32,37,2022-03-05,2,0,64,71,105,31.456800790083946
32,37,2022-03-05,3,0,66,67,15,23.51373665602545
32,37,2022-03-05,0,0,69,73,60,9.825322414432307
32,37,2022-03-05,1,0,73,75,30,14.428184381545748
32,37,2022-03-05,5,0,78,80,30,7.0
32,37,2022-03-05,3,0,79,80,15,11.501734668775676
32,38,2022-01-17,2,0,9,13,60,27.776031537487725
32,38,2022-01-17,5,0,12,14,30,21.189715314210474
32,38,2022-01-17,1,0,15,17,30,32.85413834221899
32,38,2022-01-17,6,0,16,18,30,9.490140250434578
32,38,2022-01-17,5,0,17,19,30,11.280765504114896
32,38,2022-01-17,2,0,18,21,45,18.430022580476034
32,38,2022-01-17,4,0,20,21,15,8.250256215883994
32,38,2022-01-17,1,0,21,22,15,9.441954929698234
32,38,2022-01-17,5,0,22,23,15,19.062658599404436
32,38,2022-01-17,7,0,23,27,60,10.626799053117622
32,38,2022-01-17,3,0,26,27,15,30.344461568855607
32,38,2022-01-17,6,0,30,31,15,16.628960994366665
32,38,2022-01-17,0,0,31,33,30,9.0
32,38,2022-01-17,7,0,31,33,30,12.889186227339415
32,38,2022-01-17,1,0,32,34,30,11.68684560833362
32,38,2022-01-17,4,0,32,34,30,15.202248979092673
32,38,2022-01-17,5,0,33,35,30,8.785629212922828
32,38,2022-01-17,3,0,36,38,30,6.0
32,38,2022-01-17,7,0,37,38,15,11.699929067935173
32,38,2022-01-17,0,0,39,40,15,19.934801338907732
32,38,2022-01-17,3,0,42,47,75,23.725491470924652
32,38,2022-01-17,5,0,43,45,30,12.93221168210001
32,38,2022-01-17,2,0,44,46,30,11.752519244957021
32,38,2022-01-17,0,0,46,47,15,12.625999511586805
32,38,2022-01-17,4,0,46,47,15,28.318485444503906
32,38,2022-01-17,7,0,48,52,60,14.154620294490371
32,38,2022-01-17,5,0,52,54,30,27.206159831052418
32,38,2022-01-17,4,0,53,54,15,6.484910652896666
32,38,2022-01-17,1,0,54,57,45,23.647658492558584
32,38,2022-01-17,2,0,54,55,15,13.262095098058367
32,38,2022-01-17,3,0,55,56,15,13.007494703598141
32,38,2022-01-17,6,0,56,57,15,22.05290920290723
32,38,2022-01-17,4,0,58,63,75,27.378600270283883
32,38,2022-01-17,7,0,59,61,30,16.72270490866154
32,38,2022-01-17,2,0,60,62,30,9.314920779570436
32,38,2022-01-17,5,0,61,62,15,13.148327563863667
32,38,2022-01-17,6,0,62,64,30,8.21903574098787
32,38,2022-01-17,7,0,67,69,30,35.30119968291119
32,38,2022-01-17,4,0,70,72,30,7.0
32,38,2022-01-17,0,0,73,74,15,8.0
32,38,2022-01-17,6,0,73,76,45,15.199755350899125
32,38,2022-01-17,2,0,74,78,60,28.363903395994043
32,38,2022-01-17,3,0,80,83,45,13.685509270679773
32,38,2022-01-17,1,0,81,82,15,15.58754683885519
32,38,2022-03-05,2,0,9,13,60,27.776031537487725
32,38,2022-03-05,6,0,16,18,30,17.20905099680614
32,38,2022-03-05,5,0,17,19,30,30.413612010805437
32,38,2022-03-05,2,0,18,21,45,18.430022580476034
32,38,2022-03-05,5,0,24,26,30,14.971003790478207
32,38,2022-03-05,3,0,26,27,15,9.00260759331372
32,38,2022-03-05,5,0,29,30,15,24.743196118246168
32,38,2022-03-05,6,0,30,31,15,16.628960994366665
32,38,2022-03-05,0,0,31,33,30,8.631352094088655
32,38,2022-03-05,7,0,31,33,30,10.908905435273368
32,38,2022-03-05,1,0,32,34,30,30.39334640443124
32,38,2022-03-05,4,0,32,34,30,9.0
32,38,2022-03-05,5,0,33,35,30,8.785629212922828
32,38,2022-03-05,3,0,36,38,30,6.0
32,38,2022-03-05,7,0,37,38,15,11.699929067935173
32,38,2022-03-05,0,0,39,40,15,19.934801338907732
32,38,2022-03-05,6,0,39,41,30,13.699699476265778
32,38,2022-03-05,3,0,42,47,75,23.725491470924652
32,38,2022-03-05,0,0,43,44,15,7.0
32,38,2022-03-05,5,0,43,45,30,22.0785997636185
32,38,2022-03-05,2,0,44,46,30,12.93221168210001
32,38,2022-03-05,4,0,46,47,15,24.040277472557307
32,38,2022-03-05,0,0,47,48,15,30.52601652983968
32,38,2022-03-05,7,0,48,52,60,9.909117970510884
32,38,2022-03-05,5,0,52,54,30,29.658002605950742
32,38,2022-03-05,4,0,53,54,15,6.484910652896666
32,38,2022-03-05,1,0,54,57,45,23.647658492558584
32,38,2022-03-05,2,0,54,55,15,13.262095098058367
32,38,2022-03-05,3,0,55,56,15,13.007494703598141
32,38,2022-03-05,6,0,56,57,15,22.05290920290723
32,38,2022-03-05,4,0,58,63,75,27.378600270283883
32,38,2022-03-05,2,0,60,62,30,9.314920779570436
32,38,2022-03-05,6,0,62,64,30,8.21903574098787
32,38,2022-03-05,5,0,63,65,30,14.30425000550995
32,38,2022-03-05,7,0,67,69,30,35.30119968291119
32,38,2022-03-05,4,0,70,72,30,7.0
32,38,2022-03-05,0,0,73,74,15,8.0
32,38,2022-03-05,6,0,73,76,45,15.199755350899125
32,38,2022-03-05,2,0,74,78,60,28.363903395994043
32,38,2022-03-05,3,0,80,83,45,13.685509270679773
32,38,2022-03-05,1,0,81,82,15,15.58754683885519
32,39,2022-01-17,1,0,11,13,30,13.256490335667834
32,39,2022-01-17,6,0,15,16,15,21.882873008018997
32,39,2022-01-17,3,0,16,17,15,20.50817518738424
32,39,2022-01-17,4,0,16,19,45,12.419391059330827
32,39,2022-01-17,1,0,17,21,60,20.8034337891351
32,39,2022-01-17,7,0,18,19,15,13.104174082097629
32,39,2022-01-17,3,0,20,23,45,11.154946889297122
32,39,2022-01-17,6,0,20,23,45,17.48728577759266
32,39,2022-01-17,0,0,21,24,45,8.320256680563716
32,39,2022-01-17,5,0,28,30,30,11.612360494607266
32,39,2022-01-17,4,0,30,32,30,12.578321909247947
32,39,2022-01-17,2,0,31,36,75,16.138867323258836
32,39,2022-01-17,6,0,32,34,30,5.0
32,39,2022-01-17,5,0,35,37,30,23.440730910509302
32,39,2022-01-17,7,0,38,41,45,8.781294230759961
32,39,2022-01-17,0,0,39,43,60,21.07015924251573
32,39,2022-01-17,4,0,39,42,45,15.804166708989385
32,39,2022-01-17,3,0,41,44,45,7.0
32,39,2022-01-17,2,0,43,45,30,18.63295714200585
32,39,2022-01-17,1,0,44,47,45,25.24205304884096
32,39,2022-01-17,0,0,48,50,30,13.781473303055968
32,39,2022-01-17,6,0,49,51,30,26.052993576637306
32,39,2022-01-17,4,0,51,52,15,5.458183632924431
32,39,2022-01-17,6,0,55,59,60,13.237619494166395
32,39,2022-01-17,3,0,58,60,30,10.78648356250801
32,39,2022-01-17,7,0,58,60,30,7.8866485514461715
32,39,2022-01-17,0,0,59,61,30,19.976134776130095
32,39,2022-01-17,2,0,59,61,30,13.954306820316418
32,39,2022-01-17,4,0,60,62,30,24.483057929193443
32,39,2022-01-17,6,0,62,64,30,9.648511062906572
32,39,2022-01-17,0,0,64,66,30,18.756099867889233
32,39,2022-01-17,7,0,65,71,90,27.613190335217816
32,39,2022-01-17,4,0,68,69,15,26.6802523961061
32,39,2022-01-17,2,0,69,70,15,23.64112761782819
32,39,2022-01-17,5,0,70,71,15,36.428526259063446
32,39,2022-01-17,3,0,75,76,15,29.814552314472238
32,39,2022-03-05,6,0,15,16,15,10.7661483338657
32,39,2022-03-05,1,0,19,20,15,19.874111271250683
32,39,2022-03-05,0,0,21,24,45,19.28687313979676
32,39,2022-03-05,5,0,28,30,30,11.669440705031917
32,39,2022-03-05,4,0,30,32,30,13.568286343932222
32,39,2022-03-05,2,0,31,36,75,8.406141441945394
32,39,2022-03-05,6,0,32,34,30,5.0
32,39,2022-03-05,3,0,34,36,30,11.893443370745437
32,39,2022-03-05,5,0,35,37,30,23.440730910509302
32,39,2022-03-05,1,0,37,39,30,16.115186214216962
32,39,2022-03-05,7,0,38,41,45,16.855699692605093
32,39,2022-03-05,0,0,39,43,60,21.07015924251573
32,39,2022-03-05,4,0,39,42,45,15.804166708989385
32,39,2022-03-05,3,0,41,44,45,7.0
32,39,2022-03-05,2,0,43,45,30,18.63295714200585
32,39,2022-03-05,1,0,44,47,45,17.76859857862167
32,39,2022-03-05,0,0,48,50,30,14.121529996774228
32,39,2022-03-05,6,0,49,51,30,26.052993576637306
32,39,2022-03-05,3,0,51,52,15,6.941617303000953
32,39,2022-03-05,4,0,51,52,15,5.458183632924431
32,39,2022-03-05,6,0,55,59,60,13.237619494166395
32,39,2022-03-05,3,0,58,60,30,10.78648356250801
32,39,2022-03-05,7,0,58,60,30,7.8866485514461715
32,39,2022-03-05,0,0,59,61,30,19.976134776130095
32,39,2022-03-05,2,0,59,61,30,13.954306820316418
32,39,2022-03-05,4,0,60,62,30,24.483057929193443
32,39,2022-03-05,6,0,62,64,30,9.648511062906572
32,39,2022-03-05,0,0,64,66,30,18.756099867889233
32,39,2022-03-05,7,0,65,71,90,27.613190335217816
32,39,2022-03-05,4,0,68,69,15,26.6802523961061
32,39,2022-03-05,2,0,69,70,15,23.64112761782819
32,39,2022-03-05,5,0,70,71,15,36.428526259063446
32,39,2022-03-05,3,0,75,76,15,29.814552314472238
32,39,2022-03-05,4,0,81,82,15,9.585128213171458
32,40,2022-01-17,1,0,7,9,30,32.43668673533334
32,40,2022-01-17,2,0,9,10,15,9.0
32,40,2022-01-17,2,0,13,16,45,13.819915487427586
32,40,2022-01-17,5,0,13,18,75,24.071515483256732
32,40,2022-01-17,4,0,14,15,15,12.14917776555697
32,40,2022-01-17,0,0,15,16,15,17.733656837590658
32,40,2022-01-17,3,0,16,18,30,11.613710673831399
32,40,2022-01-17,7,0,16,20,60,8.874038806743968
32,40,2022-01-17,6,0,17,20,45,7.0
32,40,2022-01-17,4,0,19,21,30,19.58884957689486
32,40,2022-01-17,1,0,22,24,30,6.580594313019091
32,40,2022-01-17,3,0,23,25,30,9.962211770457316
32,40,2022-01-17,4,0,26,29,45,16.83297677830909
32,40,2022-01-17,5,0,26,28,30,22.826190104938853
32,40,2022-01-17,1,0,28,31,45,17.785497659118207
32,40,2022-01-17,2,0,30,31,15,16.730242460397363
32,40,2022-01-17,0,0,33,35,30,9.23128176294071
32,40,2022-01-17,2,0,34,35,15,9.647871920343924
32,40,2022-01-17,6,0,34,35,15,7.440423307990493
32,40,2022-01-17,4,0,35,38,45,20.343614565450892
32,40,2022-01-17,1,0,38,39,15,12.021875680928488
32,40,2022-01-17,0,0,41,42,15,12.225669935755583
32,40,2022-01-17,4,0,43,46,45,15.113441029435137
32,40,2022-01-17,6,0,43,45,30,17.71021412061409
32,40,2022-01-17,0,0,47,51,60,41.5038852758822
32,40,2022-01-17,6,0,48,50,30,25.78689563478774
32,40,2022-01-17,1,0,49,50,15,19.35953284424957
32,40,2022-01-17,3,0,49,50,15,26.658412641145276
32,40,2022-01-17,5,0,49,54,75,12.567953080487946
32,40,2022-01-17,4,0,50,52,30,16.68827280237477
32,40,2022-01-17,0,0,55,60,75,18.097244796654223
32,40,2022-01-17,1,0,55,56,15,20.29998892681948
32,40,2022-01-17,3,0,55,57,30,26.040716682507792
32,40,2022-01-17,6,0,55,60,75,17.951588226185486
32,40,2022-01-17,2,0,56,58,30,14.21533169797236
32,40,2022-01-17,4,0,57,59,30,19.97542082980425
32,40,2022-01-17,7,0,57,59,30,18.24919192042065
32,40,2022-01-17,1,0,62,63,15,6.0
32,40,2022-01-17,2,0,63,65,30,16.269964535616175
32,40,2022-01-17,3,0,63,64,15,9.07985126833563
32,40,2022-01-17,4,0,63,67,60,18.016532987882123
32,40,2022-01-17,0,0,65,67,30,41.39682908754314
32,40,2022-01-17,1,0,67,69,30,25.04619998554577
32,40,2022-01-17,1,0,72,73,15,9.7412813836427
32,40,2022-01-17,4,0,75,76,15,23.2658302975021
32,40,2022-01-17,0,0,79,82,45,29.867968086145716
32,40,2022-03-05,1,0,7,9,30,32.43668673533334
32,40,2022-03-05,2,0,16,18,30,9.0
32,40,2022-03-05,1,0,22,24,30,6.580594313019091
32,40,2022-03-05,3,0,23,25,30,19.775084114562844
32,40,2022-03-05,4,0,26,29,45,10.229194051746362
32,40,2022-03-05,5,0,26,28,30,16.822633753595227
32,40,2022-03-05,1,0,28,31,45,17.785497659118207
32,40,2022-03-05,3,0,29,31,30,28.386413882069384
32,40,2022-03-05,2,0,30,31,15,16.730242460397363
32,40,2022-03-05,0,0,33,35,30,11.176551953682164
32,40,2022-03-05,2,0,34,35,15,17.80153500357826
32,40,2022-03-05,6,0,34,35,15,8.54000573529403
32,40,2022-03-05,4,0,35,38,45,20.343614565450892
32,40,2022-03-05,1,0,38,39,15,7.0
32,40,2022-03-05,5,0,39,41,30,11.121576070902485
32,40,2022-03-05,0,0,41,42,15,12.225669935755583
32,40,2022-03-05,3,0,42,46,60,10.809858379780493
32,40,2022-03-05,1,0,43,47,60,16.03268422321966
32,40,2022-03-05,4,0,43,46,45,12.811689428470089
32,40,2022-03-05,6,0,43,45,30,15.861916240934598
32,40,2022-03-05,0,0,47,51,60,22.761232212032468
32,40,2022-03-05,6,0,48,50,30,25.78689563478774
32,40,2022-03-05,3,0,49,50,15,23.724718832447664
32,40,2022-03-05,5,0,49,54,75,16.638799300520077
32,40,2022-03-05,4,0,50,52,30,16.68827280237477
32,40,2022-03-05,1,0,55,56,15,20.29998892681948
32,40,2022-03-05,3,0,55,57,30,26.040716682507792
32,40,2022-03-05,6,0,55,60,75,17.951588226185486
32,40,2022-03-05,0,0,56,57,15,17.33379027642519
32,40,2022-03-05,2,0,56,58,30,14.21533169797236
32,40,2022-03-05,4,0,57,59,30,19.97542082980425
32,40,2022-03-05,7,0,57,59,30,18.24919192042065
32,40,2022-03-05,1,0,62,63,15,6.0
32,40,2022-03-05,2,0,63,65,30,16.269964535616175
32,40,2022-03-05,3,0,63,64,15,9.07985126833563
32,40,2022-03-05,0,0,65,67,30,41.39682908754314
32,40,2022-03-05,1,0,67,69,30,25.04619998554577
32,40,2022-03-05,4,0,69,70,15,7.0
32,40,2022-03-05,1,0,72,73,15,9.7412813836427
32,40,2022-03-05,4,0,75,76,15,23.2658302975021
32,40,2022-03-05,0,0,79,82,45,29.867968086145716
32,41,2022-01-17,6,0,10,12,30,19.557307682419946
32,41,2022-01-17,5,0,11,12,15,8.923624553609919
32,41,2022-01-17,2,0,15,17,30,11.901833155749394
32,41,2022-01-17,3,0,15,18,45,19.320957433161382
32,41,2022-01-17,7,0,15,16,15,8.939008531139194
32,41,2022-01-17,0,0,16,17,15,12.406757675377023
32,41,2022-01-17,4,0,17,18,15,19.218247038102504
32,41,2022-01-17,5,0,17,18,15,9.500799150160688
32,41,2022-01-17,1,0,20,22,30,12.071147004962214
32,41,2022-01-17,6,0,20,22,30,23.03785440883118
32,41,2022-01-17,5,0,25,27,30,12.692210338161438
32,41,2022-01-17,7,0,28,30,30,6.7959233690713035
32,41,2022-01-17,1,0,29,30,15,8.668710231289836
32,41,2022-01-17,4,0,29,31,30,7.0
32,41,2022-01-17,0,0,31,32,15,17.874482504171972
32,41,2022-01-17,2,0,31,32,15,9.0
32,41,2022-01-17,5,0,31,32,15,8.72207927687397
32,41,2022-01-17,6,0,31,35,60,5.3697100219921765
32,41,2022-01-17,1,0,35,37,30,6.0
32,41,2022-01-17,2,0,35,38,45,12.261193279988056
32,41,2022-01-17,5,0,35,36,15,8.0
32,41,2022-01-17,3,0,36,39,45,7.0
32,41,2022-01-17,1,0,41,43,30,13.681281322984262
32,41,2022-01-17,2,0,43,45,30,10.8395079360983
32,41,2022-01-17,1,0,46,49,45,8.43139644794983
32,41,2022-01-17,3,0,48,49,15,6.4266907295751565
32,41,2022-01-17,5,0,49,51,30,14.927056345614645
32,41,2022-01-17,6,0,52,53,15,8.0
32,41,2022-01-17,4,0,54,56,30,29.274665515558453
32,41,2022-01-17,5,0,54,56,30,18.58607619988188
32,41,2022-01-17,3,0,55,58,45,25.41133583426926
32,41,2022-01-17,7,0,56,59,45,18.484119602220602
32,41,2022-01-17,0,0,57,59,30,21.75895772538412
32,41,2022-01-17,1,0,57,60,45,8.149783245570923
32,41,2022-01-17,6,0,58,60,30,26.41638030844979
32,41,2022-01-17,2,0,60,62,30,27.588394687823495
32,41,2022-01-17,0,0,65,67,30,5.0
32,41,2022-01-17,3,0,65,66,15,6.0
32,41,2022-01-17,2,0,69,71,30,17.18634864873414
32,41,2022-01-17,1,0,70,72,30,44.22357503605869
32,41,2022-01-17,4,0,71,74,45,20.2541406056572
32,41,2022-01-17,6,0,75,76,15,26.3958659585239
32,41,2022-01-17,3,0,79,82,45,11.62568978500974
32,41,2022-01-17,7,0,80,82,30,27.01398836746877
32,41,2022-03-05,3,0,16,18,30,14.153334974571123
32,41,2022-03-05,5,0,17,18,15,6.708895221198368
32,41,2022-03-05,6,0,20,22,30,10.809291649343507
32,41,2022-03-05,5,0,25,27,30,12.692210338161438
32,41,2022-03-05,1,0,26,30,60,18.328390677883256
32,41,2022-03-05,7,0,28,30,30,8.399222596145854
32,41,2022-03-05,0,0,29,30,15,11.89190869526157
32,41,2022-03-05,4,0,29,31,30,19.898902228232735
32,41,2022-03-05,5,0,30,32,30,11.30456029348165
32,41,2022-03-05,2,0,31,32,15,12.628737490447598
32,41,2022-03-05,6,0,31,35,60,5.3697100219921765
32,41,2022-03-05,3,0,34,36,30,18.37304175095759
32,41,2022-03-05,1,0,35,37,30,6.0
32,41,2022-03-05,2,0,35,38,45,12.261193279988056
32,41,2022-03-05,5,0,35,36,15,14.14687507119941
32,41,2022-03-05,1,0,41,43,30,13.681281322984262
32,41,2022-03-05,2,0,43,45,30,10.8395079360983
32,41,2022-03-05,3,0,43,46,45,8.0
32,41,2022-03-05,6,0,44,47,45,12.986167197919343
32,41,2022-03-05,1,0,46,49,45,8.43139644794983
32,41,2022-03-05,0,0,49,53,60,10.834873449917296
32,41,2022-03-05,5,0,49,51,30,8.0
32,41,2022-03-05,6,0,52,53,15,11.011619745969384
32,41,2022-03-05,5,0,54,56,30,18.58607619988188
32,41,2022-03-05,7,0,56,59,45,23.53211066094181
32,41,2022-03-05,1,0,57,60,45,19.22199832351874
32,41,2022-03-05,3,0,58,62,60,19.284544810860936
32,41,2022-03-05,4,0,58,59,15,13.60896203363479
32,41,2022-03-05,6,0,58,60,30,26.41638030844979
32,41,2022-03-05,2,0,60,62,30,27.588394687823495
32,41,2022-03-05,0,0,65,67,30,5.0
32,41,2022-03-05,3,0,65,66,15,6.0
32,41,2022-03-05,1,0,70,72,30,44.22357503605869
32,41,2022-03-05,4,0,71,74,45,20.2541406056572
32,41,2022-03-05,6,0,75,76,15,26.3958659585239
32,41,2022-03-05,3,0,79,82,45,11.62568978500974
32,41,2022-03-05,7,0,80,82,30,27.01398836746877
32,42,2022-01-17,0,0,11,13,30,25.290922030387627
32,42,2022-01-17,3,0,13,16,45,13.181144513033118
32,42,2022-01-17,1,0,14,16,30,11.852319683209444
32,42,2022-01-17,2,0,14,16,30,21.004415298122808
32,42,2022-01-17,4,0,17,19,30,17.962825212134888
32,42,2022-01-17,5,0,18,21,45,15.107338963768505
32,42,2022-01-17,3,0,24,25,15,14.217223216146905
32,42,2022-01-17,4,0,24,27,45,11.96251956865315
32,42,2022-01-17,6,0,24,25,15,7.674598546234172
32,42,2022-01-17,0,0,30,32,30,13.798386174230544
32,42,2022-01-17,7,0,30,35,75,6.0
32,42,2022-01-17,2,0,31,34,45,13.015909855267495
32,42,2022-01-17,1,0,33,34,15,12.656388794972422
32,42,2022-01-17,5,0,35,37,30,7.384087867417236
32,42,2022-01-17,6,0,35,36,15,19.94669326819107
32,42,2022-01-17,4,0,39,42,45,13.05504484688855
32,42,2022-01-17,6,0,41,45,60,14.96588356662857
32,42,2022-01-17,0,0,43,44,15,16.50630561813834
32,42,2022-01-17,3,0,45,46,15,14.319396429573999
32,42,2022-01-17,2,0,46,48,30,30.135595967413565
32,42,2022-01-17,5,0,49,51,30,24.79201298544283
32,42,2022-01-17,1,0,50,52,30,18.47501271570173
32,42,2022-01-17,4,0,50,51,15,18.753221142047067
32,42,2022-01-17,7,0,51,52,15,30.497912439106386
32,42,2022-01-17,3,0,52,54,30,17.82383309706033
32,42,2022-01-17,2,0,53,56,45,15.638493370854526
32,42,2022-01-17,6,0,53,54,15,22.092174449898025
32,42,2022-01-17,7,0,55,57,30,18.71956676697731
32,42,2022-01-17,4,0,56,58,30,8.38177623754843
32,42,2022-01-17,0,0,57,59,30,9.181456085225634
32,42,2022-01-17,1,0,57,59,30,51.86908567523087
32,42,2022-01-17,6,0,59,60,15,12.065893237684008
32,42,2022-01-17,3,0,60,66,90,23.667320196966642
32,42,2022-01-17,5,0,60,61,15,23.508590267994506
32,42,2022-01-17,6,0,65,67,30,24.857474049162157
32,42,2022-01-17,3,0,69,70,15,21.470635074847756
32,42,2022-01-17,0,0,73,74,15,13.785925184102624
32,42,2022-01-17,1,0,73,75,30,16.348316822420784
32,42,2022-01-17,4,0,73,75,30,16.255515358240906
32,42,2022-01-17,5,0,78,79,15,25.676755052953894
32,42,2022-03-05,2,0,14,16,30,23.141825863417026
32,42,2022-03-05,3,0,24,25,15,10.82849318950204
32,42,2022-03-05,4,0,24,27,45,9.736845145922878
32,42,2022-03-05,6,0,24,25,15,17.255418736992333
32,42,2022-03-05,1,0,28,30,30,18.232510130965174
32,42,2022-03-05,6,0,28,32,60,12.690211356858107
32,42,2022-03-05,0,0,30,32,30,15.642397580423733
32,42,2022-03-05,7,0,30,35,75,7.9475426660198
32,42,2022-03-05,2,0,31,34,45,13.015909855267495
32,42,2022-03-05,1,0,33,34,15,12.656388794972422
32,42,2022-03-05,5,0,35,37,30,6.0
32,42,2022-03-05,6,0,35,36,15,19.94669326819107
32,42,2022-03-05,1,0,37,40,45,18.807043479677915
32,42,2022-03-05,0,0,38,39,15,5.0
32,42,2022-03-05,4,0,39,42,45,13.05504484688855
32,42,2022-03-05,5,0,40,42,30,10.002323180658856
32,42,2022-03-05,6,0,41,45,60,14.96588356662857
32,42,2022-03-05,0,0,43,44,15,12.207464473341972
32,42,2022-03-05,3,0,45,46,15,17.374075547944415
32,42,2022-03-05,2,0,46,48,30,14.319396429573999
32,42,2022-03-05,4,0,46,48,30,30.135595967413565
32,42,2022-03-05,7,0,47,49,30,20.037292868359657
32,42,2022-03-05,5,0,49,51,30,24.79201298544283
32,42,2022-03-05,1,0,50,52,30,18.47501271570173
32,42,2022-03-05,4,0,51,53,30,19.939724000546697
32,42,2022-03-05,3,0,52,54,30,17.82383309706033
32,42,2022-03-05,2,0,53,56,45,15.638493370854526
32,42,2022-03-05,6,0,53,54,15,22.092174449898025
32,42,2022-03-05,7,0,55,57,30,18.71956676697731
32,42,2022-03-05,4,0,56,58,30,8.38177623754843
32,42,2022-03-05,0,0,57,59,30,9.181456085225634
32,42,2022-03-05,6,0,59,60,15,12.065893237684008
32,42,2022-03-05,3,0,60,66,90,23.667320196966642
32,42,2022-03-05,6,0,65,67,30,24.857474049162157
32,42,2022-03-05,4,0,66,68,30,19.26785587898675
32,42,2022-03-05,3,0,69,70,15,21.470635074847756
32,42,2022-03-05,0,0,73,74,15,13.785925184102624
32,42,2022-03-05,1,0,73,75,30,16.348316822420784
32,42,2022-03-05,4,0,73,75,30,16.255515358240906
32,42,2022-03-05,5,0,78,79,15,25.676755052953894
32,43,2022-01-17,5,0,13,17,60,17.124550070790363
32,43,2022-01-17,0,0,14,16,30,7.717446363703267
32,43,2022-01-17,2,0,15,18,45,21.247329029844693
32,43,2022-01-17,3,0,17,23,90,6.0
32,43,2022-01-17,0,0,19,20,15,15.659307759586312
32,43,2022-01-17,6,0,21,24,45,21.516361096896382
32,43,2022-01-17,2,0,22,23,15,21.717655345968517
32,43,2022-01-17,5,0,22,24,30,11.060090040490586
32,43,2022-01-17,3,0,26,30,60,8.314230764224519
32,43,2022-01-17,0,0,27,30,45,17.347587599064518
32,43,2022-01-17,2,0,27,29,30,9.0
32,43,2022-01-17,5,0,28,29,15,15.382289842671945
32,43,2022-01-17,1,0,29,33,60,7.83902551847266
32,43,2022-01-17,6,0,31,33,30,14.446293047355496
32,43,2022-01-17,5,0,32,34,30,10.265193460335638
32,43,2022-01-17,2,0,34,35,15,16.428598663546353
32,43,2022-01-17,3,0,37,38,15,14.236674515664177
32,43,2022-01-17,5,0,37,41,60,27.946693120104342
32,43,2022-01-17,1,0,38,39,15,7.758069906116361
32,43,2022-01-17,6,0,39,41,30,14.654043997477586
32,43,2022-01-17,7,0,43,44,15,19.36905814182579
32,43,2022-01-17,1,0,46,47,15,17.839133812346205
32,43,2022-01-17,7,0,47,49,30,31.17255468402024
32,43,2022-01-17,2,0,49,51,30,24.539590542575198
32,43,2022-01-17,6,0,49,50,15,20.972157972159124
32,43,2022-01-17,1,0,50,53,45,14.737290302744697
32,43,2022-01-17,7,0,52,53,15,10.926068775677876
32,43,2022-01-17,5,0,53,56,45,8.542702118494887
32,43,2022-01-17,2,0,54,56,30,8.234266294833638
32,43,2022-01-17,6,0,54,59,75,19.070064609361395
32,43,2022-01-17,3,0,55,56,15,22.74505254976183
32,43,2022-01-17,4,0,55,57,30,8.424114377382281
32,43,2022-01-17,1,0,58,61,45,30.041936585379325
32,43,2022-01-17,7,0,58,60,30,24.227573203335695
32,43,2022-01-17,3,0,60,62,30,23.672439853369255
32,43,2022-01-17,5,0,61,64,45,5.21350066364738
32,43,2022-01-17,4,0,65,66,15,21.95586038391491
32,43,2022-01-17,2,0,72,73,15,23.090597703346134
32,43,2022-01-17,3,0,74,75,15,15.360663391266229
32,43,2022-01-17,5,0,74,75,15,19.29643411009829
32,43,2022-01-17,3,0,79,81,30,22.331924574227315
32,43,2022-03-05,5,0,19,21,30,13.803886752418094
32,43,2022-03-05,2,0,22,23,15,6.441800429959983
32,43,2022-03-05,3,0,26,30,60,20.155799663019266
32,43,2022-03-05,0,0,27,30,45,6.0
32,43,2022-03-05,2,0,27,29,30,9.0
32,43,2022-03-05,1,0,28,29,15,21.497292134412092
32,43,2022-03-05,4,0,28,30,30,7.684551956452722
32,43,2022-03-05,5,0,28,29,15,15.382289842671945
32,43,2022-03-05,6,0,31,33,30,17.10425539695509
32,43,2022-03-05,5,0,32,34,30,10.265193460335638
32,43,2022-03-05,1,0,34,35,15,7.890496397953818
32,43,2022-03-05,2,0,34,35,15,16.428598663546353
32,43,2022-03-05,4,0,35,37,30,13.832401368905828
32,43,2022-03-05,3,0,37,38,15,14.236674515664177
32,43,2022-03-05,5,0,37,41,60,27.946693120104342
32,43,2022-03-05,6,0,37,39,30,13.100848960120665
32,43,2022-03-05,1,0,38,39,15,7.758069906116361
32,43,2022-03-05,0,0,39,40,15,12.789210647890584
32,43,2022-03-05,7,0,43,44,15,19.36905814182579
32,43,2022-03-05,5,0,44,46,30,21.11545787436809
32,43,2022-03-05,3,0,45,47,30,20.051012910633496
32,43,2022-03-05,1,0,46,47,15,17.839133812346205
32,43,2022-03-05,7,0,47,49,30,31.17255468402024
32,43,2022-03-05,2,0,49,51,30,14.737290302744697
32,43,2022-03-05,6,0,49,50,15,13.400672213154174
32,43,2022-03-05,1,0,50,53,45,7.0
32,43,2022-03-05,7,0,52,53,15,10.926068775677876
32,43,2022-03-05,5,0,53,56,45,8.542702118494887
32,43,2022-03-05,2,0,54,56,30,8.234266294833638
32,43,2022-03-05,6,0,54,59,75,19.070064609361395
32,43,2022-03-05,3,0,55,56,15,22.74505254976183
32,43,2022-03-05,4,0,55,57,30,8.424114377382281
32,43,2022-03-05,1,0,58,61,45,30.041936585379325
32,43,2022-03-05,3,0,60,62,30,23.672439853369255
32,43,2022-03-05,5,0,61,64,45,5.21350066364738
32,43,2022-03-05,4,0,65,66,15,21.95586038391491
32,43,2022-03-05,2,0,72,73,15,23.090597703346134
32,43,2022-03-05,3,0,74,75,15,15.360663391266229
32,43,2022-03-05,5,0,74,75,15,19.29643411009829
32,43,2022-03-05,3,0,79,81,30,22.331924574227315
32,44,2022-01-17,1,0,9,10,15,19.70847901239501
32,44,2022-01-17,3,0,12,14,30,11.185113905843949
32,44,2022-01-17,5,0,12,14,30,10.085556128454272
32,44,2022-01-17,4,0,13,14,15,5.37686387903797
32,44,2022-01-17,6,0,15,17,30,9.239161685452551
32,44,2022-01-17,1,0,17,21,60,23.469454756447604
32,44,2022-01-17,2,0,18,20,30,7.238780015567997
32,44,2022-01-17,4,0,19,21,30,18.0944204585835
32,44,2022-01-17,6,0,22,24,30,16.2638749571448
32,44,2022-01-17,7,0,22,23,15,10.47243848909551
32,44,2022-01-17,1,0,24,26,30,15.566825748441538
32,44,2022-01-17,4,0,25,27,30,7.0
32,44,2022-01-17,3,0,28,29,15,14.431451476001115
32,44,2022-01-17,6,0,28,30,30,22.39029309542248
32,44,2022-01-17,4,0,35,36,15,8.797376506462925
32,44,2022-01-17,7,0,35,36,15,18.562751684332923
32,44,2022-01-17,7,0,39,41,30,16.89150426287624
32,44,2022-01-17,0,0,40,43,45,14.658328556534563
32,44,2022-01-17,5,0,40,41,15,14.186635932140632
32,44,2022-01-17,3,0,43,46,45,8.77391807308365
32,44,2022-01-17,7,0,49,51,30,24.80072411787932
32,44,2022-01-17,0,0,50,51,15,17.840054100166277
32,44,2022-01-17,0,0,54,56,30,9.0
32,44,2022-01-17,2,0,54,56,30,9.602683903116287
32,44,2022-01-17,1,0,55,58,45,9.981206606173096
32,44,2022-01-17,3,0,55,58,45,24.747485331148333
32,44,2022-01-17,6,0,55,58,45,19.770692093331327
32,44,2022-01-17,7,0,58,61,45,24.008363209360454
32,44,2022-01-17,0,0,59,62,45,5.7293526395135785
32,44,2022-01-17,4,0,59,64,75,22.68463071434079
32,44,2022-01-17,5,0,59,63,60,25.542958837491
32,44,2022-01-17,6,0,65,67,30,36.40220178810901
32,44,2022-01-17,5,0,66,68,30,22.714465876563892
32,44,2022-01-17,0,0,70,72,30,7.0
32,44,2022-03-05,1,0,9,10,15,19.70847901239501
32,44,2022-03-05,5,0,13,14,15,10.234658821869672
32,44,2022-03-05,2,0,18,20,30,7.582450259624913
32,44,2022-03-05,4,0,19,21,30,6.0
32,44,2022-03-05,1,0,21,24,45,16.694948401383996
32,44,2022-03-05,6,0,22,24,30,9.855035297185658
32,44,2022-03-05,4,0,25,27,30,7.0
32,44,2022-03-05,3,0,28,29,15,11.791909576147276
32,44,2022-03-05,6,0,28,30,30,22.39029309542248
32,44,2022-03-05,1,0,30,33,45,16.234465154569797
32,44,2022-03-05,4,0,31,34,45,6.803269200261944
32,44,2022-03-05,0,0,32,34,30,8.43534109133077
32,44,2022-03-05,7,0,35,36,15,10.699012868986316
32,44,2022-03-05,3,0,37,40,45,9.074308348575876
32,44,2022-03-05,7,0,39,41,30,16.89150426287624
32,44,2022-03-05,0,0,40,43,45,11.942854481650087
32,44,2022-03-05,5,0,40,41,15,6.0
32,44,2022-03-05,2,0,41,42,15,11.219244656155425
32,44,2022-03-05,6,0,42,45,45,7.0
32,44,2022-03-05,3,0,43,46,45,5.220241389530827
32,44,2022-03-05,7,0,44,46,30,9.599851100233089
32,44,2022-03-05,7,0,49,51,30,20.166597241908278
32,44,2022-03-05,0,0,50,51,15,13.930883189429053
32,44,2022-03-05,3,0,55,58,45,24.747485331148333
32,44,2022-03-05,6,0,55,58,45,19.770692093331327
32,44,2022-03-05,7,0,58,61,45,24.008363209360454
32,44,2022-03-05,4,0,59,64,75,22.68463071434079
32,44,2022-03-05,5,0,59,63,60,25.542958837491
32,44,2022-03-05,6,0,65,67,30,36.40220178810901
32,44,2022-03-05,5,0,66,68,30,22.714465876563892
32,44,2022-03-05,0,0,70,72,30,7.0
32,45,2022-01-17,7,0,11,12,15,22.947711086214788
32,45,2022-01-17,1,0,14,17,45,9.211945108600183
32,45,2022-01-17,5,0,15,17,30,21.331335897285527
32,45,2022-01-17,6,0,16,20,60,12.304540415746175
32,45,2022-01-17,3,0,17,19,30,6.512332859672725
32,45,2022-01-17,7,0,17,19,30,24.989689407900777
32,45,2022-01-17,0,0,22,24,30,17.49656266940302
32,45,2022-01-17,7,0,22,24,30,16.64740678865077
32,45,2022-01-17,1,0,25,26,15,22.53151955814569
32,45,2022-01-17,0,0,28,31,45,9.332595019266485
32,45,2022-01-17,7,0,28,29,15,7.768753247958905
32,45,2022-01-17,5,0,30,31,15,7.425360989231557
32,45,2022-01-17,4,0,33,35,30,15.110613249709019
32,45,2022-01-17,3,0,34,36,30,19.47532415115083
32,45,2022-01-17,2,0,35,37,30,7.249734124303373
32,45,2022-01-17,6,0,39,42,45,13.147519694078625
32,45,2022-01-17,2,0,44,46,30,19.403159876005276
32,45,2022-01-17,0,0,45,48,45,25.89196288948675
32,45,2022-01-17,3,0,45,47,30,29.962152189206435
32,45,2022-01-17,7,0,45,49,60,6.0
32,45,2022-01-17,6,0,47,49,30,16.60351661260441
32,45,2022-01-17,5,0,51,57,90,16.21072757034242
32,45,2022-01-17,1,0,53,56,45,12.34379957623375
32,45,2022-01-17,7,0,53,55,30,18.366724635451902
32,45,2022-01-17,3,0,55,57,30,10.935080441068777
32,45,2022-01-17,4,0,55,56,15,22.130279784948343
32,45,2022-01-17,7,0,58,62,60,16.451593387016253
32,45,2022-01-17,6,0,59,61,30,8.0
32,45,2022-01-17,0,0,60,62,30,20.471612315979556
32,45,2022-01-17,2,0,63,66,45,21.759788531815957
32,45,2022-01-17,3,0,64,66,30,20.574503066300323
32,45,2022-01-17,7,0,66,68,30,16.153645801145373
32,45,2022-01-17,5,0,68,70,30,16.79143378103801
32,45,2022-01-17,3,0,69,71,30,22.072905644183066
32,45,2022-01-17,2,0,70,73,45,15.408981215620997
32,45,2022-01-17,4,0,72,73,15,24.77422584038146
32,45,2022-03-05,1,0,17,19,30,17.25238307806972
32,45,2022-03-05,7,0,17,19,30,7.568818695712864
32,45,2022-03-05,3,0,19,24,75,19.373203099598612
32,45,2022-03-05,7,0,22,24,30,16.64740678865077
32,45,2022-03-05,1,0,25,26,15,22.53151955814569
32,45,2022-03-05,4,0,25,26,15,11.672424859470276
32,45,2022-03-05,7,0,27,29,30,23.14817081752458
32,45,2022-03-05,0,0,28,31,45,6.610105784472452
32,45,2022-03-05,5,0,30,31,15,17.832457502262358
32,45,2022-03-05,4,0,31,35,60,16.550826462942524
32,45,2022-03-05,1,0,32,35,45,9.855988470827313
32,45,2022-03-05,3,0,34,36,30,19.47532415115083
32,45,2022-03-05,5,0,34,37,45,17.485970088872648
32,45,2022-03-05,2,0,35,37,30,15.059048914380817
32,45,2022-03-05,4,0,39,41,30,13.129060520466012
32,45,2022-03-05,6,0,39,42,45,7.724414723677953
32,45,2022-03-05,0,0,40,43,45,9.219115534206566
32,45,2022-03-05,1,0,42,43,15,23.69328520887416
32,45,2022-03-05,5,0,42,43,15,24.22038948706465
32,45,2022-03-05,2,0,44,46,30,19.403159876005276
32,45,2022-03-05,4,0,44,46,30,22.27893463317755
32,45,2022-03-05,3,0,45,47,30,29.962152189206435
32,45,2022-03-05,6,0,45,47,30,15.71327306810268
32,45,2022-03-05,7,0,45,49,60,6.0
32,45,2022-03-05,0,0,48,50,30,16.60351661260441
32,45,2022-03-05,6,0,50,52,30,17.163375678068363
32,45,2022-03-05,5,0,51,57,90,16.21072757034242
32,45,2022-03-05,7,0,53,55,30,18.366724635451902
32,45,2022-03-05,3,0,55,57,30,10.935080441068777
32,45,2022-03-05,1,0,56,57,15,19.19970812468688
32,45,2022-03-05,6,0,59,61,30,8.0
32,45,2022-03-05,0,0,60,62,30,20.471612315979556
32,45,2022-03-05,7,0,62,64,30,27.755298409061794
32,45,2022-03-05,2,0,63,66,45,21.759788531815957
32,45,2022-03-05,3,0,64,66,30,20.574503066300323
32,45,2022-03-05,5,0,68,70,30,16.79143378103801
32,45,2022-03-05,3,0,69,71,30,22.072905644183066
32,45,2022-03-05,2,0,70,73,45,15.408981215620997
32,45,2022-03-05,4,0,72,73,15,24.77422584038146
32,46,2022-01-17,7,0,8,10,30,6.0
32,46,2022-01-17,2,0,11,13,30,12.473523758586552
32,46,2022-01-17,1,0,13,16,45,10.197044831836344
32,46,2022-01-17,3,0,16,18,30,25.082230252209108
32,46,2022-01-17,0,0,17,18,15,20.619675772001656
32,46,2022-01-17,4,0,17,20,45,10.417845056491409
32,46,2022-01-17,5,0,17,19,30,7.370469918556196
32,46,2022-01-17,6,0,17,20,45,31.626312283975743
32,46,2022-01-17,7,0,17,18,15,9.976172397994077
32,46,2022-01-17,1,0,19,20,15,19.17403663202286
32,46,2022-01-17,0,0,21,22,15,9.696935991698702
32,46,2022-01-17,3,0,21,22,15,15.015688549030585
32,46,2022-01-17,7,0,24,25,15,7.058973581735891
32,46,2022-01-17,5,0,26,28,30,9.95716412735701
32,46,2022-01-17,2,0,27,30,45,13.073122740071085
32,46,2022-01-17,4,0,27,28,15,6.0
32,46,2022-01-17,0,0,31,34,45,20.079050844113745
32,46,2022-01-17,6,0,33,36,45,22.685080406485085
32,46,2022-01-17,7,0,35,37,30,12.053486697501533
32,46,2022-01-17,1,0,36,37,15,14.190209039854103
32,46,2022-01-17,2,0,36,39,45,19.876790740983964
32,46,2022-01-17,0,0,37,41,60,14.225025877565152
32,46,2022-01-17,4,0,37,40,45,18.31079780694519
32,46,2022-01-17,0,0,45,47,30,19.6820105724573
32,46,2022-01-17,4,0,46,49,45,6.6484651750651835
32,46,2022-01-17,2,0,48,50,30,15.451614691524583
32,46,2022-01-17,1,0,49,50,15,31.26895253797415
32,46,2022-01-17,3,0,49,51,30,14.732382407452604
32,46,2022-01-17,6,0,49,52,45,15.25268507677007
32,46,2022-01-17,0,0,51,53,30,19.722723819472563
32,46,2022-01-17,1,0,53,54,15,25.095945725910745
32,46,2022-01-17,4,0,55,56,15,27.945039484797718
32,46,2022-01-17,5,0,55,57,30,25.983149715967038
32,46,2022-01-17,6,0,55,57,30,31.753422629777454
32,46,2022-01-17,3,0,57,60,45,22.009742313800842
32,46,2022-01-17,7,0,57,58,15,6.0
32,46,2022-01-17,0,0,58,60,30,22.48404282398399
32,46,2022-01-17,2,0,58,62,60,15.849116357699593
32,46,2022-01-17,4,0,59,62,45,7.301050970820704
32,46,2022-01-17,1,0,61,62,15,14.534936364826116
32,46,2022-01-17,7,0,62,67,75,21.623182211643112
32,46,2022-01-17,3,0,63,65,30,18.265448937006596
32,46,2022-01-17,6,0,63,64,15,9.524010699521781
32,46,2022-01-17,0,0,65,67,30,23.697967776413762
32,46,2022-01-17,3,0,68,70,30,13.997632737677456
32,46,2022-01-17,2,0,72,75,45,32.329844212704856
32,46,2022-01-17,5,0,73,74,15,20.775722151354515
32,46,2022-01-17,4,0,75,78,45,13.006651687336742
32,46,2022-01-17,1,0,76,77,15,26.600165455577454
32,46,2022-01-17,5,0,80,82,30,13.306784028211979
32,46,2022-03-05,7,0,8,10,30,6.0
32,46,2022-03-05,1,0,13,16,45,11.41358604393993
32,46,2022-03-05,5,0,17,19,30,8.378207062064561
32,46,2022-03-05,1,0,20,22,30,14.511073297078909
32,46,2022-03-05,0,0,21,22,15,23.58853425609105
32,46,2022-03-05,3,0,21,22,15,20.94781440867054
32,46,2022-03-05,7,0,24,25,15,7.058973581735891
32,46,2022-03-05,3,0,26,27,15,20.023954829580333
32,46,2022-03-05,5,0,26,28,30,9.95716412735701
32,46,2022-03-05,2,0,27,30,45,10.574253397900222
32,46,2022-03-05,4,0,27,28,15,7.481126486120196
32,46,2022-03-05,1,0,28,29,15,8.25191843262926
32,46,2022-03-05,0,0,31,34,45,20.079050844113745
32,46,2022-03-05,1,0,32,34,30,10.329012424565136
32,46,2022-03-05,6,0,33,36,45,32.87815767713298
32,46,2022-03-05,3,0,35,38,45,25.97426531142805
32,46,2022-03-05,7,0,35,37,30,12.053486697501533
32,46,2022-03-05,2,0,36,39,45,16.617378387860036
32,46,2022-03-05,0,0,37,41,60,14.225025877565152
32,46,2022-03-05,1,0,37,39,30,9.720976523191133
32,46,2022-03-05,4,0,37,40,45,18.31079780694519
32,46,2022-03-05,5,0,38,40,30,7.456059579147265
32,46,2022-03-05,4,0,43,45,30,6.0
32,46,2022-03-05,0,0,45,47,30,19.6820105724573
32,46,2022-03-05,5,0,45,51,90,28.952998870828175
32,46,2022-03-05,2,0,48,50,30,14.455196989708988
32,46,2022-03-05,7,0,48,50,30,14.96571031818808
32,46,2022-03-05,1,0,49,50,15,31.26895253797415
32,46,2022-03-05,3,0,49,51,30,26.763780362580384
32,46,2022-03-05,6,0,49,52,45,9.0
32,46,2022-03-05,4,0,50,53,45,27.330617415831732
32,46,2022-03-05,0,0,51,53,30,19.722723819472563
32,46,2022-03-05,1,0,53,54,15,25.095945725910745
32,46,2022-03-05,6,0,55,57,30,31.753422629777454
32,46,2022-03-05,3,0,57,60,45,22.009742313800842
32,46,2022-03-05,4,0,57,58,15,24.59686416738286
32,46,2022-03-05,7,0,57,58,15,6.0
32,46,2022-03-05,0,0,58,60,30,22.48404282398399
32,46,2022-03-05,2,0,59,61,30,15.678956432192194
32,46,2022-03-05,1,0,61,62,15,14.534936364826116
32,46,2022-03-05,4,0,61,66,75,29.127723550039775
32,46,2022-03-05,7,0,62,67,75,21.623182211643112
32,46,2022-03-05,3,0,63,65,30,18.265448937006596
32,46,2022-03-05,6,0,63,64,15,9.524010699521781
32,46,2022-03-05,0,0,65,67,30,23.697967776413762
32,46,2022-03-05,3,0,68,70,30,13.997632737677456
32,46,2022-03-05,2,0,72,75,45,32.329844212704856
32,46,2022-03-05,5,0,73,74,15,20.775722151354515
32,46,2022-03-05,4,0,75,78,45,13.006651687336742
32,46,2022-03-05,1,0,76,77,15,26.600165455577454
32,46,2022-03-05,5,0,80,82,30,13.306784028211979
32,47,2022-01-17,0,0,12,14,30,7.342321368664727
32,47,2022-01-17,1,0,16,18,30,17.083867811163024
32,47,2022-01-17,2,0,16,18,30,25.87258178160733
32,47,2022-01-17,4,0,16,20,60,22.473558061447527
32,47,2022-01-17,7,0,18,20,30,10.83913585872238
32,47,2022-01-17,5,0,19,21,30,11.504714806560962
32,47,2022-01-17,6,0,20,21,15,8.707343697041537
32,47,2022-01-17,3,0,22,24,30,15.444492589281495
32,47,2022-01-17,0,0,24,26,30,9.84169444211311
32,47,2022-01-17,7,0,25,28,45,8.0
32,47,2022-01-17,1,0,27,29,30,19.668692915226828
32,47,2022-01-17,0,0,33,35,30,10.62545434361489
32,47,2022-01-17,3,0,36,37,15,8.419018548881951
32,47,2022-01-17,7,0,40,42,30,13.470565066540374
32,47,2022-01-17,3,0,41,43,30,17.696675798888172
32,47,2022-01-17,2,0,44,47,45,7.457992960459627
32,47,2022-01-17,3,0,46,50,60,19.311517096138147
32,47,2022-01-17,4,0,46,48,30,8.335690210146609
32,47,2022-01-17,6,0,49,51,30,17.037302401334415
32,47,2022-01-17,5,0,50,52,30,8.0
32,47,2022-01-17,0,0,53,54,15,15.091581680011828
32,47,2022-01-17,2,0,53,54,15,19.249870439277984
32,47,2022-01-17,6,0,54,55,15,10.273827834384171
32,47,2022-01-17,4,0,55,56,15,9.478102455751092
32,47,2022-01-17,1,0,56,58,30,7.0
32,47,2022-01-17,5,0,56,57,15,6.909408819901792
32,47,2022-01-17,2,0,57,60,45,13.058714070439486
32,47,2022-01-17,0,0,58,60,30,18.83907088437641
32,47,2022-01-17,3,0,59,61,30,36.63653497441311
32,47,2022-01-17,4,0,59,60,15,6.0
32,47,2022-01-17,6,0,59,60,15,17.175260542061714
32,47,2022-01-17,0,0,64,66,30,5.963185109356161
32,47,2022-01-17,1,0,65,69,60,7.3445368709782315
32,47,2022-01-17,4,0,65,67,30,19.652528078427814
32,47,2022-01-17,5,0,75,76,15,5.0
32,47,2022-01-17,4,0,77,78,15,12.197131324520406
32,47,2022-01-17,2,0,80,83,45,37.037885947273814
32,47,2022-03-05,1,0,17,18,15,5.520051235549857
32,47,2022-03-05,4,0,17,20,45,15.814815224811866
32,47,2022-03-05,3,0,22,24,30,24.331818802086396
32,47,2022-03-05,0,0,24,26,30,20.801176618405982
32,47,2022-03-05,7,0,25,28,45,11.107400455966548
32,47,2022-03-05,1,0,27,29,30,19.668692915226828
32,47,2022-03-05,2,0,30,32,30,12.14187469413379
32,47,2022-03-05,0,0,33,35,30,10.62545434361489
32,47,2022-03-05,6,0,33,34,15,9.226545952979833
32,47,2022-03-05,1,0,34,35,15,8.0
32,47,2022-03-05,5,0,34,35,15,15.804315037721288
32,47,2022-03-05,3,0,36,37,15,8.419018548881951
32,47,2022-03-05,6,0,37,39,30,15.662826940191735
32,47,2022-03-05,7,0,40,42,30,13.470565066540374
32,47,2022-03-05,3,0,41,43,30,17.696675798888172
32,47,2022-03-05,2,0,44,47,45,17.941514361343323
32,47,2022-03-05,0,0,45,47,30,8.335690210146609
32,47,2022-03-05,1,0,46,49,45,16.288985180496113
32,47,2022-03-05,3,0,46,50,60,19.311517096138147
32,47,2022-03-05,4,0,46,48,30,8.0
32,47,2022-03-05,6,0,49,51,30,10.641906099511921
32,47,2022-03-05,5,0,50,52,30,28.816404107861786
32,47,2022-03-05,2,0,53,54,15,19.249870439277984
32,47,2022-03-05,0,0,55,56,15,16.47777867787019
32,47,2022-03-05,4,0,55,56,15,9.478102455751092
32,47,2022-03-05,2,0,58,59,15,7.703216307434829
32,47,2022-03-05,4,0,59,60,15,6.0
32,47,2022-03-05,5,0,59,62,45,22.523400862422903
32,47,2022-03-05,6,0,59,60,15,17.175260542061714
32,47,2022-03-05,3,0,61,62,15,17.01056088824597
32,47,2022-03-05,0,0,64,66,30,5.963185109356161
32,47,2022-03-05,1,0,65,69,60,7.3445368709782315
32,47,2022-03-05,4,0,65,67,30,19.652528078427814
32,47,2022-03-05,2,0,67,69,30,28.331582360430694
32,47,2022-03-05,5,0,75,76,15,5.0
32,47,2022-03-05,4,0,77,78,15,12.197131324520406
32,47,2022-03-05,2,0,80,83,45,37.037885947273814
32,48,2022-01-17,2,0,5,8,45,27.832492974632288
32,48,2022-01-17,1,0,11,13,30,36.3382939390474
32,48,2022-01-17,4,0,11,13,30,17.856566234936054
32,48,2022-01-17,6,0,11,14,45,12.862477833336982
32,48,2022-01-17,7,0,11,13,30,24.358746036406878
32,48,2022-01-17,3,0,15,17,30,9.96473399474931
32,48,2022-01-17,5,0,17,19,30,22.11425531091099
32,48,2022-01-17,1,0,20,22,30,14.783940617046753
32,48,2022-01-17,6,0,21,23,30,9.0
32,48,2022-01-17,0,0,22,23,15,19.865902995339674
32,48,2022-01-17,3,0,22,23,15,20.276570065343222
32,48,2022-01-17,5,0,22,26,60,12.113015838527062
32,48,2022-01-17,7,0,22,24,30,8.906018126965442
32,48,2022-01-17,2,0,31,33,30,35.29808725922231
32,48,2022-01-17,4,0,33,35,30,16.401139136733825
32,48,2022-01-17,7,0,33,35,30,8.421508577125863
32,48,2022-01-17,0,0,35,36,15,14.216272892739696
32,48,2022-01-17,1,0,35,37,30,7.0
32,48,2022-01-17,6,0,35,36,15,11.949647715318719
32,48,2022-01-17,5,0,39,41,30,18.43587943617166
32,48,2022-01-17,2,0,40,43,45,11.232625611729034
32,48,2022-01-17,3,0,40,44,60,6.506670433359382
32,48,2022-01-17,4,0,43,46,45,7.0
32,48,2022-01-17,6,0,43,45,30,25.55738734384326
32,48,2022-01-17,7,0,43,46,45,17.444789232383556
32,48,2022-01-17,0,0,47,50,45,26.445598090914217
32,48,2022-01-17,1,0,52,53,15,7.0
32,48,2022-01-17,7,0,52,53,15,11.778196003888937
32,48,2022-01-17,0,0,53,55,30,27.991466147868792
32,48,2022-01-17,4,0,53,58,75,6.333154469002679
32,48,2022-01-17,5,0,53,54,15,12.675209759861986
32,48,2022-01-17,2,0,56,58,30,9.28334897575818
32,48,2022-01-17,6,0,56,57,15,24.51309961622932
32,48,2022-01-17,5,0,58,61,45,17.217149059845816
32,48,2022-01-17,3,0,59,62,45,8.0
32,48,2022-01-17,6,0,60,61,15,5.896086478531416
32,48,2022-01-17,7,0,62,63,15,27.24843769297589
32,48,2022-01-17,0,0,65,68,45,32.66549449925835
32,48,2022-01-17,3,0,70,74,60,31.24542739846123
32,48,2022-01-17,2,0,72,73,15,8.424043825452543
32,48,2022-01-17,7,0,72,75,45,17.638332086706598
32,48,2022-01-17,1,0,74,76,30,30.76051744568757
32,48,2022-01-17,0,0,79,81,30,37.65755755559732
32,48,2022-01-17,5,0,80,82,30,22.565141298673524
32,48,2022-03-05,2,0,5,8,45,27.832492974632288
32,48,2022-03-05,3,0,15,17,30,29.511843092796106
32,48,2022-03-05,1,0,20,22,30,13.170829435922577
32,48,2022-03-05,6,0,21,23,30,9.82406538197742
32,48,2022-03-05,0,0,22,23,15,18.604651202151857
32,48,2022-03-05,3,0,22,23,15,20.276570065343222
32,48,2022-03-05,5,0,22,26,60,9.371314545175935
32,48,2022-03-05,7,0,22,24,30,22.466178477352003
32,48,2022-03-05,2,0,25,26,15,20.76705529349725
32,48,2022-03-05,4,0,25,27,30,20.038683921718878
32,48,2022-03-05,2,0,31,33,30,35.29808725922231
32,48,2022-03-05,5,0,32,35,45,16.62090078743909
32,48,2022-03-05,0,0,33,36,45,8.497580100026425
32,48,2022-03-05,4,0,33,35,30,27.921689344641678
32,48,2022-03-05,7,0,33,35,30,8.421508577125863
32,48,2022-03-05,1,0,35,37,30,15.298773745959842
32,48,2022-03-05,6,0,35,36,15,11.949647715318719
32,48,2022-03-05,2,0,38,39,15,13.230497703729611
32,48,2022-03-05,5,0,39,41,30,18.43587943617166
32,48,2022-03-05,3,0,40,44,60,17.41538060195466
32,48,2022-03-05,6,0,41,43,30,13.377241369278678
32,48,2022-03-05,4,0,43,46,45,7.680262965591041
32,48,2022-03-05,7,0,43,46,45,17.444789232383556
32,48,2022-03-05,0,0,47,50,45,7.699913673644673
32,48,2022-03-05,5,0,47,51,60,27.607438522251414
32,48,2022-03-05,1,0,52,53,15,7.0
32,48,2022-03-05,7,0,52,53,15,20.52165691963132
32,48,2022-03-05,0,0,53,55,30,27.991466147868792
32,48,2022-03-05,4,0,53,58,75,6.333154469002679
32,48,2022-03-05,5,0,55,58,45,20.454330333528716
32,48,2022-03-05,2,0,56,58,30,9.28334897575818
32,48,2022-03-05,6,0,57,58,15,9.188206408675967
32,48,2022-03-05,6,0,61,62,15,11.078064574599587
32,48,2022-03-05,7,0,62,63,15,27.24843769297589
32,48,2022-03-05,0,0,65,68,45,32.66549449925835
32,48,2022-03-05,3,0,70,74,60,31.24542739846123
32,48,2022-03-05,7,0,73,75,30,19.654308217382976
32,48,2022-03-05,1,0,74,76,30,30.76051744568757
32,48,2022-03-05,2,0,75,76,15,32.568930514859545
32,48,2022-03-05,0,0,79,81,30,37.65755755559732
32,48,2022-03-05,2,0,80,85,75,17.548251190924397
32,48,2022-03-05,5,0,80,82,30,22.565141298673524
32,49,2022-01-17,2,0,14,15,15,25.102438328955884
32,49,2022-01-17,4,0,15,16,15,19.649986063675335
32,49,2022-01-17,7,0,15,17,30,21.935217130298746
32,49,2022-01-17,0,0,18,21,45,15.983036889258607
32,49,2022-01-17,2,0,19,20,15,9.0
32,49,2022-01-17,1,0,20,21,15,17.52086197324975
32,49,2022-01-17,4,0,21,23,30,14.210380356708214
32,49,2022-01-17,6,0,21,23,30,23.630490111184045
32,49,2022-01-17,7,0,23,24,15,5.0
32,49,2022-01-17,2,0,26,29,45,24.861718411206866
32,49,2022-01-17,6,0,27,35,120,5.239389949323268
32,49,2022-01-17,5,0,29,31,30,9.112939662977269
32,49,2022-01-17,0,0,30,32,30,11.704662366531068
32,49,2022-01-17,3,0,32,34,30,14.399887534123238
32,49,2022-01-17,4,0,32,33,15,16.3249868931578
32,49,2022-01-17,5,0,34,36,30,10.566298642707451
32,49,2022-01-17,1,0,35,36,15,26.008144643178305
32,49,2022-01-17,2,0,35,37,30,5.0
32,49,2022-01-17,5,0,39,41,30,10.072903371847076
32,49,2022-01-17,3,0,43,44,15,24.930602175042715
32,49,2022-01-17,1,0,44,46,30,8.415451104217276
32,49,2022-01-17,4,0,44,47,45,16.865180623685454
32,49,2022-01-17,7,0,46,47,15,9.760491217173396
32,49,2022-01-17,2,0,47,49,30,11.923559684643422
32,49,2022-01-17,0,0,50,53,45,8.307517293351914
32,49,2022-01-17,4,0,50,52,30,12.583818394574692
32,49,2022-01-17,1,0,51,55,60,8.160514987884802
32,49,2022-01-17,6,0,51,53,30,11.016284940816611
32,49,2022-01-17,3,0,54,59,75,21.620372700348646
32,49,2022-01-17,5,0,54,57,45,21.25470734226738
32,49,2022-01-17,7,0,55,58,45,7.645621894417388
32,49,2022-01-17,4,0,57,59,30,5.299993120189441
32,49,2022-01-17,6,0,57,59,30,9.41479879474258
32,49,2022-01-17,0,0,59,61,30,26.473965145045767
32,49,2022-01-17,1,0,59,60,15,35.139062069900774
32,49,2022-01-17,5,0,62,65,45,31.379994496758854
32,49,2022-01-17,2,0,63,65,30,26.74136260393273
32,49,2022-01-17,3,0,64,67,45,18.073276934962415
32,49,2022-01-17,3,0,71,74,45,35.17294920498222
32,49,2022-01-17,7,0,71,72,15,9.082920424261182
32,49,2022-01-17,2,0,72,74,30,15.598774430450703
32,49,2022-01-17,6,0,74,76,30,21.641223859619274
32,49,2022-01-17,1,0,75,77,30,15.728268156612678
32,49,2022-01-17,3,0,78,80,30,24.91269076546152
32,49,2022-01-17,5,0,78,79,15,8.350854703917449
32,49,2022-01-17,0,0,80,82,30,15.899577372932015
32,49,2022-03-05,2,0,14,15,15,25.102438328955884
32,49,2022-03-05,1,0,20,21,15,17.84619457257282
32,49,2022-03-05,2,0,21,22,15,16.662135105843923
32,49,2022-03-05,6,0,21,23,30,20.628931936675592
32,49,2022-03-05,7,0,23,24,15,15.98076066194838
32,49,2022-03-05,2,0,26,29,45,24.861718411206866
32,49,2022-03-05,6,0,27,35,120,5.239389949323268
32,49,2022-03-05,5,0,29,31,30,18.491211141634913
32,49,2022-03-05,0,0,30,32,30,24.08414261860831
32,49,2022-03-05,7,0,30,32,30,22.20022667493612
32,49,2022-03-05,3,0,32,34,30,9.033582235757038
32,49,2022-03-05,4,0,32,33,15,14.399887534123238
32,49,2022-03-05,1,0,34,37,45,9.77404734971821
32,49,2022-03-05,5,0,34,36,30,10.566298642707451
32,49,2022-03-05,2,0,35,37,30,5.0
32,49,2022-03-05,4,0,36,38,30,8.592262407828379
32,49,2022-03-05,5,0,39,41,30,10.072903371847076
32,49,2022-03-05,1,0,41,45,60,6.0
32,49,2022-03-05,2,0,42,44,30,9.0
32,49,2022-03-05,3,0,43,44,15,24.930602175042715
32,49,2022-03-05,4,0,44,47,45,16.865180623685454
32,49,2022-03-05,7,0,46,47,15,8.857868419329165
32,49,2022-03-05,2,0,47,49,30,11.923559684643422
32,49,2022-03-05,5,0,49,50,15,10.208888927694815
32,49,2022-03-05,0,0,50,53,45,8.307517293351914
32,49,2022-03-05,4,0,50,52,30,12.583818394574692
32,49,2022-03-05,7,0,50,52,30,17.159722282492638
32,49,2022-03-05,1,0,51,55,60,8.160514987884802
32,49,2022-03-05,6,0,51,53,30,20.997694376622484
32,49,2022-03-05,3,0,54,59,75,21.620372700348646
32,49,2022-03-05,5,0,54,57,45,21.25470734226738
32,49,2022-03-05,7,0,55,58,45,7.645621894417388
32,49,2022-03-05,6,0,58,60,30,7.0
32,49,2022-03-05,0,0,59,61,30,26.473965145045767
32,49,2022-03-05,1,0,59,60,15,35.139062069900774
32,49,2022-03-05,5,0,62,65,45,31.379994496758854
32,49,2022-03-05,2,0,63,65,30,26.74136260393273
32,49,2022-03-05,3,0,64,67,45,18.073276934962415
32,49,2022-03-05,3,0,71,74,45,35.17294920498222
32,49,2022-03-05,7,0,71,72,15,9.082920424261182
32,49,2022-03-05,2,0,72,74,30,15.598774430450703
32,49,2022-03-05,6,0,74,76,30,21.641223859619274
32,49,2022-03-05,1,0,75,77,30,15.728268156612678
32,49,2022-03-05,3,0,78,80,30,24.91269076546152
32,49,2022-03-05,5,0,78,79,15,8.350854703917449
32,49,2022-03-05,0,0,80,82,30,15.899577372932015
32,49,2022-03-05,1,0,81,84,45,12.544845130342757
42,0,2022-01-17,4,0,11,13,30,7.1621079655784925
42,0,2022-01-17,6,0,11,15,60,12.036991508073768
42,0,2022-01-17,7,0,11,13,30,14.845891817234516
42,0,2022-01-17,2,0,13,14,15,12.247757903978304
42,0,2022-01-17,0,0,15,17,30,17.197847217101057
42,0,2022-01-17,3,0,16,18,30,12.039444110164439
42,0,2022-01-17,7,0,18,22,60,14.023500230962227
42,0,2022-01-17,4,0,19,23,60,12.691971626271467
42,0,2022-01-17,3,0,22,26,60,11.244451946952452
42,0,2022-01-17,2,0,23,27,60,7.603357922905317
42,0,2022-01-17,4,0,26,33,105,17.686870361921564
42,0,2022-01-17,7,0,26,30,60,18.587399543875563
42,0,2022-01-17,5,0,28,29,15,14.942419233725815
42,0,2022-01-17,6,0,28,31,45,13.734579827948593
42,0,2022-01-17,1,0,31,34,45,9.829950601331177
42,0,2022-01-17,7,0,34,39,75,7.681659610679134
42,0,2022-01-17,0,0,35,36,15,18.609206555877662
42,0,2022-01-17,3,0,35,37,30,8.370582706352273
42,0,2022-01-17,6,0,39,40,15,7.3924860209675956
42,0,2022-01-17,2,0,42,45,45,8.0
42,0,2022-01-17,5,0,43,46,45,13.146232915812263
42,0,2022-01-17,0,0,44,47,45,16.659110948758382
42,0,2022-01-17,4,0,44,49,75,23.487406813506453
42,0,2022-01-17,3,0,45,50,75,23.174031597888302
42,0,2022-01-17,5,0,49,52,45,35.43979849530185
42,0,2022-01-17,1,0,51,58,105,24.65975540985147
42,0,2022-01-17,7,0,51,54,45,9.065729930694516
42,0,2022-01-17,2,0,52,57,75,9.423383531858853
42,0,2022-01-17,0,0,54,57,45,22.97026040863178
42,0,2022-01-17,6,0,54,57,45,13.297116784076195
42,0,2022-01-17,3,0,56,59,45,23.393541157836268
42,0,2022-01-17,5,0,56,59,45,20.075363987618786
42,0,2022-01-17,4,0,60,62,30,12.311868566135459
42,0,2022-01-17,6,0,61,63,30,32.917587054211396
42,0,2022-01-17,0,0,62,66,60,6.0
42,0,2022-01-17,1,0,64,65,15,26.62115335802111
42,0,2022-01-17,2,0,64,66,30,10.389890842192038
42,0,2022-01-17,3,0,64,67,45,6.583230197716091
42,0,2022-01-17,5,0,66,69,45,14.630753777026612
42,0,2022-01-17,7,0,69,77,120,5.0
42,0,2022-01-17,1,0,71,77,90,7.578206717937299
42,0,2022-01-17,2,0,71,73,30,31.330129547638137
42,0,2022-01-17,0,0,76,80,60,12.8799955417567
42,0,2022-03-05,4,0,15,18,45,5.8166463964532085
42,0,2022-03-05,0,0,17,18,15,9.04956436938545
42,0,2022-03-05,3,0,20,21,15,10.9501852918619
42,0,2022-03-05,7,0,20,24,60,9.872765262658199
42,0,2022-03-05,2,0,23,27,60,15.918060524335104
42,0,2022-03-05,3,0,25,29,60,13.885907629252799
42,0,2022-03-05,4,0,26,33,105,17.686870361921564
42,0,2022-03-05,5,0,28,29,15,11.312437018363738
42,0,2022-03-05,6,0,28,31,45,14.942419233725815
42,0,2022-03-05,1,0,31,34,45,9.829950601331177
42,0,2022-03-05,7,0,31,33,30,21.413724585099473
42,0,2022-03-05,3,0,34,35,15,5.0
42,0,2022-03-05,0,0,35,36,15,18.609206555877662
42,0,2022-03-05,7,0,36,39,45,20.640500793161905
42,0,2022-03-05,1,0,37,40,45,9.512527016492456
42,0,2022-03-05,6,0,38,40,30,13.213118062133333
42,0,2022-03-05,2,0,42,45,45,8.0
42,0,2022-03-05,5,0,43,46,45,13.146232915812263
42,0,2022-03-05,7,0,43,45,30,17.37774647385544
42,0,2022-03-05,0,0,44,47,45,16.659110948758382
42,0,2022-03-05,4,0,44,49,75,23.487406813506453
42,0,2022-03-05,3,0,45,50,75,23.174031597888302
42,0,2022-03-05,5,0,49,52,45,35.43979849530185
42,0,2022-03-05,2,0,50,53,45,6.5511346210092825
42,0,2022-03-05,1,0,51,58,105,24.65975540985147
42,0,2022-03-05,7,0,51,54,45,9.065729930694516
42,0,2022-03-05,0,0,54,57,45,22.97026040863178
42,0,2022-03-05,6,0,54,57,45,13.297116784076195
42,0,2022-03-05,3,0,56,59,45,23.393541157836268
42,0,2022-03-05,5,0,56,59,45,20.075363987618786
42,0,2022-03-05,4,0,60,62,30,12.311868566135459
42,0,2022-03-05,1,0,64,65,15,26.62115335802111
42,0,2022-03-05,2,0,64,66,30,10.389890842192038
42,0,2022-03-05,3,0,64,67,45,6.583230197716091
42,0,2022-03-05,5,0,66,69,45,14.630753777026612
42,0,2022-03-05,7,0,69,77,120,5.0
42,0,2022-03-05,1,0,71,77,90,7.578206717937299
42,0,2022-03-05,2,0,71,73,30,31.330129547638137
42,0,2022-03-05,0,0,76,80,60,12.8799955417567
42,1,2022-01-17,0,0,3,6,45,20.61351232511582
42,1,2022-01-17,1,0,3,5,30,26.962219474798346
42,1,2022-01-17,7,0,6,8,30,15.146568245789652
42,1,2022-01-17,1,0,11,16,75,14.764929830182162
42,1,2022-01-17,0,0,15,17,30,17.871498230887184
42,1,2022-01-17,3,0,17,19,30,5.8029503320424425
42,1,2022-01-17,1,0,19,22,45,9.0
42,1,2022-01-17,4,0,19,29,150,6.435664397458055
42,1,2022-01-17,7,0,19,22,45,21.282606023545682
42,1,2022-01-17,5,0,21,24,45,7.0
42,1,2022-01-17,6,0,23,26,45,18.747287465312148
42,1,2022-01-17,1,0,25,28,45,19.00707544156441
42,1,2022-01-17,2,0,25,33,120,8.0
42,1,2022-01-17,0,0,27,29,30,8.492231999730514
42,1,2022-01-17,5,0,33,36,45,17.925411157062094
42,1,2022-01-17,1,0,38,40,30,10.95163696096295
42,1,2022-01-17,4,0,38,39,15,14.346447092843519
42,1,2022-01-17,0,0,39,41,30,13.771639590919804
42,1,2022-01-17,4,0,43,45,30,5.828495364399501
42,1,2022-01-17,2,0,45,52,105,24.114777635261063
42,1,2022-01-17,5,0,46,50,60,31.875335738878107
42,1,2022-01-17,1,0,47,49,30,17.68131026211944
42,1,2022-01-17,3,0,48,51,45,7.0
42,1,2022-01-17,0,0,51,52,15,16.845290465828157
42,1,2022-01-17,1,0,54,58,60,28.88317323221684
42,1,2022-01-17,4,0,54,57,45,18.519967589753307
42,1,2022-01-17,2,0,55,58,45,19.013455487581467
42,1,2022-01-17,0,0,56,61,75,7.949942511988326
42,1,2022-01-17,7,0,56,58,30,5.206552108483379
42,1,2022-01-17,3,0,57,59,30,15.909580717232544
42,1,2022-01-17,5,0,59,62,45,16.5167464628628
42,1,2022-01-17,4,0,60,62,30,5.0
42,1,2022-01-17,6,0,60,62,30,31.162941021707702
42,1,2022-01-17,3,0,62,63,15,12.653346467924734
42,1,2022-01-17,0,0,65,68,45,14.906261168405834
42,1,2022-01-17,6,0,65,68,45,25.636105727441816
42,1,2022-01-17,5,0,66,67,15,12.214490821719934
42,1,2022-01-17,7,0,68,71,45,9.769393871527754
42,1,2022-01-17,1,0,70,72,30,7.879848896581478
42,1,2022-03-05,0,0,3,6,45,20.61351232511582
42,1,2022-03-05,1,0,3,5,30,26.962219474798346
42,1,2022-03-05,7,0,6,8,30,15.146568245789652
42,1,2022-03-05,4,0,19,29,150,5.6931720769791525
42,1,2022-03-05,7,0,19,22,45,21.282606023545682
42,1,2022-03-05,6,0,23,26,45,6.558825507477124
42,1,2022-03-05,1,0,25,28,45,19.00707544156441
42,1,2022-03-05,2,0,25,33,120,7.0
42,1,2022-03-05,3,0,26,28,30,19.214012252612257
42,1,2022-03-05,0,0,27,29,30,8.492231999730514
42,1,2022-03-05,1,0,33,37,60,12.180578847033516
42,1,2022-03-05,5,0,33,36,45,8.0
42,1,2022-03-05,3,0,36,40,60,8.268004879277669
42,1,2022-03-05,4,0,37,39,30,9.0
42,1,2022-03-05,0,0,39,41,30,13.771639590919804
42,1,2022-03-05,6,0,39,42,45,17.387391680194767
42,1,2022-03-05,4,0,42,45,45,6.0
42,1,2022-03-05,3,0,43,47,60,15.246408154264529
42,1,2022-03-05,0,0,45,47,30,24.67741155111019
42,1,2022-03-05,2,0,45,52,105,24.114777635261063
42,1,2022-03-05,6,0,45,47,30,31.875335738878107
42,1,2022-03-05,1,0,46,51,75,5.0
42,1,2022-03-05,5,0,46,50,60,25.61542376929978
42,1,2022-03-05,7,0,48,52,60,7.517085941992761
42,1,2022-03-05,0,0,50,53,45,22.269038407827374
42,1,2022-03-05,1,0,54,58,60,28.88317323221684
42,1,2022-03-05,4,0,54,57,45,18.519967589753307
42,1,2022-03-05,2,0,55,58,45,19.013455487581467
42,1,2022-03-05,0,0,56,61,75,7.949942511988326
42,1,2022-03-05,7,0,56,58,30,5.206552108483379
42,1,2022-03-05,3,0,57,59,30,15.909580717232544
42,1,2022-03-05,5,0,59,62,45,16.5167464628628
42,1,2022-03-05,4,0,60,62,30,5.0
42,1,2022-03-05,6,0,60,62,30,31.162941021707702
42,1,2022-03-05,3,0,62,63,15,12.653346467924734
42,1,2022-03-05,0,0,65,68,45,14.906261168405834
42,1,2022-03-05,6,0,65,68,45,25.636105727441816
42,1,2022-03-05,5,0,66,67,15,12.214490821719934
42,1,2022-03-05,7,0,68,71,45,9.769393871527754
42,1,2022-03-05,1,0,70,72,30,7.879848896581478
42,1,2022-03-05,5,0,81,82,15,18.627981989656355
42,2,2022-01-17,3,0,11,14,45,20.458846446267607
42,2,2022-01-17,2,0,12,15,45,7.0
42,2,2022-01-17,4,0,14,19,75,15.539032744257554
42,2,2022-01-17,5,0,17,23,90,7.439906114486931
42,2,2022-01-17,0,0,20,23,45,9.0
42,2,2022-01-17,3,0,20,22,30,6.56574640669956
42,2,2022-01-17,4,0,27,29,30,5.0
42,2,2022-01-17,7,0,29,31,30,15.454947506589086
42,2,2022-01-17,1,0,31,36,75,5.038846156783194
42,2,2022-01-17,6,0,31,32,15,8.0
42,2,2022-01-17,2,0,33,36,45,17.331376324272
42,2,2022-01-17,3,0,33,35,30,6.0
42,2,2022-01-17,5,0,35,40,75,22.479350620991667
42,2,2022-01-17,7,0,36,38,30,18.272931312193023
42,2,2022-01-17,3,0,38,41,45,10.973950113106255
42,2,2022-01-17,4,0,42,43,15,13.404024145482317
42,2,2022-01-17,1,0,43,44,15,11.964392686184311
42,2,2022-01-17,3,0,44,49,75,22.509232874825415
42,2,2022-01-17,5,0,46,48,30,26.30273074552546
42,2,2022-01-17,6,0,47,49,30,25.218263827680225
42,2,2022-01-17,7,0,49,50,15,17.49693597222717
42,2,2022-01-17,0,0,52,54,30,12.458039043409755
42,2,2022-01-17,1,0,52,55,45,27.60894603859184
42,2,2022-01-17,5,0,55,59,60,8.118387994943433
42,2,2022-01-17,3,0,56,58,30,9.173310243293436
42,2,2022-01-17,4,0,56,57,15,15.895807732842975
42,2,2022-01-17,6,0,56,60,60,7.730142571776376
42,2,2022-01-17,7,0,56,60,60,11.007146772878855
42,2,2022-01-17,0,0,58,60,30,8.0
42,2,2022-01-17,1,0,59,61,30,13.178414092970627
42,2,2022-01-17,2,0,59,61,30,19.836374973169683
42,2,2022-01-17,5,0,62,69,105,11.210551636026544
42,2,2022-01-17,2,0,66,70,60,11.73506817465848
42,2,2022-01-17,4,0,67,69,30,5.748381859291683
42,2,2022-01-17,0,0,68,70,30,40.16097237285108
42,2,2022-01-17,3,0,69,70,15,5.30497512857761
42,2,2022-01-17,0,0,78,81,45,35.42704232054422
42,2,2022-01-17,4,0,81,83,30,31.505029620436538
42,2,2022-03-05,2,0,12,15,45,20.458846446267607
42,2,2022-03-05,4,0,14,19,75,7.0
42,2,2022-03-05,0,0,22,28,90,12.970527179030142
42,2,2022-03-05,4,0,27,29,30,5.0
42,2,2022-03-05,7,0,27,30,45,7.551605162542856
42,2,2022-03-05,1,0,29,31,30,5.242719213314942
42,2,2022-03-05,6,0,31,32,15,22.372124609824134
42,2,2022-03-05,2,0,33,36,45,17.331376324272
42,2,2022-03-05,3,0,33,35,30,13.165592145628828
42,2,2022-03-05,7,0,33,35,30,7.460160422463538
42,2,2022-03-05,1,0,35,39,60,13.453388986123066
42,2,2022-03-05,5,0,35,40,75,16.09984293690313
42,2,2022-03-05,3,0,38,41,45,9.208814017443075
42,2,2022-03-05,0,0,39,43,60,14.48544641374982
42,2,2022-03-05,6,0,39,42,45,14.045838111037767
42,2,2022-03-05,4,0,42,43,15,11.12480617966392
42,2,2022-03-05,1,0,43,44,15,11.964392686184311
42,2,2022-03-05,3,0,44,49,75,22.509232874825415
42,2,2022-03-05,5,0,46,48,30,9.323842515777578
42,2,2022-03-05,6,0,47,49,30,25.218263827680225
42,2,2022-03-05,7,0,49,50,15,18.605049501028404
42,2,2022-03-05,0,0,52,54,30,19.766553444482057
42,2,2022-03-05,1,0,52,55,45,27.60894603859184
42,2,2022-03-05,5,0,55,59,60,8.118387994943433
42,2,2022-03-05,3,0,56,58,30,9.173310243293436
42,2,2022-03-05,4,0,56,57,15,15.895807732842975
42,2,2022-03-05,6,0,56,60,60,7.730142571776376
42,2,2022-03-05,7,0,56,60,60,11.007146772878855
42,2,2022-03-05,0,0,58,60,30,8.0
42,2,2022-03-05,1,0,59,61,30,13.178414092970627
42,2,2022-03-05,5,0,62,69,105,11.210551636026544
42,2,2022-03-05,2,0,66,70,60,32.31675748650202
42,2,2022-03-05,4,0,67,69,30,5.748381859291683
42,2,2022-03-05,0,0,68,70,30,40.16097237285108
42,2,2022-03-05,3,0,69,70,15,5.30497512857761
42,2,2022-03-05,0,0,78,81,45,35.42704232054422
42,2,2022-03-05,3,0,79,82,45,15.001423824025316
42,2,2022-03-05,4,0,81,83,30,31.505029620436538
42,3,2022-01-17,6,0,7,9,30,25.246197358331543
42,3,2022-01-17,0,0,11,15,60,16.72770614177145
42,3,2022-01-17,3,0,14,19,75,21.76004782745686
42,3,2022-01-17,7,0,14,17,45,18.19434934645161
42,3,2022-01-17,6,0,16,19,45,21.896128986303935
42,3,2022-01-17,1,0,18,21,45,20.819853598378046
42,3,2022-01-17,5,0,19,23,60,13.668307486651031
42,3,2022-01-17,1,0,24,28,60,29.86858229422979
42,3,2022-01-17,3,0,24,28,60,9.578545996309629
42,3,2022-01-17,6,0,24,27,45,14.954439219835791
42,3,2022-01-17,7,0,25,29,60,14.781205875578976
42,3,2022-01-17,2,0,27,29,30,10.070900435611051
42,3,2022-01-17,5,0,29,36,105,10.342310986998172
42,3,2022-01-17,1,0,33,35,30,18.958434460570125
42,3,2022-01-17,7,0,34,40,90,10.875783263003555
42,3,2022-01-17,4,0,35,39,60,16.550141476325315
42,3,2022-01-17,0,0,36,38,30,10.20297212664505
42,3,2022-01-17,2,0,36,41,75,15.999222753205899
42,3,2022-01-17,5,0,39,40,15,6.568791648223417
42,3,2022-01-17,1,0,44,48,60,18.937920841554764
42,3,2022-01-17,4,0,45,48,45,16.27452521314237
42,3,2022-01-17,3,0,46,48,30,7.995069023945639
42,3,2022-01-17,5,0,50,53,45,13.405340708263111
42,3,2022-01-17,2,0,51,53,30,10.686487908930474
42,3,2022-01-17,7,0,52,53,15,16.376688394442553
42,3,2022-01-17,6,0,53,54,15,22.81573412905304
42,3,2022-01-17,0,0,54,57,45,18.788121933229462
42,3,2022-01-17,1,0,54,57,45,25.50207442387193
42,3,2022-01-17,2,0,56,59,45,14.160876443803346
42,3,2022-01-17,3,0,57,59,30,29.798504988582827
42,3,2022-01-17,6,0,57,60,45,17.310932466553666
42,3,2022-01-17,4,0,58,60,30,6.198216761144877
42,3,2022-01-17,7,0,60,62,30,12.600216325463208
42,3,2022-01-17,3,0,63,64,15,22.795262616543518
42,3,2022-01-17,4,0,63,65,30,14.056764206111069
42,3,2022-01-17,0,0,67,69,30,26.56099618929222
42,3,2022-01-17,2,0,67,68,15,15.227962936646094
42,3,2022-01-17,3,0,70,71,15,26.66802693249508
42,3,2022-01-17,7,0,70,71,15,30.515799437408162
42,3,2022-01-17,5,0,76,77,15,18.724992756346495
42,3,2022-03-05,6,0,7,9,30,25.246197358331543
42,3,2022-03-05,0,0,17,20,45,12.576103703370443
42,3,2022-03-05,6,0,20,24,60,20.091839330828996
42,3,2022-03-05,1,0,24,28,60,17.876181349037857
42,3,2022-03-05,3,0,24,28,60,14.94691055019291
42,3,2022-03-05,7,0,25,29,60,21.33513726241266
42,3,2022-03-05,2,0,27,29,30,14.141031920720557
42,3,2022-03-05,5,0,29,36,105,10.273343970621653
42,3,2022-03-05,1,0,33,35,30,18.958434460570125
42,3,2022-03-05,7,0,34,40,90,10.875783263003555
42,3,2022-03-05,4,0,35,39,60,16.550141476325315
42,3,2022-03-05,0,0,36,38,30,10.458919174698366
42,3,2022-03-05,2,0,36,41,75,15.999222753205899
42,3,2022-03-05,5,0,39,40,15,6.568791648223417
42,3,2022-03-05,3,0,43,46,45,22.448743543221
42,3,2022-03-05,1,0,44,48,60,11.909337175956573
42,3,2022-03-05,4,0,45,48,45,16.27452521314237
42,3,2022-03-05,2,0,47,49,30,13.153123187603612
42,3,2022-03-05,5,0,48,50,30,10.47179078528039
42,3,2022-03-05,3,0,49,51,30,33.41268324816586
42,3,2022-03-05,7,0,52,53,15,16.376688394442553
42,3,2022-03-05,2,0,53,56,45,7.0
42,3,2022-03-05,6,0,53,54,15,22.81573412905304
42,3,2022-03-05,0,0,54,57,45,18.788121933229462
42,3,2022-03-05,1,0,54,57,45,25.50207442387193
42,3,2022-03-05,3,0,57,59,30,29.798504988582827
42,3,2022-03-05,6,0,57,60,45,19.242164936499933
42,3,2022-03-05,3,0,63,64,15,22.795262616543518
42,3,2022-03-05,4,0,63,65,30,19.193811690692783
42,3,2022-03-05,0,0,67,69,30,26.56099618929222
42,3,2022-03-05,2,0,67,68,15,15.227962936646094
42,3,2022-03-05,3,0,70,71,15,26.66802693249508
42,3,2022-03-05,7,0,70,71,15,30.515799437408162
42,3,2022-03-05,5,0,76,77,15,18.724992756346495
42,4,2022-01-17,0,0,8,12,60,8.978635235231032
42,4,2022-01-17,1,0,16,21,75,11.926724698652713
42,4,2022-01-17,0,0,17,22,75,8.121719975992633
42,4,2022-01-17,4,0,18,19,15,23.863710904229784
42,4,2022-01-17,7,0,18,20,30,8.26055015877126
42,4,2022-01-17,6,0,19,25,90,8.953387593273945
42,4,2022-01-17,3,0,21,25,60,8.0
42,4,2022-01-17,4,0,23,26,45,5.059226468913579
42,4,2022-01-17,2,0,24,28,60,13.370904607259504
42,4,2022-01-17,7,0,25,28,45,14.421038585285814
42,4,2022-01-17,0,0,26,29,45,7.0864447987473795
42,4,2022-01-17,1,0,30,36,90,7.597206648530658
42,4,2022-01-17,3,0,30,33,45,10.239270361815933
42,4,2022-01-17,6,0,31,33,30,5.582343099071849
42,4,2022-01-17,5,0,34,35,15,12.161406961136024
42,4,2022-01-17,6,0,36,38,30,15.869274668656821
42,4,2022-01-17,3,0,38,41,45,11.80114809407602
42,4,2022-01-17,5,0,38,39,15,12.479747876063456
42,4,2022-01-17,1,0,41,44,45,16.33098952482171
42,4,2022-01-17,6,0,43,49,90,20.741136054173836
42,4,2022-01-17,5,0,44,50,90,25.583189960432343
42,4,2022-01-17,4,0,46,48,30,17.50143506984108
42,4,2022-01-17,2,0,47,49,30,7.847437834408076
42,4,2022-01-17,2,0,52,54,30,24.0614586427658
42,4,2022-01-17,3,0,53,56,45,21.714700994611526
42,4,2022-01-17,7,0,53,55,30,13.709969031695422
42,4,2022-01-17,4,0,54,56,30,18.21241147457198
42,4,2022-01-17,1,0,55,61,90,23.308496305407502
42,4,2022-01-17,0,0,56,58,30,14.298071436367927
42,4,2022-01-17,4,0,59,62,45,25.075969167229246
42,4,2022-01-17,5,0,59,64,75,15.996569220731608
42,4,2022-01-17,6,0,59,66,105,21.509493172116322
42,4,2022-01-17,2,0,60,63,45,12.48886220894537
42,4,2022-01-17,7,0,60,62,30,11.043344139721171
42,4,2022-01-17,3,0,62,64,30,8.0
42,4,2022-01-17,2,0,66,68,30,11.533685906318752
42,4,2022-01-17,3,0,70,73,45,25.290860555310182
42,4,2022-01-17,2,0,72,76,60,14.113324571684885
42,4,2022-01-17,6,0,73,75,30,25.779595264494333
42,4,2022-01-17,4,0,76,79,45,15.44348853975049
42,4,2022-01-17,7,0,82,85,45,28.54273172893729
42,4,2022-03-05,0,0,17,22,75,5.885116469126018
42,4,2022-03-05,4,0,18,19,15,11.040763686028072
42,4,2022-03-05,7,0,19,21,30,23.41226527872857
42,4,2022-03-05,6,0,21,24,45,8.392007398798029
42,4,2022-03-05,2,0,24,28,60,9.124731076450942
42,4,2022-03-05,7,0,25,28,45,14.421038585285814
42,4,2022-03-05,0,0,26,29,45,7.0864447987473795
42,4,2022-03-05,3,0,27,30,45,8.0
42,4,2022-03-05,1,0,30,36,90,13.846435642111715
42,4,2022-03-05,6,0,31,33,30,5.582343099071849
42,4,2022-03-05,4,0,32,36,60,7.0
42,4,2022-03-05,0,0,34,37,45,15.052309470102962
42,4,2022-03-05,3,0,34,35,15,6.0
42,4,2022-03-05,5,0,34,35,15,12.161406961136024
42,4,2022-03-05,6,0,36,38,30,15.869274668656821
42,4,2022-03-05,3,0,38,41,45,11.80114809407602
42,4,2022-03-05,5,0,38,39,15,12.479747876063456
42,4,2022-03-05,1,0,41,44,45,16.33098952482171
42,4,2022-03-05,2,0,42,45,45,19.9776624315504
42,4,2022-03-05,6,0,43,49,90,16.62730400944872
42,4,2022-03-05,5,0,44,50,90,25.583189960432343
42,4,2022-03-05,4,0,46,48,30,7.646629520399124
42,4,2022-03-05,2,0,52,54,30,24.0614586427658
42,4,2022-03-05,3,0,53,56,45,21.714700994611526
42,4,2022-03-05,7,0,53,55,30,13.709969031695422
42,4,2022-03-05,4,0,54,56,30,18.21241147457198
42,4,2022-03-05,1,0,55,61,90,23.308496305407502
42,4,2022-03-05,5,0,59,64,75,15.996569220731608
42,4,2022-03-05,2,0,60,63,45,12.48886220894537
42,4,2022-03-05,7,0,60,62,30,11.043344139721171
42,4,2022-03-05,6,0,61,64,45,22.88836922035
42,4,2022-03-05,3,0,62,64,30,8.0
42,4,2022-03-05,2,0,66,68,30,11.533685906318752
42,4,2022-03-05,3,0,70,73,45,22.36275259527774
42,4,2022-03-05,2,0,72,76,60,14.113324571684885
42,4,2022-03-05,6,0,73,75,30,25.779595264494333
42,4,2022-03-05,4,0,76,79,45,15.44348853975049
42,4,2022-03-05,7,0,82,85,45,28.54273172893729
42,5,2022-01-17,2,0,10,12,30,6.0
42,5,2022-01-17,3,0,15,17,30,19.850620711359326
42,5,2022-01-17,7,0,15,19,60,12.979894327215199
42,5,2022-01-17,6,0,16,19,45,7.915377679591941
42,5,2022-01-17,1,0,18,22,60,11.559564358721495
42,5,2022-01-17,2,0,18,22,60,5.017289650217592
42,5,2022-01-17,3,0,22,25,45,19.273440995541698
42,5,2022-01-17,4,0,22,25,45,10.158989919195221
42,5,2022-01-17,6,0,23,26,45,9.041457531143493
42,5,2022-01-17,3,0,28,31,45,14.547928641945873
42,5,2022-01-17,1,0,30,32,30,5.93502145240285
42,5,2022-01-17,0,0,31,35,60,19.524704107185855
42,5,2022-01-17,5,0,31,33,30,14.356796918408229
42,5,2022-01-17,7,0,31,33,30,8.56373043122214
42,5,2022-01-17,1,0,35,40,75,8.0
42,5,2022-01-17,7,0,36,38,30,10.556642509627864
42,5,2022-01-17,2,0,39,40,15,7.394676027340125
42,5,2022-01-17,7,0,41,42,15,22.334869756979003
42,5,2022-01-17,5,0,43,46,45,21.366639303264137
42,5,2022-01-17,0,0,45,50,75,19.40400466992979
42,5,2022-01-17,4,0,46,47,15,6.199004564957853
42,5,2022-01-17,7,0,48,51,45,10.17206791596606
42,5,2022-01-17,1,0,49,50,15,23.775680579487528
42,5,2022-01-17,3,0,50,52,30,29.437508113559915
42,5,2022-01-17,6,0,50,56,90,12.850347509682727
42,5,2022-01-17,4,0,52,55,45,7.0
42,5,2022-01-17,0,0,53,58,75,6.0
42,5,2022-01-17,2,0,53,56,45,21.500899161818666
42,5,2022-01-17,7,0,55,57,30,29.744983174491153
42,5,2022-01-17,1,0,56,59,45,12.21835628337017
42,5,2022-01-17,3,0,56,59,45,13.202086642919191
42,5,2022-01-17,5,0,57,60,45,6.0
42,5,2022-01-17,4,0,58,61,45,14.917075047207462
42,5,2022-01-17,5,0,65,67,30,7.0
42,5,2022-01-17,6,0,65,67,30,29.912743835602093
42,5,2022-01-17,4,0,66,74,120,7.136557136786102
42,5,2022-01-17,2,0,67,70,45,35.73884638648346
42,5,2022-01-17,0,0,68,71,45,28.24368236052262
42,5,2022-01-17,6,0,71,73,30,19.70849260541221
42,5,2022-01-17,5,0,75,77,30,36.976783152039644
42,5,2022-01-17,4,0,77,81,60,13.523113122094443
42,5,2022-03-05,3,0,15,17,30,6.0
42,5,2022-03-05,6,0,19,20,15,18.02841174814563
42,5,2022-03-05,3,0,22,25,45,19.273440995541698
42,5,2022-03-05,4,0,22,25,45,12.206916167312954
42,5,2022-03-05,6,0,23,26,45,9.041457531143493
42,5,2022-03-05,5,0,26,29,45,7.508744583514158
42,5,2022-03-05,3,0,28,31,45,14.547928641945873
42,5,2022-03-05,2,0,29,32,45,11.9689709742577
42,5,2022-03-05,4,0,29,31,30,12.048198173050459
42,5,2022-03-05,1,0,30,32,30,10.354019782226274
42,5,2022-03-05,0,0,31,35,60,19.524704107185855
42,5,2022-03-05,7,0,31,33,30,14.356796918408229
42,5,2022-03-05,1,0,35,40,75,8.0
42,5,2022-03-05,7,0,36,38,30,10.556642509627864
42,5,2022-03-05,2,0,39,40,15,20.269020628918852
42,5,2022-03-05,3,0,40,42,30,12.194010711619015
42,5,2022-03-05,7,0,41,42,15,22.334869756979003
42,5,2022-03-05,5,0,43,46,45,21.366639303264137
42,5,2022-03-05,6,0,43,47,60,7.664868477194261
42,5,2022-03-05,0,0,45,50,75,19.40400466992979
42,5,2022-03-05,4,0,46,47,15,8.526844889378843
42,5,2022-03-05,7,0,48,51,45,20.994395097274754
42,5,2022-03-05,1,0,49,50,15,6.483787307198149
42,5,2022-03-05,3,0,50,52,30,10.367122255011786
42,5,2022-03-05,6,0,50,56,90,9.151845735468683
42,5,2022-03-05,4,0,52,55,45,7.0
42,5,2022-03-05,0,0,53,58,75,12.467779986617025
42,5,2022-03-05,2,0,53,56,45,21.500899161818666
42,5,2022-03-05,7,0,55,57,30,29.744983174491153
42,5,2022-03-05,1,0,56,59,45,12.21835628337017
42,5,2022-03-05,4,0,58,61,45,14.917075047207462
42,5,2022-03-05,5,0,59,61,30,35.22230733377336
42,5,2022-03-05,5,0,65,67,30,7.0
42,5,2022-03-05,6,0,65,67,30,29.912743835602093
42,5,2022-03-05,4,0,66,74,120,7.136557136786102
42,5,2022-03-05,2,0,67,70,45,35.73884638648346
42,5,2022-03-05,0,0,68,71,45,28.24368236052262
42,5,2022-03-05,6,0,71,73,30,19.70849260541221
42,5,2022-03-05,5,0,75,77,30,36.976783152039644
42,5,2022-03-05,4,0,77,81,60,13.523113122094443
42,5,2022-03-05,7,0,80,82,30,11.691420879256292
42,6,2022-01-17,7,0,12,15,45,12.854084187891111
42,6,2022-01-17,1,0,14,17,45,23.882804641504386
42,6,2022-01-17,3,0,14,18,60,6.188580939170137
42,6,2022-01-17,4,0,15,19,60,11.731058115572914
42,6,2022-01-17,2,0,18,19,15,17.123904348647272
42,6,2022-01-17,0,0,21,23,30,5.0
42,6,2022-01-17,1,0,21,23,30,17.34393987138816
42,6,2022-01-17,6,0,21,23,30,6.931128924914319
42,6,2022-01-17,2,0,22,27,75,9.971860443720132
42,6,2022-01-17,4,0,22,24,30,14.792526312594866
42,6,2022-01-17,1,0,27,29,30,10.539853668112592
42,6,2022-01-17,5,0,33,36,45,17.458043095183392
42,6,2022-01-17,1,0,34,37,45,17.077698368514746
42,6,2022-01-17,6,0,37,39,30,19.326701433026415
42,6,2022-01-17,4,0,41,44,45,11.574700897442668
42,6,2022-01-17,3,0,43,47,60,16.112524496906175
42,6,2022-01-17,5,0,47,53,90,14.806734810570163
42,6,2022-01-17,0,0,48,50,30,8.305040301311237
42,6,2022-01-17,2,0,54,56,30,24.443622751119236
42,6,2022-01-17,3,0,54,58,60,11.475406633121779
42,6,2022-01-17,6,0,54,56,30,23.534804509794952
42,6,2022-01-17,1,0,55,57,30,34.631089242021275
42,6,2022-01-17,0,0,57,59,30,5.0
42,6,2022-01-17,4,0,58,60,30,15.010774280602888
42,6,2022-01-17,2,0,59,63,60,21.34046450434223
42,6,2022-01-17,1,0,63,65,30,15.68788042234587
42,6,2022-01-17,4,0,63,66,45,16.761193195853963
42,6,2022-01-17,7,0,64,65,15,5.340858803695198
42,6,2022-01-17,6,0,67,70,45,18.98518669567595
42,6,2022-01-17,1,0,70,73,45,10.931980709073088
42,6,2022-01-17,7,0,70,73,45,9.070088840201656
42,6,2022-01-17,0,0,73,81,120,7.464804243933031
42,6,2022-01-17,6,0,75,79,60,37.73784776462482
42,6,2022-01-17,3,0,80,83,45,21.183963391858427
42,6,2022-03-05,0,0,21,23,30,9.817654508215625
42,6,2022-03-05,1,0,21,23,30,19.93512542333604
42,6,2022-03-05,6,0,21,23,30,5.165646960927958
42,6,2022-03-05,2,0,22,27,75,11.032450600959407
42,6,2022-03-05,4,0,22,24,30,17.396411767752433
42,6,2022-03-05,1,0,26,27,15,12.791156288336424
42,6,2022-03-05,7,0,26,27,15,5.0
42,6,2022-03-05,0,0,27,32,75,6.0
42,6,2022-03-05,6,0,28,36,120,11.534344340579075
42,6,2022-03-05,5,0,30,33,45,7.064191083222241
42,6,2022-03-05,1,0,31,33,30,9.268153883815017
42,6,2022-03-05,2,0,31,33,30,14.21160525367047
42,6,2022-03-05,1,0,38,39,15,9.0
42,6,2022-03-05,2,0,39,41,30,9.213090163546084
42,6,2022-03-05,3,0,41,46,75,19.560683952395365
42,6,2022-03-05,4,0,41,44,45,11.574700897442668
42,6,2022-03-05,6,0,41,44,45,15.519428370679933
42,6,2022-03-05,5,0,42,47,75,20.162806693582503
42,6,2022-03-05,0,0,48,50,30,18.224396511117256
42,6,2022-03-05,2,0,54,56,30,24.443622751119236
42,6,2022-03-05,3,0,54,58,60,11.475406633121779
42,6,2022-03-05,6,0,54,56,30,23.534804509794952
42,6,2022-03-05,1,0,55,57,30,34.631089242021275
42,6,2022-03-05,4,0,58,60,30,15.010774280602888
42,6,2022-03-05,2,0,59,63,60,21.34046450434223
42,6,2022-03-05,1,0,63,65,30,15.68788042234587
42,6,2022-03-05,4,0,63,66,45,16.761193195853963
42,6,2022-03-05,7,0,64,65,15,14.013743578771091
42,6,2022-03-05,6,0,67,70,45,18.98518669567595
42,6,2022-03-05,1,0,70,73,45,10.931980709073088
42,6,2022-03-05,7,0,70,73,45,9.070088840201656
42,6,2022-03-05,6,0,75,79,60,37.73784776462482
42,6,2022-03-05,3,0,80,83,45,21.183963391858427
42,7,2022-01-17,1,0,13,16,45,9.815934688311813
42,7,2022-01-17,0,0,14,16,30,19.55273727714153
42,7,2022-01-17,3,0,15,18,45,26.400877038346742
42,7,2022-01-17,5,0,17,19,30,12.666141541658746
42,7,2022-01-17,2,0,18,20,30,9.0
42,7,2022-01-17,7,0,19,22,45,19.06031586613465
42,7,2022-01-17,0,0,20,23,45,18.65519410162677
42,7,2022-01-17,1,0,21,23,30,20.051273598266505
42,7,2022-01-17,4,0,22,24,30,23.54778478393097
42,7,2022-01-17,6,0,22,24,30,7.322276753871932
42,7,2022-01-17,2,0,23,25,30,14.387038059944835
42,7,2022-01-17,5,0,25,28,45,11.603025660040856
42,7,2022-01-17,7,0,29,33,60,14.185827036836926
42,7,2022-01-17,1,0,30,31,15,28.390599806576418
42,7,2022-01-17,5,0,31,34,45,10.835463682492133
42,7,2022-01-17,6,0,31,35,60,26.62703307322144
42,7,2022-01-17,2,0,32,34,30,15.153470419877394
42,7,2022-01-17,7,0,38,39,15,5.995642936611162
42,7,2022-01-17,6,0,41,44,45,11.957480657972397
42,7,2022-01-17,4,0,43,48,75,11.081746982603306
42,7,2022-01-17,5,0,43,47,60,13.354777073608105
42,7,2022-01-17,3,0,45,47,30,5.048223430571824
42,7,2022-01-17,1,0,47,50,45,6.853958055139451
42,7,2022-01-17,6,0,48,53,75,13.038438942160447
42,7,2022-01-17,7,0,51,54,45,22.170931472262083
42,7,2022-01-17,1,0,53,59,90,19.777240329597575
42,7,2022-01-17,2,0,53,55,30,17.450397663381487
42,7,2022-01-17,4,0,54,59,75,21.483791391308998
42,7,2022-01-17,0,0,56,58,30,30.0932749786084
42,7,2022-01-17,5,0,56,57,15,25.2275239728691
42,7,2022-01-17,3,0,57,58,15,5.0
42,7,2022-01-17,7,0,58,62,60,16.70984816554592
42,7,2022-01-17,2,0,60,63,45,6.0
42,7,2022-01-17,0,0,63,66,45,35.17428863122336
42,7,2022-01-17,4,0,63,65,30,14.796418342228705
42,7,2022-01-17,3,0,64,68,60,32.34542692926243
42,7,2022-01-17,5,0,64,66,30,36.59201167247434
42,7,2022-01-17,6,0,64,67,45,16.2324967590274
42,7,2022-01-17,1,0,65,69,60,28.4746277707181
42,7,2022-01-17,5,0,70,75,75,29.409953380049544
42,7,2022-01-17,2,0,71,73,30,25.468889983026564
42,7,2022-01-17,1,0,73,74,15,16.016891705390904
42,7,2022-01-17,6,0,77,79,30,20.05459950151962
42,7,2022-01-17,1,0,78,82,60,21.660131775730072
42,7,2022-01-17,5,0,79,80,15,29.6241257946292
42,7,2022-03-05,1,0,13,16,45,9.815934688311813
42,7,2022-03-05,3,0,15,18,45,17.354272232689517
42,7,2022-03-05,7,0,19,22,45,23.977380288522248
42,7,2022-03-05,0,0,20,23,45,12.426527752591788
42,7,2022-03-05,6,0,22,24,30,9.0
42,7,2022-03-05,2,0,23,25,30,19.425078463189045
42,7,2022-03-05,5,0,25,28,45,23.752588364724666
42,7,2022-03-05,3,0,28,29,15,23.392257850880718
42,7,2022-03-05,7,0,29,33,60,14.185827036836926
42,7,2022-03-05,1,0,30,31,15,28.390599806576418
42,7,2022-03-05,5,0,31,34,45,10.835463682492133
42,7,2022-03-05,6,0,31,35,60,26.62703307322144
42,7,2022-03-05,2,0,32,34,30,15.153470419877394
42,7,2022-03-05,4,0,36,40,60,7.467300470383435
42,7,2022-03-05,7,0,36,40,60,18.045466196726245
42,7,2022-03-05,3,0,39,44,75,8.0
42,7,2022-03-05,5,0,40,42,30,17.89682566159607
42,7,2022-03-05,6,0,41,44,45,31.39904564884703
42,7,2022-03-05,2,0,42,45,45,12.863192620129517
42,7,2022-03-05,4,0,43,48,75,21.080809921336886
42,7,2022-03-05,7,0,46,50,60,13.212904998900626
42,7,2022-03-05,1,0,47,50,45,6.853958055139451
42,7,2022-03-05,3,0,47,49,30,7.0
42,7,2022-03-05,6,0,48,53,75,13.038438942160447
42,7,2022-03-05,1,0,53,59,90,19.777240329597575
42,7,2022-03-05,2,0,53,55,30,17.450397663381487
42,7,2022-03-05,4,0,54,59,75,21.483791391308998
42,7,2022-03-05,0,0,56,58,30,30.0932749786084
42,7,2022-03-05,5,0,56,57,15,25.2275239728691
42,7,2022-03-05,3,0,57,58,15,5.0
42,7,2022-03-05,2,0,60,63,45,6.0
42,7,2022-03-05,0,0,63,66,45,35.17428863122336
42,7,2022-03-05,3,0,64,68,60,32.34542692926243
42,7,2022-03-05,5,0,64,66,30,36.59201167247434
42,7,2022-03-05,6,0,64,67,45,16.2324967590274
42,7,2022-03-05,1,0,65,69,60,28.4746277707181
42,7,2022-03-05,5,0,70,75,75,29.409953380049544
42,7,2022-03-05,2,0,71,73,30,25.468889983026564
42,7,2022-03-05,1,0,73,74,15,16.016891705390904
42,7,2022-03-05,6,0,77,79,30,20.05459950151962
42,7,2022-03-05,1,0,78,82,60,21.660131775730072
42,7,2022-03-05,5,0,79,80,15,29.6241257946292
42,8,2022-01-17,2,0,12,15,45,19.505237475317145
42,8,2022-01-17,1,0,15,16,15,18.779218897387274
42,8,2022-01-17,3,0,15,18,45,24.123635223873286
42,8,2022-01-17,4,0,16,19,45,32.53162412317633
42,8,2022-01-17,0,0,21,27,90,23.689564213216308
42,8,2022-01-17,4,0,25,29,60,13.620015513546448
42,8,2022-01-17,6,0,26,28,30,13.566173004371613
42,8,2022-01-17,1,0,28,33,75,9.762642792062245
42,8,2022-01-17,0,0,31,33,30,17.921800700204955
42,8,2022-01-17,3,0,32,35,45,6.2245869415475354
42,8,2022-01-17,4,0,34,37,45,8.738663664705498
42,8,2022-01-17,7,0,35,38,45,16.03788436578718
42,8,2022-01-17,5,0,37,39,30,11.031401992611258
42,8,2022-01-17,6,0,39,41,30,26.611066956251506
42,8,2022-01-17,4,0,40,45,75,10.490085386523639
42,8,2022-01-17,0,0,41,43,30,13.643248963906188
42,8,2022-01-17,1,0,41,44,45,15.118705733863898
42,8,2022-01-17,7,0,42,43,15,15.659274540144239
42,8,2022-01-17,2,0,45,48,45,8.0
42,8,2022-01-17,6,0,45,46,15,30.596059088954533
42,8,2022-01-17,3,0,48,50,30,12.342527540943522
42,8,2022-01-17,4,0,48,50,30,35.485616741238054
42,8,2022-01-17,0,0,49,53,60,17.70614922652399
42,8,2022-01-17,3,0,54,58,60,20.7217075851679
42,8,2022-01-17,5,0,54,55,15,21.40854221678962
42,8,2022-01-17,4,0,55,58,45,9.0
42,8,2022-01-17,0,0,56,60,60,18.18794147300848
42,8,2022-01-17,2,0,56,58,30,10.729928050690866
42,8,2022-01-17,1,0,57,61,60,15.24174528321528
42,8,2022-01-17,7,0,57,59,30,23.8297763168843
42,8,2022-01-17,5,0,59,60,15,14.19603005927791
42,8,2022-01-17,6,0,61,64,45,27.185805580359045
42,8,2022-01-17,3,0,63,68,75,25.774208553030604
42,8,2022-01-17,7,0,64,69,75,8.0
42,8,2022-01-17,0,0,65,67,30,13.820489839093128
42,8,2022-01-17,2,0,66,69,45,21.118862505064612
42,8,2022-01-17,1,0,69,74,75,40.65958885816151
42,8,2022-01-17,4,0,75,76,15,11.809017579163637
42,8,2022-01-17,6,0,76,79,45,13.235307522414644
42,8,2022-01-17,3,0,82,84,30,26.60895114085615
42,8,2022-03-05,2,0,16,19,45,15.841016334581838
42,8,2022-03-05,1,0,18,20,30,17.38422939180169
42,8,2022-03-05,3,0,18,27,135,22.331642800878527
42,8,2022-03-05,0,0,21,27,90,30.594302114272182
42,8,2022-03-05,4,0,25,29,60,23.89560090086345
42,8,2022-03-05,6,0,26,28,30,13.566173004371613
42,8,2022-03-05,1,0,28,33,75,9.762642792062245
42,8,2022-03-05,5,0,29,31,30,16.028321739297297
42,8,2022-03-05,3,0,30,33,45,8.0
42,8,2022-03-05,0,0,31,33,30,17.921800700204955
42,8,2022-03-05,4,0,32,34,30,11.715031897877985
42,8,2022-03-05,7,0,35,38,45,10.66140633450118
42,8,2022-03-05,2,0,36,38,30,8.0
42,8,2022-03-05,5,0,37,39,30,20.301390132582668
42,8,2022-03-05,3,0,39,42,45,14.223292860371558
42,8,2022-03-05,6,0,39,41,30,26.611066956251506
42,8,2022-03-05,4,0,40,45,75,10.490085386523639
42,8,2022-03-05,0,0,41,43,30,13.643248963906188
42,8,2022-03-05,1,0,41,44,45,15.118705733863898
42,8,2022-03-05,7,0,42,43,15,15.659274540144239
42,8,2022-03-05,5,0,43,50,105,11.440098789467115
42,8,2022-03-05,2,0,45,48,45,16.172307923710754
42,8,2022-03-05,6,0,45,46,15,8.0
42,8,2022-03-05,3,0,48,50,30,31.399542901604377
42,8,2022-03-05,4,0,48,50,30,12.342527540943522
42,8,2022-03-05,0,0,49,53,60,17.70614922652399
42,8,2022-03-05,3,0,54,58,60,20.7217075851679
42,8,2022-03-05,5,0,54,55,15,21.40854221678962
42,8,2022-03-05,4,0,55,58,45,9.0
42,8,2022-03-05,0,0,56,60,60,18.18794147300848
42,8,2022-03-05,2,0,56,58,30,10.729928050690866
42,8,2022-03-05,1,0,57,61,60,15.24174528321528
42,8,2022-03-05,7,0,57,59,30,7.305637217560417
42,8,2022-03-05,5,0,61,65,60,15.936532027855051
42,8,2022-03-05,6,0,61,64,45,27.185805580359045
42,8,2022-03-05,3,0,63,68,75,25.774208553030604
42,8,2022-03-05,7,0,64,69,75,8.0
42,8,2022-03-05,0,0,65,67,30,13.820489839093128
42,8,2022-03-05,2,0,66,69,45,21.118862505064612
42,8,2022-03-05,1,0,69,74,75,40.65958885816151
42,8,2022-03-05,4,0,75,76,15,11.809017579163637
42,8,2022-03-05,6,0,76,79,45,13.235307522414644
42,8,2022-03-05,3,0,82,84,30,26.60895114085615
42,9,2022-01-17,4,0,12,16,60,17.484340608081787
42,9,2022-01-17,0,0,14,19,75,26.83210055440847
42,9,2022-01-17,3,0,15,17,30,18.613462110545726
42,9,2022-01-17,5,0,16,17,15,16.924673667171476
42,9,2022-01-17,2,0,17,19,30,21.04470426871032
42,9,2022-01-17,4,0,19,20,15,15.589900694595087
42,9,2022-01-17,6,0,22,24,30,6.241951595186258
42,9,2022-01-17,2,0,23,26,45,8.339295637351476
42,9,2022-01-17,1,0,25,27,30,28.450851941100353
42,9,2022-01-17,6,0,31,35,60,23.511615924288222
42,9,2022-01-17,5,0,33,36,45,10.912686446317842
42,9,2022-01-17,7,0,36,37,15,13.210183143796577
42,9,2022-01-17,4,0,39,42,45,8.84244365896727
42,9,2022-01-17,5,0,39,42,45,5.038070243823967
42,9,2022-01-17,3,0,43,44,15,8.085464357716766
42,9,2022-01-17,6,0,43,49,90,11.875929282665702
42,9,2022-01-17,2,0,45,47,30,9.578261362575411
42,9,2022-01-17,5,0,49,51,30,7.201896899208407
42,9,2022-01-17,0,0,50,52,30,8.0
42,9,2022-01-17,2,0,50,51,15,14.11361990904853
42,9,2022-01-17,1,0,53,56,45,16.267586421278764
42,9,2022-01-17,3,0,53,55,30,11.646791029009961
42,9,2022-01-17,6,0,53,57,60,7.635220377871946
42,9,2022-01-17,4,0,54,56,30,6.2509242031172505
42,9,2022-01-17,0,0,55,59,60,5.0
42,9,2022-01-17,2,0,56,58,30,8.361329338075919
42,9,2022-01-17,5,0,58,59,15,17.718100808241218
42,9,2022-01-17,4,0,59,62,45,8.060765745745961
42,9,2022-01-17,2,0,61,62,15,34.396733638061505
42,9,2022-01-17,0,0,66,69,45,29.38368662836777
42,9,2022-01-17,2,0,66,69,45,19.730788040606768
42,9,2022-01-17,1,0,68,70,30,13.122581225992512
42,9,2022-01-17,5,0,68,71,45,22.19071071004423
42,9,2022-01-17,6,0,69,70,15,11.436649873970168
42,9,2022-01-17,4,0,70,73,45,9.977617446306091
42,9,2022-01-17,6,0,73,75,30,13.118544605745129
42,9,2022-01-17,1,0,74,79,75,33.83113511994141
42,9,2022-03-05,4,0,19,20,15,12.896279436864802
42,9,2022-03-05,6,0,22,24,30,22.39692104645561
42,9,2022-03-05,2,0,23,26,45,17.22833170354383
42,9,2022-03-05,1,0,25,27,30,16.055210107506838
42,9,2022-03-05,4,0,28,30,30,7.0
42,9,2022-03-05,6,0,31,35,60,23.511615924288222
42,9,2022-03-05,5,0,33,36,45,21.87770420409924
42,9,2022-03-05,2,0,34,40,90,10.27708244373791
42,9,2022-03-05,7,0,36,37,15,6.36557858294524
42,9,2022-03-05,4,0,39,42,45,9.0
42,9,2022-03-05,5,0,39,42,45,5.038070243823967
42,9,2022-03-05,7,0,40,41,15,12.117316364503921
42,9,2022-03-05,3,0,43,44,15,15.419480055694606
42,9,2022-03-05,6,0,43,49,90,9.687008679417985
42,9,2022-03-05,2,0,45,47,30,11.591398966170686
42,9,2022-03-05,3,0,49,50,15,8.510427330548794
42,9,2022-03-05,5,0,49,51,30,8.0
42,9,2022-03-05,0,0,50,52,30,6.0
42,9,2022-03-05,2,0,50,51,15,14.11361990904853
42,9,2022-03-05,1,0,53,56,45,16.267586421278764
42,9,2022-03-05,3,0,53,55,30,11.646791029009961
42,9,2022-03-05,6,0,53,57,60,7.635220377871946
42,9,2022-03-05,4,0,54,56,30,6.2509242031172505
42,9,2022-03-05,0,0,55,59,60,5.0
42,9,2022-03-05,2,0,56,58,30,8.361329338075919
42,9,2022-03-05,0,0,66,69,45,29.38368662836777
42,9,2022-03-05,2,0,66,69,45,19.730788040606768
42,9,2022-03-05,1,0,68,70,30,13.122581225992512
42,9,2022-03-05,5,0,68,71,45,22.19071071004423
42,9,2022-03-05,6,0,69,70,15,6.845359112070838
42,9,2022-03-05,4,0,70,73,45,9.977617446306091
42,9,2022-03-05,6,0,73,75,30,13.118544605745129
42,9,2022-03-05,1,0,74,79,75,33.83113511994141
42,9,2022-03-05,2,0,82,84,30,7.0
42,10,2022-01-17,4,0,11,13,30,11.221433635098613
42,10,2022-01-17,1,0,12,15,45,7.0
42,10,2022-01-17,0,0,13,14,15,18.10118732457316
42,10,2022-01-17,5,0,13,15,30,24.982740477636582
42,10,2022-01-17,6,0,16,18,30,9.729625745497465
42,10,2022-01-17,1,0,18,21,45,12.585203192308477
42,10,2022-01-17,3,0,18,19,15,13.301014578491774
42,10,2022-01-17,5,0,18,20,30,11.1855218260145
42,10,2022-01-17,7,0,18,21,45,9.0
42,10,2022-01-17,5,0,24,29,75,5.2678868748779735
42,10,2022-01-17,7,0,24,28,60,10.023294053791076
42,10,2022-01-17,2,0,25,27,30,12.510396339794163
42,10,2022-01-17,3,0,26,33,105,20.60076457255596
42,10,2022-01-17,5,0,33,36,45,6.162976029885229
42,10,2022-01-17,1,0,34,37,45,7.0
42,10,2022-01-17,0,0,35,36,15,7.616285941642296
42,10,2022-01-17,2,0,35,40,75,7.782088991048148
42,10,2022-01-17,3,0,37,40,45,15.21452266278203
42,10,2022-01-17,4,0,37,41,60,14.477263859146632
42,10,2022-01-17,0,0,39,42,45,12.151210055148695
42,10,2022-01-17,1,0,43,47,60,7.934354075824679
42,10,2022-01-17,6,0,48,50,30,24.916394655580262
42,10,2022-01-17,5,0,50,55,75,9.0
42,10,2022-01-17,0,0,52,56,60,12.640118937313233
42,10,2022-01-17,6,0,53,55,30,14.314342734407745
42,10,2022-01-17,1,0,54,57,45,26.392048154698145
42,10,2022-01-17,4,0,54,56,30,24.553225927775152
42,10,2022-01-17,2,0,56,57,15,15.94081956851916
42,10,2022-01-17,6,0,58,62,60,22.35482049383714
42,10,2022-01-17,4,0,59,61,30,5.647300669852413
42,10,2022-01-17,3,0,60,65,75,16.362715127239838
42,10,2022-01-17,5,0,63,66,45,25.662860805080257
42,10,2022-01-17,7,0,64,67,45,15.333567817951604
42,10,2022-01-17,0,0,65,67,30,22.25078398865039
42,10,2022-01-17,1,0,66,68,30,10.472311564946487
42,10,2022-01-17,6,0,68,72,60,14.777441907056755
42,10,2022-01-17,5,0,70,74,60,19.597530229745672
42,10,2022-01-17,0,0,71,73,30,14.098144827754915
42,10,2022-01-17,4,0,73,79,90,26.352293679675867
42,10,2022-01-17,2,0,75,77,30,31.33905978023433
42,10,2022-01-17,6,0,75,77,30,33.72789032247141
42,10,2022-01-17,0,0,76,78,30,30.420650130690753
42,10,2022-03-05,0,0,13,14,15,10.267892282034083
42,10,2022-03-05,6,0,16,18,30,7.0
42,10,2022-03-05,5,0,18,20,30,14.872494725237118
42,10,2022-03-05,1,0,19,21,30,20.138276269610074
42,10,2022-03-05,5,0,24,29,75,5.2678868748779735
42,10,2022-03-05,7,0,24,28,60,9.005590614966778
42,10,2022-03-05,2,0,25,27,30,13.630209762069668
42,10,2022-03-05,3,0,26,33,105,9.0
42,10,2022-03-05,1,0,27,28,15,8.221495500056136
42,10,2022-03-05,2,0,32,34,30,21.757697597114415
42,10,2022-03-05,5,0,33,36,45,6.162976029885229
42,10,2022-03-05,1,0,34,37,45,7.0
42,10,2022-03-05,0,0,35,36,15,7.616285941642296
42,10,2022-03-05,3,0,37,40,45,15.21452266278203
42,10,2022-03-05,4,0,37,41,60,13.087114035291386
42,10,2022-03-05,0,0,39,42,45,12.151210055148695
42,10,2022-03-05,5,0,40,43,45,27.334498661713333
42,10,2022-03-05,1,0,43,47,60,7.934354075824679
42,10,2022-03-05,2,0,44,47,45,23.066172869006877
42,10,2022-03-05,3,0,44,47,45,21.38156920476419
42,10,2022-03-05,6,0,48,50,30,9.0
42,10,2022-03-05,5,0,50,55,75,12.62368321197011
42,10,2022-03-05,1,0,51,57,90,15.487485071297428
42,10,2022-03-05,0,0,52,56,60,21.838148727657355
42,10,2022-03-05,6,0,53,55,30,14.314342734407745
42,10,2022-03-05,4,0,54,56,30,24.553225927775152
42,10,2022-03-05,2,0,56,57,15,15.94081956851916
42,10,2022-03-05,6,0,58,62,60,22.35482049383714
42,10,2022-03-05,4,0,59,61,30,5.647300669852413
42,10,2022-03-05,7,0,64,67,45,30.673642422175796
42,10,2022-03-05,0,0,65,67,30,22.25078398865039
42,10,2022-03-05,1,0,66,68,30,10.472311564946487
42,10,2022-03-05,3,0,67,68,15,31.472571330872356
42,10,2022-03-05,5,0,68,72,60,13.365007829087737
42,10,2022-03-05,6,0,68,72,60,14.777441907056755
42,10,2022-03-05,0,0,71,73,30,14.098144827754915
42,10,2022-03-05,4,0,73,79,90,26.352293679675867
42,10,2022-03-05,2,0,75,77,30,31.33905978023433
42,10,2022-03-05,6,0,75,77,30,33.72789032247141
42,10,2022-03-05,0,0,76,78,30,30.420650130690753
42,10,2022-03-05,1,0,80,82,30,19.427425864475026
42,11,2022-01-17,3,0,14,16,30,14.274324183019012
42,11,2022-01-17,7,0,14,16,30,20.30515355029557
42,11,2022-01-17,4,0,16,18,30,14.142521855071301
42,11,2022-01-17,5,0,16,18,30,17.98421706653498
42,11,2022-01-17,0,0,17,22,75,5.0
42,11,2022-01-17,6,0,17,22,75,14.660253619220107
42,11,2022-01-17,2,0,19,23,60,17.207710599575307
42,11,2022-01-17,3,0,21,26,75,11.155482756284172
42,11,2022-01-17,5,0,23,25,30,6.203591459774579
42,11,2022-01-17,0,0,26,28,30,14.596316540613884
42,11,2022-01-17,4,0,26,28,30,22.061407003702875
42,11,2022-01-17,6,0,26,31,75,15.417045936423492
42,11,2022-01-17,3,0,34,37,45,26.755625679950057
42,11,2022-01-17,2,0,38,41,45,14.489938749251088
42,11,2022-01-17,0,0,41,43,30,13.014632025173803
42,11,2022-01-17,7,0,42,44,30,16.09755050308756
42,11,2022-01-17,3,0,49,52,45,24.975894429574517
42,11,2022-01-17,6,0,49,52,45,14.616948207244839
42,11,2022-01-17,7,0,50,52,30,8.0
42,11,2022-01-17,1,0,52,57,75,9.764141646722976
42,11,2022-01-17,4,0,52,55,45,20.46332634744308
42,11,2022-01-17,5,0,53,57,60,20.487135042594495
42,11,2022-01-17,0,0,56,59,45,10.4861336234435
42,11,2022-01-17,1,0,62,63,15,29.41124971694881
42,11,2022-01-17,2,0,63,68,75,20.532669142472592
42,11,2022-01-17,3,0,63,68,75,19.88453613432297
42,11,2022-01-17,4,0,64,65,15,13.39113588617468
42,11,2022-01-17,1,0,69,73,60,28.907123410177725
42,11,2022-01-17,6,0,69,72,45,30.80086068965553
42,11,2022-01-17,5,0,73,75,30,18.73426366665172
42,11,2022-01-17,4,0,74,79,75,20.5048245332529
42,11,2022-01-17,0,0,79,82,45,5.0
42,11,2022-03-05,0,0,17,22,75,11.728225740754326
42,11,2022-03-05,5,0,19,22,45,16.3677316449228
42,11,2022-03-05,6,0,21,23,30,13.30030694604934
42,11,2022-03-05,3,0,25,27,30,17.06032206590161
42,11,2022-03-05,0,0,26,28,30,14.596316540613884
42,11,2022-03-05,4,0,26,28,30,5.0
42,11,2022-03-05,6,0,26,31,75,15.417045936423492
42,11,2022-03-05,5,0,27,29,30,17.347387943835272
42,11,2022-03-05,3,0,34,37,45,26.755625679950057
42,11,2022-03-05,1,0,36,38,30,15.188533954557442
42,11,2022-03-05,2,0,38,41,45,18.80218078634904
42,11,2022-03-05,0,0,41,43,30,11.113233493403285
42,11,2022-03-05,4,0,42,44,30,17.921255580298975
42,11,2022-03-05,7,0,42,44,30,13.014632025173803
42,11,2022-03-05,5,0,43,44,15,11.4691636310152
42,11,2022-03-05,3,0,49,52,45,24.975894429574517
42,11,2022-03-05,6,0,49,52,45,14.616948207244839
42,11,2022-03-05,7,0,50,52,30,8.0
42,11,2022-03-05,1,0,52,57,75,9.764141646722976
42,11,2022-03-05,4,0,52,55,45,25.557750508894557
42,11,2022-03-05,5,0,53,57,60,20.487135042594495
42,11,2022-03-05,0,0,56,59,45,10.4861336234435
42,11,2022-03-05,1,0,62,63,15,29.41124971694881
42,11,2022-03-05,2,0,63,68,75,20.532669142472592
42,11,2022-03-05,3,0,63,68,75,19.88453613432297
42,11,2022-03-05,4,0,64,65,15,13.39113588617468
42,11,2022-03-05,1,0,69,73,60,28.907123410177725
42,11,2022-03-05,6,0,69,72,45,30.80086068965553
42,11,2022-03-05,4,0,74,79,75,20.5048245332529
42,11,2022-03-05,0,0,79,82,45,5.0
42,12,2022-01-17,5,0,5,8,45,7.0
42,12,2022-01-17,2,0,12,15,45,5.0
42,12,2022-01-17,5,0,12,15,45,17.57113826989844
42,12,2022-01-17,7,0,13,16,45,6.102303397983192
42,12,2022-01-17,0,0,15,17,30,13.786904463424449
42,12,2022-01-17,3,0,16,17,15,14.37254184393187
42,12,2022-01-17,5,0,18,22,60,8.822173418190992
42,12,2022-01-17,7,0,21,22,15,15.901478742938785
42,12,2022-01-17,0,0,22,24,30,16.045090416480264
42,12,2022-01-17,6,0,26,28,30,6.326245474818933
42,12,2022-01-17,4,0,29,33,60,14.724239356593927
42,12,2022-01-17,6,0,32,33,15,25.543846059075925
42,12,2022-01-17,1,0,36,39,45,15.820775882831796
42,12,2022-01-17,2,0,36,39,45,13.881775864283085
42,12,2022-01-17,5,0,37,38,15,11.346353825432303
42,12,2022-01-17,7,0,37,39,30,24.74417758787102
42,12,2022-01-17,3,0,39,42,45,10.692975457517093
42,12,2022-01-17,6,0,40,42,30,8.035324510106662
42,12,2022-01-17,5,0,42,45,45,17.074176174107777
42,12,2022-01-17,1,0,43,45,30,10.064072349080526
42,12,2022-01-17,7,0,44,47,45,17.286462131990433
42,12,2022-01-17,2,0,47,51,60,25.607611687540256
42,12,2022-01-17,4,0,47,50,45,6.576830666391544
42,12,2022-01-17,3,0,48,51,45,11.126803998099447
42,12,2022-01-17,6,0,49,50,15,15.844149831200887
42,12,2022-01-17,0,0,50,52,30,17.34460654340301
42,12,2022-01-17,7,0,51,52,15,20.373133448811004
42,12,2022-01-17,6,0,53,56,45,16.558475029876107
42,12,2022-01-17,2,0,54,55,15,7.0
42,12,2022-01-17,4,0,55,58,45,12.917448805077882
42,12,2022-01-17,5,0,55,59,60,25.70487418854644
42,12,2022-01-17,0,0,57,60,45,8.310589184837148
42,12,2022-01-17,1,0,57,58,15,14.792484736845054
42,12,2022-01-17,2,0,58,60,30,12.932230884580747
42,12,2022-01-17,3,0,58,60,30,21.524631208642404
42,12,2022-01-17,6,0,61,63,30,31.18799660740406
42,12,2022-01-17,0,0,63,65,30,10.650114622358302
42,12,2022-01-17,1,0,67,68,15,29.693018961589317
42,12,2022-01-17,2,0,73,76,45,9.836918556530456
42,12,2022-03-05,5,0,5,8,45,7.0
42,12,2022-03-05,7,0,13,16,45,5.0
42,12,2022-03-05,0,0,15,17,30,5.41617436546197
42,12,2022-03-05,7,0,21,22,15,15.901478742938785
42,12,2022-03-05,0,0,22,24,30,16.045090416480264
42,12,2022-03-05,6,0,26,28,30,13.078636093395147
42,12,2022-03-05,4,0,28,32,60,13.504649626307042
42,12,2022-03-05,1,0,29,32,45,6.392100817851535
42,12,2022-03-05,6,0,32,33,15,25.543846059075925
42,12,2022-03-05,1,0,36,39,45,13.422651359296133
42,12,2022-03-05,2,0,36,39,45,14.733023956978478
42,12,2022-03-05,5,0,37,38,15,16.36982337252718
42,12,2022-03-05,7,0,37,39,30,14.363531894913002
42,12,2022-03-05,3,0,39,42,45,11.683786455562569
42,12,2022-03-05,6,0,40,42,30,8.035324510106662
42,12,2022-03-05,2,0,42,44,30,21.32726764364675
42,12,2022-03-05,5,0,42,45,45,17.074176174107777
42,12,2022-03-05,1,0,43,45,30,10.064072349080526
42,12,2022-03-05,7,0,43,45,30,11.151450820214663
42,12,2022-03-05,2,0,47,51,60,25.607611687540256
42,12,2022-03-05,4,0,47,50,45,30.15277995233467
42,12,2022-03-05,3,0,48,51,45,9.747207080610579
42,12,2022-03-05,6,0,49,50,15,11.340165864877193
42,12,2022-03-05,7,0,49,53,60,24.707935061824656
42,12,2022-03-05,0,0,50,52,30,15.844149831200887
42,12,2022-03-05,6,0,53,56,45,16.558475029876107
42,12,2022-03-05,2,0,54,55,15,7.0
42,12,2022-03-05,5,0,55,59,60,6.719049368231502
42,12,2022-03-05,0,0,57,60,45,8.310589184837148
42,12,2022-03-05,3,0,58,60,30,21.524631208642404
42,12,2022-03-05,6,0,61,63,30,31.18799660740406
42,12,2022-03-05,1,0,67,68,15,29.693018961589317
42,12,2022-03-05,2,0,73,76,45,9.836918556530456
42,12,2022-03-05,0,0,79,85,90,25.00467118635288
42,13,2022-01-17,0,0,11,13,30,22.657470205857614
42,13,2022-01-17,7,0,13,17,60,21.43877317740568
42,13,2022-01-17,1,0,14,17,45,12.217520678389782
42,13,2022-01-17,0,0,19,24,75,14.899264214671852
42,13,2022-01-17,2,0,19,22,45,12.862885024972101
42,13,2022-01-17,1,0,20,22,30,20.33419874118809
42,13,2022-01-17,7,0,20,24,60,12.382481413752934
42,13,2022-01-17,3,0,21,25,60,21.36379931914076
42,13,2022-01-17,5,0,25,28,45,21.130081468953037
42,13,2022-01-17,0,0,29,35,90,18.934944223625735
42,13,2022-01-17,1,0,29,36,105,15.406348060842625
42,13,2022-01-17,6,0,30,31,15,14.91264441893125
42,13,2022-01-17,7,0,31,35,60,7.0
42,13,2022-01-17,5,0,32,35,45,19.30287730388207
42,13,2022-01-17,4,0,36,38,30,19.70772788646314
42,13,2022-01-17,7,0,38,42,60,16.04080106614893
42,13,2022-01-17,6,0,40,43,45,10.8570046826066
42,13,2022-01-17,5,0,41,43,30,23.7268936061883
42,13,2022-01-17,4,0,42,45,45,5.0
42,13,2022-01-17,1,0,45,46,15,14.622348822312496
42,13,2022-01-17,3,0,45,47,30,19.970197471697226
42,13,2022-01-17,7,0,48,51,45,18.85309077636947
42,13,2022-01-17,0,0,50,52,30,5.0
42,13,2022-01-17,6,0,50,53,45,8.751103124785423
42,13,2022-01-17,2,0,53,54,15,17.300854650961433
42,13,2022-01-17,3,0,53,56,45,20.513170133790226
42,13,2022-01-17,1,0,54,60,90,31.185103528882337
42,13,2022-01-17,5,0,55,56,15,13.421444937972566
42,13,2022-01-17,7,0,55,57,30,15.130377911652829
42,13,2022-01-17,0,0,56,59,45,10.133437886507856
42,13,2022-01-17,2,0,57,59,30,18.95720833675616
42,13,2022-01-17,4,0,57,58,15,13.901868676672478
42,13,2022-01-17,6,0,57,59,30,21.355558200937523
42,13,2022-01-17,3,0,60,62,30,6.0
42,13,2022-01-17,7,0,60,64,60,20.871315701462343
42,13,2022-01-17,0,0,62,64,30,24.676063004843627
42,13,2022-01-17,2,0,62,67,75,15.980501719967187
42,13,2022-01-17,3,0,66,68,30,45.2116772502454
42,13,2022-01-17,4,0,67,69,30,5.631113315568001
42,13,2022-01-17,2,0,73,76,45,7.0
42,13,2022-01-17,3,0,73,75,30,32.58999151641581
42,13,2022-01-17,1,0,77,81,60,18.4813702355752
42,13,2022-01-17,4,0,81,85,60,22.067455076601377
42,13,2022-03-05,0,0,19,24,75,16.711929472028018
42,13,2022-03-05,1,0,20,22,30,17.28152832210604
42,13,2022-03-05,7,0,20,24,60,9.84839141131578
42,13,2022-03-05,3,0,21,25,60,13.319558080981409
42,13,2022-03-05,2,0,23,26,45,21.02614958540957
42,13,2022-03-05,5,0,25,28,45,21.130081468953037
42,13,2022-03-05,0,0,29,35,90,14.53650391445995
42,13,2022-03-05,1,0,29,36,105,15.406348060842625
42,13,2022-03-05,6,0,30,31,15,18.934944223625735
42,13,2022-03-05,7,0,31,35,60,7.0
42,13,2022-03-05,5,0,32,35,45,19.30287730388207
42,13,2022-03-05,4,0,36,38,30,14.921541423301022
42,13,2022-03-05,7,0,38,42,60,16.04080106614893
42,13,2022-03-05,6,0,40,43,45,10.8570046826066
42,13,2022-03-05,2,0,41,43,30,13.380657254509245
42,13,2022-03-05,5,0,41,43,30,23.7268936061883
42,13,2022-03-05,4,0,42,45,45,5.0
42,13,2022-03-05,1,0,45,46,15,19.970197471697226
42,13,2022-03-05,3,0,45,47,30,18.370658490501476
42,13,2022-03-05,7,0,48,51,45,5.0
42,13,2022-03-05,0,0,50,52,30,17.95235995370166
42,13,2022-03-05,6,0,50,53,45,8.751103124785423
42,13,2022-03-05,2,0,53,54,15,27.745595118910074
42,13,2022-03-05,3,0,53,56,45,20.513170133790226
42,13,2022-03-05,1,0,54,60,90,31.185103528882337
42,13,2022-03-05,5,0,55,56,15,17.08126019803713
42,13,2022-03-05,7,0,55,57,30,15.130377911652829
42,13,2022-03-05,2,0,57,59,30,18.95720833675616
42,13,2022-03-05,4,0,59,61,30,15.948900200104724
42,13,2022-03-05,7,0,60,64,60,20.871315701462343
42,13,2022-03-05,0,0,62,64,30,24.676063004843627
42,13,2022-03-05,2,0,62,67,75,15.980501719967187
42,13,2022-03-05,3,0,66,68,30,45.2116772502454
42,13,2022-03-05,4,0,67,69,30,5.631113315568001
42,13,2022-03-05,2,0,73,76,45,7.0
42,13,2022-03-05,3,0,73,75,30,32.58999151641581
42,13,2022-03-05,1,0,77,81,60,18.4813702355752
42,13,2022-03-05,4,0,81,85,60,22.067455076601377
42,14,2022-01-17,1,0,13,15,30,19.202464258165406
42,14,2022-01-17,2,0,13,16,45,28.08894298200778
42,14,2022-01-17,0,0,14,18,60,27.56345335646713
42,14,2022-01-17,4,0,14,16,30,7.0
42,14,2022-01-17,7,0,17,18,15,24.168811044410795
42,14,2022-01-17,6,0,18,22,60,17.091169636414946
42,14,2022-01-17,5,0,19,22,45,11.685406444918485
42,14,2022-01-17,0,0,22,24,30,12.89060819836893
42,14,2022-01-17,1,0,25,26,15,12.612229470968344
42,14,2022-01-17,6,0,25,28,45,6.852940186768961
42,14,2022-01-17,7,0,25,27,30,12.222150164855051
42,14,2022-01-17,0,0,32,35,45,19.257019160762567
42,14,2022-01-17,4,0,33,35,30,5.0
42,14,2022-01-17,4,0,38,40,30,6.591815872277188
42,14,2022-01-17,5,0,39,42,45,15.48293663901405
42,14,2022-01-17,0,0,44,46,30,26.636561501734036
42,14,2022-01-17,2,0,46,51,75,23.8795336277814
42,14,2022-01-17,5,0,50,54,60,30.10276609350491
42,14,2022-01-17,4,0,51,54,45,13.084054224520507
42,14,2022-01-17,1,0,52,54,30,14.455859535761164
42,14,2022-01-17,0,0,53,56,45,17.471851834139215
42,14,2022-01-17,6,0,58,60,30,23.21995735914127
42,14,2022-01-17,3,0,59,62,45,5.0
42,14,2022-01-17,7,0,60,62,30,29.90459841946712
42,14,2022-01-17,5,0,61,64,45,20.333927550665393
42,14,2022-01-17,4,0,64,65,15,22.657526268512598
42,14,2022-01-17,6,0,65,71,90,41.2068037040315
42,14,2022-01-17,4,0,68,73,75,26.348349629678488
42,14,2022-01-17,5,0,69,73,60,29.15190056726567
42,14,2022-01-17,7,0,71,72,15,20.9869544461353
42,14,2022-01-17,1,0,72,75,45,16.087141875025374
42,14,2022-01-17,3,0,72,73,15,7.587577870619789
42,14,2022-03-05,1,0,13,15,30,19.202464258165406
42,14,2022-03-05,0,0,14,18,60,28.08894298200778
42,14,2022-03-05,6,0,20,22,30,22.218556812609442
42,14,2022-03-05,1,0,25,26,15,12.612229470968344
42,14,2022-03-05,3,0,25,27,30,7.0
42,14,2022-03-05,6,0,25,28,45,6.852940186768961
42,14,2022-03-05,7,0,25,27,30,24.76698016464391
42,14,2022-03-05,2,0,26,29,45,17.514169753647998
42,14,2022-03-05,0,0,32,35,45,19.257019160762567
42,14,2022-03-05,2,0,32,34,30,9.97202707081101
42,14,2022-03-05,1,0,33,35,30,10.37939889821034
42,14,2022-03-05,4,0,33,35,30,12.382184888362595
42,14,2022-03-05,4,0,38,40,30,21.480636873568344
42,14,2022-03-05,5,0,39,42,45,6.7878518677466175
42,14,2022-03-05,1,0,41,46,75,25.656079427326702
42,14,2022-03-05,0,0,44,46,30,22.686840458996755
42,14,2022-03-05,2,0,46,51,75,28.78058387639097
42,14,2022-03-05,4,0,47,49,30,13.672387422182695
42,14,2022-03-05,5,0,50,54,60,19.35724304516129
42,14,2022-03-05,1,0,52,54,30,14.455859535761164
42,14,2022-03-05,0,0,53,56,45,17.471851834139215
42,14,2022-03-05,4,0,54,56,30,20.67803793904011
42,14,2022-03-05,6,0,58,60,30,23.21995735914127
42,14,2022-03-05,3,0,59,62,45,5.0
42,14,2022-03-05,7,0,60,62,30,29.90459841946712
42,14,2022-03-05,5,0,61,64,45,20.333927550665393
42,14,2022-03-05,4,0,64,65,15,22.657526268512598
42,14,2022-03-05,6,0,65,71,90,41.2068037040315
42,14,2022-03-05,4,0,68,73,75,26.348349629678488
42,14,2022-03-05,5,0,69,73,60,29.15190056726567
42,14,2022-03-05,7,0,71,72,15,20.9869544461353
42,14,2022-03-05,3,0,72,73,15,7.587577870619789
42,15,2022-01-17,6,0,11,14,45,14.303397663753088
42,15,2022-01-17,2,0,13,19,90,18.64634622482771
42,15,2022-01-17,1,0,15,19,60,26.182401439235647
42,15,2022-01-17,3,0,16,17,15,9.0
42,15,2022-01-17,0,0,18,19,15,12.47511975168291
42,15,2022-01-17,7,0,18,21,45,13.242215105503263
42,15,2022-01-17,4,0,22,25,45,5.132640824668741
42,15,2022-01-17,5,0,22,24,30,6.0
42,15,2022-01-17,6,0,24,27,45,12.39699476105315
42,15,2022-01-17,3,0,28,31,45,20.228492125996056
42,15,2022-01-17,5,0,30,32,30,13.000128259581103
42,15,2022-01-17,7,0,30,31,15,8.679761475310485
42,15,2022-01-17,2,0,31,32,15,24.00772788020813
42,15,2022-01-17,4,0,32,33,15,14.136049680939095
42,15,2022-01-17,6,0,32,34,30,11.151421893338345
42,15,2022-01-17,4,0,37,43,90,14.812796399021785
42,15,2022-01-17,5,0,38,41,45,17.43315107173175
42,15,2022-01-17,6,0,38,40,30,12.702855542649047
42,15,2022-01-17,0,0,41,43,30,17.42505388888526
42,15,2022-01-17,2,0,41,43,30,7.14828459175834
42,15,2022-01-17,7,0,43,48,75,7.305711467722553
42,15,2022-01-17,3,0,44,50,90,21.477468617433345
42,15,2022-01-17,6,0,44,48,60,17.079742497151415
42,15,2022-01-17,4,0,46,47,15,16.175781971243005
42,15,2022-01-17,0,0,48,54,90,21.68687078072884
42,15,2022-01-17,1,0,51,53,30,24.874458121043325
42,15,2022-01-17,4,0,51,53,30,32.060894312793415
42,15,2022-01-17,6,0,52,54,30,25.723609857634074
42,15,2022-01-17,7,0,52,54,30,15.576081341235373
42,15,2022-01-17,2,0,54,58,60,10.52727769248601
42,15,2022-01-17,5,0,54,57,45,25.61388249470174
42,15,2022-01-17,4,0,57,64,105,21.11146990870862
42,15,2022-01-17,1,0,58,60,30,26.34700675401512
42,15,2022-01-17,7,0,58,61,45,14.44457799313119
42,15,2022-01-17,6,0,59,64,75,14.796858362312364
42,15,2022-01-17,0,0,60,62,30,15.645752911625983
42,15,2022-01-17,3,0,60,65,75,5.0
42,15,2022-01-17,2,0,61,64,45,7.586966126943992
42,15,2022-01-17,1,0,63,64,15,9.0
42,15,2022-01-17,2,0,69,73,60,36.55648135194322
42,15,2022-01-17,5,0,71,74,45,7.486030434226876
42,15,2022-01-17,7,0,73,77,60,35.03406851606202
42,15,2022-01-17,0,0,74,78,60,6.0
42,15,2022-01-17,5,0,82,87,75,30.71828875425829
42,15,2022-03-05,2,0,13,19,90,13.08796640913556
42,15,2022-03-05,1,0,15,19,60,16.5497937165527
42,15,2022-03-05,3,0,16,17,15,26.182401439235647
42,15,2022-03-05,7,0,18,21,45,9.0
42,15,2022-03-05,0,0,19,21,30,12.239119648341784
42,15,2022-03-05,4,0,22,25,45,13.452949864829414
42,15,2022-03-05,5,0,22,24,30,5.132640824668741
42,15,2022-03-05,6,0,24,27,45,6.0
42,15,2022-03-05,0,0,27,30,45,11.914515975293313
42,15,2022-03-05,3,0,28,31,45,20.228492125996056
42,15,2022-03-05,1,0,30,39,135,8.368790276527527
42,15,2022-03-05,5,0,30,32,30,13.000128259581103
42,15,2022-03-05,7,0,30,31,15,8.679761475310485
42,15,2022-03-05,2,0,31,32,15,24.00772788020813
42,15,2022-03-05,4,0,32,33,15,14.136049680939095
42,15,2022-03-05,6,0,32,34,30,11.151421893338345
42,15,2022-03-05,4,0,37,43,90,14.812796399021785
42,15,2022-03-05,5,0,38,41,45,17.43315107173175
42,15,2022-03-05,6,0,38,40,30,12.702855542649047
42,15,2022-03-05,7,0,38,40,30,16.03678563253083
42,15,2022-03-05,2,0,39,48,135,13.343390461254792
42,15,2022-03-05,0,0,41,43,30,7.14828459175834
42,15,2022-03-05,7,0,43,48,75,15.864320014360956
42,15,2022-03-05,3,0,44,50,90,21.691608483692164
42,15,2022-03-05,6,0,44,48,60,13.942531232095888
42,15,2022-03-05,1,0,45,48,45,7.689787521698108
42,15,2022-03-05,4,0,46,47,15,22.606582658196174
42,15,2022-03-05,5,0,46,47,15,17.977659165528877
42,15,2022-03-05,0,0,47,49,30,8.155967903574115
42,15,2022-03-05,1,0,51,53,30,24.874458121043325
42,15,2022-03-05,4,0,51,53,30,32.060894312793415
42,15,2022-03-05,6,0,52,54,30,25.723609857634074
42,15,2022-03-05,7,0,52,54,30,15.576081341235373
42,15,2022-03-05,5,0,54,57,45,25.61388249470174
42,15,2022-03-05,4,0,57,64,105,21.11146990870862
42,15,2022-03-05,1,0,58,60,30,26.34700675401512
42,15,2022-03-05,7,0,58,61,45,14.44457799313119
42,15,2022-03-05,6,0,59,64,75,14.796858362312364
42,15,2022-03-05,0,0,60,62,30,15.645752911625983
42,15,2022-03-05,3,0,60,65,75,5.0
42,15,2022-03-05,2,0,61,64,45,7.586966126943992
42,15,2022-03-05,1,0,63,64,15,9.0
42,15,2022-03-05,2,0,69,73,60,36.55648135194322
42,15,2022-03-05,5,0,71,74,45,7.486030434226876
42,15,2022-03-05,7,0,73,77,60,35.03406851606202
42,15,2022-03-05,0,0,74,78,60,6.0
42,15,2022-03-05,5,0,82,87,75,30.71828875425829
42,16,2022-01-17,5,0,13,15,30,32.455070200624505
42,16,2022-01-17,3,0,15,18,45,10.512032273739322
42,16,2022-01-17,1,0,17,19,30,8.0
42,16,2022-01-17,7,0,17,20,45,15.38643769985471
42,16,2022-01-17,2,0,18,20,30,11.10537557498558
42,16,2022-01-17,6,0,19,21,30,14.820062655324278
42,16,2022-01-17,0,0,21,24,45,9.0
42,16,2022-01-17,3,0,21,22,15,7.70862823450755
42,16,2022-01-17,2,0,25,26,15,12.862810142458727
42,16,2022-01-17,4,0,26,29,45,6.0
42,16,2022-01-17,6,0,26,31,75,20.98157901979399
42,16,2022-01-17,5,0,27,30,45,6.330937416181158
42,16,2022-01-17,3,0,30,33,45,9.800804591546054
42,16,2022-01-17,0,0,31,33,30,13.43729078310632
42,16,2022-01-17,1,0,31,34,45,5.0
42,16,2022-01-17,2,0,33,37,60,9.124189106086561
42,16,2022-01-17,6,0,35,36,15,16.814304780810744
42,16,2022-01-17,0,0,40,42,30,9.596642321545843
42,16,2022-01-17,3,0,43,46,45,27.54857957517504
42,16,2022-01-17,4,0,43,45,30,23.210945369958047
42,16,2022-01-17,5,0,47,50,45,8.424094629599814
42,16,2022-01-17,2,0,49,51,30,18.713324316320275
42,16,2022-01-17,1,0,51,57,90,9.263169206787936
42,16,2022-01-17,4,0,51,53,30,15.67671364685296
42,16,2022-01-17,0,0,52,54,30,8.395217513499013
42,16,2022-01-17,3,0,52,55,45,23.72662398044639
42,16,2022-01-17,7,0,52,54,30,10.44382652624428
42,16,2022-01-17,6,0,55,56,15,14.236209297456305
42,16,2022-01-17,2,0,56,58,30,16.37030710182931
42,16,2022-01-17,5,0,56,59,45,19.256457117444157
42,16,2022-01-17,7,0,57,58,15,9.0
42,16,2022-01-17,6,0,60,64,60,15.003353831614909
42,16,2022-01-17,1,0,61,63,30,19.063229903934975
42,16,2022-01-17,0,0,63,69,90,29.20123738580103
42,16,2022-01-17,7,0,63,65,30,17.792897136145243
42,16,2022-01-17,3,0,67,70,45,29.043489558317482
42,16,2022-01-17,5,0,69,71,30,8.221876157402669
42,16,2022-01-17,6,0,73,74,15,16.55342128783471
42,16,2022-01-17,5,0,75,77,30,18.53085767918379
42,16,2022-01-17,2,0,76,79,45,6.855287763438753
42,16,2022-03-05,1,0,19,24,75,26.16162829033223
42,16,2022-03-05,6,0,19,21,30,9.547069026023948
42,16,2022-03-05,3,0,21,22,15,8.0
42,16,2022-03-05,2,0,25,26,15,15.767246333160323
42,16,2022-03-05,0,0,26,31,75,11.380229506581173
42,16,2022-03-05,4,0,26,29,45,15.479693327872262
42,16,2022-03-05,6,0,26,31,75,20.98157901979399
42,16,2022-03-05,5,0,27,30,45,9.0
42,16,2022-03-05,1,0,29,33,60,15.101440283316123
42,16,2022-03-05,3,0,30,33,45,9.800804591546054
42,16,2022-03-05,2,0,31,34,45,21.171145339877114
42,16,2022-03-05,6,0,35,36,15,16.814304780810744
42,16,2022-03-05,2,0,39,42,45,10.992241864007482
42,16,2022-03-05,0,0,40,42,30,6.691440376033071
42,16,2022-03-05,3,0,43,46,45,10.513242837324668
42,16,2022-03-05,4,0,43,45,30,23.210945369958047
42,16,2022-03-05,1,0,47,49,30,8.424094629599814
42,16,2022-03-05,5,0,47,50,45,18.361238653965557
42,16,2022-03-05,7,0,47,49,30,9.077067299264186
42,16,2022-03-05,2,0,49,51,30,15.656329490575615
42,16,2022-03-05,6,0,50,53,45,9.709265855144295
42,16,2022-03-05,4,0,51,53,30,35.5342191245953
42,16,2022-03-05,0,0,52,54,30,10.44382652624428
42,16,2022-03-05,3,0,52,55,45,23.72662398044639
42,16,2022-03-05,7,0,52,54,30,21.234232863428232
42,16,2022-03-05,1,0,54,57,45,19.314906388375803
42,16,2022-03-05,2,0,56,58,30,16.37030710182931
42,16,2022-03-05,5,0,56,59,45,19.256457117444157
42,16,2022-03-05,6,0,57,59,30,34.47080431518664
42,16,2022-03-05,7,0,57,58,15,9.0
42,16,2022-03-05,0,0,63,69,90,29.20123738580103
42,16,2022-03-05,3,0,67,70,45,29.043489558317482
42,16,2022-03-05,5,0,69,71,30,8.221876157402669
42,16,2022-03-05,6,0,73,74,15,16.55342128783471
42,16,2022-03-05,5,0,75,77,30,18.53085767918379
42,16,2022-03-05,2,0,76,79,45,6.855287763438753
42,16,2022-03-05,5,0,80,83,45,52.402991501933535
42,17,2022-01-17,2,0,12,15,45,7.157697847903286
42,17,2022-01-17,4,0,12,13,15,13.971735979144384
42,17,2022-01-17,5,0,13,18,75,11.20465270457376
42,17,2022-01-17,6,0,14,16,30,27.82182837963761
42,17,2022-01-17,0,0,15,17,30,6.93721927895016
42,17,2022-01-17,4,0,17,18,15,27.124035538662895
42,17,2022-01-17,1,0,20,22,30,25.944400325765614
42,17,2022-01-17,2,0,20,27,105,18.806398104341582
42,17,2022-01-17,6,0,20,22,30,5.9234826138186065
42,17,2022-01-17,5,0,21,25,60,8.0
42,17,2022-01-17,4,0,24,26,30,16.56209038115304
42,17,2022-01-17,3,0,25,28,45,22.587129981394625
42,17,2022-01-17,6,0,26,29,45,18.24425272198269
42,17,2022-01-17,0,0,28,33,75,26.49693832323436
42,17,2022-01-17,1,0,29,33,60,5.0
42,17,2022-01-17,2,0,32,35,45,9.268603255798112
42,17,2022-01-17,6,0,32,37,75,9.85726059654965
42,17,2022-01-17,4,0,33,34,15,18.496781060740446
42,17,2022-01-17,7,0,39,41,30,9.3063356428178
42,17,2022-01-17,0,0,42,52,150,9.0
42,17,2022-01-17,4,0,42,47,75,13.10152922244798
42,17,2022-01-17,3,0,52,54,30,22.104696213460436
42,17,2022-01-17,1,0,53,54,15,16.3778500575685
42,17,2022-01-17,4,0,53,56,45,13.515981166627597
42,17,2022-01-17,5,0,53,55,30,21.976311697849752
42,17,2022-01-17,7,0,56,58,30,9.244186070747972
42,17,2022-01-17,0,0,57,60,45,20.220763239052275
42,17,2022-01-17,2,0,57,59,30,29.063658119781948
42,17,2022-01-17,3,0,57,60,45,6.108895233894799
42,17,2022-01-17,6,0,57,59,30,20.49870346730866
42,17,2022-01-17,5,0,61,65,60,7.022498625664049
42,17,2022-01-17,4,0,62,67,75,5.063355602258795
42,17,2022-01-17,6,0,63,67,60,19.389245669081447
42,17,2022-01-17,0,0,64,66,30,19.282634264528824
42,17,2022-01-17,7,0,64,66,30,25.379987741347378
42,17,2022-01-17,7,0,70,72,30,28.651027807677615
42,17,2022-01-17,7,0,75,79,60,16.117366842724827
42,17,2022-03-05,2,0,12,15,45,7.157697847903286
42,17,2022-03-05,6,0,14,16,30,12.784487677060866
42,17,2022-03-05,5,0,18,21,45,9.206088819414866
42,17,2022-03-05,2,0,24,25,15,17.296575663180803
42,17,2022-03-05,4,0,24,26,30,22.856018218335684
42,17,2022-03-05,3,0,25,28,45,6.580836669331532
42,17,2022-03-05,6,0,26,29,45,18.24425272198269
42,17,2022-03-05,0,0,28,33,75,26.841698837175947
42,17,2022-03-05,1,0,29,33,60,22.82225888983922
42,17,2022-03-05,2,0,29,33,60,16.419349085927806
42,17,2022-03-05,5,0,32,33,15,8.314166840896696
42,17,2022-03-05,6,0,32,37,75,9.85726059654965
42,17,2022-03-05,3,0,33,34,15,5.072435639133005
42,17,2022-03-05,4,0,33,34,15,18.496781060740446
42,17,2022-03-05,2,0,37,39,30,21.835619946311873
42,17,2022-03-05,0,0,38,42,60,10.163023524941735
42,17,2022-03-05,7,0,39,41,30,9.3063356428178
42,17,2022-03-05,4,0,42,47,75,12.709393266089592
42,17,2022-03-05,1,0,43,45,30,7.0
42,17,2022-03-05,0,0,48,53,75,5.394042405913467
42,17,2022-03-05,5,0,49,53,60,10.406419456188033
42,17,2022-03-05,3,0,52,54,30,22.104696213460436
42,17,2022-03-05,4,0,53,56,45,13.515981166627597
42,17,2022-03-05,1,0,55,57,30,21.697373099616094
42,17,2022-03-05,7,0,56,58,30,9.244186070747972
42,17,2022-03-05,0,0,57,60,45,20.220763239052275
42,17,2022-03-05,2,0,57,59,30,29.063658119781948
42,17,2022-03-05,6,0,57,59,30,20.49870346730866
42,17,2022-03-05,5,0,61,65,60,7.022498625664049
42,17,2022-03-05,4,0,62,67,75,5.063355602258795
42,17,2022-03-05,6,0,63,67,60,19.389245669081447
42,17,2022-03-05,0,0,64,66,30,19.282634264528824
42,17,2022-03-05,7,0,70,72,30,28.651027807677615
42,17,2022-03-05,7,0,75,79,60,16.117366842724827
42,18,2022-01-17,6,0,11,12,15,18.12864177156367
42,18,2022-01-17,3,0,13,15,30,13.91817291852751
42,18,2022-01-17,0,0,14,18,60,9.647755580322652
42,18,2022-01-17,5,0,14,16,30,6.0
42,18,2022-01-17,6,0,18,19,15,14.36035544815612
42,18,2022-01-17,7,0,19,20,15,11.917423231976684
42,18,2022-01-17,1,0,20,27,105,6.193376729252442
42,18,2022-01-17,3,0,20,21,15,25.410938198167464
42,18,2022-01-17,4,0,22,29,105,5.0
42,18,2022-01-17,5,0,23,25,30,9.958422346456771
42,18,2022-01-17,2,0,25,29,60,6.434266098181006
42,18,2022-01-17,3,0,27,28,15,19.397106515152537
42,18,2022-01-17,2,0,34,37,45,8.0
42,18,2022-01-17,4,0,34,36,30,5.0
42,18,2022-01-17,3,0,36,39,45,17.07966153668594
42,18,2022-01-17,5,0,36,38,30,19.52733418624684
42,18,2022-01-17,6,0,36,39,45,9.160120497470679
42,18,2022-01-17,1,0,39,41,30,9.600732272295602
42,18,2022-01-17,7,0,39,42,45,16.6179469097384
42,18,2022-01-17,2,0,40,43,45,13.171580704712532
42,18,2022-01-17,0,0,41,43,30,9.410165361077432
42,18,2022-01-17,5,0,45,46,15,5.0
42,18,2022-01-17,3,0,46,50,60,18.07732725632725
42,18,2022-01-17,7,0,47,50,45,20.822306209606843
42,18,2022-01-17,0,0,49,51,30,6.20435541012241
42,18,2022-01-17,5,0,50,55,75,12.617930727389613
42,18,2022-01-17,6,0,51,55,60,23.706240236102204
42,18,2022-01-17,2,0,52,54,30,9.994880151804026
42,18,2022-01-17,3,0,53,54,15,24.287145470734316
42,18,2022-01-17,0,0,56,59,45,13.234009012820785
42,18,2022-01-17,2,0,57,60,45,6.0
42,18,2022-01-17,5,0,58,60,30,10.61005367824481
42,18,2022-01-17,3,0,59,61,30,23.46835988013232
42,18,2022-01-17,7,0,59,61,30,22.669237627065854
42,18,2022-01-17,1,0,62,64,30,9.0
42,18,2022-01-17,5,0,63,65,30,12.39122742722499
42,18,2022-01-17,4,0,69,72,45,5.914328669593473
42,18,2022-01-17,3,0,70,75,75,20.98628450393697
42,18,2022-01-17,7,0,70,73,45,19.845628437796393
42,18,2022-01-17,0,0,72,74,30,18.258444859905666
42,18,2022-03-05,1,0,20,27,105,13.37150970330783
42,18,2022-03-05,4,0,22,29,105,11.617585411737792
42,18,2022-03-05,5,0,23,25,30,7.9257651330813275
42,18,2022-03-05,2,0,25,29,60,6.0
42,18,2022-03-05,3,0,27,28,15,12.329592562993355
42,18,2022-03-05,6,0,29,32,45,6.536381426618448
42,18,2022-03-05,4,0,32,35,45,13.705504752018037
42,18,2022-03-05,2,0,34,37,45,8.0
42,18,2022-03-05,3,0,36,39,45,17.07966153668594
42,18,2022-03-05,5,0,36,38,30,8.673021872253827
42,18,2022-03-05,6,0,36,39,45,9.160120497470679
42,18,2022-03-05,4,0,38,42,60,19.396864658034175
42,18,2022-03-05,1,0,39,41,30,9.600732272295602
42,18,2022-03-05,7,0,39,42,45,5.0
42,18,2022-03-05,2,0,40,43,45,13.171580704712532
42,18,2022-03-05,0,0,41,43,30,7.31355685151447
42,18,2022-03-05,5,0,42,43,15,21.954117275104572
42,18,2022-03-05,3,0,46,50,60,14.97419171541555
42,18,2022-03-05,7,0,47,50,45,20.822306209606843
42,18,2022-03-05,1,0,48,50,30,24.778617994450542
42,18,2022-03-05,0,0,49,51,30,6.20435541012241
42,18,2022-03-05,5,0,50,55,75,12.617930727389613
42,18,2022-03-05,6,0,51,55,60,23.706240236102204
42,18,2022-03-05,2,0,52,54,30,9.994880151804026
42,18,2022-03-05,3,0,53,54,15,24.287145470734316
42,18,2022-03-05,0,0,56,59,45,13.234009012820785
42,18,2022-03-05,2,0,57,60,45,6.0
42,18,2022-03-05,5,0,58,60,30,10.61005367824481
42,18,2022-03-05,3,0,59,61,30,23.46835988013232
42,18,2022-03-05,1,0,62,64,30,9.0
42,18,2022-03-05,5,0,63,65,30,12.39122742722499
42,18,2022-03-05,4,0,69,72,45,5.914328669593473
42,18,2022-03-05,3,0,70,75,75,20.98628450393697
42,18,2022-03-05,7,0,70,73,45,19.845628437796393
42,18,2022-03-05,0,0,72,74,30,18.258444859905666
42,19,2022-01-17,0,0,15,17,30,13.679485849531552
42,19,2022-01-17,3,0,15,17,30,31.481855544924855
42,19,2022-01-17,4,0,15,17,30,5.0
42,19,2022-01-17,6,0,15,21,90,5.516039368076605
42,19,2022-01-17,2,0,17,18,15,8.411439052986097
42,19,2022-01-17,7,0,18,24,90,10.068911153620654
42,19,2022-01-17,1,0,20,22,30,7.044515576527132
42,19,2022-01-17,3,0,20,22,30,12.37943674796103
42,19,2022-01-17,2,0,22,24,30,17.016759461425487
42,19,2022-01-17,5,0,22,24,30,9.689442324922268
42,19,2022-01-17,7,0,27,30,45,5.550604156416256
42,19,2022-01-17,3,0,30,31,15,14.394013050574273
42,19,2022-01-17,0,0,31,33,30,18.63304887099796
42,19,2022-01-17,1,0,33,35,30,7.0
42,19,2022-01-17,4,0,33,35,30,7.925058931566646
42,19,2022-01-17,5,0,35,38,45,17.57411587406797
42,19,2022-01-17,0,0,38,39,15,12.500556317885007
42,19,2022-01-17,1,0,38,40,30,20.76190410267793
42,19,2022-01-17,2,0,38,39,15,17.44976370881104
42,19,2022-01-17,7,0,40,42,30,7.0
42,19,2022-01-17,0,0,42,45,45,14.464154253076373
42,19,2022-01-17,6,0,42,43,15,8.204139674470191
42,19,2022-01-17,1,0,48,50,30,25.592405623326833
42,19,2022-01-17,4,0,48,50,30,19.04098876243556
42,19,2022-01-17,7,0,48,53,75,27.138030244888697
42,19,2022-01-17,3,0,52,54,30,23.455441706706097
42,19,2022-01-17,1,0,56,59,45,8.0
42,19,2022-01-17,4,0,57,59,30,11.644721786622327
42,19,2022-01-17,5,0,58,60,30,28.39948195586488
42,19,2022-01-17,6,0,58,60,30,33.435605619821544
42,19,2022-01-17,3,0,59,60,15,9.650102259540475
42,19,2022-01-17,0,0,60,64,60,13.439803186808241
42,19,2022-01-17,1,0,63,66,45,15.056964443334778
42,19,2022-01-17,4,0,65,68,45,23.10087943123292
42,19,2022-01-17,7,0,68,71,45,16.784234038694073
42,19,2022-01-17,2,0,82,86,60,38.24164784876442
42,19,2022-03-05,1,0,21,24,45,12.864845642622548
42,19,2022-03-05,2,0,22,24,30,29.607049313382518
42,19,2022-03-05,5,0,22,24,30,5.0
42,19,2022-03-05,7,0,22,26,60,5.1875484071183
42,19,2022-03-05,1,0,28,32,60,7.186419823657218
42,19,2022-03-05,3,0,28,30,30,8.53772421311325
42,19,2022-03-05,4,0,28,30,30,10.220080775052985
42,19,2022-03-05,0,0,31,33,30,7.369915876822574
42,19,2022-03-05,3,0,33,35,30,7.0
42,19,2022-03-05,4,0,33,35,30,7.925058931566646
42,19,2022-03-05,2,0,35,37,30,25.219293632570903
42,19,2022-03-05,5,0,35,38,45,17.57411587406797
42,19,2022-03-05,1,0,37,39,30,8.57187200857463
42,19,2022-03-05,0,0,38,39,15,12.500556317885007
42,19,2022-03-05,2,0,40,41,15,8.284196300757927
42,19,2022-03-05,7,0,40,42,30,7.0
42,19,2022-03-05,0,0,42,45,45,14.464154253076373
42,19,2022-03-05,1,0,42,43,15,12.149233177717974
42,19,2022-03-05,3,0,42,48,90,10.214218343879566
42,19,2022-03-05,6,0,42,43,15,11.109366396731787
42,19,2022-03-05,5,0,43,47,60,6.481830423573882
42,19,2022-03-05,2,0,44,47,45,8.517672063919534
42,19,2022-03-05,1,0,48,50,30,25.592405623326833
42,19,2022-03-05,4,0,48,50,30,27.138030244888697
42,19,2022-03-05,7,0,48,53,75,11.856940801931685
42,19,2022-03-05,0,0,51,52,15,11.783816012472421
42,19,2022-03-05,3,0,52,54,30,19.091196793234758
42,19,2022-03-05,1,0,56,59,45,8.0
42,19,2022-03-05,4,0,57,59,30,11.644721786622327
42,19,2022-03-05,5,0,58,60,30,28.39948195586488
42,19,2022-03-05,6,0,58,60,30,33.435605619821544
42,19,2022-03-05,0,0,60,64,60,13.439803186808241
42,19,2022-03-05,1,0,63,66,45,15.056964443334778
42,19,2022-03-05,4,0,65,68,45,23.10087943123292
42,19,2022-03-05,7,0,68,71,45,16.784234038694073
42,19,2022-03-05,2,0,82,86,60,38.24164784876442
42,20,2022-01-17,7,0,11,13,30,15.190547490010552
42,20,2022-01-17,2,0,13,15,30,15.936918537429499
42,20,2022-01-17,4,0,14,17,45,12.45626820076896
42,20,2022-01-17,0,0,16,19,45,28.05238701212223
42,20,2022-01-17,7,0,16,18,30,16.568217812111527
42,20,2022-01-17,6,0,17,18,15,18.5616762997618
42,20,2022-01-17,5,0,19,21,30,13.130093000842379
42,20,2022-01-17,1,0,20,24,60,19.896471349073174
42,20,2022-01-17,3,0,22,25,45,9.91004066707616
42,20,2022-01-17,6,0,22,24,30,13.858771275612852
42,20,2022-01-17,2,0,23,25,30,12.31512857145293
42,20,2022-01-17,7,0,23,26,45,17.923528694797014
42,20,2022-01-17,4,0,25,27,30,9.775575112763327
42,20,2022-01-17,6,0,29,31,30,15.87622646112299
42,20,2022-01-17,7,0,32,34,30,12.77372606704138
42,20,2022-01-17,3,0,33,37,60,14.902640946803366
42,20,2022-01-17,0,0,34,38,60,7.113534125786977
42,20,2022-01-17,2,0,35,38,45,7.147877366873843
42,20,2022-01-17,4,0,36,38,30,15.41483493547969
42,20,2022-01-17,5,0,36,37,15,9.0
42,20,2022-01-17,5,0,40,43,45,15.13617456900242
42,20,2022-01-17,4,0,42,45,45,14.012878223941556
42,20,2022-01-17,1,0,44,49,75,10.73472701582596
42,20,2022-01-17,7,0,44,46,30,32.88496117885784
42,20,2022-01-17,3,0,48,51,45,5.0
42,20,2022-01-17,5,0,50,52,30,16.26128786311166
42,20,2022-01-17,6,0,51,55,60,10.795656401364681
42,20,2022-01-17,2,0,53,55,30,11.619868792713802
42,20,2022-01-17,4,0,55,57,30,18.56778999123854
42,20,2022-01-17,5,0,55,58,45,10.346276171946414
42,20,2022-01-17,7,0,59,60,15,17.723672397113873
42,20,2022-01-17,2,0,61,64,45,17.391198418952158
42,20,2022-01-17,3,0,61,64,45,21.821710830927387
42,20,2022-01-17,6,0,61,67,90,27.1940401404917
42,20,2022-01-17,0,0,62,64,30,12.412355897023104
42,20,2022-01-17,5,0,63,65,30,11.577185976871185
42,20,2022-01-17,4,0,64,66,30,29.378096321864
42,20,2022-01-17,5,0,69,73,60,37.32603304209462
42,20,2022-01-17,2,0,72,74,30,37.18720248447052
42,20,2022-01-17,6,0,76,79,45,14.833577279853777
42,20,2022-03-05,5,0,19,21,30,11.204399961162373
42,20,2022-03-05,3,0,22,25,45,13.302644922741948
42,20,2022-03-05,6,0,22,24,30,10.397324460691983
42,20,2022-03-05,1,0,23,26,45,25.964854128196194
42,20,2022-03-05,2,0,23,25,30,18.559032835017902
42,20,2022-03-05,7,0,23,26,45,13.381367263881344
42,20,2022-03-05,4,0,25,27,30,20.782049438893573
42,20,2022-03-05,5,0,27,30,45,6.823601515995563
42,20,2022-03-05,6,0,29,31,30,15.87622646112299
42,20,2022-03-05,7,0,32,34,30,12.77372606704138
42,20,2022-03-05,3,0,33,37,60,14.902640946803366
42,20,2022-03-05,0,0,34,38,60,10.140922651469737
42,20,2022-03-05,2,0,35,38,45,7.147877366873843
42,20,2022-03-05,6,0,35,37,30,9.95215004822522
42,20,2022-03-05,4,0,36,38,30,15.41483493547969
42,20,2022-03-05,5,0,36,37,15,9.0
42,20,2022-03-05,5,0,40,43,45,11.361546582988197
42,20,2022-03-05,4,0,42,45,45,7.546617623475811
42,20,2022-03-05,1,0,44,49,75,16.58187036051038
42,20,2022-03-05,7,0,44,46,30,14.548399481129174
42,20,2022-03-05,3,0,48,51,45,11.595798590655193
42,20,2022-03-05,6,0,48,50,30,35.522783758671125
42,20,2022-03-05,5,0,50,52,30,5.0
42,20,2022-03-05,2,0,53,55,30,11.619868792713802
42,20,2022-03-05,6,0,54,56,30,22.87634171908391
42,20,2022-03-05,4,0,55,57,30,18.56778999123854
42,20,2022-03-05,5,0,59,61,30,20.02190261734033
42,20,2022-03-05,2,0,61,64,45,17.391198418952158
42,20,2022-03-05,3,0,61,64,45,21.821710830927387
42,20,2022-03-05,6,0,61,67,90,27.1940401404917
42,20,2022-03-05,0,0,62,64,30,12.412355897023104
42,20,2022-03-05,4,0,64,66,30,29.378096321864
42,20,2022-03-05,5,0,69,73,60,37.32603304209462
42,20,2022-03-05,2,0,72,74,30,37.18720248447052
42,20,2022-03-05,6,0,76,79,45,14.833577279853777
42,21,2022-01-17,3,0,13,16,45,16.978148572183585
42,21,2022-01-17,5,0,13,15,30,17.092247013253072
42,21,2022-01-17,6,0,14,16,30,15.808430611755867
42,21,2022-01-17,2,0,15,16,15,10.020098091817978
42,21,2022-01-17,4,0,16,18,30,7.0
42,21,2022-01-17,7,0,16,17,15,15.118547631785546
42,21,2022-01-17,5,0,18,20,30,9.0
42,21,2022-01-17,2,0,20,21,15,8.586677207473535
42,21,2022-01-17,6,0,20,23,45,11.178574961669042
42,21,2022-01-17,7,0,20,22,30,5.561816407770223
42,21,2022-01-17,1,0,21,25,60,23.942357240279648
42,21,2022-01-17,4,0,22,24,30,12.32428343729606
42,21,2022-01-17,5,0,25,27,30,17.46042482175281
42,21,2022-01-17,3,0,27,32,75,20.872639628208923
42,21,2022-01-17,7,0,27,31,60,5.0
42,21,2022-01-17,2,0,33,35,30,7.062528658278481
42,21,2022-01-17,3,0,37,39,30,7.764615734603588
42,21,2022-01-17,3,0,43,46,45,8.0
42,21,2022-01-17,7,0,45,48,45,19.66475669641656
42,21,2022-01-17,2,0,46,49,45,9.0
42,21,2022-01-17,6,0,46,49,45,8.0
42,21,2022-01-17,1,0,53,57,60,10.258758733825843
42,21,2022-01-17,2,0,53,57,60,14.458846011720794
42,21,2022-01-17,5,0,53,56,45,27.451186646110322
42,21,2022-01-17,7,0,53,54,15,16.13608168315387
42,21,2022-01-17,3,0,54,56,30,26.667109888896945
42,21,2022-01-17,6,0,54,58,60,14.992749510746933
42,21,2022-01-17,0,0,55,57,30,6.0
42,21,2022-01-17,4,0,55,57,30,8.891439952725179
42,21,2022-01-17,2,0,60,62,30,19.864231267481863
42,21,2022-01-17,3,0,61,63,30,18.37339118680812
42,21,2022-01-17,5,0,66,72,90,5.0
42,21,2022-01-17,2,0,68,70,30,12.343827779158275
42,21,2022-01-17,4,0,70,72,30,6.311587799705855
42,21,2022-01-17,6,0,70,72,30,37.212440116293855
42,21,2022-01-17,7,0,73,76,45,24.290086870102648
42,21,2022-01-17,0,0,76,78,30,37.73410732848748
42,21,2022-01-17,6,0,76,78,30,31.331976215501143
42,21,2022-03-05,3,0,13,16,45,16.978148572183585
42,21,2022-03-05,6,0,14,16,30,17.092247013253072
42,21,2022-03-05,2,0,20,21,15,12.742979231340819
42,21,2022-03-05,6,0,20,23,45,11.178574961669042
42,21,2022-03-05,7,0,20,22,30,9.100292468574025
42,21,2022-03-05,1,0,21,25,60,7.0
42,21,2022-03-05,4,0,22,24,30,14.21820847383809
42,21,2022-03-05,5,0,25,27,30,24.150592560096115
42,21,2022-03-05,3,0,27,32,75,20.872639628208923
42,21,2022-03-05,7,0,27,31,60,5.0
42,21,2022-03-05,5,0,32,34,30,16.94386574653528
42,21,2022-03-05,2,0,33,35,30,7.062528658278481
42,21,2022-03-05,3,0,37,39,30,7.764615734603588
42,21,2022-03-05,7,0,37,42,75,15.134972826560293
42,21,2022-03-05,1,0,40,42,30,8.0
42,21,2022-03-05,6,0,40,43,45,9.0
42,21,2022-03-05,3,0,43,46,45,14.955161045070113
42,21,2022-03-05,4,0,45,50,75,9.97461230975955
42,21,2022-03-05,7,0,45,48,45,26.585415142232748
42,21,2022-03-05,1,0,46,51,75,16.787619806574426
42,21,2022-03-05,2,0,46,49,45,15.689145554946492
42,21,2022-03-05,6,0,46,49,45,8.05700839941138
42,21,2022-03-05,3,0,50,52,30,22.118792118977808
42,21,2022-03-05,2,0,53,57,60,14.458846011720794
42,21,2022-03-05,5,0,53,56,45,27.451186646110322
42,21,2022-03-05,7,0,53,54,15,10.837999441154246
42,21,2022-03-05,1,0,54,55,15,20.31456164324876
42,21,2022-03-05,6,0,54,58,60,14.992749510746933
42,21,2022-03-05,0,0,55,57,30,6.0
42,21,2022-03-05,3,0,55,61,90,17.383401370906384
42,21,2022-03-05,2,0,60,62,30,19.864231267481863
42,21,2022-03-05,5,0,66,72,90,5.0
42,21,2022-03-05,2,0,68,70,30,12.343827779158275
42,21,2022-03-05,4,0,70,72,30,6.311587799705855
42,21,2022-03-05,7,0,73,76,45,24.290086870102648
42,21,2022-03-05,0,0,76,78,30,37.73410732848748
42,21,2022-03-05,6,0,76,78,30,31.331976215501143
42,21,2022-03-05,1,0,80,82,30,17.600162447291254
42,21,2022-03-05,6,0,81,85,60,27.897095724249212
42,22,2022-01-17,0,0,11,15,60,7.0
42,22,2022-01-17,1,0,12,13,15,18.282266407279096
42,22,2022-01-17,5,0,12,15,45,15.073770249876276
42,22,2022-01-17,6,0,16,17,15,24.444034318410154
42,22,2022-01-17,2,0,17,20,45,11.565468692883975
42,22,2022-01-17,4,0,20,22,30,26.723522019877507
42,22,2022-01-17,6,0,22,24,30,15.519829698653055
42,22,2022-01-17,5,0,23,24,15,25.484906135961154
42,22,2022-01-17,2,0,24,29,75,17.070916698819936
42,22,2022-01-17,4,0,25,28,45,5.602924615607307
42,22,2022-01-17,1,0,26,28,30,18.265535534373363
42,22,2022-01-17,3,0,28,29,15,23.779245634889556
42,22,2022-01-17,1,0,31,34,45,21.871543538800623
42,22,2022-01-17,3,0,32,36,60,9.4964527498906
42,22,2022-01-17,0,0,33,35,30,7.207142819876076
42,22,2022-01-17,4,0,36,40,60,13.087442840829084
42,22,2022-01-17,2,0,39,43,60,8.0
42,22,2022-01-17,1,0,40,44,60,13.758880310003178
42,22,2022-01-17,0,0,42,44,30,9.430345219221309
42,22,2022-01-17,6,0,43,48,75,6.0
42,22,2022-01-17,5,0,44,46,30,6.036640793174833
42,22,2022-01-17,7,0,45,47,30,12.617704203668247
42,22,2022-01-17,3,0,50,51,15,15.650772347276366
42,22,2022-01-17,4,0,51,54,45,8.452590859473645
42,22,2022-01-17,5,0,51,55,60,14.509773250403086
42,22,2022-01-17,7,0,52,54,30,18.17589418820358
42,22,2022-01-17,1,0,53,55,30,16.234987080495756
42,22,2022-01-17,6,0,53,55,30,14.69373827001614
42,22,2022-01-17,3,0,57,64,105,16.420048079802008
42,22,2022-01-17,7,0,57,60,45,8.101176904673828
42,22,2022-01-17,0,0,58,61,45,30.195399661725972
42,22,2022-01-17,1,0,58,64,90,14.334808891400698
42,22,2022-01-17,4,0,60,63,45,17.004370381355372
42,22,2022-01-17,2,0,61,63,30,8.0
42,22,2022-01-17,6,0,64,66,30,16.259027440646108
42,22,2022-01-17,7,0,66,68,30,8.0
42,22,2022-01-17,6,0,69,74,75,21.522335861944313
42,22,2022-01-17,0,0,70,72,30,19.248181328541392
42,22,2022-01-17,4,0,70,72,30,25.390748375069023
42,22,2022-01-17,1,0,74,77,45,15.798602125011854
42,22,2022-01-17,4,0,78,79,15,12.847641526085496
42,22,2022-01-17,5,0,78,82,60,18.09036886332362
42,22,2022-03-05,0,0,16,21,75,7.0
42,22,2022-03-05,4,0,20,22,30,13.484821739202218
42,22,2022-03-05,5,0,23,24,15,11.331039576397679
42,22,2022-03-05,6,0,23,25,30,22.62501886587674
42,22,2022-03-05,2,0,24,29,75,11.56382159440846
42,22,2022-03-05,4,0,25,28,45,5.602924615607307
42,22,2022-03-05,1,0,26,28,30,27.912967382747787
42,22,2022-03-05,0,0,28,30,30,9.655390405603725
42,22,2022-03-05,3,0,28,29,15,23.779245634889556
42,22,2022-03-05,5,0,29,31,30,17.856898209502845
42,22,2022-03-05,7,0,30,32,30,12.905670208966086
42,22,2022-03-05,1,0,31,34,45,21.871543538800623
42,22,2022-03-05,6,0,31,33,30,6.632084495930833
42,22,2022-03-05,3,0,32,36,60,9.4964527498906
42,22,2022-03-05,0,0,33,35,30,7.207142819876076
42,22,2022-03-05,4,0,36,40,60,13.087442840829084
42,22,2022-03-05,0,0,38,40,30,7.0
42,22,2022-03-05,2,0,39,43,60,8.0
42,22,2022-03-05,1,0,40,44,60,22.52258218100075
42,22,2022-03-05,6,0,40,41,15,16.611089015436292
42,22,2022-03-05,7,0,42,47,75,19.008100467794904
42,22,2022-03-05,0,0,44,47,45,6.740352052002606
42,22,2022-03-05,5,0,44,46,30,11.987497188571751
42,22,2022-03-05,2,0,46,48,30,6.638555054627986
42,22,2022-03-05,6,0,49,52,45,24.216663492319142
42,22,2022-03-05,3,0,50,51,15,15.650772347276366
42,22,2022-03-05,4,0,51,54,45,8.452590859473645
42,22,2022-03-05,5,0,51,55,60,14.509773250403086
42,22,2022-03-05,7,0,52,54,30,18.17589418820358
42,22,2022-03-05,1,0,53,55,30,16.234987080495756
42,22,2022-03-05,6,0,55,58,45,24.51290447943385
42,22,2022-03-05,7,0,57,60,45,8.0
42,22,2022-03-05,1,0,58,64,90,14.334808891400698
42,22,2022-03-05,4,0,60,63,45,17.004370381355372
42,22,2022-03-05,0,0,62,64,30,23.94762695104935
42,22,2022-03-05,6,0,64,66,30,16.259027440646108
42,22,2022-03-05,7,0,66,68,30,13.535733652815502
42,22,2022-03-05,6,0,69,74,75,21.522335861944313
42,22,2022-03-05,0,0,70,72,30,19.248181328541392
42,22,2022-03-05,4,0,70,72,30,25.390748375069023
42,22,2022-03-05,1,0,74,77,45,15.798602125011854
42,22,2022-03-05,4,0,78,79,15,12.847641526085496
42,22,2022-03-05,5,0,78,82,60,18.09036886332362
42,23,2022-01-17,1,0,9,12,45,30.932822383129093
42,23,2022-01-17,0,0,11,13,30,11.727402801976751
42,23,2022-01-17,7,0,14,17,45,15.41381148249716
42,23,2022-01-17,5,0,16,18,30,15.840080867005199
42,23,2022-01-17,0,0,18,20,30,17.937682240851473
42,23,2022-01-17,2,0,18,21,45,16.06353963387747
42,23,2022-01-17,4,0,18,20,30,8.769894135185751
42,23,2022-01-17,1,0,20,21,15,13.255238934059733
42,23,2022-01-17,3,0,20,22,30,20.897580083863204
42,23,2022-01-17,0,0,23,26,45,25.06450842668758
42,23,2022-01-17,6,0,23,24,15,6.296560278510981
42,23,2022-01-17,7,0,23,25,30,11.757706393869299
42,23,2022-01-17,4,0,29,30,15,12.55264462780788
42,23,2022-01-17,4,0,33,36,45,11.966370468579775
42,23,2022-01-17,6,0,33,36,45,12.707794685355708
42,23,2022-01-17,7,0,34,36,30,8.0
42,23,2022-01-17,0,0,36,38,30,5.0
42,23,2022-01-17,2,0,37,41,60,14.151709710408937
42,23,2022-01-17,5,0,38,39,15,17.818720450329806
42,23,2022-01-17,1,0,39,42,45,18.01623510153165
42,23,2022-01-17,7,0,41,42,15,17.636090905577277
42,23,2022-01-17,5,0,42,43,15,17.65830721825796
42,23,2022-01-17,2,0,45,50,75,25.022819664937536
42,23,2022-01-17,3,0,45,46,15,39.36430564651825
42,23,2022-01-17,4,0,47,50,45,18.30654520507332
42,23,2022-01-17,7,0,49,56,105,24.00437000336018
42,23,2022-01-17,6,0,50,52,30,9.644896556898445
42,23,2022-01-17,3,0,51,54,45,10.970091841558613
42,23,2022-01-17,1,0,53,57,60,6.0
42,23,2022-01-17,5,0,54,56,30,16.196708831635988
42,23,2022-01-17,0,0,56,59,45,17.36101189739938
42,23,2022-01-17,2,0,56,59,45,19.923363801064582
42,23,2022-01-17,3,0,57,61,60,17.180702999616983
42,23,2022-01-17,4,0,58,61,45,24.750912165597327
42,23,2022-01-17,6,0,59,65,90,9.008608122008624
42,23,2022-01-17,7,0,59,61,30,18.947161370308322
42,23,2022-01-17,1,0,60,63,45,9.090143682914913
42,23,2022-01-17,2,0,65,70,75,37.9583200721344
42,23,2022-01-17,3,0,65,66,15,6.592907779884072
42,23,2022-01-17,5,0,69,72,45,19.603563513047703
42,23,2022-01-17,7,0,69,72,45,15.684428229356755
42,23,2022-01-17,3,0,73,76,45,25.248313370117394
42,23,2022-01-17,1,0,75,80,75,20.56124772235715
42,23,2022-03-05,1,0,9,12,45,30.932822383129093
42,23,2022-03-05,0,0,11,13,30,11.727402801976751
42,23,2022-03-05,5,0,16,18,30,13.680717784886902
42,23,2022-03-05,3,0,21,23,30,14.896772990021333
42,23,2022-03-05,6,0,23,24,15,16.061251941753184
42,23,2022-03-05,7,0,23,25,30,8.768645169005126
42,23,2022-03-05,0,0,24,34,150,13.070622131955616
42,23,2022-03-05,3,0,27,29,30,22.06845219896673
42,23,2022-03-05,4,0,29,30,15,22.054940348820416
42,23,2022-03-05,7,0,32,34,30,13.624352432976373
42,23,2022-03-05,4,0,33,36,45,11.966370468579775
42,23,2022-03-05,5,0,33,35,30,11.299346415812181
42,23,2022-03-05,6,0,33,36,45,12.707794685355708
42,23,2022-03-05,2,0,37,41,60,6.750808799474001
42,23,2022-03-05,5,0,38,39,15,17.818720450329806
42,23,2022-03-05,0,0,39,43,60,14.57257166323469
42,23,2022-03-05,1,0,39,42,45,18.01623510153165
42,23,2022-03-05,7,0,41,42,15,12.940505047123779
42,23,2022-03-05,5,0,42,43,15,17.65830721825796
42,23,2022-03-05,4,0,43,44,15,28.494856124276893
42,23,2022-03-05,6,0,43,46,45,18.310078178048798
42,23,2022-03-05,1,0,45,47,30,15.691909548146377
42,23,2022-03-05,2,0,45,50,75,25.022819664937536
42,23,2022-03-05,3,0,45,46,15,17.838098489657355
42,23,2022-03-05,4,0,47,50,45,5.0
42,23,2022-03-05,7,0,49,56,105,9.644896556898445
42,23,2022-03-05,6,0,50,52,30,25.971563861401336
42,23,2022-03-05,3,0,51,54,45,6.0
42,23,2022-03-05,5,0,54,56,30,16.196708831635988
42,23,2022-03-05,0,0,56,59,45,17.36101189739938
42,23,2022-03-05,2,0,56,59,45,19.923363801064582
42,23,2022-03-05,3,0,57,61,60,17.180702999616983
42,23,2022-03-05,1,0,59,61,30,28.86023356049774
42,23,2022-03-05,4,0,59,60,15,17.34358400210897
42,23,2022-03-05,7,0,59,61,30,18.947161370308322
42,23,2022-03-05,2,0,65,70,75,37.9583200721344
42,23,2022-03-05,3,0,65,66,15,6.592907779884072
42,23,2022-03-05,5,0,69,72,45,19.603563513047703
42,23,2022-03-05,7,0,69,72,45,15.684428229356755
42,23,2022-03-05,3,0,73,76,45,25.248313370117394
42,24,2022-01-17,2,0,11,13,30,21.935880875385976
42,24,2022-01-17,5,0,11,12,15,12.458126883897549
42,24,2022-01-17,1,0,14,16,30,9.0
42,24,2022-01-17,4,0,16,18,30,13.076420235189396
42,24,2022-01-17,5,0,16,18,30,14.469639488578295
42,24,2022-01-17,3,0,17,21,60,18.359231654732326
42,24,2022-01-17,2,0,18,20,30,19.51141422575283
42,24,2022-01-17,1,0,19,21,30,18.60794441024992
42,24,2022-01-17,7,0,22,24,30,11.66054353049438
42,24,2022-01-17,3,0,26,28,30,15.124808851626852
42,24,2022-01-17,6,0,27,33,90,13.841351172285336
42,24,2022-01-17,2,0,28,31,45,7.0
42,24,2022-01-17,4,0,33,35,30,6.579990224405321
42,24,2022-01-17,1,0,34,36,30,18.60267210031175
42,24,2022-01-17,4,0,38,39,15,20.582366224590125
42,24,2022-01-17,2,0,39,40,15,15.72208243505925
42,24,2022-01-17,7,0,39,45,90,11.797323174952588
42,24,2022-01-17,3,0,40,42,30,15.037987356501915
42,24,2022-01-17,6,0,40,41,15,28.96912090848099
42,24,2022-01-17,2,0,43,45,30,14.093481297591495
42,24,2022-01-17,6,0,44,48,60,9.353992967132626
42,24,2022-01-17,1,0,48,50,30,17.197807175942543
42,24,2022-01-17,3,0,49,52,45,9.70578085702487
42,24,2022-01-17,2,0,51,54,45,20.77721584956872
42,24,2022-01-17,0,0,52,55,45,16.71064674669472
42,24,2022-01-17,5,0,52,57,75,6.922068885297094
42,24,2022-01-17,6,0,53,55,30,18.455804727997545
42,24,2022-01-17,4,0,54,56,30,21.054490181989124
42,24,2022-01-17,3,0,56,59,45,24.320871554583064
42,24,2022-01-17,1,0,57,58,15,26.808210509939705
42,24,2022-01-17,7,0,57,62,75,29.562458497427045
42,24,2022-01-17,4,0,59,62,45,32.238354593369806
42,24,2022-01-17,6,0,60,63,45,5.0
42,24,2022-01-17,1,0,61,66,75,19.940809074804335
42,24,2022-01-17,5,0,61,66,75,20.12776393723304
42,24,2022-01-17,2,0,63,68,75,20.166849187322114
42,24,2022-01-17,0,0,64,66,30,15.540501316697338
42,24,2022-01-17,3,0,65,67,30,28.90754602003789
42,24,2022-01-17,2,0,73,79,90,29.084058052425227
42,24,2022-01-17,4,0,77,79,30,9.0
42,24,2022-03-05,4,0,18,20,30,16.491676167406666
42,24,2022-03-05,1,0,22,23,15,9.515231406437955
42,24,2022-03-05,2,0,22,23,15,9.0
42,24,2022-03-05,3,0,25,28,45,12.404651248150572
42,24,2022-03-05,2,0,26,37,165,6.681933426876455
42,24,2022-03-05,6,0,27,33,90,18.63486802262662
42,24,2022-03-05,7,0,28,30,30,11.65020932639137
42,24,2022-03-05,4,0,32,34,30,10.307906040897805
42,24,2022-03-05,1,0,34,36,30,18.60267210031175
42,24,2022-03-05,5,0,35,37,30,14.128011529757806
42,24,2022-03-05,4,0,38,39,15,20.582366224590125
42,24,2022-03-05,7,0,39,45,90,11.797323174952588
42,24,2022-03-05,3,0,40,42,30,7.682080218126011
42,24,2022-03-05,6,0,40,41,15,28.96912090848099
42,24,2022-03-05,0,0,43,46,45,16.474305029434092
42,24,2022-03-05,2,0,43,45,30,14.093481297591495
42,24,2022-03-05,4,0,44,50,90,8.019574620543835
42,24,2022-03-05,6,0,44,48,60,9.353992967132626
42,24,2022-03-05,1,0,48,50,30,17.197807175942543
42,24,2022-03-05,5,0,48,51,45,14.54225526820266
42,24,2022-03-05,3,0,49,52,45,9.70578085702487
42,24,2022-03-05,2,0,51,54,45,20.77721584956872
42,24,2022-03-05,0,0,52,55,45,16.71064674669472
42,24,2022-03-05,6,0,53,55,30,18.455804727997545
42,24,2022-03-05,4,0,54,56,30,21.054490181989124
42,24,2022-03-05,5,0,54,59,75,23.560693063912666
42,24,2022-03-05,3,0,56,59,45,24.320871554583064
42,24,2022-03-05,1,0,57,58,15,26.808210509939705
42,24,2022-03-05,4,0,59,62,45,32.238354593369806
42,24,2022-03-05,6,0,60,63,45,15.991821888716359
42,24,2022-03-05,1,0,61,66,75,19.940809074804335
42,24,2022-03-05,2,0,63,68,75,20.166849187322114
42,24,2022-03-05,0,0,64,66,30,15.540501316697338
42,24,2022-03-05,3,0,65,67,30,28.90754602003789
42,24,2022-03-05,5,0,67,71,60,20.394253856488888
42,24,2022-03-05,4,0,77,79,30,9.0
42,25,2022-01-17,5,0,5,7,30,31.32790115424234
42,25,2022-01-17,5,0,13,14,15,5.498013147088585
42,25,2022-01-17,3,0,14,16,30,18.32965243335724
42,25,2022-01-17,6,0,14,15,15,24.89399681656765
42,25,2022-01-17,4,0,16,18,30,6.310384326124918
42,25,2022-01-17,5,0,17,27,150,14.673990189080882
42,25,2022-01-17,2,0,18,22,60,5.456276899158468
42,25,2022-01-17,1,0,22,28,90,15.085631521940101
42,25,2022-01-17,7,0,23,26,45,11.190819361893794
42,25,2022-01-17,0,0,27,29,30,6.760994139557575
42,25,2022-01-17,6,0,27,32,75,9.0
42,25,2022-01-17,2,0,34,36,30,12.641964018762621
42,25,2022-01-17,7,0,39,43,60,11.723460840044545
42,25,2022-01-17,0,0,41,44,45,6.0
42,25,2022-01-17,3,0,41,43,30,19.043107947388165
42,25,2022-01-17,2,0,43,44,15,19.955074402767586
42,25,2022-01-17,4,0,43,46,45,28.285590848743986
42,25,2022-01-17,3,0,47,48,15,25.006857975003904
42,25,2022-01-17,0,0,49,50,15,25.08011890548093
42,25,2022-01-17,2,0,49,51,30,15.161561019111453
42,25,2022-01-17,1,0,52,54,30,22.50851513964249
42,25,2022-01-17,3,0,52,53,15,10.344079423125606
42,25,2022-01-17,6,0,52,53,15,20.266820600408522
42,25,2022-01-17,0,0,53,56,45,8.635937159552185
42,25,2022-01-17,5,0,54,58,60,10.486758104316863
42,25,2022-01-17,7,0,55,58,45,20.75877360186078
42,25,2022-01-17,6,0,58,60,30,16.98346643821415
42,25,2022-01-17,3,0,59,60,15,32.59392471092735
42,25,2022-01-17,2,0,61,63,30,9.103227260055348
42,25,2022-01-17,1,0,62,65,45,19.59653939340049
42,25,2022-01-17,4,0,62,66,60,6.549845566607793
42,25,2022-01-17,2,0,67,70,45,21.273571606362147
42,25,2022-01-17,7,0,67,70,45,21.81450640448574
42,25,2022-01-17,0,0,71,74,45,13.61515617062237
42,25,2022-01-17,5,0,71,74,45,18.36841368460496
42,25,2022-01-17,1,0,73,75,30,26.710942401917606
42,25,2022-01-17,2,0,73,79,90,20.01739605122365
42,25,2022-01-17,7,0,73,74,15,16.700856648703017
42,25,2022-03-05,5,0,5,7,30,31.32790115424234
42,25,2022-03-05,5,0,16,18,30,24.458314951767278
42,25,2022-03-05,4,0,17,19,30,15.060208716831426
42,25,2022-03-05,5,0,21,23,30,7.0
42,25,2022-03-05,1,0,22,28,90,20.779173814618794
42,25,2022-03-05,2,0,22,24,30,5.9345885652567745
42,25,2022-03-05,7,0,23,26,45,5.455499842421617
42,25,2022-03-05,0,0,27,29,30,15.072261819681984
42,25,2022-03-05,4,0,27,30,45,7.0
42,25,2022-03-05,6,0,27,32,75,11.360450655657793
42,25,2022-03-05,5,0,28,31,45,6.451544218482006
42,25,2022-03-05,2,0,34,36,30,12.641964018762621
42,25,2022-03-05,3,0,35,40,75,6.901017246607665
42,25,2022-03-05,1,0,36,42,90,10.397575525857711
42,25,2022-03-05,7,0,38,40,30,10.58324062461918
42,25,2022-03-05,6,0,40,43,45,10.499001027295208
42,25,2022-03-05,0,0,41,44,45,6.0
42,25,2022-03-05,2,0,43,44,15,19.770866295514054
42,25,2022-03-05,4,0,43,46,45,19.955074402767586
42,25,2022-03-05,3,0,47,48,15,25.006857975003904
42,25,2022-03-05,1,0,48,55,105,30.55448117275465
42,25,2022-03-05,0,0,49,50,15,25.08011890548093
42,25,2022-03-05,2,0,49,51,30,15.161561019111453
42,25,2022-03-05,3,0,52,53,15,10.344079423125606
42,25,2022-03-05,6,0,52,53,15,22.50851513964249
42,25,2022-03-05,0,0,53,56,45,8.635937159552185
42,25,2022-03-05,5,0,54,58,60,10.486758104316863
42,25,2022-03-05,7,0,55,58,45,20.75877360186078
42,25,2022-03-05,3,0,59,60,15,32.59392471092735
42,25,2022-03-05,6,0,59,61,30,16.157557936074923
42,25,2022-03-05,2,0,61,63,30,9.103227260055348
42,25,2022-03-05,1,0,62,65,45,19.59653939340049
42,25,2022-03-05,4,0,62,66,60,6.549845566607793
42,25,2022-03-05,2,0,67,70,45,21.273571606362147
42,25,2022-03-05,7,0,67,70,45,21.81450640448574
42,25,2022-03-05,0,0,71,74,45,13.61515617062237
42,25,2022-03-05,5,0,71,74,45,18.36841368460496
42,25,2022-03-05,1,0,73,75,30,26.710942401917606
42,25,2022-03-05,2,0,73,79,90,20.01739605122365
42,25,2022-03-05,7,0,73,74,15,16.700856648703017
42,26,2022-01-17,2,0,8,12,60,15.392070470956057
42,26,2022-01-17,4,0,12,14,30,19.472884971356024
42,26,2022-01-17,2,0,15,17,30,11.91871352505207
42,26,2022-01-17,5,0,15,17,30,15.368010311276194
42,26,2022-01-17,4,0,18,21,45,18.630481580191727
42,26,2022-01-17,2,0,20,23,45,9.254533154069861
42,26,2022-01-17,7,0,25,30,75,5.0
42,26,2022-01-17,6,0,27,29,30,7.3052467353808055
42,26,2022-01-17,3,0,28,32,60,12.123356865302767
42,26,2022-01-17,2,0,29,32,45,9.875295489255372
42,26,2022-01-17,5,0,31,33,30,10.951666852181916
42,26,2022-01-17,1,0,33,36,45,13.899538845596787
42,26,2022-01-17,6,0,33,35,30,14.026518282278701
42,26,2022-01-17,0,0,43,45,30,6.92574872533789
42,26,2022-01-17,1,0,43,44,15,16.23566705208504
42,26,2022-01-17,2,0,44,48,60,12.070988447447803
42,26,2022-01-17,7,0,44,48,60,11.110691168508566
42,26,2022-01-17,5,0,46,47,15,24.145339881691733
42,26,2022-01-17,0,0,48,50,30,15.851357691360917
42,26,2022-01-17,6,0,51,55,60,18.800461253961416
42,26,2022-01-17,1,0,53,55,30,6.933166531580987
42,26,2022-01-17,2,0,54,57,45,19.194625625659214
42,26,2022-01-17,7,0,54,57,45,21.1427241760411
42,26,2022-01-17,4,0,56,61,75,20.760217518356725
42,26,2022-01-17,5,0,56,59,45,20.407161127262356
42,26,2022-01-17,0,0,57,59,30,5.991194054993883
42,26,2022-01-17,3,0,58,61,45,7.0
42,26,2022-01-17,1,0,59,62,45,29.318199101300152
42,26,2022-01-17,2,0,60,63,45,30.29626264804927
42,26,2022-01-17,0,0,63,71,120,14.844177849186778
42,26,2022-01-17,7,0,64,67,45,22.040692693294133
42,26,2022-01-17,2,0,66,68,30,14.755035122288106
42,26,2022-01-17,0,0,74,75,15,27.61281781626579
42,26,2022-01-17,3,0,76,78,30,21.83068140306731
42,26,2022-03-05,1,0,6,9,45,15.915567286494515
42,26,2022-03-05,4,0,12,14,30,19.472884971356024
42,26,2022-03-05,4,0,21,23,30,15.660454736712353
42,26,2022-03-05,2,0,22,24,30,14.452815161585207
42,26,2022-03-05,7,0,25,30,75,5.0
42,26,2022-03-05,6,0,27,29,30,7.3052467353808055
42,26,2022-03-05,3,0,28,32,60,12.123356865302767
42,26,2022-03-05,4,0,28,29,15,24.84726120139773
42,26,2022-03-05,2,0,29,32,45,9.875295489255372
42,26,2022-03-05,1,0,30,36,90,13.843847899273726
42,26,2022-03-05,5,0,31,33,30,5.878253635577437
42,26,2022-03-05,6,0,32,34,30,9.49009128624509
42,26,2022-03-05,0,0,38,42,60,10.700354314768987
42,26,2022-03-05,5,0,39,43,60,10.070440909679803
42,26,2022-03-05,1,0,43,44,15,16.23566705208504
42,26,2022-03-05,2,0,44,48,60,22.93937068716049
42,26,2022-03-05,7,0,44,48,60,11.110691168508566
42,26,2022-03-05,5,0,46,47,15,16.647340511438763
42,26,2022-03-05,0,0,48,50,30,15.851357691360917
42,26,2022-03-05,1,0,50,52,30,15.856416862534289
42,26,2022-03-05,6,0,51,55,60,7.060000260560315
42,26,2022-03-05,2,0,54,57,45,19.194625625659214
42,26,2022-03-05,7,0,54,57,45,21.1427241760411
42,26,2022-03-05,5,0,56,59,45,20.407161127262356
42,26,2022-03-05,3,0,58,61,45,7.0
42,26,2022-03-05,0,0,59,63,60,23.768262473640718
42,26,2022-03-05,4,0,59,65,90,17.44388138680314
42,26,2022-03-05,1,0,60,61,15,6.0
42,26,2022-03-05,7,0,64,67,45,22.040692693294133
42,26,2022-03-05,2,0,66,68,30,14.755035122288106
42,26,2022-03-05,0,0,74,75,15,27.61281781626579
42,26,2022-03-05,3,0,76,78,30,21.83068140306731
42,26,2022-03-05,2,0,79,83,60,30.425658651840756
42,27,2022-01-17,3,0,17,19,30,10.959287317742664
42,27,2022-01-17,4,0,18,23,75,23.12242471367388
42,27,2022-01-17,0,0,19,21,30,17.132820995652438
42,27,2022-01-17,5,0,19,21,30,23.356293535083537
42,27,2022-01-17,7,0,19,23,60,8.164186287608132
42,27,2022-01-17,2,0,20,24,60,14.18990935831026
42,27,2022-01-17,6,0,21,22,15,6.376256560632839
42,27,2022-01-17,1,0,23,28,75,18.346850202386506
42,27,2022-01-17,0,0,25,27,30,6.815371439105064
42,27,2022-01-17,3,0,25,28,45,13.927021549885339
42,27,2022-01-17,6,0,31,35,60,14.70337600907294
42,27,2022-01-17,3,0,32,35,45,16.904019621435722
42,27,2022-01-17,2,0,36,39,45,14.464611391995469
42,27,2022-01-17,7,0,36,37,15,12.609296784807178
42,27,2022-01-17,5,0,37,40,45,5.372541707812715
42,27,2022-01-17,0,0,39,43,60,7.0
42,27,2022-01-17,1,0,39,43,60,5.0
42,27,2022-01-17,6,0,39,41,30,11.17825778601911
42,27,2022-01-17,4,0,45,46,15,18.072740190610347
42,27,2022-01-17,5,0,46,50,60,19.860609852561637
42,27,2022-01-17,2,0,47,48,15,25.344915468995744
42,27,2022-01-17,2,0,51,55,60,21.664055090871443
42,27,2022-01-17,4,0,52,55,45,23.869887790594206
42,27,2022-01-17,6,0,52,55,45,34.641383470855544
42,27,2022-01-17,5,0,53,55,30,17.22643448834802
42,27,2022-01-17,3,0,54,56,30,16.396917860540114
42,27,2022-01-17,1,0,56,58,30,7.0
42,27,2022-01-17,7,0,58,60,30,17.964006304469848
42,27,2022-01-17,4,0,61,62,15,16.601365076299913
42,27,2022-01-17,6,0,61,63,30,5.386074770642566
42,27,2022-01-17,3,0,64,67,45,45.28504690378378
42,27,2022-01-17,5,0,64,66,30,5.113231230328807
42,27,2022-01-17,4,0,65,67,30,5.393653022593099
42,27,2022-01-17,2,0,67,69,30,9.0
42,27,2022-01-17,7,0,67,69,30,15.566429029420163
42,27,2022-01-17,2,0,72,74,30,21.321677273599867
42,27,2022-01-17,4,0,72,74,30,16.991021855227167
42,27,2022-01-17,1,0,73,76,45,30.22945643599415
42,27,2022-01-17,0,0,77,79,30,13.655813046645669
42,27,2022-01-17,6,0,77,78,15,26.314736935203328
42,27,2022-03-05,3,0,17,19,30,10.959287317742664
42,27,2022-03-05,4,0,18,23,75,23.12242471367388
42,27,2022-03-05,5,0,19,21,30,17.132820995652438
42,27,2022-03-05,2,0,20,24,60,23.356293535083537
42,27,2022-03-05,7,0,23,26,45,8.320426604611214
42,27,2022-03-05,0,0,25,27,30,14.821492346257628
42,27,2022-03-05,3,0,25,28,45,13.927021549885339
42,27,2022-03-05,1,0,27,28,15,6.370605577337045
42,27,2022-03-05,4,0,29,33,60,6.0
42,27,2022-03-05,6,0,31,35,60,18.833898419698023
42,27,2022-03-05,3,0,32,35,45,16.904019621435722
42,27,2022-03-05,7,0,32,35,45,21.01240172623872
42,27,2022-03-05,5,0,33,34,15,18.0047320761323
42,27,2022-03-05,2,0,36,39,45,14.464611391995469
42,27,2022-03-05,1,0,37,41,60,15.440347868796096
42,27,2022-03-05,5,0,37,40,45,5.372541707812715
42,27,2022-03-05,3,0,38,40,30,5.63410140222102
42,27,2022-03-05,0,0,39,43,60,7.0
42,27,2022-03-05,6,0,39,41,30,11.17825778601911
42,27,2022-03-05,4,0,40,42,30,9.0
42,27,2022-03-05,4,0,45,46,15,18.072740190610347
42,27,2022-03-05,7,0,45,47,30,19.860609852561637
42,27,2022-03-05,5,0,46,50,60,24.696363693062843
42,27,2022-03-05,2,0,47,48,15,8.30598734925887
42,27,2022-03-05,6,0,50,51,15,18.989178015894282
42,27,2022-03-05,2,0,51,55,60,21.664055090871443
42,27,2022-03-05,4,0,52,55,45,23.869887790594206
42,27,2022-03-05,5,0,53,55,30,17.22643448834802
42,27,2022-03-05,3,0,54,56,30,16.396917860540114
42,27,2022-03-05,6,0,55,59,60,15.396719347323874
42,27,2022-03-05,1,0,56,58,30,7.0
42,27,2022-03-05,7,0,58,60,30,17.964006304469848
42,27,2022-03-05,3,0,64,67,45,45.28504690378378
42,27,2022-03-05,5,0,64,66,30,5.113231230328807
42,27,2022-03-05,4,0,65,67,30,5.393653022593099
42,27,2022-03-05,2,0,67,69,30,9.0
42,27,2022-03-05,7,0,67,69,30,15.566429029420163
42,27,2022-03-05,2,0,72,74,30,21.321677273599867
42,27,2022-03-05,4,0,72,74,30,16.991021855227167
42,27,2022-03-05,1,0,73,76,45,30.22945643599415
42,27,2022-03-05,0,0,77,79,30,13.655813046645669
42,27,2022-03-05,6,0,77,78,15,26.314736935203328
42,28,2022-01-17,0,0,14,17,45,20.530906095179375
42,28,2022-01-17,3,0,14,18,60,20.982303852580678
42,28,2022-01-17,6,0,14,17,45,6.199648929771662
42,28,2022-01-17,7,0,15,17,30,12.902883173601396
42,28,2022-01-17,1,0,17,19,30,16.75050354027782
42,28,2022-01-17,4,0,17,23,90,14.231732418292381
42,28,2022-01-17,2,0,18,21,45,7.481494792394784
42,28,2022-01-17,5,0,20,21,15,8.727598942863231
42,28,2022-01-17,6,0,21,24,45,20.143689835789537
42,28,2022-01-17,3,0,22,23,15,7.22808732585586
42,28,2022-01-17,7,0,22,24,30,18.921835260187414
42,28,2022-01-17,5,0,26,29,45,9.0
42,28,2022-01-17,1,0,27,28,15,11.966732972221394
42,28,2022-01-17,2,0,30,35,75,12.84572397313319
42,28,2022-01-17,0,0,33,35,30,19.9953207146455
42,28,2022-01-17,7,0,33,37,60,7.736758516087157
42,28,2022-01-17,4,0,34,39,75,18.97288541039771
42,28,2022-01-17,1,0,35,37,30,21.46423633626828
42,28,2022-01-17,2,0,40,43,45,16.405635944211298
42,28,2022-01-17,0,0,41,43,30,9.832744343482823
42,28,2022-01-17,3,0,42,45,45,15.874170165478148
42,28,2022-01-17,6,0,43,49,90,14.980673034442574
42,28,2022-01-17,0,0,46,48,30,25.258735271636702
42,28,2022-01-17,7,0,46,48,30,6.129230712652117
42,28,2022-01-17,3,0,50,54,60,33.98206660286719
42,28,2022-01-17,5,0,50,55,75,19.397915424046154
42,28,2022-01-17,4,0,53,54,15,6.0
42,28,2022-01-17,0,0,54,59,75,26.32053643588685
42,28,2022-01-17,1,0,54,58,60,12.431629298756178
42,28,2022-01-17,2,0,55,60,75,5.0
42,28,2022-01-17,6,0,56,61,75,14.797688006560662
42,28,2022-01-17,1,0,61,63,30,11.152221246049749
42,28,2022-01-17,3,0,62,67,75,21.435027637114956
42,28,2022-01-17,4,0,63,64,15,8.728800701943229
42,28,2022-01-17,7,0,64,66,30,18.34578778298672
42,28,2022-01-17,2,0,67,68,15,6.0
42,28,2022-01-17,6,0,68,72,60,10.18467902087528
42,28,2022-01-17,0,0,72,74,30,14.7055877201758
42,28,2022-01-17,1,0,72,74,30,17.766234793334824
42,28,2022-01-17,2,0,72,76,60,15.108842050751633
42,28,2022-01-17,6,0,78,82,60,33.339758933142015
42,28,2022-03-05,6,0,14,17,45,20.530906095179375
42,28,2022-03-05,1,0,17,19,30,17.2397090740669
42,28,2022-03-05,4,0,20,22,30,6.0
42,28,2022-03-05,6,0,21,24,45,20.143689835789537
42,28,2022-03-05,3,0,22,23,15,11.403918726647042
42,28,2022-03-05,7,0,22,24,30,8.618054587084877
42,28,2022-03-05,5,0,26,29,45,15.466744547639266
42,28,2022-03-05,1,0,27,28,15,11.966732972221394
42,28,2022-03-05,6,0,27,30,45,11.046103705024478
42,28,2022-03-05,0,0,28,35,105,10.307103002739836
42,28,2022-03-05,2,0,30,35,75,6.0
42,28,2022-03-05,7,0,33,37,60,7.736758516087157
42,28,2022-03-05,4,0,34,39,75,18.97288541039771
42,28,2022-03-05,5,0,34,35,15,27.255508370486893
42,28,2022-03-05,6,0,34,37,45,8.407112449187927
42,28,2022-03-05,1,0,35,37,30,21.46423633626828
42,28,2022-03-05,3,0,38,41,45,9.687142706505043
42,28,2022-03-05,2,0,39,41,30,20.43820921446183
42,28,2022-03-05,0,0,40,42,30,5.800736696219673
42,28,2022-03-05,6,0,41,43,30,9.112568095621768
42,28,2022-03-05,4,0,43,48,75,15.472505936712928
42,28,2022-03-05,3,0,44,46,30,13.15377619860324
42,28,2022-03-05,7,0,45,47,30,25.39011695722362
42,28,2022-03-05,0,0,46,48,30,7.794082347174097
42,28,2022-03-05,1,0,50,52,30,20.020277909326644
42,28,2022-03-05,3,0,50,54,60,19.441350494287192
42,28,2022-03-05,5,0,50,55,75,20.376821413731236
42,28,2022-03-05,7,0,50,52,30,15.95816958802466
42,28,2022-03-05,4,0,53,54,15,6.0
42,28,2022-03-05,6,0,56,61,75,14.797688006560662
42,28,2022-03-05,2,0,57,60,45,12.607529497939154
42,28,2022-03-05,0,0,59,61,30,29.80600891872892
42,28,2022-03-05,1,0,61,63,30,11.152221246049749
42,28,2022-03-05,3,0,62,67,75,21.435027637114956
42,28,2022-03-05,4,0,63,64,15,8.728800701943229
42,28,2022-03-05,7,0,64,66,30,18.34578778298672
42,28,2022-03-05,2,0,67,68,15,6.0
42,28,2022-03-05,6,0,68,72,60,10.18467902087528
42,28,2022-03-05,0,0,72,74,30,14.7055877201758
42,28,2022-03-05,6,0,78,82,60,33.339758933142015
42,29,2022-01-17,0,0,13,15,30,10.976443331428392
42,29,2022-01-17,6,0,16,20,60,7.699421604778507
42,29,2022-01-17,1,0,17,19,30,21.35957083945108
42,29,2022-01-17,2,0,17,21,60,16.66496860175691
42,29,2022-01-17,3,0,17,20,45,10.091197908557348
42,29,2022-01-17,0,0,21,29,120,12.214102121990585
42,29,2022-01-17,5,0,23,27,60,14.271244916423086
42,29,2022-01-17,6,0,24,26,30,14.761221063843884
42,29,2022-01-17,1,0,30,31,15,7.0
42,29,2022-01-17,2,0,31,34,45,12.661002743755432
42,29,2022-01-17,7,0,32,34,30,9.380119057800059
42,29,2022-01-17,0,0,35,36,15,6.0
42,29,2022-01-17,3,0,36,38,30,22.096301461016196
42,29,2022-01-17,4,0,37,39,30,13.262601305554071
42,29,2022-01-17,2,0,39,40,15,20.521605342711737
42,29,2022-01-17,1,0,40,45,75,15.236378626133579
42,29,2022-01-17,5,0,43,44,15,22.37223340667188
42,29,2022-01-17,4,0,47,51,60,12.048192267564339
42,29,2022-01-17,5,0,47,49,30,25.891332178919605
42,29,2022-01-17,3,0,50,57,105,13.438684384682603
42,29,2022-01-17,5,0,53,55,30,29.600124716205606
42,29,2022-01-17,7,0,53,55,30,15.21358676789751
42,29,2022-01-17,2,0,54,60,90,9.0
42,29,2022-01-17,6,0,54,57,45,14.012087941487877
42,29,2022-01-17,1,0,55,59,60,9.71635905484181
42,29,2022-01-17,0,0,56,59,45,15.144300957872595
42,29,2022-01-17,1,0,62,64,30,15.217311555321487
42,29,2022-01-17,4,0,63,67,60,25.227107771868212
42,29,2022-01-17,7,0,64,66,30,19.640881530090226
42,29,2022-01-17,0,0,68,70,30,14.690921077270943
42,29,2022-01-17,6,0,69,72,45,27.895231040785937
42,29,2022-01-17,5,0,70,72,30,9.902922346550824
42,29,2022-01-17,1,0,71,74,45,38.53895365568027
42,29,2022-01-17,0,0,75,78,45,5.0
42,29,2022-01-17,3,0,75,77,30,22.556113046395396
42,29,2022-01-17,1,0,79,81,30,22.754426786333084
42,29,2022-01-17,3,0,82,83,15,35.50229102772012
42,29,2022-03-05,1,0,19,20,15,8.847974403124226
42,29,2022-03-05,3,0,19,22,45,6.992644962184151
42,29,2022-03-05,0,0,21,29,120,21.699484062752433
42,29,2022-03-05,5,0,23,27,60,16.662595257009087
42,29,2022-03-05,6,0,24,26,30,10.089760768642606
42,29,2022-03-05,7,0,25,27,30,14.626535982421274
42,29,2022-03-05,1,0,30,31,15,7.0
42,29,2022-03-05,7,0,30,33,45,8.0
42,29,2022-03-05,2,0,31,34,45,9.380119057800059
42,29,2022-03-05,5,0,33,35,30,12.100175033064872
42,29,2022-03-05,0,0,35,36,15,6.0
42,29,2022-03-05,3,0,36,38,30,22.096301461016196
42,29,2022-03-05,6,0,36,38,30,13.883996607402537
42,29,2022-03-05,2,0,37,39,30,6.772739218143464
42,29,2022-03-05,4,0,37,39,30,13.262601305554071
42,29,2022-03-05,1,0,40,45,75,20.521605342711737
42,29,2022-03-05,5,0,40,43,45,12.390937271695115
42,29,2022-03-05,4,0,43,44,15,11.741917171611306
42,29,2022-03-05,0,0,45,47,30,28.587713906774944
42,29,2022-03-05,7,0,45,46,15,12.848426683458655
42,29,2022-03-05,4,0,47,51,60,12.048192267564339
42,29,2022-03-05,5,0,47,49,30,25.891332178919605
42,29,2022-03-05,3,0,50,57,105,15.366631188067274
42,29,2022-03-05,5,0,53,55,30,29.600124716205606
42,29,2022-03-05,7,0,53,55,30,15.21358676789751
42,29,2022-03-05,2,0,54,60,90,9.0
42,29,2022-03-05,6,0,54,57,45,14.012087941487877
42,29,2022-03-05,1,0,55,59,60,9.71635905484181
42,29,2022-03-05,0,0,56,59,45,15.144300957872595
42,29,2022-03-05,1,0,62,64,30,15.217311555321487
42,29,2022-03-05,4,0,63,67,60,25.227107771868212
42,29,2022-03-05,7,0,64,66,30,19.640881530090226
42,29,2022-03-05,0,0,68,70,30,14.690921077270943
42,29,2022-03-05,6,0,69,72,45,27.895231040785937
42,29,2022-03-05,5,0,70,72,30,9.902922346550824
42,29,2022-03-05,1,0,71,74,45,38.53895365568027
42,29,2022-03-05,0,0,75,78,45,5.0
42,29,2022-03-05,3,0,75,77,30,22.556113046395396
42,29,2022-03-05,1,0,79,81,30,22.754426786333084
42,29,2022-03-05,3,0,82,83,15,35.50229102772012
42,30,2022-01-17,1,0,13,14,15,8.51380855754114
42,30,2022-01-17,0,0,16,19,45,5.061646170302481
42,30,2022-01-17,4,0,16,18,30,15.733467250336389
42,30,2022-01-17,7,0,17,18,15,6.0
42,30,2022-01-17,3,0,19,21,30,13.617005651079921
42,30,2022-01-17,5,0,19,22,45,13.754276101321231
42,30,2022-01-17,2,0,20,24,60,9.01224370914531
42,30,2022-01-17,0,0,24,25,15,13.7899579192813
42,30,2022-01-17,7,0,25,28,45,17.523349268566406
42,30,2022-01-17,6,0,26,28,30,26.31250985938695
42,30,2022-01-17,1,0,28,31,45,18.984265411447765
42,30,2022-01-17,0,0,29,30,15,15.202966856115935
42,30,2022-01-17,3,0,30,31,15,6.0
42,30,2022-01-17,3,0,34,38,60,15.435994146105685
42,30,2022-01-17,2,0,38,40,30,18.87179056924436
42,30,2022-01-17,6,0,41,44,45,17.310059922101537
42,30,2022-01-17,7,0,43,44,15,23.878780608413265
42,30,2022-01-17,2,0,44,48,60,6.0
42,30,2022-01-17,3,0,48,49,15,26.01795215580959
42,30,2022-01-17,5,0,48,49,15,22.922437235221523
42,30,2022-01-17,0,0,50,52,30,11.428722161863718
42,30,2022-01-17,1,0,51,52,15,15.337659519487566
42,30,2022-01-17,2,0,52,54,30,17.169440655647136
42,30,2022-01-17,3,0,52,56,60,25.084803172060695
42,30,2022-01-17,4,0,52,54,30,6.0
42,30,2022-01-17,7,0,53,55,30,20.907806737515678
42,30,2022-01-17,5,0,54,58,60,24.10219862283875
42,30,2022-01-17,6,0,54,58,60,21.212376929624575
42,30,2022-01-17,1,0,57,61,60,13.955861365065218
42,30,2022-01-17,0,0,59,60,15,19.94244773779505
42,30,2022-01-17,7,0,59,61,30,22.473912985671014
42,30,2022-01-17,3,0,60,63,45,28.122639857763332
42,30,2022-01-17,5,0,61,63,30,22.576119237085706
42,30,2022-01-17,2,0,62,64,30,33.38381618643902
42,30,2022-01-17,4,0,63,66,45,35.33971209943681
42,30,2022-01-17,6,0,63,65,30,34.615530625295435
42,30,2022-01-17,5,0,67,69,30,22.10548805461776
42,30,2022-01-17,0,0,75,78,45,12.227058441654236
42,30,2022-03-05,2,0,20,24,60,6.86287515141948
42,30,2022-03-05,4,0,20,24,60,9.0
42,30,2022-03-05,3,0,22,25,45,6.0
42,30,2022-03-05,0,0,24,25,15,8.851836253180394
42,30,2022-03-05,7,0,25,28,45,9.394715497016726
42,30,2022-03-05,1,0,26,27,15,7.82899269818882
42,30,2022-03-05,6,0,26,28,30,17.344706107863367
42,30,2022-03-05,0,0,29,30,15,15.202966856115935
42,30,2022-03-05,5,0,29,31,30,6.915949737268939
42,30,2022-03-05,3,0,30,31,15,6.0
42,30,2022-03-05,4,0,30,35,75,6.0
42,30,2022-03-05,3,0,34,38,60,15.435994146105685
42,30,2022-03-05,2,0,38,40,30,18.87179056924436
42,30,2022-03-05,5,0,39,40,15,16.38071891724458
42,30,2022-03-05,6,0,41,44,45,17.310059922101537
42,30,2022-03-05,7,0,43,44,15,9.770760843971928
42,30,2022-03-05,2,0,44,48,60,6.0
42,30,2022-03-05,4,0,44,47,45,21.584731204760118
42,30,2022-03-05,5,0,44,46,30,15.361537029878633
42,30,2022-03-05,3,0,48,49,15,15.815508048366482
42,30,2022-03-05,0,0,50,52,30,16.33671083816033
42,30,2022-03-05,1,0,51,52,15,10.346552656958082
42,30,2022-03-05,2,0,52,54,30,17.169440655647136
42,30,2022-03-05,3,0,52,56,60,25.084803172060695
42,30,2022-03-05,4,0,52,54,30,15.1203258433761
42,30,2022-03-05,7,0,53,55,30,20.907806737515678
42,30,2022-03-05,6,0,54,58,60,9.232479645013157
42,30,2022-03-05,5,0,55,58,45,14.245763428608129
42,30,2022-03-05,1,0,57,61,60,13.955861365065218
42,30,2022-03-05,0,0,59,60,15,19.94244773779505
42,30,2022-03-05,7,0,59,61,30,22.473912985671014
42,30,2022-03-05,3,0,60,63,45,28.122639857763332
42,30,2022-03-05,5,0,61,63,30,22.576119237085706
42,30,2022-03-05,4,0,63,66,45,35.33971209943681
42,30,2022-03-05,6,0,63,65,30,34.615530625295435
42,30,2022-03-05,5,0,67,69,30,22.10548805461776
42,30,2022-03-05,0,0,75,78,45,12.227058441654236
42,31,2022-01-17,4,0,5,9,60,12.920266108695763
42,31,2022-01-17,1,0,14,18,60,27.179439757884424
42,31,2022-01-17,6,0,14,18,60,7.0856147485989425
42,31,2022-01-17,0,0,15,17,30,18.737862841319192
42,31,2022-01-17,7,0,15,17,30,6.0
42,31,2022-01-17,3,0,16,17,15,10.771852248839139
42,31,2022-01-17,5,0,18,20,30,5.113998995266002
42,31,2022-01-17,2,0,19,20,15,20.327989279312057
42,31,2022-01-17,3,0,21,25,60,22.513504724164356
42,31,2022-01-17,4,0,24,26,30,17.20460393197439
42,31,2022-01-17,6,0,26,28,30,13.124994143428722
42,31,2022-01-17,3,0,30,33,45,16.105819440695072
42,31,2022-01-17,4,0,30,32,30,12.309726690535491
42,31,2022-01-17,5,0,32,34,30,18.006847953010023
42,31,2022-01-17,0,0,35,44,135,13.532137787227995
42,31,2022-01-17,1,0,35,38,45,6.381280959989567
42,31,2022-01-17,6,0,39,40,15,14.154124872445472
42,31,2022-01-17,5,0,40,44,60,25.747566713728666
42,31,2022-01-17,4,0,41,44,45,8.179191240356701
42,31,2022-01-17,7,0,43,48,75,14.100250882034544
42,31,2022-01-17,0,0,48,50,30,16.59343944220852
42,31,2022-01-17,2,0,49,52,45,19.74530265858803
42,31,2022-01-17,0,0,53,58,75,7.0
42,31,2022-01-17,1,0,53,54,15,14.749181194377428
42,31,2022-01-17,7,0,54,58,60,13.974499827246419
42,31,2022-01-17,3,0,55,57,30,19.342405028475625
42,31,2022-01-17,2,0,59,61,30,27.767925807099957
42,31,2022-01-17,1,0,60,64,60,11.671046286416527
42,31,2022-01-17,3,0,60,65,75,10.143274487623245
42,31,2022-01-17,4,0,63,65,30,20.971248873735888
42,31,2022-01-17,7,0,65,67,30,20.855748260680272
42,31,2022-01-17,2,0,67,69,30,19.303675287912043
42,31,2022-01-17,4,0,69,71,30,20.823825304792607
42,31,2022-01-17,6,0,72,75,45,30.180887506964943
42,31,2022-03-05,4,0,5,9,60,12.920266108695763
42,31,2022-03-05,6,0,16,18,30,24.12344573574034
42,31,2022-03-05,3,0,21,25,60,5.9144066551248216
42,31,2022-03-05,4,0,24,26,30,17.20460393197439
42,31,2022-03-05,6,0,26,28,30,13.124994143428722
42,31,2022-03-05,7,0,28,30,30,17.60636880835741
42,31,2022-03-05,3,0,30,33,45,16.105819440695072
42,31,2022-03-05,4,0,30,32,30,12.309726690535491
42,31,2022-03-05,2,0,31,36,75,6.0
42,31,2022-03-05,5,0,32,34,30,10.234936716289326
42,31,2022-03-05,0,0,35,44,135,5.29828128493881
42,31,2022-03-05,1,0,35,38,45,21.466603693786553
42,31,2022-03-05,6,0,38,41,45,10.9844097257944
42,31,2022-03-05,2,0,39,44,75,11.153979938812114
42,31,2022-03-05,4,0,40,42,30,14.154124872445472
42,31,2022-03-05,5,0,40,44,60,25.747566713728666
42,31,2022-03-05,7,0,43,48,75,14.100250882034544
42,31,2022-03-05,0,0,48,50,30,16.59343944220852
42,31,2022-03-05,2,0,49,52,45,24.176375873669883
42,31,2022-03-05,4,0,50,52,30,17.13375521350237
42,31,2022-03-05,0,0,53,58,75,7.0
42,31,2022-03-05,1,0,53,54,15,14.749181194377428
42,31,2022-03-05,7,0,54,58,60,13.974499827246419
42,31,2022-03-05,3,0,55,57,30,19.342405028475625
42,31,2022-03-05,1,0,60,64,60,11.671046286416527
42,31,2022-03-05,3,0,60,65,75,10.143274487623245
42,31,2022-03-05,4,0,63,65,30,20.971248873735888
42,31,2022-03-05,7,0,65,67,30,20.855748260680272
42,31,2022-03-05,2,0,67,69,30,19.303675287912043
42,31,2022-03-05,4,0,69,71,30,20.823825304792607
42,31,2022-03-05,6,0,72,75,45,30.180887506964943
42,31,2022-03-05,1,0,78,81,45,15.483915001093052
42,31,2022-03-05,0,0,79,81,30,16.98487235220594
42,32,2022-01-17,3,0,13,16,45,6.1859847637447345
42,32,2022-01-17,2,0,14,20,90,18.93297392919554
42,32,2022-01-17,6,0,17,21,60,13.85634736273888
42,32,2022-01-17,0,0,18,20,30,21.05281354402522
42,32,2022-01-17,4,0,18,21,45,5.153983490195543
42,32,2022-01-17,5,0,19,21,30,11.13520898996478
42,32,2022-01-17,3,0,20,26,90,12.700437255108085
42,32,2022-01-17,5,0,26,28,30,21.349196178040017
42,32,2022-01-17,1,0,27,30,45,21.385649454418264
42,32,2022-01-17,0,0,31,34,45,16.413687990384915
42,32,2022-01-17,2,0,31,35,60,7.076678634064983
42,32,2022-01-17,7,0,36,40,60,19.467642073747612
42,32,2022-01-17,4,0,37,41,60,11.404131400098855
42,32,2022-01-17,5,0,37,44,105,14.700720885278209
42,32,2022-01-17,1,0,38,40,30,6.144661429714958
42,32,2022-01-17,3,0,39,41,30,29.351873746270634
42,32,2022-01-17,3,0,44,48,60,9.0
42,32,2022-01-17,7,0,45,46,15,5.502868717254145
42,32,2022-01-17,1,0,46,48,30,11.836130169747193
42,32,2022-01-17,0,0,50,54,60,16.622067107304957
42,32,2022-01-17,4,0,52,59,105,15.239104377971913
42,32,2022-01-17,5,0,52,55,45,20.49257349384449
42,32,2022-01-17,1,0,53,55,30,18.763461550035217
42,32,2022-01-17,1,0,58,59,15,9.0
42,32,2022-01-17,3,0,58,63,75,11.132558728229426
42,32,2022-01-17,7,0,58,63,75,14.24267450568692
42,32,2022-01-17,2,0,60,62,30,19.488831520215612
42,32,2022-01-17,0,0,61,63,30,20.90077856429835
42,32,2022-01-17,2,0,66,70,60,11.277710960490921
42,32,2022-01-17,5,0,66,71,75,29.713835674282855
42,32,2022-01-17,1,0,70,76,90,28.13638662892056
42,32,2022-01-17,2,0,73,77,60,5.0
42,32,2022-01-17,6,0,75,77,30,6.8498221241610295
42,32,2022-03-05,3,0,13,16,45,6.1859847637447345
42,32,2022-03-05,5,0,26,28,30,15.940919462669285
42,32,2022-03-05,1,0,27,30,45,14.06437966665954
42,32,2022-03-05,3,0,28,35,105,10.020240520263265
42,32,2022-03-05,0,0,31,34,45,21.60861830809985
42,32,2022-03-05,2,0,31,35,60,5.290051221561825
42,32,2022-03-05,5,0,32,34,30,18.855293099603415
42,32,2022-03-05,7,0,36,40,60,11.758916002495681
42,32,2022-03-05,4,0,37,41,60,22.586098205749423
42,32,2022-03-05,5,0,37,44,105,14.700720885278209
42,32,2022-03-05,1,0,38,40,30,6.144661429714958
42,32,2022-03-05,6,0,38,42,60,20.143251164606312
42,32,2022-03-05,3,0,39,41,30,29.351873746270634
42,32,2022-03-05,3,0,44,48,60,9.0
42,32,2022-03-05,7,0,45,46,15,5.502868717254145
42,32,2022-03-05,1,0,46,48,30,15.893319435562702
42,32,2022-03-05,6,0,46,50,60,19.463681808318803
42,32,2022-03-05,0,0,50,54,60,16.622067107304957
42,32,2022-03-05,5,0,50,55,75,15.242367719084797
42,32,2022-03-05,4,0,52,59,105,15.239104377971913
42,32,2022-03-05,1,0,53,55,30,18.763461550035217
42,32,2022-03-05,1,0,58,59,15,9.0
42,32,2022-03-05,7,0,58,63,75,14.24267450568692
42,32,2022-03-05,0,0,64,67,45,32.8042380703542
42,32,2022-03-05,2,0,66,70,60,11.277710960490921
42,32,2022-03-05,5,0,66,71,75,29.713835674282855
42,32,2022-03-05,1,0,70,76,90,28.13638662892056
42,32,2022-03-05,2,0,73,77,60,5.0
42,32,2022-03-05,6,0,75,77,30,6.8498221241610295
42,32,2022-03-05,3,0,82,86,60,26.154692472979526
42,32,2022-03-05,6,0,82,86,60,21.183813764269686
42,33,2022-01-17,5,0,17,23,90,17.718208202925872
42,33,2022-01-17,1,0,18,19,15,16.838362875579634
42,33,2022-01-17,6,0,19,20,15,18.121780186913213
42,33,2022-01-17,3,0,21,24,45,19.17206938627762
42,33,2022-01-17,2,0,23,29,90,11.736060807122328
42,33,2022-01-17,0,0,26,30,60,10.640728599415425
42,33,2022-01-17,7,0,27,33,90,6.219161916372961
42,33,2022-01-17,5,0,29,32,45,8.892778718078013
42,33,2022-01-17,0,0,36,38,30,16.87863182745025
42,33,2022-01-17,5,0,36,39,45,30.879316257321868
42,33,2022-01-17,3,0,42,43,15,19.02049423498562
42,33,2022-01-17,0,0,44,47,45,13.697836801518932
42,33,2022-01-17,2,0,44,48,60,16.134181286373845
42,33,2022-01-17,3,0,46,47,15,11.229585016753582
42,33,2022-01-17,4,0,48,52,60,12.869534072408861
42,33,2022-01-17,1,0,51,56,75,12.046211545290362
42,33,2022-01-17,7,0,51,55,60,16.268929113485953
42,33,2022-01-17,2,0,53,56,45,13.529471143396648
42,33,2022-01-17,6,0,53,57,60,20.61913307458093
42,33,2022-01-17,3,0,54,57,45,15.753157414622372
42,33,2022-01-17,0,0,55,57,30,23.435094884341332
42,33,2022-01-17,4,0,58,61,45,6.0
42,33,2022-01-17,2,0,59,62,45,9.168774921749154
42,33,2022-01-17,0,0,60,62,30,8.0
42,33,2022-01-17,3,0,61,62,15,9.0
42,33,2022-01-17,5,0,62,64,30,20.986487179915038
42,33,2022-01-17,0,0,65,68,45,8.019813081946836
42,33,2022-01-17,5,0,67,68,15,22.671452761455548
42,33,2022-01-17,6,0,67,70,45,31.211795814516748
42,33,2022-01-17,2,0,69,76,105,37.735403587261224
42,33,2022-01-17,7,0,69,71,30,13.571475325205824
42,33,2022-01-17,5,0,73,76,45,22.788955289832145
42,33,2022-01-17,3,0,76,79,45,10.185204526665402
42,33,2022-03-05,3,0,21,24,45,18.00017329045737
42,33,2022-03-05,2,0,23,29,90,16.83596483685254
42,33,2022-03-05,5,0,24,27,45,18.468581764109103
42,33,2022-03-05,0,0,26,30,60,19.338815791409296
42,33,2022-03-05,7,0,27,33,90,11.91395691231584
42,33,2022-03-05,5,0,30,32,30,7.0
42,33,2022-03-05,6,0,31,33,30,10.657870780923801
42,33,2022-03-05,1,0,33,36,45,6.3696997781138975
42,33,2022-03-05,0,0,36,38,30,16.87863182745025
42,33,2022-03-05,5,0,36,39,45,30.879316257321868
42,33,2022-03-05,7,0,37,38,15,5.3764520538964575
42,33,2022-03-05,2,0,41,46,75,19.02049423498562
42,33,2022-03-05,4,0,41,46,75,13.193624445086513
42,33,2022-03-05,3,0,42,43,15,15.540287981658153
42,33,2022-03-05,6,0,43,46,45,24.38556009409882
42,33,2022-03-05,0,0,44,47,45,11.913878462800568
42,33,2022-03-05,5,0,44,48,60,10.927650215824315
42,33,2022-03-05,3,0,46,47,15,11.229585016753582
42,33,2022-03-05,0,0,50,53,45,15.286910978771033
42,33,2022-03-05,1,0,51,56,75,16.268929113485953
42,33,2022-03-05,6,0,51,55,60,20.996334678531674
42,33,2022-03-05,7,0,51,55,60,19.38034956466595
42,33,2022-03-05,4,0,52,53,15,11.562239363574328
42,33,2022-03-05,2,0,53,56,45,13.529471143396648
42,33,2022-03-05,3,0,54,57,45,15.753157414622372
42,33,2022-03-05,4,0,58,61,45,6.0
42,33,2022-03-05,2,0,59,62,45,9.168774921749154
42,33,2022-03-05,6,0,59,62,45,15.830818651296205
42,33,2022-03-05,0,0,60,62,30,8.0
42,33,2022-03-05,5,0,62,64,30,24.69182125205775
42,33,2022-03-05,0,0,65,68,45,8.019813081946836
42,33,2022-03-05,5,0,67,68,15,22.671452761455548
42,33,2022-03-05,6,0,67,70,45,31.211795814516748
42,33,2022-03-05,2,0,69,76,105,37.735403587261224
42,33,2022-03-05,7,0,69,71,30,13.571475325205824
42,33,2022-03-05,5,0,73,76,45,22.788955289832145
42,33,2022-03-05,3,0,76,79,45,10.185204526665402
42,34,2022-01-17,0,0,11,14,45,8.43947198543789
42,34,2022-01-17,5,0,14,16,30,9.0
42,34,2022-01-17,3,0,15,17,30,10.088313213558862
42,34,2022-01-17,0,0,20,25,75,19.114342402003416
42,34,2022-01-17,2,0,20,24,60,8.299822514790762
42,34,2022-01-17,7,0,21,24,45,22.02526395183265
42,34,2022-01-17,4,0,22,24,30,8.0
42,34,2022-01-17,6,0,23,25,30,16.108310405348462
42,34,2022-01-17,1,0,25,28,45,11.393202684251442
42,34,2022-01-17,2,0,27,31,60,18.379382447610112
42,34,2022-01-17,4,0,31,33,30,8.719914209315355
42,34,2022-01-17,1,0,32,35,45,9.09790188548142
42,34,2022-01-17,3,0,34,36,30,14.621970872152097
42,34,2022-01-17,6,0,35,36,15,17.9286873139488
42,34,2022-01-17,4,0,37,40,45,24.00513514686787
42,34,2022-01-17,2,0,42,44,30,10.447351529386765
42,34,2022-01-17,1,0,44,47,45,16.55801930795284
42,34,2022-01-17,4,0,44,48,60,21.318385936711685
42,34,2022-01-17,5,0,45,46,15,7.0
42,34,2022-01-17,3,0,46,49,45,9.0
42,34,2022-01-17,0,0,51,53,30,17.230639037332352
42,34,2022-01-17,1,0,51,53,30,12.93480939613525
42,34,2022-01-17,3,0,53,55,30,25.645507477301194
42,34,2022-01-17,6,0,53,55,30,20.196527576240754
42,34,2022-01-17,5,0,55,57,30,16.622032913559536
42,34,2022-01-17,0,0,56,59,45,43.29619577224548
42,34,2022-01-17,1,0,59,62,45,24.103489837370773
42,34,2022-01-17,6,0,59,60,15,21.023878925971324
42,34,2022-01-17,2,0,60,64,60,8.59195984667896
42,34,2022-01-17,3,0,62,63,15,17.804019915261662
42,34,2022-01-17,5,0,62,66,60,19.499518632792253
42,34,2022-01-17,7,0,64,67,45,33.429494663005606
42,34,2022-01-17,1,0,65,67,30,23.76205324597754
42,34,2022-01-17,0,0,68,70,30,15.78276936761781
42,34,2022-01-17,1,0,70,74,60,6.403401549403604
42,34,2022-01-17,5,0,70,71,15,31.609645279149213
42,34,2022-01-17,4,0,71,74,45,24.000787912379913
42,34,2022-01-17,0,0,75,77,30,18.241196763348135
42,34,2022-01-17,3,0,77,81,60,38.52664893318327
42,34,2022-01-17,7,0,82,84,30,25.57742586235591
42,34,2022-03-05,2,0,20,24,60,6.224872385149659
42,34,2022-03-05,4,0,22,24,30,9.0
42,34,2022-03-05,6,0,23,25,30,9.337586169633894
42,34,2022-03-05,1,0,25,28,45,8.669241837420508
42,34,2022-03-05,0,0,26,28,30,22.216825619592576
42,34,2022-03-05,2,0,27,31,60,18.379382447610112
42,34,2022-03-05,4,0,28,31,45,9.406968773947725
42,34,2022-03-05,1,0,31,34,45,14.11540254095106
42,34,2022-03-05,3,0,32,36,60,8.0
42,34,2022-03-05,6,0,35,36,15,17.9286873139488
42,34,2022-03-05,1,0,37,39,30,6.0
42,34,2022-03-05,4,0,37,40,45,24.00513514686787
42,34,2022-03-05,5,0,38,42,60,17.270401428571894
42,34,2022-03-05,7,0,39,41,30,12.27286422806371
42,34,2022-03-05,6,0,40,42,30,20.46509608534744
42,34,2022-03-05,0,0,42,49,105,16.068198251888262
42,34,2022-03-05,2,0,42,44,30,10.447351529386765
42,34,2022-03-05,1,0,44,47,45,21.318385936711685
42,34,2022-03-05,4,0,44,48,60,7.0
42,34,2022-03-05,5,0,45,46,15,17.967954974367615
42,34,2022-03-05,3,0,46,49,45,5.843181313570867
42,34,2022-03-05,7,0,50,54,60,17.31418765673517
42,34,2022-03-05,1,0,51,53,30,12.93480939613525
42,34,2022-03-05,0,0,52,57,75,6.0
42,34,2022-03-05,3,0,53,55,30,25.645507477301194
42,34,2022-03-05,6,0,53,55,30,6.26873235430925
42,34,2022-03-05,5,0,55,57,30,16.622032913559536
42,34,2022-03-05,2,0,60,64,60,8.59195984667896
42,34,2022-03-05,6,0,60,62,30,7.318565942676884
42,34,2022-03-05,0,0,61,62,15,17.703892830233087
42,34,2022-03-05,3,0,62,63,15,17.804019915261662
42,34,2022-03-05,5,0,62,66,60,19.499518632792253
42,34,2022-03-05,7,0,64,67,45,33.429494663005606
42,34,2022-03-05,1,0,65,67,30,23.76205324597754
42,34,2022-03-05,0,0,68,70,30,15.78276936761781
42,34,2022-03-05,1,0,70,74,60,6.403401549403604
42,34,2022-03-05,5,0,70,71,15,31.609645279149213
42,34,2022-03-05,4,0,71,74,45,24.000787912379913
42,34,2022-03-05,0,0,75,77,30,18.241196763348135
42,34,2022-03-05,3,0,77,81,60,38.52664893318327
42,34,2022-03-05,7,0,82,84,30,25.57742586235591
42,35,2022-01-17,2,0,12,14,30,21.130279473003647
42,35,2022-01-17,6,0,13,15,30,14.955772895768824
42,35,2022-01-17,4,0,16,22,90,22.32849490618124
42,35,2022-01-17,5,0,18,20,30,6.645693544069438
42,35,2022-01-17,3,0,19,23,60,5.652129977138671
42,35,2022-01-17,1,0,20,22,30,6.0
42,35,2022-01-17,6,0,20,23,45,13.997942597035973
42,35,2022-01-17,5,0,23,25,30,19.653036317416912
42,35,2022-01-17,0,0,24,25,15,5.701890091583479
42,35,2022-01-17,0,0,30,32,30,8.70232704835152
42,35,2022-01-17,4,0,34,36,30,14.63695183418372
42,35,2022-01-17,6,0,34,37,45,16.022595060200885
42,35,2022-01-17,5,0,36,40,60,12.809005343136832
42,35,2022-01-17,3,0,38,41,45,14.791787616616716
42,35,2022-01-17,7,0,41,43,30,15.612907138083635
42,35,2022-01-17,4,0,43,46,45,25.346921872129705
42,35,2022-01-17,3,0,47,49,30,17.90759437467492
42,35,2022-01-17,5,0,51,54,45,18.477892486619282
42,35,2022-01-17,2,0,52,54,30,37.4202979452998
42,35,2022-01-17,4,0,55,59,60,12.886542215151977
42,35,2022-01-17,0,0,58,61,45,6.0
42,35,2022-01-17,6,0,58,59,15,11.083305218856552
42,35,2022-01-17,1,0,59,62,45,18.03938804641605
42,35,2022-01-17,2,0,59,60,15,15.36383614989792
42,35,2022-01-17,7,0,62,63,15,29.505754388758213
42,35,2022-01-17,2,0,63,66,45,5.741274729212492
42,35,2022-01-17,4,0,70,72,30,7.0834102774032885
42,35,2022-01-17,6,0,74,80,90,17.732137808442815
42,35,2022-01-17,0,0,76,79,45,31.70687751723152
42,35,2022-03-05,6,0,15,16,15,17.160780672868356
42,35,2022-03-05,3,0,19,23,60,12.055662455051504
42,35,2022-03-05,1,0,20,22,30,20.278826830571298
42,35,2022-03-05,6,0,20,23,45,13.997942597035973
42,35,2022-03-05,5,0,23,25,30,6.644747096329546
42,35,2022-03-05,0,0,24,25,15,5.760296369754087
42,35,2022-03-05,0,0,30,32,30,8.70232704835152
42,35,2022-03-05,3,0,30,32,30,8.946288069622568
42,35,2022-03-05,4,0,30,34,60,6.0
42,35,2022-03-05,2,0,34,42,120,5.928428893279431
42,35,2022-03-05,6,0,34,37,45,14.63695183418372
42,35,2022-03-05,5,0,36,40,60,12.809005343136832
42,35,2022-03-05,3,0,38,41,45,14.791787616616716
42,35,2022-03-05,7,0,40,43,45,14.796338524665757
42,35,2022-03-05,6,0,42,45,45,7.0
42,35,2022-03-05,4,0,43,46,45,25.346921872129705
42,35,2022-03-05,0,0,45,47,30,17.64333007788074
42,35,2022-03-05,3,0,47,49,30,36.66850461493248
42,35,2022-03-05,7,0,50,52,30,8.028057160267316
42,35,2022-03-05,1,0,51,52,15,11.483891336852324
42,35,2022-03-05,5,0,51,54,45,11.930717169683092
42,35,2022-03-05,2,0,52,54,30,13.036527082630784
42,35,2022-03-05,4,0,55,59,60,12.886542215151977
42,35,2022-03-05,0,0,58,61,45,6.0
42,35,2022-03-05,6,0,58,59,15,11.083305218856552
42,35,2022-03-05,1,0,59,62,45,18.03938804641605
42,35,2022-03-05,2,0,59,60,15,25.774129881602825
42,35,2022-03-05,7,0,62,63,15,29.505754388758213
42,35,2022-03-05,2,0,63,66,45,5.741274729212492
42,35,2022-03-05,4,0,70,72,30,7.0834102774032885
42,35,2022-03-05,6,0,74,80,90,17.732137808442815
42,35,2022-03-05,0,0,76,79,45,31.70687751723152
42,35,2022-03-05,2,0,81,84,45,29.963353443679473
42,36,2022-01-17,5,0,10,12,30,20.293660656031626
42,36,2022-01-17,2,0,11,12,15,33.74251993830999
42,36,2022-01-17,6,0,12,16,60,17.577244537053602
42,36,2022-01-17,1,0,15,18,45,14.079785769528797
42,36,2022-01-17,2,0,15,19,60,5.536523260412295
42,36,2022-01-17,5,0,15,19,60,8.0
42,36,2022-01-17,0,0,16,19,45,24.481378656947022
42,36,2022-01-17,3,0,23,26,45,18.979147261894752
42,36,2022-01-17,7,0,25,27,30,8.606720931436854
42,36,2022-01-17,2,0,27,29,30,9.984574030327913
42,36,2022-01-17,4,0,29,30,15,8.24773852836691
42,36,2022-01-17,0,0,30,31,15,12.050158802214867
42,36,2022-01-17,1,0,30,31,15,15.078362802172478
42,36,2022-01-17,5,0,31,35,60,6.592432861956041
42,36,2022-01-17,1,0,34,37,45,25.861900200186767
42,36,2022-01-17,7,0,35,38,45,9.008513768617881
42,36,2022-01-17,0,0,39,42,45,5.0
42,36,2022-01-17,6,0,39,41,30,14.278697518302849
42,36,2022-01-17,2,0,43,45,30,19.45783810250355
42,36,2022-01-17,4,0,43,45,30,15.858531911254055
42,36,2022-01-17,7,0,44,47,45,8.476306779690312
42,36,2022-01-17,3,0,47,50,45,6.107282977120114
42,36,2022-01-17,1,0,54,56,30,23.428312797391115
42,36,2022-01-17,0,0,55,60,75,18.526955307008436
42,36,2022-01-17,3,0,55,58,45,6.134459759681036
42,36,2022-01-17,6,0,55,58,45,19.00133411283884
42,36,2022-01-17,4,0,58,64,90,9.969205480951452
42,36,2022-01-17,5,0,62,64,30,19.813395814523503
42,36,2022-01-17,6,0,70,73,45,24.77118356721911
42,36,2022-01-17,4,0,72,74,30,24.013063966780507
42,36,2022-01-17,5,0,74,76,30,32.324738662238836
42,36,2022-01-17,7,0,79,81,30,7.8419201953871465
42,36,2022-03-05,0,0,16,19,45,14.686222755664623
42,36,2022-03-05,2,0,20,22,30,24.88815425085501
42,36,2022-03-05,7,0,25,27,30,13.541858892718594
42,36,2022-03-05,2,0,27,29,30,9.984574030327913
42,36,2022-03-05,4,0,29,30,15,13.495510366288471
42,36,2022-03-05,0,0,30,31,15,12.050158802214867
42,36,2022-03-05,1,0,30,31,15,23.4654635272138
42,36,2022-03-05,5,0,31,35,60,19.48298087573197
42,36,2022-03-05,3,0,33,35,30,8.731299194943475
42,36,2022-03-05,1,0,34,37,45,25.861900200186767
42,36,2022-03-05,2,0,35,38,45,23.418267985647866
42,36,2022-03-05,7,0,35,38,45,9.008513768617881
42,36,2022-03-05,0,0,39,42,45,5.0
42,36,2022-03-05,6,0,39,41,30,8.793006903365864
42,36,2022-03-05,3,0,42,47,75,11.91650758549926
42,36,2022-03-05,2,0,43,45,30,15.642493424350327
42,36,2022-03-05,4,0,43,45,30,15.858531911254055
42,36,2022-03-05,6,0,44,47,45,6.104702758922443
42,36,2022-03-05,7,0,44,47,45,19.45783810250355
42,36,2022-03-05,3,0,50,54,60,29.311544038537164
42,36,2022-03-05,6,0,50,51,15,12.567052561984973
42,36,2022-03-05,1,0,54,56,30,23.428312797391115
42,36,2022-03-05,0,0,56,58,30,24.150562293032557
42,36,2022-03-05,3,0,57,59,30,9.579301950727398
42,36,2022-03-05,4,0,58,64,90,9.969205480951452
42,36,2022-03-05,0,0,62,64,30,25.542573347936546
42,36,2022-03-05,5,0,62,64,30,31.74420836772604
42,36,2022-03-05,6,0,70,73,45,24.77118356721911
42,36,2022-03-05,4,0,72,74,30,24.013063966780507
42,36,2022-03-05,5,0,74,76,30,32.324738662238836
42,36,2022-03-05,7,0,79,81,30,7.8419201953871465
42,36,2022-03-05,4,0,82,85,45,32.8623957468581
42,37,2022-01-17,3,0,11,14,45,24.009916964907475
42,37,2022-01-17,2,0,12,15,45,18.457105909356855
42,37,2022-01-17,5,0,15,18,45,13.950048664301
42,37,2022-01-17,1,0,19,21,30,11.854899183124559
42,37,2022-01-17,4,0,20,22,30,22.659537650010492
42,37,2022-01-17,0,0,21,24,45,6.0
42,37,2022-01-17,7,0,21,22,15,11.909485964583126
42,37,2022-01-17,1,0,24,26,30,13.188625341620899
42,37,2022-01-17,6,0,33,37,60,25.58274747486724
42,37,2022-01-17,0,0,35,38,45,12.048247186879017
42,37,2022-01-17,1,0,39,41,30,9.085774694335171
42,37,2022-01-17,0,0,41,44,45,9.0
42,37,2022-01-17,7,0,42,44,30,19.137016235064422
42,37,2022-01-17,5,0,43,45,30,6.709174631093475
42,37,2022-01-17,6,0,45,48,45,16.163827147251837
42,37,2022-01-17,3,0,47,50,45,29.109075508481418
42,37,2022-01-17,2,0,48,55,105,10.083123078987008
42,37,2022-01-17,5,0,49,53,60,19.453038618007632
42,37,2022-01-17,0,0,50,53,45,27.022870109676404
42,37,2022-01-17,7,0,50,51,15,20.132346813772855
42,37,2022-01-17,3,0,53,55,30,14.457994950189857
42,37,2022-01-17,1,0,54,56,30,20.85451835647863
42,37,2022-01-17,4,0,54,56,30,18.871438749561193
42,37,2022-01-17,6,0,54,55,15,17.85063884033395
42,37,2022-01-17,7,0,56,60,60,15.897232708283731
42,37,2022-01-17,3,0,58,60,30,26.235475674648598
42,37,2022-01-17,6,0,58,60,30,15.104541305099431
42,37,2022-01-17,2,0,59,60,15,30.586233820870135
42,37,2022-01-17,2,0,64,73,135,31.456800790083946
42,37,2022-01-17,3,0,66,68,30,23.51373665602545
42,37,2022-01-17,0,0,69,74,75,9.825322414432307
42,37,2022-01-17,4,0,70,73,45,9.190611953938202
42,37,2022-01-17,1,0,73,75,30,14.428184381545748
42,37,2022-01-17,5,0,78,81,45,7.0
42,37,2022-01-17,3,0,79,80,15,11.501734668775676
42,37,2022-03-05,5,0,15,18,45,19.499454303714842
42,37,2022-03-05,1,0,20,23,45,13.613781654016215
42,37,2022-03-05,0,0,21,24,45,13.11929591121664
42,37,2022-03-05,5,0,25,27,30,13.42103711620473
42,37,2022-03-05,4,0,27,29,30,12.264906092375533
42,37,2022-03-05,6,0,31,33,30,23.706227131461574
42,37,2022-03-05,3,0,32,33,15,6.0
42,37,2022-03-05,2,0,34,35,15,12.186950593133602
42,37,2022-03-05,0,0,35,38,45,12.048247186879017
42,37,2022-03-05,1,0,36,38,30,15.239341888513657
42,37,2022-03-05,0,0,41,44,45,28.663925003592276
42,37,2022-03-05,7,0,42,44,30,9.0
42,37,2022-03-05,5,0,43,45,30,19.868363416510135
42,37,2022-03-05,6,0,45,48,45,16.163827147251837
42,37,2022-03-05,3,0,47,50,45,7.0
42,37,2022-03-05,2,0,48,55,105,26.840008491310364
42,37,2022-03-05,5,0,49,53,60,19.453038618007632
42,37,2022-03-05,0,0,50,53,45,27.022870109676404
42,37,2022-03-05,7,0,50,51,15,20.132346813772855
42,37,2022-03-05,3,0,53,55,30,14.457994950189857
42,37,2022-03-05,1,0,54,56,30,20.85451835647863
42,37,2022-03-05,4,0,54,56,30,18.871438749561193
42,37,2022-03-05,6,0,54,55,15,17.85063884033395
42,37,2022-03-05,7,0,56,60,60,15.897232708283731
42,37,2022-03-05,2,0,59,60,15,30.586233820870135
42,37,2022-03-05,2,0,64,73,135,31.456800790083946
42,37,2022-03-05,3,0,66,68,30,23.51373665602545
42,37,2022-03-05,0,0,69,74,75,9.825322414432307
42,37,2022-03-05,1,0,73,75,30,14.428184381545748
42,37,2022-03-05,5,0,78,81,45,7.0
42,37,2022-03-05,3,0,79,80,15,11.501734668775676
42,38,2022-01-17,2,0,9,14,75,27.776031537487725
42,38,2022-01-17,5,0,12,14,30,21.189715314210474
42,38,2022-01-17,1,0,15,17,30,32.85413834221899
42,38,2022-01-17,6,0,16,19,45,9.490140250434578
42,38,2022-01-17,5,0,17,19,30,11.280765504114896
42,38,2022-01-17,2,0,18,23,75,18.430022580476034
42,38,2022-01-17,4,0,20,21,15,8.250256215883994
42,38,2022-01-17,1,0,21,22,15,9.441954929698234
42,38,2022-01-17,5,0,22,24,30,19.062658599404436
42,38,2022-01-17,7,0,23,29,90,10.626799053117622
42,38,2022-01-17,3,0,26,28,30,30.344461568855607
42,38,2022-01-17,6,0,30,32,30,16.628960994366665
42,38,2022-01-17,0,0,31,33,30,9.0
42,38,2022-01-17,1,0,32,35,45,11.68684560833362
42,38,2022-01-17,4,0,32,35,45,15.202248979092673
42,38,2022-01-17,5,0,33,36,45,8.785629212922828
42,38,2022-01-17,3,0,36,38,30,6.0
42,38,2022-01-17,7,0,37,39,30,11.699929067935173
42,38,2022-01-17,0,0,39,41,30,19.934801338907732
42,38,2022-01-17,3,0,42,49,105,23.725491470924652
42,38,2022-01-17,5,0,43,46,45,12.93221168210001
42,38,2022-01-17,2,0,44,47,45,11.752519244957021
42,38,2022-01-17,0,0,46,48,30,12.625999511586805
42,38,2022-01-17,4,0,46,48,30,28.318485444503906
42,38,2022-01-17,7,0,48,53,75,14.154620294490371
42,38,2022-01-17,5,0,52,55,45,27.206159831052418
42,38,2022-01-17,4,0,53,55,30,6.484910652896666
42,38,2022-01-17,1,0,54,59,75,23.647658492558584
42,38,2022-01-17,2,0,54,55,15,13.262095098058367
42,38,2022-01-17,3,0,55,56,15,13.007494703598141
42,38,2022-01-17,6,0,56,57,15,22.05290920290723
42,38,2022-01-17,4,0,58,64,90,27.378600270283883
42,38,2022-01-17,7,0,59,61,30,16.72270490866154
42,38,2022-01-17,2,0,60,62,30,9.314920779570436
42,38,2022-01-17,5,0,61,63,30,13.148327563863667
42,38,2022-01-17,6,0,62,64,30,8.21903574098787
42,38,2022-01-17,7,0,67,70,45,35.30119968291119
42,38,2022-01-17,4,0,70,73,45,7.0
42,38,2022-01-17,0,0,73,75,30,8.0
42,38,2022-01-17,6,0,73,77,60,15.199755350899125
42,38,2022-01-17,2,0,74,80,90,28.363903395994043
42,38,2022-01-17,3,0,80,84,60,13.685509270679773
42,38,2022-01-17,1,0,81,83,30,15.58754683885519
42,38,2022-03-05,2,0,9,14,75,27.776031537487725
42,38,2022-03-05,6,0,16,19,45,17.20905099680614
42,38,2022-03-05,5,0,17,19,30,30.413612010805437
42,38,2022-03-05,2,0,18,23,75,18.430022580476034
42,38,2022-03-05,5,0,24,26,30,14.971003790478207
42,38,2022-03-05,3,0,26,28,30,9.00260759331372
42,38,2022-03-05,5,0,29,30,15,24.743196118246168
42,38,2022-03-05,6,0,30,32,30,16.628960994366665
42,38,2022-03-05,0,0,31,33,30,8.631352094088655
42,38,2022-03-05,7,0,31,33,30,10.908905435273368
42,38,2022-03-05,1,0,32,35,45,30.39334640443124
42,38,2022-03-05,4,0,32,35,45,9.0
42,38,2022-03-05,5,0,33,36,45,8.785629212922828
42,38,2022-03-05,3,0,36,38,30,6.0
42,38,2022-03-05,7,0,37,39,30,11.699929067935173
42,38,2022-03-05,0,0,39,41,30,19.934801338907732
42,38,2022-03-05,6,0,39,42,45,13.699699476265778
42,38,2022-03-05,3,0,42,49,105,23.725491470924652
42,38,2022-03-05,5,0,43,46,45,22.0785997636185
42,38,2022-03-05,2,0,44,47,45,12.93221168210001
42,38,2022-03-05,0,0,46,48,30,12.625999511586805
42,38,2022-03-05,4,0,46,48,30,24.040277472557307
42,38,2022-03-05,7,0,48,53,75,9.909117970510884
42,38,2022-03-05,5,0,52,55,45,29.658002605950742
42,38,2022-03-05,4,0,53,55,30,6.484910652896666
42,38,2022-03-05,1,0,54,59,75,23.647658492558584
42,38,2022-03-05,2,0,54,55,15,13.262095098058367
42,38,2022-03-05,3,0,55,56,15,13.007494703598141
42,38,2022-03-05,6,0,56,57,15,22.05290920290723
42,38,2022-03-05,4,0,58,64,90,27.378600270283883
42,38,2022-03-05,2,0,60,62,30,9.314920779570436
42,38,2022-03-05,6,0,62,64,30,8.21903574098787
42,38,2022-03-05,5,0,63,65,30,14.30425000550995
42,38,2022-03-05,7,0,67,70,45,35.30119968291119
42,38,2022-03-05,4,0,70,73,45,7.0
42,38,2022-03-05,0,0,73,75,30,8.0
42,38,2022-03-05,6,0,73,77,60,15.199755350899125
42,38,2022-03-05,2,0,74,80,90,28.363903395994043
42,38,2022-03-05,3,0,80,84,60,13.685509270679773
42,38,2022-03-05,1,0,81,83,30,15.58754683885519
42,39,2022-01-17,1,0,11,13,30,13.256490335667834
42,39,2022-01-17,6,0,15,16,15,21.882873008018997
42,39,2022-01-17,3,0,16,17,15,20.50817518738424
42,39,2022-01-17,4,0,16,20,60,12.419391059330827
42,39,2022-01-17,1,0,17,22,75,20.8034337891351
42,39,2022-01-17,7,0,18,19,15,13.104174082097629
42,39,2022-01-17,3,0,20,24,60,11.154946889297122
42,39,2022-01-17,6,0,20,23,45,17.48728577759266
42,39,2022-01-17,0,0,21,25,60,8.320256680563716
42,39,2022-01-17,5,0,28,31,45,11.612360494607266
42,39,2022-01-17,4,0,30,33,45,12.578321909247947
42,39,2022-01-17,2,0,31,38,105,16.138867323258836
42,39,2022-01-17,6,0,32,35,45,5.0
42,39,2022-01-17,5,0,35,37,30,23.440730910509302
42,39,2022-01-17,7,0,38,42,60,8.781294230759961
42,39,2022-01-17,0,0,39,45,90,21.07015924251573
42,39,2022-01-17,4,0,39,43,60,15.804166708989385
42,39,2022-01-17,3,0,41,45,60,7.0
42,39,2022-01-17,2,0,43,46,45,18.63295714200585
42,39,2022-01-17,1,0,44,48,60,25.24205304884096
42,39,2022-01-17,0,0,48,50,30,13.781473303055968
42,39,2022-01-17,6,0,49,52,45,26.052993576637306
42,39,2022-01-17,4,0,51,53,30,5.458183632924431
42,39,2022-01-17,6,0,55,60,75,13.237619494166395
42,39,2022-01-17,3,0,58,61,45,10.78648356250801
42,39,2022-01-17,7,0,58,60,30,7.8866485514461715
42,39,2022-01-17,0,0,59,62,45,19.976134776130095
42,39,2022-01-17,2,0,59,62,45,13.954306820316418
42,39,2022-01-17,4,0,60,63,45,24.483057929193443
42,39,2022-01-17,7,0,65,73,120,27.613190335217816
42,39,2022-01-17,6,0,66,68,30,23.0213610933409
42,39,2022-01-17,0,0,68,70,30,28.174703992776337
42,39,2022-01-17,4,0,68,70,30,26.6802523961061
42,39,2022-01-17,2,0,69,70,15,23.64112761782819
42,39,2022-01-17,5,0,70,71,15,36.428526259063446
42,39,2022-01-17,3,0,75,76,15,29.814552314472238
42,39,2022-03-05,6,0,15,16,15,10.7661483338657
42,39,2022-03-05,1,0,19,20,15,19.874111271250683
42,39,2022-03-05,0,0,21,25,60,19.28687313979676
42,39,2022-03-05,5,0,28,31,45,11.669440705031917
42,39,2022-03-05,4,0,30,33,45,13.568286343932222
42,39,2022-03-05,2,0,31,38,105,8.406141441945394
42,39,2022-03-05,6,0,32,35,45,5.0
42,39,2022-03-05,3,0,34,37,45,11.893443370745437
42,39,2022-03-05,5,0,35,37,30,23.440730910509302
42,39,2022-03-05,1,0,37,40,45,16.115186214216962
42,39,2022-03-05,7,0,38,42,60,16.855699692605093
42,39,2022-03-05,0,0,39,45,90,21.07015924251573
42,39,2022-03-05,4,0,39,43,60,15.804166708989385
42,39,2022-03-05,3,0,41,45,60,7.0
42,39,2022-03-05,2,0,43,46,45,18.63295714200585
42,39,2022-03-05,1,0,44,48,60,17.76859857862167
42,39,2022-03-05,0,0,48,50,30,14.121529996774228
42,39,2022-03-05,6,0,49,52,45,26.052993576637306
42,39,2022-03-05,3,0,51,53,30,6.941617303000953
42,39,2022-03-05,4,0,51,53,30,5.458183632924431
42,39,2022-03-05,6,0,55,60,75,13.237619494166395
42,39,2022-03-05,3,0,58,61,45,10.78648356250801
42,39,2022-03-05,7,0,58,60,30,7.8866485514461715
42,39,2022-03-05,0,0,59,62,45,19.976134776130095
42,39,2022-03-05,2,0,59,62,45,13.954306820316418
42,39,2022-03-05,4,0,60,63,45,24.483057929193443
42,39,2022-03-05,7,0,65,73,120,27.613190335217816
42,39,2022-03-05,6,0,66,68,30,23.0213610933409
42,39,2022-03-05,0,0,68,70,30,28.174703992776337
42,39,2022-03-05,4,0,68,70,30,26.6802523961061
42,39,2022-03-05,2,0,69,70,15,23.64112761782819
42,39,2022-03-05,5,0,70,71,15,36.428526259063446
42,39,2022-03-05,3,0,75,76,15,29.814552314472238
42,39,2022-03-05,4,0,81,83,30,9.585128213171458
42,40,2022-01-17,1,0,7,10,45,32.43668673533334
42,40,2022-01-17,2,0,9,11,30,9.0
42,40,2022-01-17,5,0,13,20,105,24.071515483256732
42,40,2022-01-17,4,0,14,15,15,12.14917776555697
42,40,2022-01-17,0,0,15,16,15,17.733656837590658
42,40,2022-01-17,2,0,16,18,30,23.15376913078697
42,40,2022-01-17,3,0,16,19,45,11.613710673831399
42,40,2022-01-17,7,0,16,21,75,8.874038806743968
42,40,2022-01-17,6,0,17,20,45,7.0
42,40,2022-01-17,4,0,19,21,30,19.58884957689486
42,40,2022-01-17,1,0,22,25,45,6.580594313019091
42,40,2022-01-17,3,0,23,26,45,9.962211770457316
42,40,2022-01-17,4,0,26,30,60,16.83297677830909
42,40,2022-01-17,5,0,26,29,45,22.826190104938853
42,40,2022-01-17,1,0,28,32,60,17.785497659118207
42,40,2022-01-17,2,0,30,32,30,16.730242460397363
42,40,2022-01-17,0,0,33,35,30,9.23128176294071
42,40,2022-01-17,6,0,34,36,30,7.440423307990493
42,40,2022-01-17,2,0,35,38,45,9.0
42,40,2022-01-17,4,0,35,38,45,20.343614565450892
42,40,2022-01-17,1,0,38,40,30,12.021875680928488
42,40,2022-01-17,0,0,41,43,30,12.225669935755583
42,40,2022-01-17,4,0,43,47,60,15.113441029435137
42,40,2022-01-17,6,0,43,46,45,17.71021412061409
42,40,2022-01-17,0,0,47,52,75,41.5038852758822
42,40,2022-01-17,1,0,49,50,15,19.35953284424957
42,40,2022-01-17,3,0,49,51,30,26.658412641145276
42,40,2022-01-17,5,0,49,56,105,12.567953080487946
42,40,2022-01-17,4,0,50,53,45,16.68827280237477
42,40,2022-01-17,0,0,55,61,90,18.097244796654223
42,40,2022-01-17,1,0,55,57,30,20.29998892681948
42,40,2022-01-17,3,0,55,57,30,26.040716682507792
42,40,2022-01-17,6,0,55,62,105,17.951588226185486
42,40,2022-01-17,2,0,56,58,30,14.21533169797236
42,40,2022-01-17,4,0,57,60,45,19.97542082980425
42,40,2022-01-17,7,0,57,59,30,18.24919192042065
42,40,2022-01-17,1,0,62,63,15,6.0
42,40,2022-01-17,2,0,63,65,30,16.269964535616175
42,40,2022-01-17,3,0,63,64,15,9.07985126833563
42,40,2022-01-17,4,0,63,69,90,18.016532987882123
42,40,2022-01-17,0,0,65,67,30,41.39682908754314
42,40,2022-01-17,1,0,67,70,45,25.04619998554577
42,40,2022-01-17,4,0,75,77,30,23.2658302975021
42,40,2022-01-17,0,0,79,83,60,29.867968086145716
42,40,2022-03-05,1,0,7,10,45,32.43668673533334
42,40,2022-03-05,2,0,16,18,30,9.0
42,40,2022-03-05,1,0,22,25,45,6.580594313019091
42,40,2022-03-05,3,0,23,26,45,19.775084114562844
42,40,2022-03-05,4,0,26,30,60,10.229194051746362
42,40,2022-03-05,5,0,26,29,45,16.822633753595227
42,40,2022-03-05,1,0,28,32,60,17.785497659118207
42,40,2022-03-05,3,0,29,32,45,28.386413882069384
42,40,2022-03-05,2,0,30,32,30,16.730242460397363
42,40,2022-03-05,0,0,33,35,30,11.176551953682164
42,40,2022-03-05,6,0,34,36,30,8.54000573529403
42,40,2022-03-05,2,0,35,38,45,9.0
42,40,2022-03-05,4,0,35,38,45,20.343614565450892
42,40,2022-03-05,1,0,38,40,30,7.0
42,40,2022-03-05,5,0,39,42,45,11.121576070902485
42,40,2022-03-05,0,0,41,43,30,12.225669935755583
42,40,2022-03-05,3,0,42,47,75,10.809858379780493
42,40,2022-03-05,1,0,43,48,75,16.03268422321966
42,40,2022-03-05,4,0,43,47,60,12.811689428470089
42,40,2022-03-05,6,0,43,46,45,15.861916240934598
42,40,2022-03-05,0,0,47,52,75,22.761232212032468
42,40,2022-03-05,5,0,49,56,105,16.638799300520077
42,40,2022-03-05,4,0,50,53,45,16.68827280237477
42,40,2022-03-05,1,0,55,57,30,20.29998892681948
42,40,2022-03-05,3,0,55,57,30,26.040716682507792
42,40,2022-03-05,6,0,55,62,105,17.951588226185486
42,40,2022-03-05,0,0,56,58,30,17.33379027642519
42,40,2022-03-05,2,0,56,58,30,14.21533169797236
42,40,2022-03-05,4,0,57,60,45,19.97542082980425
42,40,2022-03-05,7,0,57,59,30,18.24919192042065
42,40,2022-03-05,1,0,62,63,15,6.0
42,40,2022-03-05,2,0,63,65,30,16.269964535616175
42,40,2022-03-05,3,0,63,64,15,9.07985126833563
42,40,2022-03-05,0,0,65,67,30,41.39682908754314
42,40,2022-03-05,1,0,67,70,45,25.04619998554577
42,40,2022-03-05,4,0,69,70,15,7.0
42,40,2022-03-05,4,0,75,77,30,23.2658302975021
42,40,2022-03-05,0,0,79,83,60,29.867968086145716
42,41,2022-01-17,6,0,10,13,45,19.557307682419946
42,41,2022-01-17,5,0,11,13,30,8.923624553609919
42,41,2022-01-17,2,0,15,18,45,11.901833155749394
42,41,2022-01-17,3,0,15,19,60,19.320957433161382
42,41,2022-01-17,7,0,15,16,15,8.939008531139194
42,41,2022-01-17,0,0,16,18,30,12.406757675377023
42,41,2022-01-17,4,0,17,18,15,19.218247038102504
42,41,2022-01-17,5,0,17,19,30,9.500799150160688
42,41,2022-01-17,1,0,20,23,45,12.071147004962214
42,41,2022-01-17,6,0,20,23,45,23.03785440883118
42,41,2022-01-17,5,0,25,28,45,12.692210338161438
42,41,2022-01-17,7,0,28,30,30,6.7959233690713035
42,41,2022-01-17,1,0,29,30,15,8.668710231289836
42,41,2022-01-17,4,0,29,31,30,7.0
42,41,2022-01-17,0,0,31,32,15,17.874482504171972
42,41,2022-01-17,2,0,31,32,15,9.0
42,41,2022-01-17,5,0,31,33,30,8.72207927687397
42,41,2022-01-17,6,0,31,36,75,5.3697100219921765
42,41,2022-01-17,1,0,35,37,30,6.0
42,41,2022-01-17,2,0,35,39,60,12.261193279988056
42,41,2022-01-17,3,0,36,40,60,7.0
42,41,2022-01-17,5,0,36,40,60,11.09130707043132
42,41,2022-01-17,1,0,41,44,45,13.681281322984262
42,41,2022-01-17,2,0,43,46,45,10.8395079360983
42,41,2022-01-17,3,0,48,50,30,6.4266907295751565
42,41,2022-01-17,5,0,49,51,30,14.927056345614645
42,41,2022-01-17,6,0,52,54,30,8.0
42,41,2022-01-17,4,0,54,56,30,29.274665515558453
42,41,2022-01-17,5,0,54,57,45,18.58607619988188
42,41,2022-01-17,3,0,55,59,60,25.41133583426926
42,41,2022-01-17,7,0,56,59,45,18.484119602220602
42,41,2022-01-17,0,0,57,60,45,21.75895772538412
42,41,2022-01-17,1,0,57,60,45,8.149783245570923
42,41,2022-01-17,6,0,58,60,30,26.41638030844979
42,41,2022-01-17,2,0,60,63,45,27.588394687823495
42,41,2022-01-17,0,0,65,67,30,5.0
42,41,2022-01-17,3,0,65,67,30,6.0
42,41,2022-01-17,2,0,69,71,30,17.18634864873414
42,41,2022-01-17,1,0,70,72,30,44.22357503605869
42,41,2022-01-17,4,0,71,75,60,20.2541406056572
42,41,2022-01-17,6,0,75,76,15,26.3958659585239
42,41,2022-01-17,3,0,79,83,60,11.62568978500974
42,41,2022-01-17,7,0,80,83,45,27.01398836746877
42,41,2022-03-05,3,0,16,19,45,14.153334974571123
42,41,2022-03-05,5,0,17,19,30,6.708895221198368
42,41,2022-03-05,6,0,20,23,45,10.809291649343507
42,41,2022-03-05,5,0,25,28,45,12.692210338161438
42,41,2022-03-05,1,0,26,32,90,18.328390677883256
42,41,2022-03-05,7,0,28,30,30,8.399222596145854
42,41,2022-03-05,0,0,29,31,30,11.89190869526157
42,41,2022-03-05,4,0,29,31,30,19.898902228232735
42,41,2022-03-05,2,0,31,32,15,12.628737490447598
42,41,2022-03-05,5,0,31,33,30,8.72207927687397
42,41,2022-03-05,6,0,31,36,75,5.3697100219921765
42,41,2022-03-05,3,0,34,37,45,18.37304175095759
42,41,2022-03-05,1,0,35,37,30,6.0
42,41,2022-03-05,2,0,35,39,60,12.261193279988056
42,41,2022-03-05,5,0,36,40,60,11.09130707043132
42,41,2022-03-05,1,0,41,44,45,13.681281322984262
42,41,2022-03-05,2,0,43,46,45,10.8395079360983
42,41,2022-03-05,3,0,43,46,45,8.0
42,41,2022-03-05,6,0,44,48,60,12.986167197919343
42,41,2022-03-05,0,0,49,54,75,10.834873449917296
42,41,2022-03-05,5,0,49,51,30,8.0
42,41,2022-03-05,6,0,52,54,30,11.011619745969384
42,41,2022-03-05,5,0,54,57,45,18.58607619988188
42,41,2022-03-05,7,0,56,59,45,23.53211066094181
42,41,2022-03-05,1,0,57,60,45,19.22199832351874
42,41,2022-03-05,3,0,58,64,90,19.284544810860936
42,41,2022-03-05,4,0,58,59,15,13.60896203363479
42,41,2022-03-05,6,0,58,60,30,26.41638030844979
42,41,2022-03-05,2,0,60,63,45,27.588394687823495
42,41,2022-03-05,0,0,65,67,30,5.0
42,41,2022-03-05,1,0,70,72,30,44.22357503605869
42,41,2022-03-05,4,0,71,75,60,20.2541406056572
42,41,2022-03-05,6,0,75,76,15,26.3958659585239
42,41,2022-03-05,3,0,79,83,60,11.62568978500974
42,41,2022-03-05,7,0,80,83,45,27.01398836746877
42,42,2022-01-17,0,0,11,13,30,25.290922030387627
42,42,2022-01-17,3,0,13,18,75,13.181144513033118
42,42,2022-01-17,1,0,14,17,45,11.852319683209444
42,42,2022-01-17,2,0,14,16,30,21.004415298122808
42,42,2022-01-17,4,0,17,19,30,17.962825212134888
42,42,2022-01-17,5,0,18,22,60,15.107338963768505
42,42,2022-01-17,3,0,24,25,15,14.217223216146905
42,42,2022-01-17,4,0,24,28,60,11.96251956865315
42,42,2022-01-17,6,0,24,26,30,7.674598546234172
42,42,2022-01-17,0,0,30,33,45,13.798386174230544
42,42,2022-01-17,7,0,30,37,105,6.0
42,42,2022-01-17,2,0,31,35,60,13.015909855267495
42,42,2022-01-17,1,0,33,34,15,12.656388794972422
42,42,2022-01-17,5,0,35,37,30,7.384087867417236
42,42,2022-01-17,6,0,35,37,30,19.94669326819107
42,42,2022-01-17,4,0,39,43,60,13.05504484688855
42,42,2022-01-17,6,0,41,46,75,14.96588356662857
42,42,2022-01-17,0,0,43,45,30,16.50630561813834
42,42,2022-01-17,3,0,45,47,30,14.319396429573999
42,42,2022-01-17,2,0,46,48,30,30.135595967413565
42,42,2022-01-17,5,0,49,52,45,24.79201298544283
42,42,2022-01-17,1,0,50,53,45,18.47501271570173
42,42,2022-01-17,4,0,50,52,30,18.753221142047067
42,42,2022-01-17,7,0,51,53,30,30.497912439106386
42,42,2022-01-17,3,0,52,54,30,17.82383309706033
42,42,2022-01-17,2,0,53,58,75,15.638493370854526
42,42,2022-01-17,6,0,53,54,15,22.092174449898025
42,42,2022-01-17,4,0,56,59,45,8.38177623754843
42,42,2022-01-17,0,0,57,60,45,9.181456085225634
42,42,2022-01-17,1,0,57,60,45,51.86908567523087
42,42,2022-01-17,7,0,57,60,45,24.567277210457434
42,42,2022-01-17,6,0,59,60,15,12.065893237684008
42,42,2022-01-17,3,0,60,68,120,23.667320196966642
42,42,2022-01-17,5,0,60,61,15,23.508590267994506
42,42,2022-01-17,6,0,65,67,30,24.857474049162157
42,42,2022-01-17,0,0,73,75,30,13.785925184102624
42,42,2022-01-17,1,0,73,75,30,16.348316822420784
42,42,2022-01-17,4,0,73,76,45,16.255515358240906
42,42,2022-01-17,5,0,78,79,15,25.676755052953894
42,42,2022-03-05,2,0,14,16,30,23.141825863417026
42,42,2022-03-05,3,0,24,25,15,10.82849318950204
42,42,2022-03-05,4,0,24,28,60,9.736845145922878
42,42,2022-03-05,6,0,24,26,30,17.255418736992333
42,42,2022-03-05,1,0,28,31,45,18.232510130965174
42,42,2022-03-05,6,0,29,30,15,8.480811054486118
42,42,2022-03-05,0,0,30,33,45,15.642397580423733
42,42,2022-03-05,7,0,30,37,105,7.9475426660198
42,42,2022-03-05,2,0,31,35,60,13.015909855267495
42,42,2022-03-05,5,0,35,37,30,6.0
42,42,2022-03-05,6,0,35,37,30,19.94669326819107
42,42,2022-03-05,1,0,37,41,60,18.807043479677915
42,42,2022-03-05,0,0,38,40,30,5.0
42,42,2022-03-05,4,0,39,43,60,13.05504484688855
42,42,2022-03-05,5,0,40,43,45,10.002323180658856
42,42,2022-03-05,6,0,41,46,75,14.96588356662857
42,42,2022-03-05,0,0,43,45,30,12.207464473341972
42,42,2022-03-05,3,0,45,47,30,17.374075547944415
42,42,2022-03-05,2,0,46,48,30,14.319396429573999
42,42,2022-03-05,4,0,46,49,45,30.135595967413565
42,42,2022-03-05,7,0,47,50,45,20.037292868359657
42,42,2022-03-05,5,0,49,52,45,24.79201298544283
42,42,2022-03-05,1,0,50,53,45,18.47501271570173
42,42,2022-03-05,3,0,52,54,30,17.82383309706033
42,42,2022-03-05,2,0,53,58,75,15.638493370854526
42,42,2022-03-05,4,0,53,55,30,7.0
42,42,2022-03-05,6,0,53,54,15,22.092174449898025
42,42,2022-03-05,7,0,55,57,30,18.71956676697731
42,42,2022-03-05,0,0,57,60,45,9.181456085225634
42,42,2022-03-05,6,0,59,60,15,12.065893237684008
42,42,2022-03-05,3,0,60,68,120,23.667320196966642
42,42,2022-03-05,6,0,65,67,30,24.857474049162157
42,42,2022-03-05,4,0,66,69,45,19.26785587898675
42,42,2022-03-05,0,0,73,75,30,13.785925184102624
42,42,2022-03-05,1,0,73,75,30,16.348316822420784
42,42,2022-03-05,4,0,73,76,45,16.255515358240906
42,42,2022-03-05,5,0,78,79,15,25.676755052953894
42,43,2022-01-17,5,0,13,18,75,17.124550070790363
42,43,2022-01-17,0,0,14,17,45,7.717446363703267
42,43,2022-01-17,2,0,15,19,60,21.247329029844693
42,43,2022-01-17,3,0,17,24,105,6.0
42,43,2022-01-17,6,0,21,24,45,21.516361096896382
42,43,2022-01-17,2,0,22,24,30,21.717655345968517
42,43,2022-01-17,5,0,22,25,45,11.060090040490586
42,43,2022-01-17,0,0,27,31,60,17.347587599064518
42,43,2022-01-17,2,0,27,29,30,9.0
42,43,2022-01-17,5,0,28,29,15,15.382289842671945
42,43,2022-01-17,1,0,29,35,90,7.83902551847266
42,43,2022-01-17,3,0,31,33,30,5.0
42,43,2022-01-17,6,0,31,34,45,14.446293047355496
42,43,2022-01-17,5,0,32,35,45,10.265193460335638
42,43,2022-01-17,2,0,34,35,15,16.428598663546353
42,43,2022-01-17,3,0,37,39,30,14.236674515664177
42,43,2022-01-17,1,0,38,39,15,7.758069906116361
42,43,2022-01-17,6,0,39,41,30,14.654043997477586
42,43,2022-01-17,7,0,43,45,30,19.36905814182579
42,43,2022-01-17,1,0,46,48,30,17.839133812346205
42,43,2022-01-17,2,0,49,52,45,24.539590542575198
42,43,2022-01-17,6,0,49,50,15,20.972157972159124
42,43,2022-01-17,7,0,52,54,30,10.926068775677876
42,43,2022-01-17,5,0,53,57,60,8.542702118494887
42,43,2022-01-17,1,0,54,58,60,15.871945551880032
42,43,2022-01-17,6,0,54,61,105,19.070064609361395
42,43,2022-01-17,3,0,55,56,15,22.74505254976183
42,43,2022-01-17,4,0,55,57,30,8.424114377382281
42,43,2022-01-17,2,0,57,62,75,6.0
42,43,2022-01-17,7,0,58,61,45,24.227573203335695
42,43,2022-01-17,3,0,60,62,30,23.672439853369255
42,43,2022-01-17,5,0,61,65,60,5.21350066364738
42,43,2022-01-17,4,0,65,66,15,21.95586038391491
42,43,2022-01-17,2,0,72,74,30,23.090597703346134
42,43,2022-01-17,3,0,74,75,15,15.360663391266229
42,43,2022-01-17,5,0,74,75,15,19.29643411009829
42,43,2022-01-17,3,0,79,82,45,22.331924574227315
42,43,2022-03-05,5,0,19,22,45,13.803886752418094
42,43,2022-03-05,2,0,22,24,30,6.441800429959983
42,43,2022-03-05,3,0,26,31,75,20.155799663019266
42,43,2022-03-05,0,0,27,31,60,6.0
42,43,2022-03-05,2,0,27,29,30,9.0
42,43,2022-03-05,1,0,28,29,15,21.497292134412092
42,43,2022-03-05,4,0,28,30,30,7.684551956452722
42,43,2022-03-05,5,0,28,29,15,15.382289842671945
42,43,2022-03-05,6,0,31,34,45,17.10425539695509
42,43,2022-03-05,5,0,32,35,45,10.265193460335638
42,43,2022-03-05,1,0,34,35,15,7.890496397953818
42,43,2022-03-05,2,0,34,35,15,16.428598663546353
42,43,2022-03-05,4,0,35,37,30,13.832401368905828
42,43,2022-03-05,3,0,37,39,30,14.236674515664177
42,43,2022-03-05,6,0,37,40,45,13.100848960120665
42,43,2022-03-05,1,0,38,39,15,7.758069906116361
42,43,2022-03-05,0,0,39,40,15,12.789210647890584
42,43,2022-03-05,5,0,41,44,45,9.0
42,43,2022-03-05,7,0,43,45,30,19.36905814182579
42,43,2022-03-05,3,0,45,47,30,20.051012910633496
42,43,2022-03-05,1,0,46,48,30,17.839133812346205
42,43,2022-03-05,2,0,49,52,45,14.737290302744697
42,43,2022-03-05,6,0,49,50,15,13.400672213154174
42,43,2022-03-05,7,0,52,54,30,10.926068775677876
42,43,2022-03-05,5,0,53,57,60,8.542702118494887
42,43,2022-03-05,1,0,54,58,60,15.871945551880032
42,43,2022-03-05,6,0,54,61,105,19.070064609361395
42,43,2022-03-05,3,0,55,56,15,22.74505254976183
42,43,2022-03-05,4,0,55,57,30,8.424114377382281
42,43,2022-03-05,2,0,57,62,75,6.0
42,43,2022-03-05,3,0,60,62,30,23.672439853369255
42,43,2022-03-05,5,0,61,65,60,5.21350066364738
42,43,2022-03-05,4,0,65,66,15,21.95586038391491
42,43,2022-03-05,2,0,72,74,30,23.090597703346134
42,43,2022-03-05,3,0,74,75,15,15.360663391266229
42,43,2022-03-05,5,0,74,75,15,19.29643411009829
42,43,2022-03-05,3,0,79,82,45,22.331924574227315
42,44,2022-01-17,1,0,9,11,30,19.70847901239501
42,44,2022-01-17,3,0,12,15,45,11.185113905843949
42,44,2022-01-17,5,0,12,15,45,10.085556128454272
42,44,2022-01-17,4,0,13,15,30,5.37686387903797
42,44,2022-01-17,6,0,15,18,45,9.239161685452551
42,44,2022-01-17,1,0,17,22,75,23.469454756447604
42,44,2022-01-17,2,0,18,21,45,7.238780015567997
42,44,2022-01-17,4,0,19,21,30,18.0944204585835
42,44,2022-01-17,6,0,22,24,30,16.2638749571448
42,44,2022-01-17,7,0,22,23,15,10.47243848909551
42,44,2022-01-17,4,0,25,27,30,7.0
42,44,2022-01-17,3,0,28,29,15,14.431451476001115
42,44,2022-01-17,6,0,28,30,30,22.39029309542248
42,44,2022-01-17,4,0,35,37,30,8.797376506462925
42,44,2022-01-17,7,0,35,37,30,18.562751684332923
42,44,2022-01-17,0,0,40,45,75,14.658328556534563
42,44,2022-01-17,5,0,40,42,30,14.186635932140632
42,44,2022-01-17,3,0,43,47,60,8.77391807308365
42,44,2022-01-17,7,0,49,52,45,24.80072411787932
42,44,2022-01-17,0,0,50,51,15,17.840054100166277
42,44,2022-01-17,0,0,54,57,45,9.0
42,44,2022-01-17,2,0,54,57,45,9.602683903116287
42,44,2022-01-17,1,0,55,59,60,9.981206606173096
42,44,2022-01-17,3,0,55,59,60,24.747485331148333
42,44,2022-01-17,6,0,55,59,60,19.770692093331327
42,44,2022-01-17,7,0,58,62,60,24.008363209360454
42,44,2022-01-17,4,0,59,65,90,22.68463071434079
42,44,2022-01-17,5,0,59,64,75,25.542958837491
42,44,2022-01-17,6,0,65,68,45,36.40220178810901
42,44,2022-01-17,0,0,70,72,30,7.0
42,44,2022-03-05,1,0,9,11,30,19.70847901239501
42,44,2022-03-05,5,0,13,15,30,10.234658821869672
42,44,2022-03-05,2,0,18,21,45,7.582450259624913
42,44,2022-03-05,4,0,19,21,30,6.0
42,44,2022-03-05,1,0,21,25,60,16.694948401383996
42,44,2022-03-05,6,0,22,24,30,9.855035297185658
42,44,2022-03-05,4,0,25,27,30,7.0
42,44,2022-03-05,3,0,28,29,15,11.791909576147276
42,44,2022-03-05,6,0,28,30,30,22.39029309542248
42,44,2022-03-05,1,0,30,33,45,16.234465154569797
42,44,2022-03-05,4,0,31,35,60,6.803269200261944
42,44,2022-03-05,0,0,32,35,45,8.43534109133077
42,44,2022-03-05,7,0,35,37,30,10.699012868986316
42,44,2022-03-05,3,0,37,41,60,9.074308348575876
42,44,2022-03-05,0,0,40,45,75,11.942854481650087
42,44,2022-03-05,5,0,40,42,30,6.0
42,44,2022-03-05,2,0,41,42,15,11.219244656155425
42,44,2022-03-05,6,0,42,47,75,7.0
42,44,2022-03-05,7,0,44,46,30,9.599851100233089
42,44,2022-03-05,3,0,45,48,45,11.193899307430627
42,44,2022-03-05,7,0,49,52,45,20.166597241908278
42,44,2022-03-05,0,0,50,51,15,13.930883189429053
42,44,2022-03-05,3,0,55,59,60,24.747485331148333
42,44,2022-03-05,6,0,55,59,60,19.770692093331327
42,44,2022-03-05,7,0,58,62,60,24.008363209360454
42,44,2022-03-05,4,0,59,65,90,22.68463071434079
42,44,2022-03-05,5,0,59,64,75,25.542958837491
42,44,2022-03-05,6,0,65,68,45,36.40220178810901
42,44,2022-03-05,0,0,70,72,30,7.0
42,45,2022-01-17,7,0,11,12,15,22.947711086214788
42,45,2022-01-17,1,0,14,18,60,9.211945108600183
42,45,2022-01-17,5,0,15,17,30,21.331335897285527
42,45,2022-01-17,6,0,16,21,75,12.304540415746175
42,45,2022-01-17,3,0,17,19,30,6.512332859672725
42,45,2022-01-17,7,0,17,19,30,24.989689407900777
42,45,2022-01-17,0,0,22,25,45,17.49656266940302
42,45,2022-01-17,7,0,22,25,45,16.64740678865077
42,45,2022-01-17,1,0,25,27,30,22.53151955814569
42,45,2022-01-17,0,0,28,31,45,9.332595019266485
42,45,2022-01-17,7,0,28,30,30,7.768753247958905
42,45,2022-01-17,5,0,30,31,15,7.425360989231557
42,45,2022-01-17,4,0,33,35,30,15.110613249709019
42,45,2022-01-17,3,0,34,36,30,19.47532415115083
42,45,2022-01-17,2,0,35,38,45,7.249734124303373
42,45,2022-01-17,6,0,39,43,60,13.147519694078625
42,45,2022-01-17,2,0,44,47,45,19.403159876005276
42,45,2022-01-17,0,0,45,49,60,25.89196288948675
42,45,2022-01-17,3,0,45,47,30,29.962152189206435
42,45,2022-01-17,7,0,45,50,75,6.0
42,45,2022-01-17,6,0,47,50,45,16.60351661260441
42,45,2022-01-17,5,0,51,59,120,16.21072757034242
42,45,2022-01-17,1,0,53,57,60,12.34379957623375
42,45,2022-01-17,7,0,53,56,45,18.366724635451902
42,45,2022-01-17,3,0,55,58,45,10.935080441068777
42,45,2022-01-17,4,0,55,56,15,22.130279784948343
42,45,2022-01-17,6,0,59,61,30,8.0
42,45,2022-01-17,0,0,60,63,45,20.471612315979556
42,45,2022-01-17,7,0,62,65,45,27.755298409061794
42,45,2022-01-17,2,0,63,67,60,21.759788531815957
42,45,2022-01-17,3,0,64,66,30,20.574503066300323
42,45,2022-01-17,5,0,68,71,45,16.79143378103801
42,45,2022-01-17,3,0,69,72,45,22.072905644183066
42,45,2022-01-17,2,0,70,73,45,15.408981215620997
42,45,2022-01-17,4,0,72,73,15,24.77422584038146
42,45,2022-03-05,1,0,17,20,45,17.25238307806972
42,45,2022-03-05,7,0,17,19,30,7.568818695712864
42,45,2022-03-05,3,0,19,25,90,19.373203099598612
42,45,2022-03-05,7,0,22,25,45,16.64740678865077
42,45,2022-03-05,1,0,25,27,30,22.53151955814569
42,45,2022-03-05,4,0,25,27,30,11.672424859470276
42,45,2022-03-05,0,0,28,31,45,6.610105784472452
42,45,2022-03-05,7,0,28,30,30,7.768753247958905
42,45,2022-03-05,5,0,30,31,15,17.832457502262358
42,45,2022-03-05,4,0,31,36,75,16.550826462942524
42,45,2022-03-05,1,0,32,36,60,9.855988470827313
42,45,2022-03-05,3,0,34,36,30,19.47532415115083
42,45,2022-03-05,5,0,34,38,60,17.485970088872648
42,45,2022-03-05,2,0,35,38,45,15.059048914380817
42,45,2022-03-05,4,0,39,42,45,13.129060520466012
42,45,2022-03-05,6,0,39,43,60,7.724414723677953
42,45,2022-03-05,0,0,40,44,60,9.219115534206566
42,45,2022-03-05,1,0,42,43,15,23.69328520887416
42,45,2022-03-05,5,0,42,44,30,24.22038948706465
42,45,2022-03-05,2,0,44,47,45,19.403159876005276
42,45,2022-03-05,3,0,45,47,30,29.962152189206435
42,45,2022-03-05,7,0,45,50,75,6.0
42,45,2022-03-05,6,0,47,50,45,17.986921431478535
42,45,2022-03-05,0,0,48,51,45,16.60351661260441
42,45,2022-03-05,5,0,51,59,120,16.21072757034242
42,45,2022-03-05,7,0,53,56,45,18.366724635451902
42,45,2022-03-05,3,0,55,58,45,10.935080441068777
42,45,2022-03-05,1,0,56,58,30,19.19970812468688
42,45,2022-03-05,6,0,59,61,30,8.0
42,45,2022-03-05,0,0,60,63,45,20.471612315979556
42,45,2022-03-05,7,0,62,65,45,27.755298409061794
42,45,2022-03-05,2,0,63,67,60,21.759788531815957
42,45,2022-03-05,3,0,64,66,30,20.574503066300323
42,45,2022-03-05,5,0,68,71,45,16.79143378103801
42,45,2022-03-05,3,0,69,72,45,22.072905644183066
42,45,2022-03-05,2,0,70,73,45,15.408981215620997
42,45,2022-03-05,4,0,72,73,15,24.77422584038146
42,46,2022-01-17,7,0,8,11,45,6.0
42,46,2022-01-17,2,0,11,14,45,12.473523758586552
42,46,2022-01-17,1,0,13,16,45,10.197044831836344
42,46,2022-01-17,3,0,16,19,45,25.082230252209108
42,46,2022-01-17,0,0,17,19,30,20.619675772001656
42,46,2022-01-17,4,0,17,20,45,10.417845056491409
42,46,2022-01-17,5,0,17,20,45,7.370469918556196
42,46,2022-01-17,6,0,17,21,60,31.626312283975743
42,46,2022-01-17,7,0,17,19,30,9.976172397994077
42,46,2022-01-17,1,0,19,21,30,19.17403663202286
42,46,2022-01-17,3,0,22,25,45,8.0
42,46,2022-01-17,0,0,23,26,45,11.280997905649699
42,46,2022-01-17,7,0,24,25,15,7.058973581735891
42,46,2022-01-17,5,0,26,28,30,9.95716412735701
42,46,2022-01-17,2,0,27,32,75,13.073122740071085
42,46,2022-01-17,4,0,27,29,30,6.0
42,46,2022-01-17,0,0,31,34,45,20.079050844113745
42,46,2022-01-17,6,0,33,37,60,22.685080406485085
42,46,2022-01-17,7,0,35,37,30,12.053486697501533
42,46,2022-01-17,1,0,36,38,30,14.190209039854103
42,46,2022-01-17,2,0,36,40,60,19.876790740983964
42,46,2022-01-17,0,0,37,42,75,14.225025877565152
42,46,2022-01-17,4,0,37,41,60,18.31079780694519
42,46,2022-01-17,0,0,45,47,30,19.6820105724573
42,46,2022-01-17,4,0,46,50,60,6.6484651750651835
42,46,2022-01-17,2,0,48,51,45,15.451614691524583
42,46,2022-01-17,1,0,49,51,30,31.26895253797415
42,46,2022-01-17,3,0,49,52,45,14.732382407452604
42,46,2022-01-17,6,0,49,53,60,15.25268507677007
42,46,2022-01-17,0,0,51,54,45,19.722723819472563
42,46,2022-01-17,1,0,54,56,30,12.37006874075746
42,46,2022-01-17,4,0,55,57,30,27.945039484797718
42,46,2022-01-17,5,0,55,57,30,25.983149715967038
42,46,2022-01-17,3,0,57,61,60,22.009742313800842
42,46,2022-01-17,7,0,57,59,30,6.0
42,46,2022-01-17,0,0,58,61,45,22.48404282398399
42,46,2022-01-17,2,0,58,63,75,15.849116357699593
42,46,2022-01-17,6,0,58,62,60,9.0
42,46,2022-01-17,1,0,61,63,30,14.534936364826116
42,46,2022-01-17,4,0,61,68,105,29.127723550039775
42,46,2022-01-17,7,0,62,68,90,21.623182211643112
42,46,2022-01-17,0,0,65,67,30,23.697967776413762
42,46,2022-01-17,6,0,65,67,30,18.614005666321447
42,46,2022-01-17,3,0,68,71,45,13.997632737677456
42,46,2022-01-17,2,0,72,75,45,32.329844212704856
42,46,2022-01-17,5,0,73,75,30,20.775722151354515
42,46,2022-01-17,4,0,75,79,60,13.006651687336742
42,46,2022-01-17,1,0,76,78,30,26.600165455577454
42,46,2022-01-17,5,0,80,82,30,13.306784028211979
42,46,2022-03-05,7,0,8,11,45,6.0
42,46,2022-03-05,1,0,13,16,45,11.41358604393993
42,46,2022-03-05,5,0,17,20,45,8.378207062064561
42,46,2022-03-05,1,0,20,23,45,14.511073297078909
42,46,2022-03-05,0,0,21,22,15,23.58853425609105
42,46,2022-03-05,3,0,21,22,15,20.94781440867054
42,46,2022-03-05,7,0,24,25,15,7.058973581735891
42,46,2022-03-05,3,0,26,28,30,20.023954829580333
42,46,2022-03-05,5,0,26,28,30,9.95716412735701
42,46,2022-03-05,2,0,27,32,75,10.574253397900222
42,46,2022-03-05,4,0,27,29,30,7.481126486120196
42,46,2022-03-05,1,0,28,30,30,8.25191843262926
42,46,2022-03-05,0,0,31,34,45,20.079050844113745
42,46,2022-03-05,1,0,33,36,45,13.280525742293783
42,46,2022-03-05,6,0,33,37,60,32.87815767713298
42,46,2022-03-05,3,0,35,38,45,25.97426531142805
42,46,2022-03-05,7,0,35,37,30,12.053486697501533
42,46,2022-03-05,2,0,36,40,60,16.617378387860036
42,46,2022-03-05,0,0,37,42,75,14.225025877565152
42,46,2022-03-05,4,0,37,41,60,18.31079780694519
42,46,2022-03-05,5,0,38,40,30,7.456059579147265
42,46,2022-03-05,1,0,39,41,30,25.054248318199562
42,46,2022-03-05,0,0,45,47,30,19.6820105724573
42,46,2022-03-05,5,0,45,53,120,28.952998870828175
42,46,2022-03-05,4,0,46,50,60,6.6484651750651835
42,46,2022-03-05,2,0,48,51,45,14.455196989708988
42,46,2022-03-05,7,0,48,50,30,14.96571031818808
42,46,2022-03-05,1,0,49,51,30,31.26895253797415
42,46,2022-03-05,3,0,49,52,45,26.763780362580384
42,46,2022-03-05,6,0,49,53,60,9.0
42,46,2022-03-05,0,0,51,54,45,19.722723819472563
42,46,2022-03-05,1,0,54,56,30,12.37006874075746
42,46,2022-03-05,4,0,55,57,30,27.945039484797718
42,46,2022-03-05,3,0,57,61,60,22.009742313800842
42,46,2022-03-05,7,0,57,59,30,6.0
42,46,2022-03-05,0,0,58,61,45,22.48404282398399
42,46,2022-03-05,2,0,59,62,45,15.678956432192194
42,46,2022-03-05,1,0,61,63,30,14.534936364826116
42,46,2022-03-05,4,0,61,68,105,29.127723550039775
42,46,2022-03-05,7,0,62,68,90,21.623182211643112
42,46,2022-03-05,6,0,63,64,15,9.524010699521781
42,46,2022-03-05,0,0,65,67,30,23.697967776413762
42,46,2022-03-05,3,0,68,71,45,13.997632737677456
42,46,2022-03-05,2,0,72,75,45,32.329844212704856
42,46,2022-03-05,5,0,73,75,30,20.775722151354515
42,46,2022-03-05,4,0,75,79,60,13.006651687336742
42,46,2022-03-05,1,0,76,78,30,26.600165455577454
42,46,2022-03-05,5,0,80,82,30,13.306784028211979
42,47,2022-01-17,0,0,12,15,45,7.342321368664727
42,47,2022-01-17,1,0,16,18,30,17.083867811163024
42,47,2022-01-17,2,0,16,19,45,25.87258178160733
42,47,2022-01-17,4,0,16,22,90,22.473558061447527
42,47,2022-01-17,7,0,18,21,45,10.83913585872238
42,47,2022-01-17,5,0,19,22,45,11.504714806560962
42,47,2022-01-17,6,0,20,22,30,8.707343697041537
42,47,2022-01-17,3,0,22,24,30,15.444492589281495
42,47,2022-01-17,0,0,24,27,45,9.84169444211311
42,47,2022-01-17,7,0,25,29,60,8.0
42,47,2022-01-17,1,0,27,30,45,19.668692915226828
42,47,2022-01-17,0,0,33,36,45,10.62545434361489
42,47,2022-01-17,3,0,36,37,15,8.419018548881951
42,47,2022-01-17,7,0,40,42,30,13.470565066540374
42,47,2022-01-17,3,0,41,43,30,17.696675798888172
42,47,2022-01-17,2,0,44,47,45,7.457992960459627
42,47,2022-01-17,3,0,46,51,75,19.311517096138147
42,47,2022-01-17,4,0,46,48,30,8.335690210146609
42,47,2022-01-17,6,0,49,51,30,17.037302401334415
42,47,2022-01-17,5,0,50,53,45,8.0
42,47,2022-01-17,0,0,53,54,15,15.091581680011828
42,47,2022-01-17,2,0,53,55,30,19.249870439277984
42,47,2022-01-17,6,0,54,55,15,10.273827834384171
42,47,2022-01-17,4,0,55,57,30,9.478102455751092
42,47,2022-01-17,1,0,56,59,45,7.0
42,47,2022-01-17,5,0,56,58,30,6.909408819901792
42,47,2022-01-17,0,0,58,61,45,18.83907088437641
42,47,2022-01-17,2,0,58,60,30,12.185454049992131
42,47,2022-01-17,3,0,59,61,30,36.63653497441311
42,47,2022-01-17,6,0,59,60,15,17.175260542061714
42,47,2022-01-17,0,0,64,67,45,5.963185109356161
42,47,2022-01-17,1,0,65,70,75,7.3445368709782315
42,47,2022-01-17,4,0,65,67,30,19.652528078427814
42,47,2022-01-17,5,0,75,77,30,5.0
42,47,2022-01-17,4,0,77,79,30,12.197131324520406
42,47,2022-01-17,2,0,80,83,45,37.037885947273814
42,47,2022-03-05,1,0,17,19,30,5.520051235549857
42,47,2022-03-05,4,0,17,21,60,15.814815224811866
42,47,2022-03-05,3,0,22,24,30,24.331818802086396
42,47,2022-03-05,0,0,24,27,45,20.801176618405982
42,47,2022-03-05,7,0,25,29,60,11.107400455966548
42,47,2022-03-05,1,0,27,30,45,19.668692915226828
42,47,2022-03-05,2,0,30,33,45,12.14187469413379
42,47,2022-03-05,0,0,33,36,45,10.62545434361489
42,47,2022-03-05,6,0,33,34,15,9.226545952979833
42,47,2022-03-05,1,0,34,36,30,8.0
42,47,2022-03-05,5,0,34,35,15,15.804315037721288
42,47,2022-03-05,3,0,36,37,15,8.419018548881951
42,47,2022-03-05,6,0,37,39,30,15.662826940191735
42,47,2022-03-05,7,0,40,42,30,13.470565066540374
42,47,2022-03-05,3,0,41,43,30,17.696675798888172
42,47,2022-03-05,2,0,44,47,45,17.941514361343323
42,47,2022-03-05,0,0,45,47,30,8.335690210146609
42,47,2022-03-05,1,0,46,50,60,16.288985180496113
42,47,2022-03-05,3,0,46,51,75,19.311517096138147
42,47,2022-03-05,4,0,46,48,30,8.0
42,47,2022-03-05,6,0,49,51,30,10.641906099511921
42,47,2022-03-05,5,0,50,53,45,28.816404107861786
42,47,2022-03-05,2,0,53,55,30,19.249870439277984
42,47,2022-03-05,0,0,55,57,30,16.47777867787019
42,47,2022-03-05,4,0,55,57,30,9.478102455751092
42,47,2022-03-05,2,0,58,60,30,7.703216307434829
42,47,2022-03-05,5,0,59,63,60,22.523400862422903
42,47,2022-03-05,6,0,59,60,15,17.175260542061714
42,47,2022-03-05,3,0,61,63,30,17.01056088824597
42,47,2022-03-05,0,0,64,67,45,5.963185109356161
42,47,2022-03-05,1,0,65,70,75,7.3445368709782315
42,47,2022-03-05,4,0,65,67,30,19.652528078427814
42,47,2022-03-05,2,0,67,70,45,28.331582360430694
42,47,2022-03-05,5,0,75,77,30,5.0
42,47,2022-03-05,4,0,77,79,30,12.197131324520406
42,47,2022-03-05,2,0,80,83,45,37.037885947273814
42,48,2022-01-17,2,0,5,10,75,27.832492974632288
42,48,2022-01-17,1,0,11,13,30,36.3382939390474
42,48,2022-01-17,4,0,11,14,45,17.856566234936054
42,48,2022-01-17,6,0,11,15,60,12.862477833336982
42,48,2022-01-17,7,0,11,13,30,24.358746036406878
42,48,2022-01-17,3,0,15,17,30,9.96473399474931
42,48,2022-01-17,5,0,17,19,30,22.11425531091099
42,48,2022-01-17,1,0,20,22,30,14.783940617046753
42,48,2022-01-17,6,0,21,23,30,9.0
42,48,2022-01-17,0,0,22,24,30,19.865902995339674
42,48,2022-01-17,3,0,22,23,15,20.276570065343222
42,48,2022-01-17,5,0,22,27,75,12.113015838527062
42,48,2022-01-17,7,0,22,25,45,8.906018126965442
42,48,2022-01-17,2,0,31,34,45,35.29808725922231
42,48,2022-01-17,4,0,33,36,45,16.401139136733825
42,48,2022-01-17,7,0,33,36,45,8.421508577125863
42,48,2022-01-17,0,0,35,36,15,14.216272892739696
42,48,2022-01-17,1,0,35,37,30,7.0
42,48,2022-01-17,6,0,35,36,15,11.949647715318719
42,48,2022-01-17,5,0,39,42,45,18.43587943617166
42,48,2022-01-17,2,0,40,44,60,11.232625611729034
42,48,2022-01-17,3,0,40,46,90,6.506670433359382
42,48,2022-01-17,4,0,43,47,60,7.0
42,48,2022-01-17,6,0,43,45,30,25.55738734384326
42,48,2022-01-17,7,0,43,47,60,17.444789232383556
42,48,2022-01-17,0,0,47,51,60,26.445598090914217
42,48,2022-01-17,1,0,52,54,30,7.0
42,48,2022-01-17,7,0,52,54,30,11.778196003888937
42,48,2022-01-17,4,0,53,60,105,6.333154469002679
42,48,2022-01-17,5,0,53,54,15,12.675209759861986
42,48,2022-01-17,2,0,56,59,45,9.28334897575818
42,48,2022-01-17,6,0,56,58,30,24.51309961622932
42,48,2022-01-17,5,0,58,62,60,17.217149059845816
42,48,2022-01-17,3,0,59,63,60,8.0
42,48,2022-01-17,6,0,61,62,15,11.078064574599587
42,48,2022-01-17,7,0,62,64,30,27.24843769297589
42,48,2022-01-17,0,0,65,69,60,32.66549449925835
42,48,2022-01-17,3,0,70,75,75,31.24542739846123
42,48,2022-01-17,2,0,72,74,30,8.424043825452543
42,48,2022-01-17,7,0,72,75,45,17.638332086706598
42,48,2022-01-17,1,0,74,76,30,30.76051744568757
42,48,2022-01-17,0,0,79,82,45,37.65755755559732
42,48,2022-01-17,5,0,80,82,30,22.565141298673524
42,48,2022-03-05,2,0,5,10,75,27.832492974632288
42,48,2022-03-05,3,0,15,17,30,29.511843092796106
42,48,2022-03-05,1,0,20,22,30,13.170829435922577
42,48,2022-03-05,6,0,21,23,30,9.82406538197742
42,48,2022-03-05,0,0,22,24,30,18.604651202151857
42,48,2022-03-05,3,0,22,23,15,20.276570065343222
42,48,2022-03-05,5,0,22,27,75,9.371314545175935
42,48,2022-03-05,7,0,22,25,45,22.466178477352003
42,48,2022-03-05,2,0,25,27,30,20.76705529349725
42,48,2022-03-05,4,0,25,27,30,20.038683921718878
42,48,2022-03-05,2,0,31,34,45,35.29808725922231
42,48,2022-03-05,5,0,32,36,60,16.62090078743909
42,48,2022-03-05,0,0,33,37,60,8.497580100026425
42,48,2022-03-05,4,0,33,36,45,27.921689344641678
42,48,2022-03-05,7,0,33,36,45,8.421508577125863
42,48,2022-03-05,1,0,35,37,30,15.298773745959842
42,48,2022-03-05,6,0,35,36,15,11.949647715318719
42,48,2022-03-05,2,0,38,39,15,13.230497703729611
42,48,2022-03-05,5,0,39,42,45,18.43587943617166
42,48,2022-03-05,3,0,40,46,90,17.41538060195466
42,48,2022-03-05,6,0,41,43,30,13.377241369278678
42,48,2022-03-05,4,0,43,47,60,7.680262965591041
42,48,2022-03-05,7,0,43,47,60,17.444789232383556
42,48,2022-03-05,0,0,47,51,60,7.699913673644673
42,48,2022-03-05,5,0,47,52,75,27.607438522251414
42,48,2022-03-05,1,0,52,54,30,7.0
42,48,2022-03-05,7,0,52,54,30,20.52165691963132
42,48,2022-03-05,4,0,53,60,105,6.333154469002679
42,48,2022-03-05,5,0,55,59,60,20.454330333528716
42,48,2022-03-05,2,0,56,59,45,9.28334897575818
42,48,2022-03-05,6,0,57,59,30,9.188206408675967
42,48,2022-03-05,6,0,62,66,60,9.0
42,48,2022-03-05,7,0,62,64,30,27.24843769297589
42,48,2022-03-05,0,0,65,69,60,32.66549449925835
42,48,2022-03-05,3,0,70,75,75,31.24542739846123
42,48,2022-03-05,7,0,73,76,45,19.654308217382976
42,48,2022-03-05,1,0,74,76,30,30.76051744568757
42,48,2022-03-05,2,0,75,77,30,32.568930514859545
42,48,2022-03-05,0,0,79,82,45,37.65755755559732
42,48,2022-03-05,2,0,80,86,90,17.548251190924397
42,48,2022-03-05,5,0,80,82,30,22.565141298673524
42,49,2022-01-17,2,0,14,15,15,25.102438328955884
42,49,2022-01-17,4,0,15,17,30,19.649986063675335
42,49,2022-01-17,7,0,15,18,45,21.935217130298746
42,49,2022-01-17,0,0,18,22,60,15.983036889258607
42,49,2022-01-17,2,0,19,21,30,9.0
42,49,2022-01-17,1,0,20,22,30,17.52086197324975
42,49,2022-01-17,4,0,21,23,30,14.210380356708214
42,49,2022-01-17,6,0,21,24,45,23.630490111184045
42,49,2022-01-17,7,0,23,25,30,5.0
42,49,2022-01-17,2,0,26,30,60,24.861718411206866
42,49,2022-01-17,6,0,27,38,165,5.239389949323268
42,49,2022-01-17,5,0,29,31,30,9.112939662977269
42,49,2022-01-17,0,0,30,33,45,11.704662366531068
42,49,2022-01-17,3,0,32,35,45,14.399887534123238
42,49,2022-01-17,4,0,32,33,15,16.3249868931578
42,49,2022-01-17,5,0,34,36,30,10.566298642707451
42,49,2022-01-17,1,0,35,37,30,26.008144643178305
42,49,2022-01-17,2,0,35,38,45,5.0
42,49,2022-01-17,5,0,39,42,45,10.072903371847076
42,49,2022-01-17,3,0,43,44,15,24.930602175042715
42,49,2022-01-17,1,0,44,46,30,8.415451104217276
42,49,2022-01-17,4,0,44,48,60,16.865180623685454
42,49,2022-01-17,7,0,46,47,15,9.760491217173396
42,49,2022-01-17,2,0,47,49,30,11.923559684643422
42,49,2022-01-17,0,0,50,55,75,8.307517293351914
42,49,2022-01-17,1,0,51,56,75,8.160514987884802
42,49,2022-01-17,4,0,51,53,30,15.696393856336428
42,49,2022-01-17,6,0,51,53,30,11.016284940816611
42,49,2022-01-17,3,0,54,60,90,21.620372700348646
42,49,2022-01-17,5,0,54,57,45,21.25470734226738
42,49,2022-01-17,7,0,55,59,60,7.645621894417388
42,49,2022-01-17,4,0,57,59,30,5.299993120189441
42,49,2022-01-17,6,0,57,59,30,9.41479879474258
42,49,2022-01-17,0,0,59,62,45,26.473965145045767
42,49,2022-01-17,1,0,59,61,30,35.139062069900774
42,49,2022-01-17,5,0,62,66,60,31.379994496758854
42,49,2022-01-17,2,0,63,66,45,26.74136260393273
42,49,2022-01-17,3,0,64,68,60,18.073276934962415
42,49,2022-01-17,3,0,71,75,60,35.17294920498222
42,49,2022-01-17,7,0,71,73,30,9.082920424261182
42,49,2022-01-17,2,0,72,75,45,15.598774430450703
42,49,2022-01-17,6,0,74,76,30,21.641223859619274
42,49,2022-01-17,1,0,75,77,30,15.728268156612678
42,49,2022-01-17,3,0,78,80,30,24.91269076546152
42,49,2022-01-17,5,0,78,80,30,8.350854703917449
42,49,2022-01-17,0,0,80,83,45,15.899577372932015
42,49,2022-03-05,2,0,14,15,15,25.102438328955884
42,49,2022-03-05,1,0,20,22,30,17.84619457257282
42,49,2022-03-05,2,0,21,23,30,16.662135105843923
42,49,2022-03-05,6,0,21,24,45,20.628931936675592
42,49,2022-03-05,7,0,23,25,30,15.98076066194838
42,49,2022-03-05,2,0,26,30,60,24.861718411206866
42,49,2022-03-05,6,0,27,38,165,5.239389949323268
42,49,2022-03-05,5,0,29,31,30,18.491211141634913
42,49,2022-03-05,0,0,30,33,45,24.08414261860831
42,49,2022-03-05,7,0,30,33,45,22.20022667493612
42,49,2022-03-05,3,0,32,35,45,9.033582235757038
42,49,2022-03-05,4,0,32,33,15,14.399887534123238
42,49,2022-03-05,1,0,34,37,45,9.77404734971821
42,49,2022-03-05,5,0,34,36,30,10.566298642707451
42,49,2022-03-05,2,0,35,38,45,5.0
42,49,2022-03-05,4,0,36,38,30,8.592262407828379
42,49,2022-03-05,5,0,39,42,45,10.072903371847076
42,49,2022-03-05,1,0,41,46,75,6.0
42,49,2022-03-05,2,0,42,44,30,9.0
42,49,2022-03-05,3,0,43,44,15,24.930602175042715
42,49,2022-03-05,4,0,44,48,60,16.865180623685454
42,49,2022-03-05,7,0,46,47,15,8.857868419329165
42,49,2022-03-05,2,0,47,49,30,11.923559684643422
42,49,2022-03-05,5,0,49,51,30,10.208888927694815
42,49,2022-03-05,0,0,50,55,75,8.307517293351914
42,49,2022-03-05,7,0,50,52,30,17.159722282492638
42,49,2022-03-05,1,0,51,56,75,8.160514987884802
42,49,2022-03-05,4,0,51,53,30,15.696393856336428
42,49,2022-03-05,6,0,51,53,30,20.997694376622484
42,49,2022-03-05,3,0,54,60,90,21.620372700348646
42,49,2022-03-05,5,0,54,57,45,21.25470734226738
42,49,2022-03-05,7,0,55,59,60,7.645621894417388
42,49,2022-03-05,6,0,58,61,45,7.0
42,49,2022-03-05,0,0,59,62,45,26.473965145045767
42,49,2022-03-05,1,0,59,61,30,35.139062069900774
42,49,2022-03-05,5,0,62,66,60,31.379994496758854
42,49,2022-03-05,2,0,63,66,45,26.74136260393273
42,49,2022-03-05,3,0,64,68,60,18.073276934962415
42,49,2022-03-05,3,0,71,75,60,35.17294920498222
42,49,2022-03-05,7,0,71,73,30,9.082920424261182
42,49,2022-03-05,2,0,72,75,45,15.598774430450703
42,49,2022-03-05,6,0,74,76,30,21.641223859619274
42,49,2022-03-05,1,0,75,77,30,15.728268156612678
42,49,2022-03-05,3,0,78,80,30,24.91269076546152
42,49,2022-03-05,5,0,78,80,30,8.350854703917449
42,49,2022-03-05,0,0,80,83,45,15.899577372932015
42,49,2022-03-05,1,0,81,85,60,12.544845130342757
78,0,2022-01-17,4,0,11,14,45,7.1621079655784925
78,0,2022-01-17,6,0,11,19,120,12.036991508073768
78,0,2022-01-17,7,0,11,15,60,14.845891817234516
78,0,2022-01-17,2,0,13,15,30,12.247757903978304
78,0,2022-01-17,0,0,15,20,75,17.197847217101057
78,0,2022-01-17,3,0,16,19,45,12.039444110164439
78,0,2022-01-17,7,0,18,25,105,14.023500230962227
78,0,2022-01-17,4,0,19,27,120,12.691971626271467
78,0,2022-01-17,3,0,22,29,105,11.244451946952452
78,0,2022-01-17,2,0,23,30,105,7.603357922905317
78,0,2022-01-17,5,0,28,30,30,14.942419233725815
78,0,2022-01-17,6,0,28,33,75,13.734579827948593
78,0,2022-01-17,1,0,31,37,90,9.829950601331177
78,0,2022-01-17,7,0,31,35,60,21.413724585099473
78,0,2022-01-17,4,0,34,39,75,14.613684218628869
78,0,2022-01-17,0,0,35,38,45,18.609206555877662
78,0,2022-01-17,3,0,35,38,45,8.370582706352273
78,0,2022-01-17,6,0,39,42,45,7.3924860209675956
78,0,2022-01-17,2,0,42,47,75,8.0
78,0,2022-01-17,5,0,43,49,90,13.146232915812263
78,0,2022-01-17,0,0,44,50,90,16.659110948758382
78,0,2022-01-17,4,0,44,54,150,23.487406813506453
78,0,2022-01-17,3,0,45,54,135,23.174031597888302
78,0,2022-01-17,1,0,51,64,195,24.65975540985147
78,0,2022-01-17,7,0,51,57,90,9.065729930694516
78,0,2022-01-17,2,0,52,61,135,9.423383531858853
78,0,2022-01-17,0,0,54,59,75,22.97026040863178
78,0,2022-01-17,6,0,54,59,75,13.297116784076195
78,0,2022-01-17,5,0,56,61,75,20.075363987618786
78,0,2022-01-17,3,0,58,67,135,24.40498223788066
78,0,2022-01-17,4,0,60,64,60,12.311868566135459
78,0,2022-01-17,0,0,62,69,105,6.0
78,0,2022-01-17,6,0,62,68,90,23.93406202143931
78,0,2022-01-17,2,0,64,68,60,10.389890842192038
78,0,2022-01-17,5,0,66,71,75,14.630753777026612
78,0,2022-01-17,7,0,69,84,225,5.0
78,0,2022-01-17,1,0,71,82,165,7.578206717937299
78,0,2022-01-17,2,0,71,74,45,31.330129547638137
78,0,2022-01-17,0,0,76,84,120,12.8799955417567
78,0,2022-03-05,4,0,15,20,75,5.8166463964532085
78,0,2022-03-05,0,0,17,18,15,9.04956436938545
78,0,2022-03-05,3,0,20,22,30,10.9501852918619
78,0,2022-03-05,7,0,20,27,105,9.872765262658199
78,0,2022-03-05,2,0,23,30,105,15.918060524335104
78,0,2022-03-05,3,0,25,32,105,13.885907629252799
78,0,2022-03-05,4,0,26,40,210,17.686870361921564
78,0,2022-03-05,5,0,28,30,30,11.312437018363738
78,0,2022-03-05,6,0,28,33,75,14.942419233725815
78,0,2022-03-05,1,0,31,37,90,9.829950601331177
78,0,2022-03-05,7,0,31,35,60,21.413724585099473
78,0,2022-03-05,0,0,35,38,45,18.609206555877662
78,0,2022-03-05,3,0,35,38,45,8.370582706352273
78,0,2022-03-05,6,0,38,41,45,13.213118062133333
78,0,2022-03-05,7,0,39,44,75,7.3924860209675956
78,0,2022-03-05,2,0,42,47,75,8.0
78,0,2022-03-05,5,0,43,49,90,13.146232915812263
78,0,2022-03-05,0,0,44,50,90,16.659110948758382
78,0,2022-03-05,4,0,44,54,150,23.487406813506453
78,0,2022-03-05,3,0,45,54,135,23.174031597888302
78,0,2022-03-05,2,0,50,56,90,6.5511346210092825
78,0,2022-03-05,1,0,51,64,195,24.65975540985147
78,0,2022-03-05,7,0,51,57,90,9.065729930694516
78,0,2022-03-05,0,0,54,59,75,22.97026040863178
78,0,2022-03-05,6,0,54,59,75,13.297116784076195
78,0,2022-03-05,5,0,56,61,75,20.075363987618786
78,0,2022-03-05,3,0,58,67,135,24.40498223788066
78,0,2022-03-05,4,0,60,64,60,12.311868566135459
78,0,2022-03-05,2,0,64,68,60,10.389890842192038
78,0,2022-03-05,5,0,66,71,75,14.630753777026612
78,0,2022-03-05,7,0,69,84,225,5.0
78,0,2022-03-05,1,0,71,82,165,7.578206717937299
78,0,2022-03-05,2,0,71,74,45,31.330129547638137
78,0,2022-03-05,0,0,76,84,120,12.8799955417567
78,1,2022-01-17,0,0,3,8,75,20.61351232511582
78,1,2022-01-17,1,0,3,7,60,26.962219474798346
78,1,2022-01-17,7,0,6,10,60,15.146568245789652
78,1,2022-01-17,1,0,11,21,150,14.764929830182162
78,1,2022-01-17,0,0,15,19,60,17.871498230887184
78,1,2022-01-17,3,0,17,21,60,5.8029503320424425
78,1,2022-01-17,4,0,19,38,285,6.435664397458055
78,1,2022-01-17,7,0,19,24,75,21.282606023545682
78,1,2022-01-17,5,0,21,26,75,7.0
78,1,2022-01-17,6,0,23,28,75,18.747287465312148
78,1,2022-01-17,1,0,25,31,90,19.00707544156441
78,1,2022-01-17,2,0,25,41,240,8.0
78,1,2022-01-17,0,0,27,30,45,8.492231999730514
78,1,2022-01-17,5,0,33,38,75,17.925411157062094
78,1,2022-01-17,1,0,38,42,60,10.95163696096295
78,1,2022-01-17,0,0,39,43,60,13.771639590919804
78,1,2022-01-17,4,0,43,46,45,5.828495364399501
78,1,2022-01-17,2,0,45,57,180,24.114777635261063
78,1,2022-01-17,5,0,46,53,105,31.875335738878107
78,1,2022-01-17,1,0,47,50,45,17.68131026211944
78,1,2022-01-17,3,0,48,53,75,7.0
78,1,2022-01-17,0,0,51,54,45,16.845290465828157
78,1,2022-01-17,1,0,54,61,105,28.88317323221684
78,1,2022-01-17,4,0,54,59,75,18.519967589753307
78,1,2022-01-17,7,0,56,60,60,5.206552108483379
78,1,2022-01-17,3,0,57,61,60,15.909580717232544
78,1,2022-01-17,0,0,58,65,105,12.486015805746234
78,1,2022-01-17,5,0,59,64,75,16.5167464628628
78,1,2022-01-17,6,0,60,64,60,31.162941021707702
78,1,2022-01-17,7,0,68,73,75,9.769393871527754
78,1,2022-01-17,1,0,70,73,45,7.879848896581478
78,1,2022-03-05,0,0,3,8,75,20.61351232511582
78,1,2022-03-05,1,0,3,7,60,26.962219474798346
78,1,2022-03-05,7,0,6,10,60,15.146568245789652
78,1,2022-03-05,4,0,19,38,285,5.6931720769791525
78,1,2022-03-05,7,0,19,24,75,21.282606023545682
78,1,2022-03-05,6,0,23,28,75,6.558825507477124
78,1,2022-03-05,1,0,25,31,90,19.00707544156441
78,1,2022-03-05,2,0,25,41,240,7.0
78,1,2022-03-05,3,0,26,29,45,19.214012252612257
78,1,2022-03-05,0,0,27,30,45,8.492231999730514
78,1,2022-03-05,5,0,33,38,75,8.0
78,1,2022-03-05,3,0,36,43,105,8.268004879277669
78,1,2022-03-05,1,0,38,42,60,10.95163696096295
78,1,2022-03-05,0,0,39,43,60,13.771639590919804
78,1,2022-03-05,6,0,39,44,75,17.387391680194767
78,1,2022-03-05,4,0,42,48,90,6.0
78,1,2022-03-05,2,0,45,57,180,24.114777635261063
78,1,2022-03-05,1,0,46,56,150,5.0
78,1,2022-03-05,5,0,46,53,105,25.61542376929978
78,1,2022-03-05,3,0,48,53,75,7.0
78,1,2022-03-05,7,0,48,55,105,7.517085941992761
78,1,2022-03-05,0,0,50,55,75,22.269038407827374
78,1,2022-03-05,4,0,54,59,75,18.519967589753307
78,1,2022-03-05,3,0,57,61,60,15.909580717232544
78,1,2022-03-05,5,0,59,64,75,16.5167464628628
78,1,2022-03-05,6,0,60,64,60,31.162941021707702
78,1,2022-03-05,0,0,61,66,75,19.271567330332914
78,1,2022-03-05,7,0,68,73,75,9.769393871527754
78,1,2022-03-05,1,0,70,73,45,7.879848896581478
78,1,2022-03-05,5,0,81,84,45,18.627981989656355
78,2,2022-01-17,3,0,11,17,90,20.458846446267607
78,2,2022-01-17,2,0,12,17,75,7.0
78,2,2022-01-17,4,0,14,23,135,15.539032744257554
78,2,2022-01-17,5,0,17,28,165,7.439906114486931
78,2,2022-01-17,0,0,20,26,90,9.0
78,2,2022-01-17,3,0,20,24,60,6.56574640669956
78,2,2022-01-17,4,0,27,31,60,5.0
78,2,2022-01-17,7,0,29,32,45,15.454947506589086
78,2,2022-01-17,1,0,31,40,135,5.038846156783194
78,2,2022-01-17,6,0,31,33,30,8.0
78,2,2022-01-17,2,0,33,39,90,17.331376324272
78,2,2022-01-17,3,0,33,37,60,6.0
78,2,2022-01-17,5,0,35,44,135,22.479350620991667
78,2,2022-01-17,7,0,36,40,60,18.272931312193023
78,2,2022-01-17,4,0,42,44,30,13.404024145482317
78,2,2022-01-17,1,0,43,45,30,11.964392686184311
78,2,2022-01-17,3,0,44,53,135,22.509232874825415
78,2,2022-01-17,6,0,47,50,45,25.218263827680225
78,2,2022-01-17,7,0,49,52,45,17.49693597222717
78,2,2022-01-17,5,0,50,54,60,31.513583064609705
78,2,2022-01-17,0,0,52,55,45,12.458039043409755
78,2,2022-01-17,1,0,52,58,90,27.60894603859184
78,2,2022-01-17,3,0,56,60,60,9.173310243293436
78,2,2022-01-17,4,0,56,59,45,15.895807732842975
78,2,2022-01-17,6,0,56,64,120,7.730142571776376
78,2,2022-01-17,7,0,56,64,120,11.007146772878855
78,2,2022-01-17,0,0,58,61,45,8.0
78,2,2022-01-17,2,0,59,62,45,19.836374973169683
78,2,2022-01-17,1,0,61,67,90,29.360463047897824
78,2,2022-01-17,5,0,62,75,195,11.210551636026544
78,2,2022-01-17,2,0,66,74,120,11.73506817465848
78,2,2022-01-17,4,0,67,70,45,5.748381859291683
78,2,2022-01-17,0,0,68,71,45,40.16097237285108
78,2,2022-01-17,3,0,69,72,45,5.30497512857761
78,2,2022-01-17,0,0,78,84,90,35.42704232054422
78,2,2022-01-17,4,0,81,85,60,31.505029620436538
78,2,2022-03-05,2,0,12,17,75,20.458846446267607
78,2,2022-03-05,4,0,14,23,135,7.0
78,2,2022-03-05,0,0,22,33,165,12.970527179030142
78,2,2022-03-05,4,0,27,31,60,5.0
78,2,2022-03-05,7,0,27,32,75,7.551605162542856
78,2,2022-03-05,1,0,29,33,60,5.242719213314942
78,2,2022-03-05,6,0,31,33,30,22.372124609824134
78,2,2022-03-05,2,0,33,39,90,17.331376324272
78,2,2022-03-05,3,0,33,37,60,13.165592145628828
78,2,2022-03-05,5,0,35,44,135,16.09984293690313
78,2,2022-03-05,7,0,36,40,60,18.272931312193023
78,2,2022-03-05,0,0,39,46,105,14.48544641374982
78,2,2022-03-05,6,0,39,44,75,14.045838111037767
78,2,2022-03-05,4,0,42,44,30,11.12480617966392
78,2,2022-03-05,1,0,43,45,30,11.964392686184311
78,2,2022-03-05,3,0,44,53,135,22.509232874825415
78,2,2022-03-05,6,0,47,50,45,25.218263827680225
78,2,2022-03-05,5,0,48,56,120,13.579121447063045
78,2,2022-03-05,7,0,49,52,45,18.605049501028404
78,2,2022-03-05,0,0,52,55,45,19.766553444482057
78,2,2022-03-05,1,0,52,58,90,27.60894603859184
78,2,2022-03-05,3,0,56,60,60,9.173310243293436
78,2,2022-03-05,4,0,56,59,45,15.895807732842975
78,2,2022-03-05,6,0,56,64,120,7.730142571776376
78,2,2022-03-05,7,0,56,64,120,11.007146772878855
78,2,2022-03-05,0,0,58,61,45,8.0
78,2,2022-03-05,1,0,61,67,90,29.360463047897824
78,2,2022-03-05,5,0,62,75,195,11.210551636026544
78,2,2022-03-05,2,0,66,74,120,32.31675748650202
78,2,2022-03-05,4,0,67,70,45,5.748381859291683
78,2,2022-03-05,0,0,68,71,45,40.16097237285108
78,2,2022-03-05,3,0,69,72,45,5.30497512857761
78,2,2022-03-05,0,0,78,84,90,35.42704232054422
78,2,2022-03-05,3,0,79,85,90,15.001423824025316
78,2,2022-03-05,4,0,81,85,60,31.505029620436538
78,3,2022-01-17,6,0,7,10,45,25.246197358331543
78,3,2022-01-17,0,0,11,18,105,16.72770614177145
78,3,2022-01-17,3,0,14,24,150,21.76004782745686
78,3,2022-01-17,7,0,14,19,75,18.19434934645161
78,3,2022-01-17,6,0,16,21,75,21.896128986303935
78,3,2022-01-17,1,0,18,23,75,20.819853598378046
78,3,2022-01-17,5,0,19,26,105,13.668307486651031
78,3,2022-01-17,6,0,24,29,75,14.954439219835791
78,3,2022-01-17,7,0,25,32,105,14.781205875578976
78,3,2022-01-17,2,0,27,30,45,10.070900435611051
78,3,2022-01-17,3,0,28,33,75,11.681498074767084
78,3,2022-01-17,5,0,29,43,210,10.342310986998172
78,3,2022-01-17,1,0,33,37,60,18.958434460570125
78,3,2022-01-17,4,0,35,42,105,16.550141476325315
78,3,2022-01-17,0,0,36,40,60,10.20297212664505
78,3,2022-01-17,2,0,36,45,135,15.999222753205899
78,3,2022-01-17,7,0,36,39,45,8.720146873688833
78,3,2022-01-17,1,0,44,52,120,18.937920841554764
78,3,2022-01-17,4,0,45,51,90,16.27452521314237
78,3,2022-01-17,3,0,46,50,60,7.995069023945639
78,3,2022-01-17,5,0,50,55,75,13.405340708263111
78,3,2022-01-17,2,0,51,54,45,10.686487908930474
78,3,2022-01-17,7,0,52,54,30,16.376688394442553
78,3,2022-01-17,6,0,53,55,30,22.81573412905304
78,3,2022-01-17,0,0,54,59,75,18.788121933229462
78,3,2022-01-17,3,0,57,61,60,29.798504988582827
78,3,2022-01-17,1,0,58,71,195,20.719420515618076
78,3,2022-01-17,4,0,58,61,45,6.198216761144877
78,3,2022-01-17,6,0,58,61,45,19.202713468528103
78,3,2022-01-17,7,0,60,64,60,12.600216325463208
78,3,2022-01-17,0,0,67,70,45,26.56099618929222
78,3,2022-01-17,2,0,67,69,30,15.227962936646094
78,3,2022-01-17,3,0,70,72,30,26.66802693249508
78,3,2022-01-17,7,0,70,73,45,30.515799437408162
78,3,2022-01-17,5,0,76,78,30,18.724992756346495
78,3,2022-03-05,6,0,7,10,45,25.246197358331543
78,3,2022-03-05,0,0,17,22,75,12.576103703370443
78,3,2022-03-05,6,0,20,27,105,20.091839330828996
78,3,2022-03-05,1,0,24,31,105,17.876181349037857
78,3,2022-03-05,3,0,24,32,120,14.94691055019291
78,3,2022-03-05,7,0,25,32,105,21.33513726241266
78,3,2022-03-05,2,0,27,30,45,14.141031920720557
78,3,2022-03-05,5,0,29,43,210,10.273343970621653
78,3,2022-03-05,1,0,34,38,60,19.56515764544642
78,3,2022-03-05,4,0,35,42,105,16.550141476325315
78,3,2022-03-05,0,0,36,40,60,10.458919174698366
78,3,2022-03-05,2,0,36,45,135,15.999222753205899
78,3,2022-03-05,7,0,36,39,45,8.720146873688833
78,3,2022-03-05,3,0,43,49,90,22.448743543221
78,3,2022-03-05,1,0,44,52,120,11.909337175956573
78,3,2022-03-05,4,0,45,51,90,16.27452521314237
78,3,2022-03-05,5,0,48,52,60,10.47179078528039
78,3,2022-03-05,2,0,51,54,45,17.735424280337014
78,3,2022-03-05,7,0,52,54,30,16.376688394442553
78,3,2022-03-05,6,0,53,55,30,22.81573412905304
78,3,2022-03-05,0,0,54,59,75,18.788121933229462
78,3,2022-03-05,3,0,57,61,60,29.798504988582827
78,3,2022-03-05,4,0,63,66,45,19.193811690692783
78,3,2022-03-05,0,0,67,70,45,26.56099618929222
78,3,2022-03-05,2,0,67,69,30,15.227962936646094
78,3,2022-03-05,3,0,70,72,30,26.66802693249508
78,3,2022-03-05,7,0,70,73,45,30.515799437408162
78,3,2022-03-05,5,0,76,78,30,18.724992756346495
78,4,2022-01-17,0,0,8,15,105,8.978635235231032
78,4,2022-01-17,1,0,16,25,135,11.926724698652713
78,4,2022-01-17,4,0,18,21,45,23.863710904229784
78,4,2022-01-17,7,0,18,23,75,8.26055015877126
78,4,2022-01-17,0,0,19,25,90,12.181933142145922
78,4,2022-01-17,6,0,19,31,180,8.953387593273945
78,4,2022-01-17,3,0,21,29,120,8.0
78,4,2022-01-17,2,0,24,32,120,13.370904607259504
78,4,2022-01-17,7,0,29,34,75,10.20691027476277
78,4,2022-01-17,1,0,30,42,180,7.597206648530658
78,4,2022-01-17,3,0,34,36,30,6.0
78,4,2022-01-17,5,0,34,37,45,12.161406961136024
78,4,2022-01-17,6,0,35,40,75,10.638122307759879
78,4,2022-01-17,6,0,43,55,180,20.741136054173836
78,4,2022-01-17,5,0,44,54,150,25.583189960432343
78,4,2022-01-17,4,0,46,50,60,17.50143506984108
78,4,2022-01-17,2,0,47,51,60,7.847437834408076
78,4,2022-01-17,3,0,53,58,75,21.714700994611526
78,4,2022-01-17,7,0,53,57,60,13.709969031695422
78,4,2022-01-17,2,0,54,57,45,18.601616245239356
78,4,2022-01-17,4,0,54,58,60,18.21241147457198
78,4,2022-01-17,1,0,55,66,165,23.308496305407502
78,4,2022-01-17,0,0,56,60,60,14.298071436367927
78,4,2022-01-17,5,0,59,69,150,15.996569220731608
78,4,2022-01-17,6,0,59,72,195,21.509493172116322
78,4,2022-01-17,2,0,60,66,90,12.48886220894537
78,4,2022-01-17,7,0,60,65,75,11.043344139721171
78,4,2022-01-17,3,0,62,66,60,8.0
78,4,2022-01-17,3,0,70,76,90,25.290860555310182
78,4,2022-01-17,2,0,72,79,105,14.113324571684885
78,4,2022-01-17,4,0,76,82,90,15.44348853975049
78,4,2022-01-17,7,0,82,88,90,28.54273172893729
78,4,2022-03-05,0,0,17,27,150,5.885116469126018
78,4,2022-03-05,4,0,18,21,45,11.040763686028072
78,4,2022-03-05,7,0,19,24,75,23.41226527872857
78,4,2022-03-05,6,0,21,26,75,8.392007398798029
78,4,2022-03-05,2,0,24,32,120,9.124731076450942
78,4,2022-03-05,3,0,27,32,75,8.0
78,4,2022-03-05,7,0,28,31,45,18.862703277818788
78,4,2022-03-05,1,0,30,42,180,13.846435642111715
78,4,2022-03-05,6,0,31,35,60,5.582343099071849
78,4,2022-03-05,4,0,32,39,105,7.0
78,4,2022-03-05,0,0,34,39,75,15.052309470102962
78,4,2022-03-05,5,0,34,37,45,12.161406961136024
78,4,2022-03-05,3,0,38,44,90,11.80114809407602
78,4,2022-03-05,5,0,40,44,60,15.933591002390926
78,4,2022-03-05,2,0,42,47,75,19.9776624315504
78,4,2022-03-05,6,0,43,55,180,16.62730400944872
78,4,2022-03-05,4,0,46,50,60,7.646629520399124
78,4,2022-03-05,5,0,47,53,90,7.222416614971699
78,4,2022-03-05,2,0,52,57,75,24.0614586427658
78,4,2022-03-05,3,0,53,58,75,21.714700994611526
78,4,2022-03-05,7,0,53,57,60,13.709969031695422
78,4,2022-03-05,4,0,54,58,60,18.21241147457198
78,4,2022-03-05,1,0,55,66,165,23.308496305407502
78,4,2022-03-05,5,0,59,69,150,15.996569220731608
78,4,2022-03-05,2,0,60,66,90,12.48886220894537
78,4,2022-03-05,7,0,60,65,75,11.043344139721171
78,4,2022-03-05,6,0,61,66,75,22.88836922035
78,4,2022-03-05,3,0,62,66,60,8.0
78,4,2022-03-05,3,0,70,76,90,22.36275259527774
78,4,2022-03-05,2,0,72,79,105,14.113324571684885
78,4,2022-03-05,6,0,73,78,75,25.779595264494333
78,4,2022-03-05,4,0,76,82,90,15.44348853975049
78,4,2022-03-05,7,0,82,88,90,28.54273172893729
78,5,2022-01-17,2,0,10,14,60,6.0
78,5,2022-01-17,3,0,15,18,45,19.850620711359326
78,5,2022-01-17,7,0,15,23,120,12.979894327215199
78,5,2022-01-17,6,0,16,21,75,7.915377679591941
78,5,2022-01-17,1,0,18,25,105,11.559564358721495
78,5,2022-01-17,2,0,18,26,120,5.017289650217592
78,5,2022-01-17,3,0,22,27,75,19.273440995541698
78,5,2022-01-17,4,0,22,28,90,10.158989919195221
78,5,2022-01-17,1,0,30,33,45,5.93502145240285
78,5,2022-01-17,0,0,31,39,120,19.524704107185855
78,5,2022-01-17,5,0,31,35,60,14.356796918408229
78,5,2022-01-17,7,0,31,35,60,8.56373043122214
78,5,2022-01-17,1,0,39,48,135,6.996604411740513
78,5,2022-01-17,2,0,39,41,30,7.394676027340125
78,5,2022-01-17,7,0,41,43,30,22.334869756979003
78,5,2022-01-17,5,0,43,49,90,21.366639303264137
78,5,2022-01-17,0,0,45,55,150,19.40400466992979
78,5,2022-01-17,4,0,46,48,30,6.199004564957853
78,5,2022-01-17,7,0,48,53,75,10.17206791596606
78,5,2022-01-17,3,0,50,54,60,29.437508113559915
78,5,2022-01-17,6,0,50,61,165,12.850347509682727
78,5,2022-01-17,4,0,52,57,75,7.0
78,5,2022-01-17,2,0,53,58,75,21.500899161818666
78,5,2022-01-17,1,0,56,61,75,12.21835628337017
78,5,2022-01-17,5,0,57,63,90,6.0
78,5,2022-01-17,6,0,65,69,60,29.912743835602093
78,5,2022-01-17,4,0,66,80,210,7.136557136786102
78,5,2022-01-17,2,0,67,73,90,35.73884638648346
78,5,2022-01-17,0,0,68,73,75,28.24368236052262
78,5,2022-01-17,5,0,75,79,60,36.976783152039644
78,5,2022-03-05,3,0,15,18,45,6.0
78,5,2022-03-05,6,0,19,22,45,18.02841174814563
78,5,2022-03-05,3,0,22,27,75,19.273440995541698
78,5,2022-03-05,4,0,22,28,90,12.206916167312954
78,5,2022-03-05,5,0,26,31,75,7.508744583514158
78,5,2022-03-05,2,0,29,35,90,11.9689709742577
78,5,2022-03-05,1,0,30,33,45,10.354019782226274
78,5,2022-03-05,0,0,31,39,120,19.524704107185855
78,5,2022-03-05,3,0,31,35,60,11.572634525197941
78,5,2022-03-05,7,0,31,35,60,14.356796918408229
78,5,2022-03-05,1,0,39,48,135,20.464704421739114
78,5,2022-03-05,2,0,39,41,30,20.269020628918852
78,5,2022-03-05,3,0,40,44,60,12.194010711619015
78,5,2022-03-05,7,0,40,43,45,18.233332657166308
78,5,2022-03-05,5,0,43,49,90,21.366639303264137
78,5,2022-03-05,6,0,43,51,120,7.664868477194261
78,5,2022-03-05,0,0,45,55,150,19.40400466992979
78,5,2022-03-05,4,0,46,48,30,8.526844889378843
78,5,2022-03-05,7,0,48,53,75,20.994395097274754
78,5,2022-03-05,3,0,50,54,60,10.367122255011786
78,5,2022-03-05,4,0,52,57,75,7.0
78,5,2022-03-05,2,0,53,58,75,21.500899161818666
78,5,2022-03-05,6,0,54,58,60,30.142353354458955
78,5,2022-03-05,1,0,56,61,75,12.21835628337017
78,5,2022-03-05,5,0,59,62,45,35.22230733377336
78,5,2022-03-05,5,0,65,69,60,7.0
78,5,2022-03-05,6,0,65,69,60,29.912743835602093
78,5,2022-03-05,4,0,66,80,210,7.136557136786102
78,5,2022-03-05,2,0,67,73,90,35.73884638648346
78,5,2022-03-05,0,0,68,73,75,28.24368236052262
78,5,2022-03-05,5,0,75,79,60,36.976783152039644
78,5,2022-03-05,7,0,80,84,60,11.691420879256292
78,6,2022-01-17,7,0,12,18,90,12.854084187891111
78,6,2022-01-17,1,0,14,19,75,23.882804641504386
78,6,2022-01-17,3,0,14,21,105,6.188580939170137
78,6,2022-01-17,4,0,15,23,120,11.731058115572914
78,6,2022-01-17,2,0,18,20,30,17.123904348647272
78,6,2022-01-17,0,0,21,25,60,5.0
78,6,2022-01-17,6,0,21,25,60,6.931128924914319
78,6,2022-01-17,1,0,23,28,75,13.148990202524615
78,6,2022-01-17,2,0,23,30,105,17.898732677733165
78,6,2022-01-17,1,0,31,35,60,9.268153883815017
78,6,2022-01-17,5,0,33,38,75,17.458043095183392
78,6,2022-01-17,6,0,37,41,60,19.326701433026415
78,6,2022-01-17,1,0,38,40,30,9.0
78,6,2022-01-17,4,0,41,46,75,11.574700897442668
78,6,2022-01-17,3,0,43,50,105,16.112524496906175
78,6,2022-01-17,5,0,47,57,150,14.806734810570163
78,6,2022-01-17,0,0,48,52,60,8.305040301311237
78,6,2022-01-17,2,0,54,58,60,24.443622751119236
78,6,2022-01-17,3,0,54,61,105,11.475406633121779
78,6,2022-01-17,6,0,54,57,45,23.534804509794952
78,6,2022-01-17,1,0,55,58,45,34.631089242021275
78,6,2022-01-17,0,0,57,60,45,5.0
78,6,2022-01-17,4,0,58,61,45,15.010774280602888
78,6,2022-01-17,1,0,63,66,45,15.68788042234587
78,6,2022-01-17,7,0,64,67,45,5.340858803695198
78,6,2022-01-17,6,0,67,72,75,18.98518669567595
78,6,2022-01-17,1,0,70,76,90,10.931980709073088
78,6,2022-01-17,7,0,70,76,90,9.070088840201656
78,6,2022-01-17,0,0,73,87,210,7.464804243933031
78,6,2022-01-17,6,0,75,82,105,37.73784776462482
78,6,2022-01-17,3,0,80,85,75,21.183963391858427
78,6,2022-03-05,0,0,21,25,60,9.817654508215625
78,6,2022-03-05,1,0,21,25,60,19.93512542333604
78,6,2022-03-05,6,0,21,25,60,5.165646960927958
78,6,2022-03-05,2,0,22,31,135,11.032450600959407
78,6,2022-03-05,4,0,22,26,60,17.396411767752433
78,6,2022-03-05,7,0,26,29,45,5.0
78,6,2022-03-05,6,0,28,42,210,11.534344340579075
78,6,2022-03-05,5,0,30,35,75,7.064191083222241
78,6,2022-03-05,1,0,31,35,60,9.268153883815017
78,6,2022-03-05,1,0,38,40,30,9.0
78,6,2022-03-05,2,0,39,44,75,9.213090163546084
78,6,2022-03-05,3,0,41,50,135,19.560683952395365
78,6,2022-03-05,4,0,41,46,75,11.574700897442668
78,6,2022-03-05,5,0,42,51,135,20.162806693582503
78,6,2022-03-05,6,0,45,52,105,19.212445126710392
78,6,2022-03-05,0,0,48,52,60,18.224396511117256
78,6,2022-03-05,2,0,54,58,60,24.443622751119236
78,6,2022-03-05,3,0,54,61,105,11.475406633121779
78,6,2022-03-05,1,0,55,58,45,34.631089242021275
78,6,2022-03-05,4,0,58,61,45,15.010774280602888
78,6,2022-03-05,6,0,58,64,90,7.127525359709516
78,6,2022-03-05,1,0,63,66,45,15.68788042234587
78,6,2022-03-05,7,0,64,67,45,14.013743578771091
78,6,2022-03-05,6,0,67,72,75,18.98518669567595
78,6,2022-03-05,1,0,70,76,90,10.931980709073088
78,6,2022-03-05,7,0,70,76,90,9.070088840201656
78,6,2022-03-05,6,0,75,82,105,37.73784776462482
78,6,2022-03-05,3,0,80,85,75,21.183963391858427
78,7,2022-01-17,1,0,13,19,90,9.815934688311813
78,7,2022-01-17,0,0,14,17,45,19.55273727714153
78,7,2022-01-17,3,0,15,21,90,26.400877038346742
78,7,2022-01-17,5,0,17,21,60,12.666141541658746
78,7,2022-01-17,2,0,18,22,60,9.0
78,7,2022-01-17,7,0,19,25,90,19.06031586613465
78,7,2022-01-17,0,0,20,26,90,18.65519410162677
78,7,2022-01-17,4,0,22,25,45,23.54778478393097
78,7,2022-01-17,6,0,22,26,60,7.322276753871932
78,7,2022-01-17,5,0,25,31,90,11.603025660040856
78,7,2022-01-17,7,0,29,36,105,14.185827036836926
78,7,2022-01-17,1,0,30,32,30,28.390599806576418
78,7,2022-01-17,6,0,31,38,105,26.62703307322144
78,7,2022-01-17,2,0,32,35,45,15.153470419877394
78,7,2022-01-17,6,0,41,46,75,11.957480657972397
78,7,2022-01-17,7,0,41,48,105,31.39904564884703
78,7,2022-01-17,4,0,43,52,135,11.081746982603306
78,7,2022-01-17,5,0,43,51,120,13.354777073608105
78,7,2022-01-17,3,0,45,48,45,5.048223430571824
78,7,2022-01-17,1,0,47,52,75,6.853958055139451
78,7,2022-01-17,7,0,51,56,75,22.170931472262083
78,7,2022-01-17,6,0,52,60,120,10.608051532107545
78,7,2022-01-17,2,0,53,56,45,17.450397663381487
78,7,2022-01-17,1,0,55,58,45,17.417973669790697
78,7,2022-01-17,0,0,56,59,45,30.0932749786084
78,7,2022-01-17,5,0,56,58,30,25.2275239728691
78,7,2022-01-17,3,0,57,58,15,5.0
78,7,2022-01-17,2,0,60,66,90,6.0
78,7,2022-01-17,0,0,63,68,75,35.17428863122336
78,7,2022-01-17,4,0,63,66,45,14.796418342228705
78,7,2022-01-17,3,0,64,72,120,32.34542692926243
78,7,2022-01-17,5,0,64,67,45,36.59201167247434
78,7,2022-01-17,6,0,64,69,75,16.2324967590274
78,7,2022-01-17,1,0,65,72,105,28.4746277707181
78,7,2022-01-17,5,0,70,79,135,29.409953380049544
78,7,2022-01-17,2,0,71,75,60,25.468889983026564
78,7,2022-01-17,6,0,77,81,60,20.05459950151962
78,7,2022-01-17,1,0,78,85,105,21.660131775730072
78,7,2022-03-05,1,0,13,19,90,9.815934688311813
78,7,2022-03-05,3,0,15,21,90,17.354272232689517
78,7,2022-03-05,7,0,19,25,90,23.977380288522248
78,7,2022-03-05,0,0,20,26,90,12.426527752591788
78,7,2022-03-05,6,0,22,26,60,9.0
78,7,2022-03-05,2,0,23,27,60,19.425078463189045
78,7,2022-03-05,5,0,25,31,90,23.752588364724666
78,7,2022-03-05,3,0,28,31,45,23.392257850880718
78,7,2022-03-05,7,0,29,36,105,14.185827036836926
78,7,2022-03-05,1,0,30,32,30,28.390599806576418
78,7,2022-03-05,6,0,31,38,105,26.62703307322144
78,7,2022-03-05,2,0,32,35,45,15.153470419877394
78,7,2022-03-05,4,0,36,43,105,7.467300470383435
78,7,2022-03-05,3,0,39,48,135,8.0
78,7,2022-03-05,5,0,40,44,60,17.89682566159607
78,7,2022-03-05,6,0,41,46,75,31.39904564884703
78,7,2022-03-05,7,0,41,48,105,10.673831934377105
78,7,2022-03-05,2,0,42,48,90,12.863192620129517
78,7,2022-03-05,1,0,47,52,75,6.853958055139451
78,7,2022-03-05,7,0,51,56,75,22.170931472262083
78,7,2022-03-05,6,0,52,60,120,10.608051532107545
78,7,2022-03-05,2,0,53,56,45,17.450397663381487
78,7,2022-03-05,4,0,54,63,135,21.483791391308998
78,7,2022-03-05,1,0,55,58,45,17.417973669790697
78,7,2022-03-05,0,0,56,59,45,30.0932749786084
78,7,2022-03-05,5,0,56,58,30,25.2275239728691
78,7,2022-03-05,3,0,57,58,15,5.0
78,7,2022-03-05,2,0,60,66,90,6.0
78,7,2022-03-05,0,0,63,68,75,35.17428863122336
78,7,2022-03-05,3,0,64,72,120,32.34542692926243
78,7,2022-03-05,5,0,64,67,45,36.59201167247434
78,7,2022-03-05,6,0,64,69,75,16.2324967590274
78,7,2022-03-05,1,0,65,72,105,28.4746277707181
78,7,2022-03-05,5,0,70,79,135,29.409953380049544
78,7,2022-03-05,2,0,71,75,60,25.468889983026564
78,7,2022-03-05,6,0,77,81,60,20.05459950151962
78,7,2022-03-05,1,0,78,85,105,21.660131775730072
78,8,2022-01-17,2,0,12,18,90,19.505237475317145
78,8,2022-01-17,1,0,15,17,30,18.779218897387274
78,8,2022-01-17,3,0,15,20,75,24.123635223873286
78,8,2022-01-17,4,0,16,22,90,32.53162412317633
78,8,2022-01-17,0,0,21,32,165,23.689564213216308
78,8,2022-01-17,4,0,25,32,105,13.620015513546448
78,8,2022-01-17,6,0,26,29,45,13.566173004371613
78,8,2022-01-17,1,0,28,36,120,9.762642792062245
78,8,2022-01-17,3,0,32,38,90,6.2245869415475354
78,8,2022-01-17,7,0,35,41,90,16.03788436578718
78,8,2022-01-17,5,0,37,40,45,11.031401992611258
78,8,2022-01-17,6,0,39,42,45,26.611066956251506
78,8,2022-01-17,4,0,40,48,120,10.490085386523639
78,8,2022-01-17,0,0,41,45,60,13.643248963906188
78,8,2022-01-17,1,0,41,47,90,15.118705733863898
78,8,2022-01-17,2,0,45,50,75,8.0
78,8,2022-01-17,6,0,45,46,15,30.596059088954533
78,8,2022-01-17,3,0,48,53,75,12.342527540943522
78,8,2022-01-17,0,0,49,56,105,17.70614922652399
78,8,2022-01-17,5,0,54,56,30,21.40854221678962
78,8,2022-01-17,4,0,55,60,75,9.0
78,8,2022-01-17,2,0,56,61,75,10.729928050690866
78,8,2022-01-17,1,0,57,64,105,15.24174528321528
78,8,2022-01-17,7,0,57,61,60,23.8297763168843
78,8,2022-01-17,3,0,58,65,105,18.395589133174767
78,8,2022-01-17,5,0,59,61,30,14.19603005927791
78,8,2022-01-17,6,0,61,67,90,27.185805580359045
78,8,2022-01-17,7,0,64,74,150,8.0
78,8,2022-01-17,0,0,65,69,60,13.820489839093128
78,8,2022-01-17,2,0,66,72,90,21.118862505064612
78,8,2022-01-17,1,0,69,78,135,40.65958885816151
78,8,2022-01-17,4,0,75,77,30,11.809017579163637
78,8,2022-01-17,6,0,76,82,90,13.235307522414644
78,8,2022-01-17,3,0,82,86,60,26.60895114085615
78,8,2022-03-05,2,0,16,22,90,15.841016334581838
78,8,2022-03-05,1,0,18,22,60,17.38422939180169
78,8,2022-03-05,3,0,18,34,240,22.331642800878527
78,8,2022-03-05,0,0,21,32,165,30.594302114272182
78,8,2022-03-05,4,0,25,32,105,23.89560090086345
78,8,2022-03-05,6,0,26,29,45,13.566173004371613
78,8,2022-03-05,1,0,28,36,120,9.762642792062245
78,8,2022-03-05,5,0,29,32,45,16.028321739297297
78,8,2022-03-05,7,0,35,41,90,10.66140633450118
78,8,2022-03-05,2,0,36,39,45,8.0
78,8,2022-03-05,5,0,37,40,45,20.301390132582668
78,8,2022-03-05,3,0,39,44,75,14.223292860371558
78,8,2022-03-05,6,0,39,42,45,26.611066956251506
78,8,2022-03-05,4,0,40,48,120,10.490085386523639
78,8,2022-03-05,0,0,41,45,60,13.643248963906188
78,8,2022-03-05,1,0,41,47,90,15.118705733863898
78,8,2022-03-05,5,0,43,56,195,11.440098789467115
78,8,2022-03-05,2,0,45,50,75,16.172307923710754
78,8,2022-03-05,6,0,45,46,15,8.0
78,8,2022-03-05,3,0,48,53,75,31.399542901604377
78,8,2022-03-05,0,0,49,56,105,17.70614922652399
78,8,2022-03-05,4,0,55,60,75,9.0
78,8,2022-03-05,2,0,56,61,75,10.729928050690866
78,8,2022-03-05,1,0,57,64,105,15.24174528321528
78,8,2022-03-05,7,0,57,61,60,7.305637217560417
78,8,2022-03-05,3,0,59,64,75,5.0
78,8,2022-03-05,5,0,61,68,105,15.936532027855051
78,8,2022-03-05,6,0,61,67,90,27.185805580359045
78,8,2022-03-05,7,0,64,74,150,8.0
78,8,2022-03-05,0,0,65,69,60,13.820489839093128
78,8,2022-03-05,2,0,66,72,90,21.118862505064612
78,8,2022-03-05,1,0,69,78,135,40.65958885816151
78,8,2022-03-05,4,0,75,77,30,11.809017579163637
78,8,2022-03-05,6,0,76,82,90,13.235307522414644
78,8,2022-03-05,3,0,82,86,60,26.60895114085615
78,9,2022-01-17,4,0,12,19,105,17.484340608081787
78,9,2022-01-17,0,0,14,24,150,26.83210055440847
78,9,2022-01-17,3,0,15,18,45,18.613462110545726
78,9,2022-01-17,5,0,16,18,30,16.924673667171476
78,9,2022-01-17,2,0,17,21,60,21.04470426871032
78,9,2022-01-17,4,0,22,26,60,9.972971024162597
78,9,2022-01-17,6,0,22,26,60,6.241951595186258
78,9,2022-01-17,2,0,24,27,45,18.376653481425862
78,9,2022-01-17,1,0,25,28,45,28.450851941100353
78,9,2022-01-17,6,0,31,39,120,23.511615924288222
78,9,2022-01-17,5,0,33,38,75,10.912686446317842
78,9,2022-01-17,7,0,36,38,30,13.210183143796577
78,9,2022-01-17,4,0,39,44,75,8.84244365896727
78,9,2022-01-17,3,0,43,45,30,8.085464357716766
78,9,2022-01-17,6,0,43,54,165,11.875929282665702
78,9,2022-01-17,2,0,45,49,60,9.578261362575411
78,9,2022-01-17,5,0,49,54,75,7.201896899208407
78,9,2022-01-17,0,0,50,54,60,8.0
78,9,2022-01-17,1,0,53,59,90,16.267586421278764
78,9,2022-01-17,3,0,53,57,60,11.646791029009961
78,9,2022-01-17,4,0,54,57,45,6.2509242031172505
78,9,2022-01-17,2,0,56,59,45,8.361329338075919
78,9,2022-01-17,0,0,58,62,60,38.566232215446846
78,9,2022-01-17,5,0,58,60,30,17.718100808241218
78,9,2022-01-17,0,0,66,72,90,29.38368662836777
78,9,2022-01-17,2,0,66,71,75,19.730788040606768
78,9,2022-01-17,1,0,68,72,60,13.122581225992512
78,9,2022-01-17,5,0,68,73,75,22.19071071004423
78,9,2022-01-17,6,0,69,72,45,11.436649873970168
78,9,2022-01-17,4,0,70,75,75,9.977617446306091
78,9,2022-03-05,4,0,19,21,30,12.896279436864802
78,9,2022-03-05,6,0,22,26,60,22.39692104645561
78,9,2022-03-05,2,0,23,29,90,17.22833170354383
78,9,2022-03-05,1,0,25,28,45,16.055210107506838
78,9,2022-03-05,4,0,28,31,45,7.0
78,9,2022-03-05,6,0,31,39,120,23.511615924288222
78,9,2022-03-05,5,0,33,38,75,21.87770420409924
78,9,2022-03-05,2,0,34,44,150,10.27708244373791
78,9,2022-03-05,7,0,36,38,30,6.36557858294524
78,9,2022-03-05,4,0,39,44,75,9.0
78,9,2022-03-05,3,0,43,45,30,15.419480055694606
78,9,2022-03-05,6,0,43,54,165,9.687008679417985
78,9,2022-03-05,2,0,47,57,150,22.29429062168292
78,9,2022-03-05,3,0,49,52,45,8.510427330548794
78,9,2022-03-05,5,0,49,54,75,8.0
78,9,2022-03-05,0,0,50,54,60,6.0
78,9,2022-03-05,1,0,53,59,90,16.267586421278764
78,9,2022-03-05,4,0,54,57,45,6.2509242031172505
78,9,2022-03-05,3,0,56,63,105,32.742269909181985
78,9,2022-03-05,0,0,66,72,90,29.38368662836777
78,9,2022-03-05,2,0,66,71,75,19.730788040606768
78,9,2022-03-05,1,0,68,72,60,13.122581225992512
78,9,2022-03-05,5,0,68,73,75,22.19071071004423
78,9,2022-03-05,6,0,69,72,45,6.845359112070838
78,9,2022-03-05,4,0,70,75,75,9.977617446306091
78,9,2022-03-05,2,0,82,85,45,7.0
78,10,2022-01-17,4,0,11,15,60,11.221433635098613
78,10,2022-01-17,1,0,12,17,75,7.0
78,10,2022-01-17,0,0,13,15,30,18.10118732457316
78,10,2022-01-17,5,0,13,17,60,24.982740477636582
78,10,2022-01-17,6,0,16,21,75,9.729625745497465
78,10,2022-01-17,3,0,18,20,30,13.301014578491774
78,10,2022-01-17,7,0,18,24,90,9.0
78,10,2022-01-17,1,0,21,24,45,7.701677938560948
78,10,2022-01-17,5,0,21,23,30,16.678857203033445
78,10,2022-01-17,2,0,25,29,60,12.510396339794163
78,10,2022-01-17,3,0,26,39,195,20.60076457255596
78,10,2022-01-17,5,0,28,37,135,26.255422058712604
78,10,2022-01-17,7,0,28,39,165,8.456443623435113
78,10,2022-01-17,1,0,34,39,75,7.0
78,10,2022-01-17,0,0,35,37,30,7.616285941642296
78,10,2022-01-17,2,0,35,44,135,7.782088991048148
78,10,2022-01-17,4,0,37,45,120,14.477263859146632
78,10,2022-01-17,1,0,43,50,105,7.934354075824679
78,10,2022-01-17,6,0,48,52,60,24.916394655580262
78,10,2022-01-17,5,0,50,59,135,9.0
78,10,2022-01-17,0,0,52,59,105,12.640118937313233
78,10,2022-01-17,1,0,54,60,90,26.392048154698145
78,10,2022-01-17,4,0,54,57,45,24.553225927775152
78,10,2022-01-17,6,0,55,61,90,6.0
78,10,2022-01-17,2,0,56,57,15,15.94081956851916
78,10,2022-01-17,3,0,60,68,120,16.362715127239838
78,10,2022-01-17,5,0,63,68,75,25.662860805080257
78,10,2022-01-17,7,0,64,69,75,15.333567817951604
78,10,2022-01-17,0,0,65,68,45,22.25078398865039
78,10,2022-01-17,1,0,66,70,60,10.472311564946487
78,10,2022-01-17,6,0,68,75,105,14.777441907056755
78,10,2022-01-17,0,0,71,75,60,14.098144827754915
78,10,2022-01-17,4,0,73,84,165,26.352293679675867
78,10,2022-01-17,2,0,75,78,45,31.33905978023433
78,10,2022-03-05,0,0,13,15,30,10.267892282034083
78,10,2022-03-05,6,0,16,21,75,7.0
78,10,2022-03-05,5,0,18,22,60,14.872494725237118
78,10,2022-03-05,1,0,19,22,45,20.138276269610074
78,10,2022-03-05,7,0,24,31,105,9.005590614966778
78,10,2022-03-05,2,0,25,29,60,13.630209762069668
78,10,2022-03-05,3,0,26,39,195,9.0
78,10,2022-03-05,1,0,27,30,45,8.221495500056136
78,10,2022-03-05,5,0,28,37,135,26.255422058712604
78,10,2022-03-05,2,0,32,36,60,21.757697597114415
78,10,2022-03-05,1,0,34,39,75,7.0
78,10,2022-03-05,0,0,35,37,30,7.616285941642296
78,10,2022-03-05,4,0,37,45,120,13.087114035291386
78,10,2022-03-05,5,0,40,45,75,27.334498661713333
78,10,2022-03-05,1,0,43,50,105,7.934354075824679
78,10,2022-03-05,2,0,44,49,75,23.066172869006877
78,10,2022-03-05,3,0,44,49,75,21.38156920476419
78,10,2022-03-05,6,0,48,52,60,9.0
78,10,2022-03-05,5,0,50,59,135,12.62368321197011
78,10,2022-03-05,0,0,52,59,105,21.838148727657355
78,10,2022-03-05,1,0,54,60,90,26.392048154698145
78,10,2022-03-05,4,0,54,57,45,24.553225927775152
78,10,2022-03-05,6,0,55,61,90,6.0
78,10,2022-03-05,2,0,56,57,15,15.94081956851916
78,10,2022-03-05,7,0,64,69,75,30.673642422175796
78,10,2022-03-05,0,0,65,68,45,22.25078398865039
78,10,2022-03-05,1,0,66,70,60,10.472311564946487
78,10,2022-03-05,3,0,67,70,45,31.472571330872356
78,10,2022-03-05,5,0,68,75,105,13.365007829087737
78,10,2022-03-05,6,0,68,75,105,14.777441907056755
78,10,2022-03-05,0,0,71,75,60,14.098144827754915
78,10,2022-03-05,4,0,73,84,165,26.352293679675867
78,10,2022-03-05,2,0,75,78,45,31.33905978023433
78,10,2022-03-05,1,0,80,84,60,19.427425864475026
78,11,2022-01-17,3,0,14,18,60,14.274324183019012
78,11,2022-01-17,7,0,14,18,60,20.30515355029557
78,11,2022-01-17,4,0,16,20,60,14.142521855071301
78,11,2022-01-17,5,0,16,20,60,17.98421706653498
78,11,2022-01-17,0,0,17,26,135,5.0
78,11,2022-01-17,6,0,17,26,135,14.660253619220107
78,11,2022-01-17,2,0,19,26,105,17.207710599575307
78,11,2022-01-17,3,0,21,30,135,11.155482756284172
78,11,2022-01-17,5,0,23,26,45,6.203591459774579
78,11,2022-01-17,4,0,26,29,45,22.061407003702875
78,11,2022-01-17,0,0,29,35,90,12.996123023113512
78,11,2022-01-17,6,0,33,36,45,11.269952690673577
78,11,2022-01-17,3,0,34,39,75,26.755625679950057
78,11,2022-01-17,2,0,38,44,90,14.489938749251088
78,11,2022-01-17,0,0,41,45,60,13.014632025173803
78,11,2022-01-17,7,0,42,45,45,16.09755050308756
78,11,2022-01-17,3,0,49,54,75,24.975894429574517
78,11,2022-01-17,6,0,49,55,90,14.616948207244839
78,11,2022-01-17,7,0,50,53,45,8.0
78,11,2022-01-17,1,0,52,61,135,9.764141646722976
78,11,2022-01-17,4,0,52,57,75,20.46332634744308
78,11,2022-01-17,5,0,53,61,120,20.487135042594495
78,11,2022-01-17,0,0,56,61,75,10.4861336234435
78,11,2022-01-17,2,0,63,72,135,20.532669142472592
78,11,2022-01-17,3,0,63,72,135,19.88453613432297
78,11,2022-01-17,4,0,64,67,45,13.39113588617468
78,11,2022-01-17,1,0,65,68,45,12.107532866976058
78,11,2022-01-17,6,0,69,74,75,30.80086068965553
78,11,2022-01-17,5,0,73,77,60,18.73426366665172
78,11,2022-01-17,4,0,74,83,135,20.5048245332529
78,11,2022-01-17,0,0,79,85,90,5.0
78,11,2022-03-05,0,0,17,26,135,11.728225740754326
78,11,2022-03-05,5,0,19,25,90,16.3677316449228
78,11,2022-03-05,6,0,21,25,60,13.30030694604934
78,11,2022-03-05,3,0,25,28,45,17.06032206590161
78,11,2022-03-05,4,0,26,29,45,5.0
78,11,2022-03-05,5,0,28,32,60,15.28657448215344
78,11,2022-03-05,0,0,29,35,90,12.996123023113512
78,11,2022-03-05,6,0,33,36,45,11.269952690673577
78,11,2022-03-05,3,0,34,39,75,26.755625679950057
78,11,2022-03-05,1,0,36,40,60,15.188533954557442
78,11,2022-03-05,2,0,38,44,90,18.80218078634904
78,11,2022-03-05,0,0,41,45,60,11.113233493403285
78,11,2022-03-05,4,0,42,46,60,17.921255580298975
78,11,2022-03-05,7,0,42,45,45,13.014632025173803
78,11,2022-03-05,5,0,43,46,45,11.4691636310152
78,11,2022-03-05,3,0,49,54,75,24.975894429574517
78,11,2022-03-05,6,0,49,55,90,14.616948207244839
78,11,2022-03-05,7,0,50,53,45,8.0
78,11,2022-03-05,1,0,52,61,135,9.764141646722976
78,11,2022-03-05,4,0,52,57,75,25.557750508894557
78,11,2022-03-05,5,0,53,61,120,20.487135042594495
78,11,2022-03-05,0,0,56,61,75,10.4861336234435
78,11,2022-03-05,2,0,63,72,135,20.532669142472592
78,11,2022-03-05,3,0,63,72,135,19.88453613432297
78,11,2022-03-05,4,0,64,67,45,13.39113588617468
78,11,2022-03-05,1,0,65,68,45,12.107532866976058
78,11,2022-03-05,6,0,69,74,75,30.80086068965553
78,11,2022-03-05,4,0,74,83,135,20.5048245332529
78,11,2022-03-05,0,0,79,85,90,5.0
78,12,2022-01-17,5,0,5,10,75,7.0
78,12,2022-01-17,2,0,12,17,75,5.0
78,12,2022-01-17,7,0,13,19,90,6.102303397983192
78,12,2022-01-17,0,0,15,19,60,13.786904463424449
78,12,2022-01-17,3,0,16,18,30,14.37254184393187
78,12,2022-01-17,5,0,18,25,105,8.822173418190992
78,12,2022-01-17,0,0,22,26,60,16.045090416480264
78,12,2022-01-17,6,0,26,30,60,6.326245474818933
78,12,2022-01-17,4,0,29,37,120,14.724239356593927
78,12,2022-01-17,1,0,36,42,90,15.820775882831796
78,12,2022-01-17,2,0,36,42,90,13.881775864283085
78,12,2022-01-17,5,0,37,39,30,11.346353825432303
78,12,2022-01-17,7,0,37,41,60,24.74417758787102
78,12,2022-01-17,3,0,39,45,90,10.692975457517093
78,12,2022-01-17,6,0,40,43,45,8.035324510106662
78,12,2022-01-17,5,0,42,48,90,17.074176174107777
78,12,2022-01-17,7,0,44,50,90,17.286462131990433
78,12,2022-01-17,2,0,47,54,105,25.607611687540256
78,12,2022-01-17,4,0,47,53,90,6.576830666391544
78,12,2022-01-17,3,0,48,53,75,11.126803998099447
78,12,2022-01-17,6,0,49,52,45,15.844149831200887
78,12,2022-01-17,0,0,50,54,60,17.34460654340301
78,12,2022-01-17,5,0,55,62,105,25.70487418854644
78,12,2022-01-17,0,0,57,62,75,8.310589184837148
78,12,2022-01-17,1,0,57,60,45,14.792484736845054
78,12,2022-01-17,2,0,58,62,60,12.932230884580747
78,12,2022-01-17,3,0,58,62,60,21.524631208642404
78,12,2022-01-17,6,0,61,65,60,31.18799660740406
78,12,2022-01-17,1,0,67,69,30,29.693018961589317
78,12,2022-01-17,2,0,73,79,90,9.836918556530456
78,12,2022-03-05,5,0,5,10,75,7.0
78,12,2022-03-05,7,0,13,19,90,5.0
78,12,2022-03-05,0,0,15,19,60,5.41617436546197
78,12,2022-03-05,0,0,22,26,60,16.045090416480264
78,12,2022-03-05,6,0,26,30,60,13.078636093395147
78,12,2022-03-05,4,0,28,35,105,13.504649626307042
78,12,2022-03-05,1,0,29,34,75,6.392100817851535
78,12,2022-03-05,6,0,34,37,45,17.011258508841216
78,12,2022-03-05,2,0,36,42,90,14.733023956978478
78,12,2022-03-05,5,0,37,39,30,16.36982337252718
78,12,2022-03-05,7,0,37,41,60,14.363531894913002
78,12,2022-03-05,3,0,39,45,90,11.683786455562569
78,12,2022-03-05,1,0,40,46,90,16.82967720769109
78,12,2022-03-05,6,0,40,43,45,8.035324510106662
78,12,2022-03-05,5,0,42,48,90,17.074176174107777
78,12,2022-03-05,7,0,44,50,90,17.286462131990433
78,12,2022-03-05,2,0,45,50,75,22.11404421286842
78,12,2022-03-05,4,0,47,53,90,30.15277995233467
78,12,2022-03-05,3,0,48,53,75,9.747207080610579
78,12,2022-03-05,6,0,49,52,45,11.340165864877193
78,12,2022-03-05,0,0,50,54,60,15.844149831200887
78,12,2022-03-05,2,0,54,57,45,7.0
78,12,2022-03-05,5,0,55,62,105,6.719049368231502
78,12,2022-03-05,0,0,57,62,75,8.310589184837148
78,12,2022-03-05,3,0,58,62,60,21.524631208642404
78,12,2022-03-05,6,0,61,65,60,31.18799660740406
78,12,2022-03-05,1,0,67,69,30,29.693018961589317
78,12,2022-03-05,2,0,73,79,90,9.836918556530456
78,12,2022-03-05,0,0,79,91,180,25.00467118635288
78,13,2022-01-17,0,0,11,15,60,22.657470205857614
78,13,2022-01-17,7,0,13,20,105,21.43877317740568
78,13,2022-01-17,1,0,14,20,90,12.217520678389782
78,13,2022-01-17,0,0,19,28,135,14.899264214671852
78,13,2022-01-17,2,0,19,24,75,12.862885024972101
78,13,2022-01-17,3,0,21,28,105,21.36379931914076
78,13,2022-01-17,5,0,25,31,90,21.130081468953037
78,13,2022-01-17,1,0,29,42,195,15.406348060842625
78,13,2022-01-17,6,0,30,32,30,14.91264441893125
78,13,2022-01-17,7,0,31,38,105,7.0
78,13,2022-01-17,0,0,32,38,90,13.662351442072556
78,13,2022-01-17,5,0,34,41,105,12.215158939201018
78,13,2022-01-17,4,0,36,39,45,19.70772788646314
78,13,2022-01-17,6,0,40,46,90,10.8570046826066
78,13,2022-01-17,4,0,42,47,75,5.0
78,13,2022-01-17,1,0,45,46,15,14.622348822312496
78,13,2022-01-17,3,0,45,49,60,19.970197471697226
78,13,2022-01-17,7,0,48,53,75,18.85309077636947
78,13,2022-01-17,0,0,50,54,60,5.0
78,13,2022-01-17,6,0,50,55,75,8.751103124785423
78,13,2022-01-17,2,0,53,55,30,17.300854650961433
78,13,2022-01-17,3,0,53,58,75,20.513170133790226
78,13,2022-01-17,1,0,54,65,165,31.185103528882337
78,13,2022-01-17,5,0,55,57,30,13.421444937972566
78,13,2022-01-17,4,0,57,59,30,13.901868676672478
78,13,2022-01-17,2,0,58,67,135,12.216448826899125
78,13,2022-01-17,6,0,59,63,60,20.478888179052525
78,13,2022-01-17,7,0,60,68,120,20.871315701462343
78,13,2022-01-17,0,0,62,66,60,24.676063004843627
78,13,2022-01-17,3,0,62,66,60,34.377379795278536
78,13,2022-01-17,4,0,67,71,60,5.631113315568001
78,13,2022-01-17,2,0,73,78,75,7.0
78,13,2022-01-17,3,0,73,77,60,32.58999151641581
78,13,2022-01-17,1,0,77,84,105,18.4813702355752
78,13,2022-01-17,4,0,81,88,105,22.067455076601377
78,13,2022-03-05,0,0,19,28,135,16.711929472028018
78,13,2022-03-05,1,0,20,24,60,17.28152832210604
78,13,2022-03-05,7,0,20,28,120,9.84839141131578
78,13,2022-03-05,3,0,21,28,105,13.319558080981409
78,13,2022-03-05,2,0,23,28,75,21.02614958540957
78,13,2022-03-05,5,0,25,31,90,21.130081468953037
78,13,2022-03-05,1,0,29,42,195,15.406348060842625
78,13,2022-03-05,6,0,30,32,30,18.934944223625735
78,13,2022-03-05,7,0,31,38,105,7.0
78,13,2022-03-05,0,0,32,38,90,13.662351442072556
78,13,2022-03-05,5,0,34,41,105,12.215158939201018
78,13,2022-03-05,4,0,36,39,45,14.921541423301022
78,13,2022-03-05,6,0,40,46,90,10.8570046826066
78,13,2022-03-05,2,0,41,44,45,13.380657254509245
78,13,2022-03-05,4,0,42,47,75,5.0
78,13,2022-03-05,1,0,45,46,15,19.970197471697226
78,13,2022-03-05,3,0,45,49,60,18.370658490501476
78,13,2022-03-05,7,0,48,53,75,5.0
78,13,2022-03-05,0,0,50,54,60,17.95235995370166
78,13,2022-03-05,6,0,50,55,75,8.751103124785423
78,13,2022-03-05,2,0,53,55,30,27.745595118910074
78,13,2022-03-05,3,0,53,58,75,20.513170133790226
78,13,2022-03-05,1,0,54,65,165,31.185103528882337
78,13,2022-03-05,5,0,55,57,30,17.08126019803713
78,13,2022-03-05,4,0,59,62,45,15.948900200104724
78,13,2022-03-05,7,0,60,68,120,20.871315701462343
78,13,2022-03-05,0,0,62,66,60,24.676063004843627
78,13,2022-03-05,2,0,62,71,135,15.980501719967187
78,13,2022-03-05,3,0,66,70,60,45.2116772502454
78,13,2022-03-05,4,0,67,71,60,5.631113315568001
78,13,2022-03-05,3,0,73,77,60,32.58999151641581
78,13,2022-03-05,1,0,77,84,105,18.4813702355752
78,13,2022-03-05,4,0,81,88,105,22.067455076601377
78,14,2022-01-17,1,0,13,16,45,19.202464258165406
78,14,2022-01-17,2,0,13,19,90,28.08894298200778
78,14,2022-01-17,0,0,14,21,105,27.56345335646713
78,14,2022-01-17,4,0,14,18,60,7.0
78,14,2022-01-17,7,0,17,18,15,24.168811044410795
78,14,2022-01-17,6,0,18,26,120,17.091169636414946
78,14,2022-01-17,5,0,19,25,90,11.685406444918485
78,14,2022-01-17,1,0,25,28,45,12.612229470968344
78,14,2022-01-17,7,0,25,29,60,12.222150164855051
78,14,2022-01-17,0,0,32,38,90,19.257019160762567
78,14,2022-01-17,4,0,33,36,45,5.0
78,14,2022-01-17,5,0,39,45,90,15.48293663901405
78,14,2022-01-17,4,0,40,47,105,8.037677972304778
78,14,2022-01-17,0,0,44,48,60,26.636561501734036
78,14,2022-01-17,2,0,46,55,135,23.8795336277814
78,14,2022-01-17,5,0,50,57,105,30.10276609350491
78,14,2022-01-17,4,0,51,56,75,13.084054224520507
78,14,2022-01-17,1,0,52,55,45,14.455859535761164
78,14,2022-01-17,0,0,53,58,75,17.471851834139215
78,14,2022-01-17,6,0,58,61,45,23.21995735914127
78,14,2022-01-17,3,0,59,65,90,5.0
78,14,2022-01-17,7,0,60,63,45,29.90459841946712
78,14,2022-01-17,5,0,61,67,90,20.333927550665393
78,14,2022-01-17,4,0,64,66,30,22.657526268512598
78,14,2022-01-17,6,0,65,76,165,41.2068037040315
78,14,2022-01-17,4,0,70,72,30,19.240493150547877
78,14,2022-01-17,7,0,71,73,30,20.9869544461353
78,14,2022-01-17,1,0,72,77,75,16.087141875025374
78,14,2022-01-17,3,0,72,74,30,7.587577870619789
78,14,2022-03-05,1,0,13,16,45,19.202464258165406
78,14,2022-03-05,0,0,14,21,105,28.08894298200778
78,14,2022-03-05,6,0,20,24,60,22.218556812609442
78,14,2022-03-05,1,0,25,28,45,12.612229470968344
78,14,2022-03-05,3,0,25,28,45,7.0
78,14,2022-03-05,7,0,25,29,60,24.76698016464391
78,14,2022-03-05,2,0,26,31,75,17.514169753647998
78,14,2022-03-05,0,0,32,38,90,19.257019160762567
78,14,2022-03-05,1,0,33,36,45,10.37939889821034
78,14,2022-03-05,4,0,33,36,45,12.382184888362595
78,14,2022-03-05,2,0,34,39,75,10.321233676984448
78,14,2022-03-05,5,0,39,45,90,6.7878518677466175
78,14,2022-03-05,4,0,40,47,105,8.037677972304778
78,14,2022-03-05,1,0,41,51,150,25.656079427326702
78,14,2022-03-05,0,0,44,48,60,22.686840458996755
78,14,2022-03-05,2,0,46,55,135,28.78058387639097
78,14,2022-03-05,5,0,50,57,105,19.35724304516129
78,14,2022-03-05,4,0,51,56,75,13.084054224520507
78,14,2022-03-05,0,0,53,58,75,17.471851834139215
78,14,2022-03-05,6,0,58,61,45,23.21995735914127
78,14,2022-03-05,3,0,59,65,90,5.0
78,14,2022-03-05,7,0,60,63,45,29.90459841946712
78,14,2022-03-05,5,0,61,67,90,20.333927550665393
78,14,2022-03-05,4,0,64,66,30,22.657526268512598
78,14,2022-03-05,6,0,65,76,165,41.2068037040315
78,14,2022-03-05,4,0,70,72,30,19.240493150547877
78,14,2022-03-05,7,0,71,73,30,20.9869544461353
78,14,2022-03-05,3,0,72,74,30,7.587577870619789
78,15,2022-01-17,6,0,11,16,75,14.303397663753088
78,15,2022-01-17,2,0,13,24,165,18.64634622482771
78,15,2022-01-17,1,0,15,22,105,26.182401439235647
78,15,2022-01-17,3,0,16,18,30,9.0
78,15,2022-01-17,0,0,18,20,30,12.47511975168291
78,15,2022-01-17,7,0,18,24,90,13.242215105503263
78,15,2022-01-17,4,0,22,28,90,5.132640824668741
78,15,2022-01-17,5,0,22,25,45,6.0
78,15,2022-01-17,6,0,24,30,90,12.39699476105315
78,15,2022-01-17,3,0,28,34,90,20.228492125996056
78,15,2022-01-17,5,0,30,34,60,13.000128259581103
78,15,2022-01-17,7,0,30,33,45,8.679761475310485
78,15,2022-01-17,2,0,31,33,30,24.00772788020813
78,15,2022-01-17,4,0,32,33,15,14.136049680939095
78,15,2022-01-17,6,0,33,37,60,8.350545746701656
78,15,2022-01-17,4,0,37,49,180,14.812796399021785
78,15,2022-01-17,5,0,38,44,90,17.43315107173175
78,15,2022-01-17,0,0,41,45,60,17.42505388888526
78,15,2022-01-17,2,0,41,45,60,7.14828459175834
78,15,2022-01-17,6,0,42,50,120,21.88461523660078
78,15,2022-01-17,7,0,43,53,150,7.305711467722553
78,15,2022-01-17,3,0,44,55,165,21.477468617433345
78,15,2022-01-17,0,0,48,58,150,21.68687078072884
78,15,2022-01-17,1,0,51,54,45,24.874458121043325
78,15,2022-01-17,2,0,54,62,120,10.52727769248601
78,15,2022-01-17,5,0,54,59,75,25.61388249470174
78,15,2022-01-17,6,0,55,58,45,15.966998125672106
78,15,2022-01-17,4,0,57,71,210,21.11146990870862
78,15,2022-01-17,1,0,58,62,60,26.34700675401512
78,15,2022-01-17,7,0,58,64,90,14.44457799313119
78,15,2022-01-17,3,0,60,68,120,5.0
78,15,2022-01-17,0,0,62,73,165,20.07820259668361
78,15,2022-01-17,2,0,69,76,105,36.55648135194322
78,15,2022-01-17,5,0,71,76,75,7.486030434226876
78,15,2022-01-17,7,0,73,80,105,35.03406851606202
78,15,2022-01-17,5,0,82,92,150,30.71828875425829
78,15,2022-03-05,2,0,13,24,165,13.08796640913556
78,15,2022-03-05,1,0,15,22,105,16.5497937165527
78,15,2022-03-05,3,0,16,18,30,26.182401439235647
78,15,2022-03-05,7,0,18,24,90,9.0
78,15,2022-03-05,0,0,19,23,60,12.239119648341784
78,15,2022-03-05,4,0,22,28,90,13.452949864829414
78,15,2022-03-05,5,0,22,25,45,5.132640824668741
78,15,2022-03-05,6,0,24,30,90,6.0
78,15,2022-03-05,0,0,27,33,90,11.914515975293313
78,15,2022-03-05,3,0,28,34,90,20.228492125996056
78,15,2022-03-05,1,0,30,46,240,8.368790276527527
78,15,2022-03-05,5,0,30,34,60,13.000128259581103
78,15,2022-03-05,7,0,30,33,45,8.679761475310485
78,15,2022-03-05,2,0,31,33,30,24.00772788020813
78,15,2022-03-05,4,0,32,33,15,14.136049680939095
78,15,2022-03-05,6,0,33,37,60,8.350545746701656
78,15,2022-03-05,4,0,37,49,180,14.812796399021785
78,15,2022-03-05,5,0,38,44,90,17.43315107173175
78,15,2022-03-05,7,0,38,41,45,16.03678563253083
78,15,2022-03-05,2,0,39,55,240,13.343390461254792
78,15,2022-03-05,0,0,41,45,60,7.14828459175834
78,15,2022-03-05,6,0,42,50,120,6.0
78,15,2022-03-05,3,0,44,55,165,21.691608483692164
78,15,2022-03-05,7,0,45,49,60,26.35021644973365
78,15,2022-03-05,0,0,48,58,150,21.68687078072884
78,15,2022-03-05,1,0,51,54,45,24.874458121043325
78,15,2022-03-05,7,0,52,56,60,15.576081341235373
78,15,2022-03-05,5,0,54,59,75,25.61388249470174
78,15,2022-03-05,6,0,55,58,45,15.966998125672106
78,15,2022-03-05,4,0,57,71,210,21.11146990870862
78,15,2022-03-05,1,0,58,62,60,26.34700675401512
78,15,2022-03-05,3,0,60,68,120,5.0
78,15,2022-03-05,2,0,61,66,75,7.586966126943992
78,15,2022-03-05,0,0,62,73,165,20.07820259668361
78,15,2022-03-05,2,0,69,76,105,36.55648135194322
78,15,2022-03-05,5,0,71,76,75,7.486030434226876
78,15,2022-03-05,7,0,73,80,105,35.03406851606202
78,15,2022-03-05,5,0,82,92,150,30.71828875425829
78,16,2022-01-17,5,0,13,17,60,32.455070200624505
78,16,2022-01-17,3,0,15,20,75,10.512032273739322
78,16,2022-01-17,1,0,17,20,45,8.0
78,16,2022-01-17,7,0,17,22,75,15.38643769985471
78,16,2022-01-17,2,0,18,21,45,11.10537557498558
78,16,2022-01-17,6,0,19,23,60,14.820062655324278
78,16,2022-01-17,0,0,21,26,75,9.0
78,16,2022-01-17,2,0,25,28,45,12.862810142458727
78,16,2022-01-17,4,0,26,31,75,6.0
78,16,2022-01-17,6,0,26,34,120,20.98157901979399
78,16,2022-01-17,5,0,27,32,75,6.330937416181158
78,16,2022-01-17,3,0,30,36,90,9.800804591546054
78,16,2022-01-17,0,0,31,35,60,13.43729078310632
78,16,2022-01-17,1,0,31,36,75,5.0
78,16,2022-01-17,2,0,33,40,105,9.124189106086561
78,16,2022-01-17,0,0,40,44,60,9.596642321545843
78,16,2022-01-17,3,0,43,49,90,27.54857957517504
78,16,2022-01-17,4,0,43,46,45,23.210945369958047
78,16,2022-01-17,5,0,47,52,75,8.424094629599814
78,16,2022-01-17,2,0,49,53,60,18.713324316320275
78,16,2022-01-17,1,0,51,62,165,9.263169206787936
78,16,2022-01-17,4,0,51,54,45,15.67671364685296
78,16,2022-01-17,0,0,52,55,45,8.395217513499013
78,16,2022-01-17,3,0,52,58,90,23.72662398044639
78,16,2022-01-17,7,0,52,55,45,10.44382652624428
78,16,2022-01-17,6,0,55,57,30,14.236209297456305
78,16,2022-01-17,2,0,56,60,60,16.37030710182931
78,16,2022-01-17,5,0,56,62,90,19.256457117444157
78,16,2022-01-17,6,0,60,68,120,15.003353831614909
78,16,2022-01-17,0,0,63,74,165,29.20123738580103
78,16,2022-01-17,7,0,63,66,45,17.792897136145243
78,16,2022-01-17,3,0,67,73,90,29.043489558317482
78,16,2022-01-17,5,0,69,73,60,8.221876157402669
78,16,2022-01-17,6,0,73,75,30,16.55342128783471
78,16,2022-01-17,2,0,76,81,75,6.855287763438753
78,16,2022-01-17,5,0,77,81,60,22.680266866711378
78,16,2022-03-05,1,0,19,28,135,26.16162829033223
78,16,2022-03-05,6,0,19,23,60,9.547069026023948
78,16,2022-03-05,3,0,21,23,30,8.0
78,16,2022-03-05,2,0,25,28,45,15.767246333160323
78,16,2022-03-05,0,0,26,35,135,11.380229506581173
78,16,2022-03-05,4,0,26,31,75,15.479693327872262
78,16,2022-03-05,6,0,26,34,120,20.98157901979399
78,16,2022-03-05,5,0,27,32,75,9.0
78,16,2022-03-05,3,0,30,36,90,9.800804591546054
78,16,2022-03-05,1,0,31,36,75,5.0
78,16,2022-03-05,2,0,31,36,75,21.171145339877114
78,16,2022-03-05,6,0,37,43,90,6.0
78,16,2022-03-05,2,0,39,45,90,10.992241864007482
78,16,2022-03-05,0,0,40,44,60,6.691440376033071
78,16,2022-03-05,3,0,43,49,90,10.513242837324668
78,16,2022-03-05,4,0,43,46,45,23.210945369958047
78,16,2022-03-05,1,0,47,50,45,8.424094629599814
78,16,2022-03-05,5,0,47,52,75,18.361238653965557
78,16,2022-03-05,7,0,47,51,60,9.077067299264186
78,16,2022-03-05,2,0,49,53,60,15.656329490575615
78,16,2022-03-05,6,0,50,56,90,9.709265855144295
78,16,2022-03-05,4,0,51,54,45,35.5342191245953
78,16,2022-03-05,0,0,52,55,45,10.44382652624428
78,16,2022-03-05,3,0,52,58,90,23.72662398044639
78,16,2022-03-05,1,0,54,60,90,19.314906388375803
78,16,2022-03-05,2,0,56,60,60,16.37030710182931
78,16,2022-03-05,5,0,56,62,90,19.256457117444157
78,16,2022-03-05,7,0,57,58,15,9.0
78,16,2022-03-05,6,0,61,67,90,15.418146560993392
78,16,2022-03-05,0,0,63,74,165,29.20123738580103
78,16,2022-03-05,3,0,67,73,90,29.043489558317482
78,16,2022-03-05,5,0,69,73,60,8.221876157402669
78,16,2022-03-05,6,0,73,75,30,16.55342128783471
78,16,2022-03-05,2,0,76,81,75,6.855287763438753
78,16,2022-03-05,5,0,77,81,60,22.680266866711378
78,17,2022-01-17,2,0,12,17,75,7.157697847903286
78,17,2022-01-17,4,0,12,14,30,13.971735979144384
78,17,2022-01-17,5,0,13,23,150,11.20465270457376
78,17,2022-01-17,6,0,14,17,45,27.82182837963761
78,17,2022-01-17,0,0,15,19,60,6.93721927895016
78,17,2022-01-17,4,0,17,19,30,27.124035538662895
78,17,2022-01-17,1,0,20,25,75,25.944400325765614
78,17,2022-01-17,2,0,20,34,210,18.806398104341582
78,17,2022-01-17,6,0,20,24,60,5.9234826138186065
78,17,2022-01-17,4,0,24,29,75,16.56209038115304
78,17,2022-01-17,3,0,25,31,90,22.587129981394625
78,17,2022-01-17,0,0,28,37,135,26.49693832323436
78,17,2022-01-17,1,0,29,36,105,5.0
78,17,2022-01-17,6,0,32,42,150,9.85726059654965
78,17,2022-01-17,4,0,33,35,30,18.496781060740446
78,17,2022-01-17,7,0,39,42,45,9.3063356428178
78,17,2022-01-17,0,0,42,60,270,9.0
78,17,2022-01-17,4,0,42,52,150,13.10152922244798
78,17,2022-01-17,3,0,52,56,60,22.104696213460436
78,17,2022-01-17,1,0,53,55,30,16.3778500575685
78,17,2022-01-17,5,0,53,57,60,21.976311697849752
78,17,2022-01-17,7,0,56,60,60,9.244186070747972
78,17,2022-01-17,2,0,57,60,45,29.063658119781948
78,17,2022-01-17,6,0,57,60,45,20.49870346730866
78,17,2022-01-17,5,0,61,69,120,7.022498625664049
78,17,2022-01-17,4,0,62,72,150,5.063355602258795
78,17,2022-01-17,6,0,63,70,105,19.389245669081447
78,17,2022-01-17,0,0,64,68,60,19.282634264528824
78,17,2022-01-17,7,0,64,67,45,25.379987741347378
78,17,2022-01-17,7,0,70,74,60,28.651027807677615
78,17,2022-03-05,2,0,12,17,75,7.157697847903286
78,17,2022-03-05,6,0,14,17,45,12.784487677060866
78,17,2022-03-05,5,0,18,24,90,9.206088819414866
78,17,2022-03-05,2,0,24,27,45,17.296575663180803
78,17,2022-03-05,4,0,24,29,75,22.856018218335684
78,17,2022-03-05,3,0,25,31,90,6.580836669331532
78,17,2022-03-05,6,0,26,32,90,18.24425272198269
78,17,2022-03-05,0,0,28,37,135,26.841698837175947
78,17,2022-03-05,1,0,29,36,105,22.82225888983922
78,17,2022-03-05,2,0,32,38,90,9.268603255798112
78,17,2022-03-05,5,0,32,34,30,8.314166840896696
78,17,2022-03-05,4,0,33,35,30,18.496781060740446
78,17,2022-03-05,6,0,36,42,90,10.922433198320725
78,17,2022-03-05,7,0,39,42,45,9.3063356428178
78,17,2022-03-05,0,0,42,60,270,9.0
78,17,2022-03-05,4,0,42,52,150,12.709393266089592
78,17,2022-03-05,1,0,43,47,60,7.0
78,17,2022-03-05,5,0,49,57,120,10.406419456188033
78,17,2022-03-05,3,0,52,56,60,22.104696213460436
78,17,2022-03-05,1,0,55,58,45,21.697373099616094
78,17,2022-03-05,7,0,56,60,60,9.244186070747972
78,17,2022-03-05,2,0,57,60,45,29.063658119781948
78,17,2022-03-05,6,0,57,60,45,20.49870346730866
78,17,2022-03-05,5,0,61,69,120,7.022498625664049
78,17,2022-03-05,4,0,62,72,150,5.063355602258795
78,17,2022-03-05,6,0,63,70,105,19.389245669081447
78,17,2022-03-05,0,0,64,68,60,19.282634264528824
78,17,2022-03-05,7,0,70,74,60,28.651027807677615
78,18,2022-01-17,6,0,11,13,30,18.12864177156367
78,18,2022-01-17,3,0,13,17,60,13.91817291852751
78,18,2022-01-17,0,0,14,21,105,9.647755580322652
78,18,2022-01-17,5,0,14,17,45,6.0
78,18,2022-01-17,6,0,18,21,45,14.36035544815612
78,18,2022-01-17,7,0,19,21,30,11.917423231976684
78,18,2022-01-17,1,0,20,33,195,6.193376729252442
78,18,2022-01-17,3,0,20,22,30,25.410938198167464
78,18,2022-01-17,4,0,22,36,210,5.0
78,18,2022-01-17,5,0,23,27,60,9.958422346456771
78,18,2022-01-17,2,0,25,32,105,6.434266098181006
78,18,2022-01-17,3,0,27,30,45,19.397106515152537
78,18,2022-01-17,3,0,36,42,90,17.07966153668594
78,18,2022-01-17,5,0,36,40,60,19.52733418624684
78,18,2022-01-17,6,0,36,42,90,9.160120497470679
78,18,2022-01-17,1,0,39,43,60,9.600732272295602
78,18,2022-01-17,7,0,39,44,75,16.6179469097384
78,18,2022-01-17,2,0,40,45,75,13.171580704712532
78,18,2022-01-17,0,0,41,45,60,9.410165361077432
78,18,2022-01-17,5,0,45,47,30,5.0
78,18,2022-01-17,3,0,46,53,105,18.07732725632725
78,18,2022-01-17,7,0,47,53,90,20.822306209606843
78,18,2022-01-17,0,0,49,53,60,6.20435541012241
78,18,2022-01-17,5,0,50,59,135,12.617930727389613
78,18,2022-01-17,6,0,51,59,120,23.706240236102204
78,18,2022-01-17,2,0,52,56,60,9.994880151804026
78,18,2022-01-17,0,0,56,62,90,13.234009012820785
78,18,2022-01-17,3,0,59,63,60,23.46835988013232
78,18,2022-01-17,7,0,59,62,45,22.669237627065854
78,18,2022-01-17,2,0,60,61,15,9.053511396288883
78,18,2022-01-17,1,0,62,66,60,9.0
78,18,2022-01-17,5,0,63,67,60,12.39122742722499
78,18,2022-01-17,4,0,69,75,90,5.914328669593473
78,18,2022-01-17,3,0,70,78,120,20.98628450393697
78,18,2022-01-17,7,0,70,76,90,19.845628437796393
78,18,2022-01-17,0,0,72,77,75,18.258444859905666
78,18,2022-03-05,1,0,20,33,195,13.37150970330783
78,18,2022-03-05,4,0,22,36,210,11.617585411737792
78,18,2022-03-05,5,0,23,27,60,7.9257651330813275
78,18,2022-03-05,2,0,25,32,105,6.0
78,18,2022-03-05,3,0,27,30,45,12.329592562993355
78,18,2022-03-05,6,0,29,35,90,6.536381426618448
78,18,2022-03-05,3,0,36,42,90,17.07966153668594
78,18,2022-03-05,5,0,36,40,60,8.673021872253827
78,18,2022-03-05,1,0,39,43,60,9.600732272295602
78,18,2022-03-05,7,0,39,44,75,5.0
78,18,2022-03-05,2,0,40,45,75,13.171580704712532
78,18,2022-03-05,6,0,40,43,45,12.087655947245715
78,18,2022-03-05,0,0,41,45,60,7.31355685151447
78,18,2022-03-05,4,0,42,47,75,15.484262139952634
78,18,2022-03-05,5,0,45,47,30,5.0
78,18,2022-03-05,3,0,46,53,105,14.97419171541555
78,18,2022-03-05,7,0,47,53,90,20.822306209606843
78,18,2022-03-05,1,0,48,52,60,24.778617994450542
78,18,2022-03-05,0,0,49,53,60,6.20435541012241
78,18,2022-03-05,5,0,50,59,135,12.617930727389613
78,18,2022-03-05,6,0,51,59,120,23.706240236102204
78,18,2022-03-05,2,0,52,56,60,9.994880151804026
78,18,2022-03-05,0,0,56,62,90,13.234009012820785
78,18,2022-03-05,3,0,59,63,60,23.46835988013232
78,18,2022-03-05,2,0,60,61,15,9.053511396288883
78,18,2022-03-05,1,0,62,66,60,9.0
78,18,2022-03-05,5,0,63,67,60,12.39122742722499
78,18,2022-03-05,4,0,69,75,90,5.914328669593473
78,18,2022-03-05,3,0,70,78,120,20.98628450393697
78,18,2022-03-05,7,0,70,76,90,19.845628437796393
78,18,2022-03-05,0,0,72,77,75,18.258444859905666
78,19,2022-01-17,0,0,15,19,60,13.679485849531552
78,19,2022-01-17,3,0,15,19,60,31.481855544924855
78,19,2022-01-17,4,0,15,19,60,5.0
78,19,2022-01-17,6,0,15,27,180,5.516039368076605
78,19,2022-01-17,2,0,17,18,15,8.411439052986097
78,19,2022-01-17,7,0,18,28,150,10.068911153620654
78,19,2022-01-17,1,0,20,23,45,7.044515576527132
78,19,2022-01-17,2,0,22,26,60,17.016759461425487
78,19,2022-01-17,5,0,22,27,75,9.689442324922268
78,19,2022-01-17,3,0,30,32,30,14.394013050574273
78,19,2022-01-17,0,0,31,34,45,18.63304887099796
78,19,2022-01-17,1,0,33,37,60,7.0
78,19,2022-01-17,4,0,33,36,45,7.925058931566646
78,19,2022-01-17,5,0,35,41,90,17.57411587406797
78,19,2022-01-17,0,0,38,40,30,12.500556317885007
78,19,2022-01-17,2,0,38,41,45,17.44976370881104
78,19,2022-01-17,7,0,40,44,60,7.0
78,19,2022-01-17,6,0,42,44,30,8.204139674470191
78,19,2022-01-17,0,0,43,49,90,6.0
78,19,2022-01-17,1,0,48,52,60,25.592405623326833
78,19,2022-01-17,4,0,48,51,45,19.04098876243556
78,19,2022-01-17,7,0,48,58,150,27.138030244888697
78,19,2022-01-17,3,0,52,56,60,23.455441706706097
78,19,2022-01-17,1,0,56,61,75,8.0
78,19,2022-01-17,4,0,57,60,45,11.644721786622327
78,19,2022-01-17,5,0,58,62,60,28.39948195586488
78,19,2022-01-17,6,0,58,61,45,33.435605619821544
78,19,2022-01-17,3,0,59,62,45,9.650102259540475
78,19,2022-01-17,0,0,60,67,105,13.439803186808241
78,19,2022-01-17,1,0,64,67,45,29.833677496981124
78,19,2022-01-17,4,0,65,70,75,23.10087943123292
78,19,2022-01-17,7,0,68,74,90,16.784234038694073
78,19,2022-01-17,2,0,82,90,120,38.24164784876442
78,19,2022-03-05,1,0,21,27,90,12.864845642622548
78,19,2022-03-05,2,0,22,26,60,29.607049313382518
78,19,2022-03-05,5,0,22,27,75,5.0
78,19,2022-03-05,7,0,22,30,120,5.1875484071183
78,19,2022-03-05,3,0,28,32,60,8.53772421311325
78,19,2022-03-05,4,0,28,31,45,10.220080775052985
78,19,2022-03-05,0,0,31,34,45,7.369915876822574
78,19,2022-03-05,1,0,33,37,60,7.0
78,19,2022-03-05,2,0,35,38,45,25.219293632570903
78,19,2022-03-05,5,0,35,41,90,17.57411587406797
78,19,2022-03-05,4,0,37,40,45,15.249532166330717
78,19,2022-03-05,0,0,38,40,30,12.500556317885007
78,19,2022-03-05,1,0,40,46,90,8.585239444205321
78,19,2022-03-05,7,0,40,44,60,7.0
78,19,2022-03-05,3,0,42,53,165,10.214218343879566
78,19,2022-03-05,6,0,42,44,30,11.109366396731787
78,19,2022-03-05,0,0,43,49,90,6.0
78,19,2022-03-05,2,0,44,50,90,8.517672063919534
78,19,2022-03-05,4,0,48,51,45,27.138030244888697
78,19,2022-03-05,7,0,48,58,150,11.856940801931685
78,19,2022-03-05,1,0,56,61,75,8.0
78,19,2022-03-05,4,0,57,60,45,11.644721786622327
78,19,2022-03-05,5,0,58,62,60,28.39948195586488
78,19,2022-03-05,6,0,58,61,45,33.435605619821544
78,19,2022-03-05,0,0,60,67,105,13.439803186808241
78,19,2022-03-05,1,0,64,67,45,29.833677496981124
78,19,2022-03-05,4,0,65,70,75,23.10087943123292
78,19,2022-03-05,7,0,68,74,90,16.784234038694073
78,19,2022-03-05,2,0,82,90,120,38.24164784876442
78,20,2022-01-17,7,0,11,15,60,15.190547490010552
78,20,2022-01-17,2,0,13,16,45,15.936918537429499
78,20,2022-01-17,4,0,14,20,90,12.45626820076896
78,20,2022-01-17,0,0,16,22,90,28.05238701212223
78,20,2022-01-17,6,0,17,19,30,18.5616762997618
78,20,2022-01-17,5,0,19,23,60,13.130093000842379
78,20,2022-01-17,1,0,20,27,105,19.896471349073174
78,20,2022-01-17,3,0,22,27,75,9.91004066707616
78,20,2022-01-17,6,0,22,25,45,13.858771275612852
78,20,2022-01-17,2,0,23,27,60,12.31512857145293
78,20,2022-01-17,7,0,23,29,90,17.923528694797014
78,20,2022-01-17,4,0,25,28,45,9.775575112763327
78,20,2022-01-17,6,0,29,32,45,15.87622646112299
78,20,2022-01-17,7,0,32,36,60,12.77372606704138
78,20,2022-01-17,3,0,33,40,105,14.902640946803366
78,20,2022-01-17,0,0,34,41,105,7.113534125786977
78,20,2022-01-17,2,0,35,41,90,7.147877366873843
78,20,2022-01-17,4,0,36,39,45,15.41483493547969
78,20,2022-01-17,5,0,36,38,30,9.0
78,20,2022-01-17,4,0,42,48,90,14.012878223941556
78,20,2022-01-17,1,0,44,53,135,10.73472701582596
78,20,2022-01-17,7,0,44,48,60,32.88496117885784
78,20,2022-01-17,3,0,48,53,75,5.0
78,20,2022-01-17,5,0,50,54,60,16.26128786311166
78,20,2022-01-17,6,0,51,58,105,10.795656401364681
78,20,2022-01-17,2,0,53,56,45,11.619868792713802
78,20,2022-01-17,4,0,55,59,60,18.56778999123854
78,20,2022-01-17,5,0,57,72,225,6.13784007940145
78,20,2022-01-17,7,0,59,62,45,17.723672397113873
78,20,2022-01-17,2,0,61,66,75,17.391198418952158
78,20,2022-01-17,3,0,61,66,75,21.821710830927387
78,20,2022-01-17,6,0,61,72,165,27.1940401404917
78,20,2022-01-17,0,0,62,66,60,12.412355897023104
78,20,2022-01-17,4,0,64,69,75,29.378096321864
78,20,2022-01-17,2,0,72,76,60,37.18720248447052
78,20,2022-01-17,6,0,76,81,75,14.833577279853777
78,20,2022-03-05,5,0,19,23,60,11.204399961162373
78,20,2022-03-05,3,0,22,27,75,13.302644922741948
78,20,2022-03-05,6,0,22,25,45,10.397324460691983
78,20,2022-03-05,1,0,23,28,75,25.964854128196194
78,20,2022-03-05,2,0,23,27,60,18.559032835017902
78,20,2022-03-05,7,0,23,29,90,13.381367263881344
78,20,2022-03-05,4,0,25,28,45,20.782049438893573
78,20,2022-03-05,5,0,27,33,90,6.823601515995563
78,20,2022-03-05,6,0,29,32,45,15.87622646112299
78,20,2022-03-05,7,0,32,36,60,12.77372606704138
78,20,2022-03-05,3,0,33,40,105,14.902640946803366
78,20,2022-03-05,0,0,34,41,105,10.140922651469737
78,20,2022-03-05,2,0,35,41,90,7.147877366873843
78,20,2022-03-05,6,0,35,39,60,9.95215004822522
78,20,2022-03-05,4,0,36,39,45,15.41483493547969
78,20,2022-03-05,5,0,36,38,30,9.0
78,20,2022-03-05,4,0,42,48,90,7.546617623475811
78,20,2022-03-05,1,0,44,53,135,16.58187036051038
78,20,2022-03-05,7,0,44,48,60,14.548399481129174
78,20,2022-03-05,3,0,48,53,75,11.595798590655193
78,20,2022-03-05,6,0,48,52,60,35.522783758671125
78,20,2022-03-05,5,0,50,54,60,5.0
78,20,2022-03-05,2,0,53,56,45,11.619868792713802
78,20,2022-03-05,4,0,55,59,60,18.56778999123854
78,20,2022-03-05,5,0,59,62,45,20.02190261734033
78,20,2022-03-05,2,0,61,66,75,17.391198418952158
78,20,2022-03-05,3,0,61,66,75,21.821710830927387
78,20,2022-03-05,6,0,61,72,165,27.1940401404917
78,20,2022-03-05,0,0,62,66,60,12.412355897023104
78,20,2022-03-05,4,0,64,69,75,29.378096321864
78,20,2022-03-05,5,0,69,76,105,37.32603304209462
78,20,2022-03-05,2,0,72,76,60,37.18720248447052
78,20,2022-03-05,6,0,76,81,75,14.833577279853777
78,21,2022-01-17,3,0,13,18,75,16.978148572183585
78,21,2022-01-17,5,0,13,16,45,17.092247013253072
78,21,2022-01-17,6,0,14,18,60,15.808430611755867
78,21,2022-01-17,2,0,15,17,30,10.020098091817978
78,21,2022-01-17,4,0,16,20,60,7.0
78,21,2022-01-17,7,0,16,18,30,15.118547631785546
78,21,2022-01-17,2,0,20,22,30,8.586677207473535
78,21,2022-01-17,1,0,21,28,105,23.942357240279648
78,21,2022-01-17,7,0,22,31,135,6.0
78,21,2022-01-17,6,0,23,28,75,20.528768126261838
78,21,2022-01-17,5,0,25,29,60,17.46042482175281
78,21,2022-01-17,3,0,27,36,135,20.872639628208923
78,21,2022-01-17,2,0,33,37,60,7.062528658278481
78,21,2022-01-17,3,0,43,48,75,8.0
78,21,2022-01-17,7,0,45,50,75,19.66475669641656
78,21,2022-01-17,2,0,46,52,90,9.0
78,21,2022-01-17,6,0,46,51,75,8.0
78,21,2022-01-17,1,0,53,60,105,10.258758733825843
78,21,2022-01-17,5,0,53,58,75,27.451186646110322
78,21,2022-01-17,7,0,53,55,30,16.13608168315387
78,21,2022-01-17,3,0,54,57,45,26.667109888896945
78,21,2022-01-17,6,0,54,62,120,14.992749510746933
78,21,2022-01-17,0,0,55,59,60,6.0
78,21,2022-01-17,4,0,55,59,60,8.891439952725179
78,21,2022-01-17,2,0,58,62,60,21.992124793189973
78,21,2022-01-17,3,0,61,64,45,18.37339118680812
78,21,2022-01-17,5,0,66,77,165,5.0
78,21,2022-01-17,2,0,68,71,45,12.343827779158275
78,21,2022-01-17,4,0,70,75,75,6.311587799705855
78,21,2022-01-17,6,0,70,73,45,37.212440116293855
78,21,2022-01-17,7,0,73,78,75,24.290086870102648
78,21,2022-01-17,0,0,76,80,60,37.73410732848748
78,21,2022-01-17,6,0,76,79,45,31.331976215501143
78,21,2022-03-05,3,0,13,18,75,16.978148572183585
78,21,2022-03-05,6,0,14,18,60,17.092247013253072
78,21,2022-03-05,2,0,20,22,30,12.742979231340819
78,21,2022-03-05,7,0,20,23,45,9.100292468574025
78,21,2022-03-05,1,0,21,28,105,7.0
78,21,2022-03-05,4,0,22,27,75,14.21820847383809
78,21,2022-03-05,5,0,25,29,60,24.150592560096115
78,21,2022-03-05,3,0,27,36,135,20.872639628208923
78,21,2022-03-05,7,0,27,35,120,5.0
78,21,2022-03-05,5,0,32,36,60,16.94386574653528
78,21,2022-03-05,2,0,33,37,60,7.062528658278481
78,21,2022-03-05,1,0,40,44,60,8.0
78,21,2022-03-05,6,0,40,46,90,9.0
78,21,2022-03-05,3,0,41,44,45,8.0
78,21,2022-03-05,7,0,41,59,270,17.879990777893774
78,21,2022-03-05,4,0,45,54,135,9.97461230975955
78,21,2022-03-05,2,0,46,52,90,15.689145554946492
78,21,2022-03-05,3,0,50,54,60,22.118792118977808
78,21,2022-03-05,1,0,53,60,105,21.273719708761554
78,21,2022-03-05,5,0,53,58,75,27.451186646110322
78,21,2022-03-05,6,0,54,62,120,14.992749510746933
78,21,2022-03-05,0,0,55,59,60,6.0
78,21,2022-03-05,3,0,57,60,45,25.948156398891058
78,21,2022-03-05,2,0,58,62,60,21.992124793189973
78,21,2022-03-05,5,0,66,77,165,5.0
78,21,2022-03-05,2,0,68,71,45,12.343827779158275
78,21,2022-03-05,4,0,70,75,75,6.311587799705855
78,21,2022-03-05,7,0,73,78,75,24.290086870102648
78,21,2022-03-05,0,0,76,80,60,37.73410732848748
78,21,2022-03-05,6,0,76,79,45,31.331976215501143
78,21,2022-03-05,1,0,80,83,45,17.600162447291254
78,22,2022-01-17,0,0,11,18,105,7.0
78,22,2022-01-17,1,0,12,15,45,18.282266407279096
78,22,2022-01-17,5,0,12,18,90,15.073770249876276
78,22,2022-01-17,6,0,16,19,45,24.444034318410154
78,22,2022-01-17,2,0,17,22,75,11.565468692883975
78,22,2022-01-17,4,0,20,24,60,26.723522019877507
78,22,2022-01-17,6,0,22,25,45,15.519829698653055
78,22,2022-01-17,5,0,23,25,30,25.484906135961154
78,22,2022-01-17,1,0,26,29,45,18.265535534373363
78,22,2022-01-17,3,0,28,31,45,23.779245634889556
78,22,2022-01-17,4,0,28,44,240,15.44371810133157
78,22,2022-01-17,2,0,31,36,75,15.341379308031534
78,22,2022-01-17,0,0,33,36,45,7.207142819876076
78,22,2022-01-17,3,0,37,41,60,23.564040967781537
78,22,2022-01-17,2,0,39,46,105,8.0
78,22,2022-01-17,1,0,40,48,120,13.758880310003178
78,22,2022-01-17,0,0,42,45,45,9.430345219221309
78,22,2022-01-17,6,0,43,51,120,6.0
78,22,2022-01-17,5,0,44,47,45,6.036640793174833
78,22,2022-01-17,7,0,45,49,60,12.617704203668247
78,22,2022-01-17,3,0,50,52,30,15.650772347276366
78,22,2022-01-17,4,0,51,57,90,8.452590859473645
78,22,2022-01-17,5,0,51,59,120,14.509773250403086
78,22,2022-01-17,7,0,52,56,60,18.17589418820358
78,22,2022-01-17,1,0,53,57,60,16.234987080495756
78,22,2022-01-17,6,0,55,60,75,24.51290447943385
78,22,2022-01-17,3,0,57,70,195,16.420048079802008
78,22,2022-01-17,0,0,58,64,90,30.195399661725972
78,22,2022-01-17,7,0,59,65,90,24.950515644015397
78,22,2022-01-17,4,0,60,65,75,17.004370381355372
78,22,2022-01-17,1,0,61,73,180,9.0
78,22,2022-01-17,2,0,61,64,45,8.0
78,22,2022-01-17,6,0,64,67,45,16.259027440646108
78,22,2022-01-17,0,0,70,75,75,19.248181328541392
78,22,2022-01-17,4,0,70,74,60,25.390748375069023
78,22,2022-01-17,6,0,70,72,30,21.573544391018558
78,22,2022-01-17,4,0,78,80,30,12.847641526085496
78,22,2022-01-17,5,0,78,85,105,18.09036886332362
78,22,2022-03-05,0,0,16,25,135,7.0
78,22,2022-03-05,4,0,20,24,60,13.484821739202218
78,22,2022-03-05,5,0,23,25,30,11.331039576397679
78,22,2022-03-05,6,0,23,27,60,22.62501886587674
78,22,2022-03-05,2,0,24,33,135,11.56382159440846
78,22,2022-03-05,1,0,26,29,45,27.912967382747787
78,22,2022-03-05,0,0,28,32,60,9.655390405603725
78,22,2022-03-05,3,0,28,31,45,23.779245634889556
78,22,2022-03-05,4,0,28,44,240,15.44371810133157
78,22,2022-03-05,5,0,29,33,60,17.856898209502845
78,22,2022-03-05,7,0,30,33,45,12.905670208966086
78,22,2022-03-05,6,0,31,35,60,6.632084495930833
78,22,2022-03-05,3,0,37,41,60,23.564040967781537
78,22,2022-03-05,0,0,38,43,75,7.0
78,22,2022-03-05,2,0,39,46,105,8.0
78,22,2022-03-05,1,0,40,48,120,22.52258218100075
78,22,2022-03-05,6,0,40,43,45,16.611089015436292
78,22,2022-03-05,7,0,42,52,150,19.008100467794904
78,22,2022-03-05,5,0,44,47,45,11.987497188571751
78,22,2022-03-05,0,0,48,53,75,17.448317255049076
78,22,2022-03-05,6,0,49,54,75,24.216663492319142
78,22,2022-03-05,3,0,50,52,30,15.650772347276366
78,22,2022-03-05,4,0,51,57,90,8.452590859473645
78,22,2022-03-05,5,0,51,59,120,14.509773250403086
78,22,2022-03-05,1,0,53,57,60,16.234987080495756
78,22,2022-03-05,7,0,55,64,135,20.83562025724482
78,22,2022-03-05,4,0,60,65,75,17.004370381355372
78,22,2022-03-05,1,0,61,73,180,9.0
78,22,2022-03-05,0,0,62,65,45,23.94762695104935
78,22,2022-03-05,6,0,64,67,45,16.259027440646108
78,22,2022-03-05,0,0,70,75,75,19.248181328541392
78,22,2022-03-05,4,0,70,74,60,25.390748375069023
78,22,2022-03-05,6,0,70,72,30,21.573544391018558
78,22,2022-03-05,4,0,78,80,30,12.847641526085496
78,22,2022-03-05,5,0,78,85,105,18.09036886332362
78,23,2022-01-17,1,0,9,15,90,30.932822383129093
78,23,2022-01-17,0,0,11,14,45,11.727402801976751
78,23,2022-01-17,7,0,14,19,75,15.41381148249716
78,23,2022-01-17,5,0,16,19,45,15.840080867005199
78,23,2022-01-17,0,0,18,23,75,17.937682240851473
78,23,2022-01-17,2,0,18,24,90,16.06353963387747
78,23,2022-01-17,4,0,18,23,75,8.769894135185751
78,23,2022-01-17,1,0,20,22,30,13.255238934059733
78,23,2022-01-17,3,0,20,24,60,20.897580083863204
78,23,2022-01-17,6,0,23,25,30,6.296560278510981
78,23,2022-01-17,7,0,23,27,60,11.757706393869299
78,23,2022-01-17,4,0,29,31,30,12.55264462780788
78,23,2022-01-17,6,0,33,39,90,12.707794685355708
78,23,2022-01-17,7,0,34,37,45,8.0
78,23,2022-01-17,4,0,35,38,45,12.267580424899066
78,23,2022-01-17,0,0,36,39,45,5.0
78,23,2022-01-17,2,0,37,45,120,14.151709710408937
78,23,2022-01-17,5,0,38,41,45,17.818720450329806
78,23,2022-01-17,1,0,39,45,90,18.01623510153165
78,23,2022-01-17,7,0,41,44,45,17.636090905577277
78,23,2022-01-17,5,0,44,48,60,13.278932640908998
78,23,2022-01-17,3,0,45,46,15,39.36430564651825
78,23,2022-01-17,4,0,47,52,75,18.30654520507332
78,23,2022-01-17,7,0,49,62,195,24.00437000336018
78,23,2022-01-17,6,0,50,53,45,9.644896556898445
78,23,2022-01-17,3,0,51,56,75,10.970091841558613
78,23,2022-01-17,1,0,53,61,120,6.0
78,23,2022-01-17,5,0,54,57,45,16.196708831635988
78,23,2022-01-17,0,0,56,62,90,17.36101189739938
78,23,2022-01-17,2,0,56,62,90,19.923363801064582
78,23,2022-01-17,4,0,58,64,90,24.750912165597327
78,23,2022-01-17,6,0,59,70,165,9.008608122008624
78,23,2022-01-17,2,0,65,74,135,37.9583200721344
78,23,2022-01-17,3,0,65,67,30,6.592907779884072
78,23,2022-01-17,5,0,69,75,90,19.603563513047703
78,23,2022-01-17,7,0,69,74,75,15.684428229356755
78,23,2022-01-17,3,0,73,78,75,25.248313370117394
78,23,2022-01-17,1,0,75,85,150,20.56124772235715
78,23,2022-03-05,1,0,9,15,90,30.932822383129093
78,23,2022-03-05,0,0,11,14,45,11.727402801976751
78,23,2022-03-05,5,0,16,19,45,13.680717784886902
78,23,2022-03-05,3,0,21,25,60,14.896772990021333
78,23,2022-03-05,6,0,23,25,30,16.061251941753184
78,23,2022-03-05,7,0,23,27,60,8.768645169005126
78,23,2022-03-05,0,0,24,42,270,13.070622131955616
78,23,2022-03-05,4,0,29,31,30,22.054940348820416
78,23,2022-03-05,7,0,32,36,60,13.624352432976373
78,23,2022-03-05,5,0,33,37,60,11.299346415812181
78,23,2022-03-05,6,0,33,39,90,12.707794685355708
78,23,2022-03-05,4,0,35,38,45,12.267580424899066
78,23,2022-03-05,2,0,37,45,120,6.750808799474001
78,23,2022-03-05,1,0,39,45,90,18.01623510153165
78,23,2022-03-05,5,0,41,44,45,18.433015442159032
78,23,2022-03-05,7,0,41,44,45,12.940505047123779
78,23,2022-03-05,4,0,43,45,30,28.494856124276893
78,23,2022-03-05,6,0,43,49,90,18.310078178048798
78,23,2022-03-05,3,0,45,46,15,17.838098489657355
78,23,2022-03-05,4,0,48,54,90,16.13275088066264
78,23,2022-03-05,7,0,49,62,195,9.644896556898445
78,23,2022-03-05,3,0,51,56,75,6.0
78,23,2022-03-05,6,0,52,56,60,10.991894084275486
78,23,2022-03-05,5,0,54,57,45,16.196708831635988
78,23,2022-03-05,0,0,56,62,90,17.36101189739938
78,23,2022-03-05,2,0,56,62,90,19.923363801064582
78,23,2022-03-05,1,0,59,63,60,28.86023356049774
78,23,2022-03-05,4,0,59,62,45,17.34358400210897
78,23,2022-03-05,2,0,65,74,135,37.9583200721344
78,23,2022-03-05,3,0,65,67,30,6.592907779884072
78,23,2022-03-05,5,0,69,75,90,19.603563513047703
78,23,2022-03-05,7,0,69,74,75,15.684428229356755
78,23,2022-03-05,3,0,73,78,75,25.248313370117394
78,24,2022-01-17,2,0,11,14,45,21.935880875385976
78,24,2022-01-17,5,0,11,13,30,12.458126883897549
78,24,2022-01-17,1,0,14,18,60,9.0
78,24,2022-01-17,4,0,16,21,75,13.076420235189396
78,24,2022-01-17,5,0,16,19,45,14.469639488578295
78,24,2022-01-17,3,0,17,24,105,18.359231654732326
78,24,2022-01-17,2,0,18,22,60,19.51141422575283
78,24,2022-01-17,1,0,22,24,30,9.694552503248673
78,24,2022-01-17,7,0,22,26,60,11.66054353049438
78,24,2022-01-17,6,0,27,38,165,13.841351172285336
78,24,2022-01-17,2,0,28,33,75,7.0
78,24,2022-01-17,4,0,33,36,45,6.579990224405321
78,24,2022-01-17,1,0,34,38,60,18.60267210031175
78,24,2022-01-17,2,0,39,41,30,15.72208243505925
78,24,2022-01-17,7,0,39,51,180,11.797323174952588
78,24,2022-01-17,3,0,40,44,60,15.037987356501915
78,24,2022-01-17,6,0,42,46,60,8.0
78,24,2022-01-17,1,0,48,52,60,17.197807175942543
78,24,2022-01-17,3,0,49,55,90,9.70578085702487
78,24,2022-01-17,2,0,51,57,90,20.77721584956872
78,24,2022-01-17,0,0,52,57,75,16.71064674669472
78,24,2022-01-17,5,0,52,61,135,6.922068885297094
78,24,2022-01-17,6,0,53,56,45,18.455804727997545
78,24,2022-01-17,4,0,54,58,60,21.054490181989124
78,24,2022-01-17,1,0,57,58,15,26.808210509939705
78,24,2022-01-17,7,0,57,67,150,29.562458497427045
78,24,2022-01-17,6,0,60,66,90,5.0
78,24,2022-01-17,1,0,61,70,135,19.940809074804335
78,24,2022-01-17,2,0,63,71,120,20.166849187322114
78,24,2022-01-17,0,0,64,68,60,15.540501316697338
78,24,2022-01-17,3,0,65,68,45,28.90754602003789
78,24,2022-01-17,5,0,67,74,105,20.394253856488888
78,24,2022-01-17,4,0,77,80,45,9.0
78,24,2022-03-05,4,0,18,21,45,16.491676167406666
78,24,2022-03-05,1,0,22,24,30,9.515231406437955
78,24,2022-03-05,2,0,22,24,30,9.0
78,24,2022-03-05,3,0,25,31,90,12.404651248150572
78,24,2022-03-05,6,0,27,38,165,18.63486802262662
78,24,2022-03-05,2,0,28,33,75,7.0
78,24,2022-03-05,7,0,28,31,45,11.65020932639137
78,24,2022-03-05,4,0,32,36,60,10.307906040897805
78,24,2022-03-05,1,0,34,38,60,18.60267210031175
78,24,2022-03-05,5,0,35,39,60,14.128011529757806
78,24,2022-03-05,2,0,39,41,30,16.63787011151679
78,24,2022-03-05,7,0,39,51,180,11.797323174952588
78,24,2022-03-05,3,0,40,44,60,7.682080218126011
78,24,2022-03-05,4,0,40,44,60,15.72208243505925
78,24,2022-03-05,6,0,42,46,60,8.0
78,24,2022-03-05,0,0,43,48,75,16.474305029434092
78,24,2022-03-05,1,0,48,52,60,17.197807175942543
78,24,2022-03-05,5,0,48,53,75,14.54225526820266
78,24,2022-03-05,3,0,49,55,90,9.70578085702487
78,24,2022-03-05,2,0,51,57,90,20.77721584956872
78,24,2022-03-05,0,0,52,57,75,16.71064674669472
78,24,2022-03-05,6,0,53,56,45,18.455804727997545
78,24,2022-03-05,4,0,54,58,60,21.054490181989124
78,24,2022-03-05,1,0,57,58,15,26.808210509939705
78,24,2022-03-05,5,0,57,61,60,7.0
78,24,2022-03-05,6,0,60,66,90,15.991821888716359
78,24,2022-03-05,1,0,61,70,135,19.940809074804335
78,24,2022-03-05,2,0,63,71,120,20.166849187322114
78,24,2022-03-05,0,0,64,68,60,15.540501316697338
78,24,2022-03-05,3,0,65,68,45,28.90754602003789
78,24,2022-03-05,5,0,67,74,105,20.394253856488888
78,24,2022-03-05,4,0,77,80,45,9.0
78,25,2022-01-17,5,0,5,10,75,31.32790115424234
78,25,2022-01-17,5,0,13,16,45,5.498013147088585
78,25,2022-01-17,3,0,14,17,45,18.32965243335724
78,25,2022-01-17,6,0,14,16,30,24.89399681656765
78,25,2022-01-17,4,0,16,19,45,6.310384326124918
78,25,2022-01-17,2,0,18,26,120,5.456276899158468
78,25,2022-01-17,5,0,19,26,105,9.28252484143404
78,25,2022-01-17,1,0,22,34,180,15.085631521940101
78,25,2022-01-17,7,0,23,29,90,11.190819361893794
78,25,2022-01-17,0,0,27,31,60,6.760994139557575
78,25,2022-01-17,6,0,27,35,120,9.0
78,25,2022-01-17,2,0,34,38,60,12.641964018762621
78,25,2022-01-17,7,0,39,46,105,11.723460840044545
78,25,2022-01-17,0,0,41,47,90,6.0
78,25,2022-01-17,3,0,41,44,45,19.043107947388165
78,25,2022-01-17,2,0,43,45,30,19.955074402767586
78,25,2022-01-17,4,0,43,48,75,28.285590848743986
78,25,2022-01-17,3,0,47,50,45,25.006857975003904
78,25,2022-01-17,2,0,49,53,60,15.161561019111453
78,25,2022-01-17,1,0,52,56,60,22.50851513964249
78,25,2022-01-17,6,0,52,54,30,20.266820600408522
78,25,2022-01-17,0,0,53,59,90,8.635937159552185
78,25,2022-01-17,5,0,54,61,105,10.486758104316863
78,25,2022-01-17,7,0,55,60,75,20.75877360186078
78,25,2022-01-17,6,0,58,62,60,16.98346643821415
78,25,2022-01-17,3,0,59,62,45,32.59392471092735
78,25,2022-01-17,2,0,61,65,60,9.103227260055348
78,25,2022-01-17,1,0,62,68,90,19.59653939340049
78,25,2022-01-17,4,0,62,70,120,6.549845566607793
78,25,2022-01-17,7,0,67,72,75,21.81450640448574
78,25,2022-01-17,0,0,71,77,90,13.61515617062237
78,25,2022-01-17,5,0,71,77,90,18.36841368460496
78,25,2022-01-17,1,0,73,76,45,26.710942401917606
78,25,2022-01-17,2,0,73,85,180,20.01739605122365
78,25,2022-03-05,5,0,5,10,75,31.32790115424234
78,25,2022-03-05,5,0,16,19,45,24.458314951767278
78,25,2022-03-05,4,0,17,21,60,15.060208716831426
78,25,2022-03-05,1,0,22,34,180,20.779173814618794
78,25,2022-03-05,2,0,22,27,75,5.9345885652567745
78,25,2022-03-05,7,0,23,29,90,5.455499842421617
78,25,2022-03-05,5,0,25,32,105,15.84011901851001
78,25,2022-03-05,0,0,27,31,60,15.072261819681984
78,25,2022-03-05,4,0,27,32,75,7.0
78,25,2022-03-05,6,0,27,35,120,11.360450655657793
78,25,2022-03-05,2,0,34,38,60,12.641964018762621
78,25,2022-03-05,3,0,35,44,135,6.901017246607665
78,25,2022-03-05,1,0,38,48,150,8.521033553000208
78,25,2022-03-05,7,0,38,42,60,10.58324062461918
78,25,2022-03-05,6,0,40,46,90,10.499001027295208
78,25,2022-03-05,0,0,41,47,90,6.0
78,25,2022-03-05,2,0,43,45,30,19.770866295514054
78,25,2022-03-05,4,0,43,48,75,19.955074402767586
78,25,2022-03-05,3,0,47,50,45,25.006857975003904
78,25,2022-03-05,2,0,49,53,60,15.161561019111453
78,25,2022-03-05,0,0,51,57,90,30.17139645553067
78,25,2022-03-05,1,0,52,56,60,12.637233762844623
78,25,2022-03-05,6,0,52,54,30,22.50851513964249
78,25,2022-03-05,5,0,54,61,105,10.486758104316863
78,25,2022-03-05,7,0,55,60,75,20.75877360186078
78,25,2022-03-05,3,0,59,62,45,32.59392471092735
78,25,2022-03-05,6,0,59,63,60,16.157557936074923
78,25,2022-03-05,2,0,61,65,60,9.103227260055348
78,25,2022-03-05,1,0,62,68,90,19.59653939340049
78,25,2022-03-05,4,0,62,70,120,6.549845566607793
78,25,2022-03-05,7,0,67,72,75,21.81450640448574
78,25,2022-03-05,0,0,71,77,90,13.61515617062237
78,25,2022-03-05,5,0,71,77,90,18.36841368460496
78,25,2022-03-05,1,0,73,76,45,26.710942401917606
78,25,2022-03-05,2,0,73,85,180,20.01739605122365
78,26,2022-01-17,2,0,8,15,105,15.392070470956057
78,26,2022-01-17,4,0,12,16,60,19.472884971356024
78,26,2022-01-17,5,0,15,19,60,15.368010311276194
78,26,2022-01-17,4,0,19,21,30,20.64575292160317
78,26,2022-01-17,2,0,20,25,75,9.254533154069861
78,26,2022-01-17,7,0,25,34,135,5.0
78,26,2022-01-17,6,0,27,31,60,7.3052467353808055
78,26,2022-01-17,3,0,28,35,105,12.123356865302767
78,26,2022-01-17,2,0,29,34,75,9.875295489255372
78,26,2022-01-17,5,0,31,35,60,10.951666852181916
78,26,2022-01-17,1,0,33,39,90,13.899538845596787
78,26,2022-01-17,6,0,35,42,105,10.531524221070669
78,26,2022-01-17,0,0,43,46,45,6.92574872533789
78,26,2022-01-17,1,0,43,45,30,16.23566705208504
78,26,2022-01-17,2,0,44,51,105,12.070988447447803
78,26,2022-01-17,7,0,44,51,105,11.110691168508566
78,26,2022-01-17,5,0,46,48,30,24.145339881691733
78,26,2022-01-17,6,0,51,59,120,18.800461253961416
78,26,2022-01-17,0,0,52,54,30,14.52916758251628
78,26,2022-01-17,1,0,53,57,60,6.933166531580987
78,26,2022-01-17,2,0,54,59,75,19.194625625659214
78,26,2022-01-17,7,0,54,60,90,21.1427241760411
78,26,2022-01-17,4,0,56,66,150,20.760217518356725
78,26,2022-01-17,5,0,56,61,75,20.407161127262356
78,26,2022-01-17,0,0,57,60,45,5.991194054993883
78,26,2022-01-17,3,0,58,63,75,7.0
78,26,2022-01-17,1,0,60,62,30,6.0
78,26,2022-01-17,0,0,63,78,225,14.844177849186778
78,26,2022-01-17,7,0,64,69,75,22.040692693294133
78,26,2022-01-17,2,0,66,70,60,14.755035122288106
78,26,2022-01-17,3,0,76,80,60,21.83068140306731
78,26,2022-03-05,1,0,6,12,90,15.915567286494515
78,26,2022-03-05,4,0,12,16,60,19.472884971356024
78,26,2022-03-05,4,0,21,24,45,15.660454736712353
78,26,2022-03-05,2,0,22,26,60,14.452815161585207
78,26,2022-03-05,7,0,25,34,135,5.0
78,26,2022-03-05,6,0,27,31,60,7.3052467353808055
78,26,2022-03-05,3,0,28,35,105,12.123356865302767
78,26,2022-03-05,4,0,28,30,30,24.84726120139773
78,26,2022-03-05,2,0,29,34,75,9.875295489255372
78,26,2022-03-05,1,0,30,41,165,13.843847899273726
78,26,2022-03-05,5,0,31,35,60,5.878253635577437
78,26,2022-03-05,6,0,35,42,105,10.531524221070669
78,26,2022-03-05,0,0,38,45,105,10.700354314768987
78,26,2022-03-05,5,0,39,46,105,10.070440909679803
78,26,2022-03-05,1,0,44,47,45,14.083228255306324
78,26,2022-03-05,2,0,44,51,105,22.93937068716049
78,26,2022-03-05,7,0,44,51,105,11.110691168508566
78,26,2022-03-05,0,0,48,51,45,15.851357691360917
78,26,2022-03-05,1,0,50,54,60,15.856416862534289
78,26,2022-03-05,6,0,51,59,120,7.060000260560315
78,26,2022-03-05,2,0,54,59,75,19.194625625659214
78,26,2022-03-05,7,0,54,60,90,21.1427241760411
78,26,2022-03-05,5,0,56,61,75,20.407161127262356
78,26,2022-03-05,3,0,58,63,75,7.0
78,26,2022-03-05,0,0,59,66,105,23.768262473640718
78,26,2022-03-05,4,0,59,71,180,17.44388138680314
78,26,2022-03-05,1,0,60,62,30,6.0
78,26,2022-03-05,7,0,64,69,75,22.040692693294133
78,26,2022-03-05,2,0,66,70,60,14.755035122288106
78,26,2022-03-05,0,0,74,77,45,27.61281781626579
78,26,2022-03-05,3,0,76,80,60,21.83068140306731
78,26,2022-03-05,2,0,79,86,105,30.425658651840756
78,27,2022-01-17,3,0,17,22,75,10.959287317742664
78,27,2022-01-17,4,0,18,27,135,23.12242471367388
78,27,2022-01-17,0,0,19,22,45,17.132820995652438
78,27,2022-01-17,5,0,19,22,45,23.356293535083537
78,27,2022-01-17,7,0,19,27,120,8.164186287608132
78,27,2022-01-17,2,0,20,28,120,14.18990935831026
78,27,2022-01-17,6,0,21,24,45,6.376256560632839
78,27,2022-01-17,1,0,23,32,135,18.346850202386506
78,27,2022-01-17,0,0,25,28,45,6.815371439105064
78,27,2022-01-17,3,0,25,30,75,13.927021549885339
78,27,2022-01-17,6,0,31,38,105,14.70337600907294
78,27,2022-01-17,2,0,36,42,90,14.464611391995469
78,27,2022-01-17,3,0,36,46,150,9.0
78,27,2022-01-17,7,0,36,38,30,12.609296784807178
78,27,2022-01-17,5,0,37,43,90,5.372541707812715
78,27,2022-01-17,0,0,39,46,105,7.0
78,27,2022-01-17,1,0,39,47,120,5.0
78,27,2022-01-17,4,0,45,47,30,18.072740190610347
78,27,2022-01-17,5,0,46,54,120,19.860609852561637
78,27,2022-01-17,2,0,47,49,30,25.344915468995744
78,27,2022-01-17,4,0,52,58,90,23.869887790594206
78,27,2022-01-17,6,0,52,57,75,34.641383470855544
78,27,2022-01-17,3,0,54,57,45,16.396917860540114
78,27,2022-01-17,1,0,56,60,60,7.0
78,27,2022-01-17,7,0,58,61,45,17.964006304469848
78,27,2022-01-17,4,0,61,63,30,16.601365076299913
78,27,2022-01-17,6,0,61,65,60,5.386074770642566
78,27,2022-01-17,3,0,64,70,90,45.28504690378378
78,27,2022-01-17,5,0,64,67,45,5.113231230328807
78,27,2022-01-17,2,0,67,71,60,9.0
78,27,2022-01-17,7,0,67,71,60,15.566429029420163
78,27,2022-01-17,4,0,68,76,120,13.71884271524786
78,27,2022-01-17,1,0,73,78,75,30.22945643599415
78,27,2022-01-17,0,0,77,80,45,13.655813046645669
78,27,2022-01-17,6,0,77,79,30,26.314736935203328
78,27,2022-03-05,3,0,17,22,75,10.959287317742664
78,27,2022-03-05,4,0,18,27,135,23.12242471367388
78,27,2022-03-05,5,0,19,22,45,17.132820995652438
78,27,2022-03-05,2,0,20,28,120,23.356293535083537
78,27,2022-03-05,7,0,23,28,75,8.320426604611214
78,27,2022-03-05,0,0,25,28,45,14.821492346257628
78,27,2022-03-05,3,0,25,30,75,13.927021549885339
78,27,2022-03-05,1,0,27,29,30,6.370605577337045
78,27,2022-03-05,6,0,31,38,105,18.833898419698023
78,27,2022-03-05,7,0,32,38,90,21.01240172623872
78,27,2022-03-05,3,0,33,38,75,17.149427793184614
78,27,2022-03-05,5,0,33,35,30,18.0047320761323
78,27,2022-03-05,2,0,36,42,90,14.464611391995469
78,27,2022-03-05,1,0,37,44,105,15.440347868796096
78,27,2022-03-05,0,0,39,46,105,7.0
78,27,2022-03-05,4,0,40,43,45,9.0
78,27,2022-03-05,5,0,42,45,45,16.052980037913635
78,27,2022-03-05,7,0,45,48,45,19.860609852561637
78,27,2022-03-05,2,0,47,49,30,8.30598734925887
78,27,2022-03-05,4,0,48,60,180,33.94541998370867
78,27,2022-03-05,6,0,50,52,30,18.989178015894282
78,27,2022-03-05,5,0,51,53,30,11.13221479944822
78,27,2022-03-05,3,0,54,57,45,16.396917860540114
78,27,2022-03-05,6,0,55,62,105,15.396719347323874
78,27,2022-03-05,1,0,56,60,60,7.0
78,27,2022-03-05,7,0,58,61,45,17.964006304469848
78,27,2022-03-05,3,0,64,70,90,45.28504690378378
78,27,2022-03-05,5,0,64,67,45,5.113231230328807
78,27,2022-03-05,4,0,65,68,45,5.393653022593099
78,27,2022-03-05,2,0,67,71,60,9.0
78,27,2022-03-05,7,0,67,71,60,15.566429029420163
78,27,2022-03-05,4,0,72,76,60,16.991021855227167
78,27,2022-03-05,1,0,73,78,75,30.22945643599415
78,27,2022-03-05,0,0,77,80,45,13.655813046645669
78,27,2022-03-05,6,0,77,79,30,26.314736935203328
78,28,2022-01-17,0,0,14,19,75,20.530906095179375
78,28,2022-01-17,3,0,14,22,120,20.982303852580678
78,28,2022-01-17,6,0,14,20,90,6.199648929771662
78,28,2022-01-17,7,0,15,19,60,12.902883173601396
78,28,2022-01-17,1,0,17,22,75,16.75050354027782
78,28,2022-01-17,4,0,17,27,150,14.231732418292381
78,28,2022-01-17,2,0,18,23,75,7.481494792394784
78,28,2022-01-17,5,0,20,22,30,8.727598942863231
78,28,2022-01-17,7,0,22,26,60,18.921835260187414
78,28,2022-01-17,5,0,26,32,90,9.0
78,28,2022-01-17,1,0,27,30,45,11.966732972221394
78,28,2022-01-17,2,0,30,39,135,12.84572397313319
78,28,2022-01-17,0,0,33,37,60,19.9953207146455
78,28,2022-01-17,7,0,33,40,105,7.736758516087157
78,28,2022-01-17,4,0,34,42,120,18.97288541039771
78,28,2022-01-17,1,0,35,39,60,21.46423633626828
78,28,2022-01-17,0,0,41,44,45,9.832744343482823
78,28,2022-01-17,3,0,42,47,75,15.874170165478148
78,28,2022-01-17,6,0,43,53,150,14.980673034442574
78,28,2022-01-17,7,0,46,50,60,6.129230712652117
78,28,2022-01-17,3,0,50,58,120,33.98206660286719
78,28,2022-01-17,5,0,50,58,120,19.397915424046154
78,28,2022-01-17,4,0,53,56,45,6.0
78,28,2022-01-17,0,0,54,64,150,26.32053643588685
78,28,2022-01-17,1,0,54,61,105,12.431629298756178
78,28,2022-01-17,2,0,55,64,135,5.0
78,28,2022-01-17,6,0,56,66,150,14.797688006560662
78,28,2022-01-17,3,0,62,71,135,21.435027637114956
78,28,2022-01-17,4,0,63,66,45,8.728800701943229
78,28,2022-01-17,7,0,64,68,60,18.34578778298672
78,28,2022-01-17,2,0,67,69,30,6.0
78,28,2022-01-17,0,0,72,77,75,14.7055877201758
78,28,2022-01-17,1,0,72,76,60,17.766234793334824
78,28,2022-01-17,2,0,72,79,105,15.108842050751633
78,28,2022-01-17,6,0,78,86,120,33.339758933142015
78,28,2022-03-05,6,0,14,20,90,20.530906095179375
78,28,2022-03-05,1,0,17,22,75,17.2397090740669
78,28,2022-03-05,4,0,20,24,60,6.0
78,28,2022-03-05,3,0,22,24,30,11.403918726647042
78,28,2022-03-05,7,0,22,26,60,8.618054587084877
78,28,2022-03-05,6,0,25,42,255,16.254379438522278
78,28,2022-03-05,5,0,26,32,90,15.466744547639266
78,28,2022-03-05,1,0,27,30,45,11.966732972221394
78,28,2022-03-05,0,0,28,41,195,10.307103002739836
78,28,2022-03-05,2,0,30,39,135,6.0
78,28,2022-03-05,7,0,33,40,105,7.736758516087157
78,28,2022-03-05,4,0,34,42,120,18.97288541039771
78,28,2022-03-05,1,0,35,39,60,21.46423633626828
78,28,2022-03-05,5,0,36,40,60,5.0
78,28,2022-03-05,3,0,38,44,90,9.687142706505043
78,28,2022-03-05,7,0,45,48,45,25.39011695722362
78,28,2022-03-05,0,0,46,50,60,7.794082347174097
78,28,2022-03-05,4,0,48,52,60,16.412253906436916
78,28,2022-03-05,1,0,50,55,75,20.020277909326644
78,28,2022-03-05,3,0,50,58,120,19.441350494287192
78,28,2022-03-05,5,0,50,58,120,20.376821413731236
78,28,2022-03-05,6,0,56,66,150,14.797688006560662
78,28,2022-03-05,2,0,57,63,90,12.607529497939154
78,28,2022-03-05,0,0,59,63,60,29.80600891872892
78,28,2022-03-05,1,0,61,65,60,11.152221246049749
78,28,2022-03-05,3,0,62,71,135,21.435027637114956
78,28,2022-03-05,4,0,63,66,45,8.728800701943229
78,28,2022-03-05,7,0,64,68,60,18.34578778298672
78,28,2022-03-05,2,0,67,69,30,6.0
78,28,2022-03-05,0,0,72,77,75,14.7055877201758
78,28,2022-03-05,6,0,78,86,120,33.339758933142015
78,29,2022-01-17,0,0,13,17,60,10.976443331428392
78,29,2022-01-17,6,0,16,24,120,7.699421604778507
78,29,2022-01-17,1,0,17,21,60,21.35957083945108
78,29,2022-01-17,2,0,17,25,120,16.66496860175691
78,29,2022-01-17,3,0,17,23,90,10.091197908557348
78,29,2022-01-17,0,0,21,35,210,12.214102121990585
78,29,2022-01-17,5,0,23,30,105,14.271244916423086
78,29,2022-01-17,1,0,30,32,30,7.0
78,29,2022-01-17,2,0,31,36,75,12.661002743755432
78,29,2022-01-17,7,0,32,36,60,9.380119057800059
78,29,2022-01-17,3,0,36,39,45,22.096301461016196
78,29,2022-01-17,4,0,37,41,60,13.262601305554071
78,29,2022-01-17,2,0,39,42,45,20.521605342711737
78,29,2022-01-17,1,0,40,49,135,15.236378626133579
78,29,2022-01-17,5,0,43,46,45,22.37223340667188
78,29,2022-01-17,4,0,47,55,120,12.048192267564339
78,29,2022-01-17,3,0,50,62,180,13.438684384682603
78,29,2022-01-17,5,0,53,57,60,29.600124716205606
78,29,2022-01-17,7,0,53,58,75,15.21358676789751
78,29,2022-01-17,2,0,54,65,165,9.0
78,29,2022-01-17,6,0,54,60,90,14.012087941487877
78,29,2022-01-17,1,0,55,62,105,9.71635905484181
78,29,2022-01-17,0,0,56,61,75,15.144300957872595
78,29,2022-01-17,4,0,63,71,120,25.227107771868212
78,29,2022-01-17,7,0,64,68,60,19.640881530090226
78,29,2022-01-17,0,0,68,72,60,14.690921077270943
78,29,2022-01-17,6,0,69,75,90,27.895231040785937
78,29,2022-01-17,5,0,70,74,60,9.902922346550824
78,29,2022-01-17,1,0,71,76,75,38.53895365568027
78,29,2022-01-17,0,0,75,80,75,5.0
78,29,2022-01-17,3,0,75,79,60,22.556113046395396
78,29,2022-01-17,1,0,79,82,45,22.754426786333084
78,29,2022-01-17,3,0,82,84,30,35.50229102772012
78,29,2022-03-05,1,0,19,22,45,8.847974403124226
78,29,2022-03-05,3,0,19,25,90,6.992644962184151
78,29,2022-03-05,0,0,21,35,210,21.699484062752433
78,29,2022-03-05,5,0,23,30,105,16.662595257009087
78,29,2022-03-05,6,0,24,28,60,10.089760768642606
78,29,2022-03-05,7,0,25,29,60,14.626535982421274
78,29,2022-03-05,1,0,30,32,30,7.0
78,29,2022-03-05,2,0,31,36,75,9.380119057800059
78,29,2022-03-05,7,0,32,36,60,18.852253004261534
78,29,2022-03-05,5,0,33,38,75,12.100175033064872
78,29,2022-03-05,3,0,36,39,45,22.096301461016196
78,29,2022-03-05,6,0,36,40,60,13.883996607402537
78,29,2022-03-05,4,0,37,41,60,13.262601305554071
78,29,2022-03-05,2,0,39,42,45,10.42956930366774
78,29,2022-03-05,1,0,40,49,135,20.521605342711737
78,29,2022-03-05,5,0,43,46,45,22.37223340667188
78,29,2022-03-05,4,0,44,49,75,13.95336621715716
78,29,2022-03-05,0,0,45,50,75,28.587713906774944
78,29,2022-03-05,7,0,45,47,30,12.848426683458655
78,29,2022-03-05,3,0,50,62,180,15.366631188067274
78,29,2022-03-05,5,0,50,56,90,16.424766161564797
78,29,2022-03-05,4,0,53,56,45,15.496581333978881
78,29,2022-03-05,7,0,53,58,75,15.21358676789751
78,29,2022-03-05,2,0,54,65,165,9.0
78,29,2022-03-05,6,0,54,60,90,14.012087941487877
78,29,2022-03-05,1,0,55,62,105,9.71635905484181
78,29,2022-03-05,0,0,56,61,75,15.144300957872595
78,29,2022-03-05,4,0,63,71,120,25.227107771868212
78,29,2022-03-05,7,0,64,68,60,19.640881530090226
78,29,2022-03-05,0,0,68,72,60,14.690921077270943
78,29,2022-03-05,6,0,69,75,90,27.895231040785937
78,29,2022-03-05,5,0,70,74,60,9.902922346550824
78,29,2022-03-05,1,0,71,76,75,38.53895365568027
78,29,2022-03-05,0,0,75,80,75,5.0
78,29,2022-03-05,3,0,75,79,60,22.556113046395396
78,29,2022-03-05,1,0,79,82,45,22.754426786333084
78,29,2022-03-05,3,0,82,84,30,35.50229102772012
78,30,2022-01-17,1,0,13,16,45,8.51380855754114
78,30,2022-01-17,0,0,16,21,75,5.061646170302481
78,30,2022-01-17,4,0,16,20,60,15.733467250336389
78,30,2022-01-17,7,0,17,19,30,6.0
78,30,2022-01-17,3,0,19,23,60,13.617005651079921
78,30,2022-01-17,5,0,19,25,90,13.754276101321231
78,30,2022-01-17,2,0,20,28,120,9.01224370914531
78,30,2022-01-17,0,0,24,26,30,13.7899579192813
78,30,2022-01-17,7,0,25,30,75,17.523349268566406
78,30,2022-01-17,6,0,26,30,60,26.31250985938695
78,30,2022-01-17,1,0,28,33,75,18.984265411447765
78,30,2022-01-17,0,0,29,32,45,15.202966856115935
78,30,2022-01-17,3,0,30,32,30,6.0
78,30,2022-01-17,2,0,38,41,45,18.87179056924436
78,30,2022-01-17,6,0,41,47,90,17.310059922101537
78,30,2022-01-17,7,0,43,45,30,23.878780608413265
78,30,2022-01-17,2,0,44,51,105,6.0
78,30,2022-01-17,3,0,48,50,30,26.01795215580959
78,30,2022-01-17,5,0,48,50,30,22.922437235221523
78,30,2022-01-17,0,0,50,53,45,11.428722161863718
78,30,2022-01-17,1,0,51,54,45,15.337659519487566
78,30,2022-01-17,4,0,52,55,45,6.0
78,30,2022-01-17,7,0,53,57,60,20.907806737515678
78,30,2022-01-17,3,0,54,58,60,15.710709278389999
78,30,2022-01-17,5,0,54,61,105,24.10219862283875
78,30,2022-01-17,6,0,54,61,105,21.212376929624575
78,30,2022-01-17,1,0,57,64,105,13.955861365065218
78,30,2022-01-17,0,0,59,62,45,19.94244773779505
78,30,2022-01-17,2,0,62,65,45,33.38381618643902
78,30,2022-01-17,3,0,62,70,120,20.53267234566686
78,30,2022-01-17,4,0,63,68,75,35.33971209943681
78,30,2022-01-17,5,0,67,71,60,22.10548805461776
78,30,2022-01-17,0,0,75,80,75,12.227058441654236
78,30,2022-03-05,2,0,20,28,120,6.86287515141948
78,30,2022-03-05,4,0,20,28,120,9.0
78,30,2022-03-05,3,0,22,28,90,6.0
78,30,2022-03-05,0,0,24,26,30,8.851836253180394
78,30,2022-03-05,7,0,25,30,75,9.394715497016726
78,30,2022-03-05,1,0,26,28,30,7.82899269818882
78,30,2022-03-05,6,0,26,30,60,17.344706107863367
78,30,2022-03-05,0,0,29,32,45,15.202966856115935
78,30,2022-03-05,5,0,29,33,60,6.915949737268939
78,30,2022-03-05,3,0,32,34,30,18.016567859738032
78,30,2022-03-05,2,0,38,41,45,18.87179056924436
78,30,2022-03-05,5,0,39,40,15,16.38071891724458
78,30,2022-03-05,6,0,41,47,90,17.310059922101537
78,30,2022-03-05,7,0,43,45,30,9.770760843971928
78,30,2022-03-05,2,0,44,51,105,6.0
78,30,2022-03-05,4,0,44,49,75,21.584731204760118
78,30,2022-03-05,5,0,44,48,60,15.361537029878633
78,30,2022-03-05,3,0,48,50,30,15.815508048366482
78,30,2022-03-05,0,0,50,53,45,16.33671083816033
78,30,2022-03-05,1,0,51,54,45,10.346552656958082
78,30,2022-03-05,4,0,52,55,45,15.1203258433761
78,30,2022-03-05,7,0,53,57,60,20.907806737515678
78,30,2022-03-05,3,0,54,58,60,15.710709278389999
78,30,2022-03-05,6,0,54,61,105,9.232479645013157
78,30,2022-03-05,5,0,55,61,90,14.245763428608129
78,30,2022-03-05,1,0,57,64,105,13.955861365065218
78,30,2022-03-05,0,0,59,62,45,19.94244773779505
78,30,2022-03-05,4,0,63,68,75,35.33971209943681
78,30,2022-03-05,5,0,67,71,60,22.10548805461776
78,30,2022-03-05,0,0,75,80,75,12.227058441654236
78,31,2022-01-17,4,0,5,12,105,12.920266108695763
78,31,2022-01-17,1,0,14,21,105,27.179439757884424
78,31,2022-01-17,6,0,14,21,105,7.0856147485989425
78,31,2022-01-17,0,0,15,19,60,18.737862841319192
78,31,2022-01-17,7,0,15,19,60,6.0
78,31,2022-01-17,3,0,16,19,45,10.771852248839139
78,31,2022-01-17,5,0,18,21,45,5.113998995266002
78,31,2022-01-17,2,0,19,21,30,20.327989279312057
78,31,2022-01-17,3,0,22,26,60,19.30462345078324
78,31,2022-01-17,4,0,24,28,60,17.20460393197439
78,31,2022-01-17,6,0,26,31,75,13.124994143428722
78,31,2022-01-17,3,0,30,35,75,16.105819440695072
78,31,2022-01-17,5,0,32,35,45,18.006847953010023
78,31,2022-01-17,0,0,35,51,240,13.532137787227995
78,31,2022-01-17,1,0,35,41,90,6.381280959989567
78,31,2022-01-17,6,0,39,42,45,14.154124872445472
78,31,2022-01-17,5,0,40,47,105,25.747566713728666
78,31,2022-01-17,4,0,41,46,75,8.179191240356701
78,31,2022-01-17,7,0,43,52,135,14.100250882034544
78,31,2022-01-17,2,0,49,55,90,19.74530265858803
78,31,2022-01-17,1,0,53,55,30,14.749181194377428
78,31,2022-01-17,3,0,55,59,60,19.342405028475625
78,31,2022-01-17,0,0,57,61,60,18.940976490369778
78,31,2022-01-17,7,0,57,62,75,21.725103450964696
78,31,2022-01-17,2,0,59,62,45,27.767925807099957
78,31,2022-01-17,1,0,60,67,105,11.671046286416527
78,31,2022-01-17,4,0,63,66,45,20.971248873735888
78,31,2022-01-17,7,0,65,69,60,20.855748260680272
78,31,2022-01-17,2,0,67,71,60,19.303675287912043
78,31,2022-01-17,4,0,69,72,45,20.823825304792607
78,31,2022-01-17,6,0,72,77,75,30.180887506964943
78,31,2022-03-05,4,0,5,12,105,12.920266108695763
78,31,2022-03-05,6,0,16,19,45,24.12344573574034
78,31,2022-03-05,3,0,21,29,120,5.9144066551248216
78,31,2022-03-05,4,0,24,28,60,17.20460393197439
78,31,2022-03-05,6,0,26,31,75,13.124994143428722
78,31,2022-03-05,7,0,28,31,45,17.60636880835741
78,31,2022-03-05,2,0,31,40,135,6.0
78,31,2022-03-05,5,0,32,35,45,10.234936716289326
78,31,2022-03-05,0,0,35,51,240,5.29828128493881
78,31,2022-03-05,1,0,35,41,90,21.466603693786553
78,31,2022-03-05,6,0,38,44,90,10.9844097257944
78,31,2022-03-05,4,0,40,44,60,14.154124872445472
78,31,2022-03-05,5,0,40,47,105,25.747566713728666
78,31,2022-03-05,7,0,43,52,135,14.100250882034544
78,31,2022-03-05,2,0,49,55,90,24.176375873669883
78,31,2022-03-05,4,0,50,53,45,17.13375521350237
78,31,2022-03-05,1,0,53,55,30,14.749181194377428
78,31,2022-03-05,3,0,55,59,60,19.342405028475625
78,31,2022-03-05,7,0,57,62,75,21.725103450964696
78,31,2022-03-05,1,0,60,67,105,11.671046286416527
78,31,2022-03-05,4,0,63,66,45,20.971248873735888
78,31,2022-03-05,7,0,65,69,60,20.855748260680272
78,31,2022-03-05,2,0,67,71,60,19.303675287912043
78,31,2022-03-05,4,0,69,72,45,20.823825304792607
78,31,2022-03-05,6,0,72,77,75,30.180887506964943
78,31,2022-03-05,1,0,78,84,90,15.483915001093052
78,31,2022-03-05,0,0,79,83,60,16.98487235220594
78,32,2022-01-17,3,0,13,19,90,6.1859847637447345
78,32,2022-01-17,2,0,14,26,180,18.93297392919554
78,32,2022-01-17,6,0,17,25,120,13.85634736273888
78,32,2022-01-17,0,0,18,22,60,21.05281354402522
78,32,2022-01-17,4,0,18,24,90,5.153983490195543
78,32,2022-01-17,5,0,19,23,60,11.13520898996478
78,32,2022-01-17,5,0,26,30,60,21.349196178040017
78,32,2022-01-17,1,0,27,33,90,21.385649454418264
78,32,2022-01-17,0,0,31,36,75,16.413687990384915
78,32,2022-01-17,2,0,31,38,105,7.076678634064983
78,32,2022-01-17,7,0,36,43,105,19.467642073747612
78,32,2022-01-17,4,0,37,44,105,11.404131400098855
78,32,2022-01-17,5,0,37,50,195,14.700720885278209
78,32,2022-01-17,1,0,38,41,45,6.144661429714958
78,32,2022-01-17,3,0,39,42,45,29.351873746270634
78,32,2022-01-17,1,0,46,49,45,11.836130169747193
78,32,2022-01-17,0,0,50,57,105,16.622067107304957
78,32,2022-01-17,4,0,52,64,180,15.239104377971913
78,32,2022-01-17,1,0,53,56,45,18.763461550035217
78,32,2022-01-17,5,0,55,58,45,24.919958947315962
78,32,2022-01-17,3,0,58,67,135,11.132558728229426
78,32,2022-01-17,7,0,58,68,150,14.24267450568692
78,32,2022-01-17,1,0,59,63,60,14.159123268546665
78,32,2022-01-17,2,0,60,64,60,19.488831520215612
78,32,2022-01-17,0,0,61,64,45,20.90077856429835
78,32,2022-01-17,5,0,66,76,150,29.713835674282855
78,32,2022-01-17,1,0,70,82,180,28.13638662892056
78,32,2022-01-17,2,0,73,81,120,5.0
78,32,2022-01-17,6,0,75,78,45,6.8498221241610295
78,32,2022-03-05,3,0,13,19,90,6.1859847637447345
78,32,2022-03-05,5,0,26,30,60,15.940919462669285
78,32,2022-03-05,1,0,27,33,90,14.06437966665954
78,32,2022-03-05,3,0,28,40,180,10.020240520263265
78,32,2022-03-05,0,0,31,36,75,21.60861830809985
78,32,2022-03-05,2,0,31,38,105,5.290051221561825
78,32,2022-03-05,5,0,33,38,75,13.009936547061223
78,32,2022-03-05,7,0,36,43,105,11.758916002495681
78,32,2022-03-05,4,0,37,44,105,22.586098205749423
78,32,2022-03-05,1,0,38,41,45,6.144661429714958
78,32,2022-03-05,6,0,38,45,105,20.143251164606312
78,32,2022-03-05,5,0,43,48,75,8.0
78,32,2022-03-05,3,0,44,51,105,9.0
78,32,2022-03-05,1,0,46,49,45,15.893319435562702
78,32,2022-03-05,0,0,50,57,105,16.622067107304957
78,32,2022-03-05,6,0,50,64,210,9.448601839797824
78,32,2022-03-05,4,0,52,64,180,15.239104377971913
78,32,2022-03-05,5,0,52,58,90,20.49257349384449
78,32,2022-03-05,1,0,53,56,45,18.763461550035217
78,32,2022-03-05,7,0,58,68,150,14.24267450568692
78,32,2022-03-05,0,0,64,70,90,32.8042380703542
78,32,2022-03-05,2,0,66,73,105,11.277710960490921
78,32,2022-03-05,5,0,66,76,150,29.713835674282855
78,32,2022-03-05,1,0,70,82,180,28.13638662892056
78,32,2022-03-05,6,0,75,78,45,6.8498221241610295
78,32,2022-03-05,3,0,82,90,120,26.154692472979526
78,32,2022-03-05,6,0,82,89,105,21.183813764269686
78,33,2022-01-17,5,0,17,27,150,17.718208202925872
78,33,2022-01-17,1,0,18,21,45,16.838362875579634
78,33,2022-01-17,6,0,19,21,30,18.121780186913213
78,33,2022-01-17,3,0,21,27,90,19.17206938627762
78,33,2022-01-17,2,0,23,34,165,11.736060807122328
78,33,2022-01-17,0,0,26,33,105,10.640728599415425
78,33,2022-01-17,7,0,27,37,150,6.219161916372961
78,33,2022-01-17,0,0,36,39,45,16.87863182745025
78,33,2022-01-17,5,0,36,42,90,30.879316257321868
78,33,2022-01-17,3,0,42,45,45,19.02049423498562
78,33,2022-01-17,0,0,44,50,90,13.697836801518932
78,33,2022-01-17,2,0,44,51,105,16.134181286373845
78,33,2022-01-17,4,0,48,55,105,12.869534072408861
78,33,2022-01-17,1,0,51,61,150,12.046211545290362
78,33,2022-01-17,7,0,51,59,120,16.268929113485953
78,33,2022-01-17,6,0,53,60,105,20.61913307458093
78,33,2022-01-17,3,0,54,60,90,15.753157414622372
78,33,2022-01-17,0,0,55,58,45,23.435094884341332
78,33,2022-01-17,4,0,58,63,75,6.0
78,33,2022-01-17,2,0,59,65,90,9.168774921749154
78,33,2022-01-17,5,0,62,65,45,20.986487179915038
78,33,2022-01-17,0,0,65,70,75,8.019813081946836
78,33,2022-01-17,6,0,67,73,90,31.211795814516748
78,33,2022-01-17,2,0,69,82,195,37.735403587261224
78,33,2022-01-17,7,0,69,72,45,13.571475325205824
78,33,2022-01-17,5,0,73,79,90,22.788955289832145
78,33,2022-01-17,3,0,76,82,90,10.185204526665402
78,33,2022-03-05,3,0,21,27,90,18.00017329045737
78,33,2022-03-05,2,0,23,34,165,16.83596483685254
78,33,2022-03-05,5,0,24,29,75,18.468581764109103
78,33,2022-03-05,0,0,26,33,105,19.338815791409296
78,33,2022-03-05,7,0,27,37,150,11.91395691231584
78,33,2022-03-05,6,0,31,36,75,10.657870780923801
78,33,2022-03-05,1,0,33,39,90,6.3696997781138975
78,33,2022-03-05,0,0,36,39,45,16.87863182745025
78,33,2022-03-05,5,0,36,42,90,30.879316257321868
78,33,2022-03-05,2,0,41,50,135,19.02049423498562
78,33,2022-03-05,4,0,41,50,135,13.193624445086513
78,33,2022-03-05,3,0,42,45,45,15.540287981658153
78,33,2022-03-05,6,0,43,48,75,24.38556009409882
78,33,2022-03-05,0,0,44,50,90,11.913878462800568
78,33,2022-03-05,5,0,46,54,120,11.429084411763078
78,33,2022-03-05,1,0,51,61,150,16.268929113485953
78,33,2022-03-05,6,0,51,58,105,20.996334678531674
78,33,2022-03-05,7,0,51,59,120,19.38034956466595
78,33,2022-03-05,2,0,53,58,75,13.529471143396648
78,33,2022-03-05,3,0,54,60,90,15.753157414622372
78,33,2022-03-05,0,0,55,58,45,23.435094884341332
78,33,2022-03-05,4,0,58,63,75,6.0
78,33,2022-03-05,5,0,62,65,45,24.69182125205775
78,33,2022-03-05,2,0,63,66,45,14.506944488945464
78,33,2022-03-05,0,0,65,70,75,8.019813081946836
78,33,2022-03-05,6,0,67,73,90,31.211795814516748
78,33,2022-03-05,2,0,69,82,195,37.735403587261224
78,33,2022-03-05,7,0,69,72,45,13.571475325205824
78,33,2022-03-05,5,0,73,79,90,22.788955289832145
78,33,2022-03-05,3,0,76,82,90,10.185204526665402
78,34,2022-01-17,0,0,11,17,90,8.43947198543789
78,34,2022-01-17,5,0,14,18,60,9.0
78,34,2022-01-17,3,0,15,19,60,10.088313213558862
78,34,2022-01-17,0,0,20,28,120,19.114342402003416
78,34,2022-01-17,2,0,20,27,105,8.299822514790762
78,34,2022-01-17,7,0,21,26,75,22.02526395183265
78,34,2022-01-17,4,0,22,26,60,8.0
78,34,2022-01-17,6,0,23,26,45,16.108310405348462
78,34,2022-01-17,1,0,25,31,90,11.393202684251442
78,34,2022-01-17,2,0,31,36,75,15.034537281628594
78,34,2022-01-17,4,0,31,34,45,8.719914209315355
78,34,2022-01-17,3,0,34,37,45,14.621970872152097
78,34,2022-01-17,6,0,35,38,45,17.9286873139488
78,34,2022-01-17,1,0,37,42,75,6.0
78,34,2022-01-17,4,0,37,42,75,24.00513514686787
78,34,2022-01-17,2,0,42,45,45,10.447351529386765
78,34,2022-01-17,5,0,45,48,45,7.0
78,34,2022-01-17,1,0,46,52,90,22.68078921894677
78,34,2022-01-17,3,0,46,51,75,9.0
78,34,2022-01-17,4,0,49,55,90,27.68414000121865
78,34,2022-01-17,0,0,51,54,45,17.230639037332352
78,34,2022-01-17,6,0,53,58,75,20.196527576240754
78,34,2022-01-17,5,0,55,59,60,16.622032913559536
78,34,2022-01-17,1,0,59,65,90,24.103489837370773
78,34,2022-01-17,2,0,60,67,105,8.59195984667896
78,34,2022-01-17,0,0,61,63,30,17.703892830233087
78,34,2022-01-17,6,0,61,71,150,21.304514026805194
78,34,2022-01-17,3,0,62,63,15,17.804019915261662
78,34,2022-01-17,5,0,62,69,105,19.499518632792253
78,34,2022-01-17,7,0,64,70,90,33.429494663005606
78,34,2022-01-17,0,0,68,72,60,15.78276936761781
78,34,2022-01-17,1,0,69,73,60,16.403836034318687
78,34,2022-01-17,4,0,71,76,75,24.000787912379913
78,34,2022-01-17,0,0,75,78,45,18.241196763348135
78,34,2022-01-17,3,0,77,84,105,38.52664893318327
78,34,2022-01-17,7,0,82,86,60,25.57742586235591
78,34,2022-03-05,2,0,20,27,105,6.224872385149659
78,34,2022-03-05,4,0,22,26,60,9.0
78,34,2022-03-05,6,0,23,26,45,9.337586169633894
78,34,2022-03-05,1,0,25,31,90,8.669241837420508
78,34,2022-03-05,0,0,26,31,75,22.216825619592576
78,34,2022-03-05,2,0,31,36,75,15.034537281628594
78,34,2022-03-05,4,0,31,34,45,8.719914209315355
78,34,2022-03-05,3,0,32,39,105,8.0
78,34,2022-03-05,6,0,35,38,45,17.9286873139488
78,34,2022-03-05,1,0,37,42,75,6.0
78,34,2022-03-05,4,0,37,42,75,24.00513514686787
78,34,2022-03-05,5,0,38,46,120,17.270401428571894
78,34,2022-03-05,7,0,39,43,60,12.27286422806371
78,34,2022-03-05,0,0,42,55,195,16.068198251888262
78,34,2022-03-05,2,0,42,45,45,10.447351529386765
78,34,2022-03-05,1,0,46,52,90,22.68078921894677
78,34,2022-03-05,3,0,46,51,75,5.843181313570867
78,34,2022-03-05,4,0,49,55,90,27.68414000121865
78,34,2022-03-05,7,0,50,57,105,17.31418765673517
78,34,2022-03-05,6,0,53,58,75,6.26873235430925
78,34,2022-03-05,5,0,55,59,60,16.622032913559536
78,34,2022-03-05,2,0,60,67,105,8.59195984667896
78,34,2022-03-05,0,0,61,63,30,17.703892830233087
78,34,2022-03-05,6,0,61,71,150,21.304514026805194
78,34,2022-03-05,3,0,62,63,15,17.804019915261662
78,34,2022-03-05,5,0,62,69,105,19.499518632792253
78,34,2022-03-05,7,0,64,70,90,33.429494663005606
78,34,2022-03-05,1,0,65,68,45,23.76205324597754
78,34,2022-03-05,0,0,68,72,60,15.78276936761781
78,34,2022-03-05,4,0,71,76,75,24.000787912379913
78,34,2022-03-05,0,0,75,78,45,18.241196763348135
78,34,2022-03-05,3,0,77,84,105,38.52664893318327
78,34,2022-03-05,7,0,82,86,60,25.57742586235591
78,35,2022-01-17,2,0,12,16,60,21.130279473003647
78,35,2022-01-17,6,0,13,17,60,14.955772895768824
78,35,2022-01-17,4,0,16,26,150,22.32849490618124
78,35,2022-01-17,5,0,18,22,60,6.645693544069438
78,35,2022-01-17,3,0,19,26,105,5.652129977138671
78,35,2022-01-17,1,0,20,25,75,6.0
78,35,2022-01-17,6,0,20,26,90,13.997942597035973
78,35,2022-01-17,0,0,24,26,30,5.701890091583479
78,35,2022-01-17,0,0,30,33,45,8.70232704835152
78,35,2022-01-17,4,0,34,38,60,14.63695183418372
78,35,2022-01-17,6,0,34,39,75,16.022595060200885
78,35,2022-01-17,5,0,36,44,120,12.809005343136832
78,35,2022-01-17,3,0,38,44,90,14.791787616616716
78,35,2022-01-17,7,0,41,44,45,15.612907138083635
78,35,2022-01-17,4,0,43,48,75,25.346921872129705
78,35,2022-01-17,3,0,47,51,60,17.90759437467492
78,35,2022-01-17,5,0,51,57,90,18.477892486619282
78,35,2022-01-17,2,0,52,56,60,37.4202979452998
78,35,2022-01-17,4,0,55,62,105,12.886542215151977
78,35,2022-01-17,0,0,58,64,90,6.0
78,35,2022-01-17,6,0,58,60,30,11.083305218856552
78,35,2022-01-17,1,0,59,65,90,18.03938804641605
78,35,2022-01-17,2,0,59,62,45,15.36383614989792
78,35,2022-01-17,7,0,62,64,30,29.505754388758213
78,35,2022-01-17,4,0,70,73,45,7.0834102774032885
78,35,2022-01-17,6,0,74,85,165,17.732137808442815
78,35,2022-01-17,0,0,76,81,75,31.70687751723152
78,35,2022-03-05,6,0,15,17,30,17.160780672868356
78,35,2022-03-05,3,0,19,26,105,12.055662455051504
78,35,2022-03-05,1,0,20,25,75,20.278826830571298
78,35,2022-03-05,6,0,20,26,90,13.997942597035973
78,35,2022-03-05,5,0,23,27,60,6.644747096329546
78,35,2022-03-05,0,0,24,26,30,5.760296369754087
78,35,2022-03-05,0,0,30,33,45,8.70232704835152
78,35,2022-03-05,3,0,30,34,60,8.946288069622568
78,35,2022-03-05,4,0,30,38,120,6.0
78,35,2022-03-05,2,0,34,49,225,5.928428893279431
78,35,2022-03-05,6,0,34,39,75,14.63695183418372
78,35,2022-03-05,5,0,36,44,120,12.809005343136832
78,35,2022-03-05,3,0,38,44,90,14.791787616616716
78,35,2022-03-05,7,0,40,45,75,14.796338524665757
78,35,2022-03-05,6,0,42,47,75,7.0
78,35,2022-03-05,4,0,43,48,75,25.346921872129705
78,35,2022-03-05,0,0,45,48,45,17.64333007788074
78,35,2022-03-05,3,0,47,51,60,36.66850461493248
78,35,2022-03-05,7,0,50,53,45,8.028057160267316
78,35,2022-03-05,1,0,51,53,30,11.483891336852324
78,35,2022-03-05,5,0,51,57,90,11.930717169683092
78,35,2022-03-05,2,0,52,56,60,13.036527082630784
78,35,2022-03-05,4,0,55,62,105,12.886542215151977
78,35,2022-03-05,0,0,58,64,90,6.0
78,35,2022-03-05,6,0,58,60,30,11.083305218856552
78,35,2022-03-05,1,0,59,65,90,18.03938804641605
78,35,2022-03-05,2,0,59,62,45,25.774129881602825
78,35,2022-03-05,7,0,62,64,30,29.505754388758213
78,35,2022-03-05,4,0,70,73,45,7.0834102774032885
78,35,2022-03-05,6,0,74,85,165,17.732137808442815
78,35,2022-03-05,0,0,76,81,75,31.70687751723152
78,35,2022-03-05,2,0,81,87,90,29.963353443679473
78,36,2022-01-17,5,0,10,14,60,20.293660656031626
78,36,2022-01-17,2,0,11,12,15,33.74251993830999
78,36,2022-01-17,6,0,12,19,105,17.577244537053602
78,36,2022-01-17,1,0,15,20,75,14.079785769528797
78,36,2022-01-17,2,0,15,22,105,5.536523260412295
78,36,2022-01-17,0,0,16,22,90,24.481378656947022
78,36,2022-01-17,3,0,23,29,90,18.979147261894752
78,36,2022-01-17,7,0,25,28,45,8.606720931436854
78,36,2022-01-17,2,0,27,32,75,9.984574030327913
78,36,2022-01-17,4,0,29,31,30,8.24773852836691
78,36,2022-01-17,0,0,30,32,30,12.050158802214867
78,36,2022-01-17,1,0,30,32,30,15.078362802172478
78,36,2022-01-17,5,0,31,38,105,6.592432861956041
78,36,2022-01-17,7,0,35,40,75,9.008513768617881
78,36,2022-01-17,0,0,39,45,90,5.0
78,36,2022-01-17,6,0,39,42,45,14.278697518302849
78,36,2022-01-17,2,0,43,47,60,19.45783810250355
78,36,2022-01-17,4,0,43,47,60,15.858531911254055
78,36,2022-01-17,7,0,44,50,90,8.476306779690312
78,36,2022-01-17,3,0,47,53,90,6.107282977120114
78,36,2022-01-17,1,0,54,57,45,23.428312797391115
78,36,2022-01-17,0,0,55,64,135,18.526955307008436
78,36,2022-01-17,6,0,55,61,90,19.00133411283884
78,36,2022-01-17,3,0,57,61,60,9.579301950727398
78,36,2022-01-17,4,0,58,69,165,9.969205480951452
78,36,2022-01-17,5,0,62,65,45,19.813395814523503
78,36,2022-01-17,6,0,70,75,75,24.77118356721911
78,36,2022-01-17,4,0,72,76,60,24.013063966780507
78,36,2022-01-17,5,0,74,79,75,32.324738662238836
78,36,2022-01-17,7,0,79,83,60,7.8419201953871465
78,36,2022-03-05,0,0,16,22,90,14.686222755664623
78,36,2022-03-05,2,0,20,24,60,24.88815425085501
78,36,2022-03-05,7,0,25,28,45,13.541858892718594
78,36,2022-03-05,2,0,27,32,75,9.984574030327913
78,36,2022-03-05,4,0,29,31,30,13.495510366288471
78,36,2022-03-05,0,0,30,32,30,12.050158802214867
78,36,2022-03-05,1,0,30,32,30,23.4654635272138
78,36,2022-03-05,5,0,31,38,105,19.48298087573197
78,36,2022-03-05,3,0,33,37,60,8.731299194943475
78,36,2022-03-05,2,0,35,40,75,23.418267985647866
78,36,2022-03-05,7,0,35,40,75,9.008513768617881
78,36,2022-03-05,0,0,39,45,90,5.0
78,36,2022-03-05,6,0,39,42,45,8.793006903365864
78,36,2022-03-05,3,0,42,50,120,11.91650758549926
78,36,2022-03-05,2,0,43,47,60,15.642493424350327
78,36,2022-03-05,4,0,43,47,60,15.858531911254055
78,36,2022-03-05,7,0,44,50,90,19.45783810250355
78,36,2022-03-05,6,0,50,53,45,12.567052561984973
78,36,2022-03-05,1,0,54,57,45,23.428312797391115
78,36,2022-03-05,0,0,56,60,60,24.150562293032557
78,36,2022-03-05,3,0,57,61,60,9.579301950727398
78,36,2022-03-05,4,0,58,69,165,9.969205480951452
78,36,2022-03-05,5,0,62,65,45,31.74420836772604
78,36,2022-03-05,6,0,70,75,75,24.77118356721911
78,36,2022-03-05,4,0,72,76,60,24.013063966780507
78,36,2022-03-05,5,0,74,79,75,32.324738662238836
78,36,2022-03-05,7,0,79,83,60,7.8419201953871465
78,36,2022-03-05,4,0,82,87,75,32.8623957468581
78,37,2022-01-17,3,0,11,16,75,24.009916964907475
78,37,2022-01-17,2,0,12,18,90,18.457105909356855
78,37,2022-01-17,5,0,15,21,90,13.950048664301
78,37,2022-01-17,1,0,19,22,45,11.854899183124559
78,37,2022-01-17,4,0,20,24,60,22.659537650010492
78,37,2022-01-17,0,0,21,26,75,6.0
78,37,2022-01-17,7,0,21,24,45,11.909485964583126
78,37,2022-01-17,6,0,33,40,105,25.58274747486724
78,37,2022-01-17,0,0,35,40,75,12.048247186879017
78,37,2022-01-17,1,0,39,43,60,9.085774694335171
78,37,2022-01-17,7,0,42,45,45,19.137016235064422
78,37,2022-01-17,5,0,43,47,60,6.709174631093475
78,37,2022-01-17,6,0,45,50,75,16.163827147251837
78,37,2022-01-17,3,0,47,52,75,29.109075508481418
78,37,2022-01-17,2,0,48,61,195,10.083123078987008
78,37,2022-01-17,0,0,50,56,90,27.022870109676404
78,37,2022-01-17,7,0,50,53,45,20.132346813772855
78,37,2022-01-17,5,0,52,56,60,15.923421896090161
78,37,2022-01-17,1,0,54,58,60,20.85451835647863
78,37,2022-01-17,4,0,54,58,60,18.871438749561193
78,37,2022-01-17,6,0,54,56,30,17.85063884033395
78,37,2022-01-17,3,0,55,59,60,28.13171131783207
78,37,2022-01-17,7,0,56,64,120,15.897232708283731
78,37,2022-01-17,6,0,61,64,45,40.031443157155735
78,37,2022-01-17,2,0,64,82,270,31.456800790083946
78,37,2022-01-17,3,0,66,69,45,23.51373665602545
78,37,2022-01-17,0,0,69,78,135,9.825322414432307
78,37,2022-01-17,4,0,70,76,90,9.190611953938202
78,37,2022-01-17,1,0,73,77,60,14.428184381545748
78,37,2022-01-17,5,0,78,83,75,7.0
78,37,2022-01-17,3,0,79,82,45,11.501734668775676
78,37,2022-03-05,5,0,15,21,90,19.499454303714842
78,37,2022-03-05,1,0,20,26,90,13.613781654016215
78,37,2022-03-05,0,0,21,26,75,13.11929591121664
78,37,2022-03-05,5,0,25,29,60,13.42103711620473
78,37,2022-03-05,4,0,27,31,60,12.264906092375533
78,37,2022-03-05,6,0,31,35,60,23.706227131461574
78,37,2022-03-05,3,0,32,35,45,6.0
78,37,2022-03-05,2,0,34,36,30,12.186950593133602
78,37,2022-03-05,0,0,35,40,75,12.048247186879017
78,37,2022-03-05,1,0,36,40,60,15.239341888513657
78,37,2022-03-05,7,0,42,45,45,9.0
78,37,2022-03-05,5,0,43,47,60,19.868363416510135
78,37,2022-03-05,6,0,45,50,75,16.163827147251837
78,37,2022-03-05,3,0,47,52,75,7.0
78,37,2022-03-05,2,0,48,61,195,26.840008491310364
78,37,2022-03-05,0,0,50,56,90,27.022870109676404
78,37,2022-03-05,7,0,50,53,45,20.132346813772855
78,37,2022-03-05,5,0,52,56,60,15.923421896090161
78,37,2022-03-05,1,0,54,58,60,20.85451835647863
78,37,2022-03-05,4,0,54,58,60,18.871438749561193
78,37,2022-03-05,6,0,54,56,30,17.85063884033395
78,37,2022-03-05,3,0,55,59,60,28.13171131783207
78,37,2022-03-05,7,0,56,64,120,15.897232708283731
78,37,2022-03-05,2,0,64,82,270,31.456800790083946
78,37,2022-03-05,3,0,66,69,45,23.51373665602545
78,37,2022-03-05,0,0,69,78,135,9.825322414432307
78,37,2022-03-05,1,0,73,77,60,14.428184381545748
78,37,2022-03-05,5,0,78,83,75,7.0
78,37,2022-03-05,3,0,79,82,45,11.501734668775676
78,38,2022-01-17,2,0,9,18,135,27.776031537487725
78,38,2022-01-17,5,0,12,16,60,21.189715314210474
78,38,2022-01-17,1,0,15,19,60,32.85413834221899
78,38,2022-01-17,6,0,16,21,75,9.490140250434578
78,38,2022-01-17,4,0,20,22,30,8.250256215883994
78,38,2022-01-17,5,0,22,25,45,19.062658599404436
78,38,2022-01-17,7,0,23,34,165,10.626799053117622
78,38,2022-01-17,3,0,26,29,45,30.344461568855607
78,38,2022-01-17,6,0,30,33,45,16.628960994366665
78,38,2022-01-17,0,0,31,35,60,9.0
78,38,2022-01-17,1,0,32,37,75,11.68684560833362
78,38,2022-01-17,4,0,32,37,75,15.202248979092673
78,38,2022-01-17,5,0,33,39,90,8.785629212922828
78,38,2022-01-17,3,0,36,40,60,6.0
78,38,2022-01-17,7,0,37,40,45,11.699929067935173
78,38,2022-01-17,0,0,39,42,45,19.934801338907732
78,38,2022-01-17,5,0,43,48,75,12.93221168210001
78,38,2022-01-17,2,0,44,50,90,11.752519244957021
78,38,2022-01-17,0,0,46,50,60,12.625999511586805
78,38,2022-01-17,4,0,46,50,60,28.318485444503906
78,38,2022-01-17,7,0,48,58,150,14.154620294490371
78,38,2022-01-17,5,0,52,57,75,27.206159831052418
78,38,2022-01-17,4,0,53,56,45,6.484910652896666
78,38,2022-01-17,1,0,54,62,120,23.647658492558584
78,38,2022-01-17,2,0,54,56,30,13.262095098058367
78,38,2022-01-17,3,0,55,56,15,13.007494703598141
78,38,2022-01-17,6,0,56,58,30,22.05290920290723
78,38,2022-01-17,2,0,60,64,60,9.314920779570436
78,38,2022-01-17,4,0,60,65,75,11.948227269452026
78,38,2022-01-17,5,0,61,65,60,13.148327563863667
78,38,2022-01-17,6,0,62,66,60,8.21903574098787
78,38,2022-01-17,7,0,67,72,75,35.30119968291119
78,38,2022-01-17,4,0,70,76,90,7.0
78,38,2022-01-17,0,0,73,76,45,8.0
78,38,2022-01-17,6,0,73,81,120,15.199755350899125
78,38,2022-01-17,2,0,74,84,150,28.363903395994043
78,38,2022-01-17,3,0,80,87,105,13.685509270679773
78,38,2022-01-17,1,0,81,85,60,15.58754683885519
78,38,2022-03-05,2,0,9,18,135,27.776031537487725
78,38,2022-03-05,6,0,16,21,75,17.20905099680614
78,38,2022-03-05,5,0,17,21,60,30.413612010805437
78,38,2022-03-05,5,0,24,28,60,14.971003790478207
78,38,2022-03-05,3,0,26,29,45,9.00260759331372
78,38,2022-03-05,6,0,30,33,45,16.628960994366665
78,38,2022-03-05,0,0,31,35,60,8.631352094088655
78,38,2022-03-05,7,0,31,35,60,10.908905435273368
78,38,2022-03-05,1,0,32,37,75,30.39334640443124
78,38,2022-03-05,4,0,32,37,75,9.0
78,38,2022-03-05,5,0,33,39,90,8.785629212922828
78,38,2022-03-05,3,0,36,40,60,6.0
78,38,2022-03-05,0,0,39,42,45,19.934801338907732
78,38,2022-03-05,6,0,39,45,90,13.699699476265778
78,38,2022-03-05,5,0,43,48,75,22.0785997636185
78,38,2022-03-05,2,0,44,50,90,12.93221168210001
78,38,2022-03-05,0,0,46,50,60,12.625999511586805
78,38,2022-03-05,3,0,46,48,30,12.370372993468386
78,38,2022-03-05,4,0,46,50,60,24.040277472557307
78,38,2022-03-05,7,0,48,58,150,9.909117970510884
78,38,2022-03-05,5,0,52,57,75,29.658002605950742
78,38,2022-03-05,4,0,53,56,45,6.484910652896666
78,38,2022-03-05,1,0,54,62,120,23.647658492558584
78,38,2022-03-05,2,0,54,56,30,13.262095098058367
78,38,2022-03-05,3,0,55,56,15,13.007494703598141
78,38,2022-03-05,6,0,56,58,30,22.05290920290723
78,38,2022-03-05,2,0,60,64,60,9.314920779570436
78,38,2022-03-05,4,0,60,65,75,11.948227269452026
78,38,2022-03-05,6,0,62,66,60,8.21903574098787
78,38,2022-03-05,5,0,63,67,60,14.30425000550995
78,38,2022-03-05,7,0,67,72,75,35.30119968291119
78,38,2022-03-05,4,0,70,76,90,7.0
78,38,2022-03-05,0,0,73,76,45,8.0
78,38,2022-03-05,6,0,73,81,120,15.199755350899125
78,38,2022-03-05,2,0,74,84,150,28.363903395994043
78,38,2022-03-05,3,0,80,87,105,13.685509270679773
78,38,2022-03-05,1,0,81,85,60,15.58754683885519
78,39,2022-01-17,1,0,11,15,60,13.256490335667834
78,39,2022-01-17,6,0,15,17,30,21.882873008018997
78,39,2022-01-17,3,0,16,18,30,20.50817518738424
78,39,2022-01-17,4,0,16,23,105,12.419391059330827
78,39,2022-01-17,7,0,18,20,30,13.104174082097629
78,39,2022-01-17,1,0,19,21,30,14.65850671311425
78,39,2022-01-17,6,0,20,26,90,17.48728577759266
78,39,2022-01-17,0,0,21,29,120,8.320256680563716
78,39,2022-01-17,5,0,28,33,75,11.612360494607266
78,39,2022-01-17,4,0,30,35,75,12.578321909247947
78,39,2022-01-17,2,0,31,44,195,16.138867323258836
78,39,2022-01-17,6,0,32,37,75,5.0
78,39,2022-01-17,7,0,38,46,120,8.781294230759961
78,39,2022-01-17,0,0,39,50,165,21.07015924251573
78,39,2022-01-17,4,0,39,47,120,15.804166708989385
78,39,2022-01-17,3,0,41,48,105,7.0
78,39,2022-01-17,1,0,44,51,105,25.24205304884096
78,39,2022-01-17,2,0,47,54,105,12.492833945749638
78,39,2022-01-17,6,0,49,54,75,26.052993576637306
78,39,2022-01-17,4,0,51,54,45,5.458183632924431
78,39,2022-01-17,3,0,58,63,75,10.78648356250801
78,39,2022-01-17,6,0,58,63,75,5.0
78,39,2022-01-17,7,0,58,62,60,7.8866485514461715
78,39,2022-01-17,0,0,59,64,75,19.976134776130095
78,39,2022-01-17,2,0,59,65,90,13.954306820316418
78,39,2022-01-17,4,0,60,65,75,24.483057929193443
78,39,2022-01-17,7,0,65,81,240,27.613190335217816
78,39,2022-01-17,6,0,66,70,60,23.0213610933409
78,39,2022-01-17,0,0,68,73,75,28.174703992776337
78,39,2022-01-17,4,0,68,72,60,26.6802523961061
78,39,2022-01-17,2,0,69,72,45,23.64112761782819
78,39,2022-01-17,5,0,70,72,30,36.428526259063446
78,39,2022-01-17,3,0,75,77,30,29.814552314472238
78,39,2022-03-05,6,0,15,17,30,10.7661483338657
78,39,2022-03-05,1,0,19,21,30,19.874111271250683
78,39,2022-03-05,0,0,21,29,120,19.28687313979676
78,39,2022-03-05,5,0,28,33,75,11.669440705031917
78,39,2022-03-05,4,0,30,35,75,13.568286343932222
78,39,2022-03-05,2,0,31,44,195,8.406141441945394
78,39,2022-03-05,6,0,32,37,75,5.0
78,39,2022-03-05,3,0,34,39,75,11.893443370745437
78,39,2022-03-05,1,0,37,43,90,16.115186214216962
78,39,2022-03-05,7,0,38,46,120,16.855699692605093
78,39,2022-03-05,0,0,39,50,165,21.07015924251573
78,39,2022-03-05,4,0,39,47,120,15.804166708989385
78,39,2022-03-05,1,0,46,53,105,29.807442826311764
78,39,2022-03-05,2,0,47,54,105,12.492833945749638
78,39,2022-03-05,6,0,49,54,75,26.052993576637306
78,39,2022-03-05,3,0,51,55,60,6.941617303000953
78,39,2022-03-05,4,0,51,54,45,5.458183632924431
78,39,2022-03-05,3,0,58,63,75,10.78648356250801
78,39,2022-03-05,7,0,58,62,60,7.8866485514461715
78,39,2022-03-05,0,0,59,64,75,19.976134776130095
78,39,2022-03-05,2,0,59,65,90,13.954306820316418
78,39,2022-03-05,4,0,60,65,75,24.483057929193443
78,39,2022-03-05,6,0,62,67,75,9.648511062906572
78,39,2022-03-05,7,0,65,81,240,27.613190335217816
78,39,2022-03-05,0,0,68,73,75,28.174703992776337
78,39,2022-03-05,4,0,68,72,60,26.6802523961061
78,39,2022-03-05,2,0,69,72,45,23.64112761782819
78,39,2022-03-05,5,0,70,72,30,36.428526259063446
78,39,2022-03-05,3,0,75,77,30,29.814552314472238
78,39,2022-03-05,4,0,81,84,45,9.585128213171458
78,40,2022-01-17,1,0,7,13,90,32.43668673533334
78,40,2022-01-17,2,0,9,13,60,9.0
78,40,2022-01-17,5,0,13,25,180,24.071515483256732
78,40,2022-01-17,4,0,14,17,45,12.14917776555697
78,40,2022-01-17,0,0,15,18,45,17.733656837590658
78,40,2022-01-17,2,0,16,20,60,23.15376913078697
78,40,2022-01-17,3,0,16,22,90,11.613710673831399
78,40,2022-01-17,7,0,16,25,135,8.874038806743968
78,40,2022-01-17,6,0,17,23,90,7.0
78,40,2022-01-17,1,0,22,27,75,6.580594313019091
78,40,2022-01-17,4,0,26,34,120,16.83297677830909
78,40,2022-01-17,2,0,30,33,45,16.730242460397363
78,40,2022-01-17,0,0,33,37,60,9.23128176294071
78,40,2022-01-17,6,0,34,37,45,7.440423307990493
78,40,2022-01-17,1,0,38,41,45,12.021875680928488
78,40,2022-01-17,0,0,41,44,45,12.225669935755583
78,40,2022-01-17,4,0,43,51,120,15.113441029435137
78,40,2022-01-17,6,0,43,48,75,17.71021412061409
78,40,2022-01-17,0,0,47,56,135,41.5038852758822
78,40,2022-01-17,1,0,49,51,30,19.35953284424957
78,40,2022-01-17,3,0,49,52,45,26.658412641145276
78,40,2022-01-17,5,0,49,61,180,12.567953080487946
78,40,2022-01-17,1,0,55,59,60,20.29998892681948
78,40,2022-01-17,3,0,55,59,60,26.040716682507792
78,40,2022-01-17,6,0,55,68,195,17.951588226185486
78,40,2022-01-17,2,0,56,60,60,14.21533169797236
78,40,2022-01-17,4,0,57,62,75,19.97542082980425
78,40,2022-01-17,7,0,57,61,60,18.24919192042065
78,40,2022-01-17,0,0,61,66,75,5.818701095346697
78,40,2022-01-17,1,0,62,65,45,6.0
78,40,2022-01-17,2,0,63,67,60,16.269964535616175
78,40,2022-01-17,3,0,63,65,30,9.07985126833563
78,40,2022-01-17,4,0,69,72,45,7.0
78,40,2022-01-17,1,0,72,75,45,9.7412813836427
78,40,2022-01-17,4,0,75,79,60,23.2658302975021
78,40,2022-01-17,0,0,79,86,105,29.867968086145716
78,40,2022-03-05,1,0,7,13,90,32.43668673533334
78,40,2022-03-05,2,0,16,20,60,9.0
78,40,2022-03-05,1,0,22,27,75,6.580594313019091
78,40,2022-03-05,3,0,23,29,90,19.775084114562844
78,40,2022-03-05,4,0,26,34,120,10.229194051746362
78,40,2022-03-05,5,0,26,32,90,16.822633753595227
78,40,2022-03-05,2,0,30,33,45,16.730242460397363
78,40,2022-03-05,0,0,33,37,60,11.176551953682164
78,40,2022-03-05,6,0,34,37,45,8.54000573529403
78,40,2022-03-05,1,0,38,41,45,7.0
78,40,2022-03-05,5,0,39,45,90,11.121576070902485
78,40,2022-03-05,0,0,41,44,45,12.225669935755583
78,40,2022-03-05,3,0,42,51,135,10.809858379780493
78,40,2022-03-05,4,0,43,51,120,12.811689428470089
78,40,2022-03-05,6,0,43,48,75,15.861916240934598
78,40,2022-03-05,0,0,47,56,135,22.761232212032468
78,40,2022-03-05,1,0,49,51,30,19.35953284424957
78,40,2022-03-05,5,0,49,61,180,16.638799300520077
78,40,2022-03-05,1,0,55,59,60,20.29998892681948
78,40,2022-03-05,3,0,55,59,60,26.040716682507792
78,40,2022-03-05,6,0,55,68,195,17.951588226185486
78,40,2022-03-05,2,0,56,60,60,14.21533169797236
78,40,2022-03-05,4,0,57,62,75,19.97542082980425
78,40,2022-03-05,7,0,57,61,60,18.24919192042065
78,40,2022-03-05,1,0,62,65,45,6.0
78,40,2022-03-05,2,0,63,67,60,16.269964535616175
78,40,2022-03-05,3,0,63,65,30,9.07985126833563
78,40,2022-03-05,0,0,65,69,60,41.39682908754314
78,40,2022-03-05,4,0,69,72,45,7.0
78,40,2022-03-05,1,0,72,75,45,9.7412813836427
78,40,2022-03-05,4,0,75,79,60,23.2658302975021
78,40,2022-03-05,0,0,79,86,105,29.867968086145716
78,41,2022-01-17,6,0,10,15,75,19.557307682419946
78,41,2022-01-17,5,0,11,14,45,8.923624553609919
78,41,2022-01-17,2,0,15,20,75,11.901833155749394
78,41,2022-01-17,3,0,15,22,105,19.320957433161382
78,41,2022-01-17,7,0,15,18,45,8.939008531139194
78,41,2022-01-17,0,0,16,19,45,12.406757675377023
78,41,2022-01-17,4,0,17,19,30,19.218247038102504
78,41,2022-01-17,5,0,17,20,45,9.500799150160688
78,41,2022-01-17,1,0,20,25,75,12.071147004962214
78,41,2022-01-17,6,0,20,25,75,23.03785440883118
78,41,2022-01-17,5,0,25,31,90,12.692210338161438
78,41,2022-01-17,7,0,28,32,60,6.7959233690713035
78,41,2022-01-17,1,0,29,32,45,8.668710231289836
78,41,2022-01-17,4,0,29,33,60,7.0
78,41,2022-01-17,0,0,31,33,30,17.874482504171972
78,41,2022-01-17,2,0,31,33,30,9.0
78,41,2022-01-17,6,0,31,40,135,5.3697100219921765
78,41,2022-01-17,1,0,35,39,60,6.0
78,41,2022-01-17,5,0,35,38,45,8.0
78,41,2022-01-17,3,0,36,44,120,7.0
78,41,2022-01-17,1,0,43,50,105,9.841588806326854
78,41,2022-01-17,2,0,43,49,90,10.8395079360983
78,41,2022-01-17,3,0,48,51,45,6.4266907295751565
78,41,2022-01-17,5,0,49,53,60,14.927056345614645
78,41,2022-01-17,6,0,52,55,45,8.0
78,41,2022-01-17,4,0,54,58,60,29.274665515558453
78,41,2022-01-17,3,0,55,62,105,25.41133583426926
78,41,2022-01-17,7,0,56,62,90,18.484119602220602
78,41,2022-01-17,0,0,57,62,75,21.75895772538412
78,41,2022-01-17,1,0,57,63,90,8.149783245570923
78,41,2022-01-17,6,0,58,62,60,26.41638030844979
78,41,2022-01-17,2,0,60,66,90,27.588394687823495
78,41,2022-01-17,0,0,65,69,60,5.0
78,41,2022-01-17,3,0,65,68,45,6.0
78,41,2022-01-17,2,0,69,73,60,17.18634864873414
78,41,2022-01-17,1,0,70,74,60,44.22357503605869
78,41,2022-01-17,4,0,71,78,105,20.2541406056572
78,41,2022-01-17,6,0,75,78,45,26.3958659585239
78,41,2022-01-17,3,0,79,87,120,11.62568978500974
78,41,2022-01-17,7,0,80,85,75,27.01398836746877
78,41,2022-03-05,3,0,16,22,90,14.153334974571123
78,41,2022-03-05,5,0,17,20,45,6.708895221198368
78,41,2022-03-05,6,0,20,25,75,10.809291649343507
78,41,2022-03-05,5,0,25,31,90,12.692210338161438
78,41,2022-03-05,1,0,26,37,165,18.328390677883256
78,41,2022-03-05,7,0,28,32,60,8.399222596145854
78,41,2022-03-05,0,0,29,32,45,11.89190869526157
78,41,2022-03-05,4,0,29,33,60,19.898902228232735
78,41,2022-03-05,2,0,31,33,30,12.628737490447598
78,41,2022-03-05,6,0,31,40,135,5.3697100219921765
78,41,2022-03-05,3,0,34,40,90,18.37304175095759
78,41,2022-03-05,5,0,35,38,45,14.14687507119941
78,41,2022-03-05,2,0,39,44,75,6.426977764082174
78,41,2022-03-05,1,0,41,46,75,13.681281322984262
78,41,2022-03-05,3,0,43,49,90,8.0
78,41,2022-03-05,6,0,44,51,105,12.986167197919343
78,41,2022-03-05,0,0,49,59,150,10.834873449917296
78,41,2022-03-05,5,0,49,53,60,8.0
78,41,2022-03-05,6,0,55,64,135,6.4484530174440735
78,41,2022-03-05,7,0,56,62,90,23.53211066094181
78,41,2022-03-05,1,0,57,63,90,19.22199832351874
78,41,2022-03-05,3,0,58,68,150,19.284544810860936
78,41,2022-03-05,4,0,58,61,45,13.60896203363479
78,41,2022-03-05,2,0,60,66,90,27.588394687823495
78,41,2022-03-05,0,0,65,69,60,5.0
78,41,2022-03-05,1,0,70,74,60,44.22357503605869
78,41,2022-03-05,4,0,71,78,105,20.2541406056572
78,41,2022-03-05,6,0,75,78,45,26.3958659585239
78,41,2022-03-05,3,0,79,87,120,11.62568978500974
78,41,2022-03-05,7,0,80,85,75,27.01398836746877
78,42,2022-01-17,0,0,11,15,60,25.290922030387627
78,42,2022-01-17,3,0,13,21,120,13.181144513033118
78,42,2022-01-17,1,0,14,19,75,11.852319683209444
78,42,2022-01-17,2,0,14,18,60,21.004415298122808
78,42,2022-01-17,4,0,17,21,60,17.962825212134888
78,42,2022-01-17,5,0,18,25,105,15.107338963768505
78,42,2022-01-17,3,0,24,27,45,14.217223216146905
78,42,2022-01-17,4,0,24,31,105,11.96251956865315
78,42,2022-01-17,6,0,24,28,60,7.674598546234172
78,42,2022-01-17,0,0,30,35,75,13.798386174230544
78,42,2022-01-17,7,0,30,42,180,6.0
78,42,2022-01-17,2,0,31,38,105,13.015909855267495
78,42,2022-01-17,1,0,33,36,45,12.656388794972422
78,42,2022-01-17,5,0,35,39,60,7.384087867417236
78,42,2022-01-17,6,0,35,38,45,19.94669326819107
78,42,2022-01-17,4,0,39,46,105,13.05504484688855
78,42,2022-01-17,6,0,41,50,135,14.96588356662857
78,42,2022-01-17,0,0,43,46,45,16.50630561813834
78,42,2022-01-17,3,0,45,48,45,14.319396429573999
78,42,2022-01-17,2,0,46,50,60,30.135595967413565
78,42,2022-01-17,5,0,49,54,75,24.79201298544283
78,42,2022-01-17,1,0,50,56,90,18.47501271570173
78,42,2022-01-17,4,0,50,53,45,18.753221142047067
78,42,2022-01-17,7,0,51,55,60,30.497912439106386
78,42,2022-01-17,3,0,52,56,60,17.82383309706033
78,42,2022-01-17,2,0,53,61,120,15.638493370854526
78,42,2022-01-17,6,0,53,55,30,22.092174449898025
78,42,2022-01-17,4,0,56,61,75,8.38177623754843
78,42,2022-01-17,0,0,57,62,75,9.181456085225634
78,42,2022-01-17,7,0,58,70,180,16.454818889725473
78,42,2022-01-17,6,0,59,62,45,12.065893237684008
78,42,2022-01-17,3,0,60,74,210,23.667320196966642
78,42,2022-01-17,5,0,60,62,30,23.508590267994506
78,42,2022-01-17,6,0,65,69,60,24.857474049162157
78,42,2022-01-17,0,0,73,77,60,13.785925184102624
78,42,2022-01-17,1,0,73,77,60,16.348316822420784
78,42,2022-01-17,4,0,73,78,75,16.255515358240906
78,42,2022-01-17,5,0,78,80,30,25.676755052953894
78,42,2022-03-05,2,0,14,18,60,23.141825863417026
78,42,2022-03-05,3,0,24,27,45,10.82849318950204
78,42,2022-03-05,4,0,24,31,105,9.736845145922878
78,42,2022-03-05,6,0,24,28,60,17.255418736992333
78,42,2022-03-05,1,0,28,33,75,18.232510130965174
78,42,2022-03-05,0,0,30,35,75,15.642397580423733
78,42,2022-03-05,7,0,30,42,180,7.9475426660198
78,42,2022-03-05,2,0,31,38,105,13.015909855267495
78,42,2022-03-05,5,0,35,39,60,6.0
78,42,2022-03-05,6,0,35,38,45,19.94669326819107
78,42,2022-03-05,1,0,37,44,105,18.807043479677915
78,42,2022-03-05,0,0,38,41,45,5.0
78,42,2022-03-05,4,0,39,46,105,13.05504484688855
78,42,2022-03-05,6,0,41,50,135,14.96588356662857
78,42,2022-03-05,3,0,45,48,45,17.374075547944415
78,42,2022-03-05,2,0,46,50,60,14.319396429573999
78,42,2022-03-05,7,0,47,52,75,20.037292868359657
78,42,2022-03-05,5,0,49,54,75,24.79201298544283
78,42,2022-03-05,1,0,50,56,90,18.47501271570173
78,42,2022-03-05,4,0,50,53,45,20.511630684325276
78,42,2022-03-05,3,0,52,56,60,17.82383309706033
78,42,2022-03-05,2,0,53,61,120,15.638493370854526
78,42,2022-03-05,6,0,53,55,30,22.092174449898025
78,42,2022-03-05,7,0,55,60,75,18.71956676697731
78,42,2022-03-05,4,0,56,61,75,8.38177623754843
78,42,2022-03-05,0,0,57,62,75,9.181456085225634
78,42,2022-03-05,6,0,59,62,45,12.065893237684008
78,42,2022-03-05,3,0,60,74,210,23.667320196966642
78,42,2022-03-05,6,0,65,69,60,24.857474049162157
78,42,2022-03-05,4,0,66,71,75,19.26785587898675
78,42,2022-03-05,0,0,73,77,60,13.785925184102624
78,42,2022-03-05,1,0,73,77,60,16.348316822420784
78,42,2022-03-05,5,0,78,80,30,25.676755052953894
78,43,2022-01-17,5,0,13,22,135,17.124550070790363
78,43,2022-01-17,0,0,14,20,90,7.717446363703267
78,43,2022-01-17,2,0,15,23,120,21.247329029844693
78,43,2022-01-17,3,0,17,31,210,6.0
78,43,2022-01-17,6,0,21,27,90,21.516361096896382
78,43,2022-01-17,0,0,27,34,105,17.347587599064518
78,43,2022-01-17,2,0,27,31,60,9.0
78,43,2022-01-17,5,0,28,30,30,15.382289842671945
78,43,2022-01-17,1,0,29,40,165,7.83902551847266
78,43,2022-01-17,6,0,31,37,90,14.446293047355496
78,43,2022-01-17,2,0,34,36,30,16.428598663546353
78,43,2022-01-17,3,0,37,40,45,14.236674515664177
78,43,2022-01-17,5,0,37,46,135,27.946693120104342
78,43,2022-01-17,7,0,43,46,45,19.36905814182579
78,43,2022-01-17,1,0,46,49,45,17.839133812346205
78,43,2022-01-17,2,0,49,55,90,24.539590542575198
78,43,2022-01-17,6,0,49,52,45,20.972157972159124
78,43,2022-01-17,7,0,52,56,60,10.926068775677876
78,43,2022-01-17,5,0,53,61,120,8.542702118494887
78,43,2022-01-17,1,0,54,61,105,15.871945551880032
78,43,2022-01-17,3,0,55,57,30,22.74505254976183
78,43,2022-01-17,4,0,55,60,75,8.424114377382281
78,43,2022-01-17,3,0,60,64,60,23.672439853369255
78,43,2022-01-17,6,0,60,61,15,18.481986085963968
78,43,2022-01-17,4,0,65,67,30,21.95586038391491
78,43,2022-01-17,2,0,72,75,45,23.090597703346134
78,43,2022-01-17,3,0,74,76,30,15.360663391266229
78,43,2022-01-17,5,0,74,77,45,19.29643411009829
78,43,2022-01-17,3,0,79,84,75,22.331924574227315
78,43,2022-03-05,5,0,19,24,75,13.803886752418094
78,43,2022-03-05,2,0,22,25,45,6.441800429959983
78,43,2022-03-05,3,0,26,36,150,20.155799663019266
78,43,2022-03-05,0,0,27,34,105,6.0
78,43,2022-03-05,1,0,28,31,45,21.497292134412092
78,43,2022-03-05,4,0,28,33,75,7.684551956452722
78,43,2022-03-05,5,0,28,30,30,15.382289842671945
78,43,2022-03-05,6,0,31,37,90,17.10425539695509
78,43,2022-03-05,1,0,34,36,30,7.890496397953818
78,43,2022-03-05,2,0,34,36,30,16.428598663546353
78,43,2022-03-05,5,0,37,46,135,27.946693120104342
78,43,2022-03-05,0,0,39,42,45,12.789210647890584
78,43,2022-03-05,7,0,43,46,45,19.36905814182579
78,43,2022-03-05,3,0,45,49,60,20.051012910633496
78,43,2022-03-05,1,0,46,49,45,17.839133812346205
78,43,2022-03-05,2,0,49,55,90,14.737290302744697
78,43,2022-03-05,6,0,49,52,45,13.400672213154174
78,43,2022-03-05,7,0,52,56,60,10.926068775677876
78,43,2022-03-05,5,0,53,61,120,8.542702118494887
78,43,2022-03-05,1,0,54,61,105,15.871945551880032
78,43,2022-03-05,3,0,55,57,30,22.74505254976183
78,43,2022-03-05,4,0,55,60,75,8.424114377382281
78,43,2022-03-05,3,0,60,64,60,23.672439853369255
78,43,2022-03-05,6,0,60,61,15,18.481986085963968
78,43,2022-03-05,4,0,65,67,30,21.95586038391491
78,43,2022-03-05,2,0,72,75,45,23.090597703346134
78,43,2022-03-05,3,0,74,76,30,15.360663391266229
78,43,2022-03-05,5,0,74,77,45,19.29643411009829
78,43,2022-03-05,3,0,79,84,75,22.331924574227315
78,44,2022-01-17,1,0,9,12,45,19.70847901239501
78,44,2022-01-17,3,0,12,17,75,11.185113905843949
78,44,2022-01-17,5,0,12,17,75,10.085556128454272
78,44,2022-01-17,4,0,13,16,45,5.37686387903797
78,44,2022-01-17,6,0,15,20,75,9.239161685452551
78,44,2022-01-17,1,0,17,26,135,23.469454756447604
78,44,2022-01-17,2,0,18,24,90,7.238780015567997
78,44,2022-01-17,4,0,19,23,60,18.0944204585835
78,44,2022-01-17,7,0,22,25,45,10.47243848909551
78,44,2022-01-17,4,0,26,29,45,20.082425885594787
78,44,2022-01-17,3,0,28,29,15,14.431451476001115
78,44,2022-01-17,6,0,28,32,60,22.39029309542248
78,44,2022-01-17,4,0,35,38,45,8.797376506462925
78,44,2022-01-17,7,0,35,39,60,18.562751684332923
78,44,2022-01-17,0,0,40,48,120,14.658328556534563
78,44,2022-01-17,5,0,40,43,45,14.186635932140632
78,44,2022-01-17,3,0,43,50,105,8.77391807308365
78,44,2022-01-17,7,0,49,54,75,24.80072411787932
78,44,2022-01-17,0,0,53,59,90,9.448103642132267
78,44,2022-01-17,2,0,54,59,75,9.602683903116287
78,44,2022-01-17,1,0,55,62,105,9.981206606173096
78,44,2022-01-17,3,0,55,62,105,24.747485331148333
78,44,2022-01-17,6,0,55,63,120,19.770692093331327
78,44,2022-01-17,7,0,58,66,120,24.008363209360454
78,44,2022-01-17,4,0,59,70,165,22.68463071434079
78,44,2022-01-17,5,0,59,69,150,25.542958837491
78,44,2022-01-17,6,0,67,72,75,17.28699495588622
78,44,2022-01-17,0,0,70,74,60,7.0
78,44,2022-03-05,1,0,9,12,45,19.70847901239501
78,44,2022-03-05,5,0,13,16,45,10.234658821869672
78,44,2022-03-05,2,0,18,24,90,7.582450259624913
78,44,2022-03-05,4,0,19,23,60,6.0
78,44,2022-03-05,1,0,21,28,105,16.694948401383996
78,44,2022-03-05,6,0,22,26,60,9.855035297185658
78,44,2022-03-05,4,0,26,29,45,20.082425885594787
78,44,2022-03-05,3,0,28,29,15,11.791909576147276
78,44,2022-03-05,6,0,29,32,45,9.653800706614696
78,44,2022-03-05,0,0,32,37,75,8.43534109133077
78,44,2022-03-05,4,0,35,38,45,8.797376506462925
78,44,2022-03-05,7,0,35,39,60,10.699012868986316
78,44,2022-03-05,3,0,37,44,105,9.074308348575876
78,44,2022-03-05,0,0,40,48,120,11.942854481650087
78,44,2022-03-05,5,0,40,43,45,6.0
78,44,2022-03-05,2,0,41,43,30,11.219244656155425
78,44,2022-03-05,6,0,42,50,120,7.0
78,44,2022-03-05,7,0,44,49,75,9.599851100233089
78,44,2022-03-05,0,0,53,59,90,9.448103642132267
78,44,2022-03-05,3,0,55,62,105,24.747485331148333
78,44,2022-03-05,6,0,55,63,120,19.770692093331327
78,44,2022-03-05,7,0,58,66,120,24.008363209360454
78,44,2022-03-05,4,0,59,70,165,22.68463071434079
78,44,2022-03-05,5,0,59,69,150,25.542958837491
78,44,2022-03-05,6,0,67,72,75,17.28699495588622
78,44,2022-03-05,0,0,70,74,60,7.0
78,45,2022-01-17,7,0,11,13,30,22.947711086214788
78,45,2022-01-17,1,0,14,22,120,9.211945108600183
78,45,2022-01-17,5,0,15,19,60,21.331335897285527
78,45,2022-01-17,6,0,16,26,150,12.304540415746175
78,45,2022-01-17,3,0,17,21,60,6.512332859672725
78,45,2022-01-17,7,0,17,21,60,24.989689407900777
78,45,2022-01-17,0,0,22,27,75,17.49656266940302
78,45,2022-01-17,1,0,25,28,45,22.53151955814569
78,45,2022-01-17,7,0,28,31,45,7.768753247958905
78,45,2022-01-17,5,0,30,32,30,7.425360989231557
78,45,2022-01-17,4,0,33,37,60,15.110613249709019
78,45,2022-01-17,3,0,34,38,60,19.47532415115083
78,45,2022-01-17,2,0,35,40,75,7.249734124303373
78,45,2022-01-17,6,0,39,46,105,13.147519694078625
78,45,2022-01-17,2,0,44,49,75,19.403159876005276
78,45,2022-01-17,0,0,45,52,105,25.89196288948675
78,45,2022-01-17,3,0,45,49,60,29.962152189206435
78,45,2022-01-17,7,0,45,54,135,6.0
78,45,2022-01-17,6,0,50,54,60,17.163375678068363
78,45,2022-01-17,5,0,51,66,225,16.21072757034242
78,45,2022-01-17,1,0,53,60,105,12.34379957623375
78,45,2022-01-17,3,0,55,60,75,10.935080441068777
78,45,2022-01-17,4,0,55,57,30,22.130279784948343
78,45,2022-01-17,7,0,58,67,135,16.451593387016253
78,45,2022-01-17,6,0,59,63,60,8.0
78,45,2022-01-17,0,0,60,65,75,20.471612315979556
78,45,2022-01-17,2,0,63,70,105,21.759788531815957
78,45,2022-01-17,3,0,64,68,60,20.574503066300323
78,45,2022-01-17,4,0,72,75,45,24.77422584038146
78,45,2022-03-05,1,0,17,23,90,17.25238307806972
78,45,2022-03-05,7,0,17,21,60,7.568818695712864
78,45,2022-03-05,3,0,19,30,165,19.373203099598612
78,45,2022-03-05,4,0,25,28,45,11.672424859470276
78,45,2022-03-05,7,0,27,31,60,23.14817081752458
78,45,2022-03-05,0,0,28,34,90,6.610105784472452
78,45,2022-03-05,5,0,30,32,30,17.832457502262358
78,45,2022-03-05,4,0,31,40,135,16.550826462942524
78,45,2022-03-05,1,0,32,40,120,9.855988470827313
78,45,2022-03-05,3,0,34,38,60,19.47532415115083
78,45,2022-03-05,2,0,35,40,75,15.059048914380817
78,45,2022-03-05,5,0,37,41,60,11.382689261467192
78,45,2022-03-05,6,0,39,46,105,7.724414723677953
78,45,2022-03-05,0,0,40,47,105,9.219115534206566
78,45,2022-03-05,2,0,44,49,75,19.403159876005276
78,45,2022-03-05,4,0,44,49,75,22.27893463317755
78,45,2022-03-05,3,0,45,49,60,29.962152189206435
78,45,2022-03-05,7,0,45,54,135,6.0
78,45,2022-03-05,0,0,50,54,60,28.10282708204477
78,45,2022-03-05,6,0,50,54,60,17.163375678068363
78,45,2022-03-05,5,0,51,66,225,16.21072757034242
78,45,2022-03-05,3,0,55,60,75,10.935080441068777
78,45,2022-03-05,1,0,56,59,45,19.19970812468688
78,45,2022-03-05,6,0,59,63,60,8.0
78,45,2022-03-05,0,0,60,65,75,20.471612315979556
78,45,2022-03-05,7,0,62,67,75,27.755298409061794
78,45,2022-03-05,2,0,63,70,105,21.759788531815957
78,45,2022-03-05,3,0,64,68,60,20.574503066300323
78,45,2022-03-05,4,0,72,75,45,24.77422584038146
78,46,2022-01-17,7,0,8,13,75,6.0
78,46,2022-01-17,2,0,11,16,75,12.473523758586552
78,46,2022-01-17,1,0,13,19,90,10.197044831836344
78,46,2022-01-17,3,0,16,22,90,25.082230252209108
78,46,2022-01-17,0,0,17,20,45,20.619675772001656
78,46,2022-01-17,4,0,17,23,90,10.417845056491409
78,46,2022-01-17,5,0,17,23,90,7.370469918556196
78,46,2022-01-17,6,0,17,24,105,31.626312283975743
78,46,2022-01-17,7,0,17,21,60,9.976172397994077
78,46,2022-01-17,0,0,23,29,90,11.280997905649699
78,46,2022-01-17,7,0,24,26,30,7.058973581735891
78,46,2022-01-17,5,0,26,30,60,9.95716412735701
78,46,2022-01-17,2,0,27,35,120,13.073122740071085
78,46,2022-01-17,4,0,27,30,45,6.0
78,46,2022-01-17,6,0,33,40,105,22.685080406485085
78,46,2022-01-17,7,0,35,39,60,12.053486697501533
78,46,2022-01-17,1,0,36,39,45,14.190209039854103
78,46,2022-01-17,0,0,37,47,150,14.225025877565152
78,46,2022-01-17,4,0,37,45,120,18.31079780694519
78,46,2022-01-17,2,0,39,46,105,7.023750909227573
78,46,2022-01-17,1,0,49,52,45,31.26895253797415
78,46,2022-01-17,3,0,49,55,90,14.732382407452604
78,46,2022-01-17,6,0,49,57,120,15.25268507677007
78,46,2022-01-17,4,0,50,56,90,27.330617415831732
78,46,2022-01-17,0,0,51,57,90,19.722723819472563
78,46,2022-01-17,1,0,55,61,90,25.762245772693646
78,46,2022-01-17,5,0,55,59,60,25.983149715967038
78,46,2022-01-17,7,0,57,60,45,6.0
78,46,2022-01-17,2,0,58,67,135,15.849116357699593
78,46,2022-01-17,4,0,59,67,120,7.301050970820704
78,46,2022-01-17,3,0,61,69,120,13.778275888747515
78,46,2022-01-17,6,0,63,65,30,9.524010699521781
78,46,2022-01-17,0,0,65,70,75,23.697967776413762
78,46,2022-01-17,2,0,72,78,90,32.329844212704856
78,46,2022-01-17,5,0,73,76,45,20.775722151354515
78,46,2022-01-17,4,0,75,82,105,13.006651687336742
78,46,2022-01-17,1,0,76,79,45,26.600165455577454
78,46,2022-01-17,5,0,80,84,60,13.306784028211979
78,46,2022-03-05,7,0,8,13,75,6.0
78,46,2022-03-05,1,0,13,19,90,11.41358604393993
78,46,2022-03-05,5,0,17,23,90,8.378207062064561
78,46,2022-03-05,0,0,21,24,45,23.58853425609105
78,46,2022-03-05,3,0,21,23,30,20.94781440867054
78,46,2022-03-05,7,0,24,26,30,7.058973581735891
78,46,2022-03-05,3,0,26,29,45,20.023954829580333
78,46,2022-03-05,5,0,26,30,60,9.95716412735701
78,46,2022-03-05,2,0,27,35,120,10.574253397900222
78,46,2022-03-05,4,0,27,30,45,7.481126486120196
78,46,2022-03-05,1,0,28,31,45,8.25191843262926
78,46,2022-03-05,0,0,31,37,90,20.079050844113745
78,46,2022-03-05,6,0,33,40,105,32.87815767713298
78,46,2022-03-05,3,0,35,41,90,25.97426531142805
78,46,2022-03-05,7,0,35,39,60,12.053486697501533
78,46,2022-03-05,1,0,36,39,45,19.876790740983964
78,46,2022-03-05,4,0,37,45,120,18.31079780694519
78,46,2022-03-05,5,0,38,42,60,7.456059579147265
78,46,2022-03-05,2,0,39,46,105,7.023750909227573
78,46,2022-03-05,0,0,41,44,45,19.155160839750216
78,46,2022-03-05,5,0,45,60,225,28.952998870828175
78,46,2022-03-05,7,0,48,52,60,14.96571031818808
78,46,2022-03-05,0,0,49,53,60,9.350304003056927
78,46,2022-03-05,1,0,49,52,45,31.26895253797415
78,46,2022-03-05,3,0,49,55,90,26.763780362580384
78,46,2022-03-05,6,0,49,57,120,9.0
78,46,2022-03-05,4,0,50,56,90,27.330617415831732
78,46,2022-03-05,1,0,55,61,90,25.762245772693646
78,46,2022-03-05,7,0,57,60,45,6.0
78,46,2022-03-05,0,0,58,64,90,22.48404282398399
78,46,2022-03-05,2,0,59,64,75,15.678956432192194
78,46,2022-03-05,4,0,59,67,120,7.301050970820704
78,46,2022-03-05,3,0,61,69,120,13.778275888747515
78,46,2022-03-05,6,0,63,65,30,9.524010699521781
78,46,2022-03-05,2,0,72,78,90,32.329844212704856
78,46,2022-03-05,5,0,73,76,45,20.775722151354515
78,46,2022-03-05,4,0,75,82,105,13.006651687336742
78,46,2022-03-05,1,0,76,79,45,26.600165455577454
78,46,2022-03-05,5,0,80,84,60,13.306784028211979
78,47,2022-01-17,0,0,12,17,75,7.342321368664727
78,47,2022-01-17,1,0,16,20,60,17.083867811163024
78,47,2022-01-17,2,0,16,21,75,25.87258178160733
78,47,2022-01-17,4,0,16,26,150,22.473558061447527
78,47,2022-01-17,7,0,18,24,90,10.83913585872238
78,47,2022-01-17,5,0,19,24,75,11.504714806560962
78,47,2022-01-17,6,0,20,23,45,8.707343697041537
78,47,2022-01-17,3,0,22,26,60,15.444492589281495
78,47,2022-01-17,0,0,24,30,90,9.84169444211311
78,47,2022-01-17,1,0,27,32,75,19.668692915226828
78,47,2022-01-17,7,0,27,35,120,12.311881053450016
78,47,2022-01-17,0,0,33,38,75,10.62545434361489
78,47,2022-01-17,3,0,36,38,30,8.419018548881951
78,47,2022-01-17,7,0,40,44,60,13.470565066540374
78,47,2022-01-17,3,0,41,45,60,17.696675798888172
78,47,2022-01-17,2,0,44,50,90,7.457992960459627
78,47,2022-01-17,4,0,46,50,60,8.335690210146609
78,47,2022-01-17,6,0,49,53,60,17.037302401334415
78,47,2022-01-17,5,0,50,56,90,8.0
78,47,2022-01-17,0,0,53,56,45,15.091581680011828
78,47,2022-01-17,2,0,53,56,45,19.249870439277984
78,47,2022-01-17,4,0,55,58,45,9.478102455751092
78,47,2022-01-17,1,0,56,61,75,7.0
78,47,2022-01-17,3,0,59,63,60,36.63653497441311
78,47,2022-01-17,5,0,59,67,120,22.523400862422903
78,47,2022-01-17,6,0,59,62,45,17.175260542061714
78,47,2022-01-17,0,0,64,69,75,5.963185109356161
78,47,2022-01-17,1,0,65,74,135,7.3445368709782315
78,47,2022-01-17,4,0,65,70,75,19.652528078427814
78,47,2022-01-17,5,0,75,78,45,5.0
78,47,2022-01-17,4,0,77,80,45,12.197131324520406
78,47,2022-01-17,2,0,80,86,90,37.037885947273814
78,47,2022-03-05,1,0,17,20,45,5.520051235549857
78,47,2022-03-05,4,0,17,25,120,15.814815224811866
78,47,2022-03-05,3,0,22,26,60,24.331818802086396
78,47,2022-03-05,0,0,24,30,90,20.801176618405982
78,47,2022-03-05,7,0,25,32,105,11.107400455966548
78,47,2022-03-05,1,0,27,32,75,19.668692915226828
78,47,2022-03-05,2,0,30,36,90,12.14187469413379
78,47,2022-03-05,0,0,33,38,75,10.62545434361489
78,47,2022-03-05,6,0,33,35,30,9.226545952979833
78,47,2022-03-05,5,0,34,36,30,15.804315037721288
78,47,2022-03-05,3,0,36,38,30,8.419018548881951
78,47,2022-03-05,1,0,37,42,75,22.225589489756835
78,47,2022-03-05,7,0,40,44,60,13.470565066540374
78,47,2022-03-05,3,0,41,45,60,17.696675798888172
78,47,2022-03-05,2,0,44,50,90,17.941514361343323
78,47,2022-03-05,0,0,45,50,75,8.335690210146609
78,47,2022-03-05,1,0,46,53,105,16.288985180496113
78,47,2022-03-05,4,0,46,50,60,8.0
78,47,2022-03-05,6,0,49,53,60,10.641906099511921
78,47,2022-03-05,5,0,50,56,90,28.816404107861786
78,47,2022-03-05,2,0,53,56,45,19.249870439277984
78,47,2022-03-05,0,0,55,58,45,16.47777867787019
78,47,2022-03-05,4,0,55,58,45,9.478102455751092
78,47,2022-03-05,5,0,59,67,120,22.523400862422903
78,47,2022-03-05,6,0,59,62,45,17.175260542061714
78,47,2022-03-05,3,0,61,65,60,17.01056088824597
78,47,2022-03-05,0,0,64,69,75,5.963185109356161
78,47,2022-03-05,1,0,65,74,135,7.3445368709782315
78,47,2022-03-05,4,0,65,70,75,19.652528078427814
78,47,2022-03-05,2,0,67,72,75,28.331582360430694
78,47,2022-03-05,5,0,75,78,45,5.0
78,47,2022-03-05,4,0,77,80,45,12.197131324520406
78,47,2022-03-05,2,0,80,86,90,37.037885947273814
78,48,2022-01-17,2,0,5,13,120,27.832492974632288
78,48,2022-01-17,1,0,11,15,60,36.3382939390474
78,48,2022-01-17,4,0,11,16,75,17.856566234936054
78,48,2022-01-17,6,0,11,19,120,12.862477833336982
78,48,2022-01-17,7,0,11,15,60,24.358746036406878
78,48,2022-01-17,3,0,15,19,60,9.96473399474931
78,48,2022-01-17,5,0,17,22,75,22.11425531091099
78,48,2022-01-17,1,0,20,24,60,14.783940617046753
78,48,2022-01-17,0,0,22,26,60,19.865902995339674
78,48,2022-01-17,3,0,22,25,45,20.276570065343222
78,48,2022-01-17,6,0,22,26,60,8.0
78,48,2022-01-17,7,0,22,27,75,8.906018126965442
78,48,2022-01-17,2,0,31,36,75,35.29808725922231
78,48,2022-01-17,4,0,33,38,75,16.401139136733825
78,48,2022-01-17,7,0,33,39,90,8.421508577125863
78,48,2022-01-17,0,0,35,37,30,14.216272892739696
78,48,2022-01-17,1,0,35,39,60,7.0
78,48,2022-01-17,6,0,35,38,45,11.949647715318719
78,48,2022-01-17,5,0,39,44,75,18.43587943617166
78,48,2022-01-17,2,0,40,48,120,11.232625611729034
78,48,2022-01-17,3,0,40,51,165,6.506670433359382
78,48,2022-01-17,4,0,43,50,105,7.0
78,48,2022-01-17,6,0,43,47,60,25.55738734384326
78,48,2022-01-17,7,0,43,50,105,17.444789232383556
78,48,2022-01-17,0,0,47,54,105,26.445598090914217
78,48,2022-01-17,1,0,52,55,45,7.0
78,48,2022-01-17,4,0,53,65,180,6.333154469002679
78,48,2022-01-17,5,0,53,55,30,12.675209759861986
78,48,2022-01-17,7,0,55,59,60,5.0
78,48,2022-01-17,2,0,56,61,75,9.28334897575818
78,48,2022-01-17,6,0,56,59,45,24.51309961622932
78,48,2022-01-17,5,0,58,65,105,17.217149059845816
78,48,2022-01-17,3,0,59,67,120,8.0
78,48,2022-01-17,6,0,62,70,120,9.0
78,48,2022-01-17,7,0,62,66,60,27.24843769297589
78,48,2022-01-17,0,0,65,73,120,32.66549449925835
78,48,2022-01-17,3,0,70,79,135,31.24542739846123
78,48,2022-01-17,2,0,72,75,45,8.424043825452543
78,48,2022-01-17,7,0,72,78,90,17.638332086706598
78,48,2022-01-17,1,0,74,78,60,30.76051744568757
78,48,2022-01-17,0,0,79,84,75,37.65755755559732
78,48,2022-01-17,5,0,80,84,60,22.565141298673524
78,48,2022-03-05,2,0,5,13,120,27.832492974632288
78,48,2022-03-05,3,0,15,19,60,29.511843092796106
78,48,2022-03-05,1,0,20,24,60,13.170829435922577
78,48,2022-03-05,6,0,21,25,60,9.82406538197742
78,48,2022-03-05,0,0,22,26,60,18.604651202151857
78,48,2022-03-05,3,0,22,25,45,20.276570065343222
78,48,2022-03-05,5,0,22,32,150,9.371314545175935
78,48,2022-03-05,7,0,22,27,75,22.466178477352003
78,48,2022-03-05,2,0,25,28,45,20.76705529349725
78,48,2022-03-05,4,0,25,29,60,20.038683921718878
78,48,2022-03-05,2,0,31,36,75,35.29808725922231
78,48,2022-03-05,0,0,33,41,120,8.497580100026425
78,48,2022-03-05,4,0,33,38,75,27.921689344641678
78,48,2022-03-05,7,0,33,39,90,8.421508577125863
78,48,2022-03-05,1,0,35,39,60,15.298773745959842
78,48,2022-03-05,6,0,35,38,45,11.949647715318719
78,48,2022-03-05,5,0,39,44,75,18.43587943617166
78,48,2022-03-05,2,0,40,48,120,11.232625611729034
78,48,2022-03-05,3,0,40,51,165,17.41538060195466
78,48,2022-03-05,6,0,41,45,60,13.377241369278678
78,48,2022-03-05,4,0,43,50,105,7.680262965591041
78,48,2022-03-05,7,0,43,50,105,17.444789232383556
78,48,2022-03-05,0,0,47,54,105,7.699913673644673
78,48,2022-03-05,5,0,47,57,150,27.607438522251414
78,48,2022-03-05,1,0,52,55,45,7.0
78,48,2022-03-05,4,0,53,65,180,6.333154469002679
78,48,2022-03-05,7,0,55,59,60,5.0
78,48,2022-03-05,2,0,56,61,75,9.28334897575818
78,48,2022-03-05,6,0,57,61,60,9.188206408675967
78,48,2022-03-05,7,0,62,66,60,27.24843769297589
78,48,2022-03-05,0,0,65,73,120,32.66549449925835
78,48,2022-03-05,3,0,70,79,135,31.24542739846123
78,48,2022-03-05,7,0,73,79,90,19.654308217382976
78,48,2022-03-05,1,0,74,78,60,30.76051744568757
78,48,2022-03-05,2,0,75,78,45,32.568930514859545
78,48,2022-03-05,0,0,79,84,75,37.65755755559732
78,48,2022-03-05,5,0,80,84,60,22.565141298673524
78,49,2022-01-17,2,0,14,17,45,25.102438328955884
78,49,2022-01-17,4,0,15,18,45,19.649986063675335
78,49,2022-01-17,7,0,15,20,75,21.935217130298746
78,49,2022-01-17,0,0,18,26,120,15.983036889258607
78,49,2022-01-17,1,0,20,23,45,17.52086197324975
78,49,2022-01-17,2,0,21,25,60,16.662135105843923
78,49,2022-01-17,4,0,21,25,60,14.210380356708214
78,49,2022-01-17,6,0,21,26,75,23.630490111184045
78,49,2022-01-17,7,0,23,26,45,5.0
78,49,2022-01-17,5,0,29,33,60,9.112939662977269
78,49,2022-01-17,0,0,30,36,90,11.704662366531068
78,49,2022-01-17,2,0,30,41,165,18.99376403432627
78,49,2022-01-17,3,0,32,37,75,14.399887534123238
78,49,2022-01-17,4,0,32,34,30,16.3249868931578
78,49,2022-01-17,6,0,34,37,45,18.609243709175132
78,49,2022-01-17,1,0,35,38,45,26.008144643178305
78,49,2022-01-17,5,0,39,45,90,10.072903371847076
78,49,2022-01-17,3,0,43,45,30,24.930602175042715
78,49,2022-01-17,1,0,44,48,60,8.415451104217276
78,49,2022-01-17,4,0,44,51,105,16.865180623685454
78,49,2022-01-17,7,0,46,49,45,9.760491217173396
78,49,2022-01-17,2,0,47,51,60,11.923559684643422
78,49,2022-01-17,0,0,50,58,120,8.307517293351914
78,49,2022-01-17,1,0,51,61,150,8.160514987884802
78,49,2022-01-17,6,0,51,55,60,11.016284940816611
78,49,2022-01-17,3,0,54,66,180,21.620372700348646
78,49,2022-01-17,4,0,54,64,150,6.75616365890663
78,49,2022-01-17,5,0,54,60,90,21.25470734226738
78,49,2022-01-17,7,0,55,62,105,7.645621894417388
78,49,2022-01-17,6,0,58,63,75,7.0
78,49,2022-01-17,0,0,61,67,90,13.659907144030186
78,49,2022-01-17,2,0,63,68,75,26.74136260393273
78,49,2022-01-17,5,0,64,66,30,13.947742386672147
78,49,2022-01-17,3,0,71,78,105,35.17294920498222
78,49,2022-01-17,7,0,71,75,60,9.082920424261182
78,49,2022-01-17,2,0,72,78,90,15.598774430450703
78,49,2022-01-17,6,0,74,79,75,21.641223859619274
78,49,2022-01-17,1,0,75,80,75,15.728268156612678
78,49,2022-01-17,5,0,78,81,45,8.350854703917449
78,49,2022-01-17,0,0,80,86,90,15.899577372932015
78,49,2022-03-05,2,0,14,17,45,25.102438328955884
78,49,2022-03-05,1,0,20,23,45,17.84619457257282
78,49,2022-03-05,2,0,21,25,60,16.662135105843923
78,49,2022-03-05,6,0,21,26,75,20.628931936675592
78,49,2022-03-05,7,0,23,26,45,15.98076066194838
78,49,2022-03-05,5,0,29,33,60,18.491211141634913
78,49,2022-03-05,0,0,30,36,90,24.08414261860831
78,49,2022-03-05,2,0,30,41,165,18.99376403432627
78,49,2022-03-05,7,0,30,36,90,22.20022667493612
78,49,2022-03-05,3,0,32,37,75,9.033582235757038
78,49,2022-03-05,4,0,32,34,30,14.399887534123238
78,49,2022-03-05,1,0,34,40,90,9.77404734971821
78,49,2022-03-05,6,0,34,37,45,18.609243709175132
78,49,2022-03-05,5,0,39,45,90,10.072903371847076
78,49,2022-03-05,3,0,43,45,30,24.930602175042715
78,49,2022-03-05,1,0,44,48,60,17.61894416189621
78,49,2022-03-05,4,0,44,51,105,16.865180623685454
78,49,2022-03-05,7,0,46,49,45,8.857868419329165
78,49,2022-03-05,2,0,47,51,60,11.923559684643422
78,49,2022-03-05,5,0,49,53,60,10.208888927694815
78,49,2022-03-05,0,0,50,58,120,8.307517293351914
78,49,2022-03-05,1,0,51,61,150,8.160514987884802
78,49,2022-03-05,6,0,51,55,60,20.997694376622484
78,49,2022-03-05,3,0,54,66,180,21.620372700348646
78,49,2022-03-05,4,0,54,64,150,6.75616365890663
78,49,2022-03-05,7,0,55,62,105,7.645621894417388
78,49,2022-03-05,5,0,58,67,135,42.09120543481124
78,49,2022-03-05,6,0,58,63,75,7.0
78,49,2022-03-05,2,0,63,68,75,26.74136260393273
78,49,2022-03-05,3,0,71,78,105,35.17294920498222
78,49,2022-03-05,7,0,71,75,60,9.082920424261182
78,49,2022-03-05,2,0,72,78,90,15.598774430450703
78,49,2022-03-05,6,0,74,79,75,21.641223859619274
78,49,2022-03-05,1,0,75,80,75,15.728268156612678
78,49,2022-03-05,5,0,78,81,45,8.350854703917449
78,49,2022-03-05,0,0,80,86,90,15.899577372932015
78,49,2022-03-05,3,0,82,89,105,10.51745220324915
