level,level_label,algorithm,ports,transformer_kw,transformer_rating,station_demand,n_runs,sat_all_arrivals_mean,sat_all_arrivals_ci_low,sat_all_arrivals_ci_high,average_user_satisfaction_mean,average_user_satisfaction_ci_low,average_user_satisfaction_ci_high,dns_lower_mean,dns_lower_ci_low,dns_lower_ci_high,dns_upper_mean,dns_upper_ci_low,dns_upper_ci_high,total_transformer_overload_mean,total_transformer_overload_ci_low,total_transformer_overload_ci_high,total_energy_charged_mean,total_energy_charged_ci_low,total_energy_charged_ci_high,gross_margin_cop_mean,gross_margin_cop_ci_low,gross_margin_cop_ci_high,total_ev_served_mean,total_ev_served_ci_low,total_ev_served_ci_high,peak_kw_p95,peak_kw_p95_ci_low,peak_kw_p95_ci_high,peak_kva_p95_at_pf_0894,rating_kw,cells_with_overload,seeds_with_overload,n_clusters,broken_satisfaction,broken_dns,broken_peak,meets_all,delta_dns_lower_vs_8p100kw,delta_dns_lower_ci_low,delta_dns_lower_ci_high,delta_gross_margin_cop_vs_8p100kw,delta_gross_margin_cop_ci_low,delta_gross_margin_cop_ci_high
1.3,1.3x,ChargeAsFastAsPossible,8,100.0,reference 100 kW unit (111.9 kVA at pf 0.894; 112.5 kVA class),reference (8 ports),100,0.9469199181192218,0.9366830129844704,0.9559790424538476,0.9987851874291384,0.9983878291241497,0.9991533300843256,0.05533312494121691,0.04673907033039849,0.0650806308099252,0.41043532438820435,0.39854331550247896,0.42176140279802005,176.73428796444009,154.01258036609815,200.41985780430676,718.2369921416134,699.0473617629397,738.2905096817204,419621.70293332805,408410.3820653373,431337.73994068394,44.65,43.76,45.55,226.68467138967193,199.404874565842,253.19908144614072,253.56227224795518,100.0,100,50,50,False,False,True,False,0.0,0.0,0.0,0.0,0.0,0.0
1.3,1.3x,ChargeAsFastAsPossible,8,134.2,150 kVA,reference (8 ports),100,0.9469199181192218,0.9366830129844704,0.9559790424538476,0.9987851874291384,0.9983878291241497,0.9991533300843256,0.05533312494121691,0.04673907033039849,0.0650806308099252,0.41043532438820435,0.39854331550247896,0.42176140279802005,52.85786627804148,42.59363681454836,64.04824704485831,718.2369921416134,699.0473617629397,738.2905096817204,419621.70293332805,408410.3820653373,431337.73994068394,44.65,43.76,45.55,226.68467138967193,199.404874565842,253.19908144614072,253.56227224795518,134.2,87,47,50,False,False,True,False,0.0,0.0,0.0,0.0,0.0,0.0
1.3,1.3x,ChargeAsFastAsPossible,8,201.2,225 kVA,reference (8 ports),100,0.9469199181192218,0.9366830129844704,0.9559790424538476,0.9987851874291384,0.9983878291241497,0.9991533300843256,0.05533312494121691,0.04673907033039849,0.0650806308099252,0.41043532438820435,0.39854331550247896,0.42176140279802005,1.6505792294444166,0.1549055040830089,3.5365072468795815,718.2369921416134,699.0473617629397,738.2905096817204,419621.70293332805,408410.3820653373,431337.73994068394,44.65,43.76,45.55,226.68467138967193,199.404874565842,253.19908144614072,253.56227224795518,201.2,5,5,50,False,False,True,False,0.0,0.0,0.0,0.0,0.0,0.0
1.3,1.3x,ChargeAsFastAsPossible,8,268.3,300 kVA,reference (8 ports),100,0.9469199181192218,0.9366830129844704,0.9559790424538476,0.9987851874291384,0.9983878291241497,0.9991533300843256,0.05533312494121691,0.04673907033039849,0.0650806308099252,0.41043532438820435,0.39854331550247896,0.42176140279802005,0.0,0.0,0.0,718.2369921416134,699.0473617629397,738.2905096817204,419621.70293332805,408410.3820653373,431337.73994068394,44.65,43.76,45.55,226.68467138967193,199.404874565842,253.19908144614072,253.56227224795518,268.3,0,0,50,False,False,False,True,0.0,0.0,0.0,0.0,0.0,0.0
1.3,1.3x,ChargeAsFastAsPossible,8,357.8,400 kVA,reference (8 ports),100,0.9469199181192218,0.9366830129844704,0.9559790424538476,0.9987851874291384,0.9983878291241497,0.9991533300843256,0.05533312494121691,0.04673907033039849,0.0650806308099252,0.41043532438820435,0.39854331550247896,0.42176140279802005,0.0,0.0,0.0,718.2369921416134,699.0473617629397,738.2905096817204,419621.70293332805,408410.3820653373,431337.73994068394,44.65,43.76,45.55,226.68467138967193,199.404874565842,253.19908144614072,253.56227224795518,357.8,0,0,50,False,False,False,True,0.0,0.0,0.0,0.0,0.0,0.0
1.3,1.3x,ChargeAsFastAsPossible,10,100.0,reference 100 kW unit (111.9 kVA at pf 0.894; 112.5 kVA class),constant (spawn x 8/ports),100,0.9879185183156881,0.9828348939262381,0.9922138853693421,0.9987791906462584,0.9983899465646258,0.9991221285034013,0.01620038044190437,0.011963773178614282,0.02115002862109255,0.35834955136624047,0.3472527950379287,0.36960504765828284,227.0884845576134,202.23511164314456,252.43453078686142,775.697834911211,754.7993499906314,796.2766891850159,453192.5395217735,440982.8400395015,465215.49847441993,48.38,47.26,49.48,230.9797022978985,212.9522530319346,251.23963149802725,258.36655738019965,100.0,100,50,50,False,False,True,False,-0.03913274449931251,-0.04655276672423448,-0.03210651744092157,33570.836588445556,23771.777800233136,43534.62567738713
1.3,1.3x,ChargeAsFastAsPossible,10,134.2,150 kVA,constant (spawn x 8/ports),100,0.9879185183156881,0.9828348939262381,0.9922138853693421,0.9987791906462584,0.9983899465646258,0.9991221285034013,0.01620038044190437,0.011963773178614282,0.02115002862109255,0.35834955136624047,0.3472527950379287,0.36960504765828284,72.74282789720472,59.466936103494014,86.57375219001484,775.697834911211,754.7993499906314,796.2766891850159,453192.5395217735,440982.8400395015,465215.49847441993,48.38,47.26,49.48,230.9797022978985,212.9522530319346,251.23963149802725,258.36655738019965,134.2,95,50,50,False,False,True,False,-0.03913274449931251,-0.04655276672423448,-0.03210651744092157,33570.836588445556,23771.777800233136,43534.62567738713
1.3,1.3x,ChargeAsFastAsPossible,10,201.2,225 kVA,constant (spawn x 8/ports),100,0.9879185183156881,0.9828348939262381,0.9922138853693421,0.9987791906462584,0.9983899465646258,0.9991221285034013,0.01620038044190437,0.011963773178614282,0.02115002862109255,0.35834955136624047,0.3472527950379287,0.36960504765828284,3.37999072550819,1.164838215497591,6.223524890577909,775.697834911211,754.7993499906314,796.2766891850159,453192.5395217735,440982.8400395015,465215.49847441993,48.38,47.26,49.48,230.9797022978985,212.9522530319346,251.23963149802725,258.36655738019965,201.2,14,10,50,False,False,True,False,-0.03913274449931251,-0.04655276672423448,-0.03210651744092157,33570.836588445556,23771.777800233136,43534.62567738713
1.3,1.3x,ChargeAsFastAsPossible,10,268.3,300 kVA,constant (spawn x 8/ports),100,0.9879185183156881,0.9828348939262381,0.9922138853693421,0.9987791906462584,0.9983899465646258,0.9991221285034013,0.01620038044190437,0.011963773178614282,0.02115002862109255,0.35834955136624047,0.3472527950379287,0.36960504765828284,0.0,0.0,0.0,775.697834911211,754.7993499906314,796.2766891850159,453192.5395217735,440982.8400395015,465215.49847441993,48.38,47.26,49.48,230.9797022978985,212.9522530319346,251.23963149802725,258.36655738019965,268.3,0,0,50,False,False,False,True,-0.03913274449931251,-0.04655276672423448,-0.03210651744092157,33570.836588445556,23771.777800233136,43534.62567738713
1.3,1.3x,ChargeAsFastAsPossible,10,357.8,400 kVA,constant (spawn x 8/ports),100,0.9879185183156881,0.9828348939262381,0.9922138853693421,0.9987791906462584,0.9983899465646258,0.9991221285034013,0.01620038044190437,0.011963773178614282,0.02115002862109255,0.35834955136624047,0.3472527950379287,0.36960504765828284,0.0,0.0,0.0,775.697834911211,754.7993499906314,796.2766891850159,453192.5395217735,440982.8400395015,465215.49847441993,48.38,47.26,49.48,230.9797022978985,212.9522530319346,251.23963149802725,258.36655738019965,357.8,0,0,50,False,False,False,True,-0.03913274449931251,-0.04655276672423448,-0.03210651744092157,33570.836588445556,23771.777800233136,43534.62567738713
1.3,1.3x,ChargeAsFastAsPossible,12,100.0,reference 100 kW unit (111.9 kVA at pf 0.894; 112.5 kVA class),constant (spawn x 8/ports),100,0.9950681559743062,0.992646386075067,0.9970155009144511,0.9985809708565244,0.9980144299461452,0.9990826691680839,0.009955755741063183,0.007342139862238681,0.012877479897899061,0.3197989008335821,0.30928338356287377,0.33032841300353194,289.64978176524403,261.8667745493421,318.8056494139776,830.1047214277086,808.9231406340203,851.8111223744904,484979.13728984236,472604.04229930916,497660.8524193888,51.5,50.29,52.68,258.95500247628297,224.75031191846992,306.2513714252266,289.6588394589295,100.0,100,50,50,False,False,True,False,-0.045377369200153714,-0.05429558586243588,-0.037326541151055,65357.43435651429,53634.826322716755,77032.59556936845
1.3,1.3x,ChargeAsFastAsPossible,12,134.2,150 kVA,constant (spawn x 8/ports),100,0.9950681559743062,0.992646386075067,0.9970155009144511,0.9985809708565244,0.9980144299461452,0.9990826691680839,0.009955755741063183,0.007342139862238681,0.012877479897899061,0.3197989008335821,0.30928338356287377,0.33032841300353194,102.75584220558754,86.57349743907251,120.33686943682713,830.1047214277086,808.9231406340203,851.8111223744904,484979.13728984236,472604.04229930916,497660.8524193888,51.5,50.29,52.68,258.95500247628297,224.75031191846992,306.2513714252266,289.6588394589295,134.2,99,50,50,False,False,True,False,-0.045377369200153714,-0.05429558586243588,-0.037326541151055,65357.43435651429,53634.826322716755,77032.59556936845
1.3,1.3x,ChargeAsFastAsPossible,12,201.2,225 kVA,constant (spawn x 8/ports),100,0.9950681559743062,0.992646386075067,0.9970155009144511,0.9985809708565244,0.9980144299461452,0.9990826691680839,0.009955755741063183,0.007342139862238681,0.012877479897899061,0.3197989008335821,0.30928338356287377,0.33032841300353194,7.85225237133892,3.4047173985747046,13.491517940296045,830.1047214277086,808.9231406340203,851.8111223744904,484979.13728984236,472604.04229930916,497660.8524193888,51.5,50.29,52.68,258.95500247628297,224.75031191846992,306.2513714252266,289.6588394589295,201.2,23,17,50,False,False,True,False,-0.045377369200153714,-0.05429558586243588,-0.037326541151055,65357.43435651429,53634.826322716755,77032.59556936845
1.3,1.3x,ChargeAsFastAsPossible,12,268.3,300 kVA,constant (spawn x 8/ports),100,0.9950681559743062,0.992646386075067,0.9970155009144511,0.9985809708565244,0.9980144299461452,0.9990826691680839,0.009955755741063183,0.007342139862238681,0.012877479897899061,0.3197989008335821,0.30928338356287377,0.33032841300353194,1.161679675436033,0.0,3.1418858634089166,830.1047214277086,808.9231406340203,851.8111223744904,484979.13728984236,472604.04229930916,497660.8524193888,51.5,50.29,52.68,258.95500247628297,224.75031191846992,306.2513714252266,289.6588394589295,268.3,3,2,50,False,False,True,False,-0.045377369200153714,-0.05429558586243588,-0.037326541151055,65357.43435651429,53634.826322716755,77032.59556936845
1.3,1.3x,ChargeAsFastAsPossible,12,357.8,400 kVA,constant (spawn x 8/ports),100,0.9950681559743062,0.992646386075067,0.9970155009144511,0.9985809708565244,0.9980144299461452,0.9990826691680839,0.009955755741063183,0.007342139862238681,0.012877479897899061,0.3197989008335821,0.30928338356287377,0.33032841300353194,0.0,0.0,0.0,830.1047214277086,808.9231406340203,851.8111223744904,484979.13728984236,472604.04229930916,497660.8524193888,51.5,50.29,52.68,258.95500247628297,224.75031191846992,306.2513714252266,289.6588394589295,357.8,0,0,50,False,False,False,True,-0.045377369200153714,-0.05429558586243588,-0.037326541151055,65357.43435651429,53634.826322716755,77032.59556936845
1.3,1.3x,ChargeAsFastAsPossible,14,100.0,reference 100 kW unit (111.9 kVA at pf 0.894; 112.5 kVA class),constant (spawn x 8/ports),100,0.9984996611441281,0.9979922494956361,0.9989676066707315,0.9984996611441279,0.9979922494956361,0.9989676066707315,0.007014052782927969,0.005064873642334204,0.00909871301611573,0.28633740229914084,0.27612319790315115,0.2970340915706134,319.2023918094332,286.1823109590614,351.69020897301965,864.9706271324742,839.347749155357,890.6218684918597,505349.14173993585,490379.269944902,520335.58451488125,53.93,52.7,55.19,253.08931628991826,236.6262530319346,296.34289202544136,283.0976692280965,100.0,100,50,50,False,False,True,False,-0.048319072158288935,-0.05847692705335467,-0.03933178411640516,85727.4388066079,72335.05581025426,99500.88252188473
1.3,1.3x,ChargeAsFastAsPossible,14,134.2,150 kVA,constant (spawn x 8/ports),100,0.9984996611441281,0.9979922494956361,0.9989676066707315,0.9984996611441279,0.9979922494956361,0.9989676066707315,0.007014052782927969,0.005064873642334204,0.00909871301611573,0.28633740229914084,0.27612319790315115,0.2970340915706134,114.84689711684904,97.8106016615394,132.30197331974563,864.9706271324742,839.347749155357,890.6218684918597,505349.14173993585,490379.269944902,520335.58451488125,53.93,52.7,55.19,253.08931628991826,236.6262530319346,296.34289202544136,283.0976692280965,134.2,98,50,50,False,False,True,False,-0.048319072158288935,-0.05847692705335467,-0.03933178411640516,85727.4388066079,72335.05581025426,99500.88252188473
1.3,1.3x,ChargeAsFastAsPossible,14,201.2,225 kVA,constant (spawn x 8/ports),100,0.9984996611441281,0.9979922494956361,0.9989676066707315,0.9984996611441279,0.9979922494956361,0.9989676066707315,0.007014052782927969,0.005064873642334204,0.00909871301611573,0.28633740229914084,0.27612319790315115,0.2970340915706134,9.404312416210807,5.498041324392557,13.991758727628483,864.9706271324742,839.347749155357,890.6218684918597,505349.14173993585,490379.269944902,520335.58451488125,53.93,52.7,55.19,253.08931628991826,236.6262530319346,296.34289202544136,283.0976692280965,201.2,29,24,50,False,False,True,False,-0.048319072158288935,-0.05847692705335467,-0.03933178411640516,85727.4388066079,72335.05581025426,99500.88252188473
1.3,1.3x,ChargeAsFastAsPossible,14,268.3,300 kVA,constant (spawn x 8/ports),100,0.9984996611441281,0.9979922494956361,0.9989676066707315,0.9984996611441279,0.9979922494956361,0.9989676066707315,0.007014052782927969,0.005064873642334204,0.00909871301611573,0.28633740229914084,0.27612319790315115,0.2970340915706134,0.5831531628991826,0.0,1.7494594886975476,864.9706271324742,839.347749155357,890.6218684918597,505349.14173993585,490379.269944902,520335.58451488125,53.93,52.7,55.19,253.08931628991826,236.6262530319346,296.34289202544136,283.0976692280965,268.3,1,1,50,False,False,True,False,-0.048319072158288935,-0.05847692705335467,-0.03933178411640516,85727.4388066079,72335.05581025426,99500.88252188473
1.3,1.3x,ChargeAsFastAsPossible,14,357.8,400 kVA,constant (spawn x 8/ports),100,0.9984996611441281,0.9979922494956361,0.9989676066707315,0.9984996611441279,0.9979922494956361,0.9989676066707315,0.007014052782927969,0.005064873642334204,0.00909871301611573,0.28633740229914084,0.27612319790315115,0.2970340915706134,0.0,0.0,0.0,864.9706271324742,839.347749155357,890.6218684918597,505349.14173993585,490379.269944902,520335.58451488125,53.93,52.7,55.19,253.08931628991826,236.6262530319346,296.34289202544136,283.0976692280965,357.8,0,0,50,False,False,False,True,-0.048319072158288935,-0.05847692705335467,-0.03933178411640516,85727.4388066079,72335.05581025426,99500.88252188473
1.3,1.3x,ChargeAsFastAsPossible,16,100.0,reference 100 kW unit (111.9 kVA at pf 0.894; 112.5 kVA class),constant (spawn x 8/ports),100,0.9986166014111596,0.9982254900120464,0.998980323272038,0.9986166014111596,0.9982254900120464,0.9989803232720381,0.006604048660716086,0.005012325576175871,0.008296919697412692,0.2566988041657925,0.2459596575020221,0.2676601277264759,366.7926538959434,328.75089389291884,406.17728131847934,909.3304200909313,882.9191832264527,936.1943928894501,531265.8406382955,515835.379229448,546960.807810143,56.27,54.9,57.65024999999999,288.02028211868736,251.93670716132056,313.8890768090748,322.17033794036615,100.0,100,50,50,False,False,True,False,-0.0487290762805008,-0.05879278459582752,-0.0399889481166803,111644.13770496752,96237.65018573694,126226.90916641393
1.3,1.3x,ChargeAsFastAsPossible,16,134.2,150 kVA,constant (spawn x 8/ports),100,0.9986166014111596,0.9982254900120464,0.998980323272038,0.9986166014111596,0.9982254900120464,0.9989803232720381,0.006604048660716086,0.005012325576175871,0.008296919697412692,0.2566988041657925,0.2459596575020221,0.2676601277264759,140.56064090823304,118.37586124879353,164.25870884138584,909.3304200909313,882.9191832264527,936.1943928894501,531265.8406382955,515835.379229448,546960.807810143,56.27,54.9,57.65024999999999,288.02028211868736,251.93670716132056,313.8890768090748,322.17033794036615,134.2,99,50,50,False,False,True,False,-0.0487290762805008,-0.05879278459582752,-0.0399889481166803,111644.13770496752,96237.65018573694,126226.90916641393
1.3,1.3x,ChargeAsFastAsPossible,16,201.2,225 kVA,constant (spawn x 8/ports),100,0.9986166014111596,0.9982254900120464,0.998980323272038,0.9986166014111596,0.9982254900120464,0.9989803232720381,0.006604048660716086,0.005012325576175871,0.008296919697412692,0.2566988041657925,0.2459596575020221,0.2676601277264759,14.223059555049273,8.75196011257529,20.37619814410679,909.3304200909313,882.9191832264527,936.1943928894501,531265.8406382955,515835.379229448,546960.807810143,56.27,54.9,57.65024999999999,288.02028211868736,251.93670716132056,313.8890768090748,322.17033794036615,201.2,40,29,50,False,False,True,False,-0.0487290762805008,-0.05879278459582752,-0.0399889481166803,111644.13770496752,96237.65018573694,126226.90916641393
1.3,1.3x,ChargeAsFastAsPossible,16,268.3,300 kVA,constant (spawn x 8/ports),100,0.9986166014111596,0.9982254900120464,0.998980323272038,0.9986166014111596,0.9982254900120464,0.9989803232720381,0.006604048660716086,0.005012325576175871,0.008296919697412692,0.2566988041657925,0.2459596575020221,0.2676601277264759,1.320290267412635,0.18885602865702197,2.87334386587126,909.3304200909313,882.9191832264527,936.1943928894501,531265.8406382955,515835.379229448,546960.807810143,56.27,54.9,57.65024999999999,288.02028211868736,251.93670716132056,313.8890768090748,322.17033794036615,268.3,5,5,50,False,False,True,False,-0.0487290762805008,-0.05879278459582752,-0.0399889481166803,111644.13770496752,96237.65018573694,126226.90916641393
1.3,1.3x,ChargeAsFastAsPossible,16,357.8,400 kVA,constant (spawn x 8/ports),100,0.9986166014111596,0.9982254900120464,0.998980323272038,0.9986166014111596,0.9982254900120464,0.9989803232720381,0.006604048660716086,0.005012325576175871,0.008296919697412692,0.2566988041657925,0.2459596575020221,0.2676601277264759,0.0,0.0,0.0,909.3304200909313,882.9191832264527,936.1943928894501,531265.8406382955,515835.379229448,546960.807810143,56.27,54.9,57.65024999999999,288.02028211868736,251.93670716132056,313.8890768090748,322.17033794036615,357.8,0,0,50,False,False,False,True,-0.0487290762805008,-0.05879278459582752,-0.0399889481166803,111644.13770496752,96237.65018573694,126226.90916641393
1.3,1.3x,RoundRobin,8,100.0,reference 100 kW unit (111.9 kVA at pf 0.894; 112.5 kVA class),reference (8 ports),100,0.9061713895925836,0.8960550921566799,0.9154373071759185,0.9558407020336256,0.9514036786770335,0.9600990885534104,0.2354789053525755,0.21897067218982078,0.25234826624096496,0.5230420538545857,0.5101868259943162,0.5357644190620432,70.83023173404438,52.998811494475085,90.07228703649415,583.1767100530844,559.899303083049,606.8355315556138,340714.28631634905,327114.72898428596,354536.68070275453,44.65,43.76,45.55,195.74762752651532,179.5838113078583,219.16323168174554,218.95707777015136,100.0,83,48,50,True,True,True,False,0.0,0.0,0.0,0.0,0.0,0.0
1.3,1.3x,RoundRobin,8,134.2,150 kVA,reference (8 ports),100,0.9061713895925836,0.8960550921566799,0.9154373071759185,0.9558407020336256,0.9514036786770335,0.9600990885534104,0.2354789053525755,0.21897067218982078,0.25234826624096496,0.5230420538545857,0.5101868259943162,0.5357644190620432,18.784423647975064,11.316781192463136,27.19117928844899,583.1767100530844,559.899303083049,606.8355315556138,340714.28631634905,327114.72898428596,354536.68070275453,44.65,43.76,45.55,195.74762752651532,179.5838113078583,219.16323168174554,218.95707777015136,134.2,43,31,50,True,True,True,False,0.0,0.0,0.0,0.0,0.0,0.0
1.3,1.3x,RoundRobin,8,201.2,225 kVA,reference (8 ports),100,0.9061713895925836,0.8960550921566799,0.9154373071759185,0.9558407020336256,0.9514036786770335,0.9600990885534104,0.2354789053525755,0.21897067218982078,0.25234826624096496,0.5230420538545857,0.5101868259943162,0.5357644190620432,0.32917722329915733,0.0,0.9733801099266713,583.1767100530844,559.899303083049,606.8355315556138,340714.28631634905,327114.72898428596,354536.68070275453,44.65,43.76,45.55,195.74762752651532,179.5838113078583,219.16323168174554,218.95707777015136,201.2,2,2,50,True,True,True,False,0.0,0.0,0.0,0.0,0.0,0.0
1.3,1.3x,RoundRobin,8,268.3,300 kVA,reference (8 ports),100,0.9061713895925836,0.8960550921566799,0.9154373071759185,0.9558407020336256,0.9514036786770335,0.9600990885534104,0.2354789053525755,0.21897067218982078,0.25234826624096496,0.5230420538545857,0.5101868259943162,0.5357644190620432,0.0,0.0,0.0,583.1767100530844,559.899303083049,606.8355315556138,340714.28631634905,327114.72898428596,354536.68070275453,44.65,43.76,45.55,195.74762752651532,179.5838113078583,219.16323168174554,218.95707777015136,268.3,0,0,50,True,True,False,False,0.0,0.0,0.0,0.0,0.0,0.0
1.3,1.3x,RoundRobin,8,357.8,400 kVA,reference (8 ports),100,0.9061713895925836,0.8960550921566799,0.9154373071759185,0.9558407020336256,0.9514036786770335,0.9600990885534104,0.2354789053525755,0.21897067218982078,0.25234826624096496,0.5230420538545857,0.5101868259943162,0.5357644190620432,0.0,0.0,0.0,583.1767100530844,559.899303083049,606.8355315556138,340714.28631634905,327114.72898428596,354536.68070275453,44.65,43.76,45.55,195.74762752651532,179.5838113078583,219.16323168174554,218.95707777015136,357.8,0,0,50,True,True,False,False,0.0,0.0,0.0,0.0,0.0,0.0
1.3,1.3x,RoundRobin,10,100.0,reference 100 kW unit (111.9 kVA at pf 0.894; 112.5 kVA class),constant (spawn x 8/ports),100,0.9504876824279629,0.9441979534980008,0.9561573565021907,0.9609085373863002,0.9573088099301298,0.9644380210250483,0.18180939673055582,0.1667352896909828,0.19753495300275045,0.46663591605948873,0.45347054736764825,0.47954989954199606,104.01941406998607,82.58127486636165,126.99812533242323,645.9705165530826,622.6921769259558,669.6686092792769,377400.8456351981,363800.74340895505,391246.1837824108,48.38,47.26,49.48,234.31092426765377,193.74913491771514,283.12291506045756,262.0927564515143,100.0,96,50,50,False,True,True,False,-0.05366950862201968,-0.0676868228768749,-0.03969842879385378,36686.55931884911,27437.80843905441,46154.66273906678
1.3,1.3x,RoundRobin,10,134.2,150 kVA,constant (spawn x 8/ports),100,0.9504876824279629,0.9441979534980008,0.9561573565021907,0.9609085373863002,0.9573088099301298,0.9644380210250483,0.18180939673055582,0.1667352896909828,0.19753495300275045,0.46663591605948873,0.45347054736764825,0.47954989954199606,26.484594297145687,16.900386067920046,37.71140419197956,645.9705165530826,622.6921769259558,669.6686092792769,377400.8456351981,363800.74340895505,391246.1837824108,48.38,47.26,49.48,234.31092426765377,193.74913491771514,283.12291506045756,262.0927564515143,134.2,61,40,50,False,True,True,False,-0.05366950862201968,-0.0676868228768749,-0.03969842879385378,36686.55931884911,27437.80843905441,46154.66273906678
1.3,1.3x,RoundRobin,10,201.2,225 kVA,constant (spawn x 8/ports),100,0.9504876824279629,0.9441979534980008,0.9561573565021907,0.9609085373863002,0.9573088099301298,0.9644380210250483,0.18180939673055582,0.1667352896909828,0.19753495300275045,0.46663591605948873,0.45347054736764825,0.47954989954199606,2.57906572088296,0.21973675869072423,5.851264156569882,645.9705165530826,622.6921769259558,669.6686092792769,377400.8456351981,363800.74340895505,391246.1837824108,48.38,47.26,49.48,234.31092426765377,193.74913491771514,283.12291506045756,262.0927564515143,201.2,5,5,50,False,True,True,False,-0.05366950862201968,-0.0676868228768749,-0.03969842879385378,36686.55931884911,27437.80843905441,46154.66273906678
1.3,1.3x,RoundRobin,10,268.3,300 kVA,constant (spawn x 8/ports),100,0.9504876824279629,0.9441979534980008,0.9561573565021907,0.9609085373863002,0.9573088099301298,0.9644380210250483,0.18180939673055582,0.1667352896909828,0.19753495300275045,0.46663591605948873,0.45347054736764825,0.47954989954199606,0.27502630344453566,0.0,0.794725747434424,645.9705165530826,622.6921769259558,669.6686092792769,377400.8456351981,363800.74340895505,391246.1837824108,48.38,47.26,49.48,234.31092426765377,193.74913491771514,283.12291506045756,262.0927564515143,268.3,2,2,50,False,True,True,False,-0.05366950862201968,-0.0676868228768749,-0.03969842879385378,36686.55931884911,27437.80843905441,46154.66273906678
1.3,1.3x,RoundRobin,10,357.8,400 kVA,constant (spawn x 8/ports),100,0.9504876824279629,0.9441979534980008,0.9561573565021907,0.9609085373863002,0.9573088099301298,0.9644380210250483,0.18180939673055582,0.1667352896909828,0.19753495300275045,0.46663591605948873,0.45347054736764825,0.47954989954199606,0.0,0.0,0.0,645.9705165530826,622.6921769259558,669.6686092792769,377400.8456351981,363800.74340895505,391246.1837824108,48.38,47.26,49.48,234.31092426765377,193.74913491771514,283.12291506045756,262.0927564515143,357.8,0,0,50,False,True,False,False,-0.05366950862201968,-0.0676868228768749,-0.03969842879385378,36686.55931884911,27437.80843905441,46154.66273906678
1.3,1.3x,RoundRobin,12,100.0,reference 100 kW unit (111.9 kVA at pf 0.894; 112.5 kVA class),constant (spawn x 8/ports),100,0.9589961395667934,0.9543831652720886,0.9633896841513956,0.9624008605111104,0.958116784786552,0.966492519669486,0.17072021911306595,0.1547206429599089,0.18758495149205318,0.4305409995741526,0.41764080142935733,0.4437153478427532,141.98243350654417,115.24919228052349,170.393749774233,697.5341102145401,670.6634756416594,724.4517678466278,407526.28225057764,391827.4230136696,423252.61416906206,51.5,50.29,52.68,229.2755787804484,199.53225303193463,291.0442622728111,256.4603789490474,100.0,96,49,50,False,True,True,False,-0.06475868623950957,-0.08286724272868118,-0.04653121611035197,66811.99593422862,54051.00395502032,79245.00508812233
1.3,1.3x,RoundRobin,12,134.2,150 kVA,constant (spawn x 8/ports),100,0.9589961395667934,0.9543831652720886,0.9633896841513956,0.9624008605111104,0.958116784786552,0.966492519669486,0.17072021911306595,0.1547206429599089,0.18758495149205318,0.4305409995741526,0.41764080142935733,0.4437153478427532,44.6512858636424,31.459755941516434,59.36407659495546,697.5341102145401,670.6634756416594,724.4517678466278,407526.28225057764,391827.4230136696,423252.61416906206,51.5,50.29,52.68,229.2755787804484,199.53225303193463,291.0442622728111,256.4603789490474,134.2,69,42,50,False,True,True,False,-0.06475868623950957,-0.08286724272868118,-0.04653121611035197,66811.99593422862,54051.00395502032,79245.00508812233
1.3,1.3x,RoundRobin,12,201.2,225 kVA,constant (spawn x 8/ports),100,0.9589961395667934,0.9543831652720886,0.9633896841513956,0.9624008605111104,0.958116784786552,0.966492519669486,0.17072021911306595,0.1547206429599089,0.18758495149205318,0.4305409995741526,0.41764080142935733,0.4437153478427532,3.1027243660398534,0.4827675909580381,6.668644627321524,697.5341102145401,670.6634756416594,724.4517678466278,407526.28225057764,391827.4230136696,423252.61416906206,51.5,50.29,52.68,229.2755787804484,199.53225303193463,291.0442622728111,256.4603789490474,201.2,6,5,50,False,True,True,False,-0.06475868623950957,-0.08286724272868118,-0.04653121611035197,66811.99593422862,54051.00395502032,79245.00508812233
1.3,1.3x,RoundRobin,12,268.3,300 kVA,constant (spawn x 8/ports),100,0.9589961395667934,0.9543831652720886,0.9633896841513956,0.9624008605111104,0.958116784786552,0.966492519669486,0.17072021911306595,0.1547206429599089,0.18758495149205318,0.4305409995741526,0.41764080142935733,0.4437153478427532,0.42908716185096407,0.0,1.2017083226537095,697.5341102145401,670.6634756416594,724.4517678466278,407526.28225057764,391827.4230136696,423252.61416906206,51.5,50.29,52.68,229.2755787804484,199.53225303193463,291.0442622728111,256.4603789490474,268.3,2,2,50,False,True,True,False,-0.06475868623950957,-0.08286724272868118,-0.04653121611035197,66811.99593422862,54051.00395502032,79245.00508812233
1.3,1.3x,RoundRobin,12,357.8,400 kVA,constant (spawn x 8/ports),100,0.9589961395667934,0.9543831652720886,0.9633896841513956,0.9624008605111104,0.958116784786552,0.966492519669486,0.17072021911306595,0.1547206429599089,0.18758495149205318,0.4305409995741526,0.41764080142935733,0.4437153478427532,0.0,0.0,0.0,697.5341102145401,670.6634756416594,724.4517678466278,407526.28225057764,391827.4230136696,423252.61416906206,51.5,50.29,52.68,229.2755787804484,199.53225303193463,291.0442622728111,256.4603789490474,357.8,0,0,50,False,True,False,False,-0.06475868623950957,-0.08286724272868118,-0.04653121611035197,66811.99593422862,54051.00395502032,79245.00508812233
1.3,1.3x,RoundRobin,14,100.0,reference 100 kW unit (111.9 kVA at pf 0.894; 112.5 kVA class),constant (spawn x 8/ports),100,0.9660581298420621,0.9625452412167916,0.9694286543682119,0.9660581298420621,0.9625452412167916,0.9694286543682119,0.15357206825158273,0.1404860801606868,0.1671837698515701,0.3914115374403576,0.3783560070081482,0.4054324210744439,181.92019677521387,154.88286376999824,210.10982879851724,739.4362346791158,711.1064093803762,767.8492547250976,432007.1165945746,415455.74195677694,448607.09680670884,53.93,52.7,55.19,219.1860467697414,210.19444172407626,265.9370662702931,245.1745489594423,100.0,100,50,50,False,True,True,False,-0.0819068371009928,-0.09851851680209484,-0.06530004392841032,91292.83027822562,77777.23708034669,104686.82637064098
1.3,1.3x,RoundRobin,14,134.2,150 kVA,constant (spawn x 8/ports),100,0.9660581298420621,0.9625452412167916,0.9694286543682119,0.9660581298420621,0.9625452412167916,0.9694286543682119,0.15357206825158273,0.1404860801606868,0.1671837698515701,0.3914115374403576,0.3783560070081482,0.4054324210744439,50.61622952200031,38.57331910250081,63.73535740078568,739.4362346791158,711.1064093803762,767.8492547250976,432007.1165945746,415455.74195677694,448607.09680670884,53.93,52.7,55.19,219.1860467697414,210.19444172407626,265.9370662702931,245.1745489594423,134.2,80,47,50,False,True,True,False,-0.0819068371009928,-0.09851851680209484,-0.06530004392841032,91292.83027822562,77777.23708034669,104686.82637064098
1.3,1.3x,RoundRobin,14,201.2,225 kVA,constant (spawn x 8/ports),100,0.9660581298420621,0.9625452412167916,0.9694286543682119,0.9660581298420621,0.9625452412167916,0.9694286543682119,0.15357206825158273,0.1404860801606868,0.1671837698515701,0.3914115374403576,0.3783560070081482,0.4054324210744439,2.522270497449508,0.7066807900760114,5.075800891288947,739.4362346791158,711.1064093803762,767.8492547250976,432007.1165945746,415455.74195677694,448607.09680670884,53.93,52.7,55.19,219.1860467697414,210.19444172407626,265.9370662702931,245.1745489594423,201.2,13,10,50,False,True,True,False,-0.0819068371009928,-0.09851851680209484,-0.06530004392841032,91292.83027822562,77777.23708034669,104686.82637064098
1.3,1.3x,RoundRobin,14,268.3,300 kVA,constant (spawn x 8/ports),100,0.9660581298420621,0.9625452412167916,0.9694286543682119,0.9660581298420621,0.9625452412167916,0.9694286543682119,0.15357206825158273,0.1404860801606868,0.1671837698515701,0.3914115374403576,0.3783560070081482,0.4054324210744439,0.22247539878417,0.0,0.66742619635251,739.4362346791158,711.1064093803762,767.8492547250976,432007.1165945746,415455.74195677694,448607.09680670884,53.93,52.7,55.19,219.1860467697414,210.19444172407626,265.9370662702931,245.1745489594423,268.3,1,1,50,False,True,False,False,-0.0819068371009928,-0.09851851680209484,-0.06530004392841032,91292.83027822562,77777.23708034669,104686.82637064098
1.3,1.3x,RoundRobin,14,357.8,400 kVA,constant (spawn x 8/ports),100,0.9660581298420621,0.9625452412167916,0.9694286543682119,0.9660581298420621,0.9625452412167916,0.9694286543682119,0.15357206825158273,0.1404860801606868,0.1671837698515701,0.3914115374403576,0.3783560070081482,0.4054324210744439,0.0,0.0,0.0,739.4362346791158,711.1064093803762,767.8492547250976,432007.1165945746,415455.74195677694,448607.09680670884,53.93,52.7,55.19,219.1860467697414,210.19444172407626,265.9370662702931,245.1745489594423,357.8,0,0,50,False,True,False,False,-0.0819068371009928,-0.09851851680209484,-0.06530004392841032,91292.83027822562,77777.23708034669,104686.82637064098
1.3,1.3x,RoundRobin,16,100.0,reference 100 kW unit (111.9 kVA at pf 0.894; 112.5 kVA class),constant (spawn x 8/ports),100,0.9690339215738533,0.9659286953745344,0.9719553367908382,0.9690339215738533,0.9659286953745344,0.9719553367908382,0.14101292555162245,0.12848731075646233,0.15415806399505874,0.3572568519036915,0.3439210576327695,0.3709102686174553,218.20378136544227,184.59042889917683,254.15872153597095,788.0541950582742,758.7460593344616,817.4821332196972,460411.60083955363,443288.6595864769,477604.53528907616,56.27,54.9,57.65024999999999,238.9842530319346,211.83322334156622,286.4849055675921,267.32019354802526,100.0,100,50,50,False,True,True,False,-0.09446597980095305,-0.11062755213326281,-0.07873990527422799,119697.31452320452,104371.0129490427,134117.8702694121
1.3,1.3x,RoundRobin,16,134.2,150 kVA,constant (spawn x 8/ports),100,0.9690339215738533,0.9659286953745344,0.9719553367908382,0.9690339215738533,0.9659286953745344,0.9719553367908382,0.14101292555162245,0.12848731075646233,0.15415806399505874,0.3572568519036915,0.3439210576327695,0.3709102686174553,65.20379448967242,48.344365809619795,84.73502762114542,788.0541950582742,758.7460593344616,817.4821332196972,460411.60083955363,443288.6595864769,477604.53528907616,56.27,54.9,57.65024999999999,238.9842530319346,211.83322334156622,286.4849055675921,267.32019354802526,134.2,83,46,50,False,True,True,False,-0.09446597980095305,-0.11062755213326281,-0.07873990527422799,119697.31452320452,104371.0129490427,134117.8702694121
1.3,1.3x,RoundRobin,16,201.2,225 kVA,constant (spawn x 8/ports),100,0.9690339215738533,0.9659286953745344,0.9719553367908382,0.9690339215738533,0.9659286953745344,0.9719553367908382,0.14101292555162245,0.12848731075646233,0.15415806399505874,0.3572568519036915,0.3439210576327695,0.3709102686174553,5.529520670352429,1.2550143982577209,11.658146852659327,788.0541950582742,758.7460593344616,817.4821332196972,460411.60083955363,443288.6595864769,477604.53528907616,56.27,54.9,57.65024999999999,238.9842530319346,211.83322334156622,286.4849055675921,267.32019354802526,201.2,11,7,50,False,True,True,False,-0.09446597980095305,-0.11062755213326281,-0.07873990527422799,119697.31452320452,104371.0129490427,134117.8702694121
1.3,1.3x,RoundRobin,16,268.3,300 kVA,constant (spawn x 8/ports),100,0.9690339215738533,0.9659286953745344,0.9719553367908382,0.9690339215738533,0.9659286953745344,0.9719553367908382,0.14101292555162245,0.12848731075646233,0.15415806399505874,0.3572568519036915,0.3439210576327695,0.3709102686174553,0.5702144280588561,0.0,1.7106432841765684,788.0541950582742,758.7460593344616,817.4821332196972,460411.60083955363,443288.6595864769,477604.53528907616,56.27,54.9,57.65024999999999,238.9842530319346,211.83322334156622,286.4849055675921,267.32019354802526,268.3,2,1,50,False,True,True,False,-0.09446597980095305,-0.11062755213326281,-0.07873990527422799,119697.31452320452,104371.0129490427,134117.8702694121
1.3,1.3x,RoundRobin,16,357.8,400 kVA,constant (spawn x 8/ports),100,0.9690339215738533,0.9659286953745344,0.9719553367908382,0.9690339215738533,0.9659286953745344,0.9719553367908382,0.14101292555162245,0.12848731075646233,0.15415806399505874,0.3572568519036915,0.3439210576327695,0.3709102686174553,0.0,0.0,0.0,788.0541950582742,758.7460593344616,817.4821332196972,460411.60083955363,443288.6595864769,477604.53528907616,56.27,54.9,57.65024999999999,238.9842530319346,211.83322334156622,286.4849055675921,267.32019354802526,357.8,0,0,50,False,True,False,False,-0.09446597980095305,-0.11062755213326281,-0.07873990527422799,119697.31452320452,104371.0129490427,134117.8702694121
1.3,1.3x,RoundRobin_TransformerCapped,8,100.0,reference 100 kW unit (111.9 kVA at pf 0.894; 112.5 kVA class),reference (8 ports),100,0.9388642446523814,0.9283104007159335,0.9483050950940879,0.9902288640873016,0.9887627257812498,0.9916262765394699,0.09009963076456656,0.07882225722250524,0.10200694669820957,0.43240228347350057,0.42087742111299736,0.44365244030742496,0.0,0.0,0.0,690.7905670081066,674.2674031789862,708.2887514847754,403586.4446829658,393932.97623218637,413809.55773433804,44.65,43.76,45.55,99.89981312549872,99.89981312549872,99.89981312549872,111.7447574110724,100.0,0,0,50,False,False,False,True,0.0,0.0,0.0,0.0,0.0,0.0
1.3,1.3x,RoundRobin_TransformerCapped,8,134.2,150 kVA,reference (8 ports),100,0.945342540690539,0.9349983521733767,0.954424792480552,0.9971098827947847,0.9963758141067885,0.9977895121651787,0.06232691263406445,0.053076148231498296,0.07260262809581061,0.41492678601130856,0.40338355084786615,0.42595102784404393,0.0,0.0,0.0,712.5580822532654,694.2578354075144,731.5976271623427,416303.86513852456,405612.15637173306,427427.50029688637,44.65,43.76,45.55,134.06572081215688,134.06572081215685,134.06572081215688,149.96165638943722,134.2,0,0,50,False,False,False,True,-0.02777271813050213,-0.03221908935830352,-0.023615324486673153,12717.420455558722,10714.290780999067,14867.3626649837
1.3,1.3x,RoundRobin_TransformerCapped,8,201.2,225 kVA,reference (8 ports),100,0.9467992800716918,0.9365207888593732,0.9558607360752642,0.9986576802012473,0.9982045596159297,0.9990700638871174,0.05576208143673561,0.04712659195264675,0.06548078321385774,0.41071965728330995,0.3989341127760348,0.4219648470333888,0.0,0.0,0.0,717.8710713334622,698.742127348569,737.8537016478995,419407.91790925496,408232.05236893694,431082.53987021634,44.65,43.76,45.55,199.53225303193463,195.82532439091668,199.53225303193463,223.1904396330365,201.2,0,0,50,False,False,False,True,-0.03433754932783097,-0.039667585620802644,-0.029222100058233266,15821.473226289163,13267.583653140391,18502.745216548443
1.3,1.3x,RoundRobin_TransformerCapped,8,268.3,300 kVA,reference (8 ports),100,0.9469199181192218,0.9366830129844704,0.9559790424538476,0.9987851874291384,0.9983878291241497,0.9991533300843256,0.05533317139469899,0.04673914258639408,0.06508064746125668,0.41043534737001075,0.39854331550247896,0.4217614268470476,0.0,0.0,0.0,718.2369662795079,699.0473011834099,738.290583354795,419621.68782369024,408410.3466724437,431337.78298333037,44.65,43.76,45.55,210.9812381198729,199.404874565842,235.96735337250752,235.9969106486274,268.3,0,0,50,False,False,False,True,-0.034766459369867594,-0.0401375238584525,-0.029583108769101994,16035.24314072446,13438.748158407177,18759.507286429456
1.3,1.3x,RoundRobin_TransformerCapped,8,357.8,400 kVA,reference (8 ports),100,0.9469199181192218,0.9366830129844704,0.9559790424538476,0.9987851874291384,0.9983878291241497,0.9991533300843256,0.05533312494121691,0.04673907033039849,0.0650806308099252,0.41043532438820435,0.39854331550247896,0.42176140279802005,0.0,0.0,0.0,718.2369921416134,699.0473617629397,738.2905096817204,419621.70293332805,408410.3820653373,431337.73994068394,44.65,43.76,45.55,226.68467138967193,199.404874565842,253.19908144614072,253.56227224795518,357.8,0,0,50,False,False,False,True,-0.03476650582334968,-0.04013762005547875,-0.029583230768641743,16035.258250362218,13438.730950375602,18759.536750223087
1.3,1.3x,RoundRobin_TransformerCapped,10,100.0,reference 100 kW unit (111.9 kVA at pf 0.894; 112.5 kVA class),constant (spawn x 8/ports),100,0.9770360643731596,0.9715467830901158,0.9818690026007816,0.9877613762471653,0.9860914710586735,0.9894108276913264,0.0619626629991138,0.05368924979892182,0.07032454037044661,0.3882358416902552,0.3767567076101252,0.39969776648806804,0.0,0.0,0.0,738.7294158149257,720.4129324487038,757.0739985726188,431594.16580158845,420892.971034432,442311.77731506876,48.38,47.26,49.48,99.89981312549872,99.89981312549872,99.89981312549874,111.7447574110724,100.0,0,0,50,False,False,False,True,-0.02813696776545279,-0.03963600153933363,-0.01676045402605215,28007.72111862267,19359.31422234509,36770.042704193926
1.3,1.3x,RoundRobin_TransformerCapped,10,134.2,150 kVA,constant (spawn x 8/ports),100,0.9855365285945158,0.9803476255442456,0.989999463882264,0.9963637802721089,0.9956431906079932,0.9970650660501701,0.02626083531511846,0.020871718291749976,0.031974567920156814,0.3649288453127461,0.35361175767977104,0.37629445795607275,0.0,0.0,0.0,767.3586171010384,747.4944538026797,787.0819723856525,448320.4474171852,436715.03844799695,459843.5909236351,48.38,47.26,49.48,134.06572081215688,134.06572081215685,134.06572081215688,149.96165638943722,134.2,0,0,50,False,False,False,True,-0.06383879544944811,-0.07405426859079882,-0.05400448589759286,44734.0027342193,35690.94405453849,53823.92565481638
1.3,1.3x,RoundRobin_TransformerCapped,10,201.2,225 kVA,constant (spawn x 8/ports),100,0.9876868990989079,0.9825690706660041,0.9920092996268766,0.9985437064625848,0.9981482714370747,0.998909476590136,0.017207159013845293,0.012759297564295403,0.022326569743384497,0.35899941977173716,0.34785358209020384,0.37032251591113585,0.0,0.0,0.0,774.8709167155562,754.1181325381583,795.4271385395853,452709.4220755215,440584.84657689487,464719.1582796596,48.38,47.26,49.48,200.99881509171934,199.53225303193463,200.99881509171934,224.8308893643393,201.2,0,0,50,False,False,False,True,-0.07289247175072129,-0.08296413617885025,-0.06323961832338235,49122.97739255577,39691.53397153393,58556.167994803705
1.3,1.3x,RoundRobin_TransformerCapped,10,268.3,300 kVA,constant (spawn x 8/ports),100,0.9879131011728309,0.9828293413548096,0.9922031512558583,0.9987735477891156,0.9983849483545919,0.9991175797066326,0.01623751763445927,0.01199564968007294,0.021201424589973546,0.3583760267555388,0.34726266927531446,0.3696319795915277,0.0,0.0,0.0,775.6659985032898,754.7672260655877,796.2206690712904,453173.9394665643,440964.07200571994,465182.7693672072,48.38,47.26,49.48,230.3930639414443,210.52918977395097,245.20929946737138,257.7103623506088,268.3,0,0,50,False,False,False,True,-0.07386211313010732,-0.08410079254680455,-0.06402253263893075,49587.4947835985,40102.13918280776,59044.699428192085
1.3,1.3x,RoundRobin_TransformerCapped,10,357.8,400 kVA,constant (spawn x 8/ports),100,0.9879185183156881,0.9828348939262381,0.9922138853693421,0.9987791906462584,0.9983899465646258,0.9991221285034013,0.01620038044190437,0.011963773178614282,0.02115002862109255,0.35834955136624047,0.3472527950379287,0.36960504765828284,0.0,0.0,0.0,775.697834911211,754.7993499906314,796.2766891850159,453192.5395217735,440982.8400395015,465215.49847441993,48.38,47.26,49.48,230.9797022978985,212.9522530319346,251.23963149802725,258.36655738019965,357.8,0,0,50,False,False,False,True,-0.07389925032266222,-0.08412120291107562,-0.06405817186698463,49606.09483880777,40109.657808339165,59059.833645742765
1.3,1.3x,RoundRobin_TransformerCapped,12,100.0,reference 100 kW unit (111.9 kVA at pf 0.894; 112.5 kVA class),constant (spawn x 8/ports),100,0.9810367422507269,0.9778056290326994,0.9839102481882616,0.9844930825989487,0.9823227098526721,0.9865153606492216,0.06927994371927673,0.06102611683588047,0.07780438668030717,0.3605767870920149,0.3487873948175713,0.37232696614526223,0.0,0.0,0.0,779.0630789361953,761.4387388642294,797.4045607669656,455158.6446430644,444861.8266359291,465874.4444756511,51.5,50.29,52.68,99.89981312549872,99.89981312549872,99.89981312549872,111.7447574110724,100.0,0,0,50,False,False,False,True,-0.02081968704528985,-0.03289234311657931,-0.009335452490599831,51572.19996009858,40941.06738386283,62197.590369174046
1.3,1.3x,RoundRobin_TransformerCapped,12,134.2,150 kVA,constant (spawn x 8/ports),100,0.991650628570708,0.9890629491491413,0.9938373700120039,0.9951499356575964,0.9941797292162698,0.9960673324050453,0.024833260426407024,0.020430414467741315,0.029358350797492883,0.3299998217168762,0.31892597021264235,0.34104669732545173,0.0,0.0,0.0,817.089008097412,797.2873493545641,837.6083033136465,477374.85645732,465805.96505588654,489363.01871550997,51.5,50.29,52.68,134.06572081215688,134.06572081215685,134.06572081215688,149.96165638943722,134.2,0,0,50,False,False,False,True,-0.06526637033815956,-0.07630702589923202,-0.05482943546522326,73788.41177435414,62748.17441137544,84781.23927979545
1.3,1.3x,RoundRobin_TransformerCapped,12,201.2,225 kVA,constant (spawn x 8/ports),100,0.9947260706826775,0.9922933605638474,0.9966690492498228,0.9982374935322614,0.9976315976841116,0.9987850211206454,0.011396438709998173,0.008604996015122834,0.014424554086435984,0.32078524350743026,0.3101927992763374,0.3313395738509816,0.0,0.0,0.0,828.8703913413076,807.7797716510632,850.5453608898383,484257.9941316586,471936.0421197597,496921.3458282379,51.5,50.29,52.68,200.99881509171934,199.53225303193463,200.99881509171934,224.8308893643393,201.2,0,0,50,False,False,False,True,-0.07870319205456842,-0.09019619518960612,-0.06785570105123437,80671.5494486927,69464.35362742186,91883.56398724219
1.3,1.3x,RoundRobin_TransformerCapped,12,268.3,300 kVA,constant (spawn x 8/ports),100,0.995023886203898,0.9925784806389069,0.9969765319225061,0.9985360388837354,0.9979667912079986,0.9990333221326788,0.010186349915572072,0.007541034987551544,0.013118487732455456,0.31995932837326396,0.3094628594396847,0.33048558427119135,0.0,0.0,0.0,829.8760106015172,808.8064161016962,851.4366914894146,484845.51561981457,472535.84733363084,497442.0954807383,51.5,50.29,52.68,241.6794319671068,220.93318977395094,249.35993782382565,270.33493508624923,268.3,0,0,50,False,False,False,True,-0.07991328084899453,-0.09139153523751883,-0.06910552035266346,81259.07093684867,70049.06015307816,92512.60997548696
1.3,1.3x,RoundRobin_TransformerCapped,12,357.8,400 kVA,constant (spawn x 8/ports),100,0.9950681559743062,0.992646386075067,0.9970155009144511,0.9985809708565244,0.9980144299461452,0.9990826691680839,0.009955857650689738,0.007342341133751126,0.01287757925978495,0.3197989694634198,0.3092834504769655,0.33032848163336964,0.0,0.0,0.0,830.1046246040861,808.9231382134298,851.8110255508681,484979.0807217544,472604.04088510695,497660.7958513008,51.5,50.29,52.68,258.95500247628297,224.75031191846992,290.91155636551906,289.6588394589295,357.8,0,0,50,False,False,False,True,-0.08014377311387685,-0.0916321501873861,-0.06932727109927639,81392.6360387886,70236.63852417654,92609.11316387949
1.3,1.3x,RoundRobin_TransformerCapped,14,100.0,reference 100 kW unit (111.9 kVA at pf 0.894; 112.5 kVA class),constant (spawn x 8/ports),100,0.982678899379532,0.980517610838566,0.9848251056477536,0.982678899379532,0.980517610838566,0.9848251056477536,0.0735580442161169,0.06560004874864456,0.08160650828473259,0.33424819676687023,0.3234458723674694,0.34556175745572953,0.0,0.0,0.0,805.2159320620925,784.4023094933096,826.532279934224,470438.1483240588,458278.02869490715,482891.9794303513,53.93,52.7,55.19,99.89981312549872,99.89981312549872,99.89981312549874,111.7447574110724,100.0,0,0,50,False,False,False,True,-0.01654158654844966,-0.029044604660186213,-0.004692509056465502,66851.70364109302,54826.200766246904,79284.20606124791
1.3,1.3x,RoundRobin_TransformerCapped,14,134.2,150 kVA,constant (spawn x 8/ports),100,0.9944580907247516,0.9934249645662798,0.9954538364377757,0.9944580907247516,0.9934249645662798,0.9954538364377757,0.0239041385350496,0.019892585508677035,0.02797100067777566,0.2984824460814346,0.2879702186993738,0.3093861450007051,0.0,0.0,0.0,849.5206094963131,825.6940071617863,873.234299336159,496322.64661121165,482402.22820319136,510177.09719270846,53.93,52.7,55.19,134.06572081215685,134.06572081215685,134.06572081215688,149.9616563894372,134.2,0,0,50,False,False,False,True,-0.06619549222951698,-0.07820151250002245,-0.05510619576661214,92736.20192824588,80191.92755787494,105792.05316035745
1.3,1.3x,RoundRobin_TransformerCapped,14,201.2,225 kVA,constant (spawn x 8/ports),100,0.9979751481460716,0.9973701976550235,0.9985209485002243,0.9979751481460716,0.9973701976550235,0.9985209485002243,0.009078706108152307,0.006841211450019801,0.011520314654464636,0.28783652452646463,0.27758488409982174,0.29853742715688003,0.0,0.0,0.0,863.0793767547078,837.6581850998199,888.4481939113642,504244.20045610523,489392.16157544125,519065.64013848454,53.93,52.7,55.19,200.99881509171934,200.99881509171934,200.99881509171934,224.8308893643393,201.2,0,0,50,False,False,False,True,-0.08102092465641426,-0.0933739524931807,-0.0694174982941711,100657.75577313948,87660.46231055493,114140.09819508654
1.3,1.3x,RoundRobin_TransformerCapped,14,268.3,300 kVA,constant (spawn x 8/ports),100,0.9984892682869851,0.9979851644212081,0.9989522157490469,0.9984892682869851,0.9979851644212081,0.9989522157490469,0.0070628312279250125,0.005117157061359527,0.00914077323661519,0.28637197457019803,0.2761541928737481,0.29705370726762403,0.0,0.0,0.0,864.9271361126712,839.3156925050708,890.5801214051097,505323.73261176265,490360.5412156239,520311.19425953925,53.93,52.7,55.19,246.1452994673714,231.17127355991963,253.08931628991826,275.3303126033237,268.3,0,0,50,False,False,False,True,-0.08303679953664156,-0.09545335761709975,-0.0714707495224606,101737.28792879696,88661.82820675996,115306.54215590586
1.3,1.3x,RoundRobin_TransformerCapped,14,357.8,400 kVA,constant (spawn x 8/ports),100,0.998494967266577,0.9979899918687393,0.998962737853452,0.9984949672665769,0.9979899918687393,0.998962737853452,0.007048432451657201,0.0051016362339612415,0.009120293545212503,0.28636274701452885,0.2761489171169285,0.29704258390861127,0.0,0.0,0.0,864.9337303088516,839.3287046673686,890.5291595903825,505327.58519504796,490368.14342180645,520281.4204053456,53.93,52.7,55.19,253.08931628991826,236.6262530319346,283.6822414269786,283.0976692280965,357.8,0,0,50,False,False,False,True,-0.08305119831290937,-0.09544349064086954,-0.07150361105095278,101741.14051208222,88677.7723684951,115313.75462513685
1.3,1.3x,RoundRobin_TransformerCapped,16,100.0,reference 100 kW unit (111.9 kVA at pf 0.894; 112.5 kVA class),constant (spawn x 8/ports),100,0.9806030564180434,0.9782578965293468,0.9829331825190821,0.9806030564180434,0.9782578965293468,0.9829331825190821,0.08275541696469581,0.07318668014530211,0.0923679487581665,0.31379467456014914,0.3021394237318286,0.3257994228862502,0.0,0.0,0.0,837.4004044206692,816.426700078271,858.5167250541464,489241.5561781252,476987.91061367915,501578.52367054706,56.27,54.9,57.65024999999999,99.89981312549872,99.89981312549872,99.89981312549874,111.7447574110724,100.0,0,0,50,False,False,False,True,-0.007344213799870753,-0.02104927487679826,0.00582119718408896,85655.11149515942,72578.82844561074,98215.26117241448
1.3,1.3x,RoundRobin_TransformerCapped,16,134.2,150 kVA,constant (spawn x 8/ports),100,0.9937480820375768,0.9925258242086272,0.994897825814302,0.9937480820375768,0.992525824208627,0.994897825814302,0.026673740575542344,0.021922815837348102,0.0317120635349828,0.2717159369547929,0.26061593942201233,0.2832752159787625,0.0,0.0,0.0,890.0644212150515,865.642168625298,914.6170711242696,520009.90235404985,505741.48213439115,534354.5057080365,56.27,54.9,57.65024999999999,134.06572081215688,134.06572081215685,134.06572081215688,149.96165638943722,134.2,0,0,50,False,False,False,True,-0.06342589018902423,-0.07558341504576405,-0.05202507013044028,116423.45767108406,102106.48167588019,130336.88830434962
1.3,1.3x,RoundRobin_TransformerCapped,16,201.2,225 kVA,constant (spawn x 8/ports),100,0.9979284363176223,0.9972679531860928,0.9984938828296082,0.9979284363176223,0.9972679531860931,0.9984938828296082,0.009069559063656167,0.006834353666723403,0.011619151840461256,0.2585738845808785,0.24798225213440042,0.26946831896197015,0.0,0.0,0.0,906.9383753754572,880.7921773742428,933.5732945967302,529868.3160217942,514592.70052086154,545429.4612752518,56.27,54.9,57.65024999999999,200.99881509171934,200.1611773729252,200.99881509171934,224.8308893643393,201.2,0,0,50,False,False,False,True,-0.0810300717009104,-0.09327679542420557,-0.06965357322525936,126281.87133882834,111514.84501563634,140782.22257054158
1.3,1.3x,RoundRobin_TransformerCapped,16,268.3,300 kVA,constant (spawn x 8/ports),100,0.9985914371254454,0.9981988235141317,0.9989590643574872,0.9985914371254454,0.9981988235141317,0.9989590643574872,0.0067626761159893314,0.0051445226207366005,0.008504359304363204,0.25682117606258464,0.2461093118019329,0.26773401677411585,0.0,0.0,0.0,909.1862256227062,882.8270153635025,936.0205238598962,531181.5966784713,515781.5312154497,546859.2268291202,56.27,54.9,57.65024999999999,260.10837275897075,244.4639378238256,263.6222120271428,290.9489628176407,268.3,0,0,50,False,False,False,True,-0.08333695464857724,-0.09565001918920404,-0.07188031976129551,127595.15199550548,112842.30828822975,142119.92026107394
1.3,1.3x,RoundRobin_TransformerCapped,16,357.8,400 kVA,constant (spawn x 8/ports),100,0.9986166014111596,0.9982254900120464,0.998980323272038,0.9986166014111596,0.9982254900120464,0.9989803232720381,0.006604048660716086,0.005012325576175871,0.008296919697412692,0.2566988041657925,0.2459596575020221,0.2676601277264759,0.0,0.0,0.0,909.3304200909313,882.9191832264527,936.1943928894501,531265.8406382955,515835.379229448,546960.807810143,56.27,54.9,57.65024999999999,288.02028211868736,251.93670716132056,313.8890768090748,322.17033794036615,357.8,0,0,50,False,False,False,True,-0.0834955821038505,-0.09583639256298157,-0.07203771773601368,127679.3959553297,112978.45386912089,142185.34471097548
1.6,1.6x,ChargeAsFastAsPossible,8,100.0,reference 100 kW unit (111.9 kVA at pf 0.894; 112.5 kVA class),reference (8 ports),100,0.8946179453670902,0.8803593387153944,0.908162479298754,0.998769452026644,0.9983821644044075,0.9991219502657311,0.10456105643367934,0.0915609518479169,0.11822602842365712,0.4603166754536916,0.45086727553194267,0.4694326145657352,231.52430923752993,206.7093289734294,257.5967047620942,810.475400876915,791.4593560650471,829.6558829967656,473510.93249522767,462401.0269984091,484716.9085982059,50.3,49.35,51.25,234.0428976327608,210.82407600813406,240.70592534743017,261.79295037221567,100.0,100,50,50,True,False,True,False,0.0,0.0,0.0,0.0,0.0,0.0
1.6,1.6x,ChargeAsFastAsPossible,8,134.2,150 kVA,reference (8 ports),100,0.8946179453670902,0.8803593387153944,0.908162479298754,0.998769452026644,0.9983821644044075,0.9991219502657311,0.10456105643367934,0.0915609518479169,0.11822602842365712,0.4603166754536916,0.45086727553194267,0.4694326145657352,69.35169165414122,56.53601400097584,83.41536269002998,810.475400876915,791.4593560650471,829.6558829967656,473510.93249522767,462401.0269984091,484716.9085982059,50.3,49.35,51.25,234.0428976327608,210.82407600813406,240.70592534743017,261.79295037221567,134.2,96,49,50,True,False,True,False,0.0,0.0,0.0,0.0,0.0,0.0
1.6,1.6x,ChargeAsFastAsPossible,8,201.2,225 kVA,reference (8 ports),100,0.8946179453670902,0.8803593387153944,0.908162479298754,0.998769452026644,0.9983821644044075,0.9991219502657311,0.10456105643367934,0.0915609518479169,0.11822602842365712,0.4603166754536916,0.45086727553194267,0.4694326145657352,2.517384392040972,1.019094932341705,4.317728751899587,810.475400876915,791.4593560650471,829.6558829967656,473510.93249522767,462401.0269984091,484716.9085982059,50.3,49.35,51.25,234.0428976327608,210.82407600813406,240.70592534743017,261.79295037221567,201.2,12,10,50,True,False,True,False,0.0,0.0,0.0,0.0,0.0,0.0
1.6,1.6x,ChargeAsFastAsPossible,8,268.3,300 kVA,reference (8 ports),100,0.8946179453670902,0.8803593387153944,0.908162479298754,0.998769452026644,0.9983821644044075,0.9991219502657311,0.10456105643367934,0.0915609518479169,0.11822602842365712,0.4603166754536916,0.45086727553194267,0.4694326145657352,0.0,0.0,0.0,810.475400876915,791.4593560650471,829.6558829967656,473510.93249522767,462401.0269984091,484716.9085982059,50.3,49.35,51.25,234.0428976327608,210.82407600813406,240.70592534743017,261.79295037221567,268.3,0,0,50,True,False,False,False,0.0,0.0,0.0,0.0,0.0,0.0
1.6,1.6x,ChargeAsFastAsPossible,8,357.8,400 kVA,reference (8 ports),100,0.8946179453670902,0.8803593387153944,0.908162479298754,0.998769452026644,0.9983821644044075,0.9991219502657311,0.10456105643367934,0.0915609518479169,0.11822602842365712,0.4603166754536916,0.45086727553194267,0.4694326145657352,0.0,0.0,0.0,810.475400876915,791.4593560650471,829.6558829967656,473510.93249522767,462401.0269984091,484716.9085982059,50.3,49.35,51.25,234.0428976327608,210.82407600813406,240.70592534743017,261.79295037221567,357.8,0,0,50,True,False,False,False,0.0,0.0,0.0,0.0,0.0,0.0
1.6,1.6x,ChargeAsFastAsPossible,10,100.0,reference 100 kW unit (111.9 kVA at pf 0.894; 112.5 kVA class),constant (spawn x 8/ports),100,0.971307188016722,0.9640874282921942,0.977410635065684,0.9987398032879818,0.9983769092403626,0.9990745534155329,0.03201761581401096,0.0261604201468259,0.03890797440854629,0.4054890792781608,0.39557685370598267,0.4149220890881384,325.2683854667966,294.55819542324866,357.5661968572521,881.6631732406504,863.4194831126877,900.2288202436796,515101.56983935763,504442.9036845321,525948.3355959371,54.83,53.94,55.72,237.62518977395092,212.32612651596736,258.19331628991824,265.79998856146636,100.0,100,50,50,False,False,True,False,-0.07254344061966839,-0.08326827193435604,-0.06197994816219527,41590.637344129995,31442.336964127113,51830.5740094557
1.6,1.6x,ChargeAsFastAsPossible,10,134.2,150 kVA,constant (spawn x 8/ports),100,0.971307188016722,0.9640874282921942,0.977410635065684,0.9987398032879818,0.9983769092403626,0.9990745534155329,0.03201761581401096,0.0261604201468259,0.03890797440854629,0.4054890792781608,0.39557685370598267,0.4149220890881384,108.64909091756161,92.18873451942723,126.1806022193952,881.6631732406504,863.4194831126877,900.2288202436796,515101.56983935763,504442.9036845321,525948.3355959371,54.83,53.94,55.72,237.62518977395092,212.32612651596736,258.19331628991824,265.79998856146636,134.2,100,50,50,False,False,True,False,-0.07254344061966839,-0.08326827193435604,-0.06197994816219527,41590.637344129995,31442.336964127113,51830.5740094557
1.6,1.6x,ChargeAsFastAsPossible,10,201.2,225 kVA,constant (spawn x 8/ports),100,0.971307188016722,0.9640874282921942,0.977410635065684,0.9987398032879818,0.9983769092403626,0.9990745534155329,0.03201761581401096,0.0261604201468259,0.03890797440854629,0.4054890792781608,0.39557685370598267,0.4149220890881384,4.691272730439524,1.5124454200939015,9.10646963542359,881.6631732406504,863.4194831126877,900.2288202436796,515101.56983935763,504442.9036845321,525948.3355959371,54.83,53.94,55.72,237.62518977395092,212.32612651596736,258.19331628991824,265.79998856146636,201.2,20,15,50,False,False,True,False,-0.07254344061966839,-0.08326827193435604,-0.06197994816219527,41590.637344129995,31442.336964127113,51830.5740094557
1.6,1.6x,ChargeAsFastAsPossible,10,268.3,300 kVA,constant (spawn x 8/ports),100,0.971307188016722,0.9640874282921942,0.977410635065684,0.9987398032879818,0.9983769092403626,0.9990745534155329,0.03201761581401096,0.0261604201468259,0.03890797440854629,0.4054890792781608,0.39557685370598267,0.4149220890881384,0.0,0.0,0.0,881.6631732406504,863.4194831126877,900.2288202436796,515101.56983935763,504442.9036845321,525948.3355959371,54.83,53.94,55.72,237.62518977395092,212.32612651596736,258.19331628991824,265.79998856146636,268.3,0,0,50,False,False,False,True,-0.07254344061966839,-0.08326827193435604,-0.06197994816219527,41590.637344129995,31442.336964127113,51830.5740094557
1.6,1.6x,ChargeAsFastAsPossible,10,357.8,400 kVA,constant (spawn x 8/ports),100,0.971307188016722,0.9640874282921942,0.977410635065684,0.9987398032879818,0.9983769092403626,0.9990745534155329,0.03201761581401096,0.0261604201468259,0.03890797440854629,0.4054890792781608,0.39557685370598267,0.4149220890881384,0.0,0.0,0.0,881.6631732406504,863.4194831126877,900.2288202436796,515101.56983935763,504442.9036845321,525948.3355959371,54.83,53.94,55.72,237.62518977395092,212.32612651596736,258.19331628991824,265.79998856146636,357.8,0,0,50,False,False,False,True,-0.07254344061966839,-0.08326827193435604,-0.06197994816219527,41590.637344129995,31442.336964127113,51830.5740094557
1.6,1.6x,ChargeAsFastAsPossible,12,100.0,reference 100 kW unit (111.9 kVA at pf 0.894; 112.5 kVA class),constant (spawn x 8/ports),100,0.9881802634392873,0.9836970252990919,0.9919475455722657,0.9985780571617536,0.9981212754180838,0.9989911682445201,0.0167388368599224,0.012696693986701492,0.021307449989952182,0.36188117670329617,0.35224640297890697,0.37134391632152536,398.2528090502843,366.75368879052263,430.77879390888046,950.6911412165318,928.6913375859027,972.8872496392279,555430.3663076347,542577.2340341815,568398.1873983481,59.11,57.93,60.28,283.9526611367638,249.35993782382565,306.2513714252266,317.6204263274763,100.0,100,50,50,False,False,True,False,-0.08782221957375694,-0.10039851012683026,-0.07574996394824361,81919.43381240711,70735.11299009442,93164.80827334532
1.6,1.6x,ChargeAsFastAsPossible,12,134.2,150 kVA,constant (spawn x 8/ports),100,0.9881802634392873,0.9836970252990919,0.9919475455722657,0.9985780571617536,0.9981212754180838,0.9989911682445201,0.0167388368599224,0.012696693986701492,0.021307449989952182,0.36188117670329617,0.35224640297890697,0.37134391632152536,155.23365421828052,136.27582880421255,174.48743656299442,950.6911412165318,928.6913375859027,972.8872496392279,555430.3663076347,542577.2340341815,568398.1873983481,59.11,57.93,60.28,283.9526611367638,249.35993782382565,306.2513714252266,317.6204263274763,134.2,100,50,50,False,False,True,False,-0.08782221957375694,-0.10039851012683026,-0.07574996394824361,81919.43381240711,70735.11299009442,93164.80827334532
1.6,1.6x,ChargeAsFastAsPossible,12,201.2,225 kVA,constant (spawn x 8/ports),100,0.9881802634392873,0.9836970252990919,0.9919475455722657,0.9985780571617536,0.9981212754180838,0.9989911682445201,0.0167388368599224,0.012696693986701492,0.021307449989952182,0.36188117670329617,0.35224640297890697,0.37134391632152536,14.742225777635362,8.73896248299953,21.81282475878563,950.6911412165318,928.6913375859027,972.8872496392279,555430.3663076347,542577.2340341815,568398.1873983481,59.11,57.93,60.28,283.9526611367638,249.35993782382565,306.2513714252266,317.6204263274763,201.2,41,28,50,False,False,True,False,-0.08782221957375694,-0.10039851012683026,-0.07574996394824361,81919.43381240711,70735.11299009442,93164.80827334532
1.6,1.6x,ChargeAsFastAsPossible,12,268.3,300 kVA,constant (spawn x 8/ports),100,0.9881802634392873,0.9836970252990919,0.9919475455722657,0.9985780571617536,0.9981212754180838,0.9989911682445201,0.0167388368599224,0.012696693986701492,0.021307449989952182,0.36188117670329617,0.35224640297890697,0.37134391632152536,1.3834094004711524,0.06345834858187346,3.137244779109527,950.6911412165318,928.6913375859027,972.8872496392279,555430.3663076347,542577.2340341815,568398.1873983481,59.11,57.93,60.28,283.9526611367638,249.35993782382565,306.2513714252266,317.6204263274763,268.3,7,5,50,False,False,True,False,-0.08782221957375694,-0.10039851012683026,-0.07574996394824361,81919.43381240711,70735.11299009442,93164.80827334532
1.6,1.6x,ChargeAsFastAsPossible,12,357.8,400 kVA,constant (spawn x 8/ports),100,0.9881802634392873,0.9836970252990919,0.9919475455722657,0.9985780571617536,0.9981212754180838,0.9989911682445201,0.0167388368599224,0.012696693986701492,0.021307449989952182,0.36188117670329617,0.35224640297890697,0.37134391632152536,0.0,0.0,0.0,950.6911412165318,928.6913375859027,972.8872496392279,555430.3663076347,542577.2340341815,568398.1873983481,59.11,57.93,60.28,283.9526611367638,249.35993782382565,306.2513714252266,317.6204263274763,357.8,0,0,50,False,False,False,True,-0.08782221957375694,-0.10039851012683026,-0.07574996394824361,81919.43381240711,70735.11299009442,93164.80827334532
1.6,1.6x,ChargeAsFastAsPossible,14,100.0,reference 100 kW unit (111.9 kVA at pf 0.894; 112.5 kVA class),constant (spawn x 8/ports),100,0.9974743436127546,0.9962720167396868,0.9984258237835777,0.9984922669133587,0.9980244111637513,0.9989222399127233,0.008017892220465863,0.006005996097635187,0.010154116018724218,0.32804852285996405,0.31853921415099684,0.3375157036048461,458.0570543184929,421.40429250893465,495.8710295196644,1000.0066700721588,976.1169144620384,1024.2013667344288,584242.396912953,570285.0819299298,598377.8701988726,62.32,61.1,63.51,274.6476792295057,247.00515122023816,306.2513714252266,307.2121691605209,100.0,100,50,50,False,False,True,False,-0.09654316421321349,-0.11019828696390858,-0.08351066617502644,110731.46441772541,98476.13301096667,123057.40618156981
1.6,1.6x,ChargeAsFastAsPossible,14,134.2,150 kVA,constant (spawn x 8/ports),100,0.9974743436127546,0.9962720167396868,0.9984258237835777,0.9984922669133587,0.9980244111637513,0.9989222399127233,0.008017892220465863,0.006005996097635187,0.010154116018724218,0.32804852285996405,0.31853921415099684,0.3375157036048461,178.1020905109225,157.17688465708724,200.21183418169306,1000.0066700721588,976.1169144620384,1024.2013667344288,584242.396912953,570285.0819299298,598377.8701988726,62.32,61.1,63.51,274.6476792295057,247.00515122023816,306.2513714252266,307.2121691605209,134.2,100,50,50,False,False,True,False,-0.09654316421321349,-0.11019828696390858,-0.08351066617502644,110731.46441772541,98476.13301096667,123057.40618156981
1.6,1.6x,ChargeAsFastAsPossible,14,201.2,225 kVA,constant (spawn x 8/ports),100,0.9974743436127546,0.9962720167396868,0.9984258237835777,0.9984922669133587,0.9980244111637513,0.9989222399127233,0.008017892220465863,0.006005996097635187,0.010154116018724218,0.32804852285996405,0.31853921415099684,0.3375157036048461,15.353028477698139,9.079592946484178,23.06613735388706,1000.0066700721588,976.1169144620384,1024.2013667344288,584242.396912953,570285.0819299298,598377.8701988726,62.32,61.1,63.51,274.6476792295057,247.00515122023816,306.2513714252266,307.2121691605209,201.2,42,29,50,False,False,True,False,-0.09654316421321349,-0.11019828696390858,-0.08351066617502644,110731.46441772541,98476.13301096667,123057.40618156981
1.6,1.6x,ChargeAsFastAsPossible,14,268.3,300 kVA,constant (spawn x 8/ports),100,0.9974743436127546,0.9962720167396868,0.9984258237835777,0.9984922669133587,0.9980244111637513,0.9989222399127233,0.008017892220465863,0.006005996097635187,0.010154116018724218,0.32804852285996405,0.31853921415099684,0.3375157036048461,1.5543418105901907,0.0,3.804901161462257,1000.0066700721588,976.1169144620384,1024.2013667344288,584242.396912953,570285.0819299298,598377.8701988726,62.32,61.1,63.51,274.6476792295057,247.00515122023816,306.2513714252266,307.2121691605209,268.3,5,3,50,False,False,True,False,-0.09654316421321349,-0.11019828696390858,-0.08351066617502644,110731.46441772541,98476.13301096667,123057.40618156981
1.6,1.6x,ChargeAsFastAsPossible,14,357.8,400 kVA,constant (spawn x 8/ports),100,0.9974743436127546,0.9962720167396868,0.9984258237835777,0.9984922669133587,0.9980244111637513,0.9989222399127233,0.008017892220465863,0.006005996097635187,0.010154116018724218,0.32804852285996405,0.31853921415099684,0.3375157036048461,0.0,0.0,0.0,1000.0066700721588,976.1169144620384,1024.2013667344288,584242.396912953,570285.0819299298,598377.8701988726,62.32,61.1,63.51,274.6476792295057,247.00515122023816,306.2513714252266,307.2121691605209,357.8,0,0,50,False,False,False,True,-0.09654316421321349,-0.11019828696390858,-0.08351066617502644,110731.46441772541,98476.13301096667,123057.40618156981
1.6,1.6x,ChargeAsFastAsPossible,16,100.0,reference 100 kW unit (111.9 kVA at pf 0.894; 112.5 kVA class),constant (spawn x 8/ports),100,0.998087640490196,0.9972086701266256,0.99881656598108,0.9985144885204081,0.9979921946853743,0.9989716444515306,0.007077224876448848,0.005143083187665661,0.009207855235873957,0.2995532565680144,0.2903426898347607,0.30895001503554165,539.372748346114,489.90506817920664,588.7632597746087,1054.8693336966928,1027.4409685380222,1082.8604713762913,616295.2772149553,600270.5702972014,632648.7775061773,65.18,63.86,66.49,299.4584552751676,264.6451314223402,318.79027049153416,334.96471507289436,100.0,100,50,50,False,False,True,False,-0.09748383155723049,-0.11185152328925949,-0.08414056317566157,142784.3447197277,126233.84629561608,158891.99877062792
1.6,1.6x,ChargeAsFastAsPossible,16,134.2,150 kVA,constant (spawn x 8/ports),100,0.998087640490196,0.9972086701266256,0.99881656598108,0.9985144885204081,0.9979921946853743,0.9989716444515306,0.007077224876448848,0.005143083187665661,0.009207855235873957,0.2995532565680144,0.2903426898347607,0.30895001503554165,225.8347849773194,197.17102674411117,255.2368802889076,1054.8693336966928,1027.4409685380222,1082.8604713762913,616295.2772149553,600270.5702972014,632648.7775061773,65.18,63.86,66.49,299.4584552751676,264.6451314223402,318.79027049153416,334.96471507289436,134.2,99,50,50,False,False,True,False,-0.09748383155723049,-0.11185152328925949,-0.08414056317566157,142784.3447197277,126233.84629561608,158891.99877062792
1.6,1.6x,ChargeAsFastAsPossible,16,201.2,225 kVA,constant (spawn x 8/ports),100,0.998087640490196,0.9972086701266256,0.99881656598108,0.9985144885204081,0.9979921946853743,0.9989716444515306,0.007077224876448848,0.005143083187665661,0.009207855235873957,0.2995532565680144,0.2903426898347607,0.30895001503554165,25.642051382409832,17.830927092730377,34.2273586802813,1054.8693336966928,1027.4409685380222,1082.8604713762913,616295.2772149553,600270.5702972014,632648.7775061773,65.18,63.86,66.49,299.4584552751676,264.6451314223402,318.79027049153416,334.96471507289436,201.2,57,36,50,False,False,True,False,-0.09748383155723049,-0.11185152328925949,-0.08414056317566157,142784.3447197277,126233.84629561608,158891.99877062792
1.6,1.6x,ChargeAsFastAsPossible,16,268.3,300 kVA,constant (spawn x 8/ports),100,0.998087640490196,0.9972086701266256,0.99881656598108,0.9985144885204081,0.9979921946853743,0.9989716444515306,0.007077224876448848,0.005143083187665661,0.009207855235873957,0.2995532565680144,0.2903426898347607,0.30895001503554165,2.941217149660499,0.7650711830143747,5.7031725125947315,1054.8693336966928,1027.4409685380222,1082.8604713762913,616295.2772149553,600270.5702972014,632648.7775061773,65.18,63.86,66.49,299.4584552751676,264.6451314223402,318.79027049153416,334.96471507289436,268.3,10,7,50,False,False,True,False,-0.09748383155723049,-0.11185152328925949,-0.08414056317566157,142784.3447197277,126233.84629561608,158891.99877062792
1.6,1.6x,ChargeAsFastAsPossible,16,357.8,400 kVA,constant (spawn x 8/ports),100,0.998087640490196,0.9972086701266256,0.99881656598108,0.9985144885204081,0.9979921946853743,0.9989716444515306,0.007077224876448848,0.005143083187665661,0.009207855235873957,0.2995532565680144,0.2903426898347607,0.30895001503554165,0.0,0.0,0.0,1054.8693336966928,1027.4409685380222,1082.8604713762913,616295.2772149553,600270.5702972014,632648.7775061773,65.18,63.86,66.49,299.4584552751676,264.6451314223402,318.79027049153416,334.96471507289436,357.8,0,0,50,False,False,False,True,-0.09748383155723049,-0.11185152328925949,-0.08414056317566157,142784.3447197277,126233.84629561608,158891.99877062792
1.6,1.6x,RoundRobin,8,100.0,reference 100 kW unit (111.9 kVA at pf 0.894; 112.5 kVA class),reference (8 ports),100,0.861064238326687,0.8477055070840712,0.8738079587446986,0.961418381421186,0.9578736719290262,0.9647486573615249,0.25344525721492034,0.23804161006220212,0.26875211203416355,0.5498700921123825,0.5390321005861091,0.5607194486793776,95.74541895705715,75.36723017799872,117.69492217024562,676.7686191054235,655.195136915497,698.3137572876853,395394.28287322394,382790.2239988046,407981.78208712145,50.3,49.35,51.25,201.70790283593158,185.63020990100588,250.75660771616924,225.6240523891852,100.0,96,50,50,True,True,True,False,0.0,0.0,0.0,0.0,0.0,0.0
1.6,1.6x,RoundRobin,8,134.2,150 kVA,reference (8 ports),100,0.861064238326687,0.8477055070840712,0.8738079587446986,0.961418381421186,0.9578736719290262,0.9647486573615249,0.25344525721492034,0.23804161006220212,0.26875211203416355,0.5498700921123825,0.5390321005861091,0.5607194486793776,23.992521218237258,14.822864141846742,34.723420464702656,676.7686191054235,655.195136915497,698.3137572876853,395394.28287322394,382790.2239988046,407981.78208712145,50.3,49.35,51.25,201.70790283593158,185.63020990100588,250.75660771616924,225.6240523891852,134.2,56,34,50,True,True,True,False,0.0,0.0,0.0,0.0,0.0,0.0
1.6,1.6x,RoundRobin,8,201.2,225 kVA,reference (8 ports),100,0.861064238326687,0.8477055070840712,0.8738079587446986,0.961418381421186,0.9578736719290262,0.9647486573615249,0.25344525721492034,0.23804161006220212,0.26875211203416355,0.5498700921123825,0.5390321005861091,0.5607194486793776,1.2254796190466206,0.0,3.1241389784338973,676.7686191054235,655.195136915497,698.3137572876853,395394.28287322394,382790.2239988046,407981.78208712145,50.3,49.35,51.25,201.70790283593158,185.63020990100588,250.75660771616924,225.6240523891852,201.2,3,3,50,True,True,True,False,0.0,0.0,0.0,0.0,0.0,0.0
1.6,1.6x,RoundRobin,8,268.3,300 kVA,reference (8 ports),100,0.861064238326687,0.8477055070840712,0.8738079587446986,0.961418381421186,0.9578736719290262,0.9647486573615249,0.25344525721492034,0.23804161006220212,0.26875211203416355,0.5498700921123825,0.5390321005861091,0.5607194486793776,0.0,0.0,0.0,676.7686191054235,655.195136915497,698.3137572876853,395394.28287322394,382790.2239988046,407981.78208712145,50.3,49.35,51.25,201.70790283593158,185.63020990100588,250.75660771616924,225.6240523891852,268.3,0,0,50,True,True,False,False,0.0,0.0,0.0,0.0,0.0,0.0
1.6,1.6x,RoundRobin,8,357.8,400 kVA,reference (8 ports),100,0.861064238326687,0.8477055070840712,0.8738079587446986,0.961418381421186,0.9578736719290262,0.9647486573615249,0.25344525721492034,0.23804161006220212,0.26875211203416355,0.5498700921123825,0.5390321005861091,0.5607194486793776,0.0,0.0,0.0,676.7686191054235,655.195136915497,698.3137572876853,395394.28287322394,382790.2239988046,407981.78208712145,50.3,49.35,51.25,201.70790283593158,185.63020990100588,250.75660771616924,225.6240523891852,357.8,0,0,50,True,True,False,False,0.0,0.0,0.0,0.0,0.0,0.0
1.6,1.6x,RoundRobin,10,100.0,reference 100 kW unit (111.9 kVA at pf 0.894; 112.5 kVA class),constant (spawn x 8/ports),100,0.9396614204399727,0.9320185983198955,0.9465302315525735,0.966184037281457,0.9626469561466513,0.9697005179324306,0.17234193156786845,0.1575245422218406,0.1877978779759759,0.49199061216955536,0.48078968910585373,0.5028052257906718,158.10493183935026,130.8107206150388,187.0070040564179,754.3278097988316,732.251177144868,776.5855916982446,440707.3481051547,427809.3293583522,453711.20121539506,54.83,53.94,55.72,206.1962133417366,195.11843985465316,250.55556679179472,230.6445339393027,100.0,95,50,50,False,True,True,False,-0.08110332564705193,-0.09748724509034694,-0.06386730242006373,45313.065231930785,35698.624152498356,55137.10092848292
1.6,1.6x,RoundRobin,10,134.2,150 kVA,constant (spawn x 8/ports),100,0.9396614204399727,0.9320185983198955,0.9465302315525735,0.966184037281457,0.9626469561466513,0.9697005179324306,0.17234193156786845,0.1575245422218406,0.1877978779759759,0.49199061216955536,0.48078968910585373,0.5028052257906718,40.595086812308,29.05167175902322,53.564156545203424,754.3278097988316,732.251177144868,776.5855916982446,440707.3481051547,427809.3293583522,453711.20121539506,54.83,53.94,55.72,206.1962133417366,195.11843985465316,250.55556679179472,230.6445339393027,134.2,72,45,50,False,True,True,False,-0.08110332564705193,-0.09748724509034694,-0.06386730242006373,45313.065231930785,35698.624152498356,55137.10092848292
1.6,1.6x,RoundRobin,10,201.2,225 kVA,constant (spawn x 8/ports),100,0.9396614204399727,0.9320185983198955,0.9465302315525735,0.966184037281457,0.9626469561466513,0.9697005179324306,0.17234193156786845,0.1575245422218406,0.1877978779759759,0.49199061216955536,0.48078968910585373,0.5028052257906718,1.6350005215456938,0.08427888467380512,4.345224788539309,754.3278097988316,732.251177144868,776.5855916982446,440707.3481051547,427809.3293583522,453711.20121539506,54.83,53.94,55.72,206.1962133417366,195.11843985465316,250.55556679179472,230.6445339393027,201.2,7,5,50,False,True,True,False,-0.08110332564705193,-0.09748724509034694,-0.06386730242006373,45313.065231930785,35698.624152498356,55137.10092848292
1.6,1.6x,RoundRobin,10,268.3,300 kVA,constant (spawn x 8/ports),100,0.9396614204399727,0.9320185983198955,0.9465302315525735,0.966184037281457,0.9626469561466513,0.9697005179324306,0.17234193156786845,0.1575245422218406,0.1877978779759759,0.49199061216955536,0.48078968910585373,0.5028052257906718,0.0,0.0,0.0,754.3278097988316,732.251177144868,776.5855916982446,440707.3481051547,427809.3293583522,453711.20121539506,54.83,53.94,55.72,206.1962133417366,195.11843985465316,250.55556679179472,230.6445339393027,268.3,0,0,50,False,True,False,False,-0.08110332564705193,-0.09748724509034694,-0.06386730242006373,45313.065231930785,35698.624152498356,55137.10092848292
1.6,1.6x,RoundRobin,10,357.8,400 kVA,constant (spawn x 8/ports),100,0.9396614204399727,0.9320185983198955,0.9465302315525735,0.966184037281457,0.9626469561466513,0.9697005179324306,0.17234193156786845,0.1575245422218406,0.1877978779759759,0.49199061216955536,0.48078968910585373,0.5028052257906718,0.0,0.0,0.0,754.3278097988316,732.251177144868,776.5855916982446,440707.3481051547,427809.3293583522,453711.20121539506,54.83,53.94,55.72,206.1962133417366,195.11843985465316,250.55556679179472,230.6445339393027,357.8,0,0,50,False,True,False,False,-0.08110332564705193,-0.09748724509034694,-0.06386730242006373,45313.065231930785,35698.624152498356,55137.10092848292
1.6,1.6x,RoundRobin,12,100.0,reference 100 kW unit (111.9 kVA at pf 0.894; 112.5 kVA class),constant (spawn x 8/ports),100,0.9583823472504156,0.9531239195277056,0.9631039750880981,0.9684508716895753,0.9654605249087888,0.9713281060491098,0.14939090049716872,0.13753656540876286,0.1614838045903674,0.4483819638219591,0.4388319864033785,0.45760354102737116,219.61456396305468,186.95056919299475,254.2773625701022,823.5657484806512,798.6720112752946,848.5797954873148,481158.817543713,466614.9378594612,495772.9868458155,59.11,57.93,60.28,249.071777833624,216.1996392874702,282.4973849802926,278.60377833738704,100.0,100,50,50,False,True,True,False,-0.10405435671775164,-0.11956290492322605,-0.08862566001902471,85764.534670489,74883.31616007442,97101.25890267151
1.6,1.6x,RoundRobin,12,134.2,150 kVA,constant (spawn x 8/ports),100,0.9583823472504156,0.9531239195277056,0.9631039750880981,0.9684508716895753,0.9654605249087888,0.9713281060491098,0.14939090049716872,0.13753656540876286,0.1614838045903674,0.4483819638219591,0.4388319864033785,0.45760354102737116,66.49505357741695,50.4801857614676,84.64871127993675,823.5657484806512,798.6720112752946,848.5797954873148,481158.817543713,466614.9378594612,495772.9868458155,59.11,57.93,60.28,249.071777833624,216.1996392874702,282.4973849802926,278.60377833738704,134.2,89,49,50,False,True,True,False,-0.10405435671775164,-0.11956290492322605,-0.08862566001902471,85764.534670489,74883.31616007442,97101.25890267151
1.6,1.6x,RoundRobin,12,201.2,225 kVA,constant (spawn x 8/ports),100,0.9583823472504156,0.9531239195277056,0.9631039750880981,0.9684508716895753,0.9654605249087888,0.9713281060491098,0.14939090049716872,0.13753656540876286,0.1614838045903674,0.4483819638219591,0.4388319864033785,0.45760354102737116,4.843995083903494,1.4262519867375136,9.337314525690038,823.5657484806512,798.6720112752946,848.5797954873148,481158.817543713,466614.9378594612,495772.9868458155,59.11,57.93,60.28,249.071777833624,216.1996392874702,282.4973849802926,278.60377833738704,201.2,12,10,50,False,True,True,False,-0.10405435671775164,-0.11956290492322605,-0.08862566001902471,85764.534670489,74883.31616007442,97101.25890267151
1.6,1.6x,RoundRobin,12,268.3,300 kVA,constant (spawn x 8/ports),100,0.9583823472504156,0.9531239195277056,0.9631039750880981,0.9684508716895753,0.9654605249087888,0.9713281060491098,0.14939090049716872,0.13753656540876286,0.1614838045903674,0.4483819638219591,0.4388319864033785,0.45760354102737116,0.2737294080378308,0.0,0.7354149779346898,823.5657484806512,798.6720112752946,848.5797954873148,481158.817543713,466614.9378594612,495772.9868458155,59.11,57.93,60.28,249.071777833624,216.1996392874702,282.4973849802926,278.60377833738704,268.3,2,2,50,False,True,True,False,-0.10405435671775164,-0.11956290492322605,-0.08862566001902471,85764.534670489,74883.31616007442,97101.25890267151
1.6,1.6x,RoundRobin,12,357.8,400 kVA,constant (spawn x 8/ports),100,0.9583823472504156,0.9531239195277056,0.9631039750880981,0.9684508716895753,0.9654605249087888,0.9713281060491098,0.14939090049716872,0.13753656540876286,0.1614838045903674,0.4483819638219591,0.4388319864033785,0.45760354102737116,0.0,0.0,0.0,823.5657484806512,798.6720112752946,848.5797954873148,481158.817543713,466614.9378594612,495772.9868458155,59.11,57.93,60.28,249.071777833624,216.1996392874702,282.4973849802926,278.60377833738704,357.8,0,0,50,False,True,False,False,-0.10405435671775164,-0.11956290492322605,-0.08862566001902471,85764.534670489,74883.31616007442,97101.25890267151
1.6,1.6x,RoundRobin,14,100.0,reference 100 kW unit (111.9 kVA at pf 0.894; 112.5 kVA class),constant (spawn x 8/ports),100,0.9699477525289845,0.9667093113225342,0.9730027532033436,0.9709359826004546,0.9679954213681847,0.9737513115131923,0.13083703061767393,0.11933624669608807,0.14296349318114138,0.4114710251276275,0.40080661641383897,0.42230710469252475,271.27089834798596,239.72994131360613,305.02855289215927,877.4331758257898,850.4048700081997,904.4465840559545,512630.24249469576,496839.2656462856,528412.5155989749,62.32,61.1,63.51,233.48617131189238,209.43718977395096,279.5531808916402,261.17021399540533,100.0,100,50,50,False,False,True,False,-0.12260822659724642,-0.13836786056203887,-0.106420279238811,117235.9596214718,104150.28330634504,130404.50869650886
1.6,1.6x,RoundRobin,14,134.2,150 kVA,constant (spawn x 8/ports),100,0.9699477525289845,0.9667093113225342,0.9730027532033436,0.9709359826004546,0.9679954213681847,0.9737513115131923,0.13083703061767393,0.11933624669608807,0.14296349318114138,0.4114710251276275,0.40080661641383897,0.42230710469252475,82.19795990917882,67.66681207065574,98.58394311544268,877.4331758257898,850.4048700081997,904.4465840559545,512630.24249469576,496839.2656462856,528412.5155989749,62.32,61.1,63.51,233.48617131189238,209.43718977395096,279.5531808916402,261.17021399540533,134.2,87,49,50,False,False,True,False,-0.12260822659724642,-0.13836786056203887,-0.106420279238811,117235.9596214718,104150.28330634504,130404.50869650886
1.6,1.6x,RoundRobin,14,201.2,225 kVA,constant (spawn x 8/ports),100,0.9699477525289845,0.9667093113225342,0.9730027532033436,0.9709359826004546,0.9679954213681847,0.9737513115131923,0.13083703061767393,0.11933624669608807,0.14296349318114138,0.4114710251276275,0.40080661641383897,0.42230710469252475,3.5229410945037865,0.8694121301745804,7.044957497385709,877.4331758257898,850.4048700081997,904.4465840559545,512630.24249469576,496839.2656462856,528412.5155989749,62.32,61.1,63.51,233.48617131189238,209.43718977395096,279.5531808916402,261.17021399540533,201.2,15,13,50,False,False,True,False,-0.12260822659724642,-0.13836786056203887,-0.106420279238811,117235.9596214718,104150.28330634504,130404.50869650886
1.6,1.6x,RoundRobin,14,268.3,300 kVA,constant (spawn x 8/ports),100,0.9699477525289845,0.9667093113225342,0.9730027532033436,0.9709359826004546,0.9679954213681847,0.9737513115131923,0.13083703061767393,0.11933624669608807,0.14296349318114138,0.4114710251276275,0.40080661641383897,0.42230710469252475,0.3431531628991826,0.0,1.0294594886975477,877.4331758257898,850.4048700081997,904.4465840559545,512630.24249469576,496839.2656462856,528412.5155989749,62.32,61.1,63.51,233.48617131189238,209.43718977395096,279.5531808916402,261.17021399540533,268.3,1,1,50,False,False,True,False,-0.12260822659724642,-0.13836786056203887,-0.106420279238811,117235.9596214718,104150.28330634504,130404.50869650886
1.6,1.6x,RoundRobin,14,357.8,400 kVA,constant (spawn x 8/ports),100,0.9699477525289845,0.9667093113225342,0.9730027532033436,0.9709359826004546,0.9679954213681847,0.9737513115131923,0.13083703061767393,0.11933624669608807,0.14296349318114138,0.4114710251276275,0.40080661641383897,0.42230710469252475,0.0,0.0,0.0,877.4331758257898,850.4048700081997,904.4465840559545,512630.24249469576,496839.2656462856,528412.5155989749,62.32,61.1,63.51,233.48617131189238,209.43718977395096,279.5531808916402,261.17021399540533,357.8,0,0,50,False,False,False,True,-0.12260822659724642,-0.13836786056203887,-0.106420279238811,117235.9596214718,104150.28330634504,130404.50869650886
1.6,1.6x,RoundRobin,16,100.0,reference 100 kW unit (111.9 kVA at pf 0.894; 112.5 kVA class),constant (spawn x 8/ports),100,0.9724769266844493,0.9693161886591773,0.9754935741669658,0.9728904742807888,0.9698527669374076,0.9757844652228506,0.1209241962210102,0.10942021421928845,0.13285812104318082,0.37974873251047647,0.36796724381145157,0.3918110648733565,333.67138155989153,288.8333837124377,380.152558624358,935.5432416964857,905.0994241418197,966.0127145549213,546580.3802138923,528793.9299114806,564381.8193324957,65.18,63.86,66.49,264.8063196901846,232.18425303193456,310.61095273540917,296.2039370136293,100.0,100,50,50,False,False,True,False,-0.13252106099391017,-0.15074155534413317,-0.11431268246789605,151186.09734066832,134285.60619426236,167515.10821003228
1.6,1.6x,RoundRobin,16,134.2,150 kVA,constant (spawn x 8/ports),100,0.9724769266844493,0.9693161886591773,0.9754935741669658,0.9728904742807888,0.9698527669374076,0.9757844652228506,0.1209241962210102,0.10942021421928845,0.13285812104318082,0.37974873251047647,0.36796724381145157,0.3918110648733565,114.86082270655925,91.71074994922043,139.45287193922576,935.5432416964857,905.0994241418197,966.0127145549213,546580.3802138923,528793.9299114806,564381.8193324957,65.18,63.86,66.49,264.8063196901846,232.18425303193456,310.61095273540917,296.2039370136293,134.2,94,50,50,False,False,True,False,-0.13252106099391017,-0.15074155534413317,-0.11431268246789605,151186.09734066832,134285.60619426236,167515.10821003228
1.6,1.6x,RoundRobin,16,201.2,225 kVA,constant (spawn x 8/ports),100,0.9724769266844493,0.9693161886591773,0.9754935741669658,0.9728904742807888,0.9698527669374076,0.9757844652228506,0.1209241962210102,0.10942021421928845,0.13285812104318082,0.37974873251047647,0.36796724381145157,0.3918110648733565,9.151305895668466,4.513036464833453,14.820004106842477,935.5432416964857,905.0994241418197,966.0127145549213,546580.3802138923,528793.9299114806,564381.8193324957,65.18,63.86,66.49,264.8063196901846,232.18425303193456,310.61095273540917,296.2039370136293,201.2,30,23,50,False,False,True,False,-0.13252106099391017,-0.15074155534413317,-0.11431268246789605,151186.09734066832,134285.60619426236,167515.10821003228
1.6,1.6x,RoundRobin,16,268.3,300 kVA,constant (spawn x 8/ports),100,0.9724769266844493,0.9693161886591773,0.9754935741669658,0.9728904742807888,0.9698527669374076,0.9757844652228506,0.1209241962210102,0.10942021421928845,0.13285812104318082,0.37974873251047647,0.36796724381145157,0.3918110648733565,0.918030675135858,0.0,2.244690845427279,935.5432416964857,905.0994241418197,966.0127145549213,546580.3802138923,528793.9299114806,564381.8193324957,65.18,63.86,66.49,264.8063196901846,232.18425303193456,310.61095273540917,296.2039370136293,268.3,3,3,50,False,False,True,False,-0.13252106099391017,-0.15074155534413317,-0.11431268246789605,151186.09734066832,134285.60619426236,167515.10821003228
1.6,1.6x,RoundRobin,16,357.8,400 kVA,constant (spawn x 8/ports),100,0.9724769266844493,0.9693161886591773,0.9754935741669658,0.9728904742807888,0.9698527669374076,0.9757844652228506,0.1209241962210102,0.10942021421928845,0.13285812104318082,0.37974873251047647,0.36796724381145157,0.3918110648733565,0.0,0.0,0.0,935.5432416964857,905.0994241418197,966.0127145549213,546580.3802138923,528793.9299114806,564381.8193324957,65.18,63.86,66.49,264.8063196901846,232.18425303193456,310.61095273540917,296.2039370136293,357.8,0,0,50,False,False,False,True,-0.13252106099391017,-0.15074155534413317,-0.11431268246789605,151186.09734066832,134285.60619426236,167515.10821003228
1.6,1.6x,RoundRobin_TransformerCapped,8,100.0,reference 100 kW unit (111.9 kVA at pf 0.894; 112.5 kVA class),reference (8 ports),100,0.8861097316292844,0.8715599558252268,0.8998990212742837,0.9891808964582044,0.9877796117604617,0.9904718241172891,0.14186435116931226,0.12746692494413747,0.15692564601529713,0.483042697600592,0.47356370010317045,0.492350929208462,0.0,0.0,0.0,775.8549285333849,758.843730159227,793.2333184542105,453284.319663952,443345.7226426317,463437.44412371033,50.3,49.35,51.25,99.89981312549872,99.89981312549872,99.89981312549874,111.7447574110724,100.0,0,0,50,True,True,False,False,0.0,0.0,0.0,0.0,0.0,0.0
1.6,1.6x,RoundRobin_TransformerCapped,8,134.2,150 kVA,reference (8 ports),100,0.8928402950524752,0.8785069605048345,0.9064379792106307,0.9967637945011337,0.9960191026785714,0.9974464654177295,0.1123710718479387,0.09901467769065751,0.1262567260355885,0.4651047114357955,0.45579480654535776,0.4740874830334805,0.0,0.0,0.0,803.0681561848652,784.9190115074895,821.3938780214579,469183.33496721124,458579.90590461844,479889.9272044394,50.3,49.35,51.25,134.06572081215688,134.06572081215685,134.06572081215688,149.96165638943722,134.2,0,0,50,True,False,False,False,-0.029493279321373578,-0.033174693502631254,-0.026086956718543032,15899.015303259415,13879.242690164532,18090.55962044174
1.6,1.6x,RoundRobin_TransformerCapped,8,201.2,225 kVA,reference (8 ports),100,0.8944636578750775,0.8801943007151553,0.9080113963535992,0.9985891033871881,0.9981572003082483,0.9989772219901503,0.10515650165513463,0.09202312598202103,0.11897676512264141,0.46070770519501864,0.4513038922201209,0.4697011438386442,0.0,0.0,0.0,809.893276146006,790.9437167689694,828.9937663854839,473170.8328156283,462099.7706695276,484330.07458240574,50.3,49.35,51.25,199.53225303193463,199.53225303193463,200.99881509171934,223.1904396330365,201.2,0,0,50,True,False,False,False,-0.03670784951417765,-0.04134976896216953,-0.032200006634972696,19886.513151676347,17230.89625346607,22680.95440021474
1.6,1.6x,RoundRobin_TransformerCapped,8,268.3,300 kVA,reference (8 ports),100,0.8946179453670902,0.8803593387153944,0.908162479298754,0.998769452026644,0.9983821644044075,0.9991219502657311,0.10456130138047719,0.09156118839022256,0.11822627424468014,0.4603168256229329,0.4508674384238076,0.46943275989171646,0.0,0.0,0.0,810.4751644689939,791.4589467838335,829.6556451112949,473510.79437661835,462400.78788056684,484716.76961635536,50.3,49.35,51.25,231.64573156163243,210.82407600813406,235.82036918545748,259.11155655663583,268.3,0,0,50,True,False,False,False,-0.03730304978883507,-0.0418927493144878,-0.032778943873475554,20226.47471266643,17543.921191862948,23018.925889133458
1.6,1.6x,RoundRobin_TransformerCapped,8,357.8,400 kVA,reference (8 ports),100,0.8946179453670902,0.8803593387153944,0.908162479298754,0.998769452026644,0.9983821644044075,0.9991219502657311,0.10456105643367934,0.0915609518479169,0.11822602842365712,0.4603166754536916,0.45086727553194267,0.4694326145657352,0.0,0.0,0.0,810.475400876915,791.4593560650471,829.6558829967656,473510.93249522767,462401.0269984091,484716.9085982059,50.3,49.35,51.25,234.0428976327608,210.82407600813406,240.70592534743017,261.79295037221567,357.8,0,0,50,True,False,False,False,-0.03730329473563294,-0.04189303791109193,-0.03277907184867614,20226.6128312757,17544.125780052935,23019.097674153738
1.6,1.6x,RoundRobin_TransformerCapped,10,100.0,reference 100 kW unit (111.9 kVA at pf 0.894; 112.5 kVA class),constant (spawn x 8/ports),100,0.9578927512565761,0.9506581379321358,0.964254900422032,0.9849384971088436,0.9830371434736395,0.9867451701318027,0.08970498120347367,0.08094522083692539,0.09882445034528588,0.4410470997963323,0.43111795477466014,0.45039387372924305,0.0,0.0,0.0,828.3448634911242,812.343194683786,844.5940733181014,483950.9605287592,474602.169547263,493444.3745042576,54.83,53.94,55.72,99.89981312549872,99.89981312549872,99.89981312549874,111.7447574110724,100.0,0,0,50,False,False,False,True,-0.052159369965838615,-0.06458953564946666,-0.039630598961167406,30666.6408648073,22007.93430005037,39400.39018183082
1.6,1.6x,RoundRobin_TransformerCapped,10,134.2,150 kVA,constant (spawn x 8/ports),100,0.9683276818436966,0.9611149806423032,0.9745412093809962,0.9956744896258501,0.9947554764002268,0.9965254590901359,0.044720694633328895,0.037886193596145194,0.05217652428582314,0.4133454541977518,0.40350220238048906,0.42263932633718193,0.0,0.0,0.0,869.7760725562516,852.7157131674161,887.4084926644136,508156.6679661557,498189.34918736137,518458.206641518,54.83,53.94,55.72,134.06572081215688,134.06572081215685,134.06572081215688,149.96165638943722,134.2,0,0,50,False,False,False,True,-0.09714365653598339,-0.10918435412126895,-0.08524974051476072,54872.348302203696,45123.617330581896,64781.25856979456
1.6,1.6x,RoundRobin_TransformerCapped,10,201.2,225 kVA,constant (spawn x 8/ports),100,0.9710190245999459,0.9637811454073504,0.9771536279240233,0.9984397823129253,0.9980217314895125,0.9988274117035146,0.033265968616790584,0.027337618317894,0.04030866274770044,0.406259144416921,0.396318439674546,0.4156976111936592,0.0,0.0,0.0,880.4458260438031,862.4934872551086,898.7362473168749,514390.3487390924,503901.9012536939,525076.3170280402,54.83,53.94,55.72,200.33886216481622,199.53225303193463,200.99881509171934,224.09268698525304,201.2,0,0,50,False,False,False,True,-0.10859838255252169,-0.12105037445337499,-0.0964216186682178,61106.02907514049,50822.34414014812,71404.75753541676
1.6,1.6x,RoundRobin_TransformerCapped,10,268.3,300 kVA,constant (spawn x 8/ports),100,0.9712955260643871,0.9640732465869283,0.9773981620833411,0.9987277675736961,0.9983647875779479,0.9990648706944444,0.03208509760799866,0.02628208840994521,0.038971086814853347,0.40553136579889276,0.3956200427351845,0.41496900914375684,0.0,0.0,0.0,881.5952413228276,863.4085153553681,900.1009553801999,515061.88139758684,504436.49589844735,525873.6320198951,54.83,53.94,55.72,225.05154898183048,210.52918977395097,258.19331628991824,251.73551340249495,268.3,0,0,50,False,False,False,True,-0.10977925356131361,-0.1223512478749277,-0.09751900653916398,61777.56173363484,51579.424961025994,72153.23856225006
1.6,1.6x,RoundRobin_TransformerCapped,10,357.8,400 kVA,constant (spawn x 8/ports),100,0.971307188016722,0.9640874282921942,0.977410635065684,0.9987398032879818,0.9983769092403626,0.9990745534155329,0.03201761581401096,0.0261604201468259,0.03890797440854629,0.4054890792781608,0.39557685370598267,0.4149220890881384,0.0,0.0,0.0,881.6631732406504,863.4194831126877,900.2288202436796,515101.56983935763,504442.9036845321,525948.3355959371,54.83,53.94,55.72,237.62518977395092,212.32612651596736,258.19331628991824,265.79998856146636,357.8,0,0,50,False,False,False,True,-0.10984673535530129,-0.12244210407400964,-0.0975759373162223,61817.2501754057,51604.7571895357,72202.26463627211
1.6,1.6x,RoundRobin_TransformerCapped,12,100.0,reference 100 kW unit (111.9 kVA at pf 0.894; 112.5 kVA class),constant (spawn x 8/ports),100,0.9706321497165827,0.9654575725523702,0.9752190255707547,0.9808144811980348,0.9786205972753687,0.9828698641369046,0.09205250618044157,0.08294815674394422,0.10162391852808488,0.41081929881159013,0.4005799845257788,0.42120647698593794,0.0,0.0,0.0,876.5022493280406,858.4960123364623,894.2735596178044,512086.3593940405,501566.4225034363,522469.04306076665,59.11,57.93,60.28,99.89981312549872,99.89981312549872,99.89981312549872,111.7447574110724,100.0,0,0,50,False,False,False,True,-0.049811844988870674,-0.0645582993832987,-0.03499294597003638,58802.03973008861,49970.38992167061,67636.29696256745
1.6,1.6x,RoundRobin_TransformerCapped,12,134.2,150 kVA,constant (spawn x 8/ports),100,0.983075300312822,0.978359923429744,0.9871879880820695,0.9934068223261526,0.9922713999622071,0.9944649645030234,0.038401861597785726,0.032104278498336615,0.04496866400399516,0.37593449672914075,0.36585557089455795,0.38605151071165417,0.0,0.0,0.0,929.1011399031123,909.0130043693554,949.0940502055313,542816.6563252845,531080.3941532456,554497.2842510043,59.11,57.93,60.28,134.06572081215688,134.06572081215685,134.06572081215688,149.96165638943722,134.2,0,0,50,False,False,False,True,-0.10346248957152655,-0.1171402477568604,-0.0899240283010427,89532.3366613326,79740.4775380385,99370.23865031291
1.6,1.6x,RoundRobin_TransformerCapped,12,201.2,225 kVA,constant (spawn x 8/ports),100,0.9873175923744827,0.9828326010394964,0.9910944569539606,0.9977042150415721,0.9971143390636809,0.998244673268613,0.020249094751196243,0.015907783585044927,0.025031935316767902,0.3641351695698891,0.35438261821484257,0.37379329343873796,0.0,0.0,0.0,947.1016752364985,925.5536440882821,968.629620160204,553333.2620876592,540744.0726916718,565910.7163379674,59.11,57.93,60.28,200.99881509171934,200.99881509171934,200.99881509171934,224.8308893643393,201.2,0,0,50,False,False,False,True,-0.12161525641811605,-0.13564365381331794,-0.10801230931376113,100048.94242370714,89509.58106448506,110635.16430762445
1.6,1.6x,RoundRobin_TransformerCapped,12,268.3,300 kVA,constant (spawn x 8/ports),100,0.9881337555632538,0.983629266061772,0.9919206959362378,0.9985305078420257,0.9980747386526834,0.9989401890707671,0.016971863908285104,0.012852057965462139,0.02164855533473089,0.3620331138848609,0.35237041494429466,0.3715343161391202,0.0,0.0,0.0,950.4414393705374,928.5501258852489,972.5451441608459,555284.4808756837,542494.7327220091,568198.3162068164,59.11,57.93,60.28,256.1329715961345,248.5922530319346,267.61302034464336,286.5022053648037,268.3,0,0,50,False,False,False,True,-0.12489248726102721,-0.13903298786716828,-0.11122790476875961,102000.16121173179,91332.93076900468,112738.70906579737
1.6,1.6x,RoundRobin_TransformerCapped,12,357.8,400 kVA,constant (spawn x 8/ports),100,0.9881802634392873,0.9836970252990919,0.9919475455722657,0.9985780571617536,0.9981212754180838,0.9989911682445201,0.016738881247003897,0.01269669509637853,0.021307494377033682,0.36188120588952266,0.3522464051678739,0.371343917051181,0.0,0.0,0.0,950.6910928047205,928.6912431828708,972.8871540259007,555430.3380235909,542577.1788802957,568398.1315373613,59.11,57.93,60.28,283.9526611367638,249.35993782382565,298.82227049153414,317.6204263274763,357.8,0,0,50,False,False,False,True,-0.1251254699223084,-0.13925958564603697,-0.11144181775804782,102146.01835963887,91442.98658574869,112884.37709389636
1.6,1.6x,RoundRobin_TransformerCapped,14,100.0,reference 100 kW unit (111.9 kVA at pf 0.894; 112.5 kVA class),constant (spawn x 8/ports),100,0.9766925849992909,0.9742149499446797,0.978992553344103,0.9776833923884729,0.9755991080032062,0.9796302226690038,0.09685275850353221,0.08913786965106643,0.10466455430613532,0.38841276934297886,0.37883606520378843,0.3976642209721978,0.0,0.0,0.0,908.6235210733969,890.704416345907,926.7743476755707,530852.8430166398,520383.81214930833,541457.2547244538,62.32,61.1,63.51,99.89981312549872,99.89981312549872,99.89981312549874,111.7447574110724,100.0,0,0,50,False,False,False,True,-0.04501159266578006,-0.06018631507382967,-0.030076634016898154,77568.52335268789,67478.61563373603,87556.9412873428
1.6,1.6x,RoundRobin_TransformerCapped,14,134.2,150 kVA,constant (spawn x 8/ports),100,0.9917299542401105,0.9901211142562921,0.9931646376561513,0.9927428417947922,0.9915642327500976,0.9938402751551171,0.03236832049690153,0.027808042263245195,0.03717922087423375,0.3446367468145086,0.33515413479386635,0.35390787463680434,0.0,0.0,0.0,974.5807495211548,953.011223352055,996.5005096623122,569387.5952291152,556785.8476143697,582193.9630143449,62.32,61.1,63.51,134.06572081215688,134.06572081215685,134.06572081215688,149.96165638943722,134.2,0,0,50,False,False,False,True,-0.10949603067241076,-0.1242063403639408,-0.09502490573184992,116103.27556516336,104873.54376243174,127382.34438936312
1.6,1.6x,RoundRobin_TransformerCapped,14,201.2,225 kVA,constant (spawn x 8/ports),100,0.9968213781236706,0.9955695659478184,0.9978342561022453,0.9978382480843987,0.9972680019282165,0.9983614045560945,0.01099025027363419,0.008551203050544985,0.013593565564299269,0.3300989983985784,0.32076303892587366,0.33939406308071207,0.0,0.0,0.0,996.8187821618652,973.5115679882907,1020.5809188447809,582379.910062075,568762.9382141271,596262.6651544966,62.32,61.1,63.51,200.99881509171934,199.53225303193463,200.99881509171934,224.8308893643393,201.2,0,0,50,False,False,False,True,-0.1308741008956781,-0.14582737223597067,-0.1164910102538822,129095.59039812296,117152.52940913403,141152.02132330765
1.6,1.6x,RoundRobin_TransformerCapped,14,268.3,300 kVA,constant (spawn x 8/ports),100,0.9973996516788382,0.9962005517926305,0.9983577540200991,0.9984175749794423,0.997944783337071,0.9988568809962997,0.008403253448341535,0.006364102534751571,0.010592447297067308,0.3283118597068237,0.3188057587464814,0.33772544443518293,0.0,0.0,0.0,999.56132429754,975.8499634405781,1023.581060810122,583982.2087656085,570129.1188655783,598015.4635961147,62.32,61.1,63.51,244.30862875136899,239.107377534336,255.11331628991826,273.2758710865425,268.3,0,0,50,False,False,False,True,-0.13346109772097076,-0.1485365432476276,-0.11894604519394851,130697.88910165644,118639.02446063422,142937.78967704714
1.6,1.6x,RoundRobin_TransformerCapped,14,357.8,400 kVA,constant (spawn x 8/ports),100,0.9974743436127546,0.9962720167396868,0.9984258237835777,0.9984922669133587,0.9980244111637513,0.9989222399127233,0.008017976845374083,0.00600608495378882,0.010154281037295246,0.3280485799561831,0.31853932834343496,0.3375157036048461,0.0,0.0,0.0,1000.0065732485366,976.1169120414479,1024.2013618932476,584242.3403448651,570285.0805157276,598377.8673704682,62.32,61.1,63.51,272.4895142517826,247.00515122023816,292.67732771092886,304.7981143755958,357.8,0,0,50,False,False,False,True,-0.1338463743239382,-0.14879820448277525,-0.11933423691376412,130958.02068091319,118849.42502869564,143259.00543293747
1.6,1.6x,RoundRobin_TransformerCapped,16,100.0,reference 100 kW unit (111.9 kVA at pf 0.894; 112.5 kVA class),constant (spawn x 8/ports),100,0.9740091433282683,0.9714061935792817,0.9765893616018203,0.974425098885658,0.9718504552213973,0.9769513363826433,0.10882155011661002,0.09903484125372483,0.1185650348632869,0.37151269821415867,0.3617940666905983,0.38145874316299755,0.0,0.0,0.0,944.2512831768099,924.0063666079615,964.6117433937735,551667.9533062946,539840.0936174855,563563.3180427632,65.18,63.86,66.49,99.89981312549874,99.89981312549872,99.89981312549874,111.74475741107241,100.0,0,0,50,False,False,False,True,-0.03304280105270226,-0.049117280357748296,-0.016517222223933897,98383.63364234267,84824.55871632794,111061.11688537996
1.6,1.6x,RoundRobin_TransformerCapped,16,134.2,150 kVA,constant (spawn x 8/ports),100,0.9907096557411502,0.9891387752626032,0.9921942790946259,0.9911322564607714,0.9897173773722264,0.9925216611451277,0.037400391248826395,0.03205072256109968,0.04283937932449141,0.3209777993109112,0.3114549247179785,0.33069455819408433,0.0,0.0,0.0,1021.4616953248025,996.9330995670497,1046.0082585588523,596777.2486840197,582446.698691404,611118.2959680364,65.18,63.86,66.49,134.06572081215688,134.06572081215688,134.06572081215688,149.96165638943722,134.2,0,0,50,False,False,False,True,-0.10446395992048588,-0.11970516489659024,-0.08947529379580191,143492.9290200677,128429.83136141137,157983.98025032296
1.6,1.6x,RoundRobin_TransformerCapped,16,201.2,225 kVA,constant (spawn x 8/ports),100,0.9967766753112077,0.9957546376060655,0.997655311764831,0.9972021820365646,0.9965084956802723,0.9978589116284013,0.0123386057883065,0.009667594707143796,0.015138515878188753,0.30328597971263094,0.2941106624183932,0.31268096717248056,0.0,0.0,0.0,1048.9527118619753,1022.1763931352253,1076.0052109334038,612838.5589491728,597194.8026607343,628643.6704279155,65.18,63.86,66.49,200.99881509171934,200.99881509171934,200.99881509171934,224.8308893643393,201.2,0,0,50,False,False,False,True,-0.1295257453810058,-0.14516141189106888,-0.11459618083621272,159554.23928522083,143744.4731678069,174760.32411191246
1.6,1.6x,RoundRobin_TransformerCapped,16,268.3,300 kVA,constant (spawn x 8/ports),100,0.9980172499714887,0.9971388913121123,0.9987430329853817,0.9984440980017006,0.997908473123937,0.998916871673044,0.007442177290986351,0.005432799413564073,0.009629498726901211,0.2998135576623117,0.2906256111868071,0.3092218772982098,0.0,0.0,0.0,1054.4165813056054,1027.1174946840104,1082.1067444906364,616030.761837115,600081.5844179442,632208.4212410926,65.18,63.86,66.49,260.10837275897075,252.1744424520298,266.50773066384187,290.9489628176407,268.3,0,0,50,False,False,False,True,-0.13442217387832595,-0.14993555710476372,-0.11961897145912219,162746.44217316303,146457.7787897907,178437.76304273412
1.6,1.6x,RoundRobin_TransformerCapped,16,357.8,400 kVA,constant (spawn x 8/ports),100,0.9980812230794817,0.9972016106636716,0.998807409813613,0.9985080711096939,0.9979850641873936,0.9989678920705782,0.007118808835178042,0.00518119727765258,0.009241197019718707,0.2995846060876476,0.2903895461300965,0.3089814481091262,0.0,0.0,0.0,1054.8116884612593,1027.383191558284,1082.7361413584092,616261.5986490735,600236.8147612246,632576.1391230251,65.18,63.86,66.49,294.47556602895605,264.6451314223402,301.79301520712903,329.3910134552081,357.8,0,0,50,False,False,False,True,-0.13474554233413424,-0.1501374526384467,-0.11996828609324782,162977.27898512155,146624.96966933127,178667.13304466498
