run_id,timestamp_utc,git_commit,config_name,n_ports,transformer_kw,oversubscription_ratio,algorithm,algorithm_family,seed,eval_day,sim_steps,runtime_s,notes,total_ev_served,total_profits,total_energy_charged,total_energy_discharged,average_user_satisfaction,power_tracker_violation,tracking_error,energy_tracking_error,energy_user_satisfaction,std_energy_user_satisfaction,min_energy_user_satisfaction,total_steps_min_emergency_battery_capacity_violation,total_transformer_overload,battery_degradation,battery_degradation_calendar,battery_degradation_cycling,total_reward,saved_grid_energy,voltage_violation,voltage_violation_counter
station_v0_bogota__ChargeAsFastAsPossible__seed42__week1ref,,05317b75b2c199f567445246f7dae09fb7632907,station_v0_bogota,8,100,4.0,ChargeAsFastAsPossible,heuristic,42,2022-01-17,96,,week1_reference_day,14,-56.91714903562084,240.9268738178905,,1.0,,,,,,,,0.13234199082138787,,,,,,,
station_v0_bogota__RoundRobin__seed42__week1ref,,05317b75b2c199f567445246f7dae09fb7632907,station_v0_bogota,8,100,4.0,RoundRobin,heuristic,42,2022-01-17,96,,week1_reference_day,14,-49.74138949066602,240.80652307334796,,1.0,,,,,,,,0.0,,,,,,,
station_v0_bogota__ChargeAsFastAsPossible__seed0__2022-01-17,2026-08-12T05:24:26.875232,05317b75b2c199f567445246f7dae09fb7632907,station_v0_bogota,8,100,4.0,ChargeAsFastAsPossible,heuristic,0,2022-01-17,96,5.0408,,14,-53.19652599733461,214.4048646260611,0,1.0,529.3013324680495,72374.24496713899,414.3577730023937,100.0,0.0,100.0,0,37.322524410576406,0.0004930151679125118,0.00022175417959997905,0.00027126098831253267,-37778.41983737414,0,0,0
station_v0_bogota__ChargeAsFastAsPossible__seed0__2022-02-14,2026-08-12T05:24:31.771011,05317b75b2c199f567445246f7dae09fb7632907,station_v0_bogota,8,100,4.0,ChargeAsFastAsPossible,heuristic,0,2022-02-14,96,4.8618,,14,-44.22352763022712,214.4048646260611,0,1.0,507.5417901377112,72198.48672494813,406.4110964046998,100.0,0.0,100.0,0,37.322524410576406,0.0004930151679125118,0.00022175417959997905,0.00027126098831253267,-38925.88414017652,0,0,0
station_v0_bogota__ChargeAsFastAsPossible__seed0__2022-03-05,2026-08-12T05:24:36.625534,05317b75b2c199f567445246f7dae09fb7632907,station_v0_bogota,8,100,4.0,ChargeAsFastAsPossible,heuristic,0,2022-03-05,96,4.8191,,14,-63.20716315270391,201.79939566249266,0,1.0,460.7127466296021,63868.866105670306,384.5396543696053,100.0,0.0,100.0,0,10.643063257983684,0.00046138504532386307,0.0002084798561739833,0.0002529051891498797,-28638.93816314427,0,0,0
station_v0_bogota__ChargeAsFastAsPossible__seed0__2022-04-06,2026-08-12T05:24:41.558825,05317b75b2c199f567445246f7dae09fb7632907,station_v0_bogota,8,100,4.0,ChargeAsFastAsPossible,heuristic,0,2022-04-06,96,4.8962,,14,-43.58766599972649,214.4048646260611,0,1.0,515.5625859436817,69393.94682509848,402.54751319869285,100.0,0.0,100.0,0,37.322524410576406,0.0004930151679125118,0.00022175417959997905,0.00027126098831253267,-38615.654775674324,0,0,0
station_v0_bogota__ChargeAsFastAsPossible__seed0__2022-05-21,2026-08-12T05:24:46.382837,05317b75b2c199f567445246f7dae09fb7632907,station_v0_bogota,8,100,4.0,ChargeAsFastAsPossible,heuristic,0,2022-05-21,96,4.7897,,14,-25.89040944216613,201.79939566249266,0,1.0,494.83604509476544,70291.81344060882,401.21005566568755,100.0,0.0,100.0,0,10.643063257983684,0.00046138504532386307,0.0002084798561739833,0.0002529051891498797,-32709.636170331854,0,0,0
station_v0_bogota__ChargeAsFastAsPossible__seed0__2022-06-15,2026-08-12T05:24:51.104869,05317b75b2c199f567445246f7dae09fb7632907,station_v0_bogota,8,100,4.0,ChargeAsFastAsPossible,heuristic,0,2022-06-15,96,4.6974,,14,-46.282293333226434,214.4048646260611,0,1.0,512.0095363164147,70786.49381636243,404.7960074724417,100.0,0.0,100.0,0,37.322524410576406,0.0004930151679125118,0.00022175417959997905,0.00027126098831253267,-38699.650016683016,0,0,0
station_v0_bogota__ChargeAsFastAsPossible__seed0__2022-07-10,2026-08-12T05:24:55.817092,05317b75b2c199f567445246f7dae09fb7632907,station_v0_bogota,8,100,4.0,ChargeAsFastAsPossible,heuristic,0,2022-07-10,96,4.6717,,14,-35.003367231233625,201.79939566249266,0,1.0,462.2654718963034,62344.09685857806,385.66991106400224,100.0,0.0,100.0,0,10.643063257983684,0.00046138504532386307,0.0002084798561739833,0.0002529051891498797,-28223.970871671456,0,0,0
station_v0_bogota__ChargeAsFastAsPossible__seed0__2022-08-24,2026-08-12T05:25:00.668643,05317b75b2c199f567445246f7dae09fb7632907,station_v0_bogota,8,100,4.0,ChargeAsFastAsPossible,heuristic,0,2022-08-24,96,4.8209,,14,-143.36314862928006,214.4048646260611,0,1.0,507.98117717652957,70509.96091658717,404.0458807515381,100.0,0.0,100.0,0,37.322524410576406,0.0004930151679125118,0.00022175417959997905,0.00027126098831253267,-38016.881608072756,0,0,0
station_v0_bogota__ChargeAsFastAsPossible__seed0__2022-09-17,2026-08-12T05:25:05.260498,05317b75b2c199f567445246f7dae09fb7632907,station_v0_bogota,8,100,4.0,ChargeAsFastAsPossible,heuristic,0,2022-09-17,96,4.561,,14,-20.99400085185401,201.79939566249266,0,1.0,477.3405856392184,64607.73868371895,393.7583160360778,100.0,0.0,100.0,0,10.643063257983684,0.00046138504532386307,0.0002084798561739833,0.0002529051891498797,-29496.24384134623,0,0,0
station_v0_bogota__ChargeAsFastAsPossible__seed0__2022-11-09,2026-08-12T05:25:09.742133,05317b75b2c199f567445246f7dae09fb7632907,station_v0_bogota,8,100,4.0,ChargeAsFastAsPossible,heuristic,0,2022-11-09,96,4.4427,,14,-35.829738240408574,214.4048646260611,0,1.0,513.921848487992,70533.72682474877,406.6631470022268,100.0,0.0,100.0,0,37.322524410576406,0.0004930151679125118,0.00022175417959997905,0.00027126098831253267,-37974.122149696785,0,0,0
station_v0_bogota__ChargeAsFastAsPossible__seed1__2022-01-17,2026-08-12T05:25:14.419291,05317b75b2c199f567445246f7dae09fb7632907,station_v0_bogota,8,100,4.0,ChargeAsFastAsPossible,heuristic,1,2022-01-17,96,4.6452,,14,-46.488775182559515,204.63907528623534,0,1.0,498.3927927154529,56510.71304325237,386.79939600139295,100.0,0.0,100.0,0,0.0,0.0004887923620380645,0.0002296943010718968,0.00025909806096616775,-29288.464655398744,0,0,0
station_v0_bogota__ChargeAsFastAsPossible__seed1__2022-02-14,2026-08-12T05:25:19.250747,05317b75b2c199f567445246f7dae09fb7632907,station_v0_bogota,8,100,4.0,ChargeAsFastAsPossible,heuristic,1,2022-02-14,96,4.804,,14,-40.33965743354644,204.63907528623534,0,1.0,483.8845533176585,53059.81340755184,372.5027521796106,100.0,0.0,100.0,0,0.0,0.0004887923620380645,0.0002296943010718968,0.00025909806096616775,-28169.464723099944,0,0,0
station_v0_bogota__ChargeAsFastAsPossible__seed1__2022-03-05,2026-08-12T05:25:23.872625,05317b75b2c199f567445246f7dae09fb7632907,station_v0_bogota,8,100,4.0,ChargeAsFastAsPossible,heuristic,1,2022-03-05,96,4.5879,,15,-72.0420031521816,213.4286628400754,0,1.0,461.8788201088996,59457.35950082327,389.25819749054324,100.0,0.0,100.0,0,0.0,0.0005111889214444689,0.00024303659756207238,0.00026815232388239656,-28891.975576029345,0,0,0
station_v0_bogota__ChargeAsFastAsPossible__seed1__2022-04-06,2026-08-12T05:25:28.629365,05317b75b2c199f567445246f7dae09fb7632907,station_v0_bogota,8,100,4.0,ChargeAsFastAsPossible,heuristic,1,2022-04-06,96,4.7247,,14,-40.95622894004077,204.63907528623534,0,1.0,488.76298821010573,54873.970978359495,376.2015826581946,100.0,0.0,100.0,0,0.0,0.0004887923620380645,0.0002296943010718968,0.00025909806096616775,-29001.122571843403,0,0,0
station_v0_bogota__ChargeAsFastAsPossible__seed1__2022-05-21,2026-08-12T05:25:33.444752,05317b75b2c199f567445246f7dae09fb7632907,station_v0_bogota,8,100,4.0,ChargeAsFastAsPossible,heuristic,1,2022-05-21,96,4.7941,,15,-30.931577573254533,213.4286628400754,0,1.0,471.3470415336425,62366.52755235308,392.38843342362804,100.0,0.0,100.0,0,0.0,0.0005111889214444689,0.00024303659756207238,0.00026815232388239656,-30656.427355614487,0,0,0
station_v0_bogota__ChargeAsFastAsPossible__seed1__2022-06-15,2026-08-12T05:25:38.249261,05317b75b2c199f567445246f7dae09fb7632907,station_v0_bogota,8,100,4.0,ChargeAsFastAsPossible,heuristic,1,2022-06-15,96,4.7658,,14,-44.90523666275209,204.63907528623534,0,1.0,480.6588031008256,53554.97666962165,368.6576999718923,100.0,0.0,100.0,0,0.0,0.0004887923620380645,0.0002296943010718968,0.00025909806096616775,-28366.31146845711,0,0,0
station_v0_bogota__ChargeAsFastAsPossible__seed1__2022-07-10,2026-08-12T05:25:42.783919,05317b75b2c199f567445246f7dae09fb7632907,station_v0_bogota,8,100,4.0,ChargeAsFastAsPossible,heuristic,1,2022-07-10,96,4.5057,,15,-31.806486985724938,213.4286628400754,0,1.0,428.51607967749703,54081.30163714335,372.39241518803385,100.0,0.0,100.0,0,0.0,0.0005111889214444689,0.00024303659756207238,0.00026815232388239656,-25847.032580636012,0,0,0
station_v0_bogota__ChargeAsFastAsPossible__seed1__2022-08-24,2026-08-12T05:25:47.678431,05317b75b2c199f567445246f7dae09fb7632907,station_v0_bogota,8,100,4.0,ChargeAsFastAsPossible,heuristic,1,2022-08-24,96,4.8673,,14,-134.73178112364894,204.63907528623534,0,1.0,482.2028525555545,53104.92229943902,365.23398065476835,100.0,0.0,100.0,0,0.0,0.0004887923620380645,0.0002296943010718968,0.00025909806096616775,-28460.117035063522,0,0,0
station_v0_bogota__ChargeAsFastAsPossible__seed1__2022-09-17,2026-08-12T05:25:52.406767,05317b75b2c199f567445246f7dae09fb7632907,station_v0_bogota,8,100,4.0,ChargeAsFastAsPossible,heuristic,1,2022-09-17,96,4.6937,,15,-21.433927206644604,213.4286628400754,0,1.0,454.7635327349153,55800.59183218349,383.8841492964419,100.0,0.0,100.0,0,0.0,0.0005111889214444689,0.00024303659756207238,0.00026815232388239656,-29772.319918320885,0,0,0
station_v0_bogota__ChargeAsFastAsPossible__seed1__2022-11-09,2026-08-12T05:25:57.228945,05317b75b2c199f567445246f7dae09fb7632907,station_v0_bogota,8,100,4.0,ChargeAsFastAsPossible,heuristic,1,2022-11-09,96,4.78,,14,-31.013126776957314,204.63907528623534,0,1.0,491.24308968435173,53688.641019971285,370.8616038476411,100.0,0.0,100.0,0,0.0,0.0004887923620380645,0.0002296943010718968,0.00025909806096616775,-28713.404053236663,0,0,0
station_v0_bogota__ChargeAsFastAsPossible__seed2__2022-01-17,2026-08-12T05:26:01.916326,05317b75b2c199f567445246f7dae09fb7632907,station_v0_bogota,8,100,4.0,ChargeAsFastAsPossible,heuristic,2,2022-01-17,96,4.6536,,12,-36.56793367310675,155.12533631476163,0,1.0,405.10576604856266,31729.118574281747,300.05906058474767,100.0,0.0,100.0,0,0.0,0.000387964578799605,0.00020363299099326594,0.00018433158780633904,-15250.522340060066,0,0,0
station_v0_bogota__ChargeAsFastAsPossible__seed2__2022-02-14,2026-08-12T05:26:06.818344,05317b75b2c199f567445246f7dae09fb7632907,station_v0_bogota,8,100,4.0,ChargeAsFastAsPossible,heuristic,2,2022-02-14,96,4.8697,,12,-32.15141278979525,155.12533631476163,0,1.0,405.46530946658584,32753.816821528435,302.98424237725243,100.0,0.0,100.0,0,0.0,0.000387964578799605,0.00020363299099326594,0.00018433158780633904,-15528.156344144028,0,0,0
station_v0_bogota__ChargeAsFastAsPossible__seed2__2022-03-05,2026-08-12T05:26:11.667477,05317b75b2c199f567445246f7dae09fb7632907,station_v0_bogota,8,100,4.0,ChargeAsFastAsPossible,heuristic,2,2022-03-05,96,4.8149,,14,-76.60398494656813,230.9083203294727,0,1.0,476.2052774771217,47943.11629740902,424.12066087735826,100.0,0.0,100.0,0,0.0,0.0005292416705186882,0.00023170894938757004,0.00029753272113111797,-17793.18814607864,0,0,0
station_v0_bogota__ChargeAsFastAsPossible__seed2__2022-04-06,2026-08-12T05:26:16.508861,05317b75b2c199f567445246f7dae09fb7632907,station_v0_bogota,8,100,4.0,ChargeAsFastAsPossible,heuristic,2,2022-04-06,96,4.8081,,12,-30.748866068287654,155.12533631476163,0,1.0,403.8975130661274,31575.401758868044,299.12057063096194,100.0,0.0,100.0,0,0.0,0.000387964578799605,0.00020363299099326594,0.00018433158780633904,-15428.424363674496,0,0,0
station_v0_bogota__ChargeAsFastAsPossible__seed2__2022-05-21,2026-08-12T13:54:14.124569,05317b75b2c199f567445246f7dae09fb7632907,station_v0_bogota,8,100,4.0,ChargeAsFastAsPossible,heuristic,2,2022-05-21,96,5.3466,,14,-32.911179070261,230.9083203294727,0,1.0,451.44402303618006,44718.80629513206,406.1007503659775,100.0,0.0,100.0,0,0.0,0.0005292416705186882,0.00023170894938757004,0.00029753272113111797,-19192.130507794478,0,0,0
station_v0_bogota__ChargeAsFastAsPossible__seed2__2022-06-15,2026-08-12T13:54:19.491528,05317b75b2c199f567445246f7dae09fb7632907,station_v0_bogota,8,100,4.0,ChargeAsFastAsPossible,heuristic,2,2022-06-15,96,5.3399,,12,-31.66601331584343,155.12533631476163,0,1.0,394.93973556538873,29493.387711206946,292.65798739683146,100.0,0.0,100.0,0,0.0,0.000387964578799605,0.00020363299099326594,0.00018433158780633904,-14782.316641273263,0,0,0
station_v0_bogota__ChargeAsFastAsPossible__seed2__2022-07-10,2026-08-12T13:54:24.757873,05317b75b2c199f567445246f7dae09fb7632907,station_v0_bogota,8,100,4.0,ChargeAsFastAsPossible,heuristic,2,2022-07-10,96,5.2267,,14,-52.15402853866188,230.9083203294727,0,1.0,484.02544998736954,44165.70099658411,410.38916795015825,100.0,0.0,100.0,0,0.0,0.0005292416705186882,0.00023170894938757004,0.00029753272113111797,-18833.50593795987,0,0,0
station_v0_bogota__ChargeAsFastAsPossible__seed2__2022-08-24,2026-08-12T13:54:30.381729,05317b75b2c199f567445246f7dae09fb7632907,station_v0_bogota,8,100,4.0,ChargeAsFastAsPossible,heuristic,2,2022-08-24,96,5.5865,,12,-97.45227196771668,155.12533631476163,0,1.0,397.2207497922586,30757.719670539635,296.59066863276894,100.0,0.0,100.0,0,0.0,0.000387964578799605,0.00020363299099326594,0.00018433158780633904,-15135.151824973183,0,0,0
station_v0_bogota__ChargeAsFastAsPossible__seed2__2022-09-17,2026-08-12T13:54:35.878455,05317b75b2c199f567445246f7dae09fb7632907,station_v0_bogota,8,100,4.0,ChargeAsFastAsPossible,heuristic,2,2022-09-17,96,5.4589,,14,-28.6003070152017,230.9083203294727,0,1.0,480.33637275491355,44192.62530227639,412.51860091578607,100.0,0.0,100.0,0,0.0,0.0005292416705186882,0.00023170894938757004,0.00029753272113111797,-19381.707332973438,0,0,0
station_v0_bogota__ChargeAsFastAsPossible__seed2__2022-11-09,2026-08-12T13:54:41.375780,05317b75b2c199f567445246f7dae09fb7632907,station_v0_bogota,8,100,4.0,ChargeAsFastAsPossible,heuristic,2,2022-11-09,96,5.4548,,12,-24.181984177025615,155.12533631476163,0,1.0,401.57639592158324,30945.9276618211,299.2100547897857,100.0,0.0,100.0,0,0.0,0.000387964578799605,0.00020363299099326594,0.00018433158780633904,-15349.750514934352,0,0,0
station_v0_bogota__ChargeAsFastAsPossible__seed3__2022-01-17,2026-08-12T13:54:46.742236,05317b75b2c199f567445246f7dae09fb7632907,station_v0_bogota,8,100,4.0,ChargeAsFastAsPossible,heuristic,3,2022-01-17,96,5.3247,,13,-45.95874406253624,202.5730876400914,0,1.0,518.7468613177002,52619.130666177254,419.0110520316115,100.0,0.0,100.0,0,0.0,0.0004972262165677246,0.00025041655095322385,0.00024680966561450076,-23452.309822071682,0,0,0
station_v0_bogota__ChargeAsFastAsPossible__seed3__2022-02-14,2026-08-12T13:54:52.234770,05317b75b2c199f567445246f7dae09fb7632907,station_v0_bogota,8,100,4.0,ChargeAsFastAsPossible,heuristic,3,2022-02-14,96,5.4507,,13,-41.730954452737016,202.5730876400914,0,1.0,515.6699637399848,50853.50018210028,411.9549080583971,100.0,0.0,100.0,0,0.0,0.0004972262165677246,0.00025041655095322385,0.00024680966561450076,-23299.258419497826,0,0,0
station_v0_bogota__ChargeAsFastAsPossible__seed3__2022-03-05,2026-08-12T13:54:57.462104,05317b75b2c199f567445246f7dae09fb7632907,station_v0_bogota,8,100,4.0,ChargeAsFastAsPossible,heuristic,3,2022-03-05,96,5.2053,,13,-57.70637646504876,195.6171991007634,0,1.0,436.3098766752938,45755.434267777295,355.59996054494144,100.0,0.0,100.0,0,0.0,0.00043953973958182137,0.00020319669129491822,0.00023634304828690317,-23618.549980684576,0,0,0
station_v0_bogota__ChargeAsFastAsPossible__seed3__2022-04-06,2026-08-12T13:55:02.777717,05317b75b2c199f567445246f7dae09fb7632907,station_v0_bogota,8,100,4.0,ChargeAsFastAsPossible,heuristic,3,2022-04-06,96,5.2815,,13,-39.09057922590015,202.5730876400914,0,1.0,528.5869161867217,51454.08625305129,413.72012063608383,100.0,0.0,100.0,0,0.0,0.0004972262165677246,0.00025041655095322385,0.00024680966561450076,-24047.09759760926,0,0,0
station_v0_bogota__ChargeAsFastAsPossible__seed3__2022-05-21,2026-08-12T13:55:08.141596,05317b75b2c199f567445246f7dae09fb7632907,station_v0_bogota,8,100,4.0,ChargeAsFastAsPossible,heuristic,3,2022-05-21,96,5.3181,,13,-21.141194512270552,195.6171991007634,0,1.0,446.0245512320757,49589.87834743141,364.6110037872692,100.0,0.0,100.0,0,0.0,0.00043953973958182137,0.00020319669129491822,0.00023634304828690317,-24070.95360184508,0,0,0
station_v0_bogota__ChargeAsFastAsPossible__seed3__2022-06-15,2026-08-12T13:55:15.217939,05317b75b2c199f567445246f7dae09fb7632907,station_v0_bogota,8,100,4.0,ChargeAsFastAsPossible,heuristic,3,2022-06-15,96,7.04,,13,-40.49038856568127,202.5730876400914,0,1.0,513.3308905819015,54675.779792876914,420.85343623945494,100.0,0.0,100.0,0,0.0,0.0004972262165677246,0.00025041655095322385,0.00024680966561450076,-24304.311010457906,0,0,0
station_v0_bogota__ChargeAsFastAsPossible__seed3__2022-07-10,2026-08-12T13:55:21.505485,05317b75b2c199f567445246f7dae09fb7632907,station_v0_bogota,8,100,4.0,ChargeAsFastAsPossible,heuristic,3,2022-07-10,96,6.2358,,13,-26.798395607667707,195.6171991007634,0,1.0,441.5024232505278,48461.000984217826,368.4616048106265,100.0,0.0,100.0,0,0.0,0.00043953973958182137,0.00020319669129491822,0.00023634304828690317,-23302.47413067454,0,0,0
station_v0_bogota__ChargeAsFastAsPossible__seed3__2022-08-24,2026-08-12T13:55:27.303902,05317b75b2c199f567445246f7dae09fb7632907,station_v0_bogota,8,100,4.0,ChargeAsFastAsPossible,heuristic,3,2022-08-24,96,5.7574,,13,-125.90395686958536,202.5730876400914,0,1.0,526.1985674646517,53325.263888902846,420.0538921820052,100.0,0.0,100.0,0,0.0,0.0004972262165677246,0.00025041655095322385,0.00024680966561450076,-24308.00413704224,0,0,0
station_v0_bogota__ChargeAsFastAsPossible__seed3__2022-09-17,2026-08-12T13:55:33.094700,05317b75b2c199f567445246f7dae09fb7632907,station_v0_bogota,8,100,4.0,ChargeAsFastAsPossible,heuristic,3,2022-09-17,96,5.7441,,13,-13.163660228798888,195.6171991007634,0,1.0,458.11275992588463,49564.46550090346,374.0548823029093,100.0,0.0,100.0,0,0.0,0.00043953973958182137,0.00020319669129491822,0.00023634304828690317,-24533.815203437378,0,0,0
station_v0_bogota__ChargeAsFastAsPossible__seed3__2022-11-09,2026-08-12T13:55:39.068462,05317b75b2c199f567445246f7dae09fb7632907,station_v0_bogota,8,100,4.0,ChargeAsFastAsPossible,heuristic,3,2022-11-09,96,5.9446,,13,-30.753358016420165,202.5730876400914,0,1.0,530.1229411994046,53672.989076166465,421.0848801396293,100.0,0.0,100.0,0,0.0,0.0004972262165677246,0.00025041655095322385,0.00024680966561450076,-24345.735567732914,0,0,0
station_v0_bogota__ChargeAsFastAsPossible__seed4__2022-01-17,2026-08-12T13:55:45.482747,05317b75b2c199f567445246f7dae09fb7632907,station_v0_bogota,8,100,4.0,ChargeAsFastAsPossible,heuristic,4,2022-01-17,96,6.3635,,13,-40.0782895164082,183.38350318294448,0,1.0,510.3663025450497,43390.92442511832,386.21241978636675,100.0,0.0,100.0,0,0.0,0.0004253579243206372,0.0002040984531429223,0.0002212594711777149,-22463.690667941024,0,0,0
station_v0_bogota__ChargeAsFastAsPossible__seed4__2022-02-14,2026-08-12T13:55:51.069525,05317b75b2c199f567445246f7dae09fb7632907,station_v0_bogota,8,100,4.0,ChargeAsFastAsPossible,heuristic,4,2022-02-14,96,5.5606,,13,-36.49686713497811,183.38350318294448,0,1.0,533.6394951552473,48591.40017345086,401.86353590517336,100.0,0.0,100.0,0,0.0,0.0004253579243206372,0.0002040984531429223,0.0002212594711777149,-24817.188941953496,0,0,0
station_v0_bogota__ChargeAsFastAsPossible__seed4__2022-03-05,2026-08-12T13:55:57.056283,05317b75b2c199f567445246f7dae09fb7632907,station_v0_bogota,8,100,4.0,ChargeAsFastAsPossible,heuristic,4,2022-03-05,96,5.9501,,13,-50.64283744210471,176.65524999891372,0,1.0,485.9775826091006,46272.97621789823,360.58911546850595,100.0,0.0,100.0,0,0.0,0.00039855468179317456,0.0001899783218370856,0.00020857635995608892,-26445.93596880017,0,0,0
station_v0_bogota__ChargeAsFastAsPossible__seed4__2022-04-06,2026-08-12T13:56:02.692133,05317b75b2c199f567445246f7dae09fb7632907,station_v0_bogota,8,100,4.0,ChargeAsFastAsPossible,heuristic,4,2022-04-06,96,5.5886,,13,-34.277403600940424,183.38350318294448,0,1.0,518.1380826224432,44950.579553986936,393.0390033349918,100.0,0.0,100.0,0,0.0,0.0004253579243206372,0.0002040984531429223,0.0002212594711777149,-23084.983086308763,0,0,0
station_v0_bogota__ChargeAsFastAsPossible__seed4__2022-05-21,2026-08-12T13:56:08.608664,05317b75b2c199f567445246f7dae09fb7632907,station_v0_bogota,8,100,4.0,ChargeAsFastAsPossible,heuristic,4,2022-05-21,96,5.8735,,13,-21.693656717312862,176.65524999891372,0,1.0,473.4904180187405,48906.47014426467,359.1413308434906,100.0,0.0,100.0,0,0.0,0.00039855468179317456,0.0001899783218370856,0.00020857635995608892,-27902.452396212284,0,0,0
station_v0_bogota__ChargeAsFastAsPossible__seed4__2022-06-15,2026-08-12T13:56:14.703255,05317b75b2c199f567445246f7dae09fb7632907,station_v0_bogota,8,100,4.0,ChargeAsFastAsPossible,heuristic,4,2022-06-15,96,6.0547,,13,-36.406885232438135,183.38350318294448,0,1.0,524.2962140690006,46689.90471328683,403.03144541654547,100.0,0.0,100.0,0,0.0,0.0004253579243206372,0.0002040984531429223,0.0002212594711777149,-23251.63613661962,0,0,0
station_v0_bogota__ChargeAsFastAsPossible__seed4__2022-07-10,2026-08-12T13:56:20.548204,05317b75b2c199f567445246f7dae09fb7632907,station_v0_bogota,8,100,4.0,ChargeAsFastAsPossible,heuristic,4,2022-07-10,96,5.7914,,13,-28.075624954596986,176.65524999891372,0,1.0,452.32484309092246,44243.09826624391,347.9130731489481,100.0,0.0,100.0,0,0.0,0.00039855468179317456,0.0001899783218370856,0.00020857635995608892,-24731.04568886763,0,0,0
station_v0_bogota__ChargeAsFastAsPossible__seed4__2022-08-24,2026-08-12T13:56:26.036320,05317b75b2c199f567445246f7dae09fb7632907,station_v0_bogota,8,100,4.0,ChargeAsFastAsPossible,heuristic,4,2022-08-24,96,5.4424,,13,-106.75364024736321,183.38350318294448,0,1.0,509.07324719524934,44821.24239039825,393.88639229305636,100.0,0.0,100.0,0,0.0,0.0004253579243206372,0.0002040984531429223,0.0002212594711777149,-22360.090456569742,0,0,0
station_v0_bogota__ChargeAsFastAsPossible__seed4__2022-09-17,2026-08-12T13:56:31.292475,05317b75b2c199f567445246f7dae09fb7632907,station_v0_bogota,8,100,4.0,ChargeAsFastAsPossible,heuristic,4,2022-09-17,96,5.2137,,13,-13.831030691117459,176.65524999891372,0,1.0,459.0017416184229,46431.42708230375,361.0410485849232,100.0,0.0,100.0,0,0.0,0.00039855468179317456,0.0001899783218370856,0.00020857635995608892,-25373.4137472298,0,0,0
station_v0_bogota__ChargeAsFastAsPossible__seed4__2022-11-09,2026-08-12T13:56:36.905163,05317b75b2c199f567445246f7dae09fb7632907,station_v0_bogota,8,100,4.0,ChargeAsFastAsPossible,heuristic,4,2022-11-09,96,5.5692,,13,-26.160672520040677,183.38350318294448,0,1.0,513.1198162686742,44806.80846688634,394.1919652463769,100.0,0.0,100.0,0,0.0,0.0004253579243206372,0.0002040984531429223,0.0002212594711777149,-22486.06112716115,0,0,0
station_v0_bogota__RoundRobin__seed0__2022-01-17,2026-08-12T13:56:42.225377,05317b75b2c199f567445246f7dae09fb7632907,station_v0_bogota,8,100,4.0,RoundRobin,heuristic,0,2022-01-17,96,5.2778,,14,-46.37088218763661,214.3110811776853,0,1.0,0.0022357800987133913,14477.215770916238,149.80200810679398,100.0,0.0,100.0,0,0.0,0.0004650961121660472,0.00021341692928835714,0.0002516791828776901,-6610.00061761694,0,0,0
station_v0_bogota__RoundRobin__seed0__2022-02-14,2026-08-12T13:56:47.549807,05317b75b2c199f567445246f7dae09fb7632907,station_v0_bogota,8,100,4.0,RoundRobin,heuristic,0,2022-02-14,96,5.2887,,14,-45.474991118944914,214.32442301959202,0,1.0,0.0029672761322903085,14858.081599760015,152.72212658037935,100.0,0.0,100.0,0,0.0,0.00047609126209955006,0.00021318097281360765,0.0002629102892859424,-6426.2234739597125,0,0,0
station_v0_bogota__RoundRobin__seed0__2022-03-05,2026-08-12T13:56:52.914923,05317b75b2c199f567445246f7dae09fb7632907,station_v0_bogota,8,100,4.0,RoundRobin,heuristic,0,2022-03-05,96,5.3265,,14,-64.66487890512984,201.70257316855333,0,1.0,0.001444662007218156,17839.57716285846,154.28082587974743,100.0,0.0,100.0,0,0.0,0.00044514112786856965,0.00020142277493399638,0.00024371835293457322,-8225.39655600939,0,0,0
station_v0_bogota__RoundRobin__seed0__2022-04-06,2026-08-12T13:56:58.292962,05317b75b2c199f567445246f7dae09fb7632907,station_v0_bogota,8,100,4.0,RoundRobin,heuristic,0,2022-04-06,96,5.3411,,14,-44.51573160151227,214.33259746361628,0,1.0,0.0013373044735889295,12411.021663885032,144.8391560415337,100.0,0.0,100.0,0,0.0,0.00047666945951136736,0.000213776302628412,0.00026289315688295535,-4452.986738254413,0,0,0
station_v0_bogota__RoundRobin__seed0__2022-05-21,2026-08-12T13:57:03.676826,05317b75b2c199f567445246f7dae09fb7632907,station_v0_bogota,8,100,4.0,RoundRobin,heuristic,0,2022-05-21,96,5.3516,,14,-26.636921728452016,201.6908183584515,0,1.0,0.0023182995401205275,17478.838248742457,153.90176957211602,100.0,0.0,100.0,0,0.0,0.0004494750403603102,0.00020086698674684074,0.0002486080536134694,-9845.416483344898,0,0,0
station_v0_bogota__RoundRobin__seed0__2022-06-15,2026-08-12T13:57:08.947063,05317b75b2c199f567445246f7dae09fb7632907,station_v0_bogota,8,100,4.0,RoundRobin,heuristic,0,2022-06-15,96,5.2214,,14,-47.385883611976965,214.35213598304966,0,1.0,0.002313367398725674,13882.37646166998,148.8451246409453,100.0,0.0,100.0,0,0.0,0.0004772476481989069,0.00021399237989140705,0.0002632552683074999,-3418.6905299463774,0,0,0
station_v0_bogota__RoundRobin__seed0__2022-07-10,2026-08-12T13:57:14.570634,05317b75b2c199f567445246f7dae09fb7632907,station_v0_bogota,8,100,4.0,RoundRobin,heuristic,0,2022-07-10,96,5.5873,,14,-39.393412365453514,201.72567427377447,0,1.0,0.0021007918936519765,17156.769192543183,154.61194690051553,100.0,0.0,100.0,0,0.0,0.00044390996428777277,0.00020172121580367463,0.0002421887484840982,-8435.171678925677,0,0,0
station_v0_bogota__RoundRobin__seed0__2022-08-24,2026-08-12T13:57:20.072470,05317b75b2c199f567445246f7dae09fb7632907,station_v0_bogota,8,100,4.0,RoundRobin,heuristic,0,2022-08-24,96,5.4629,,14,-140.18504325910033,214.32202368402307,0,1.0,0.002681652605073026,13951.969381053492,150.1394739316138,100.0,0.0,100.0,0,0.0,0.0004789014174908838,0.00021421475383252657,0.00026468666365835725,-4524.414266828707,0,0,0
station_v0_bogota__RoundRobin__seed0__2022-09-17,2026-08-12T13:57:25.413109,05317b75b2c199f567445246f7dae09fb7632907,station_v0_bogota,8,100,4.0,RoundRobin,heuristic,0,2022-09-17,96,5.3023,,14,-22.553382302652064,201.7157262083868,0,1.0,0.0023100590386757602,18059.14324573465,155.17284770009383,100.0,0.0,100.0,0,0.0,0.00044333237365909754,0.00020132289744490488,0.00024200947621419276,-9422.951053848834,0,0,0
station_v0_bogota__RoundRobin__seed0__2022-11-09,2026-08-12T13:57:30.710010,05317b75b2c199f567445246f7dae09fb7632907,station_v0_bogota,8,100,4.0,RoundRobin,heuristic,0,2022-11-09,96,5.2582,,14,-33.25832830761831,214.34323369642425,0,1.0,0.0017759069954497164,13949.023075402774,149.7647416413655,100.0,0.0,100.0,0,0.0,0.0004769469412471498,0.00021402250202687083,0.00026292443922027906,-3910.5543837251016,0,0,0
station_v0_bogota__RoundRobin__seed1__2022-01-17,2026-08-12T13:57:36.121337,05317b75b2c199f567445246f7dae09fb7632907,station_v0_bogota,8,100,4.0,RoundRobin,heuristic,1,2022-01-17,96,5.3777,,14,-44.99504112419277,204.5563325636449,0,1.0,0.0025445617729027425,13424.835854852688,137.68701464714317,100.0,0.0,100.0,0,0.0,0.0004650613430411748,0.0002192354455469089,0.00024582589749426583,-9489.862232910154,0,0,0
station_v0_bogota__RoundRobin__seed1__2022-02-14,2026-08-12T13:57:41.709515,05317b75b2c199f567445246f7dae09fb7632907,station_v0_bogota,8,100,4.0,RoundRobin,heuristic,1,2022-02-14,96,5.5518,,14,-42.06640796524083,204.496512040716,0,1.0,0.0019975011945967402,11565.339478380394,130.70403751689804,100.0,0.0,100.0,0,0.0,0.0004627992407668896,0.00021952249876184372,0.00024327674200504585,-6926.720351589076,0,0,0
station_v0_bogota__RoundRobin__seed1__2022-03-05,2026-08-12T13:57:47.091647,05317b75b2c199f567445246f7dae09fb7632907,station_v0_bogota,8,100,4.0,RoundRobin,heuristic,1,2022-03-05,96,5.3409,,15,-68.04254829500734,213.322788017031,0,1.0,0.002950117620856396,15499.567895278118,158.4261373179483,100.0,0.0,100.0,0,0.0,0.0004868498254663946,0.00023486509938943384,0.00025198472607696067,-7432.689685671234,0,0,0
station_v0_bogota__RoundRobin__seed1__2022-04-06,2026-08-12T13:57:52.701503,05317b75b2c199f567445246f7dae09fb7632907,station_v0_bogota,8,100,4.0,RoundRobin,heuristic,1,2022-04-06,96,5.5749,,14,-41.449780788422984,204.49815400410537,0,1.0,0.0011606469352543058,12307.140552265217,131.96159015873926,100.0,0.0,100.0,0,0.0,0.00046254664209295843,0.0002190896837910786,0.00024345695830187987,-7841.804072476331,0,0,0
station_v0_bogota__RoundRobin__seed1__2022-05-21,2026-08-12T13:57:58.117201,05317b75b2c199f567445246f7dae09fb7632907,station_v0_bogota,8,100,4.0,RoundRobin,heuristic,1,2022-05-21,96,5.3738,,15,-27.23368323375739,213.30872048340925,0,1.0,0.0020824409705753055,16465.08151629622,156.83589623395832,100.0,0.0,100.0,0,0.0,0.00048487469546841717,0.00023240806876910085,0.00025246662669931627,-10478.792983840653,0,0,0
station_v0_bogota__RoundRobin__seed1__2022-06-15,2026-08-12T13:58:03.547510,05317b75b2c199f567445246f7dae09fb7632907,station_v0_bogota,8,100,4.0,RoundRobin,heuristic,1,2022-06-15,96,5.3943,,14,-43.51720216381605,204.51179361513988,0,1.0,0.0019610174630095845,11721.662855574925,128.4565606013063,100.0,0.0,100.0,0,0.0,0.00046114333301782107,0.00021876780593588262,0.0002423755270819384,-7468.562104611754,0,0,0
station_v0_bogota__RoundRobin__seed1__2022-07-10,2026-08-12T13:58:08.706261,05317b75b2c199f567445246f7dae09fb7632907,station_v0_bogota,8,100,4.0,RoundRobin,heuristic,1,2022-07-10,96,5.1231,,15,-34.68156835193636,213.27984553793317,0,1.0,0.001930083574164243,14977.136624685825,158.28415769321487,100.0,0.0,100.0,0,0.0,0.00048098184620447195,0.00023523962270858992,0.000245742223495882,-5683.654617132571,0,0,0
station_v0_bogota__RoundRobin__seed1__2022-08-24,2026-08-12T13:58:14.068272,05317b75b2c199f567445246f7dae09fb7632907,station_v0_bogota,8,100,4.0,RoundRobin,heuristic,1,2022-08-24,96,5.3251,,14,-130.84447866056928,204.50252460345615,0,1.0,0.0012620389466846405,11289.499207357376,124.26973607924363,100.0,0.0,100.0,0,0.0,0.00046156311437425856,0.0002188579940314988,0.0002427051203427598,-7821.7137158238675,0,0,0
station_v0_bogota__RoundRobin__seed1__2022-09-17,2026-08-12T13:58:19.398785,05317b75b2c199f567445246f7dae09fb7632907,station_v0_bogota,8,100,4.0,RoundRobin,heuristic,1,2022-09-17,96,5.2881,,15,-21.478221448247496,213.3110022108361,0,1.0,0.0018214296435337118,14620.12224278263,156.62095427304547,100.0,0.0,100.0,0,0.0,0.0004890817121994611,0.00023463000901148375,0.0002544517031879773,-6488.569046213653,0,0,0
station_v0_bogota__RoundRobin__seed1__2022-11-09,2026-08-12T13:58:24.685134,05317b75b2c199f567445246f7dae09fb7632907,station_v0_bogota,8,100,4.0,RoundRobin,heuristic,1,2022-11-09,96,5.2684,,14,-31.03293841711882,204.50038783783515,0,1.0,0.0010074657341996307,11398.07505962076,125.37925018673288,100.0,0.0,100.0,0,0.0,0.0004627163143819709,0.00021883296357922704,0.00024388335080274384,-7911.183240155982,0,0,0
station_v0_bogota__RoundRobin__seed2__2022-01-17,2026-08-12T13:58:30.098034,05317b75b2c199f567445246f7dae09fb7632907,station_v0_bogota,8,100,4.0,RoundRobin,heuristic,2,2022-01-17,96,5.3751,,12,-32.98577078914953,155.04043568887465,0,1.0,0.0011275842921655288,6705.192301494774,97.59164197849941,100.0,0.0,100.0,0,0.0,0.00036666965371614813,0.0001973602825646289,0.00016930937115151924,-2459.7106507443996,0,0,0
station_v0_bogota__RoundRobin__seed2__2022-02-14,2026-08-12T13:58:35.406223,05317b75b2c199f567445246f7dae09fb7632907,station_v0_bogota,8,100,4.0,RoundRobin,heuristic,2,2022-02-14,96,5.2696,,12,-30.39363698688731,155.017530050157,0,1.0,0.0029059906517114875,7450.742079927425,100.3608469038898,100.0,0.0,100.0,0,0.0,0.00036509164545990965,0.00019686172642745906,0.00016822991903245058,-2522.308966102884,0,0,0
station_v0_bogota__RoundRobin__seed2__2022-03-05,2026-08-12T13:58:40.810243,05317b75b2c199f567445246f7dae09fb7632907,station_v0_bogota,8,100,4.0,RoundRobin,heuristic,2,2022-03-05,96,5.367,,14,-74.32503091300008,230.77726635627928,0,1.0,0.0035059464201623314,18635.305199822298,186.15082908520088,100.0,0.0,100.0,0,0.0,0.0005031533383803009,0.00022523658258695326,0.0002779167557933476,-3970.0527164015684,0,0,0
station_v0_bogota__RoundRobin__seed2__2022-04-06,2026-08-12T13:58:46.123845,05317b75b2c199f567445246f7dae09fb7632907,station_v0_bogota,8,100,4.0,RoundRobin,heuristic,2,2022-04-06,96,5.2625,,12,-30.659390578554465,155.01371066365127,0,1.0,0.0012402123487422756,6446.8961822955835,97.28405985518313,100.0,0.0,100.0,0,0.0,0.00036574217320961165,0.0001972022849346204,0.00016853988827499126,-1868.132595369522,0,0,0
station_v0_bogota__RoundRobin__seed2__2022-05-21,2026-08-12T13:58:51.634867,05317b75b2c199f567445246f7dae09fb7632907,station_v0_bogota,8,100,4.0,RoundRobin,heuristic,2,2022-05-21,96,5.4669,,14,-32.681899339176184,230.73773919909286,0,1.0,0.0015317152303431225,18248.364938454477,180.55008583588244,100.0,0.0,100.0,0,0.0,0.0005059718912219,0.0002245558571143761,0.00028141603410752387,-10209.835684046002,0,0,0
station_v0_bogota__RoundRobin__seed2__2022-06-15,2026-08-12T13:58:57.099542,05317b75b2c199f567445246f7dae09fb7632907,station_v0_bogota,8,100,4.0,RoundRobin,heuristic,2,2022-06-15,96,5.4217,,12,-31.080219957403365,153.3566518745488,0,0.9985357142857143,0.001948179480671719,6425.218073890722,96.95777814408996,99.8047619047619,0.6475315066884348,97.65714285714286,0,0.0,0.0003630567384731437,0.0001972452469821586,0.00016581149149098512,-2661.317326415848,0,0,0
station_v0_bogota__RoundRobin__seed2__2022-07-10,2026-08-12T13:59:02.342575,05317b75b2c199f567445246f7dae09fb7632907,station_v0_bogota,8,100,4.0,RoundRobin,heuristic,2,2022-07-10,96,5.2064,,14,-50.877972821890204,230.8138508316278,0,1.0,0.0029562786835524157,13824.123949145096,168.47239059366052,100.0,0.0,100.0,0,0.0,0.0005034189479395942,0.00022431519118337243,0.00027910375675622176,-3995.3814412525426,0,0,0
station_v0_bogota__RoundRobin__seed2__2022-08-24,2026-08-12T13:59:07.741493,05317b75b2c199f567445246f7dae09fb7632907,station_v0_bogota,8,100,4.0,RoundRobin,heuristic,2,2022-08-24,96,5.3571,,12,-96.01618714254937,155.03588285225214,0,1.0,0.0012328487543804556,6467.193987008421,98.07036362352629,100.0,0.0,100.0,0,0.0,0.0003668844151561353,0.00019732570367417377,0.00016955871148196158,-2627.314076353927,0,0,0
station_v0_bogota__RoundRobin__seed2__2022-09-17,2026-08-12T13:59:13.009507,05317b75b2c199f567445246f7dae09fb7632907,station_v0_bogota,8,100,4.0,RoundRobin,heuristic,2,2022-09-17,96,5.2333,,14,-23.152460779713664,230.77568341251956,0,1.0,0.0032705397989438723,14022.781881499086,172.4846867251819,100.0,0.0,100.0,0,0.0,0.0005026591583157254,0.00022412451835577922,0.00027853463995994613,-4335.105860404348,0,0,0
station_v0_bogota__RoundRobin__seed2__2022-11-09,2026-08-12T13:59:18.310406,05317b75b2c199f567445246f7dae09fb7632907,station_v0_bogota,8,100,4.0,RoundRobin,heuristic,2,2022-11-09,96,5.257,,12,-22.764705279018546,155.0217150427209,0,1.0,0.0011519476744101809,6115.179939846456,98.52605407487185,100.0,0.0,100.0,0,0.0,0.00036557736223203426,0.0001972946983697432,0.000168282663862291,-1712.7324667391208,0,0,0
station_v0_bogota__RoundRobin__seed3__2022-01-17,2026-08-12T13:59:23.599729,05317b75b2c199f567445246f7dae09fb7632907,station_v0_bogota,8,100,4.0,RoundRobin,heuristic,3,2022-01-17,96,5.2483,,13,-42.389619183848296,202.45666813043874,0,1.0,0.001778119364977293,12292.440026369277,159.75492994209648,100.0,0.0,100.0,0,0.0,0.0004743264576140031,0.0002420387444104036,0.00023228771320359947,-4752.646158644582,0,0,0
station_v0_bogota__RoundRobin__seed3__2022-02-14,2026-08-12T13:59:28.883838,05317b75b2c199f567445246f7dae09fb7632907,station_v0_bogota,8,100,4.0,RoundRobin,heuristic,3,2022-02-14,96,5.2355,,13,-40.66084632124607,202.51022995771197,0,1.0,0.000934495510314548,12085.504296791476,154.18325111853906,100.0,0.0,100.0,0,0.0,0.0004732898485637541,0.00024215390786230497,0.00023113594070144915,-4042.9514937202457,0,0,0
station_v0_bogota__RoundRobin__seed3__2022-03-05,2026-08-12T13:59:34.162622,05317b75b2c199f567445246f7dae09fb7632907,station_v0_bogota,8,100,4.0,RoundRobin,heuristic,3,2022-03-05,96,5.2446,,13,-55.20082683458237,195.4613858123861,0,1.0,0.0023941506886346886,10937.153876634633,137.60203257101594,100.0,0.0,100.0,0,0.0,0.0004107914046369967,0.00019712963657320698,0.0002136617680637898,-5152.480939451413,0,0,0
station_v0_bogota__RoundRobin__seed3__2022-04-06,2026-08-12T13:59:39.451635,05317b75b2c199f567445246f7dae09fb7632907,station_v0_bogota,8,100,4.0,RoundRobin,heuristic,3,2022-04-06,96,5.2446,,13,-37.12842118139572,202.45090714641543,0,1.0,0.001370698275829696,10789.468650356508,149.54952838553666,100.0,0.0,100.0,0,0.0,0.0004736674483297324,0.00024176509774264136,0.0002319023505870909,-4583.030918707857,0,0,0
station_v0_bogota__RoundRobin__seed3__2022-05-21,2026-08-12T13:59:44.857643,05317b75b2c199f567445246f7dae09fb7632907,station_v0_bogota,8,100,4.0,RoundRobin,heuristic,3,2022-05-21,96,5.3632,,13,-19.418873708590375,195.4732040575601,0,1.0,0.002869908910029917,13111.6596815659,141.7441581688896,100.0,0.0,100.0,0,0.0,0.0004114724189886505,0.0001970094886460814,0.00021446293034256905,-8001.85647650347,0,0,0
station_v0_bogota__RoundRobin__seed3__2022-06-15,2026-08-12T13:59:50.079286,05317b75b2c199f567445246f7dae09fb7632907,station_v0_bogota,8,100,4.0,RoundRobin,heuristic,3,2022-06-15,96,5.197,,13,-37.26496237656234,202.47279155394546,0,1.0,0.002008150153974153,13617.111323404022,164.28929110972712,100.0,0.0,100.0,0,0.0,0.0004732735382715739,0.00024199414528383218,0.00023127939298774177,-3377.330855281615,0,0,0
station_v0_bogota__RoundRobin__seed3__2022-07-10,2026-08-12T13:59:55.306938,05317b75b2c199f567445246f7dae09fb7632907,station_v0_bogota,8,100,4.0,RoundRobin,heuristic,3,2022-07-10,96,5.1713,,13,-29.343395926685687,195.46493143894125,0,1.0,0.00250233340955619,15702.995078212962,147.86391201388955,100.0,0.0,100.0,0,0.0,0.0004189574618290078,0.0001970481926317043,0.0002219092691973035,-9666.36113932717,0,0,0
station_v0_bogota__RoundRobin__seed3__2022-08-24,2026-08-12T14:00:00.917888,05317b75b2c199f567445246f7dae09fb7632907,station_v0_bogota,8,100,4.0,RoundRobin,heuristic,3,2022-08-24,96,5.5667,,13,-115.04482752444866,202.45704853232897,0,1.0,0.0024451299789332026,11911.338491087186,157.0718701224313,100.0,0.0,100.0,0,0.0,0.00047420326514186997,0.00024176220738939826,0.00023244105775247176,-4958.224375675036,0,0,0
station_v0_bogota__RoundRobin__seed3__2022-09-17,2026-08-12T14:00:09.878245,05317b75b2c199f567445246f7dae09fb7632907,station_v0_bogota,8,100,4.0,RoundRobin,heuristic,3,2022-09-17,96,8.9001,,13,-14.0857912606656,195.46799434846753,0,1.0,0.0019650749679849255,14808.44334694639,145.1486896297467,100.0,0.0,100.0,0,0.0,0.00041504598147975035,0.00019644693314168306,0.00021859904833806726,-6583.737013027897,0,0,0
station_v0_bogota__RoundRobin__seed3__2022-11-09,2026-08-12T14:00:16.959796,05317b75b2c199f567445246f7dae09fb7632907,station_v0_bogota,8,100,4.0,RoundRobin,heuristic,3,2022-11-09,96,7.0338,,13,-27.404985571516956,202.4785451734267,0,1.0,0.0018882217415612246,11705.851847496606,156.11889611746224,100.0,0.0,100.0,0,0.0,0.00047408465801658154,0.00024162052276055742,0.00023246413525602406,-5019.137559495006,0,0,0
station_v0_bogota__RoundRobin__seed4__2022-01-17,2026-08-12T14:00:24.443417,05317b75b2c199f567445246f7dae09fb7632907,station_v0_bogota,8,100,4.0,RoundRobin,heuristic,4,2022-01-17,96,7.438,,13,-38.681101352046454,183.22180936825788,0,1.0,0.001821278666887416,8586.29476373663,131.19187296786197,100.0,0.0,100.0,0,0.0,0.00039736313789016486,0.00019617773627027827,0.00020118540161988665,-1863.1664753052676,0,0,0
station_v0_bogota__RoundRobin__seed4__2022-02-14,2026-08-12T14:00:31.295503,05317b75b2c199f567445246f7dae09fb7632907,station_v0_bogota,8,100,4.0,RoundRobin,heuristic,4,2022-02-14,96,6.8135,,13,-35.220436349830244,183.23678444535201,0,1.0,0.00222951373519531,10106.612993555882,135.1916218220098,100.0,0.0,100.0,0,0.0,0.00039801848707001744,0.00019553512706185132,0.00020248336000816612,-2201.501890211479,0,0,0
station_v0_bogota__RoundRobin__seed4__2022-03-05,2026-08-12T14:00:38.154494,05317b75b2c199f567445246f7dae09fb7632907,station_v0_bogota,8,100,4.0,RoundRobin,heuristic,4,2022-03-05,96,6.8075,,13,-52.63141156959874,176.52877745528173,0,1.0,0.0026540022199798563,8844.719078513092,117.72812370869768,100.0,0.0,100.0,0,0.0,0.0003772981465849038,0.0001817064822697514,0.0001955916643151524,-2506.246602333045,0,0,0
station_v0_bogota__RoundRobin__seed4__2022-04-06,2026-08-12T14:00:44.861556,05317b75b2c199f567445246f7dae09fb7632907,station_v0_bogota,8,100,4.0,RoundRobin,heuristic,4,2022-04-06,96,6.672,,13,-34.234044315156986,183.19296947276155,0,1.0,0.002886718761375917,9113.57006487748,134.16193909333393,100.0,0.0,100.0,0,0.0,0.0003982533050392653,0.00019579731534117474,0.0002024559896980906,-2175.261700599926,0,0,0
station_v0_bogota__RoundRobin__seed4__2022-05-21,2026-08-12T14:00:52.284673,05317b75b2c199f567445246f7dae09fb7632907,station_v0_bogota,8,100,4.0,RoundRobin,heuristic,4,2022-05-21,96,7.3718,,13,-19.29676384941387,176.5160078138535,0,1.0,0.0014013185563217512,9436.138914975953,122.53606467845869,100.0,0.0,100.0,0,0.0,0.0003787695548669147,0.00018165045863163275,0.00019711909623528192,-4411.388692791359,0,0,0
station_v0_bogota__RoundRobin__seed4__2022-06-15,2026-08-12T14:00:59.081619,05317b75b2c199f567445246f7dae09fb7632907,station_v0_bogota,8,100,4.0,RoundRobin,heuristic,4,2022-06-15,96,6.7565,,13,-36.30293502361525,183.20743638170654,0,1.0,0.0015837729285868019,10318.787861187171,141.06019706974752,100.0,0.0,100.0,0,0.0,0.00039842273442082033,0.00019613295254614636,0.00020228978187467397,-2478.952894732947,0,0,0
station_v0_bogota__RoundRobin__seed4__2022-07-10,2026-08-12T14:01:05.724362,05317b75b2c199f567445246f7dae09fb7632907,station_v0_bogota,8,100,4.0,RoundRobin,heuristic,4,2022-07-10,96,6.6121,,13,-27.680280410411978,176.54897666430043,0,1.0,0.0015960259368412721,9165.773577484399,121.85772295106831,100.0,0.0,100.0,0,0.0,0.00037699114342148424,0.00018199267235444693,0.00019499847106703734,-3821.9821790653414,0,0,0
station_v0_bogota__RoundRobin__seed4__2022-08-24,2026-08-12T14:01:12.600505,05317b75b2c199f567445246f7dae09fb7632907,station_v0_bogota,8,100,4.0,RoundRobin,heuristic,4,2022-08-24,96,6.8252,,13,-106.17250277243875,183.21077195721188,0,1.0,0.002247353729736723,9584.071235290428,139.5236235980292,100.0,0.0,100.0,0,0.0,0.00039751500397515623,0.0001963076226334648,0.00020120738134169147,-2552.1675237118184,0,0,0
station_v0_bogota__RoundRobin__seed4__2022-09-17,2026-08-12T14:01:19.576258,05317b75b2c199f567445246f7dae09fb7632907,station_v0_bogota,8,100,4.0,RoundRobin,heuristic,4,2022-09-17,96,6.9253,,13,-11.813393742753092,176.52419338579472,0,1.0,0.001961105507029437,10547.864473171372,131.67221494158423,100.0,0.0,100.0,0,0.0,0.0003753233838327753,0.000182211733365144,0.00019311165046763124,-4091.694399294375,0,0,0
station_v0_bogota__RoundRobin__seed4__2022-11-09,2026-08-12T14:01:26.283671,05317b75b2c199f567445246f7dae09fb7632907,station_v0_bogota,8,100,4.0,RoundRobin,heuristic,4,2022-11-09,96,6.6703,,13,-24.952371489316544,183.22850360821687,0,1.0,0.0019677877715653658,9309.273296477177,137.78804058065313,100.0,0.0,100.0,0,0.0,0.00039826099099751213,0.00019617445921641755,0.0002020865317810946,-2500.2668849268293,0,0,0
station_n02_tx100__ChargeAsFastAsPossible__seed0__2022-01-17,2026-08-12T14:01:33.170055,05317b75b2c199f567445246f7dae09fb7632907,station_n02_tx100,2,100,1.0,ChargeAsFastAsPossible,heuristic,0,2022-01-17,96,6.8341,,3,-8.510058887601126,36.98640959421583,0,1.0,142.62257453534176,7361.138510207399,95.33578974579234,100.0,0.0,100.0,0,0.0,0.00010650561841462012,6.51714693810376e-05,4.133414903358252e-05,-6035.876791178551,0,0,0
station_n02_tx100__ChargeAsFastAsPossible__seed0__2022-02-14,2026-08-12T14:01:39.945752,05317b75b2c199f567445246f7dae09fb7632907,station_n02_tx100,2,100,1.0,ChargeAsFastAsPossible,heuristic,0,2022-02-14,96,6.7307,,3,-8.216554984225077,36.98640959421583,0,1.0,142.67914948396347,7356.4626823104145,95.72877879965735,100.0,0.0,100.0,0,0.0,0.00010650561841462012,6.51714693810376e-05,4.133414903358252e-05,-6036.092653280197,0,0,0
station_n02_tx100__ChargeAsFastAsPossible__seed0__2022-03-05,2026-08-12T14:01:46.704156,05317b75b2c199f567445246f7dae09fb7632907,station_n02_tx100,2,100,1.0,ChargeAsFastAsPossible,heuristic,0,2022-03-05,96,6.7161,,4,-20.9821271632505,61.77937181537034,0,1.0,213.45471914332344,11523.345070045678,141.24672127867908,100.0,0.0,100.0,0,0.0,0.00015388206406559884,7.509466328020311e-05,7.878740078539575e-05,-8765.714040422605,0,0,0
station_n02_tx100__ChargeAsFastAsPossible__seed0__2022-04-06,2026-08-12T14:01:53.243933,05317b75b2c199f567445246f7dae09fb7632907,station_n02_tx100,2,100,1.0,ChargeAsFastAsPossible,heuristic,0,2022-04-06,96,6.5088,,3,-7.62280888190395,36.98640959421583,0,1.0,143.30757318229723,7431.494853526884,96.22698079522364,100.0,0.0,100.0,0,0.0,0.00010650561841462012,6.51714693810376e-05,4.133414903358252e-05,-6072.758545945496,0,0,0
station_n02_tx100__ChargeAsFastAsPossible__seed0__2022-05-21,2026-08-12T14:01:59.875218,05317b75b2c199f567445246f7dae09fb7632907,station_n02_tx100,2,100,1.0,ChargeAsFastAsPossible,heuristic,0,2022-05-21,96,6.5783,,4,-9.963942236036887,61.77937181537034,0,1.0,212.64200220057094,11664.626518494548,146.7661646183618,100.0,0.0,100.0,0,0.0,0.00015388206406559884,7.509466328020311e-05,7.878740078539575e-05,-8642.73927161845,0,0,0
station_n02_tx100__ChargeAsFastAsPossible__seed0__2022-06-15,2026-08-12T14:02:06.015899,05317b75b2c199f567445246f7dae09fb7632907,station_n02_tx100,2,100,1.0,ChargeAsFastAsPossible,heuristic,0,2022-06-15,96,6.0999,,3,-8.002459511006617,36.98640959421583,0,1.0,144.28648822244648,7216.813862594698,94.72101763702146,100.0,0.0,100.0,0,0.0,0.00010650561841462012,6.51714693810376e-05,4.133414903358252e-05,-5999.995677044276,0,0,0
station_n02_tx100__ChargeAsFastAsPossible__seed0__2022-07-10,2026-08-12T14:02:12.358564,05317b75b2c199f567445246f7dae09fb7632907,station_n02_tx100,2,100,1.0,ChargeAsFastAsPossible,heuristic,0,2022-07-10,96,6.2892,,4,-15.466454667670277,61.77937181537034,0,1.0,214.3013465492967,11595.497562772724,147.26376091408974,100.0,0.0,100.0,0,0.0,0.00015388206406559884,7.509466328020311e-05,7.878740078539575e-05,-8685.070925188935,0,0,0
station_n02_tx100__ChargeAsFastAsPossible__seed0__2022-08-24,2026-08-12T14:02:18.662501,05317b75b2c199f567445246f7dae09fb7632907,station_n02_tx100,2,100,1.0,ChargeAsFastAsPossible,heuristic,0,2022-08-24,96,6.2574,,3,-24.16767166624201,36.98640959421583,0,1.0,143.58797578366207,7373.741392559297,96.72101309609081,100.0,0.0,100.0,0,0.0,0.00010650561841462012,6.51714693810376e-05,4.133414903358252e-05,-6008.324824274304,0,0,0
station_n02_tx100__ChargeAsFastAsPossible__seed0__2022-09-17,2026-08-12T14:02:25.139715,05317b75b2c199f567445246f7dae09fb7632907,station_n02_tx100,2,100,1.0,ChargeAsFastAsPossible,heuristic,0,2022-09-17,96,6.4328,,4,-10.64303550862747,61.77937181537034,0,1.0,224.39404030358133,12757.894984906143,155.09218741768643,100.0,0.0,100.0,0,0.0,0.00015388206406559884,7.509466328020311e-05,7.878740078539575e-05,-9496.256365680712,0,0,0
station_n02_tx100__ChargeAsFastAsPossible__seed0__2022-11-09,2026-08-12T14:02:30.519901,05317b75b2c199f567445246f7dae09fb7632907,station_n02_tx100,2,100,1.0,ChargeAsFastAsPossible,heuristic,0,2022-11-09,96,5.3419,,3,-5.943767223828606,36.98640959421583,0,1.0,142.776383904478,7310.004698784884,95.04861292947092,100.0,0.0,100.0,0,0.0,0.00010650561841462012,6.51714693810376e-05,4.133414903358252e-05,-5993.563841266523,0,0,0
station_n02_tx100__ChargeAsFastAsPossible__seed1__2022-01-17,2026-08-12T14:02:36.041322,05317b75b2c199f567445246f7dae09fb7632907,station_n02_tx100,2,100,1.0,ChargeAsFastAsPossible,heuristic,1,2022-01-17,96,5.484,,5,-20.70699001810555,98.2353607014714,0,1.0,367.95803663295345,35453.62119533536,247.74795671958677,100.0,0.0,100.0,0,0.0,0.0002264621625715989,9.351935851153967e-05,0.00013294280406005925,-26511.076968831218,0,0,0
station_n02_tx100__ChargeAsFastAsPossible__seed1__2022-02-14,2026-08-12T14:02:41.399569,05317b75b2c199f567445246f7dae09fb7632907,station_n02_tx100,2,100,1.0,ChargeAsFastAsPossible,heuristic,1,2022-02-14,96,5.3169,,5,-17.02742664886352,98.2353607014714,0,1.0,373.82894325402634,35968.45782738262,248.54120196222215,100.0,0.0,100.0,0,0.0,0.0002264621625715989,9.351935851153967e-05,0.00013294280406005925,-27447.01301130947,0,0,0
station_n02_tx100__ChargeAsFastAsPossible__seed1__2022-03-05,2026-08-12T14:02:46.618648,05317b75b2c199f567445246f7dae09fb7632907,station_n02_tx100,2,100,1.0,ChargeAsFastAsPossible,heuristic,1,2022-03-05,96,5.1806,,5,-34.324176409541636,97.4453607014714,0,1.0,356.72906055300166,33745.58912972704,240.87494255451452,100.0,0.0,100.0,0,0.0,0.00022535541694373713,9.353329317808198e-05,0.00013182212376565517,-25909.03181542596,0,0,0
station_n02_tx100__ChargeAsFastAsPossible__seed1__2022-04-06,2026-08-12T14:02:51.971005,05317b75b2c199f567445246f7dae09fb7632907,station_n02_tx100,2,100,1.0,ChargeAsFastAsPossible,heuristic,1,2022-04-06,96,5.3158,,5,-19.657507395905508,98.2353607014714,0,1.0,369.33328492249376,35947.11320484827,248.54192923005562,100.0,0.0,100.0,0,0.0,0.0002264621625715989,9.351935851153967e-05,0.00013294280406005925,-27260.658808895663,0,0,0
station_n02_tx100__ChargeAsFastAsPossible__seed1__2022-05-21,2026-08-12T14:02:57.137940,05317b75b2c199f567445246f7dae09fb7632907,station_n02_tx100,2,100,1.0,ChargeAsFastAsPossible,heuristic,1,2022-05-21,96,5.1281,,5,-15.038349138267447,97.4453607014714,0,1.0,338.1747512060728,31916.417940662526,237.93950363273697,100.0,0.0,100.0,0,0.0,0.00022535541694373713,9.353329317808198e-05,0.00013182212376565517,-24144.815308259324,0,0,0
station_n02_tx100__ChargeAsFastAsPossible__seed1__2022-06-15,2026-08-12T14:03:02.366251,05317b75b2c199f567445246f7dae09fb7632907,station_n02_tx100,2,100,1.0,ChargeAsFastAsPossible,heuristic,1,2022-06-15,96,5.1827,,5,-21.894803330774195,98.2353607014714,0,1.0,375.4257427937706,36274.985505059696,249.7079987989526,100.0,0.0,100.0,0,0.0,0.0002264621625715989,9.351935851153967e-05,0.00013294280406005925,-27567.572097568413,0,0,0
station_n02_tx100__ChargeAsFastAsPossible__seed1__2022-07-10,2026-08-12T14:03:07.644278,05317b75b2c199f567445246f7dae09fb7632907,station_n02_tx100,2,100,1.0,ChargeAsFastAsPossible,heuristic,1,2022-07-10,96,5.2374,,5,-15.098538306279739,97.4453607014714,0,1.0,324.93776274207084,30280.94995592161,233.9339561570641,100.0,0.0,100.0,0,0.0,0.00022535541694373713,9.353329317808198e-05,0.00013182212376565517,-22913.631132459774,0,0,0
station_n02_tx100__ChargeAsFastAsPossible__seed1__2022-08-24,2026-08-12T14:03:12.979499,05317b75b2c199f567445246f7dae09fb7632907,station_n02_tx100,2,100,1.0,ChargeAsFastAsPossible,heuristic,1,2022-08-24,96,5.2965,,5,-65.80860701949902,98.2353607014714,0,1.0,372.0792613383777,35986.171799447526,249.03448824796126,100.0,0.0,100.0,0,0.0,0.0002264621625715989,9.351935851153967e-05,0.00013294280406005925,-27281.65105711124,0,0,0
station_n02_tx100__ChargeAsFastAsPossible__seed1__2022-09-17,2026-08-12T14:03:18.358398,05317b75b2c199f567445246f7dae09fb7632907,station_n02_tx100,2,100,1.0,ChargeAsFastAsPossible,heuristic,1,2022-09-17,96,5.3317,,5,-10.72173542911198,97.4453607014714,0,1.0,331.5736363842703,31083.665042856905,243.62243644211694,100.0,0.0,100.0,0,0.0,0.00022535541694373713,9.353329317808198e-05,0.00013182212376565517,-23427.839710550397,0,0,0
station_n02_tx100__ChargeAsFastAsPossible__seed1__2022-11-09,2026-08-12T14:03:23.658837,05317b75b2c199f567445246f7dae09fb7632907,station_n02_tx100,2,100,1.0,ChargeAsFastAsPossible,heuristic,1,2022-11-09,96,5.2651,,5,-13.782222638392753,98.2353607014714,0,1.0,368.7141780389668,35178.302332133135,245.28864490507027,100.0,0.0,100.0,0,0.0,0.0002264621625715989,9.351935851153967e-05,0.00013294280406005925,-26752.646127403423,0,0,0
station_n02_tx100__ChargeAsFastAsPossible__seed2__2022-01-17,2026-08-12T14:03:29.104582,05317b75b2c199f567445246f7dae09fb7632907,station_n02_tx100,2,100,1.0,ChargeAsFastAsPossible,heuristic,2,2022-01-17,96,5.4138,,2,-5.793042397084686,29.110765814495913,0,1.0,108.5698521840102,5363.0693036308985,63.783036994115264,100.0,0.0,100.0,0,0.0,6.820679873258104e-05,3.2823447040323956e-05,3.5383351692257094e-05,-4093.8564212487768,0,0,0
station_n02_tx100__ChargeAsFastAsPossible__seed2__2022-02-14,2026-08-12T14:03:34.703717,05317b75b2c199f567445246f7dae09fb7632907,station_n02_tx100,2,100,1.0,ChargeAsFastAsPossible,heuristic,2,2022-02-14,96,5.559,,2,-4.897390188464305,29.110765814495913,0,1.0,102.91490171673153,5153.012367922523,63.90639026997837,100.0,0.0,100.0,0,0.0,6.820679873258104e-05,3.2823447040323956e-05,3.5383351692257094e-05,-3738.169257337606,0,0,0
station_n02_tx100__ChargeAsFastAsPossible__seed2__2022-03-05,2026-08-12T14:03:40.075635,05317b75b2c199f567445246f7dae09fb7632907,station_n02_tx100,2,100,1.0,ChargeAsFastAsPossible,heuristic,2,2022-03-05,96,5.3218,,2,-6.124674311620927,29.300765814495918,0,1.0,93.35565131420238,4970.9120195969,63.7562962144184,100.0,0.0,100.0,0,0.0,6.61710560773009e-05,3.045165287093375e-05,3.571940320636715e-05,-3131.9035951286282,0,0,0
station_n02_tx100__ChargeAsFastAsPossible__seed2__2022-04-06,2026-08-12T14:03:45.374716,05317b75b2c199f567445246f7dae09fb7632907,station_n02_tx100,2,100,1.0,ChargeAsFastAsPossible,heuristic,2,2022-04-06,96,5.2634,,2,-5.102783978910125,29.110765814495913,0,1.0,108.83465310436635,5845.3753031873375,70.8572457299677,100.0,0.0,100.0,0,0.0,6.820679873258104e-05,3.2823447040323956e-05,3.5383351692257094e-05,-4115.226452023773,0,0,0
station_n02_tx100__ChargeAsFastAsPossible__seed2__2022-05-21,2026-08-12T14:03:50.646253,05317b75b2c199f567445246f7dae09fb7632907,station_n02_tx100,2,100,1.0,ChargeAsFastAsPossible,heuristic,2,2022-05-21,96,5.2318,,2,-1.098506766440798,29.300765814495918,0,1.0,97.16672143986442,5930.981179553515,70.69646101376894,100.0,0.0,100.0,0,0.0,6.61710560773009e-05,3.045165287093375e-05,3.571940320636715e-05,-3425.591099867512,0,0,0
station_n02_tx100__ChargeAsFastAsPossible__seed2__2022-06-15,2026-08-12T14:03:56.236668,05317b75b2c199f567445246f7dae09fb7632907,station_n02_tx100,2,100,1.0,ChargeAsFastAsPossible,heuristic,2,2022-06-15,96,5.5528,,2,-4.440998040664968,29.110765814495913,0,1.0,104.10764641871364,5222.511151837133,64.28792556012921,100.0,0.0,100.0,0,0.0,6.820679873258104e-05,3.2823447040323956e-05,3.5383351692257094e-05,-3797.430186472656,0,0,0
station_n02_tx100__ChargeAsFastAsPossible__seed2__2022-07-10,2026-08-12T14:04:01.570106,05317b75b2c199f567445246f7dae09fb7632907,station_n02_tx100,2,100,1.0,ChargeAsFastAsPossible,heuristic,2,2022-07-10,96,5.2992,,2,-2.5964125967658815,29.300765814495918,0,1.0,103.1105722302374,6022.740454989883,74.3319634829072,100.0,0.0,100.0,0,0.0,6.61710560773009e-05,3.045165287093375e-05,3.571940320636715e-05,-3791.380428318938,0,0,0
station_n02_tx100__ChargeAsFastAsPossible__seed2__2022-08-24,2026-08-12T14:04:06.968478,05317b75b2c199f567445246f7dae09fb7632907,station_n02_tx100,2,100,1.0,ChargeAsFastAsPossible,heuristic,2,2022-08-24,96,5.3565,,2,-14.71911627773136,29.110765814495913,0,1.0,108.31421739576601,5744.9712365089445,69.85290159811396,100.0,0.0,100.0,0,0.0,6.820679873258104e-05,3.2823447040323956e-05,3.5383351692257094e-05,-4073.292638719331,0,0,0
station_n02_tx100__ChargeAsFastAsPossible__seed2__2022-09-17,2026-08-12T14:04:12.336352,05317b75b2c199f567445246f7dae09fb7632907,station_n02_tx100,2,100,1.0,ChargeAsFastAsPossible,heuristic,2,2022-09-17,96,5.3421,,2,-0.3723352285201831,29.300765814495918,0,1.0,98.83587813631287,5885.08013008432,72.83006603559996,100.0,0.0,100.0,0,0.0,6.61710560773009e-05,3.045165287093375e-05,3.571940320636715e-05,-3558.9744746924816,0,0,0
station_n02_tx100__ChargeAsFastAsPossible__seed2__2022-11-09,2026-08-12T14:04:17.725237,05317b75b2c199f567445246f7dae09fb7632907,station_n02_tx100,2,100,1.0,ChargeAsFastAsPossible,heuristic,2,2022-11-09,96,5.348,,2,-3.6458958116152713,29.110765814495913,0,1.0,108.15969170802695,5584.353503193866,67.42949464726064,100.0,0.0,100.0,0,0.0,6.820679873258104e-05,3.2823447040323956e-05,3.5383351692257094e-05,-4060.8939681351126,0,0,0
station_n02_tx100__ChargeAsFastAsPossible__seed3__2022-01-17,2026-08-12T14:04:22.973412,05317b75b2c199f567445246f7dae09fb7632907,station_n02_tx100,2,100,1.0,ChargeAsFastAsPossible,heuristic,3,2022-01-17,96,5.2133,,3,-9.842860938027439,38.719914811306154,0,1.0,146.6742329762123,7195.780494136153,87.92914207344151,100.0,0.0,100.0,0,0.0,9.716063457369139e-05,5.3299081456538365e-05,4.386155311715304e-05,-5987.7189799714815,0,0,0
station_n02_tx100__ChargeAsFastAsPossible__seed3__2022-02-14,2026-08-12T14:04:28.454390,05317b75b2c199f567445246f7dae09fb7632907,station_n02_tx100,2,100,1.0,ChargeAsFastAsPossible,heuristic,3,2022-02-14,96,5.4363,,3,-7.943310360082203,38.719914811306154,0,1.0,148.0362802863968,7098.5334794573455,84.49328108251575,100.0,0.0,100.0,0,0.0,9.716063457369139e-05,5.3299081456538365e-05,4.386155311715304e-05,-5984.603223120744,0,0,0
station_n02_tx100__ChargeAsFastAsPossible__seed3__2022-03-05,2026-08-12T14:04:33.962205,05317b75b2c199f567445246f7dae09fb7632907,station_n02_tx100,2,100,1.0,ChargeAsFastAsPossible,heuristic,3,2022-03-05,96,5.4732,,3,-9.69720518633898,34.57877856831197,0,1.0,133.02441876921216,6932.278469584795,80.57678926972358,100.0,0.0,100.0,0,0.0,8.414034148711329e-05,4.626789223168836e-05,3.787244925542493e-05,-5758.563500006102,0,0,0
station_n02_tx100__ChargeAsFastAsPossible__seed3__2022-04-06,2026-08-12T14:04:39.307797,05317b75b2c199f567445246f7dae09fb7632907,station_n02_tx100,2,100,1.0,ChargeAsFastAsPossible,heuristic,3,2022-04-06,96,5.3032,,3,-7.56206042891159,38.719914811306154,0,1.0,146.54966709894234,7111.183959735789,86.56835907709407,100.0,0.0,100.0,0,0.0,9.716063457369139e-05,5.3299081456538365e-05,4.386155311715304e-05,-5974.703613054176,0,0,0
station_n02_tx100__ChargeAsFastAsPossible__seed3__2022-05-21,2026-08-12T14:04:45.367168,05317b75b2c199f567445246f7dae09fb7632907,station_n02_tx100,2,100,1.0,ChargeAsFastAsPossible,heuristic,3,2022-05-21,96,6.0156,,3,-4.0186423487533665,34.57877856831197,0,1.0,131.87795043221442,7158.030636789542,85.01498057989583,100.0,0.0,100.0,0,0.0,8.414034148711329e-05,4.626789223168836e-05,3.787244925542493e-05,-5717.7900531211,0,0,0
station_n02_tx100__ChargeAsFastAsPossible__seed3__2022-06-15,2026-08-12T14:04:53.277348,05317b75b2c199f567445246f7dae09fb7632907,station_n02_tx100,2,100,1.0,ChargeAsFastAsPossible,heuristic,3,2022-06-15,96,7.8436,,3,-8.095729680779119,38.719914811306154,0,1.0,146.34514791078414,7019.474118411345,83.48059912270956,100.0,0.0,100.0,0,0.0,9.716063457369139e-05,5.3299081456538365e-05,4.386155311715304e-05,-5941.422144374348,0,0,0
station_n02_tx100__ChargeAsFastAsPossible__seed3__2022-07-10,2026-08-12T14:04:58.900640,05317b75b2c199f567445246f7dae09fb7632907,station_n02_tx100,2,100,1.0,ChargeAsFastAsPossible,heuristic,3,2022-07-10,96,5.5821,,3,-4.132195789960518,34.57877856831197,0,1.0,130.34663430828635,7109.492324885391,85.18428302523847,100.0,0.0,100.0,0,0.0,8.414034148711329e-05,4.626789223168836e-05,3.787244925542493e-05,-5730.195295585762,0,0,0
station_n02_tx100__ChargeAsFastAsPossible__seed3__2022-08-24,2026-08-12T14:05:04.254085,05317b75b2c199f567445246f7dae09fb7632907,station_n02_tx100,2,100,1.0,ChargeAsFastAsPossible,heuristic,3,2022-08-24,96,5.2866,,3,-25.053661530106588,38.719914811306154,0,1.0,145.75195614872,6966.3059441915675,82.86582561201048,100.0,0.0,100.0,0,0.0,9.716063457369139e-05,5.3299081456538365e-05,4.386155311715304e-05,-5957.049606217882,0,0,0
station_n02_tx100__ChargeAsFastAsPossible__seed3__2022-09-17,2026-08-12T14:05:09.625748,05317b75b2c199f567445246f7dae09fb7632907,station_n02_tx100,2,100,1.0,ChargeAsFastAsPossible,heuristic,3,2022-09-17,96,5.3343,,3,-2.6881427864541574,34.57877856831197,0,1.0,129.91058641195042,7250.569838095278,86.57646602509703,100.0,0.0,100.0,0,0.0,8.414034148711329e-05,4.626789223168836e-05,3.787244925542493e-05,-5750.42161684352,0,0,0
station_n02_tx100__ChargeAsFastAsPossible__seed3__2022-11-09,2026-08-12T14:05:15.210685,05317b75b2c199f567445246f7dae09fb7632907,station_n02_tx100,2,100,1.0,ChargeAsFastAsPossible,heuristic,3,2022-11-09,96,5.5458,,3,-6.357377630318988,38.719914811306154,0,1.0,146.3501699025551,7060.4108187755255,83.40463858716136,100.0,0.0,100.0,0,0.0,9.716063457369139e-05,5.3299081456538365e-05,4.386155311715304e-05,-5995.852125624894,0,0,0
station_n02_tx100__ChargeAsFastAsPossible__seed4__2022-01-17,2026-08-12T14:05:20.720399,05317b75b2c199f567445246f7dae09fb7632907,station_n02_tx100,2,100,1.0,ChargeAsFastAsPossible,heuristic,4,2022-01-17,96,5.4797,,3,-14.834058309627773,65.73306325798367,0,1.0,204.4265772679199,12745.756213201747,135.78672406454024,100.0,0.0,100.0,0,0.0,0.00014114108676582405,4.725910810416031e-05,9.388197866166372e-05,-8670.140006363814,0,0,0
station_n02_tx100__ChargeAsFastAsPossible__seed4__2022-02-14,2026-08-12T14:05:26.113086,05317b75b2c199f567445246f7dae09fb7632907,station_n02_tx100,2,100,1.0,ChargeAsFastAsPossible,heuristic,4,2022-02-14,96,5.3468,,3,-12.671213163297484,65.73306325798367,0,1.0,202.69734493834392,11963.267055885744,129.7363334950574,100.0,0.0,100.0,0,0.0,0.00014114108676582405,4.725910810416031e-05,9.388197866166372e-05,-8504.744784496088,0,0,0
station_n02_tx100__ChargeAsFastAsPossible__seed4__2022-03-05,2026-08-12T14:05:31.475084,05317b75b2c199f567445246f7dae09fb7632907,station_n02_tx100,2,100,1.0,ChargeAsFastAsPossible,heuristic,4,2022-03-05,96,5.3247,,2,-8.031382551101558,40.01153162899183,0,1.0,138.38194707408547,8174.488914070686,88.5546818817003,100.0,0.0,100.0,0,0.0,7.868734909564612e-05,2.7943698141587503e-05,5.0743650954058626e-05,-5543.304012718845,0,0,0
station_n02_tx100__ChargeAsFastAsPossible__seed4__2022-04-06,2026-08-12T14:05:36.778216,05317b75b2c199f567445246f7dae09fb7632907,station_n02_tx100,2,100,1.0,ChargeAsFastAsPossible,heuristic,4,2022-04-06,96,5.2689,,3,-12.478584725223122,65.73306325798367,0,1.0,198.56254792427552,12315.81998200069,131.57272729468508,100.0,0.0,100.0,0,0.0,0.00014114108676582405,4.725910810416031e-05,9.388197866166372e-05,-8358.09384427337,0,0,0
station_n02_tx100__ChargeAsFastAsPossible__seed4__2022-05-21,2026-08-12T14:05:42.047167,05317b75b2c199f567445246f7dae09fb7632907,station_n02_tx100,2,100,1.0,ChargeAsFastAsPossible,heuristic,4,2022-05-21,96,5.2218,,2,-2.5671980514547053,40.01153162899183,0,1.0,121.85544958210468,8477.581711964305,91.15924903676043,100.0,0.0,100.0,0,0.0,7.868734909564612e-05,2.7943698141587503e-05,5.0743650954058626e-05,-5083.620150116926,0,0,0
station_n02_tx100__ChargeAsFastAsPossible__seed4__2022-06-15,2026-08-12T14:05:47.235013,05317b75b2c199f567445246f7dae09fb7632907,station_n02_tx100,2,100,1.0,ChargeAsFastAsPossible,heuristic,4,2022-06-15,96,5.1487,,3,-12.7433428327503,65.73306325798367,0,1.0,203.77860608812145,11896.400057310027,128.94824947003153,100.0,0.0,100.0,0,0.0,0.00014114108676582405,4.725910810416031e-05,9.388197866166372e-05,-8502.419299040348,0,0,0
station_n02_tx100__ChargeAsFastAsPossible__seed4__2022-07-10,2026-08-12T14:05:52.745964,05317b75b2c199f567445246f7dae09fb7632907,station_n02_tx100,2,100,1.0,ChargeAsFastAsPossible,heuristic,4,2022-07-10,96,5.4751,,2,-2.8913899113533432,40.01153162899183,0,1.0,127.3108074530515,8116.202101402966,94.98583021861933,100.0,0.0,100.0,0,0.0,7.868734909564612e-05,2.7943698141587503e-05,5.0743650954058626e-05,-5114.236904949477,0,0,0
station_n02_tx100__ChargeAsFastAsPossible__seed4__2022-08-24,2026-08-12T14:05:58.344215,05317b75b2c199f567445246f7dae09fb7632907,station_n02_tx100,2,100,1.0,ChargeAsFastAsPossible,heuristic,4,2022-08-24,96,5.5582,,3,-40.640266631029974,65.73306325798367,0,1.0,202.61173298206327,11920.464390703288,127.9607938624649,100.0,0.0,100.0,0,0.0,0.00014114108676582405,4.725910810416031e-05,9.388197866166372e-05,-8531.808264410722,0,0,0
station_n02_tx100__ChargeAsFastAsPossible__seed4__2022-09-17,2026-08-12T14:06:03.490496,05317b75b2c199f567445246f7dae09fb7632907,station_n02_tx100,2,100,1.0,ChargeAsFastAsPossible,heuristic,4,2022-09-17,96,5.106,,2,-1.1872156607526931,40.01153162899183,0,1.0,122.29198026527486,8257.325184446761,93.10448171609404,100.0,0.0,100.0,0,0.0,7.868734909564612e-05,2.7943698141587503e-05,5.0743650954058626e-05,-5082.277654211613,0,0,0
station_n02_tx100__ChargeAsFastAsPossible__seed4__2022-11-09,2026-08-12T14:06:08.872788,05317b75b2c199f567445246f7dae09fb7632907,station_n02_tx100,2,100,1.0,ChargeAsFastAsPossible,heuristic,4,2022-11-09,96,5.3444,,3,-9.924404107555372,65.73306325798367,0,1.0,203.24882482947353,12172.657117750663,130.41112948859714,100.0,0.0,100.0,0,0.0,0.00014114108676582405,4.725910810416031e-05,9.388197866166372e-05,-8587.637937488678,0,0,0
station_n02_tx100__RoundRobin__seed0__2022-01-17,2026-08-12T14:06:14.433779,05317b75b2c199f567445246f7dae09fb7632907,station_n02_tx100,2,100,1.0,RoundRobin,heuristic,0,2022-01-17,96,5.519,,3,-7.47242579261129,36.790756340293775,0,1.0,0.0035932191516862,657.6998636662461,24.221952341619325,100.0,0.0,100.0,0,0.0,9.68959888568326e-05,6.20978950188748e-05,3.479809383795782e-05,-9.061970926325625,0,0,0
station_n02_tx100__RoundRobin__seed0__2022-02-14,2026-08-12T14:06:19.916613,05317b75b2c199f567445246f7dae09fb7632907,station_n02_tx100,2,100,1.0,RoundRobin,heuristic,0,2022-02-14,96,5.4448,,3,-6.710055166391816,36.7983237576597,0,1.0,0.002543256498526769,633.6940916610399,24.57856152248101,100.0,0.0,100.0,0,0.0,9.678445560399506e-05,6.210146078802928e-05,3.4682994815965774e-05,-56.78585191640731,0,0,0
station_n02_tx100__RoundRobin__seed0__2022-03-05,2026-08-12T14:06:25.589942,05317b75b2c199f567445246f7dae09fb7632907,station_n02_tx100,2,100,1.0,RoundRobin,heuristic,0,2022-03-05,96,5.6323,,4,-21.180283669672885,61.637322751908066,0,1.0,0.004479989500016934,1084.5921828284468,34.6636507652297,100.0,0.0,100.0,0,0.0,0.00013939088123109602,7.129792216638665e-05,6.809295906470937e-05,-78.18576227946771,0,0,0
station_n02_tx100__RoundRobin__seed0__2022-04-06,2026-08-12T14:06:31.755894,05317b75b2c199f567445246f7dae09fb7632907,station_n02_tx100,2,100,1.0,RoundRobin,heuristic,0,2022-04-06,96,6.1167,,3,-6.663475045506397,36.735993465135664,0,1.0,0.0017465162107643817,674.6707186496676,24.824483591260577,100.0,0.0,100.0,0,0.0,9.749275589362782e-05,6.200627240305517e-05,3.548648349057264e-05,-41.33168692976583,0,0,0
v2ggrid_smoke_test__ChargeAsFastAsPossible__seed12345,2026-08-12T14:06:33.409053,05317b75b2c199f567445246f7dae09fb7632907,v2ggrid_smoke_test,150,,,ChargeAsFastAsPossible,heuristic,12345,2023-03-03,96,,pipeline_smoke_test_grid,82,-171.2951047,1232.0099999999998,0,1.0,1058.25418753002,635515.1875435964,1487.8530076771672,100.0,0.0,100.0,0,0.0,0.0028725779817524045,0.0014403174373394227,0.001432260544412982,-111296.02604309928,"(np.float64(0.0),)","(np.float64(-0.1067670665050336),)",47
station_n02_tx100__RoundRobin__seed0__2022-05-21,2026-08-12T14:06:37.307263,05317b75b2c199f567445246f7dae09fb7632907,station_n02_tx100,2,100,1.0,RoundRobin,heuristic,0,2022-05-21,96,5.5074,,4,-9.970690764325537,61.66983349130344,0,1.0,0.0025059425112106126,1146.186691499379,40.55595481339881,100.0,0.0,100.0,0,0.0,0.0001398041408196958,7.166490245196064e-05,6.813923836773513e-05,-43.848589130073776,0,0,0
station_n02_tx100__RoundRobin__seed0__2022-06-15,2026-08-12T14:06:42.559701,05317b75b2c199f567445246f7dae09fb7632907,station_n02_tx100,2,100,1.0,RoundRobin,heuristic,0,2022-06-15,96,5.2119,,3,-7.0459179628656115,36.81722552208498,0,1.0,0.0014528812705791472,582.3108039031173,22.74768403856438,100.0,0.0,100.0,0,0.0,9.726629425880115e-05,6.196316006678906e-05,3.5303134192012093e-05,-0.3237993121756358,0,0,0
station_n02_tx100__RoundRobin__seed0__2022-07-10,2026-08-12T14:06:47.968507,05317b75b2c199f567445246f7dae09fb7632907,station_n02_tx100,2,100,1.0,RoundRobin,heuristic,0,2022-07-10,96,5.3744,,4,-16.600968625585384,61.632210483924325,0,1.0,0.000804183935698255,1150.1910593561713,40.26065106285525,100.0,0.0,100.0,0,0.0,0.00013956442985892158,7.153897276461518e-05,6.802545709430643e-05,-69.71078822868064,0,0,0
station_n02_tx100__RoundRobin__seed0__2022-08-24,2026-08-12T14:06:53.264510,05317b75b2c199f567445246f7dae09fb7632907,station_n02_tx100,2,100,1.0,RoundRobin,heuristic,0,2022-08-24,96,5.26,,3,-20.636885775207848,36.76320312195967,0,1.0,0.003483430717075381,667.0829623682541,25.151973391874474,100.0,0.0,100.0,0,0.0,9.737898790739257e-05,6.195521342047667e-05,3.54237744869159e-05,-31.769199271747027,0,0,0
station_n02_tx100__RoundRobin__seed0__2022-09-17,2026-08-12T14:06:58.523610,05317b75b2c199f567445246f7dae09fb7632907,station_n02_tx100,2,100,1.0,RoundRobin,heuristic,0,2022-09-17,96,5.2319,,4,-7.368297726285741,61.604594874461185,0,1.0,0.001920428648106931,1294.6265017705812,43.070904421128986,100.0,0.0,100.0,0,0.0,0.00013917404118773537,7.075361804678456e-05,6.84204231409508e-05,-158.794976631988,0,0,0
station_n02_tx100__RoundRobin__seed0__2022-11-09,2026-08-12T14:07:04.214074,05317b75b2c199f567445246f7dae09fb7632907,station_n02_tx100,2,100,1.0,RoundRobin,heuristic,0,2022-11-09,96,5.6587,,3,-4.826838890838564,36.76164423893282,0,1.0,0.004544390700614409,637.9991090254924,23.887458527865245,100.0,0.0,100.0,0,0.0,9.723664142305982e-05,6.190283110857168e-05,3.533381031448814e-05,-50.58564891595361,0,0,0
station_n02_tx100__RoundRobin__seed1__2022-01-17,2026-08-12T14:07:09.792549,05317b75b2c199f567445246f7dae09fb7632907,station_n02_tx100,2,100,1.0,RoundRobin,heuristic,1,2022-01-17,96,5.5353,,5,-21.734385023920215,98.12062756717756,0,1.0,0.0025073721354342826,3690.0276108754656,63.88492522347157,100.0,0.0,100.0,0,0.0,0.00020398369895863273,8.545913382904417e-05,0.00011852456512958857,-366.8480876518382,0,0,0
station_n02_tx100__RoundRobin__seed1__2022-02-14,2026-08-12T14:07:15.037417,05317b75b2c199f567445246f7dae09fb7632907,station_n02_tx100,2,100,1.0,RoundRobin,heuristic,1,2022-02-14,96,5.2063,,5,-19.877788381189866,98.04430005227701,0,1.0,0.002573116560897759,3119.5607027877,61.81907754268392,100.0,0.0,100.0,0,0.0,0.00020237506704592285,8.571649499198749e-05,0.00011665857205393534,-214.22510818455166,0,0,0
station_n02_tx100__RoundRobin__seed1__2022-03-05,2026-08-12T14:07:20.837073,05317b75b2c199f567445246f7dae09fb7632907,station_n02_tx100,2,100,1.0,RoundRobin,heuristic,1,2022-03-05,96,5.7639,,5,-30.259052626693375,97.21226587516607,0,1.0,0.0030635926029948246,2839.5487185398106,62.74503890062041,100.0,0.0,100.0,0,0.0,0.00020228687941478286,8.58384646092983e-05,0.00011644841480548455,-239.95812864015463,0,0,0
station_n02_tx100__RoundRobin__seed1__2022-04-06,2026-08-12T14:07:26.678490,05317b75b2c199f567445246f7dae09fb7632907,station_n02_tx100,2,100,1.0,RoundRobin,heuristic,1,2022-04-06,96,5.7956,,5,-18.926050936417305,98.03553113942613,0,1.0,0.0029411518087141264,3520.9417742368328,64.07658690675825,100.0,0.0,100.0,0,0.0,0.00020320250311044004,8.570108192440698e-05,0.00011750142118603307,-436.81364088702435,0,0,0
station_n02_tx100__RoundRobin__seed1__2022-05-21,2026-08-12T14:07:32.343786,05317b75b2c199f567445246f7dae09fb7632907,station_n02_tx100,2,100,1.0,RoundRobin,heuristic,1,2022-05-21,96,5.6296,,5,-12.827214658178832,97.25182166474644,0,1.0,0.0022476363401899846,3770.906835745973,69.04679088459561,100.0,0.0,100.0,0,0.0,0.00020060188184030427,8.634208705091626e-05,0.00011425979478938802,-391.21869658029516,0,0,0
station_n02_tx100__RoundRobin__seed1__2022-06-15,2026-08-12T14:07:37.913377,05317b75b2c199f567445246f7dae09fb7632907,station_n02_tx100,2,100,1.0,RoundRobin,heuristic,1,2022-06-15,96,5.52,,5,-19.94538852756069,98.05546060438081,0,1.0,0.002870743301400469,3404.744870324324,62.17646287080866,100.0,0.0,100.0,0,0.0,0.0002064020324012103,8.566631797308141e-05,0.00012073571442812892,-602.1365465028473,0,0,0
station_n02_tx100__RoundRobin__seed1__2022-07-10,2026-08-12T14:07:43.774589,05317b75b2c199f567445246f7dae09fb7632907,station_n02_tx100,2,100,1.0,RoundRobin,heuristic,1,2022-07-10,96,5.8159,,5,-15.39456614933604,97.24482899677395,0,1.0,0.0012995632644512423,3409.9063265183736,71.66625627235835,100.0,0.0,100.0,0,0.0,0.00020020644936762398,8.74773131896097e-05,0.0001127291361780143,-315.34982813400296,0,0,0
station_n02_tx100__RoundRobin__seed1__2022-08-24,2026-08-12T14:07:49.561919,05317b75b2c199f567445246f7dae09fb7632907,station_n02_tx100,2,100,1.0,RoundRobin,heuristic,1,2022-08-24,96,5.7468,,5,-59.06543948372715,98.11082198928082,0,1.0,0.001668298114358313,3459.7121679015595,63.12023044002032,100.0,0.0,100.0,0,0.0,0.00020625013800919028,8.565874968010476e-05,0.00012059138832908553,-545.9932303362382,0,0,0
station_n02_tx100__RoundRobin__seed1__2022-09-17,2026-08-12T14:07:55.280982,05317b75b2c199f567445246f7dae09fb7632907,station_n02_tx100,2,100,1.0,RoundRobin,heuristic,1,2022-09-17,96,5.6748,,5,-7.88523477934162,97.25492411276784,0,1.0,0.002812425762945381,3823.957340605998,78.02746105156699,100.0,0.0,100.0,0,0.0,0.00020133954587720702,8.729994424177752e-05,0.0001140396016354295,-101.27511343880815,0,0,0
station_n02_tx100__RoundRobin__seed1__2022-11-09,2026-08-12T14:08:01.035818,05317b75b2c199f567445246f7dae09fb7632907,station_n02_tx100,2,100,1.0,RoundRobin,heuristic,1,2022-11-09,96,5.7101,,5,-14.310403058546909,98.08221050895295,0,1.0,0.0027406989835351836,3353.587898204554,61.08607642759717,100.0,0.0,100.0,0,0.0,0.00020346558524660148,8.539858304391086e-05,0.00011806700220269062,-318.76087944537016,0,0,0
station_n02_tx100__RoundRobin__seed2__2022-01-17,2026-08-12T14:08:06.607158,05317b75b2c199f567445246f7dae09fb7632907,station_n02_tx100,2,100,1.0,RoundRobin,heuristic,2,2022-01-17,96,5.527,,2,-6.14265380312725,29.012099278869332,0,1.0,0.002377318995526956,353.38050286811017,9.597966097234508,100.0,0.0,100.0,0,0.0,6.32237336347695e-05,3.132386777514018e-05,3.189986585962931e-05,-157.7458503819499,0,0,0
station_n02_tx100__RoundRobin__seed2__2022-02-14,2026-08-12T14:08:12.139000,05317b75b2c199f567445246f7dae09fb7632907,station_n02_tx100,2,100,1.0,RoundRobin,heuristic,2,2022-02-14,96,5.4732,,2,-4.5578323080941585,28.997166189556623,0,1.0,0.0008805948465979707,351.03683046094864,12.562979333975182,100.0,0.0,100.0,0,0.0,6.342967335892548e-05,3.13692918047073e-05,3.206038155421818e-05,-143.24909021697596,0,0,0
station_n02_tx100__RoundRobin__seed2__2022-03-05,2026-08-12T14:08:17.770556,05317b75b2c199f567445246f7dae09fb7632907,station_n02_tx100,2,100,1.0,RoundRobin,heuristic,2,2022-03-05,96,5.5933,,2,-7.29568508812487,29.21262949156647,0,1.0,0.0010933190579860974,673.4168431778467,17.167153539775633,100.0,0.0,100.0,0,0.0,6.085322589357375e-05,2.9010449541079256e-05,3.1842776352494496e-05,-199.0452991045906,0,0,0
station_n02_tx100__RoundRobin__seed2__2022-04-06,2026-08-12T14:08:23.374736,05317b75b2c199f567445246f7dae09fb7632907,station_n02_tx100,2,100,1.0,RoundRobin,heuristic,2,2022-04-06,96,5.5484,,2,-5.145933624249167,29.02841259473788,0,1.0,0.0010804261401713422,638.949405075441,16.52281261061264,100.0,0.0,100.0,0,0.0,6.409513852092971e-05,3.157482647607191e-05,3.252031204485781e-05,-111.90086848915044,0,0,0
station_n02_tx100__RoundRobin__seed2__2022-05-21,2026-08-12T14:08:29.165817,05317b75b2c199f567445246f7dae09fb7632907,station_n02_tx100,2,100,1.0,RoundRobin,heuristic,2,2022-05-21,96,5.7488,,2,-0.969101406997346,29.24786870520891,0,1.0,0.0005232842351556855,830.5310899019818,22.16625904524128,100.0,0.0,100.0,0,0.0,6.3084921365831e-05,2.9509518119713072e-05,3.3575403246117924e-05,-75.83922057772963,0,0,0
station_n02_tx100__RoundRobin__seed2__2022-06-15,2026-08-12T14:08:35.080509,05317b75b2c199f567445246f7dae09fb7632907,station_n02_tx100,2,100,1.0,RoundRobin,heuristic,2,2022-06-15,96,5.8755,,2,-4.7221236189927005,29.00291820906353,0,1.0,0.0012982678263901981,323.13382068571104,12.342599090117988,100.0,0.0,100.0,0,0.0,6.33919378646952e-05,3.1397424374506196e-05,3.1994513490189e-05,-127.61348131440002,0,0,0
station_n02_tx100__RoundRobin__seed2__2022-07-10,2026-08-12T14:08:40.781985,05317b75b2c199f567445246f7dae09fb7632907,station_n02_tx100,2,100,1.0,RoundRobin,heuristic,2,2022-07-10,96,5.6618,,2,-2.047176182721116,29.214313679051585,0,1.0,0.0005557614132154498,943.1965093896431,22.863407383939435,100.0,0.0,100.0,0,0.0,6.285709992129564e-05,2.9351147511519917e-05,3.3505952409775725e-05,-99.26970504850522,0,0,0
station_n02_tx100__RoundRobin__seed2__2022-08-24,2026-08-12T14:08:46.628885,05317b75b2c199f567445246f7dae09fb7632907,station_n02_tx100,2,100,1.0,RoundRobin,heuristic,2,2022-08-24,96,5.8053,,2,-16.08363702533359,28.995662448942845,0,1.0,0.00021938461772119666,553.7734769683095,15.811005958092897,100.0,0.0,100.0,0,0.0,6.307450432815519e-05,3.160965300296205e-05,3.146485132519315e-05,-1.9666472937577701,0,0,0
station_n02_tx100__RoundRobin__seed2__2022-09-17,2026-08-12T14:08:52.408829,05317b75b2c199f567445246f7dae09fb7632907,station_n02_tx100,2,100,1.0,RoundRobin,heuristic,2,2022-09-17,96,5.7389,,2,-0.16885420173663465,29.24573298398814,0,1.0,0.0005114439323672393,927.1673203571663,23.467415519917463,100.0,0.0,100.0,0,0.0,6.282389079975542e-05,2.9400060376676914e-05,3.3423830423078495e-05,-46.537015643843425,0,0,0
station_n02_tx100__RoundRobin__seed2__2022-11-09,2026-08-12T14:08:58.033259,05317b75b2c199f567445246f7dae09fb7632907,station_n02_tx100,2,100,1.0,RoundRobin,heuristic,2,2022-11-09,96,5.5956,,2,-4.03783187643981,29.039699048100083,0,1.0,0.001291500420633085,481.107463834407,13.421361309853324,100.0,0.0,100.0,0,0.0,6.360780103543859e-05,3.1557414961004966e-05,3.205038607443361e-05,-20.153813784062795,0,0,0
station_n02_tx100__RoundRobin__seed3__2022-01-17,2026-08-12T14:09:03.622845,05317b75b2c199f567445246f7dae09fb7632907,station_n02_tx100,2,100,1.0,RoundRobin,heuristic,3,2022-01-17,96,5.5408,,3,-7.924465721980648,37.72487752432817,0,0.9969642857142857,0.0024327390440515018,382.42571298809344,15.588279241835416,99.59523809523812,0.5724197752462432,98.7857142857143,0,0.0,8.684178718954975e-05,5.059508315070014e-05,3.624670403884961e-05,-117.56564045598557,0,0,0
station_n02_tx100__RoundRobin__seed3__2022-02-14,2026-08-12T14:09:09.291552,05317b75b2c199f567445246f7dae09fb7632907,station_n02_tx100,2,100,1.0,RoundRobin,heuristic,3,2022-02-14,96,5.6191,,3,-7.506335916292121,34.677747516265846,0,0.9861785714285713,0.001169259492097785,320.79000213612755,14.517892864103677,98.15714285714284,2.606193564944709,94.47142857142856,0,0.0,8.27865343431119e-05,5.03666204301288e-05,3.241991391298311e-05,-78.98078175945575,0,0,0
station_n02_tx100__RoundRobin__seed3__2022-03-05,2026-08-12T14:09:14.984882,05317b75b2c199f567445246f7dae09fb7632907,station_n02_tx100,2,100,1.0,RoundRobin,heuristic,3,2022-03-05,96,5.6553,,3,-10.172315252527216,34.45561276484537,0,1.0,0.002204679821394273,422.91096839584026,14.18884802849474,100.0,0.0,100.0,0,0.0,7.658756297390209e-05,4.406959196503858e-05,3.2517971008863505e-05,-87.80636337770821,0,0,0
station_n02_tx100__RoundRobin__seed3__2022-04-06,2026-08-12T14:09:20.546397,05317b75b2c199f567445246f7dae09fb7632907,station_n02_tx100,2,100,1.0,RoundRobin,heuristic,3,2022-04-06,96,5.5242,,3,-7.102418742591784,37.0180739693433,0,0.9944642857142857,0.0011834079605740344,357.6891277501214,14.995958073566092,99.26190476190476,1.0438242960372817,97.78571428571429,0,0.0,8.530568484288903e-05,5.039581418091552e-05,3.490987066197352e-05,-73.6182166965996,0,0,0
station_n02_tx100__RoundRobin__seed3__2022-05-21,2026-08-12T14:09:26.189738,05317b75b2c199f567445246f7dae09fb7632907,station_n02_tx100,2,100,1.0,RoundRobin,heuristic,3,2022-05-21,96,5.6075,,3,-3.776484460149499,34.44601782228431,0,1.0,0.0014460620980623062,588.6063258946942,19.209489140865298,100.0,0.0,100.0,0,0.0,7.732409699026708e-05,4.43365213031909e-05,3.298757568707616e-05,-79.11768521354745,0,0,0
station_n02_tx100__RoundRobin__seed3__2022-06-15,2026-08-12T14:09:31.645209,05317b75b2c199f567445246f7dae09fb7632907,station_n02_tx100,2,100,1.0,RoundRobin,heuristic,3,2022-06-15,96,5.4157,,3,-6.682883150306743,35.06919005935084,0,0.9876071428571429,0.0017924816105945318,301.33846512059927,13.959646160078151,98.34761904761905,2.3368195530641134,95.04285714285714,0,0.0,8.263289500761539e-05,5.010394212031019e-05,3.252895288730519e-05,-56.57892637512094,0,0,0
station_n02_tx100__RoundRobin__seed3__2022-07-10,2026-08-12T14:09:37.117220,05317b75b2c199f567445246f7dae09fb7632907,station_n02_tx100,2,100,1.0,RoundRobin,heuristic,3,2022-07-10,96,5.4397,,3,-5.611243237713017,34.517622734007745,0,1.0,0.0015239194163392256,549.9500577924331,20.07288366510762,100.0,0.0,100.0,0,0.0,7.70691467851351e-05,4.4584245393154194e-05,3.24849013919809e-05,-10.570071441476403,0,0,0
station_n02_tx100__RoundRobin__seed3__2022-08-24,2026-08-12T14:09:42.851542,05317b75b2c199f567445246f7dae09fb7632907,station_n02_tx100,2,100,1.0,RoundRobin,heuristic,3,2022-08-24,96,5.6904,,3,-21.320760567868348,36.33804303487888,0,0.9920714285714286,0.001326224485116323,242.76456781720537,12.372382426320293,98.94285714285714,1.4950257659372683,96.82857142857144,0,0.0,8.43564982898641e-05,5.019076073264549e-05,3.416573755721861e-05,-69.79380017539779,0,0,0
station_n02_tx100__RoundRobin__seed3__2022-09-17,2026-08-12T14:09:48.615131,05317b75b2c199f567445246f7dae09fb7632907,station_n02_tx100,2,100,1.0,RoundRobin,heuristic,3,2022-09-17,96,5.7274,,3,-3.2216588925970284,34.47385101739901,0,1.0,0.0018298761580624046,660.8625228842051,21.727015308113792,100.0,0.0,100.0,0,0.0,7.628652846609149e-05,4.4336462952499026e-05,3.195006551359247e-05,-97.51313106199355,0,0,0
station_n02_tx100__RoundRobin__seed3__2022-11-09,2026-08-12T14:09:53.993533,05317b75b2c199f567445246f7dae09fb7632907,station_n02_tx100,2,100,1.0,RoundRobin,heuristic,3,2022-11-09,96,5.3493,,3,-4.924814166950332,35.54785601069159,0,0.9891785714285715,0.002953060946362829,302.8085533797095,13.403088966971561,98.55714285714286,2.0405081399954628,95.67142857142858,0,0.0,8.303432665371022e-05,5.02312028684365e-05,3.280312378527372e-05,-38.29083384829144,0,0,0
station_n02_tx100__RoundRobin__seed4__2022-01-17,2026-08-12T14:09:59.503431,05317b75b2c199f567445246f7dae09fb7632907,station_n02_tx100,2,100,1.0,RoundRobin,heuristic,4,2022-01-17,96,5.4719,,3,-14.74892770008597,65.64934982950304,0,1.0,0.001857631559041506,1261.9451980135364,33.65807767484041,100.0,0.0,100.0,0,0.0,0.00012948086993899382,4.415067126083184e-05,8.5330198678162e-05,-44.51284581571845,0,0,0
station_n02_tx100__RoundRobin__seed4__2022-02-14,2026-08-12T14:10:04.957537,05317b75b2c199f567445246f7dae09fb7632907,station_n02_tx100,2,100,1.0,RoundRobin,heuristic,4,2022-02-14,96,5.4146,,3,-14.670024446503223,65.64453121513185,0,1.0,0.0010311295652885022,798.9147386780536,28.476708633519845,100.0,0.0,100.0,0,0.0,0.00012917916292971358,4.422204089280656e-05,8.4957122036907e-05,-123.88996272627742,0,0,0
station_n02_tx100__RoundRobin__seed4__2022-03-05,2026-08-12T14:10:10.828638,05317b75b2c199f567445246f7dae09fb7632907,station_n02_tx100,2,100,1.0,RoundRobin,heuristic,4,2022-03-05,96,5.8291,,2,-9.25682188304149,39.94574233401897,0,1.0,0.0004215841606267645,804.3257611226413,19.42970843171074,100.0,0.0,100.0,0,0.0,7.290691029639436e-05,2.6320017087724897e-05,4.6586893208669454e-05,-152.1153061370899,0,0,0
station_n02_tx100__RoundRobin__seed4__2022-04-06,2026-08-12T14:10:16.352859,05317b75b2c199f567445246f7dae09fb7632907,station_n02_tx100,2,100,1.0,RoundRobin,heuristic,4,2022-04-06,96,5.4837,,3,-12.405962683124091,65.64311123879507,0,1.0,0.0026219188616662947,1273.4565442138617,32.38271631116673,100.0,0.0,100.0,0,0.0,0.00013061358350680084,4.4425742774683756e-05,8.618784073211711e-05,-510.7719125653556,0,0,0
station_n02_tx100__RoundRobin__seed4__2022-05-21,2026-08-12T14:10:21.839675,05317b75b2c199f567445246f7dae09fb7632907,station_n02_tx100,2,100,1.0,RoundRobin,heuristic,4,2022-05-21,96,5.4459,,2,-1.6339417220031183,39.96545503392224,0,1.0,0.0010855445419535314,1583.0172614174921,30.278143613048705,100.0,0.0,100.0,0,0.0,7.366128046584742e-05,2.659240716406913e-05,4.706887330177829e-05,-126.96929950048963,0,0,0
station_n02_tx100__RoundRobin__seed4__2022-06-15,2026-08-12T14:10:27.551383,05317b75b2c199f567445246f7dae09fb7632907,station_n02_tx100,2,100,1.0,RoundRobin,heuristic,4,2022-06-15,96,5.6692,,3,-12.400279593125179,65.63719767124985,0,1.0,0.0012257012605771667,955.8867272321165,27.15542486333491,100.0,0.0,100.0,0,0.0,0.0001290575926607078,4.39190819863773e-05,8.51385106743305e-05,-21.622452692383334,0,0,0
station_n02_tx100__RoundRobin__seed4__2022-07-10,2026-08-12T14:10:32.989247,05317b75b2c199f567445246f7dae09fb7632907,station_n02_tx100,2,100,1.0,RoundRobin,heuristic,4,2022-07-10,96,5.4006,,2,-2.2432281663998292,39.9708795559515,0,1.0,0.0008809475316864379,1250.3179820383818,31.371519038899756,100.0,0.0,100.0,0,0.0,7.321291135838214e-05,2.6662569638537173e-05,4.6550341719844966e-05,-121.0957442014863,0,0,0
station_n02_tx100__RoundRobin__seed4__2022-08-24,2026-08-12T14:10:38.408760,05317b75b2c199f567445246f7dae09fb7632907,station_n02_tx100,2,100,1.0,RoundRobin,heuristic,4,2022-08-24,96,5.3845,,3,-37.8954116506978,65.61103088378742,0,1.0,0.0009144317288916071,768.4313924300591,26.777416961493955,100.0,0.0,100.0,0,0.0,0.00013066651395729863,4.4061554355402745e-05,8.66049596018959e-05,-177.34142771320592,0,0,0
station_n02_tx100__RoundRobin__seed4__2022-09-17,2026-08-12T14:10:43.908830,05317b75b2c199f567445246f7dae09fb7632907,station_n02_tx100,2,100,1.0,RoundRobin,heuristic,4,2022-09-17,96,5.4607,,2,-0.6296343756677096,39.958261739530705,0,1.0,0.0007873038298065183,1584.2483519486225,32.012155124832645,100.0,0.0,100.0,0,0.0,7.290804211600548e-05,2.6637623716165808e-05,4.627041839983968e-05,-25.00179402772061,0,0,0
station_n02_tx100__RoundRobin__seed4__2022-11-09,2026-08-12T14:10:49.354333,05317b75b2c199f567445246f7dae09fb7632907,station_n02_tx100,2,100,1.0,RoundRobin,heuristic,4,2022-11-09,96,5.4075,,3,-9.506886653535187,65.60137362469732,0,1.0,0.0004615471314937114,962.6230283286416,28.918637480712487,100.0,0.0,100.0,0,0.0,0.00013095783973895926,4.4103824839531944e-05,8.68540148994273e-05,-224.55161126051286,0,0,0
station_n16_tx100__ChargeAsFastAsPossible__seed0__2022-01-17,2026-08-12T14:10:54.900112,05317b75b2c199f567445246f7dae09fb7632907,station_n16_tx100,16,100,8.0,ChargeAsFastAsPossible,heuristic,0,2022-01-17,96,5.505,,28,-105.78716162733969,452.12945997524446,0,1.0,550.0733840005171,126216.88051756637,621.5238717837443,100.0,0.0,100.0,0,89.4481924780873,0.0010486442720235919,0.0004723608365110873,0.0005762834355125044,-47503.55946373546,0,0,0
station_n16_tx100__ChargeAsFastAsPossible__seed0__2022-02-14,2026-08-12T14:11:00.507527,05317b75b2c199f567445246f7dae09fb7632907,station_n16_tx100,16,100,8.0,ChargeAsFastAsPossible,heuristic,0,2022-02-14,96,5.5615,,28,-87.91767908718731,452.12945997524446,0,1.0,588.9833558867305,129181.79238805489,630.5942743189087,100.0,0.0,100.0,0,89.4481924780873,0.0010486442720235919,0.0004723608365110873,0.0005762834355125044,-48952.22679997124,0,0,0
station_n16_tx100__ChargeAsFastAsPossible__seed0__2022-03-05,2026-08-12T14:11:06.084812,05317b75b2c199f567445246f7dae09fb7632907,station_n16_tx100,16,100,8.0,ChargeAsFastAsPossible,heuristic,0,2022-03-05,96,5.5262,,26,-125.48201192097976,415.9916281591519,0,1.0,651.2474096696549,153201.82159073156,637.1308598454495,100.0,0.0,100.0,0,100.29698453129383,0.0009394014690894428,0.0004112404753637387,0.0005281609937257041,-45503.31790361203,0,0,0
station_n16_tx100__ChargeAsFastAsPossible__seed0__2022-04-06,2026-08-12T14:11:11.646597,05317b75b2c199f567445246f7dae09fb7632907,station_n16_tx100,16,100,8.0,ChargeAsFastAsPossible,heuristic,0,2022-04-06,96,5.5157,,28,-88.74319008761827,452.12945997524446,0,1.0,558.1073413434817,121447.94344219242,611.4236728152148,100.0,0.0,100.0,0,89.4481924780873,0.0010486442720235919,0.0004723608365110873,0.0005762834355125044,-47582.23514658514,0,0,0
station_n16_tx100__ChargeAsFastAsPossible__seed0__2022-05-21,2026-08-12T14:11:17.215751,05317b75b2c199f567445246f7dae09fb7632907,station_n16_tx100,16,100,8.0,ChargeAsFastAsPossible,heuristic,0,2022-05-21,96,5.5334,,26,-50.21540515065021,415.9916281591519,0,1.0,736.9469953666865,175557.70047015027,685.546983344715,100.0,0.0,100.0,0,100.29698453129383,0.0009394014690894428,0.0004112404753637387,0.0005281609937257041,-52561.67969844478,0,0,0
station_n16_tx100__ChargeAsFastAsPossible__seed0__2022-06-15,2026-08-12T14:11:22.733544,05317b75b2c199f567445246f7dae09fb7632907,station_n16_tx100,16,100,8.0,ChargeAsFastAsPossible,heuristic,0,2022-06-15,96,5.4705,,28,-90.03857099235422,452.12945997524446,0,1.0,605.1351914673713,131075.40061686528,638.2960755616759,100.0,0.0,100.0,0,89.4481924780873,0.0010486442720235919,0.0004723608365110873,0.0005762834355125044,-50793.31160213085,0,0,0
station_n16_tx100__ChargeAsFastAsPossible__seed0__2022-07-10,2026-08-12T14:11:28.207253,05317b75b2c199f567445246f7dae09fb7632907,station_n16_tx100,16,100,8.0,ChargeAsFastAsPossible,heuristic,0,2022-07-10,96,5.4297,,26,-64.13191482479178,415.9916281591519,0,1.0,602.1077720933399,151939.06998794875,627.3343885403939,100.0,0.0,100.0,0,100.29698453129383,0.0009394014690894428,0.0004112404753637387,0.0005281609937257041,-45395.91510990283,0,0,0
station_n16_tx100__ChargeAsFastAsPossible__seed0__2022-08-24,2026-08-12T14:11:33.804044,05317b75b2c199f567445246f7dae09fb7632907,station_n16_tx100,16,100,8.0,ChargeAsFastAsPossible,heuristic,0,2022-08-24,96,5.5579,,28,-284.4763847996243,452.12945997524446,0,1.0,571.3143138304775,127253.13840251199,626.6832523896823,100.0,0.0,100.0,0,89.4481924780873,0.0010486442720235919,0.0004723608365110873,0.0005762834355125044,-48770.74176943023,0,0,0
station_n16_tx100__ChargeAsFastAsPossible__seed0__2022-09-17,2026-08-12T14:11:39.356251,05317b75b2c199f567445246f7dae09fb7632907,station_n16_tx100,16,100,8.0,ChargeAsFastAsPossible,heuristic,0,2022-09-17,96,5.5116,,26,-35.7920403113262,415.9916281591519,0,1.0,638.2743489297553,156098.94784978253,641.4599079172347,100.0,0.0,100.0,0,100.29698453129383,0.0009394014690894428,0.0004112404753637387,0.0005281609937257041,-47496.91271002226,0,0,0
station_n16_tx100__ChargeAsFastAsPossible__seed0__2022-11-09,2026-08-12T14:11:44.766596,05317b75b2c199f567445246f7dae09fb7632907,station_n16_tx100,16,100,8.0,ChargeAsFastAsPossible,heuristic,0,2022-11-09,96,5.3719,,28,-70.35619374771764,452.12945997524446,0,1.0,563.027564354516,125647.70699577747,620.994631407171,100.0,0.0,100.0,0,89.4481924780873,0.0010486442720235919,0.0004723608365110873,0.0005762834355125044,-47737.38000524304,0,0,0
station_n16_tx100__ChargeAsFastAsPossible__seed1__2022-01-17,2026-08-12T14:11:50.291404,05317b75b2c199f567445246f7dae09fb7632907,station_n16_tx100,16,100,8.0,ChargeAsFastAsPossible,heuristic,1,2022-01-17,96,5.4845,,27,-109.95139890276675,495.62227995840817,0,1.0,815.580350894103,179877.7778175455,780.4563428812243,100.0,0.0,100.0,0,97.5469892214679,0.0011089329574026498,0.00046692846102157755,0.0006420044963810723,-50414.96259315432,0,0,0
station_n16_tx100__ChargeAsFastAsPossible__seed1__2022-02-14,2026-08-12T14:11:55.779758,05317b75b2c199f567445246f7dae09fb7632907,station_n16_tx100,16,100,8.0,ChargeAsFastAsPossible,heuristic,1,2022-02-14,96,5.4503,,27,-101.01039372282719,495.62227995840817,0,1.0,863.1756939631206,192943.59824634873,801.5351483951739,100.0,0.0,100.0,0,97.5469892214679,0.0011089329574026498,0.00046692846102157755,0.0006420044963810723,-53000.79348619869,0,0,0
station_n16_tx100__ChargeAsFastAsPossible__seed1__2022-03-05,2026-08-12T14:12:01.376829,05317b75b2c199f567445246f7dae09fb7632907,station_n16_tx100,16,100,8.0,ChargeAsFastAsPossible,heuristic,1,2022-03-05,96,5.5561,,30,-168.36866480209335,524.9566820304123,0,1.0,666.2954733507381,159778.32611342205,730.3985668396131,100.0,0.0,100.0,0,88.03847606717427,0.0011750916549073246,0.0005006444102428864,0.000674447244664438,-43435.43148824933,0,0,0
station_n16_tx100__ChargeAsFastAsPossible__seed1__2022-04-06,2026-08-12T14:12:07.082544,05317b75b2c199f567445246f7dae09fb7632907,station_n16_tx100,16,100,8.0,ChargeAsFastAsPossible,heuristic,1,2022-04-06,96,5.6706,,27,-98.23920162961505,495.62227995840817,0,1.0,809.0330533147536,180158.18294743897,780.5364675304018,100.0,0.0,100.0,0,97.5469892214679,0.0011089329574026498,0.00046692846102157755,0.0006420044963810723,-49651.508543127406,0,0,0
station_n16_tx100__ChargeAsFastAsPossible__seed1__2022-05-21,2026-08-12T14:12:12.847406,05317b75b2c199f567445246f7dae09fb7632907,station_n16_tx100,16,100,8.0,ChargeAsFastAsPossible,heuristic,1,2022-05-21,96,5.7091,,30,-68.0758594392951,524.9566820304123,0,1.0,694.1994843409169,169378.74582198772,739.2172713908694,100.0,0.0,100.0,0,88.03847606717427,0.0011750916549073246,0.0005006444102428864,0.000674447244664438,-52841.13337702946,0,0,0
station_n16_tx100__ChargeAsFastAsPossible__seed1__2022-06-15,2026-08-12T14:12:18.421204,05317b75b2c199f567445246f7dae09fb7632907,station_n16_tx100,16,100,8.0,ChargeAsFastAsPossible,heuristic,1,2022-06-15,96,5.5371,,27,-103.97196163828522,495.62227995840817,0,1.0,801.6350137213973,174707.31878593142,763.5935916188557,100.0,0.0,100.0,0,97.5469892214679,0.0011089329574026498,0.00046692846102157755,0.0006420044963810723,-49242.217147211755,0,0,0
station_n16_tx100__ChargeAsFastAsPossible__seed1__2022-07-10,2026-08-12T14:12:23.925999,05317b75b2c199f567445246f7dae09fb7632907,station_n16_tx100,16,100,8.0,ChargeAsFastAsPossible,heuristic,1,2022-07-10,96,5.4664,,30,-86.00632543695913,524.9566820304123,0,1.0,629.2925591463236,162883.97351070115,720.7331868506113,100.0,0.0,100.0,0,88.03847606717427,0.0011750916549073246,0.0005006444102428864,0.000674447244664438,-44699.6295665891,0,0,0
station_n16_tx100__ChargeAsFastAsPossible__seed1__2022-08-24,2026-08-12T14:12:29.576892,05317b75b2c199f567445246f7dae09fb7632907,station_n16_tx100,16,100,8.0,ChargeAsFastAsPossible,heuristic,1,2022-08-24,96,5.6099,,27,-312.31989897949745,495.62227995840817,0,1.0,794.2810090127504,178448.6000663443,775.2288295313418,100.0,0.0,100.0,0,97.5469892214679,0.0011089329574026498,0.00046692846102157755,0.0006420044963810723,-49358.64434385561,0,0,0
station_n16_tx100__ChargeAsFastAsPossible__seed1__2022-09-17,2026-08-12T14:12:35.512773,05317b75b2c199f567445246f7dae09fb7632907,station_n16_tx100,16,100,8.0,ChargeAsFastAsPossible,heuristic,1,2022-09-17,96,5.8959,,30,-54.76406571290994,524.9566820304123,0,1.0,729.4133543402695,173056.26545738813,769.1797027153789,100.0,0.0,100.0,0,88.03847606717427,0.0011750916549073246,0.0005006444102428864,0.000674447244664438,-49250.230647153316,0,0,0
station_n16_tx100__ChargeAsFastAsPossible__seed1__2022-11-09,2026-08-12T14:12:41.836119,05317b75b2c199f567445246f7dae09fb7632907,station_n16_tx100,16,100,8.0,ChargeAsFastAsPossible,heuristic,1,2022-11-09,96,6.2686,,27,-73.99759767627197,495.62227995840817,0,1.0,799.8039435105389,177426.17839268257,771.2796671382372,100.0,0.0,100.0,0,97.5469892214679,0.0011089329574026498,0.00046692846102157755,0.0006420044963810723,-49904.63989555412,0,0,0
station_n16_tx100__ChargeAsFastAsPossible__seed2__2022-01-17,2026-08-12T14:12:47.577042,05317b75b2c199f567445246f7dae09fb7632907,station_n16_tx100,16,100,8.0,ChargeAsFastAsPossible,heuristic,2,2022-01-17,96,5.7023,,25,-94.21578927538945,421.0646726049698,0,1.0,803.0835786802586,151865.58812811805,717.0197655849138,100.0,0.0,100.0,0,49.64918977395098,0.000971459677740268,0.0004364085769195982,0.0005350511008206699,-46015.33993130986,0,0,0
station_n16_tx100__ChargeAsFastAsPossible__seed2__2022-02-14,2026-08-12T14:12:53.337294,05317b75b2c199f567445246f7dae09fb7632907,station_n16_tx100,16,100,8.0,ChargeAsFastAsPossible,heuristic,2,2022-02-14,96,5.7189,,25,-88.84560826533013,421.0646726049698,0,1.0,830.6445012334356,156907.35079335773,724.0497936451467,100.0,0.0,100.0,0,49.64918977395098,0.000971459677740268,0.0004364085769195982,0.0005350511008206699,-48739.282215803476,0,0,0
station_n16_tx100__ChargeAsFastAsPossible__seed2__2022-03-05,2026-08-12T14:12:58.849454,05317b75b2c199f567445246f7dae09fb7632907,station_n16_tx100,16,100,8.0,ChargeAsFastAsPossible,heuristic,2,2022-03-05,96,5.4655,,25,-121.97311640657071,410.111995726117,0,1.0,632.5246992320024,139900.69291583347,627.6833286837181,100.0,0.0,100.0,0,64.70961498860349,0.0009003104007999841,0.0003861344344232501,0.000514175966376734,-41364.454508903,0,0,0
station_n16_tx100__ChargeAsFastAsPossible__seed2__2022-04-06,2026-08-12T14:13:04.452883,05317b75b2c199f567445246f7dae09fb7632907,station_n16_tx100,16,100,8.0,ChargeAsFastAsPossible,heuristic,2,2022-04-06,96,5.564,,25,-83.62201683495681,421.0646726049698,0,1.0,821.0570804742242,154136.32523961712,718.8783544505867,100.0,0.0,100.0,0,49.64918977395098,0.000971459677740268,0.0004364085769195982,0.0005350511008206699,-46810.97585874921,0,0,0
station_n16_tx100__ChargeAsFastAsPossible__seed2__2022-05-21,2026-08-12T14:13:09.994479,05317b75b2c199f567445246f7dae09fb7632907,station_n16_tx100,16,100,8.0,ChargeAsFastAsPossible,heuristic,2,2022-05-21,96,5.5018,,25,-45.14515646578603,410.111995726117,0,1.0,676.1197165526713,155858.75709293433,650.8419288197139,100.0,0.0,100.0,0,64.70961498860349,0.0009003104007999841,0.0003861344344232501,0.000514175966376734,-46558.75313196063,0,0,0
station_n16_tx100__ChargeAsFastAsPossible__seed2__2022-06-15,2026-08-12T14:13:15.366101,05317b75b2c199f567445246f7dae09fb7632907,station_n16_tx100,16,100,8.0,ChargeAsFastAsPossible,heuristic,2,2022-06-15,96,5.3324,,25,-86.94769612488385,421.0646726049698,0,1.0,839.6691251678166,157018.40392567552,731.8959648092654,100.0,0.0,100.0,0,49.64918977395098,0.000971459677740268,0.0004364085769195982,0.0005350511008206699,-48079.43818224312,0,0,0
station_n16_tx100__ChargeAsFastAsPossible__seed2__2022-07-10,2026-08-12T14:13:20.734995,05317b75b2c199f567445246f7dae09fb7632907,station_n16_tx100,16,100,8.0,ChargeAsFastAsPossible,heuristic,2,2022-07-10,96,5.3242,,25,-57.95860126616296,410.111995726117,0,1.0,647.9257638064278,150405.35068686254,642.5326551547499,100.0,0.0,100.0,0,64.70961498860349,0.0009003104007999841,0.0003861344344232501,0.000514175966376734,-41872.92125038977,0,0,0
station_n16_tx100__ChargeAsFastAsPossible__seed2__2022-08-24,2026-08-12T14:13:26.313065,05317b75b2c199f567445246f7dae09fb7632907,station_n16_tx100,16,100,8.0,ChargeAsFastAsPossible,heuristic,2,2022-08-24,96,5.5317,,25,-261.42040816338715,421.0646726049698,0,1.0,820.7220365178955,151916.26319851095,718.8976629309941,100.0,0.0,100.0,0,49.64918977395098,0.000971459677740268,0.0004364085769195982,0.0005350511008206699,-46848.09710593932,0,0,0
station_n16_tx100__ChargeAsFastAsPossible__seed2__2022-09-17,2026-08-12T14:13:31.883212,05317b75b2c199f567445246f7dae09fb7632907,station_n16_tx100,16,100,8.0,ChargeAsFastAsPossible,heuristic,2,2022-09-17,96,5.5312,,25,-35.713761557303,410.111995726117,0,1.0,691.3336019374877,163270.41677918297,672.7945652678674,100.0,0.0,100.0,0,64.70961498860349,0.0009003104007999841,0.0003861344344232501,0.000514175966376734,-46061.0508170653,0,0,0
station_n16_tx100__ChargeAsFastAsPossible__seed2__2022-11-09,2026-08-12T14:13:37.493509,05317b75b2c199f567445246f7dae09fb7632907,station_n16_tx100,16,100,8.0,ChargeAsFastAsPossible,heuristic,2,2022-11-09,96,5.5556,,25,-63.90957313204654,421.0646726049698,0,1.0,821.2374745239283,153608.08136221842,722.6739269171119,100.0,0.0,100.0,0,49.64918977395098,0.000971459677740268,0.0004364085769195982,0.0005350511008206699,-47359.43083749167,0,0,0
station_n16_tx100__ChargeAsFastAsPossible__seed3__2022-01-17,2026-08-12T14:13:43.063619,05317b75b2c199f567445246f7dae09fb7632907,station_n16_tx100,16,100,8.0,ChargeAsFastAsPossible,heuristic,3,2022-01-17,96,5.5303,,27,-91.88045508655091,401.61260655186686,0,1.0,673.7118248937732,126993.96217981327,629.0370421626266,100.0,0.0,100.0,0,62.60117941520386,0.0009883642038844194,0.0004912838759846805,0.0004970803278997388,-50171.93970645245,0,0,0
station_n16_tx100__ChargeAsFastAsPossible__seed3__2022-02-14,2026-08-12T14:13:48.503566,05317b75b2c199f567445246f7dae09fb7632907,station_n16_tx100,16,100,8.0,ChargeAsFastAsPossible,heuristic,3,2022-02-14,96,5.4008,,27,-82.90303073722193,401.61260655186686,0,1.0,678.1302756206404,136174.9274692356,634.0380305538798,100.0,0.0,100.0,0,62.60117941520386,0.0009883642038844194,0.0004912838759846805,0.0004970803278997388,-49923.09035750767,0,0,0
station_n16_tx100__ChargeAsFastAsPossible__seed3__2022-03-05,2026-08-12T14:13:54.016656,05317b75b2c199f567445246f7dae09fb7632907,station_n16_tx100,16,100,8.0,ChargeAsFastAsPossible,heuristic,3,2022-03-05,96,5.4748,,26,-114.55280935470793,377.5730715656723,0,1.0,725.0850518186812,157514.58471760765,643.8527335243931,100.0,0.0,100.0,0,128.15822408110924,0.000878428735329929,0.0004166012544577584,0.0004618274808721706,-61058.75026707569,0,0,0
station_n16_tx100__ChargeAsFastAsPossible__seed3__2022-04-06,2026-08-12T14:13:59.647465,05317b75b2c199f567445246f7dae09fb7632907,station_n16_tx100,16,100,8.0,ChargeAsFastAsPossible,heuristic,3,2022-04-06,96,5.5889,,27,-78.74460118249985,401.61260655186686,0,1.0,660.8954859457764,124108.90845216576,621.5693888229553,100.0,0.0,100.0,0,62.60117941520386,0.0009883642038844194,0.0004912838759846805,0.0004970803278997388,-48803.81229217298,0,0,0
station_n16_tx100__ChargeAsFastAsPossible__seed3__2022-05-21,2026-08-12T14:14:05.267535,05317b75b2c199f567445246f7dae09fb7632907,station_n16_tx100,16,100,8.0,ChargeAsFastAsPossible,heuristic,3,2022-05-21,96,5.5782,,26,-43.155667022507984,377.5730715656723,0,1.0,692.4068020856267,156607.72492919862,627.8559603339822,100.0,0.0,100.0,0,128.15822408110924,0.000878428735329929,0.0004166012544577584,0.0004618274808721706,-58778.5861161894,0,0,0
station_n16_tx100__ChargeAsFastAsPossible__seed3__2022-06-15,2026-08-12T14:14:10.749826,05317b75b2c199f567445246f7dae09fb7632907,station_n16_tx100,16,100,8.0,ChargeAsFastAsPossible,heuristic,3,2022-06-15,96,5.4427,,27,-81.31586358248289,401.61260655186686,0,1.0,654.4101823432452,130679.04813191657,637.4722391661522,100.0,0.0,100.0,0,62.60117941520386,0.0009883642038844194,0.0004912838759846805,0.0004970803278997388,-48027.29630564306,0,0,0
station_n16_tx100__ChargeAsFastAsPossible__seed3__2022-07-10,2026-08-12T14:14:16.354687,05317b75b2c199f567445246f7dae09fb7632907,station_n16_tx100,16,100,8.0,ChargeAsFastAsPossible,heuristic,3,2022-07-10,96,5.5655,,26,-58.488642752584795,377.5730715656723,0,1.0,699.5173211512436,151618.83509550444,644.5045467405893,100.0,0.0,100.0,0,128.15822408110924,0.000878428735329929,0.0004166012544577584,0.0004618274808721706,-56609.42052395728,0,0,0
station_n16_tx100__ChargeAsFastAsPossible__seed3__2022-08-24,2026-08-12T14:14:21.900775,05317b75b2c199f567445246f7dae09fb7632907,station_n16_tx100,16,100,8.0,ChargeAsFastAsPossible,heuristic,3,2022-08-24,96,5.5041,,27,-251.38194099184105,401.61260655186686,0,1.0,667.7566766428722,127311.43590731898,630.0561323129058,100.0,0.0,100.0,0,62.60117941520386,0.0009883642038844194,0.0004912838759846805,0.0004970803278997388,-48052.201331395656,0,0,0
station_n16_tx100__ChargeAsFastAsPossible__seed3__2022-09-17,2026-08-12T14:14:27.549270,05317b75b2c199f567445246f7dae09fb7632907,station_n16_tx100,16,100,8.0,ChargeAsFastAsPossible,heuristic,3,2022-09-17,96,5.6124,,26,-33.19708207415524,377.5730715656723,0,1.0,724.7265457198594,157395.97297309354,654.0540342709172,100.0,0.0,100.0,0,128.15822408110924,0.000878428735329929,0.0004166012544577584,0.0004618274808721706,-58609.42124924945,0,0,0
station_n16_tx100__ChargeAsFastAsPossible__seed3__2022-11-09,2026-08-12T14:14:33.079632,05317b75b2c199f567445246f7dae09fb7632907,station_n16_tx100,16,100,8.0,ChargeAsFastAsPossible,heuristic,3,2022-11-09,96,5.4851,,27,-61.6892065084474,401.61260655186686,0,1.0,686.5916619817639,127374.22590867039,630.3227382128778,100.0,0.0,100.0,0,62.60117941520386,0.0009883642038844194,0.0004912838759846805,0.0004970803278997388,-48871.18236973339,0,0,0
station_n16_tx100__ChargeAsFastAsPossible__seed4__2022-01-17,2026-08-12T14:14:38.789587,05317b75b2c199f567445246f7dae09fb7632907,station_n16_tx100,16,100,8.0,ChargeAsFastAsPossible,heuristic,4,2022-01-17,96,5.6812,,27,-85.12729227923933,369.377498610404,0,1.0,660.2058164802729,125452.07789422548,618.2609124041419,100.0,0.0,100.0,0,60.28209481670791,0.0009122240314094539,0.00046402470475551165,0.00044819932665394227,-44961.010759269404,0,0,0
station_n16_tx100__ChargeAsFastAsPossible__seed4__2022-02-14,2026-08-12T14:14:44.368245,05317b75b2c199f567445246f7dae09fb7632907,station_n16_tx100,16,100,8.0,ChargeAsFastAsPossible,heuristic,4,2022-02-14,96,5.541,,27,-78.90710111878572,369.377498610404,0,1.0,684.1786494846901,126717.3846277746,619.4033760317649,100.0,0.0,100.0,0,60.28209481670791,0.0009122240314094539,0.00046402470475551165,0.00044819932665394227,-47634.19595529411,0,0,0
station_n16_tx100__ChargeAsFastAsPossible__seed4__2022-03-05,2026-08-12T14:14:50.316476,05317b75b2c199f567445246f7dae09fb7632907,station_n16_tx100,16,100,8.0,ChargeAsFastAsPossible,heuristic,4,2022-03-05,96,5.8954,,25,-97.8493259727953,335.86508994930927,0,1.0,605.7989319868814,112244.60301417761,561.2173896751206,100.0,0.0,100.0,0,4.172926963432602,0.0008075037614350797,0.00040692715692780855,0.0004005766045072711,-38869.20021445513,0,0,0
station_n16_tx100__ChargeAsFastAsPossible__seed4__2022-04-06,2026-08-12T14:14:56.260213,05317b75b2c199f567445246f7dae09fb7632907,station_n16_tx100,16,100,8.0,ChargeAsFastAsPossible,heuristic,4,2022-04-06,96,5.9036,,27,-75.39312910134554,369.377498610404,0,1.0,673.949348241847,126550.22777817509,626.7402542296309,100.0,0.0,100.0,0,60.28209481670791,0.0009122240314094539,0.00046402470475551165,0.00044819932665394227,-45315.30028866095,0,0,0
station_n16_tx100__ChargeAsFastAsPossible__seed4__2022-05-21,2026-08-12T14:15:02.307782,05317b75b2c199f567445246f7dae09fb7632907,station_n16_tx100,16,100,8.0,ChargeAsFastAsPossible,heuristic,4,2022-05-21,96,6.009,,25,-38.67830136656872,335.86508994930927,0,1.0,615.2483368261535,113980.5133087862,560.5497441745712,100.0,0.0,100.0,0,4.172926963432602,0.0008075037614350797,0.00040692715692780855,0.0004005766045072711,-39599.35171684271,0,0,0
station_n16_tx100__ChargeAsFastAsPossible__seed4__2022-06-15,2026-08-12T14:15:08.815059,05317b75b2c199f567445246f7dae09fb7632907,station_n16_tx100,16,100,8.0,ChargeAsFastAsPossible,heuristic,4,2022-06-15,96,6.4515,,27,-79.75287347169123,369.377498610404,0,1.0,675.8027482973622,125413.66642587478,622.9311395616377,100.0,0.0,100.0,0,60.28209481670791,0.0009122240314094539,0.00046402470475551165,0.00044819932665394227,-45439.497350860554,0,0,0
station_n16_tx100__ChargeAsFastAsPossible__seed4__2022-07-10,2026-08-12T14:15:14.655920,05317b75b2c199f567445246f7dae09fb7632907,station_n16_tx100,16,100,8.0,ChargeAsFastAsPossible,heuristic,4,2022-07-10,96,5.7911,,25,-52.06255968766935,335.86508994930927,0,1.0,578.6857689171458,108121.33026646613,544.6499625772439,100.0,0.0,100.0,0,4.172926963432602,0.0008075037614350797,0.00040692715692780855,0.0004005766045072711,-37212.78377917459,0,0,0
station_n16_tx100__ChargeAsFastAsPossible__seed4__2022-08-24,2026-08-12T14:15:20.335818,05317b75b2c199f567445246f7dae09fb7632907,station_n16_tx100,16,100,8.0,ChargeAsFastAsPossible,heuristic,4,2022-08-24,96,5.6344,,27,-239.14313586516744,369.377498610404,0,1.0,665.1793549021438,124178.55899219721,621.4780846509527,100.0,0.0,100.0,0,60.28209481670791,0.0009122240314094539,0.00046402470475551165,0.00044819932665394227,-44665.02817626614,0,0,0
station_n16_tx100__ChargeAsFastAsPossible__seed4__2022-09-17,2026-08-12T14:15:26.303722,05317b75b2c199f567445246f7dae09fb7632907,station_n16_tx100,16,100,8.0,ChargeAsFastAsPossible,heuristic,4,2022-09-17,96,5.9287,,25,-32.562838281583225,335.86508994930927,0,1.0,624.1783300842168,113654.6281950453,571.9910200603622,100.0,0.0,100.0,0,4.172926963432602,0.0008075037614350797,0.00040692715692780855,0.0004005766045072711,-40850.44210679463,0,0,0
station_n16_tx100__ChargeAsFastAsPossible__seed4__2022-11-09,2026-08-12T14:15:32.281514,05317b75b2c199f567445246f7dae09fb7632907,station_n16_tx100,16,100,8.0,ChargeAsFastAsPossible,heuristic,4,2022-11-09,96,5.9285,,27,-58.98933360681315,369.377498610404,0,1.0,657.1638522269976,123469.42711168261,617.0324436022142,100.0,0.0,100.0,0,60.28209481670791,0.0009122240314094539,0.00046402470475551165,0.00044819932665394227,-44310.643598391725,0,0,0
station_n16_tx100__RoundRobin__seed0__2022-01-17,2026-08-12T14:15:37.867549,05317b75b2c199f567445246f7dae09fb7632907,station_n16_tx100,16,100,8.0,RoundRobin,heuristic,0,2022-01-17,96,5.5459,,28,-100.19678151310539,446.89511397337367,0,0.9976964285714286,0.0009326393797195465,57027.36187580984,351.7219921050466,99.73673469387755,1.3679666582227659,92.62857142857143,0,0.0,0.0010015947134909837,0.0004602862364568904,0.0005413084770340933,-23470.967619734904,0,0,0
station_n16_tx100__RoundRobin__seed0__2022-02-14,2026-08-12T14:15:43.400234,05317b75b2c199f567445246f7dae09fb7632907,station_n16_tx100,16,100,8.0,RoundRobin,heuristic,0,2022-02-14,96,5.4913,,28,-87.46841953897645,451.5601312295471,0,0.9997812500000001,0.0010416243841362416,51917.03974778336,336.6724459334329,99.97500000000001,0.1299038105676637,99.30000000000001,0,0.0,0.0010084008427116557,0.00045956694106883745,0.000548833901642818,-20573.48847195143,0,0,0
station_n16_tx100__RoundRobin__seed0__2022-03-05,2026-08-12T14:15:48.974299,05317b75b2c199f567445246f7dae09fb7632907,station_n16_tx100,16,100,8.0,RoundRobin,heuristic,0,2022-03-05,96,5.5326,,26,-128.7302257291051,415.92964318415585,0,1.0,0.0016876547954738363,56463.79741568006,311.56998381301656,100.0,0.0,100.0,0,0.0,0.0008851388967235121,0.0003972615531504088,0.00048787734357310335,-17841.3537683297,0,0,0
station_n16_tx100__RoundRobin__seed0__2022-04-06,2026-08-12T14:15:54.377410,05317b75b2c199f567445246f7dae09fb7632907,station_n16_tx100,16,100,8.0,RoundRobin,heuristic,0,2022-04-06,96,5.3643,,28,-88.17851324206946,452.04936956594827,0,1.0,0.000828685142711727,50839.453490637934,332.450506895342,100.0,0.0,100.0,0,0.0,0.0010214857752140903,0.0004611207613244823,0.000560365013889608,-19675.2265104133,0,0,0
station_n16_tx100__RoundRobin__seed0__2022-05-21,2026-08-12T14:15:59.848582,05317b75b2c199f567445246f7dae09fb7632907,station_n16_tx100,16,100,8.0,RoundRobin,heuristic,0,2022-05-21,96,5.4318,,26,-48.95658012653343,415.8955850714351,0,1.0,0.001610959788354016,63240.6790328428,317.1703342289832,100.0,0.0,100.0,0,22.85009831176633,0.0008919612507135229,0.00039537814427885774,0.0004965831064346652,-32672.33707828149,0,0,0
station_n16_tx100__RoundRobin__seed0__2022-06-15,2026-08-12T14:16:05.271777,05317b75b2c199f567445246f7dae09fb7632907,station_n16_tx100,16,100,8.0,RoundRobin,heuristic,0,2022-06-15,96,5.3822,,28,-87.9456139130722,452.0707701833376,0,1.0,0.001146623847602335,52517.9927045767,335.78774293182045,100.0,0.0,100.0,0,0.0,0.0010156735687637654,0.0004597835684967051,0.0005558900002670603,-22004.491075643502,0,0,0
station_n16_tx100__RoundRobin__seed0__2022-07-10,2026-08-12T14:16:10.699337,05317b75b2c199f567445246f7dae09fb7632907,station_n16_tx100,16,100,8.0,RoundRobin,heuristic,0,2022-07-10,96,5.3874,,26,-66.9187021494435,415.8850285532044,0,1.0,0.0010416241178208274,57705.469286947606,326.3876229117305,100.0,0.0,100.0,0,1.7350110227599203,0.0008857667017240894,0.0003983550437312641,0.0004874116579928255,-20715.681981479953,0,0,0
station_n16_tx100__RoundRobin__seed0__2022-08-24,2026-08-12T14:16:16.248039,05317b75b2c199f567445246f7dae09fb7632907,station_n16_tx100,16,100,8.0,RoundRobin,heuristic,0,2022-08-24,96,5.5036,,28,-277.283463359219,452.07271619477046,0,1.0,0.0013917504276017567,52189.65302695025,341.08353513013134,100.0,0.0,100.0,0,0.0,0.0010203571124526203,0.0004608624865434149,0.0005594946259092052,-19793.41839178477,0,0,0
station_n16_tx100__RoundRobin__seed0__2022-09-17,2026-08-12T14:16:21.675947,05317b75b2c199f567445246f7dae09fb7632907,station_n16_tx100,16,100,8.0,RoundRobin,heuristic,0,2022-09-17,96,5.3879,,26,-39.09668851553985,415.8541357309641,0,1.0,0.0011891416040423763,55658.60180743578,322.46082045134676,100.0,0.0,100.0,0,5.686126515967345,0.0008776343341482575,0.000396931655435599,0.00048070267871265846,-22331.378173333578,0,0,0
station_n16_tx100__RoundRobin__seed0__2022-11-09,2026-08-12T14:16:27.128209,05317b75b2c199f567445246f7dae09fb7632907,station_n16_tx100,16,100,8.0,RoundRobin,heuristic,0,2022-11-09,96,5.4091,,28,-67.54952411563455,452.0554645501651,0,1.0,0.0018321960893192824,54651.3067761864,339.55576075303713,100.0,0.0,100.0,0,0.0,0.0010206734243838427,0.0004613783522857314,0.0005592950720981111,-22934.321031973133,0,0,0
station_n16_tx100__RoundRobin__seed1__2022-01-17,2026-08-12T14:16:32.564522,05317b75b2c199f567445246f7dae09fb7632907,station_n16_tx100,16,100,8.0,RoundRobin,heuristic,1,2022-01-17,96,5.3963,,27,-102.31527135984776,484.5548551696045,0,0.9940669642857143,0.0011907432322004752,66217.20627193387,383.7341875945928,99.42063492063492,2.3835995865845496,87.7,0,0.0,0.0010478937605274672,0.0004478849532797794,0.0006000088072476878,-20018.227427446003,0,0,0
station_n16_tx100__RoundRobin__seed1__2022-02-14,2026-08-12T14:16:37.963656,05317b75b2c199f567445246f7dae09fb7632907,station_n16_tx100,16,100,8.0,RoundRobin,heuristic,1,2022-02-14,96,5.3549,,27,-96.67778348184373,482.4706910029598,0,0.9924285714285714,0.0021435923654813394,73354.90559431758,383.09996216524496,99.31111111111112,2.6325979435676627,87.02857142857144,0,0.0,0.0010430061198831225,0.00044734047814409567,0.0005956656417390269,-19439.482569992724,0,0,0
station_n16_tx100__RoundRobin__seed1__2022-03-05,2026-08-12T14:16:43.631917,05317b75b2c199f567445246f7dae09fb7632907,station_n16_tx100,16,100,8.0,RoundRobin,heuristic,1,2022-03-05,96,5.6262,,30,-165.28487872062593,524.8775272860707,0,1.0,0.001379540421181602,78428.85329472266,397.3306746787961,100.0,0.0,100.0,0,0.0,0.0011386213752327997,0.00048599584147285035,0.0006526255337599491,-24891.84679077344,0,0,0
station_n16_tx100__RoundRobin__seed1__2022-04-06,2026-08-12T14:16:49.161628,05317b75b2c199f567445246f7dae09fb7632907,station_n16_tx100,16,100,8.0,RoundRobin,heuristic,1,2022-04-06,96,5.4825,,27,-96.49410638464983,487.4083421971172,0,0.9961071428571429,0.0013768484841740758,69291.62365265904,384.2345670585583,99.57248677248678,2.0080184157681114,89.37142857142858,0,0.0,0.00105984786224509,0.0004487526118888236,0.0006110952503562664,-20806.3422927923,0,0,0
station_n16_tx100__RoundRobin__seed1__2022-05-21,2026-08-12T14:16:54.601654,05317b75b2c199f567445246f7dae09fb7632907,station_n16_tx100,16,100,8.0,RoundRobin,heuristic,1,2022-05-21,96,5.4022,,30,-65.04399386624982,515.9476688851736,0,0.997360119047619,0.001500892729438874,75583.18024830149,401.12729281201456,99.57761904761904,2.274591039965859,87.32857142857144,0,0.0,0.0011244059840136724,0.0004828813544902754,0.0006415246295233968,-22015.37130745359,0,0,0
station_n16_tx100__RoundRobin__seed1__2022-06-15,2026-08-12T14:17:00.061650,05317b75b2c199f567445246f7dae09fb7632907,station_n16_tx100,16,100,8.0,RoundRobin,heuristic,1,2022-06-15,96,5.4172,,27,-99.41568042885491,480.1088665038985,0,0.9905089285714286,0.0017516167298055052,68925.41816750597,378.29037402103154,99.18624338624339,2.9618830231465836,86.42857142857143,0,0.0,0.0010482975957694634,0.00044815927498428177,0.0006001383207851815,-20698.67391315234,0,0,0
station_n16_tx100__RoundRobin__seed1__2022-07-10,2026-08-12T14:17:05.657623,05317b75b2c199f567445246f7dae09fb7632907,station_n16_tx100,16,100,8.0,RoundRobin,heuristic,1,2022-07-10,96,5.5464,,30,-94.57652465623144,519.4336561731873,0,0.9983928571428571,0.00141892970116686,78219.77582594076,411.610642599525,99.74285714285715,1.3847566646917313,92.28571428571428,0,0.0,0.001125961400171827,0.0004855961010361926,0.0006403652991356344,-31614.075233057345,0,0,0
station_n16_tx100__RoundRobin__seed1__2022-08-24,2026-08-12T14:17:12.278822,05317b75b2c199f567445246f7dae09fb7632907,station_n16_tx100,16,100,8.0,RoundRobin,heuristic,1,2022-08-24,96,6.5834,,27,-302.1887611869384,484.7029403785218,0,0.9937991071428571,0.0029060176941468896,69723.44099831351,389.0091176137,99.42751322751324,2.2191257085719234,88.92857142857142,0,0.0,0.0010544959722784137,0.00044885353636902795,0.0006056424359093856,-18067.209540863834,0,0,0
station_n16_tx100__RoundRobin__seed1__2022-09-17,2026-08-12T14:17:44.364894,05317b75b2c199f567445246f7dae09fb7632907,station_n16_tx100,16,100,8.0,RoundRobin,heuristic,1,2022-09-17,96,32.0414,,30,-56.50757574086158,524.8528566640261,0,1.0,0.0013905552133319787,81752.66252937648,404.57754618923644,100.0,0.0,100.0,0,0.0,0.001136465806092746,0.0004842057818808322,0.0006522600242119137,-25204.082135876353,0,0,0
station_n16_tx100__RoundRobin__seed1__2022-11-09,2026-08-12T14:17:51.558403,05317b75b2c199f567445246f7dae09fb7632907,station_n16_tx100,16,100,8.0,RoundRobin,heuristic,1,2022-11-09,96,7.1466,,27,-70.24528343439712,483.5676298217482,0,0.9931205357142857,0.0016790630947056684,63905.71282408507,383.43318505117446,99.36984126984127,2.4238121225337146,87.9857142857143,0,0.0,0.0010489754130394318,0.0004483141840158989,0.0006006612290235332,-20788.374528671862,0,0,0
station_n16_tx100__RoundRobin__seed2__2022-01-17,2026-08-12T14:17:57.572653,05317b75b2c199f567445246f7dae09fb7632907,station_n16_tx100,16,100,8.0,RoundRobin,heuristic,2,2022-01-17,96,5.962,,25,-88.25133760359475,420.9950191314753,0,1.0,0.0014478429664244175,48637.777929461205,315.54835363976224,100.0,0.0,100.0,0,0.0,0.0009390591689071428,0.0004190944011199661,0.0005199647677871768,-21046.03025089815,0,0,0
station_n16_tx100__RoundRobin__seed2__2022-02-14,2026-08-12T14:18:03.213560,05317b75b2c199f567445246f7dae09fb7632907,station_n16_tx100,16,100,8.0,RoundRobin,heuristic,2,2022-02-14,96,5.6026,,25,-80.53000461500034,420.9877582720947,0,1.0,0.0012355222166302582,48658.35736915738,308.8050751224121,100.0,0.0,100.0,0,0.0,0.0009333193638015502,0.0004166117767127278,0.0005167075870888224,-22254.879974816457,0,0,0
station_n16_tx100__RoundRobin__seed2__2022-03-05,2026-08-12T14:18:08.947280,05317b75b2c199f567445246f7dae09fb7632907,station_n16_tx100,16,100,8.0,RoundRobin,heuristic,2,2022-03-05,96,5.7036,,25,-121.46436758335375,409.9813873794526,0,1.0,0.001299325431434184,55043.72614485491,311.552237077097,100.0,0.0,100.0,0,0.0,0.0008584682851668485,0.0003723190890879399,0.0004861491960789086,-27355.59874240154,0,0,0
station_n16_tx100__RoundRobin__seed2__2022-04-06,2026-08-12T14:18:14.630943,05317b75b2c199f567445246f7dae09fb7632907,station_n16_tx100,16,100,8.0,RoundRobin,heuristic,2,2022-04-06,96,5.6357,,25,-81.76859699980525,420.99085743771525,0,1.0,0.0028240701438120297,49570.48966098802,308.4250414158007,100.0,0.0,100.0,0,0.0,0.0009389034075277427,0.00041767268777431526,0.0005212307197534275,-21650.53807425862,0,0,0
station_n16_tx100__RoundRobin__seed2__2022-05-21,2026-08-12T14:18:20.001520,05317b75b2c199f567445246f7dae09fb7632907,station_n16_tx100,16,100,8.0,RoundRobin,heuristic,2,2022-05-21,96,5.3319,,25,-41.19916617079373,409.9867471682547,0,1.0,0.0031253247466921374,61913.473398033246,312.90888176361335,100.0,0.0,100.0,0,34.68923881167693,0.0008610003511116837,0.0003704766885887469,0.0004905236625229367,-32877.011405082005,0,0,0
station_n16_tx100__RoundRobin__seed2__2022-06-15,2026-08-12T14:18:25.574855,05317b75b2c199f567445246f7dae09fb7632907,station_n16_tx100,16,100,8.0,RoundRobin,heuristic,2,2022-06-15,96,5.5311,,25,-81.849641731112,420.96943783437865,0,1.0,0.002161578391886465,50746.89034659395,312.1577177851438,100.0,0.0,100.0,0,0.0,0.0009331695106882499,0.00041697050222110803,0.000516199008467142,-21958.23482954399,0,0,0
station_n16_tx100__RoundRobin__seed2__2022-07-10,2026-08-12T14:18:31.085876,05317b75b2c199f567445246f7dae09fb7632907,station_n16_tx100,16,100,8.0,RoundRobin,heuristic,2,2022-07-10,96,5.472,,25,-59.92093486137761,409.95648741666616,0,1.0,0.002257133783532872,62768.22660648205,318.7264101278788,100.0,0.0,100.0,0,0.0,0.0008628494196538637,0.00037282925223700356,0.0004900201674168601,-27274.98777457807,0,0,0
station_n16_tx100__RoundRobin__seed2__2022-08-24,2026-08-12T14:18:36.640648,05317b75b2c199f567445246f7dae09fb7632907,station_n16_tx100,16,100,8.0,RoundRobin,heuristic,2,2022-08-24,96,5.5132,,25,-249.57452482299658,420.96701629254727,0,1.0,0.0028643233933305368,49092.78881829753,308.63573314616497,100.0,0.0,100.0,0,0.0,0.0009257340811407153,0.00041843043018164277,0.0005073036509590727,-18575.007066048154,0,0,0
station_n16_tx100__RoundRobin__seed2__2022-09-17,2026-08-12T14:18:42.119025,05317b75b2c199f567445246f7dae09fb7632907,station_n16_tx100,16,100,8.0,RoundRobin,heuristic,2,2022-09-17,96,5.435,,25,-33.24099550983096,409.9596687299543,0,1.0,0.0022886188912183414,64886.12256767986,327.28123560473165,100.0,0.0,100.0,0,0.0,0.0008602637734792894,0.0003699424652660513,0.0004903213082132381,-27263.745133141354,0,0,0
station_n16_tx100__RoundRobin__seed2__2022-11-09,2026-08-12T14:18:47.886256,05317b75b2c199f567445246f7dae09fb7632907,station_n16_tx100,16,100,8.0,RoundRobin,heuristic,2,2022-11-09,96,5.7264,,25,-58.924731984180205,421.0092713502249,0,1.0,0.0017118119557846256,48628.34734034683,312.1114468158703,100.0,0.0,100.0,0,0.0,0.0009314869360453552,0.00041847617269156497,0.0005130107633537902,-20017.84903129297,0,0,0
station_n16_tx100__RoundRobin__seed3__2022-01-17,2026-08-12T14:18:53.574946,05317b75b2c199f567445246f7dae09fb7632907,station_n16_tx100,16,100,8.0,RoundRobin,heuristic,3,2022-01-17,96,5.6564,,27,-86.09394291622088,401.48103695985446,0,1.0,0.0013695353936551413,37760.49227065931,292.3133840754496,100.0,0.0,100.0,0,0.0,0.0009567620611021913,0.000475024199361741,0.0004817378617404505,-22257.948428546733,0,0,0
station_n16_tx100__RoundRobin__seed3__2022-02-14,2026-08-12T14:18:59.059018,05317b75b2c199f567445246f7dae09fb7632907,station_n16_tx100,16,100,8.0,RoundRobin,heuristic,3,2022-02-14,96,5.4444,,27,-78.57309296233919,401.52143483678253,0,1.0,0.0011597245604217932,38685.281862244796,295.06464432092355,100.0,0.0,100.0,0,0.0,0.0009529586727391512,0.0004742154939225343,0.0004787431788166172,-21625.41172394364,0,0,0
station_n16_tx100__RoundRobin__seed3__2022-03-05,2026-08-12T14:19:04.483217,05317b75b2c199f567445246f7dae09fb7632907,station_n16_tx100,16,100,8.0,RoundRobin,heuristic,3,2022-03-05,96,5.3771,,26,-111.78235868203075,377.4424528766245,0,1.0,0.0016041364469652208,42696.02935862433,281.4416283723232,100.0,0.0,100.0,0,15.951762133932561,0.0008439772590227085,0.0004043847671139037,0.0004395924919088048,-21054.287919786184,0,0,0
station_n16_tx100__RoundRobin__seed3__2022-04-06,2026-08-12T14:19:10.104423,05317b75b2c199f567445246f7dae09fb7632907,station_n16_tx100,16,100,8.0,RoundRobin,heuristic,3,2022-04-06,96,5.577,,27,-78.37566849550953,401.4705808755178,0,1.0,0.0017249873397311433,37516.72610339945,291.2645340200854,100.0,0.0,100.0,0,0.0,0.0009589589021277061,0.0004753436800043471,0.00048361522212335905,-25326.632130312122,0,0,0
station_n16_tx100__RoundRobin__seed3__2022-05-21,2026-08-12T14:19:15.533095,05317b75b2c199f567445246f7dae09fb7632907,station_n16_tx100,16,100,8.0,RoundRobin,heuristic,3,2022-05-21,96,5.3904,,26,-41.398247098168724,377.37575662246513,0,1.0,0.002016481706865747,42274.13792335004,281.85088247522924,100.0,0.0,100.0,0,0.97628963060599,0.0008430344982947829,0.0004044816748705256,0.0004385528234242574,-25605.242265757566,0,0,0
station_n16_tx100__RoundRobin__seed3__2022-06-15,2026-08-12T14:19:20.997536,05317b75b2c199f567445246f7dae09fb7632907,station_n16_tx100,16,100,8.0,RoundRobin,heuristic,3,2022-06-15,96,5.4174,,27,-78.57191824536734,401.5134547341421,0,1.0,0.001570931763997585,39116.67869143229,310.3670852781359,100.0,0.0,100.0,0,0.0,0.0009455617985142571,0.0004756845783630851,0.00046987722015117225,-18281.893611143743,0,0,0
station_n16_tx100__RoundRobin__seed3__2022-07-10,2026-08-12T14:19:26.521403,05317b75b2c199f567445246f7dae09fb7632907,station_n16_tx100,16,100,8.0,RoundRobin,heuristic,3,2022-07-10,96,5.4877,,26,-62.606618665085065,377.4366489099909,0,1.0,0.0014492205176175332,50802.78721966305,294.88303343090735,100.0,0.0,100.0,0,0.0,0.0008471775407860292,0.0004054431177105414,0.00044173442307548783,-15239.690016159006,0,0,0
station_n16_tx100__RoundRobin__seed3__2022-08-24,2026-08-12T14:19:31.981193,05317b75b2c199f567445246f7dae09fb7632907,station_n16_tx100,16,100,8.0,RoundRobin,heuristic,3,2022-08-24,96,5.417,,27,-242.34926379654934,401.5453751202261,0,1.0,0.0011668106041744508,38474.687718135145,296.2456088284123,100.0,0.0,100.0,0,0.0,0.0009584944360395349,0.00047608657942531526,0.0004824078566142198,-17115.988056642833,0,0,0
station_n16_tx100__RoundRobin__seed3__2022-09-17,2026-08-12T14:19:37.381369,05317b75b2c199f567445246f7dae09fb7632907,station_n16_tx100,16,100,8.0,RoundRobin,heuristic,3,2022-09-17,96,5.3619,,26,-30.89758195586353,370.17135230945394,0,0.9965333333333334,0.002918800463637794,50884.543525923,299.0939400674376,99.6,1.9999999999999984,89.60000000000001,0,0.0,0.0008349225909796327,0.00040421324111828896,0.000430709349861344,-19194.41350843822,0,0,0
station_n16_tx100__RoundRobin__seed3__2022-11-09,2026-08-12T14:19:42.971295,05317b75b2c199f567445246f7dae09fb7632907,station_n16_tx100,16,100,8.0,RoundRobin,heuristic,3,2022-11-09,96,5.5427,,27,-57.62087901828721,401.51488540330996,0,1.0,0.001967008358579214,35824.43300233956,287.12561187473204,100.0,0.0,100.0,0,0.0,0.0009577738148465831,0.0004758213886519567,0.00048195242619462626,-15789.213293420338,0,0,0
station_n16_tx100__RoundRobin__seed4__2022-01-17,2026-08-12T14:19:48.489162,05317b75b2c199f567445246f7dae09fb7632907,station_n16_tx100,16,100,8.0,RoundRobin,heuristic,4,2022-01-17,96,5.473,,27,-78.35979704309023,369.25577563956904,0,1.0,0.0012297024175014215,34937.16996043758,288.28034198604945,100.0,0.0,100.0,0,0.0,0.000887412486457946,0.00044868877129227976,0.0004387237151656663,-14087.373259240738,0,0,0
station_n16_tx100__RoundRobin__seed4__2022-02-14,2026-08-12T14:19:53.916185,05317b75b2c199f567445246f7dae09fb7632907,station_n16_tx100,16,100,8.0,RoundRobin,heuristic,4,2022-02-14,96,5.3852,,27,-72.36535804377999,362.76545862986,0,0.9971160714285714,0.0013507150714131555,33751.86509827465,283.9267666274995,99.65820105820106,1.7428394739581687,90.77142857142857,0,0.0,0.0008715552126245381,0.00044677984919005574,0.0004247753634344825,-15798.619452819386,0,0,0
station_n16_tx100__RoundRobin__seed4__2022-03-05,2026-08-12T14:19:59.535865,05317b75b2c199f567445246f7dae09fb7632907,station_n16_tx100,16,100,8.0,RoundRobin,heuristic,4,2022-03-05,96,5.5671,,25,-102.49463688910656,335.76774866626704,0,1.0,0.0014182440512797712,37994.728303654025,258.4159740867476,100.0,0.0,100.0,0,0.0,0.000786595994664791,0.0003951857453012676,0.0003914102493635234,-21133.060120466136,0,0,0
station_n16_tx100__RoundRobin__seed4__2022-04-06,2026-08-12T14:20:05.143667,05317b75b2c199f567445246f7dae09fb7632907,station_n16_tx100,16,100,8.0,RoundRobin,heuristic,4,2022-04-06,96,5.5701,,27,-74.22428032841025,369.27137130220507,0,1.0,0.0014331747102693804,37141.46730799406,289.8724240042613,100.0,0.0,100.0,0,0.0,0.0008874754724613742,0.00044807413123955765,0.0004394013412218164,-15889.154552550226,0,0,0
station_n16_tx100__RoundRobin__seed4__2022-05-21,2026-08-12T14:20:10.701606,05317b75b2c199f567445246f7dae09fb7632907,station_n16_tx100,16,100,8.0,RoundRobin,heuristic,4,2022-05-21,96,5.5169,,25,-37.55752344190155,335.7568340954608,0,1.0,0.0013131450840742076,37549.101516524344,253.0344881878851,100.0,0.0,100.0,0,0.0,0.0007801583828956244,0.0003950440481162875,0.00038511433477933683,-22347.665719839777,0,0,0
station_n16_tx100__RoundRobin__seed4__2022-06-15,2026-08-12T14:20:16.189864,05317b75b2c199f567445246f7dae09fb7632907,station_n16_tx100,16,100,8.0,RoundRobin,heuristic,4,2022-06-15,96,5.4468,,27,-76.65475293853653,369.2871920846764,0,1.0,0.0007291315005666377,34154.183348787454,285.12043650443474,100.0,0.0,100.0,0,0.0,0.000873801929934435,0.00044788551078337645,0.0004259164191510585,-13391.901533359753,0,0,0
station_n16_tx100__RoundRobin__seed4__2022-07-10,2026-08-12T14:20:21.576990,05317b75b2c199f567445246f7dae09fb7632907,station_n16_tx100,16,100,8.0,RoundRobin,heuristic,4,2022-07-10,96,5.3492,,25,-57.31983716849128,335.77428943444454,0,1.0,0.0011718789188925882,34895.6274561641,255.3984645729953,100.0,0.0,100.0,0,0.0,0.000785054105483745,0.00039561084861631867,0.00038944325686742637,-18714.63691959816,0,0,0
station_n16_tx100__RoundRobin__seed4__2022-08-24,2026-08-12T14:20:27.351865,05317b75b2c199f567445246f7dae09fb7632907,station_n16_tx100,16,100,8.0,RoundRobin,heuristic,4,2022-08-24,96,5.7275,,27,-232.17619740233505,369.25279303769037,0,1.0,0.0014220088855179114,34601.574565667885,289.0138237770367,100.0,0.0,100.0,0,0.0,0.000881878087257863,0.00044850242671875233,0.0004333756605391106,-14704.422819694642,0,0,0
station_n16_tx100__RoundRobin__seed4__2022-09-17,2026-08-12T14:20:33.080723,05317b75b2c199f567445246f7dae09fb7632907,station_n16_tx100,16,100,8.0,RoundRobin,heuristic,4,2022-09-17,96,5.6836,,25,-29.148229448273707,335.77129188430945,0,1.0,0.0016324909005671628,37812.06099410233,259.9964693287042,100.0,0.0,100.0,0,0.0,0.0007877664836089018,0.0003941174544069544,0.0003936490292019473,-24848.31768475068,0,0,0
station_n16_tx100__RoundRobin__seed4__2022-11-09,2026-08-12T14:20:38.657837,05317b75b2c199f567445246f7dae09fb7632907,station_n16_tx100,16,100,8.0,RoundRobin,heuristic,4,2022-11-09,96,5.5329,,27,-54.50894967330058,369.2179139717905,0,1.0,0.001481650877487084,34605.11668918166,288.6108429527675,100.0,0.0,100.0,0,0.0,0.0008836793725305537,0.0004484308156482086,0.00043524855688234504,-15394.919366784403,0,0,0
station_n02_tx025__ChargeAsFastAsPossible__seed0__2022-01-17,2026-08-12T14:20:44.040538,05317b75b2c199f567445246f7dae09fb7632907,station_n02_tx025,2,25,4.0,ChargeAsFastAsPossible,heuristic,0,2022-01-17,96,5.3371,,3,-8.510058887601126,36.98640959421583,0,1.0,142.62257453534176,7361.138510207399,95.33578974579234,100.0,0.0,100.0,0,57.02563837686331,0.00010650561841462012,6.51714693810376e-05,4.133414903358252e-05,-6035.876791178551,0,0,0
station_n02_tx025__ChargeAsFastAsPossible__seed0__2022-02-14,2026-08-12T14:20:49.536548,05317b75b2c199f567445246f7dae09fb7632907,station_n02_tx025,2,25,4.0,ChargeAsFastAsPossible,heuristic,0,2022-02-14,96,5.4534,,3,-8.216554984225077,36.98640959421583,0,1.0,142.67914948396347,7356.4626823104145,95.72877879965735,100.0,0.0,100.0,0,57.02563837686331,0.00010650561841462012,6.51714693810376e-05,4.133414903358252e-05,-6036.092653280197,0,0,0
station_n02_tx025__ChargeAsFastAsPossible__seed0__2022-03-05,2026-08-12T14:20:55.010842,05317b75b2c199f567445246f7dae09fb7632907,station_n02_tx025,2,25,4.0,ChargeAsFastAsPossible,heuristic,0,2022-03-05,96,5.4191,,4,-20.9821271632505,61.77937181537034,0,1.0,213.45471914332344,11523.345070045678,141.24672127867908,100.0,0.0,100.0,0,105.27748726148138,0.00015388206406559884,7.509466328020311e-05,7.878740078539575e-05,-8765.714040422605,0,0,0
station_n02_tx025__ChargeAsFastAsPossible__seed0__2022-04-06,2026-08-12T14:21:00.534060,05317b75b2c199f567445246f7dae09fb7632907,station_n02_tx025,2,25,4.0,ChargeAsFastAsPossible,heuristic,0,2022-04-06,96,5.4719,,3,-7.62280888190395,36.98640959421583,0,1.0,143.30757318229723,7431.494853526884,96.22698079522364,100.0,0.0,100.0,0,57.02563837686331,0.00010650561841462012,6.51714693810376e-05,4.133414903358252e-05,-6072.758545945496,0,0,0
station_n02_tx025__ChargeAsFastAsPossible__seed0__2022-05-21,2026-08-12T14:21:06.378611,05317b75b2c199f567445246f7dae09fb7632907,station_n02_tx025,2,25,4.0,ChargeAsFastAsPossible,heuristic,0,2022-05-21,96,5.7945,,4,-9.963942236036887,61.77937181537034,0,1.0,212.64200220057094,11664.626518494548,146.7661646183618,100.0,0.0,100.0,0,105.27748726148138,0.00015388206406559884,7.509466328020311e-05,7.878740078539575e-05,-8642.73927161845,0,0,0
station_n02_tx025__ChargeAsFastAsPossible__seed0__2022-06-15,2026-08-12T14:21:12.886758,05317b75b2c199f567445246f7dae09fb7632907,station_n02_tx025,2,25,4.0,ChargeAsFastAsPossible,heuristic,0,2022-06-15,96,6.4592,,3,-8.002459511006617,36.98640959421583,0,1.0,144.28648822244648,7216.813862594698,94.72101763702146,100.0,0.0,100.0,0,57.02563837686331,0.00010650561841462012,6.51714693810376e-05,4.133414903358252e-05,-5999.995677044276,0,0,0
station_n02_tx025__ChargeAsFastAsPossible__seed0__2022-07-10,2026-08-12T14:27:09.846785,05317b75b2c199f567445246f7dae09fb7632907,station_n02_tx025,2,25,4.0,ChargeAsFastAsPossible,heuristic,0,2022-07-10,96,356.9062,,4,-15.466454667670277,61.77937181537034,0,1.0,214.3013465492967,11595.497562772724,147.26376091408974,100.0,0.0,100.0,0,105.27748726148138,0.00015388206406559884,7.509466328020311e-05,7.878740078539575e-05,-8685.070925188935,0,0,0
station_n02_tx025__ChargeAsFastAsPossible__seed0__2022-08-24,2026-08-12T14:27:16.633509,05317b75b2c199f567445246f7dae09fb7632907,station_n02_tx025,2,25,4.0,ChargeAsFastAsPossible,heuristic,0,2022-08-24,96,6.729,,3,-24.16767166624201,36.98640959421583,0,1.0,143.58797578366207,7373.741392559297,96.72101309609081,100.0,0.0,100.0,0,57.02563837686331,0.00010650561841462012,6.51714693810376e-05,4.133414903358252e-05,-6008.324824274304,0,0,0
station_n02_tx025__ChargeAsFastAsPossible__seed0__2022-09-17,2026-08-12T14:27:22.200884,05317b75b2c199f567445246f7dae09fb7632907,station_n02_tx025,2,25,4.0,ChargeAsFastAsPossible,heuristic,0,2022-09-17,96,5.5441,,4,-10.64303550862747,61.77937181537034,0,1.0,224.39404030358133,12757.894984906143,155.09218741768643,100.0,0.0,100.0,0,105.27748726148138,0.00015388206406559884,7.509466328020311e-05,7.878740078539575e-05,-9496.256365680712,0,0,0
station_n02_tx025__ChargeAsFastAsPossible__seed0__2022-11-09,2026-08-12T14:27:27.896385,05317b75b2c199f567445246f7dae09fb7632907,station_n02_tx025,2,25,4.0,ChargeAsFastAsPossible,heuristic,0,2022-11-09,96,5.6384,,3,-5.943767223828606,36.98640959421583,0,1.0,142.776383904478,7310.004698784884,95.04861292947092,100.0,0.0,100.0,0,57.02563837686331,0.00010650561841462012,6.51714693810376e-05,4.133414903358252e-05,-5993.563841266523,0,0,0
station_n02_tx025__ChargeAsFastAsPossible__seed1__2022-01-17,2026-08-12T14:27:33.589828,05317b75b2c199f567445246f7dae09fb7632907,station_n02_tx025,2,25,4.0,ChargeAsFastAsPossible,heuristic,1,2022-01-17,96,5.6665,,5,-20.70699001810555,98.2353607014714,0,1.0,367.95803663295345,35453.62119533536,247.74795671958677,100.0,0.0,100.0,0,230.0614428058856,0.0002264621625715989,9.351935851153967e-05,0.00013294280406005925,-26511.076968831218,0,0,0
station_n02_tx025__ChargeAsFastAsPossible__seed1__2022-02-14,2026-08-12T14:27:39.349864,05317b75b2c199f567445246f7dae09fb7632907,station_n02_tx025,2,25,4.0,ChargeAsFastAsPossible,heuristic,1,2022-02-14,96,5.7125,,5,-17.02742664886352,98.2353607014714,0,1.0,373.82894325402634,35968.45782738262,248.54120196222215,100.0,0.0,100.0,0,230.0614428058856,0.0002264621625715989,9.351935851153967e-05,0.00013294280406005925,-27447.01301130947,0,0,0
station_n02_tx025__ChargeAsFastAsPossible__seed1__2022-03-05,2026-08-12T14:27:44.829826,05317b75b2c199f567445246f7dae09fb7632907,station_n02_tx025,2,25,4.0,ChargeAsFastAsPossible,heuristic,1,2022-03-05,96,5.4365,,5,-34.324176409541636,97.4453607014714,0,1.0,356.72906055300166,33745.58912972704,240.87494255451452,100.0,0.0,100.0,0,224.1814428058856,0.00022535541694373713,9.353329317808198e-05,0.00013182212376565517,-25909.03181542596,0,0,0
station_n02_tx025__ChargeAsFastAsPossible__seed1__2022-04-06,2026-08-12T14:27:50.302698,05317b75b2c199f567445246f7dae09fb7632907,station_n02_tx025,2,25,4.0,ChargeAsFastAsPossible,heuristic,1,2022-04-06,96,5.4355,,5,-19.657507395905508,98.2353607014714,0,1.0,369.33328492249376,35947.11320484827,248.54192923005562,100.0,0.0,100.0,0,230.0614428058856,0.0002264621625715989,9.351935851153967e-05,0.00013294280406005925,-27260.658808895663,0,0,0
station_n02_tx025__ChargeAsFastAsPossible__seed1__2022-05-21,2026-08-12T14:27:55.847844,05317b75b2c199f567445246f7dae09fb7632907,station_n02_tx025,2,25,4.0,ChargeAsFastAsPossible,heuristic,1,2022-05-21,96,5.5044,,5,-15.038349138267447,97.4453607014714,0,1.0,338.1747512060728,31916.417940662526,237.93950363273697,100.0,0.0,100.0,0,224.1814428058856,0.00022535541694373713,9.353329317808198e-05,0.00013182212376565517,-24144.815308259324,0,0,0
station_n02_tx025__ChargeAsFastAsPossible__seed1__2022-06-15,2026-08-12T14:28:01.196413,05317b75b2c199f567445246f7dae09fb7632907,station_n02_tx025,2,25,4.0,ChargeAsFastAsPossible,heuristic,1,2022-06-15,96,5.3078,,5,-21.894803330774195,98.2353607014714,0,1.0,375.4257427937706,36274.985505059696,249.7079987989526,100.0,0.0,100.0,0,230.0614428058856,0.0002264621625715989,9.351935851153967e-05,0.00013294280406005925,-27567.572097568413,0,0,0
station_n02_tx025__ChargeAsFastAsPossible__seed1__2022-07-10,2026-08-12T14:28:06.833188,05317b75b2c199f567445246f7dae09fb7632907,station_n02_tx025,2,25,4.0,ChargeAsFastAsPossible,heuristic,1,2022-07-10,96,5.5938,,5,-15.098538306279739,97.4453607014714,0,1.0,324.93776274207084,30280.94995592161,233.9339561570641,100.0,0.0,100.0,0,224.1814428058856,0.00022535541694373713,9.353329317808198e-05,0.00013182212376565517,-22913.631132459774,0,0,0
station_n02_tx025__ChargeAsFastAsPossible__seed1__2022-08-24,2026-08-12T14:28:12.473877,05317b75b2c199f567445246f7dae09fb7632907,station_n02_tx025,2,25,4.0,ChargeAsFastAsPossible,heuristic,1,2022-08-24,96,5.5936,,5,-65.80860701949902,98.2353607014714,0,1.0,372.0792613383777,35986.171799447526,249.03448824796126,100.0,0.0,100.0,0,230.0614428058856,0.0002264621625715989,9.351935851153967e-05,0.00013294280406005925,-27281.65105711124,0,0,0
station_n02_tx025__ChargeAsFastAsPossible__seed1__2022-09-17,2026-08-12T14:28:17.904684,05317b75b2c199f567445246f7dae09fb7632907,station_n02_tx025,2,25,4.0,ChargeAsFastAsPossible,heuristic,1,2022-09-17,96,5.3945,,5,-10.72173542911198,97.4453607014714,0,1.0,331.5736363842703,31083.665042856905,243.62243644211694,100.0,0.0,100.0,0,224.1814428058856,0.00022535541694373713,9.353329317808198e-05,0.00013182212376565517,-23427.839710550397,0,0,0
station_n02_tx025__ChargeAsFastAsPossible__seed1__2022-11-09,2026-08-12T14:28:23.216681,05317b75b2c199f567445246f7dae09fb7632907,station_n02_tx025,2,25,4.0,ChargeAsFastAsPossible,heuristic,1,2022-11-09,96,5.2723,,5,-13.782222638392753,98.2353607014714,0,1.0,368.7141780389668,35178.302332133135,245.28864490507027,100.0,0.0,100.0,0,230.0614428058856,0.0002264621625715989,9.351935851153967e-05,0.00013294280406005925,-26752.646127403423,0,0,0
station_n02_tx025__ChargeAsFastAsPossible__seed2__2022-01-17,2026-08-12T14:28:28.610682,05317b75b2c199f567445246f7dae09fb7632907,station_n02_tx025,2,25,4.0,ChargeAsFastAsPossible,heuristic,2,2022-01-17,96,5.3453,,2,-5.793042397084686,29.110765814495913,0,1.0,108.5698521840102,5363.0693036308985,63.783036994115264,100.0,0.0,100.0,0,41.44306325798364,6.820679873258104e-05,3.2823447040323956e-05,3.5383351692257094e-05,-4093.8564212487768,0,0,0
station_n02_tx025__ChargeAsFastAsPossible__seed2__2022-02-14,2026-08-12T14:28:33.972282,05317b75b2c199f567445246f7dae09fb7632907,station_n02_tx025,2,25,4.0,ChargeAsFastAsPossible,heuristic,2,2022-02-14,96,5.3229,,2,-4.897390188464305,29.110765814495913,0,1.0,102.91490171673153,5153.012367922523,63.90639026997837,100.0,0.0,100.0,0,41.44306325798364,6.820679873258104e-05,3.2823447040323956e-05,3.5383351692257094e-05,-3738.169257337606,0,0,0
station_n02_tx025__ChargeAsFastAsPossible__seed2__2022-03-05,2026-08-12T14:28:39.480748,05317b75b2c199f567445246f7dae09fb7632907,station_n02_tx025,2,25,4.0,ChargeAsFastAsPossible,heuristic,2,2022-03-05,96,5.469,,2,-6.124674311620927,29.300765814495918,0,1.0,93.35565131420238,4970.9120195969,63.7562962144184,100.0,0.0,100.0,0,42.20306325798366,6.61710560773009e-05,3.045165287093375e-05,3.571940320636715e-05,-3131.9035951286282,0,0,0
station_n02_tx025__ChargeAsFastAsPossible__seed2__2022-04-06,2026-08-12T14:28:45.172690,05317b75b2c199f567445246f7dae09fb7632907,station_n02_tx025,2,25,4.0,ChargeAsFastAsPossible,heuristic,2,2022-04-06,96,5.641,,2,-5.102783978910125,29.110765814495913,0,1.0,108.83465310436635,5845.3753031873375,70.8572457299677,100.0,0.0,100.0,0,41.44306325798364,6.820679873258104e-05,3.2823447040323956e-05,3.5383351692257094e-05,-4115.226452023773,0,0,0
station_n02_tx025__ChargeAsFastAsPossible__seed2__2022-05-21,2026-08-12T14:28:50.678399,05317b75b2c199f567445246f7dae09fb7632907,station_n02_tx025,2,25,4.0,ChargeAsFastAsPossible,heuristic,2,2022-05-21,96,5.4605,,2,-1.098506766440798,29.300765814495918,0,1.0,97.16672143986442,5930.981179553515,70.69646101376894,100.0,0.0,100.0,0,42.20306325798366,6.61710560773009e-05,3.045165287093375e-05,3.571940320636715e-05,-3425.591099867512,0,0,0
station_n02_tx025__ChargeAsFastAsPossible__seed2__2022-06-15,2026-08-12T14:28:56.132281,05317b75b2c199f567445246f7dae09fb7632907,station_n02_tx025,2,25,4.0,ChargeAsFastAsPossible,heuristic,2,2022-06-15,96,5.4116,,2,-4.440998040664968,29.110765814495913,0,1.0,104.10764641871364,5222.511151837133,64.28792556012921,100.0,0.0,100.0,0,41.44306325798364,6.820679873258104e-05,3.2823447040323956e-05,3.5383351692257094e-05,-3797.430186472656,0,0,0
station_n02_tx025__ChargeAsFastAsPossible__seed2__2022-07-10,2026-08-12T14:29:01.684001,05317b75b2c199f567445246f7dae09fb7632907,station_n02_tx025,2,25,4.0,ChargeAsFastAsPossible,heuristic,2,2022-07-10,96,5.5111,,2,-2.5964125967658815,29.300765814495918,0,1.0,103.1105722302374,6022.740454989883,74.3319634829072,100.0,0.0,100.0,0,42.20306325798366,6.61710560773009e-05,3.045165287093375e-05,3.571940320636715e-05,-3791.380428318938,0,0,0
station_n02_tx025__ChargeAsFastAsPossible__seed2__2022-08-24,2026-08-12T14:29:07.169997,05317b75b2c199f567445246f7dae09fb7632907,station_n02_tx025,2,25,4.0,ChargeAsFastAsPossible,heuristic,2,2022-08-24,96,5.4379,,2,-14.71911627773136,29.110765814495913,0,1.0,108.31421739576601,5744.9712365089445,69.85290159811396,100.0,0.0,100.0,0,41.44306325798364,6.820679873258104e-05,3.2823447040323956e-05,3.5383351692257094e-05,-4073.292638719331,0,0,0
station_n02_tx025__ChargeAsFastAsPossible__seed2__2022-09-17,2026-08-12T14:29:12.587220,05317b75b2c199f567445246f7dae09fb7632907,station_n02_tx025,2,25,4.0,ChargeAsFastAsPossible,heuristic,2,2022-09-17,96,5.3794,,2,-0.3723352285201831,29.300765814495918,0,1.0,98.83587813631287,5885.08013008432,72.83006603559996,100.0,0.0,100.0,0,42.20306325798366,6.61710560773009e-05,3.045165287093375e-05,3.571940320636715e-05,-3558.9744746924816,0,0,0
station_n02_tx025__ChargeAsFastAsPossible__seed2__2022-11-09,2026-08-12T14:29:18.000216,05317b75b2c199f567445246f7dae09fb7632907,station_n02_tx025,2,25,4.0,ChargeAsFastAsPossible,heuristic,2,2022-11-09,96,5.3727,,2,-3.6458958116152713,29.110765814495913,0,1.0,108.15969170802695,5584.353503193866,67.42949464726064,100.0,0.0,100.0,0,41.44306325798364,6.820679873258104e-05,3.2823447040323956e-05,3.5383351692257094e-05,-4060.8939681351126,0,0,0
station_n02_tx025__ChargeAsFastAsPossible__seed3__2022-01-17,2026-08-12T14:29:23.534587,05317b75b2c199f567445246f7dae09fb7632907,station_n02_tx025,2,25,4.0,ChargeAsFastAsPossible,heuristic,3,2022-01-17,96,5.4948,,3,-9.842860938027439,38.719914811306154,0,1.0,146.6742329762123,7195.780494136153,87.92914207344151,100.0,0.0,100.0,0,56.67965924522461,9.716063457369139e-05,5.3299081456538365e-05,4.386155311715304e-05,-5987.7189799714815,0,0,0
station_n02_tx025__ChargeAsFastAsPossible__seed3__2022-02-14,2026-08-12T14:29:28.866134,05317b75b2c199f567445246f7dae09fb7632907,station_n02_tx025,2,25,4.0,ChargeAsFastAsPossible,heuristic,3,2022-02-14,96,5.2873,,3,-7.943310360082203,38.719914811306154,0,1.0,148.0362802863968,7098.5334794573455,84.49328108251575,100.0,0.0,100.0,0,56.67965924522461,9.716063457369139e-05,5.3299081456538365e-05,4.386155311715304e-05,-5984.603223120744,0,0,0
station_n02_tx025__ChargeAsFastAsPossible__seed3__2022-03-05,2026-08-12T14:29:34.343506,05317b75b2c199f567445246f7dae09fb7632907,station_n02_tx025,2,25,4.0,ChargeAsFastAsPossible,heuristic,3,2022-03-05,96,5.4351,,3,-9.69720518633898,34.57877856831197,0,1.0,133.02441876921216,6932.278469584795,80.57678926972358,100.0,0.0,100.0,0,56.675114273247885,8.414034148711329e-05,4.626789223168836e-05,3.787244925542493e-05,-5758.563500006102,0,0,0
station_n02_tx025__ChargeAsFastAsPossible__seed3__2022-04-06,2026-08-12T14:29:39.717946,05317b75b2c199f567445246f7dae09fb7632907,station_n02_tx025,2,25,4.0,ChargeAsFastAsPossible,heuristic,3,2022-04-06,96,5.3296,,3,-7.56206042891159,38.719914811306154,0,1.0,146.54966709894234,7111.183959735789,86.56835907709407,100.0,0.0,100.0,0,56.67965924522461,9.716063457369139e-05,5.3299081456538365e-05,4.386155311715304e-05,-5974.703613054176,0,0,0
station_n02_tx025__ChargeAsFastAsPossible__seed3__2022-05-21,2026-08-12T14:29:45.109950,05317b75b2c199f567445246f7dae09fb7632907,station_n02_tx025,2,25,4.0,ChargeAsFastAsPossible,heuristic,3,2022-05-21,96,5.3508,,3,-4.0186423487533665,34.57877856831197,0,1.0,131.87795043221442,7158.030636789542,85.01498057989583,100.0,0.0,100.0,0,56.675114273247885,8.414034148711329e-05,4.626789223168836e-05,3.787244925542493e-05,-5717.7900531211,0,0,0
station_n02_tx025__ChargeAsFastAsPossible__seed3__2022-06-15,2026-08-12T14:29:50.490956,05317b75b2c199f567445246f7dae09fb7632907,station_n02_tx025,2,25,4.0,ChargeAsFastAsPossible,heuristic,3,2022-06-15,96,5.3447,,3,-8.095729680779119,38.719914811306154,0,1.0,146.34514791078414,7019.474118411345,83.48059912270956,100.0,0.0,100.0,0,56.67965924522461,9.716063457369139e-05,5.3299081456538365e-05,4.386155311715304e-05,-5941.422144374348,0,0,0
station_n02_tx025__ChargeAsFastAsPossible__seed3__2022-07-10,2026-08-12T14:29:55.942582,05317b75b2c199f567445246f7dae09fb7632907,station_n02_tx025,2,25,4.0,ChargeAsFastAsPossible,heuristic,3,2022-07-10,96,5.4114,,3,-4.132195789960518,34.57877856831197,0,1.0,130.34663430828635,7109.492324885391,85.18428302523847,100.0,0.0,100.0,0,56.675114273247885,8.414034148711329e-05,4.626789223168836e-05,3.787244925542493e-05,-5730.195295585762,0,0,0
station_n02_tx025__ChargeAsFastAsPossible__seed3__2022-08-24,2026-08-12T14:30:01.345874,05317b75b2c199f567445246f7dae09fb7632907,station_n02_tx025,2,25,4.0,ChargeAsFastAsPossible,heuristic,3,2022-08-24,96,5.3642,,3,-25.053661530106588,38.719914811306154,0,1.0,145.75195614872,6966.3059441915675,82.86582561201048,100.0,0.0,100.0,0,56.67965924522461,9.716063457369139e-05,5.3299081456538365e-05,4.386155311715304e-05,-5957.049606217882,0,0,0
station_n02_tx025__ChargeAsFastAsPossible__seed3__2022-09-17,2026-08-12T14:30:06.700307,05317b75b2c199f567445246f7dae09fb7632907,station_n02_tx025,2,25,4.0,ChargeAsFastAsPossible,heuristic,3,2022-09-17,96,5.3186,,3,-2.6881427864541574,34.57877856831197,0,1.0,129.91058641195042,7250.569838095278,86.57646602509703,100.0,0.0,100.0,0,56.675114273247885,8.414034148711329e-05,4.626789223168836e-05,3.787244925542493e-05,-5750.42161684352,0,0,0
station_n02_tx025__ChargeAsFastAsPossible__seed3__2022-11-09,2026-08-12T14:30:12.026671,05317b75b2c199f567445246f7dae09fb7632907,station_n02_tx025,2,25,4.0,ChargeAsFastAsPossible,heuristic,3,2022-11-09,96,5.2883,,3,-6.357377630318988,38.719914811306154,0,1.0,146.3501699025551,7060.4108187755255,83.40463858716136,100.0,0.0,100.0,0,56.67965924522461,9.716063457369139e-05,5.3299081456538365e-05,4.386155311715304e-05,-5995.852125624894,0,0,0
station_n02_tx025__ChargeAsFastAsPossible__seed4__2022-01-17,2026-08-12T14:30:17.580620,05317b75b2c199f567445246f7dae09fb7632907,station_n02_tx025,2,25,4.0,ChargeAsFastAsPossible,heuristic,4,2022-01-17,96,5.5143,,3,-14.834058309627773,65.73306325798367,0,1.0,204.4265772679199,12745.756213201747,135.78672406454024,100.0,0.0,100.0,0,109.61225303193464,0.00014114108676582405,4.725910810416031e-05,9.388197866166372e-05,-8670.140006363814,0,0,0
station_n02_tx025__ChargeAsFastAsPossible__seed4__2022-02-14,2026-08-12T14:30:22.947618,05317b75b2c199f567445246f7dae09fb7632907,station_n02_tx025,2,25,4.0,ChargeAsFastAsPossible,heuristic,4,2022-02-14,96,5.3256,,3,-12.671213163297484,65.73306325798367,0,1.0,202.69734493834392,11963.267055885744,129.7363334950574,100.0,0.0,100.0,0,109.61225303193464,0.00014114108676582405,4.725910810416031e-05,9.388197866166372e-05,-8504.744784496088,0,0,0
station_n02_tx025__ChargeAsFastAsPossible__seed4__2022-03-05,2026-08-12T14:30:28.309058,05317b75b2c199f567445246f7dae09fb7632907,station_n02_tx025,2,25,4.0,ChargeAsFastAsPossible,heuristic,4,2022-03-05,96,5.3299,,2,-8.031382551101558,40.01153162899183,0,1.0,138.38194707408547,8174.488914070686,88.5546818817003,100.0,0.0,100.0,0,63.28612651596731,7.868734909564612e-05,2.7943698141587503e-05,5.0743650954058626e-05,-5543.304012718845,0,0,0
station_n02_tx025__ChargeAsFastAsPossible__seed4__2022-04-06,2026-08-12T14:30:33.793453,05317b75b2c199f567445246f7dae09fb7632907,station_n02_tx025,2,25,4.0,ChargeAsFastAsPossible,heuristic,4,2022-04-06,96,5.4351,,3,-12.478584725223122,65.73306325798367,0,1.0,198.56254792427552,12315.81998200069,131.57272729468508,100.0,0.0,100.0,0,109.61225303193464,0.00014114108676582405,4.725910810416031e-05,9.388197866166372e-05,-8358.09384427337,0,0,0
station_n02_tx025__ChargeAsFastAsPossible__seed4__2022-05-21,2026-08-12T14:30:39.233379,05317b75b2c199f567445246f7dae09fb7632907,station_n02_tx025,2,25,4.0,ChargeAsFastAsPossible,heuristic,4,2022-05-21,96,5.3898,,2,-2.5671980514547053,40.01153162899183,0,1.0,121.85544958210468,8477.581711964305,91.15924903676043,100.0,0.0,100.0,0,63.28612651596731,7.868734909564612e-05,2.7943698141587503e-05,5.0743650954058626e-05,-5083.620150116926,0,0,0
station_n02_tx025__ChargeAsFastAsPossible__seed4__2022-06-15,2026-08-12T14:30:44.768249,05317b75b2c199f567445246f7dae09fb7632907,station_n02_tx025,2,25,4.0,ChargeAsFastAsPossible,heuristic,4,2022-06-15,96,5.4921,,3,-12.7433428327503,65.73306325798367,0,1.0,203.77860608812145,11896.400057310027,128.94824947003153,100.0,0.0,100.0,0,109.61225303193464,0.00014114108676582405,4.725910810416031e-05,9.388197866166372e-05,-8502.419299040348,0,0,0
station_n02_tx025__ChargeAsFastAsPossible__seed4__2022-07-10,2026-08-12T14:30:50.476321,05317b75b2c199f567445246f7dae09fb7632907,station_n02_tx025,2,25,4.0,ChargeAsFastAsPossible,heuristic,4,2022-07-10,96,5.6673,,2,-2.8913899113533432,40.01153162899183,0,1.0,127.3108074530515,8116.202101402966,94.98583021861933,100.0,0.0,100.0,0,63.28612651596731,7.868734909564612e-05,2.7943698141587503e-05,5.0743650954058626e-05,-5114.236904949477,0,0,0
station_n02_tx025__ChargeAsFastAsPossible__seed4__2022-08-24,2026-08-12T14:30:55.866310,05317b75b2c199f567445246f7dae09fb7632907,station_n02_tx025,2,25,4.0,ChargeAsFastAsPossible,heuristic,4,2022-08-24,96,5.3501,,3,-40.640266631029974,65.73306325798367,0,1.0,202.61173298206327,11920.464390703288,127.9607938624649,100.0,0.0,100.0,0,109.61225303193464,0.00014114108676582405,4.725910810416031e-05,9.388197866166372e-05,-8531.808264410722,0,0,0
station_n02_tx025__ChargeAsFastAsPossible__seed4__2022-09-17,2026-08-12T14:31:01.292814,05317b75b2c199f567445246f7dae09fb7632907,station_n02_tx025,2,25,4.0,ChargeAsFastAsPossible,heuristic,4,2022-09-17,96,5.3806,,2,-1.1872156607526931,40.01153162899183,0,1.0,122.29198026527486,8257.325184446761,93.10448171609404,100.0,0.0,100.0,0,63.28612651596731,7.868734909564612e-05,2.7943698141587503e-05,5.0743650954058626e-05,-5082.277654211613,0,0,0
station_n02_tx025__ChargeAsFastAsPossible__seed4__2022-11-09,2026-08-12T14:31:06.694365,05317b75b2c199f567445246f7dae09fb7632907,station_n02_tx025,2,25,4.0,ChargeAsFastAsPossible,heuristic,4,2022-11-09,96,5.3654,,3,-9.924404107555372,65.73306325798367,0,1.0,203.24882482947353,12172.657117750663,130.41112948859714,100.0,0.0,100.0,0,109.61225303193464,0.00014114108676582405,4.725910810416031e-05,9.388197866166372e-05,-8587.637937488678,0,0,0
station_n02_tx025__RoundRobin__seed0__2022-01-17,2026-08-12T14:31:12.055501,05317b75b2c199f567445246f7dae09fb7632907,station_n02_tx025,2,25,4.0,RoundRobin,heuristic,0,2022-01-17,96,5.3232,,3,-7.47242579261129,36.790756340293775,0,1.0,0.0035932191516862,657.6998636662461,24.221952341619325,100.0,0.0,100.0,0,0.0,9.68959888568326e-05,6.20978950188748e-05,3.479809383795782e-05,-9.061970926325625,0,0,0
station_n02_tx025__RoundRobin__seed0__2022-02-14,2026-08-12T14:31:17.580376,05317b75b2c199f567445246f7dae09fb7632907,station_n02_tx025,2,25,4.0,RoundRobin,heuristic,0,2022-02-14,96,5.4854,,3,-6.710055166391816,36.7983237576597,0,1.0,0.002543256498526769,633.6940916610399,24.57856152248101,100.0,0.0,100.0,0,0.0,9.678445560399506e-05,6.210146078802928e-05,3.4682994815965774e-05,-56.78585191640731,0,0,0
station_n02_tx025__RoundRobin__seed0__2022-03-05,2026-08-12T14:31:22.951294,05317b75b2c199f567445246f7dae09fb7632907,station_n02_tx025,2,25,4.0,RoundRobin,heuristic,0,2022-03-05,96,5.3282,,4,-21.180283669672885,61.637322751908066,0,1.0,0.004479989500016934,1084.5921828284468,34.6636507652297,100.0,0.0,100.0,0,0.0,0.00013939088123109602,7.129792216638665e-05,6.809295906470937e-05,-78.18576227946771,0,0,0
station_n02_tx025__RoundRobin__seed0__2022-04-06,2026-08-12T14:31:28.445391,05317b75b2c199f567445246f7dae09fb7632907,station_n02_tx025,2,25,4.0,RoundRobin,heuristic,0,2022-04-06,96,5.4537,,3,-6.663475045506397,36.735993465135664,0,1.0,0.0017465162107643817,674.6707186496676,24.824483591260577,100.0,0.0,100.0,0,0.0,9.749275589362782e-05,6.200627240305517e-05,3.548648349057264e-05,-41.33168692976583,0,0,0
station_n02_tx025__RoundRobin__seed0__2022-05-21,2026-08-12T14:31:33.888137,05317b75b2c199f567445246f7dae09fb7632907,station_n02_tx025,2,25,4.0,RoundRobin,heuristic,0,2022-05-21,96,5.4021,,4,-9.970690764325537,61.66983349130344,0,1.0,0.0025059425112106126,1146.186691499379,40.55595481339881,100.0,0.0,100.0,0,0.0,0.0001398041408196958,7.166490245196064e-05,6.813923836773513e-05,-43.848589130073776,0,0,0
station_n02_tx025__RoundRobin__seed0__2022-06-15,2026-08-12T14:31:39.370934,05317b75b2c199f567445246f7dae09fb7632907,station_n02_tx025,2,25,4.0,RoundRobin,heuristic,0,2022-06-15,96,5.4334,,3,-7.0459179628656115,36.81722552208498,0,1.0,0.0014528812705791472,582.3108039031173,22.74768403856438,100.0,0.0,100.0,0,0.0,9.726629425880115e-05,6.196316006678906e-05,3.5303134192012093e-05,-0.3237993121756358,0,0,0
station_n02_tx025__RoundRobin__seed0__2022-07-10,2026-08-12T14:31:44.809389,05317b75b2c199f567445246f7dae09fb7632907,station_n02_tx025,2,25,4.0,RoundRobin,heuristic,0,2022-07-10,96,5.3994,,4,-16.600968625585384,61.632210483924325,0,1.0,0.000804183935698255,1150.1910593561713,40.26065106285525,100.0,0.0,100.0,0,0.0,0.00013956442985892158,7.153897276461518e-05,6.802545709430643e-05,-69.71078822868064,0,0,0
station_n02_tx025__RoundRobin__seed0__2022-08-24,2026-08-12T19:17:41.481861,05317b75b2c199f567445246f7dae09fb7632907,station_n02_tx025,2,25,4.0,RoundRobin,heuristic,0,2022-08-24,96,5.6621,,3,-20.636885775207848,36.76320312195967,0,1.0,0.003483430717075381,667.0829623682541,25.151973391874474,100.0,0.0,100.0,0,0.0,9.737898790739257e-05,6.195521342047667e-05,3.54237744869159e-05,-31.769199271747027,0,0,0
station_n02_tx025__RoundRobin__seed0__2022-09-17,2026-08-12T19:17:47.075951,05317b75b2c199f567445246f7dae09fb7632907,station_n02_tx025,2,25,4.0,RoundRobin,heuristic,0,2022-09-17,96,5.5345,,4,-7.368297726285741,61.604594874461185,0,1.0,0.001920428648106931,1294.6265017705812,43.070904421128986,100.0,0.0,100.0,0,0.0,0.00013917404118773537,7.075361804678456e-05,6.84204231409508e-05,-158.794976631988,0,0,0
station_n02_tx025__RoundRobin__seed0__2022-11-09,2026-08-12T19:17:52.789671,05317b75b2c199f567445246f7dae09fb7632907,station_n02_tx025,2,25,4.0,RoundRobin,heuristic,0,2022-11-09,96,5.6625,,3,-4.826838890838564,36.76164423893282,0,1.0,0.004544390700614409,637.9991090254924,23.887458527865245,100.0,0.0,100.0,0,0.0,9.723664142305982e-05,6.190283110857168e-05,3.533381031448814e-05,-50.58564891595361,0,0,0
station_n02_tx025__RoundRobin__seed1__2022-01-17,2026-08-12T19:17:58.500363,05317b75b2c199f567445246f7dae09fb7632907,station_n02_tx025,2,25,4.0,RoundRobin,heuristic,1,2022-01-17,96,5.6451,,5,-21.734385023920215,98.12062756717756,0,1.0,0.0025073721354342826,3690.0276108754656,63.88492522347157,100.0,0.0,100.0,0,0.0,0.00020398369895863273,8.545913382904417e-05,0.00011852456512958857,-366.8480876518382,0,0,0
station_n02_tx025__RoundRobin__seed1__2022-02-14,2026-08-12T19:18:04.093951,05317b75b2c199f567445246f7dae09fb7632907,station_n02_tx025,2,25,4.0,RoundRobin,heuristic,1,2022-02-14,96,5.5429,,5,-19.877788381189866,98.04430005227701,0,1.0,0.002573116560897759,3119.5607027877,61.81907754268392,100.0,0.0,100.0,0,0.0,0.00020237506704592285,8.571649499198749e-05,0.00011665857205393534,-214.22510818455166,0,0,0
station_n02_tx025__RoundRobin__seed1__2022-03-05,2026-08-12T19:18:09.846686,05317b75b2c199f567445246f7dae09fb7632907,station_n02_tx025,2,25,4.0,RoundRobin,heuristic,1,2022-03-05,96,5.7005,,5,-30.259052626693375,97.21226587516607,0,1.0,0.0030635926029948246,2839.5487185398106,62.74503890062041,100.0,0.0,100.0,0,3.3420600512885734,0.00020228687941478286,8.58384646092983e-05,0.00011644841480548455,-239.95812864015463,0,0,0
station_n02_tx025__RoundRobin__seed1__2022-04-06,2026-08-12T19:18:15.439516,05317b75b2c199f567445246f7dae09fb7632907,station_n02_tx025,2,25,4.0,RoundRobin,heuristic,1,2022-04-06,96,5.5615,,5,-18.926050936417305,98.03553113942613,0,1.0,0.0029411518087141264,3520.9417742368328,64.07658690675825,100.0,0.0,100.0,0,0.0,0.00020320250311044004,8.570108192440698e-05,0.00011750142118603307,-436.81364088702435,0,0,0
station_n02_tx025__RoundRobin__seed1__2022-05-21,2026-08-12T19:18:21.127710,05317b75b2c199f567445246f7dae09fb7632907,station_n02_tx025,2,25,4.0,RoundRobin,heuristic,1,2022-05-21,96,5.6422,,5,-12.827214658178832,97.25182166474644,0,1.0,0.0022476363401899846,3770.906835745973,69.04679088459561,100.0,0.0,100.0,0,0.0,0.00020060188184030427,8.634208705091626e-05,0.00011425979478938802,-391.21869658029516,0,0,0
station_n02_tx025__RoundRobin__seed1__2022-06-15,2026-08-12T19:18:26.643262,05317b75b2c199f567445246f7dae09fb7632907,station_n02_tx025,2,25,4.0,RoundRobin,heuristic,1,2022-06-15,96,5.4704,,5,-19.94538852756069,98.05546060438081,0,1.0,0.002870743301400469,3404.744870324324,62.17646287080866,100.0,0.0,100.0,0,0.0,0.0002064020324012103,8.566631797308141e-05,0.00012073571442812892,-602.1365465028473,0,0,0
station_n02_tx025__RoundRobin__seed1__2022-07-10,2026-08-12T19:18:32.318945,05317b75b2c199f567445246f7dae09fb7632907,station_n02_tx025,2,25,4.0,RoundRobin,heuristic,1,2022-07-10,96,5.6331,,5,-15.39456614933604,97.24482899677395,0,1.0,0.0012995632644512423,3409.9063265183736,71.66625627235835,100.0,0.0,100.0,0,0.0,0.00020020644936762398,8.74773131896097e-05,0.0001127291361780143,-315.34982813400296,0,0,0
station_n02_tx025__RoundRobin__seed1__2022-08-24,2026-08-12T19:18:37.957666,05317b75b2c199f567445246f7dae09fb7632907,station_n02_tx025,2,25,4.0,RoundRobin,heuristic,1,2022-08-24,96,5.5959,,5,-59.06543948372715,98.11082198928082,0,1.0,0.001668298114358313,3459.7121679015595,63.12023044002032,100.0,0.0,100.0,0,0.0,0.00020625013800919028,8.565874968010476e-05,0.00012059138832908553,-545.9932303362382,0,0,0
station_n02_tx025__RoundRobin__seed1__2022-09-17,2026-08-12T19:18:43.641443,05317b75b2c199f567445246f7dae09fb7632907,station_n02_tx025,2,25,4.0,RoundRobin,heuristic,1,2022-09-17,96,5.6264,,5,-7.88523477934162,97.25492411276784,0,1.0,0.002812425762945381,3823.957340605998,78.02746105156699,100.0,0.0,100.0,0,0.0,0.00020133954587720702,8.729994424177752e-05,0.0001140396016354295,-101.27511343880815,0,0,0
station_n02_tx025__RoundRobin__seed1__2022-11-09,2026-08-12T19:18:49.331958,05317b75b2c199f567445246f7dae09fb7632907,station_n02_tx025,2,25,4.0,RoundRobin,heuristic,1,2022-11-09,96,5.6489,,5,-14.310403058546909,98.08221050895295,0,1.0,0.0027406989835351836,3353.587898204554,61.08607642759717,100.0,0.0,100.0,0,0.0,0.00020346558524660148,8.539858304391086e-05,0.00011806700220269062,-318.76087944537016,0,0,0
station_n02_tx025__RoundRobin__seed2__2022-01-17,2026-08-12T19:18:55.116470,05317b75b2c199f567445246f7dae09fb7632907,station_n02_tx025,2,25,4.0,RoundRobin,heuristic,2,2022-01-17,96,5.7445,,2,-6.14265380312725,29.012099278869332,0,1.0,0.002377318995526956,353.38050286811017,9.597966097234508,100.0,0.0,100.0,0,0.0,6.32237336347695e-05,3.132386777514018e-05,3.189986585962931e-05,-157.7458503819499,0,0,0
station_n02_tx025__RoundRobin__seed2__2022-02-14,2026-08-12T19:19:00.646369,05317b75b2c199f567445246f7dae09fb7632907,station_n02_tx025,2,25,4.0,RoundRobin,heuristic,2,2022-02-14,96,5.4939,,2,-4.5578323080941585,28.997166189556623,0,1.0,0.0008805948465979707,351.03683046094864,12.562979333975182,100.0,0.0,100.0,0,0.0,6.342967335892548e-05,3.13692918047073e-05,3.206038155421818e-05,-143.24909021697596,0,0,0
station_n02_tx025__RoundRobin__seed2__2022-03-05,2026-08-12T19:19:06.341347,05317b75b2c199f567445246f7dae09fb7632907,station_n02_tx025,2,25,4.0,RoundRobin,heuristic,2,2022-03-05,96,5.6474,,2,-7.29568508812487,29.21262949156647,0,1.0,0.0010933190579860974,673.4168431778467,17.167153539775633,100.0,0.0,100.0,0,0.0,6.085322589357375e-05,2.9010449541079256e-05,3.1842776352494496e-05,-199.0452991045906,0,0,0
station_n02_tx025__RoundRobin__seed2__2022-04-06,2026-08-12T19:19:12.115263,05317b75b2c199f567445246f7dae09fb7632907,station_n02_tx025,2,25,4.0,RoundRobin,heuristic,2,2022-04-06,96,5.7283,,2,-5.145933624249167,29.02841259473788,0,1.0,0.0010804261401713422,638.949405075441,16.52281261061264,100.0,0.0,100.0,0,0.0,6.409513852092971e-05,3.157482647607191e-05,3.252031204485781e-05,-111.90086848915044,0,0,0
station_n02_tx025__RoundRobin__seed2__2022-05-21,2026-08-12T19:19:17.555270,05317b75b2c199f567445246f7dae09fb7632907,station_n02_tx025,2,25,4.0,RoundRobin,heuristic,2,2022-05-21,96,5.4017,,2,-0.969101406997346,29.24786870520891,0,1.0,0.0005232842351556855,830.5310899019818,22.16625904524128,100.0,0.0,100.0,0,0.0,6.3084921365831e-05,2.9509518119713072e-05,3.3575403246117924e-05,-75.83922057772963,0,0,0
station_n02_tx025__RoundRobin__seed2__2022-06-15,2026-08-12T19:19:23.378156,05317b75b2c199f567445246f7dae09fb7632907,station_n02_tx025,2,25,4.0,RoundRobin,heuristic,2,2022-06-15,96,5.7704,,2,-4.7221236189927005,29.00291820906353,0,1.0,0.0012982678263901981,323.13382068571104,12.342599090117988,100.0,0.0,100.0,0,0.0,6.33919378646952e-05,3.1397424374506196e-05,3.1994513490189e-05,-127.61348131440002,0,0,0
station_n02_tx025__RoundRobin__seed2__2022-07-10,2026-08-12T19:19:29.407873,05317b75b2c199f567445246f7dae09fb7632907,station_n02_tx025,2,25,4.0,RoundRobin,heuristic,2,2022-07-10,96,5.9814,,2,-2.047176182721116,29.214313679051585,0,1.0,0.0005557614132154498,943.1965093896431,22.863407383939435,100.0,0.0,100.0,0,0.0,6.285709992129564e-05,2.9351147511519917e-05,3.3505952409775725e-05,-99.26970504850522,0,0,0
station_n02_tx025__RoundRobin__seed2__2022-08-24,2026-08-12T19:19:35.632603,05317b75b2c199f567445246f7dae09fb7632907,station_n02_tx025,2,25,4.0,RoundRobin,heuristic,2,2022-08-24,96,6.1686,,2,-16.08363702533359,28.995662448942845,0,1.0,0.00021938461772119666,553.7734769683095,15.811005958092897,100.0,0.0,100.0,0,0.0,6.307450432815519e-05,3.160965300296205e-05,3.146485132519315e-05,-1.9666472937577701,0,0,0
station_n02_tx025__RoundRobin__seed2__2022-09-17,2026-08-12T19:19:41.913595,05317b75b2c199f567445246f7dae09fb7632907,station_n02_tx025,2,25,4.0,RoundRobin,heuristic,2,2022-09-17,96,6.2457,,2,-0.16885420173663465,29.24573298398814,0,1.0,0.0005114439323672393,927.1673203571663,23.467415519917463,100.0,0.0,100.0,0,0.0,6.282389079975542e-05,2.9400060376676914e-05,3.3423830423078495e-05,-46.537015643843425,0,0,0
station_n02_tx025__RoundRobin__seed2__2022-11-09,2026-08-12T19:19:47.965932,05317b75b2c199f567445246f7dae09fb7632907,station_n02_tx025,2,25,4.0,RoundRobin,heuristic,2,2022-11-09,96,6.0062,,2,-4.03783187643981,29.039699048100083,0,1.0,0.001291500420633085,481.107463834407,13.421361309853324,100.0,0.0,100.0,0,0.0,6.360780103543859e-05,3.1557414961004966e-05,3.205038607443361e-05,-20.153813784062795,0,0,0
station_n02_tx025__RoundRobin__seed3__2022-01-17,2026-08-12T19:19:53.955955,05317b75b2c199f567445246f7dae09fb7632907,station_n02_tx025,2,25,4.0,RoundRobin,heuristic,3,2022-01-17,96,5.9394,,3,-7.924465721980648,37.72487752432817,0,0.9969642857142857,0.0024327390440515018,382.42571298809344,15.588279241835416,99.59523809523812,0.5724197752462432,98.7857142857143,0,0.0,8.684178718954975e-05,5.059508315070014e-05,3.624670403884961e-05,-117.56564045598557,0,0,0
station_n02_tx025__RoundRobin__seed3__2022-02-14,2026-08-12T19:19:59.807829,05317b75b2c199f567445246f7dae09fb7632907,station_n02_tx025,2,25,4.0,RoundRobin,heuristic,3,2022-02-14,96,5.8083,,3,-7.506335916292121,34.677747516265846,0,0.9861785714285713,0.001169259492097785,320.79000213612755,14.517892864103677,98.15714285714284,2.606193564944709,94.47142857142856,0,0.0,8.27865343431119e-05,5.03666204301288e-05,3.241991391298311e-05,-78.98078175945575,0,0,0
station_n02_tx025__RoundRobin__seed3__2022-03-05,2026-08-12T19:20:05.306022,05317b75b2c199f567445246f7dae09fb7632907,station_n02_tx025,2,25,4.0,RoundRobin,heuristic,3,2022-03-05,96,5.4511,,3,-10.172315252527216,34.45561276484537,0,1.0,0.002204679821394273,422.91096839584026,14.18884802849474,100.0,0.0,100.0,0,0.0,7.658756297390209e-05,4.406959196503858e-05,3.2517971008863505e-05,-87.80636337770821,0,0,0
station_n02_tx025__RoundRobin__seed3__2022-04-06,2026-08-12T19:20:11.327118,05317b75b2c199f567445246f7dae09fb7632907,station_n02_tx025,2,25,4.0,RoundRobin,heuristic,3,2022-04-06,96,5.9812,,3,-7.102418742591784,37.0180739693433,0,0.9944642857142857,0.0011834079605740344,357.6891277501214,14.995958073566092,99.26190476190476,1.0438242960372817,97.78571428571429,0,0.0,8.530568484288903e-05,5.039581418091552e-05,3.490987066197352e-05,-73.6182166965996,0,0,0
station_n02_tx025__RoundRobin__seed3__2022-05-21,2026-08-12T19:20:17.104757,05317b75b2c199f567445246f7dae09fb7632907,station_n02_tx025,2,25,4.0,RoundRobin,heuristic,3,2022-05-21,96,5.7278,,3,-3.776484460149499,34.44601782228431,0,1.0,0.0014460620980623062,588.6063258946942,19.209489140865298,100.0,0.0,100.0,0,0.0,7.732409699026708e-05,4.43365213031909e-05,3.298757568707616e-05,-79.11768521354745,0,0,0
station_n02_tx025__RoundRobin__seed3__2022-06-15,2026-08-12T19:20:23.162934,05317b75b2c199f567445246f7dae09fb7632907,station_n02_tx025,2,25,4.0,RoundRobin,heuristic,3,2022-06-15,96,6.0185,,3,-6.682883150306743,35.06919005935084,0,0.9876071428571429,0.0017924816105945318,301.33846512059927,13.959646160078151,98.34761904761905,2.3368195530641134,95.04285714285714,0,0.0,8.263289500761539e-05,5.010394212031019e-05,3.252895288730519e-05,-56.57892637512094,0,0,0
station_n02_tx025__RoundRobin__seed3__2022-07-10,2026-08-12T19:20:29.293787,05317b75b2c199f567445246f7dae09fb7632907,station_n02_tx025,2,25,4.0,RoundRobin,heuristic,3,2022-07-10,96,6.0848,,3,-5.611243237713017,34.517622734007745,0,1.0,0.0015239194163392256,549.9500577924331,20.07288366510762,100.0,0.0,100.0,0,0.0,7.70691467851351e-05,4.4584245393154194e-05,3.24849013919809e-05,-10.570071441476403,0,0,0
station_n02_tx025__RoundRobin__seed3__2022-08-24,2026-08-12T19:20:35.364896,05317b75b2c199f567445246f7dae09fb7632907,station_n02_tx025,2,25,4.0,RoundRobin,heuristic,3,2022-08-24,96,6.0275,,3,-21.320760567868348,36.33804303487888,0,0.9920714285714286,0.001326224485116323,242.76456781720537,12.372382426320293,98.94285714285714,1.4950257659372683,96.82857142857144,0,0.0,8.43564982898641e-05,5.019076073264549e-05,3.416573755721861e-05,-69.79380017539779,0,0,0
station_n02_tx025__RoundRobin__seed3__2022-09-17,2026-08-12T19:20:40.753383,05317b75b2c199f567445246f7dae09fb7632907,station_n02_tx025,2,25,4.0,RoundRobin,heuristic,3,2022-09-17,96,5.3453,,3,-3.2216588925970284,34.47385101739901,0,1.0,0.0018298761580624046,660.8625228842051,21.727015308113792,100.0,0.0,100.0,0,0.0,7.628652846609149e-05,4.4336462952499026e-05,3.195006551359247e-05,-97.51313106199355,0,0,0
station_n02_tx025__RoundRobin__seed3__2022-11-09,2026-08-12T19:20:46.585813,05317b75b2c199f567445246f7dae09fb7632907,station_n02_tx025,2,25,4.0,RoundRobin,heuristic,3,2022-11-09,96,5.7906,,3,-4.924814166950332,35.54785601069159,0,0.9891785714285715,0.002953060946362829,302.8085533797095,13.403088966971561,98.55714285714286,2.0405081399954628,95.67142857142858,0,0.0,8.303432665371022e-05,5.02312028684365e-05,3.280312378527372e-05,-38.29083384829144,0,0,0
station_n02_tx025__RoundRobin__seed4__2022-01-17,2026-08-12T19:20:52.457660,05317b75b2c199f567445246f7dae09fb7632907,station_n02_tx025,2,25,4.0,RoundRobin,heuristic,4,2022-01-17,96,5.8265,,3,-14.74892770008597,65.64934982950304,0,1.0,0.001857631559041506,1261.9451980135364,33.65807767484041,100.0,0.0,100.0,0,4.45445236194162,0.00012948086993899382,4.415067126083184e-05,8.5330198678162e-05,-44.51284581571845,0,0,0
station_n02_tx025__RoundRobin__seed4__2022-02-14,2026-08-12T19:20:58.000235,05317b75b2c199f567445246f7dae09fb7632907,station_n02_tx025,2,25,4.0,RoundRobin,heuristic,4,2022-02-14,96,5.5002,,3,-14.670024446503223,65.64453121513185,0,1.0,0.0010311295652885022,798.9147386780536,28.476708633519845,100.0,0.0,100.0,0,4.764725015406267,0.00012917916292971358,4.422204089280656e-05,8.4957122036907e-05,-123.88996272627742,0,0,0
station_n02_tx025__RoundRobin__seed4__2022-03-05,2026-08-12T19:21:03.519632,05317b75b2c199f567445246f7dae09fb7632907,station_n02_tx025,2,25,4.0,RoundRobin,heuristic,4,2022-03-05,96,5.4787,,2,-9.25682188304149,39.94574233401897,0,1.0,0.0004215841606267645,804.3257611226413,19.42970843171074,100.0,0.0,100.0,0,0.0,7.290691029639436e-05,2.6320017087724897e-05,4.6586893208669454e-05,-152.1153061370899,0,0,0
station_n02_tx025__RoundRobin__seed4__2022-04-06,2026-08-12T19:21:09.041305,05317b75b2c199f567445246f7dae09fb7632907,station_n02_tx025,2,25,4.0,RoundRobin,heuristic,4,2022-04-06,96,5.4779,,3,-12.405962683124091,65.64311123879507,0,1.0,0.0026219188616662947,1273.4565442138617,32.38271631116673,100.0,0.0,100.0,0,4.217008980833604,0.00013061358350680084,4.4425742774683756e-05,8.618784073211711e-05,-510.7719125653556,0,0,0
station_n02_tx025__RoundRobin__seed4__2022-05-21,2026-08-12T19:21:14.690092,05317b75b2c199f567445246f7dae09fb7632907,station_n02_tx025,2,25,4.0,RoundRobin,heuristic,4,2022-05-21,96,5.5976,,2,-1.6339417220031183,39.96545503392224,0,1.0,0.0010855445419535314,1583.0172614174921,30.278143613048705,100.0,0.0,100.0,0,0.0,7.366128046584742e-05,2.659240716406913e-05,4.706887330177829e-05,-126.96929950048963,0,0,0
station_n02_tx025__RoundRobin__seed4__2022-06-15,2026-08-12T19:21:20.290273,05317b75b2c199f567445246f7dae09fb7632907,station_n02_tx025,2,25,4.0,RoundRobin,heuristic,4,2022-06-15,96,5.561,,3,-12.400279593125179,65.63719767124985,0,1.0,0.0012257012605771667,955.8867272321165,27.15542486333491,100.0,0.0,100.0,0,2.2695741912419223,0.0001290575926607078,4.39190819863773e-05,8.51385106743305e-05,-21.622452692383334,0,0,0
station_n02_tx025__RoundRobin__seed4__2022-07-10,2026-08-12T19:21:26.029413,05317b75b2c199f567445246f7dae09fb7632907,station_n02_tx025,2,25,4.0,RoundRobin,heuristic,4,2022-07-10,96,5.6943,,2,-2.2432281663998292,39.9708795559515,0,1.0,0.0008809475316864379,1250.3179820383818,31.371519038899756,100.0,0.0,100.0,0,0.0,7.321291135838214e-05,2.6662569638537173e-05,4.6550341719844966e-05,-121.0957442014863,0,0,0
station_n02_tx025__RoundRobin__seed4__2022-08-24,2026-08-12T19:21:31.506424,05317b75b2c199f567445246f7dae09fb7632907,station_n02_tx025,2,25,4.0,RoundRobin,heuristic,4,2022-08-24,96,5.4298,,3,-37.8954116506978,65.61103088378742,0,1.0,0.0009144317288916071,768.4313924300591,26.777416961493955,100.0,0.0,100.0,0,2.4042584620384773,0.00013066651395729863,4.4061554355402745e-05,8.66049596018959e-05,-177.34142771320592,0,0,0
station_n02_tx025__RoundRobin__seed4__2022-09-17,2026-08-12T19:21:37.092033,05317b75b2c199f567445246f7dae09fb7632907,station_n02_tx025,2,25,4.0,RoundRobin,heuristic,4,2022-09-17,96,5.5433,,2,-0.6296343756677096,39.958261739530705,0,1.0,0.0007873038298065183,1584.2483519486225,32.012155124832645,100.0,0.0,100.0,0,0.0,7.290804211600548e-05,2.6637623716165808e-05,4.627041839983968e-05,-25.00179402772061,0,0,0
station_n02_tx025__RoundRobin__seed4__2022-11-09,2026-08-12T19:21:42.765112,05317b75b2c199f567445246f7dae09fb7632907,station_n02_tx025,2,25,4.0,RoundRobin,heuristic,4,2022-11-09,96,5.6276,,3,-9.506886653535187,65.60137362469732,0,1.0,0.0004615471314937114,962.6230283286416,28.918637480712487,100.0,0.0,100.0,0,1.9358564980460322,0.00013095783973895926,4.4103824839531944e-05,8.68540148994273e-05,-224.55161126051286,0,0,0
station_n16_tx200__ChargeAsFastAsPossible__seed0__2022-01-17,2026-08-12T19:21:48.634745,05317b75b2c199f567445246f7dae09fb7632907,station_n16_tx200,16,200,4.0,ChargeAsFastAsPossible,heuristic,0,2022-01-17,96,5.8245,,28,-105.78716162733969,452.12945997524446,0,1.0,550.0733840005171,126216.88051756637,621.5238717837443,100.0,0.0,100.0,0,0.0,0.0010486442720235919,0.0004723608365110873,0.0005762834355125044,-47503.55946373546,0,0,0
station_n16_tx200__ChargeAsFastAsPossible__seed0__2022-02-14,2026-08-12T19:21:54.445272,05317b75b2c199f567445246f7dae09fb7632907,station_n16_tx200,16,200,4.0,ChargeAsFastAsPossible,heuristic,0,2022-02-14,96,5.7711,,28,-87.91767908718731,452.12945997524446,0,1.0,588.9833558867305,129181.79238805489,630.5942743189087,100.0,0.0,100.0,0,0.0,0.0010486442720235919,0.0004723608365110873,0.0005762834355125044,-48952.22679997124,0,0,0
station_n16_tx200__ChargeAsFastAsPossible__seed0__2022-03-05,2026-08-12T19:22:00.259173,05317b75b2c199f567445246f7dae09fb7632907,station_n16_tx200,16,200,4.0,ChargeAsFastAsPossible,heuristic,0,2022-03-05,96,5.7744,,26,-125.48201192097976,415.9916281591519,0,1.0,651.2474096696549,153201.82159073156,637.1308598454495,100.0,0.0,100.0,0,0.0,0.0009394014690894428,0.0004112404753637387,0.0005281609937257041,-45503.31790361203,0,0,0
station_n16_tx200__ChargeAsFastAsPossible__seed0__2022-04-06,2026-08-12T19:22:06.238508,05317b75b2c199f567445246f7dae09fb7632907,station_n16_tx200,16,200,4.0,ChargeAsFastAsPossible,heuristic,0,2022-04-06,96,5.9345,,28,-88.74319008761827,452.12945997524446,0,1.0,558.1073413434817,121447.94344219242,611.4236728152148,100.0,0.0,100.0,0,0.0,0.0010486442720235919,0.0004723608365110873,0.0005762834355125044,-47582.23514658514,0,0,0
station_n16_tx200__ChargeAsFastAsPossible__seed0__2022-05-21,2026-08-12T19:22:12.005575,05317b75b2c199f567445246f7dae09fb7632907,station_n16_tx200,16,200,4.0,ChargeAsFastAsPossible,heuristic,0,2022-05-21,96,5.722,,26,-50.21540515065021,415.9916281591519,0,1.0,736.9469953666865,175557.70047015027,685.546983344715,100.0,0.0,100.0,0,0.0,0.0009394014690894428,0.0004112404753637387,0.0005281609937257041,-52561.67969844478,0,0,0
station_n16_tx200__ChargeAsFastAsPossible__seed0__2022-06-15,2026-08-12T19:22:17.989589,05317b75b2c199f567445246f7dae09fb7632907,station_n16_tx200,16,200,4.0,ChargeAsFastAsPossible,heuristic,0,2022-06-15,96,5.9408,,28,-90.03857099235422,452.12945997524446,0,1.0,605.1351914673713,131075.40061686528,638.2960755616759,100.0,0.0,100.0,0,0.0,0.0010486442720235919,0.0004723608365110873,0.0005762834355125044,-50793.31160213085,0,0,0
station_n16_tx200__ChargeAsFastAsPossible__seed0__2022-07-10,2026-08-12T19:22:23.669192,05317b75b2c199f567445246f7dae09fb7632907,station_n16_tx200,16,200,4.0,ChargeAsFastAsPossible,heuristic,0,2022-07-10,96,5.6386,,26,-64.13191482479178,415.9916281591519,0,1.0,602.1077720933399,151939.06998794875,627.3343885403939,100.0,0.0,100.0,0,0.0,0.0009394014690894428,0.0004112404753637387,0.0005281609937257041,-45395.91510990283,0,0,0
station_n16_tx200__ChargeAsFastAsPossible__seed0__2022-08-24,2026-08-12T19:22:29.454815,05317b75b2c199f567445246f7dae09fb7632907,station_n16_tx200,16,200,4.0,ChargeAsFastAsPossible,heuristic,0,2022-08-24,96,5.7386,,28,-284.4763847996243,452.12945997524446,0,1.0,571.3143138304775,127253.13840251199,626.6832523896823,100.0,0.0,100.0,0,0.0,0.0010486442720235919,0.0004723608365110873,0.0005762834355125044,-48770.74176943023,0,0,0
station_n16_tx200__ChargeAsFastAsPossible__seed0__2022-09-17,2026-08-12T19:22:35.257470,05317b75b2c199f567445246f7dae09fb7632907,station_n16_tx200,16,200,4.0,ChargeAsFastAsPossible,heuristic,0,2022-09-17,96,5.746,,26,-35.7920403113262,415.9916281591519,0,1.0,638.2743489297553,156098.94784978253,641.4599079172347,100.0,0.0,100.0,0,0.0,0.0009394014690894428,0.0004112404753637387,0.0005281609937257041,-47496.91271002226,0,0,0
station_n16_tx200__ChargeAsFastAsPossible__seed0__2022-11-09,2026-08-12T19:22:41.094688,05317b75b2c199f567445246f7dae09fb7632907,station_n16_tx200,16,200,4.0,ChargeAsFastAsPossible,heuristic,0,2022-11-09,96,5.7988,,28,-70.35619374771764,452.12945997524446,0,1.0,563.027564354516,125647.70699577747,620.994631407171,100.0,0.0,100.0,0,0.0,0.0010486442720235919,0.0004723608365110873,0.0005762834355125044,-47737.38000524304,0,0,0
station_n16_tx200__ChargeAsFastAsPossible__seed1__2022-01-17,2026-08-12T19:22:46.905062,05317b75b2c199f567445246f7dae09fb7632907,station_n16_tx200,16,200,4.0,ChargeAsFastAsPossible,heuristic,1,2022-01-17,96,5.7541,,27,-109.95139890276675,495.62227995840817,0,1.0,815.580350894103,179877.7778175455,780.4563428812243,100.0,0.0,100.0,0,0.0,0.0011089329574026498,0.00046692846102157755,0.0006420044963810723,-50414.96259315432,0,0,0
station_n16_tx200__ChargeAsFastAsPossible__seed1__2022-02-14,2026-08-12T19:22:52.509923,05317b75b2c199f567445246f7dae09fb7632907,station_n16_tx200,16,200,4.0,ChargeAsFastAsPossible,heuristic,1,2022-02-14,96,5.561,,27,-101.01039372282719,495.62227995840817,0,1.0,863.1756939631206,192943.59824634873,801.5351483951739,100.0,0.0,100.0,0,0.0,0.0011089329574026498,0.00046692846102157755,0.0006420044963810723,-53000.79348619869,0,0,0
station_n16_tx200__ChargeAsFastAsPossible__seed1__2022-03-05,2026-08-12T19:22:58.103771,05317b75b2c199f567445246f7dae09fb7632907,station_n16_tx200,16,200,4.0,ChargeAsFastAsPossible,heuristic,1,2022-03-05,96,5.5496,,30,-168.36866480209335,524.9566820304123,0,1.0,666.2954733507381,159778.32611342205,730.3985668396131,100.0,0.0,100.0,0,0.0,0.0011750916549073246,0.0005006444102428864,0.000674447244664438,-43435.43148824933,0,0,0
station_n16_tx200__ChargeAsFastAsPossible__seed1__2022-04-06,2026-08-12T19:23:03.790260,05317b75b2c199f567445246f7dae09fb7632907,station_n16_tx200,16,200,4.0,ChargeAsFastAsPossible,heuristic,1,2022-04-06,96,5.6447,,27,-98.23920162961505,495.62227995840817,0,1.0,809.0330533147536,180158.18294743897,780.5364675304018,100.0,0.0,100.0,0,0.0,0.0011089329574026498,0.00046692846102157755,0.0006420044963810723,-49651.508543127406,0,0,0
station_n16_tx200__ChargeAsFastAsPossible__seed1__2022-05-21,2026-08-12T19:23:09.586249,05317b75b2c199f567445246f7dae09fb7632907,station_n16_tx200,16,200,4.0,ChargeAsFastAsPossible,heuristic,1,2022-05-21,96,5.7511,,30,-68.0758594392951,524.9566820304123,0,1.0,694.1994843409169,169378.74582198772,739.2172713908694,100.0,0.0,100.0,0,0.0,0.0011750916549073246,0.0005006444102428864,0.000674447244664438,-52841.13337702946,0,0,0
station_n16_tx200__ChargeAsFastAsPossible__seed1__2022-06-15,2026-08-12T19:23:15.442982,05317b75b2c199f567445246f7dae09fb7632907,station_n16_tx200,16,200,4.0,ChargeAsFastAsPossible,heuristic,1,2022-06-15,96,5.8098,,27,-103.97196163828522,495.62227995840817,0,1.0,801.6350137213973,174707.31878593142,763.5935916188557,100.0,0.0,100.0,0,0.0,0.0011089329574026498,0.00046692846102157755,0.0006420044963810723,-49242.217147211755,0,0,0
station_n16_tx200__ChargeAsFastAsPossible__seed1__2022-07-10,2026-08-12T19:23:21.121670,05317b75b2c199f567445246f7dae09fb7632907,station_n16_tx200,16,200,4.0,ChargeAsFastAsPossible,heuristic,1,2022-07-10,96,5.6245,,30,-86.00632543695913,524.9566820304123,0,1.0,629.2925591463236,162883.97351070115,720.7331868506113,100.0,0.0,100.0,0,0.0,0.0011750916549073246,0.0005006444102428864,0.000674447244664438,-44699.6295665891,0,0,0
station_n16_tx200__ChargeAsFastAsPossible__seed1__2022-08-24,2026-08-12T19:23:26.817075,05317b75b2c199f567445246f7dae09fb7632907,station_n16_tx200,16,200,4.0,ChargeAsFastAsPossible,heuristic,1,2022-08-24,96,5.651,,27,-312.31989897949745,495.62227995840817,0,1.0,794.2810090127504,178448.6000663443,775.2288295313418,100.0,0.0,100.0,0,0.0,0.0011089329574026498,0.00046692846102157755,0.0006420044963810723,-49358.64434385561,0,0,0
station_n16_tx200__ChargeAsFastAsPossible__seed1__2022-09-17,2026-08-12T19:23:32.471949,05317b75b2c199f567445246f7dae09fb7632907,station_n16_tx200,16,200,4.0,ChargeAsFastAsPossible,heuristic,1,2022-09-17,96,5.6111,,30,-54.76406571290994,524.9566820304123,0,1.0,729.4133543402695,173056.26545738813,769.1797027153789,100.0,0.0,100.0,0,0.0,0.0011750916549073246,0.0005006444102428864,0.000674447244664438,-49250.230647153316,0,0,0
station_n16_tx200__ChargeAsFastAsPossible__seed1__2022-11-09,2026-08-12T19:23:38.071301,05317b75b2c199f567445246f7dae09fb7632907,station_n16_tx200,16,200,4.0,ChargeAsFastAsPossible,heuristic,1,2022-11-09,96,5.5565,,27,-73.99759767627197,495.62227995840817,0,1.0,799.8039435105389,177426.17839268257,771.2796671382372,100.0,0.0,100.0,0,0.0,0.0011089329574026498,0.00046692846102157755,0.0006420044963810723,-49904.63989555412,0,0,0
station_n16_tx200__ChargeAsFastAsPossible__seed2__2022-01-17,2026-08-12T19:23:43.957657,05317b75b2c199f567445246f7dae09fb7632907,station_n16_tx200,16,200,4.0,ChargeAsFastAsPossible,heuristic,2,2022-01-17,96,5.842,,25,-94.21578927538945,421.0646726049698,0,1.0,803.0835786802586,151865.58812811805,717.0197655849138,100.0,0.0,100.0,0,0.0,0.000971459677740268,0.0004364085769195982,0.0005350511008206699,-46015.33993130986,0,0,0
station_n16_tx200__ChargeAsFastAsPossible__seed2__2022-02-14,2026-08-12T19:23:49.929346,05317b75b2c199f567445246f7dae09fb7632907,station_n16_tx200,16,200,4.0,ChargeAsFastAsPossible,heuristic,2,2022-02-14,96,5.9299,,25,-88.84560826533013,421.0646726049698,0,1.0,830.6445012334356,156907.35079335773,724.0497936451467,100.0,0.0,100.0,0,0.0,0.000971459677740268,0.0004364085769195982,0.0005350511008206699,-48739.282215803476,0,0,0
station_n16_tx200__ChargeAsFastAsPossible__seed2__2022-03-05,2026-08-12T19:23:55.664435,05317b75b2c199f567445246f7dae09fb7632907,station_n16_tx200,16,200,4.0,ChargeAsFastAsPossible,heuristic,2,2022-03-05,96,5.6946,,25,-121.97311640657071,410.111995726117,0,1.0,632.5246992320024,139900.69291583347,627.6833286837181,100.0,0.0,100.0,0,0.0,0.0009003104007999841,0.0003861344344232501,0.000514175966376734,-41364.454508903,0,0,0
station_n16_tx200__ChargeAsFastAsPossible__seed2__2022-04-06,2026-08-12T19:24:01.493085,05317b75b2c199f567445246f7dae09fb7632907,station_n16_tx200,16,200,4.0,ChargeAsFastAsPossible,heuristic,2,2022-04-06,96,5.7867,,25,-83.62201683495681,421.0646726049698,0,1.0,821.0570804742242,154136.32523961712,718.8783544505867,100.0,0.0,100.0,0,0.0,0.000971459677740268,0.0004364085769195982,0.0005350511008206699,-46810.97585874921,0,0,0
station_n16_tx200__ChargeAsFastAsPossible__seed2__2022-05-21,2026-08-12T19:24:07.188667,05317b75b2c199f567445246f7dae09fb7632907,station_n16_tx200,16,200,4.0,ChargeAsFastAsPossible,heuristic,2,2022-05-21,96,5.6542,,25,-45.14515646578603,410.111995726117,0,1.0,676.1197165526713,155858.75709293433,650.8419288197139,100.0,0.0,100.0,0,0.0,0.0009003104007999841,0.0003861344344232501,0.000514175966376734,-46558.75313196063,0,0,0
station_n16_tx200__ChargeAsFastAsPossible__seed2__2022-06-15,2026-08-12T19:24:12.700957,05317b75b2c199f567445246f7dae09fb7632907,station_n16_tx200,16,200,4.0,ChargeAsFastAsPossible,heuristic,2,2022-06-15,96,5.4706,,25,-86.94769612488385,421.0646726049698,0,1.0,839.6691251678166,157018.40392567552,731.8959648092654,100.0,0.0,100.0,0,0.0,0.000971459677740268,0.0004364085769195982,0.0005350511008206699,-48079.43818224312,0,0,0
station_n16_tx200__ChargeAsFastAsPossible__seed2__2022-07-10,2026-08-12T19:24:18.423934,05317b75b2c199f567445246f7dae09fb7632907,station_n16_tx200,16,200,4.0,ChargeAsFastAsPossible,heuristic,2,2022-07-10,96,5.6845,,25,-57.95860126616296,410.111995726117,0,1.0,647.9257638064278,150405.35068686254,642.5326551547499,100.0,0.0,100.0,0,0.0,0.0009003104007999841,0.0003861344344232501,0.000514175966376734,-41872.92125038977,0,0,0
station_n16_tx200__ChargeAsFastAsPossible__seed2__2022-08-24,2026-08-12T19:24:24.328490,05317b75b2c199f567445246f7dae09fb7632907,station_n16_tx200,16,200,4.0,ChargeAsFastAsPossible,heuristic,2,2022-08-24,96,5.8693,,25,-261.42040816338715,421.0646726049698,0,1.0,820.7220365178955,151916.26319851095,718.8976629309941,100.0,0.0,100.0,0,0.0,0.000971459677740268,0.0004364085769195982,0.0005350511008206699,-46848.09710593932,0,0,0
station_n16_tx200__ChargeAsFastAsPossible__seed2__2022-09-17,2026-08-12T19:24:30.047433,05317b75b2c199f567445246f7dae09fb7632907,station_n16_tx200,16,200,4.0,ChargeAsFastAsPossible,heuristic,2,2022-09-17,96,5.674,,25,-35.713761557303,410.111995726117,0,1.0,691.3336019374877,163270.41677918297,672.7945652678674,100.0,0.0,100.0,0,0.0,0.0009003104007999841,0.0003861344344232501,0.000514175966376734,-46061.0508170653,0,0,0
station_n16_tx200__ChargeAsFastAsPossible__seed2__2022-11-09,2026-08-12T19:24:35.697831,05317b75b2c199f567445246f7dae09fb7632907,station_n16_tx200,16,200,4.0,ChargeAsFastAsPossible,heuristic,2,2022-11-09,96,5.6072,,25,-63.90957313204654,421.0646726049698,0,1.0,821.2374745239283,153608.08136221842,722.6739269171119,100.0,0.0,100.0,0,0.0,0.000971459677740268,0.0004364085769195982,0.0005350511008206699,-47359.43083749167,0,0,0
station_n16_tx200__ChargeAsFastAsPossible__seed3__2022-01-17,2026-08-12T19:24:41.368348,05317b75b2c199f567445246f7dae09fb7632907,station_n16_tx200,16,200,4.0,ChargeAsFastAsPossible,heuristic,3,2022-01-17,96,5.6278,,27,-91.88045508655091,401.61260655186686,0,1.0,673.7118248937732,126993.96217981327,629.0370421626266,100.0,0.0,100.0,0,0.0,0.0009883642038844194,0.0004912838759846805,0.0004970803278997388,-50171.93970645245,0,0,0
station_n16_tx200__ChargeAsFastAsPossible__seed3__2022-02-14,2026-08-12T19:24:47.114026,05317b75b2c199f567445246f7dae09fb7632907,station_n16_tx200,16,200,4.0,ChargeAsFastAsPossible,heuristic,3,2022-02-14,96,5.7069,,27,-82.90303073722193,401.61260655186686,0,1.0,678.1302756206404,136174.9274692356,634.0380305538798,100.0,0.0,100.0,0,0.0,0.0009883642038844194,0.0004912838759846805,0.0004970803278997388,-49923.09035750767,0,0,0
station_n16_tx200__ChargeAsFastAsPossible__seed3__2022-03-05,2026-08-12T19:24:52.868906,05317b75b2c199f567445246f7dae09fb7632907,station_n16_tx200,16,200,4.0,ChargeAsFastAsPossible,heuristic,3,2022-03-05,96,5.7094,,26,-114.55280935470793,377.5730715656723,0,1.0,725.0850518186812,157514.58471760765,643.8527335243931,100.0,0.0,100.0,0,0.0,0.000878428735329929,0.0004166012544577584,0.0004618274808721706,-61058.75026707569,0,0,0
station_n16_tx200__ChargeAsFastAsPossible__seed3__2022-04-06,2026-08-12T19:24:58.687729,05317b75b2c199f567445246f7dae09fb7632907,station_n16_tx200,16,200,4.0,ChargeAsFastAsPossible,heuristic,3,2022-04-06,96,5.7779,,27,-78.74460118249985,401.61260655186686,0,1.0,660.8954859457764,124108.90845216576,621.5693888229553,100.0,0.0,100.0,0,0.0,0.0009883642038844194,0.0004912838759846805,0.0004970803278997388,-48803.81229217298,0,0,0
station_n16_tx200__ChargeAsFastAsPossible__seed3__2022-05-21,2026-08-12T19:25:04.393227,05317b75b2c199f567445246f7dae09fb7632907,station_n16_tx200,16,200,4.0,ChargeAsFastAsPossible,heuristic,3,2022-05-21,96,5.6554,,26,-43.155667022507984,377.5730715656723,0,1.0,692.4068020856267,156607.72492919862,627.8559603339822,100.0,0.0,100.0,0,0.0,0.000878428735329929,0.0004166012544577584,0.0004618274808721706,-58778.5861161894,0,0,0
station_n16_tx200__ChargeAsFastAsPossible__seed3__2022-06-15,2026-08-12T19:25:09.963282,05317b75b2c199f567445246f7dae09fb7632907,station_n16_tx200,16,200,4.0,ChargeAsFastAsPossible,heuristic,3,2022-06-15,96,5.536,,27,-81.31586358248289,401.61260655186686,0,1.0,654.4101823432452,130679.04813191657,637.4722391661522,100.0,0.0,100.0,0,0.0,0.0009883642038844194,0.0004912838759846805,0.0004970803278997388,-48027.29630564306,0,0,0
station_n16_tx200__ChargeAsFastAsPossible__seed3__2022-07-10,2026-08-12T19:25:15.693404,05317b75b2c199f567445246f7dae09fb7632907,station_n16_tx200,16,200,4.0,ChargeAsFastAsPossible,heuristic,3,2022-07-10,96,5.6808,,26,-58.488642752584795,377.5730715656723,0,1.0,699.5173211512436,151618.83509550444,644.5045467405893,100.0,0.0,100.0,0,0.0,0.000878428735329929,0.0004166012544577584,0.0004618274808721706,-56609.42052395728,0,0,0
station_n16_tx200__ChargeAsFastAsPossible__seed3__2022-08-24,2026-08-12T19:25:21.359302,05317b75b2c199f567445246f7dae09fb7632907,station_n16_tx200,16,200,4.0,ChargeAsFastAsPossible,heuristic,3,2022-08-24,96,5.6243,,27,-251.38194099184105,401.61260655186686,0,1.0,667.7566766428722,127311.43590731898,630.0561323129058,100.0,0.0,100.0,0,0.0,0.0009883642038844194,0.0004912838759846805,0.0004970803278997388,-48052.201331395656,0,0,0
station_n16_tx200__ChargeAsFastAsPossible__seed3__2022-09-17,2026-08-12T19:25:27.079432,05317b75b2c199f567445246f7dae09fb7632907,station_n16_tx200,16,200,4.0,ChargeAsFastAsPossible,heuristic,3,2022-09-17,96,5.6791,,26,-33.19708207415524,377.5730715656723,0,1.0,724.7265457198594,157395.97297309354,654.0540342709172,100.0,0.0,100.0,0,0.0,0.000878428735329929,0.0004166012544577584,0.0004618274808721706,-58609.42124924945,0,0,0
station_n16_tx200__ChargeAsFastAsPossible__seed3__2022-11-09,2026-08-12T19:25:33.648961,05317b75b2c199f567445246f7dae09fb7632907,station_n16_tx200,16,200,4.0,ChargeAsFastAsPossible,heuristic,3,2022-11-09,96,6.5274,,27,-61.6892065084474,401.61260655186686,0,1.0,686.5916619817639,127374.22590867039,630.3227382128778,100.0,0.0,100.0,0,0.0,0.0009883642038844194,0.0004912838759846805,0.0004970803278997388,-48871.18236973339,0,0,0
station_n16_tx200__ChargeAsFastAsPossible__seed4__2022-01-17,2026-08-12T19:25:39.483035,05317b75b2c199f567445246f7dae09fb7632907,station_n16_tx200,16,200,4.0,ChargeAsFastAsPossible,heuristic,4,2022-01-17,96,5.7798,,27,-85.12729227923933,369.377498610404,0,1.0,660.2058164802729,125452.07789422548,618.2609124041419,100.0,0.0,100.0,0,0.0,0.0009122240314094539,0.00046402470475551165,0.00044819932665394227,-44961.010759269404,0,0,0
station_n16_tx200__ChargeAsFastAsPossible__seed4__2022-02-14,2026-08-12T19:25:45.162036,05317b75b2c199f567445246f7dae09fb7632907,station_n16_tx200,16,200,4.0,ChargeAsFastAsPossible,heuristic,4,2022-02-14,96,5.6408,,27,-78.90710111878572,369.377498610404,0,1.0,684.1786494846901,126717.3846277746,619.4033760317649,100.0,0.0,100.0,0,0.0,0.0009122240314094539,0.00046402470475551165,0.00044819932665394227,-47634.19595529411,0,0,0
station_n16_tx200__ChargeAsFastAsPossible__seed4__2022-03-05,2026-08-12T19:25:51.252433,05317b75b2c199f567445246f7dae09fb7632907,station_n16_tx200,16,200,4.0,ChargeAsFastAsPossible,heuristic,4,2022-03-05,96,6.0501,,25,-97.8493259727953,335.86508994930927,0,1.0,605.7989319868814,112244.60301417761,561.2173896751206,100.0,0.0,100.0,0,0.0,0.0008075037614350797,0.00040692715692780855,0.0004005766045072711,-38869.20021445513,0,0,0
station_n16_tx200__ChargeAsFastAsPossible__seed4__2022-04-06,2026-08-12T19:25:57.368541,05317b75b2c199f567445246f7dae09fb7632907,station_n16_tx200,16,200,4.0,ChargeAsFastAsPossible,heuristic,4,2022-04-06,96,6.0593,,27,-75.39312910134554,369.377498610404,0,1.0,673.949348241847,126550.22777817509,626.7402542296309,100.0,0.0,100.0,0,0.0,0.0009122240314094539,0.00046402470475551165,0.00044819932665394227,-45315.30028866095,0,0,0
station_n16_tx200__ChargeAsFastAsPossible__seed4__2022-05-21,2026-08-12T19:26:05.029657,05317b75b2c199f567445246f7dae09fb7632907,station_n16_tx200,16,200,4.0,ChargeAsFastAsPossible,heuristic,4,2022-05-21,96,7.6216,,25,-38.67830136656872,335.86508994930927,0,1.0,615.2483368261535,113980.5133087862,560.5497441745712,100.0,0.0,100.0,0,0.0,0.0008075037614350797,0.00040692715692780855,0.0004005766045072711,-39599.35171684271,0,0,0
station_n16_tx200__ChargeAsFastAsPossible__seed4__2022-06-15,2026-08-12T19:26:14.073555,05317b75b2c199f567445246f7dae09fb7632907,station_n16_tx200,16,200,4.0,ChargeAsFastAsPossible,heuristic,4,2022-06-15,96,8.995,,27,-79.75287347169123,369.377498610404,0,1.0,675.8027482973622,125413.66642587478,622.9311395616377,100.0,0.0,100.0,0,0.0,0.0009122240314094539,0.00046402470475551165,0.00044819932665394227,-45439.497350860554,0,0,0
station_n16_tx200__ChargeAsFastAsPossible__seed4__2022-07-10,2026-08-12T19:26:22.243316,05317b75b2c199f567445246f7dae09fb7632907,station_n16_tx200,16,200,4.0,ChargeAsFastAsPossible,heuristic,4,2022-07-10,96,8.1203,,25,-52.06255968766935,335.86508994930927,0,1.0,578.6857689171458,108121.33026646613,544.6499625772439,100.0,0.0,100.0,0,0.0,0.0008075037614350797,0.00040692715692780855,0.0004005766045072711,-37212.78377917459,0,0,0
station_n16_tx200__ChargeAsFastAsPossible__seed4__2022-08-24,2026-08-12T19:26:30.060759,05317b75b2c199f567445246f7dae09fb7632907,station_n16_tx200,16,200,4.0,ChargeAsFastAsPossible,heuristic,4,2022-08-24,96,7.7666,,27,-239.14313586516744,369.377498610404,0,1.0,665.1793549021438,124178.55899219721,621.4780846509527,100.0,0.0,100.0,0,0.0,0.0009122240314094539,0.00046402470475551165,0.00044819932665394227,-44665.02817626614,0,0,0
station_n16_tx200__ChargeAsFastAsPossible__seed4__2022-09-17,2026-08-12T19:26:37.765360,05317b75b2c199f567445246f7dae09fb7632907,station_n16_tx200,16,200,4.0,ChargeAsFastAsPossible,heuristic,4,2022-09-17,96,7.6338,,25,-32.562838281583225,335.86508994930927,0,1.0,624.1783300842168,113654.6281950453,571.9910200603622,100.0,0.0,100.0,0,0.0,0.0008075037614350797,0.00040692715692780855,0.0004005766045072711,-40850.44210679463,0,0,0
station_n16_tx200__ChargeAsFastAsPossible__seed4__2022-11-09,2026-08-12T19:26:44.838265,05317b75b2c199f567445246f7dae09fb7632907,station_n16_tx200,16,200,4.0,ChargeAsFastAsPossible,heuristic,4,2022-11-09,96,7.0272,,27,-58.98933360681315,369.377498610404,0,1.0,657.1638522269976,123469.42711168261,617.0324436022142,100.0,0.0,100.0,0,0.0,0.0009122240314094539,0.00046402470475551165,0.00044819932665394227,-44310.643598391725,0,0,0
station_n16_tx200__RoundRobin__seed0__2022-01-17,2026-08-12T19:26:52.292504,05317b75b2c199f567445246f7dae09fb7632907,station_n16_tx200,16,200,4.0,RoundRobin,heuristic,0,2022-01-17,96,7.4062,,28,-100.19678151310539,446.89511397337367,0,0.9976964285714286,0.0009326393797195465,57027.36187580984,351.7219921050466,99.73673469387755,1.3679666582227659,92.62857142857143,0,0.0,0.0010015947134909837,0.0004602862364568904,0.0005413084770340933,-23470.967619734904,0,0,0
station_n16_tx200__RoundRobin__seed0__2022-02-14,2026-08-12T19:26:59.363729,05317b75b2c199f567445246f7dae09fb7632907,station_n16_tx200,16,200,4.0,RoundRobin,heuristic,0,2022-02-14,96,7.0192,,28,-87.46841953897645,451.5601312295471,0,0.9997812500000001,0.0010416243841362416,51917.03974778336,336.6724459334329,99.97500000000001,0.1299038105676637,99.30000000000001,0,0.0,0.0010084008427116557,0.00045956694106883745,0.000548833901642818,-20573.48847195143,0,0,0
station_n16_tx200__RoundRobin__seed0__2022-03-05,2026-08-12T19:27:07.028811,05317b75b2c199f567445246f7dae09fb7632907,station_n16_tx200,16,200,4.0,RoundRobin,heuristic,0,2022-03-05,96,7.6179,,26,-128.7302257291051,415.92964318415585,0,1.0,0.0016876547954738363,56463.79741568006,311.56998381301656,100.0,0.0,100.0,0,0.0,0.0008851388967235121,0.0003972615531504088,0.00048787734357310335,-17841.3537683297,0,0,0
station_n16_tx200__RoundRobin__seed0__2022-04-06,2026-08-12T19:27:14.284639,05317b75b2c199f567445246f7dae09fb7632907,station_n16_tx200,16,200,4.0,RoundRobin,heuristic,0,2022-04-06,96,7.2067,,28,-88.17851324206946,452.04936956594827,0,1.0,0.000828685142711727,50839.453490637934,332.450506895342,100.0,0.0,100.0,0,0.0,0.0010214857752140903,0.0004611207613244823,0.000560365013889608,-19675.2265104133,0,0,0
station_n16_tx200__RoundRobin__seed0__2022-05-21,2026-08-12T19:27:21.664976,05317b75b2c199f567445246f7dae09fb7632907,station_n16_tx200,16,200,4.0,RoundRobin,heuristic,0,2022-05-21,96,7.3324,,26,-48.95658012653343,415.8955850714351,0,1.0,0.001610959788354016,63240.6790328428,317.1703342289832,100.0,0.0,100.0,0,0.0,0.0008919612507135229,0.00039537814427885774,0.0004965831064346652,-32672.33707828149,0,0,0
station_n16_tx200__RoundRobin__seed0__2022-06-15,2026-08-12T19:27:28.886354,05317b75b2c199f567445246f7dae09fb7632907,station_n16_tx200,16,200,4.0,RoundRobin,heuristic,0,2022-06-15,96,7.1756,,28,-87.9456139130722,452.0707701833376,0,1.0,0.001146623847602335,52517.9927045767,335.78774293182045,100.0,0.0,100.0,0,0.0,0.0010156735687637654,0.0004597835684967051,0.0005558900002670603,-22004.491075643502,0,0,0
station_n16_tx200__RoundRobin__seed0__2022-07-10,2026-08-12T19:27:36.145653,05317b75b2c199f567445246f7dae09fb7632907,station_n16_tx200,16,200,4.0,RoundRobin,heuristic,0,2022-07-10,96,7.2164,,26,-66.9187021494435,415.8850285532044,0,1.0,0.0010416241178208274,57705.469286947606,326.3876229117305,100.0,0.0,100.0,0,0.0,0.0008857667017240894,0.0003983550437312641,0.0004874116579928255,-20715.681981479953,0,0,0
station_n16_tx200__RoundRobin__seed0__2022-08-24,2026-08-12T19:27:43.356363,05317b75b2c199f567445246f7dae09fb7632907,station_n16_tx200,16,200,4.0,RoundRobin,heuristic,0,2022-08-24,96,7.1638,,28,-277.283463359219,452.07271619477046,0,1.0,0.0013917504276017567,52189.65302695025,341.08353513013134,100.0,0.0,100.0,0,0.0,0.0010203571124526203,0.0004608624865434149,0.0005594946259092052,-19793.41839178477,0,0,0
station_n16_tx200__RoundRobin__seed0__2022-09-17,2026-08-12T19:27:50.576625,05317b75b2c199f567445246f7dae09fb7632907,station_n16_tx200,16,200,4.0,RoundRobin,heuristic,0,2022-09-17,96,7.1697,,26,-39.09668851553985,415.8541357309641,0,1.0,0.0011891416040423763,55658.60180743578,322.46082045134676,100.0,0.0,100.0,0,0.0,0.0008776343341482575,0.000396931655435599,0.00048070267871265846,-22331.378173333578,0,0,0
station_n16_tx200__RoundRobin__seed0__2022-11-09,2026-08-12T19:27:57.770912,05317b75b2c199f567445246f7dae09fb7632907,station_n16_tx200,16,200,4.0,RoundRobin,heuristic,0,2022-11-09,96,7.1433,,28,-67.54952411563455,452.0554645501651,0,1.0,0.0018321960893192824,54651.3067761864,339.55576075303713,100.0,0.0,100.0,0,0.0,0.0010206734243838427,0.0004613783522857314,0.0005592950720981111,-22934.321031973133,0,0,0
station_n16_tx200__RoundRobin__seed1__2022-01-17,2026-08-12T19:28:04.912444,05317b75b2c199f567445246f7dae09fb7632907,station_n16_tx200,16,200,4.0,RoundRobin,heuristic,1,2022-01-17,96,7.0946,,27,-102.31527135984776,484.5548551696045,0,0.9940669642857143,0.0011907432322004752,66217.20627193387,383.7341875945928,99.42063492063492,2.3835995865845496,87.7,0,0.0,0.0010478937605274672,0.0004478849532797794,0.0006000088072476878,-20018.227427446003,0,0,0
station_n16_tx200__RoundRobin__seed1__2022-02-14,2026-08-12T19:28:11.967877,05317b75b2c199f567445246f7dae09fb7632907,station_n16_tx200,16,200,4.0,RoundRobin,heuristic,1,2022-02-14,96,7.0098,,27,-96.67778348184373,482.4706910029598,0,0.9924285714285714,0.0021435923654813394,73354.90559431758,383.09996216524496,99.31111111111112,2.6325979435676627,87.02857142857144,0,0.0,0.0010430061198831225,0.00044734047814409567,0.0005956656417390269,-19439.482569992724,0,0,0
station_n16_tx200__RoundRobin__seed1__2022-03-05,2026-08-12T19:28:19.173466,05317b75b2c199f567445246f7dae09fb7632907,station_n16_tx200,16,200,4.0,RoundRobin,heuristic,1,2022-03-05,96,7.1545,,30,-165.28487872062593,524.8775272860707,0,1.0,0.001379540421181602,78428.85329472266,397.3306746787961,100.0,0.0,100.0,0,0.0,0.0011386213752327997,0.00048599584147285035,0.0006526255337599491,-24891.84679077344,0,0,0
station_n16_tx200__RoundRobin__seed1__2022-04-06,2026-08-12T19:28:26.135965,05317b75b2c199f567445246f7dae09fb7632907,station_n16_tx200,16,200,4.0,RoundRobin,heuristic,1,2022-04-06,96,6.9131,,27,-96.49410638464983,487.4083421971172,0,0.9961071428571429,0.0013768484841740758,69291.62365265904,384.2345670585583,99.57248677248678,2.0080184157681114,89.37142857142858,0,0.0,0.00105984786224509,0.0004487526118888236,0.0006110952503562664,-20806.3422927923,0,0,0
station_n16_tx200__RoundRobin__seed1__2022-05-21,2026-08-12T19:28:33.367661,05317b75b2c199f567445246f7dae09fb7632907,station_n16_tx200,16,200,4.0,RoundRobin,heuristic,1,2022-05-21,96,7.1821,,30,-65.04399386624982,515.9476688851736,0,0.997360119047619,0.001500892729438874,75583.18024830149,401.12729281201456,99.57761904761904,2.274591039965859,87.32857142857144,0,0.0,0.0011244059840136724,0.0004828813544902754,0.0006415246295233968,-22015.37130745359,0,0,0
station_n16_tx200__RoundRobin__seed1__2022-06-15,2026-08-12T19:28:40.528746,05317b75b2c199f567445246f7dae09fb7632907,station_n16_tx200,16,200,4.0,RoundRobin,heuristic,1,2022-06-15,96,7.1105,,27,-99.41568042885491,480.1088665038985,0,0.9905089285714286,0.0017516167298055052,68925.41816750597,378.29037402103154,99.18624338624339,2.9618830231465836,86.42857142857143,0,0.0,0.0010482975957694634,0.00044815927498428177,0.0006001383207851815,-20698.67391315234,0,0,0
station_n16_tx200__RoundRobin__seed1__2022-07-10,2026-08-12T19:28:47.768574,05317b75b2c199f567445246f7dae09fb7632907,station_n16_tx200,16,200,4.0,RoundRobin,heuristic,1,2022-07-10,96,7.1889,,30,-94.57652465623144,519.4336561731873,0,0.9983928571428571,0.00141892970116686,78219.77582594076,411.610642599525,99.74285714285715,1.3847566646917313,92.28571428571428,0,0.0,0.001125961400171827,0.0004855961010361926,0.0006403652991356344,-31614.075233057345,0,0,0
station_n16_tx200__RoundRobin__seed1__2022-08-24,2026-08-12T19:28:54.869301,05317b75b2c199f567445246f7dae09fb7632907,station_n16_tx200,16,200,4.0,RoundRobin,heuristic,1,2022-08-24,96,7.0535,,27,-302.1887611869384,484.7029403785218,0,0.9937991071428571,0.0029060176941468896,69723.44099831351,389.0091176137,99.42751322751324,2.2191257085719234,88.92857142857142,0,0.0,0.0010544959722784137,0.00044885353636902795,0.0006056424359093856,-18067.209540863834,0,0,0
station_n16_tx200__RoundRobin__seed1__2022-09-17,2026-08-12T19:29:02.217801,05317b75b2c199f567445246f7dae09fb7632907,station_n16_tx200,16,200,4.0,RoundRobin,heuristic,1,2022-09-17,96,7.3011,,30,-56.50757574086158,524.8528566640261,0,1.0,0.0013905552133319787,81752.66252937648,404.57754618923644,100.0,0.0,100.0,0,0.0,0.001136465806092746,0.0004842057818808322,0.0006522600242119137,-25204.082135876353,0,0,0
station_n16_tx200__RoundRobin__seed1__2022-11-09,2026-08-12T19:29:09.362383,05317b75b2c199f567445246f7dae09fb7632907,station_n16_tx200,16,200,4.0,RoundRobin,heuristic,1,2022-11-09,96,7.0933,,27,-70.24528343439712,483.5676298217482,0,0.9931205357142857,0.0016790630947056684,63905.71282408507,383.43318505117446,99.36984126984127,2.4238121225337146,87.9857142857143,0,0.0,0.0010489754130394318,0.0004483141840158989,0.0006006612290235332,-20788.374528671862,0,0,0
station_n16_tx200__RoundRobin__seed2__2022-01-17,2026-08-12T19:29:16.582175,05317b75b2c199f567445246f7dae09fb7632907,station_n16_tx200,16,200,4.0,RoundRobin,heuristic,2,2022-01-17,96,7.1685,,25,-88.25133760359475,420.9950191314753,0,1.0,0.0014478429664244175,48637.777929461205,315.54835363976224,100.0,0.0,100.0,0,0.0,0.0009390591689071428,0.0004190944011199661,0.0005199647677871768,-21046.03025089815,0,0,0
station_n16_tx200__RoundRobin__seed2__2022-02-14,2026-08-12T19:29:23.894230,05317b75b2c199f567445246f7dae09fb7632907,station_n16_tx200,16,200,4.0,RoundRobin,heuristic,2,2022-02-14,96,7.2632,,25,-80.53000461500034,420.9877582720947,0,1.0,0.0012355222166302582,48658.35736915738,308.8050751224121,100.0,0.0,100.0,0,0.0,0.0009333193638015502,0.0004166117767127278,0.0005167075870888224,-22254.879974816457,0,0,0
station_n16_tx200__RoundRobin__seed2__2022-03-05,2026-08-12T19:29:31.232604,05317b75b2c199f567445246f7dae09fb7632907,station_n16_tx200,16,200,4.0,RoundRobin,heuristic,2,2022-03-05,96,7.2868,,25,-121.46436758335375,409.9813873794526,0,1.0,0.001299325431434184,55043.72614485491,311.552237077097,100.0,0.0,100.0,0,0.0,0.0008584682851668485,0.0003723190890879399,0.0004861491960789086,-27355.59874240154,0,0,0
station_n16_tx200__RoundRobin__seed2__2022-04-06,2026-08-12T19:29:38.362831,05317b75b2c199f567445246f7dae09fb7632907,station_n16_tx200,16,200,4.0,RoundRobin,heuristic,2,2022-04-06,96,7.0756,,25,-81.76859699980525,420.99085743771525,0,1.0,0.0028240701438120297,49570.48966098802,308.4250414158007,100.0,0.0,100.0,0,0.0,0.0009389034075277427,0.00041767268777431526,0.0005212307197534275,-21650.53807425862,0,0,0
station_n16_tx200__RoundRobin__seed2__2022-05-21,2026-08-12T19:29:45.658980,05317b75b2c199f567445246f7dae09fb7632907,station_n16_tx200,16,200,4.0,RoundRobin,heuristic,2,2022-05-21,96,7.2468,,25,-41.19916617079373,409.9867471682547,0,1.0,0.0031253247466921374,61913.473398033246,312.90888176361335,100.0,0.0,100.0,0,0.0,0.0008610003511116837,0.0003704766885887469,0.0004905236625229367,-32877.011405082005,0,0,0
station_n16_tx200__RoundRobin__seed2__2022-06-15,2026-08-12T19:29:52.818702,05317b75b2c199f567445246f7dae09fb7632907,station_n16_tx200,16,200,4.0,RoundRobin,heuristic,2,2022-06-15,96,7.1168,,25,-81.849641731112,420.96943783437865,0,1.0,0.002161578391886465,50746.89034659395,312.1577177851438,100.0,0.0,100.0,0,0.0,0.0009331695106882499,0.00041697050222110803,0.000516199008467142,-21958.23482954399,0,0,0
station_n16_tx200__RoundRobin__seed2__2022-07-10,2026-08-12T19:30:00.029939,05317b75b2c199f567445246f7dae09fb7632907,station_n16_tx200,16,200,4.0,RoundRobin,heuristic,2,2022-07-10,96,7.1697,,25,-59.92093486137761,409.95648741666616,0,1.0,0.002257133783532872,62768.22660648205,318.7264101278788,100.0,0.0,100.0,0,0.0,0.0008628494196538637,0.00037282925223700356,0.0004900201674168601,-27274.98777457807,0,0,0
station_n16_tx200__RoundRobin__seed2__2022-08-24,2026-08-12T19:30:07.381671,05317b75b2c199f567445246f7dae09fb7632907,station_n16_tx200,16,200,4.0,RoundRobin,heuristic,2,2022-08-24,96,7.2985,,25,-249.57452482299658,420.96701629254727,0,1.0,0.0028643233933305368,49092.78881829753,308.63573314616497,100.0,0.0,100.0,0,0.0,0.0009257340811407153,0.00041843043018164277,0.0005073036509590727,-18575.007066048154,0,0,0
station_n16_tx200__RoundRobin__seed2__2022-09-17,2026-08-12T19:30:14.609251,05317b75b2c199f567445246f7dae09fb7632907,station_n16_tx200,16,200,4.0,RoundRobin,heuristic,2,2022-09-17,96,7.1734,,25,-33.24099550983096,409.9596687299543,0,1.0,0.0022886188912183414,64886.12256767986,327.28123560473165,100.0,0.0,100.0,0,0.0,0.0008602637734792894,0.0003699424652660513,0.0004903213082132381,-27263.745133141354,0,0,0
station_n16_tx200__RoundRobin__seed2__2022-11-09,2026-08-12T19:30:22.009054,05317b75b2c199f567445246f7dae09fb7632907,station_n16_tx200,16,200,4.0,RoundRobin,heuristic,2,2022-11-09,96,7.3296,,25,-58.924731984180205,421.0092713502249,0,1.0,0.0017118119557846256,48628.34734034683,312.1114468158703,100.0,0.0,100.0,0,0.0,0.0009314869360453552,0.00041847617269156497,0.0005130107633537902,-20017.84903129297,0,0,0
station_n16_tx200__RoundRobin__seed3__2022-01-17,2026-08-12T19:30:29.126432,05317b75b2c199f567445246f7dae09fb7632907,station_n16_tx200,16,200,4.0,RoundRobin,heuristic,3,2022-01-17,96,7.0698,,27,-86.09394291622088,401.48103695985446,0,1.0,0.0013695353936551413,37760.49227065931,292.3133840754496,100.0,0.0,100.0,0,0.0,0.0009567620611021913,0.000475024199361741,0.0004817378617404505,-22257.948428546733,0,0,0
station_n16_tx200__RoundRobin__seed3__2022-02-14,2026-08-12T19:30:36.422709,05317b75b2c199f567445246f7dae09fb7632907,station_n16_tx200,16,200,4.0,RoundRobin,heuristic,3,2022-02-14,96,7.2417,,27,-78.57309296233919,401.52143483678253,0,1.0,0.0011597245604217932,38685.281862244796,295.06464432092355,100.0,0.0,100.0,0,0.0,0.0009529586727391512,0.0004742154939225343,0.0004787431788166172,-21625.41172394364,0,0,0
station_n16_tx200__RoundRobin__seed3__2022-03-05,2026-08-12T19:30:44.329216,05317b75b2c199f567445246f7dae09fb7632907,station_n16_tx200,16,200,4.0,RoundRobin,heuristic,3,2022-03-05,96,7.8547,,26,-111.78235868203075,377.4424528766245,0,1.0,0.0016041364469652208,42696.02935862433,281.4416283723232,100.0,0.0,100.0,0,0.0,0.0008439772590227085,0.0004043847671139037,0.0004395924919088048,-21054.287919786184,0,0,0
station_n16_tx200__RoundRobin__seed3__2022-04-06,2026-08-12T19:30:52.058482,05317b75b2c199f567445246f7dae09fb7632907,station_n16_tx200,16,200,4.0,RoundRobin,heuristic,3,2022-04-06,96,7.6769,,27,-78.37566849550953,401.4705808755178,0,1.0,0.0017249873397311433,37516.72610339945,291.2645340200854,100.0,0.0,100.0,0,0.0,0.0009589589021277061,0.0004753436800043471,0.00048361522212335905,-25326.632130312122,0,0,0
station_n16_tx200__RoundRobin__seed3__2022-05-21,2026-08-12T19:30:59.763207,05317b75b2c199f567445246f7dae09fb7632907,station_n16_tx200,16,200,4.0,RoundRobin,heuristic,3,2022-05-21,96,7.6455,,26,-41.398247098168724,377.37575662246513,0,1.0,0.002016481706865747,42274.13792335004,281.85088247522924,100.0,0.0,100.0,0,0.0,0.0008430344982947829,0.0004044816748705256,0.0004385528234242574,-25605.242265757566,0,0,0
station_n16_tx200__RoundRobin__seed3__2022-06-15,2026-08-12T19:31:07.428991,05317b75b2c199f567445246f7dae09fb7632907,station_n16_tx200,16,200,4.0,RoundRobin,heuristic,3,2022-06-15,96,7.6062,,27,-78.57191824536734,401.5134547341421,0,1.0,0.001570931763997585,39116.67869143229,310.3670852781359,100.0,0.0,100.0,0,0.0,0.0009455617985142571,0.0004756845783630851,0.00046987722015117225,-18281.893611143743,0,0,0
station_n16_tx200__RoundRobin__seed3__2022-07-10,2026-08-12T19:31:15.097327,05317b75b2c199f567445246f7dae09fb7632907,station_n16_tx200,16,200,4.0,RoundRobin,heuristic,3,2022-07-10,96,7.616,,26,-62.606618665085065,377.4366489099909,0,1.0,0.0014492205176175332,50802.78721966305,294.88303343090735,100.0,0.0,100.0,0,0.0,0.0008471775407860292,0.0004054431177105414,0.00044173442307548783,-15239.690016159006,0,0,0
station_n16_tx200__RoundRobin__seed3__2022-08-24,2026-08-12T19:31:22.815994,05317b75b2c199f567445246f7dae09fb7632907,station_n16_tx200,16,200,4.0,RoundRobin,heuristic,3,2022-08-24,96,7.6682,,27,-242.34926379654934,401.5453751202261,0,1.0,0.0011668106041744508,38474.687718135145,296.2456088284123,100.0,0.0,100.0,0,0.0,0.0009584944360395349,0.00047608657942531526,0.0004824078566142198,-17115.988056642833,0,0,0
station_n16_tx200__RoundRobin__seed3__2022-09-17,2026-08-12T19:31:30.462217,05317b75b2c199f567445246f7dae09fb7632907,station_n16_tx200,16,200,4.0,RoundRobin,heuristic,3,2022-09-17,96,7.5865,,26,-30.89758195586353,370.17135230945394,0,0.9965333333333334,0.002918800463637794,50884.543525923,299.0939400674376,99.6,1.9999999999999984,89.60000000000001,0,0.0,0.0008349225909796327,0.00040421324111828896,0.000430709349861344,-19194.41350843822,0,0,0
station_n16_tx200__RoundRobin__seed3__2022-11-09,2026-08-12T19:31:38.179025,05317b75b2c199f567445246f7dae09fb7632907,station_n16_tx200,16,200,4.0,RoundRobin,heuristic,3,2022-11-09,96,7.6623,,27,-57.62087901828721,401.51488540330996,0,1.0,0.001967008358579214,35824.43300233956,287.12561187473204,100.0,0.0,100.0,0,0.0,0.0009577738148465831,0.0004758213886519567,0.00048195242619462626,-15789.213293420338,0,0,0
station_n16_tx200__RoundRobin__seed4__2022-01-17,2026-08-12T19:31:45.918617,05317b75b2c199f567445246f7dae09fb7632907,station_n16_tx200,16,200,4.0,RoundRobin,heuristic,4,2022-01-17,96,7.6776,,27,-78.35979704309023,369.25577563956904,0,1.0,0.0012297024175014215,34937.16996043758,288.28034198604945,100.0,0.0,100.0,0,0.0,0.000887412486457946,0.00044868877129227976,0.0004387237151656663,-14087.373259240738,0,0,0
station_n16_tx200__RoundRobin__seed4__2022-02-14,2026-08-12T19:31:53.415239,05317b75b2c199f567445246f7dae09fb7632907,station_n16_tx200,16,200,4.0,RoundRobin,heuristic,4,2022-02-14,96,7.4502,,27,-72.36535804377999,362.76545862986,0,0.9971160714285714,0.0013507150714131555,33751.86509827465,283.9267666274995,99.65820105820106,1.7428394739581687,90.77142857142857,0,0.0,0.0008715552126245381,0.00044677984919005574,0.0004247753634344825,-15798.619452819386,0,0,0
station_n16_tx200__RoundRobin__seed4__2022-03-05,2026-08-12T19:32:00.920832,05317b75b2c199f567445246f7dae09fb7632907,station_n16_tx200,16,200,4.0,RoundRobin,heuristic,4,2022-03-05,96,7.4601,,25,-102.49463688910656,335.76774866626704,0,1.0,0.0014182440512797712,37994.728303654025,258.4159740867476,100.0,0.0,100.0,0,0.0,0.000786595994664791,0.0003951857453012676,0.0003914102493635234,-21133.060120466136,0,0,0
station_n16_tx200__RoundRobin__seed4__2022-04-06,2026-08-12T19:32:08.746227,05317b75b2c199f567445246f7dae09fb7632907,station_n16_tx200,16,200,4.0,RoundRobin,heuristic,4,2022-04-06,96,7.7843,,27,-74.22428032841025,369.27137130220507,0,1.0,0.0014331747102693804,37141.46730799406,289.8724240042613,100.0,0.0,100.0,0,0.0,0.0008874754724613742,0.00044807413123955765,0.0004394013412218164,-15889.154552550226,0,0,0
station_n16_tx200__RoundRobin__seed4__2022-05-21,2026-08-12T19:32:16.562028,05317b75b2c199f567445246f7dae09fb7632907,station_n16_tx200,16,200,4.0,RoundRobin,heuristic,4,2022-05-21,96,7.7585,,25,-37.55752344190155,335.7568340954608,0,1.0,0.0013131450840742076,37549.101516524344,253.0344881878851,100.0,0.0,100.0,0,0.0,0.0007801583828956244,0.0003950440481162875,0.00038511433477933683,-22347.665719839777,0,0,0
station_n16_tx200__RoundRobin__seed4__2022-06-15,2026-08-12T19:32:24.577712,05317b75b2c199f567445246f7dae09fb7632907,station_n16_tx200,16,200,4.0,RoundRobin,heuristic,4,2022-06-15,96,7.9597,,27,-76.65475293853653,369.2871920846764,0,1.0,0.0007291315005666377,34154.183348787454,285.12043650443474,100.0,0.0,100.0,0,0.0,0.000873801929934435,0.00044788551078337645,0.0004259164191510585,-13391.901533359753,0,0,0
station_n16_tx200__RoundRobin__seed4__2022-07-10,2026-08-12T19:32:32.677031,05317b75b2c199f567445246f7dae09fb7632907,station_n16_tx200,16,200,4.0,RoundRobin,heuristic,4,2022-07-10,96,8.0508,,25,-57.31983716849128,335.77428943444454,0,1.0,0.0011718789188925882,34895.6274561641,255.3984645729953,100.0,0.0,100.0,0,0.0,0.000785054105483745,0.00039561084861631867,0.00038944325686742637,-18714.63691959816,0,0,0
station_n16_tx200__RoundRobin__seed4__2022-08-24,2026-08-12T19:32:40.580967,05317b75b2c199f567445246f7dae09fb7632907,station_n16_tx200,16,200,4.0,RoundRobin,heuristic,4,2022-08-24,96,7.8511,,27,-232.17619740233505,369.25279303769037,0,1.0,0.0014220088855179114,34601.574565667885,289.0138237770367,100.0,0.0,100.0,0,0.0,0.000881878087257863,0.00044850242671875233,0.0004333756605391106,-14704.422819694642,0,0,0
station_n16_tx200__RoundRobin__seed4__2022-09-17,2026-08-12T19:32:48.602264,05317b75b2c199f567445246f7dae09fb7632907,station_n16_tx200,16,200,4.0,RoundRobin,heuristic,4,2022-09-17,96,7.9641,,25,-29.148229448273707,335.77129188430945,0,1.0,0.0016324909005671628,37812.06099410233,259.9964693287042,100.0,0.0,100.0,0,0.0,0.0007877664836089018,0.0003941174544069544,0.0003936490292019473,-24848.31768475068,0,0,0
station_n16_tx200__RoundRobin__seed4__2022-11-09,2026-08-12T19:32:57.033302,05317b75b2c199f567445246f7dae09fb7632907,station_n16_tx200,16,200,4.0,RoundRobin,heuristic,4,2022-11-09,96,8.3752,,27,-54.50894967330058,369.2179139717905,0,1.0,0.001481650877487084,34605.11668918166,288.6108429527675,100.0,0.0,100.0,0,0.0,0.0008836793725305537,0.0004484308156482086,0.00043524855688234504,-15394.919366784403,0,0,0
station_v0_bogota__TD3_vanilla_ts100__seed0__2022-01-17,2026-08-13T03:44:09.836323,2190ce39ddafeac3a25b4c59437e94459f2a2c57,station_v0_bogota,8,100,4.0,TD3_vanilla_ts100,rl,0,2022-01-17,96,0.6059,"reward=SqTrError_TrPenalty_UserIncentives,state=PublicPST,train_seed=100",13,-29.86276845985155,139.63196058110094,0,1.0,226.61125125834621,17938.356216570137,211.3404268683654,100.0,0.0,100.0,0,0.0,0.0003350261117937162,0.00020428164577956866,0.00013074446601414754,-15089.967888527884,0,0,0
station_v0_bogota__TD3_vanilla_ts100__seed0__2022-02-14,2026-08-13T03:44:15.605511,2190ce39ddafeac3a25b4c59437e94459f2a2c57,station_v0_bogota,8,100,4.0,TD3_vanilla_ts100,rl,0,2022-02-14,96,0.4176,"reward=SqTrError_TrPenalty_UserIncentives,state=PublicPST,train_seed=100",13,-25.962462780089755,139.6418386461578,0,1.0,211.19975842809617,18095.192962516,209.962886008053,100.0,0.0,100.0,0,0.0,0.00033792984716555466,0.00020441575132733393,0.00013351409583822076,-15861.0992138216,0,0,0
station_v0_bogota__TD3_vanilla_ts100__seed0__2022-03-05,2026-08-13T03:44:21.095114,2190ce39ddafeac3a25b4c59437e94459f2a2c57,station_v0_bogota,8,100,4.0,TD3_vanilla_ts100,rl,0,2022-03-05,96,0.472,"reward=SqTrError_TrPenalty_UserIncentives,state=PublicPST,train_seed=100",13,-37.25589234548705,123.89509533559702,0,0.9878214285714286,149.64134511768992,14199.578987954248,194.1684476369025,98.5010989010989,5.1923457176350505,80.51428571428572,0,0.0,0.0003114362082333732,0.00019818353417869712,0.00011325267405467608,-12629.809837179266,0,0,0
station_v0_bogota__TD3_vanilla_ts100__seed0__2022-04-06,2026-08-13T03:44:26.640420,2190ce39ddafeac3a25b4c59437e94459f2a2c57,station_v0_bogota,8,100,4.0,TD3_vanilla_ts100,rl,0,2022-04-06,96,0.4404,"reward=SqTrError_TrPenalty_UserIncentives,state=PublicPST,train_seed=100",13,-26.47373406849156,139.63582562330325,0,1.0,218.8055800422449,17733.853639319346,211.85642019962307,100.0,0.0,100.0,0,0.0,0.00033561561277860275,0.00020431224046509527,0.00013130337231350746,-14599.502902691156,0,0,0
station_v0_bogota__TD3_vanilla_ts100__seed0__2022-05-21,2026-08-13T03:44:32.396799,2190ce39ddafeac3a25b4c59437e94459f2a2c57,station_v0_bogota,8,100,4.0,TD3_vanilla_ts100,rl,0,2022-05-21,96,0.4681,"reward=SqTrError_TrPenalty_UserIncentives,state=PublicPST,train_seed=100",13,-11.94192536399903,125.40539511892523,0,0.9891071428571429,151.63009928768955,16062.60873642581,198.99260182375184,98.65934065934064,4.644180187327544,82.57142857142856,0,0.0,0.0003256714671830746,0.0001999686679466509,0.00012570279923642365,-12663.136145438264,0,0,0
station_v0_bogota__TD3_vanilla_ts100__seed0__2022-06-15,2026-08-13T03:44:38.309318,2190ce39ddafeac3a25b4c59437e94459f2a2c57,station_v0_bogota,8,100,4.0,TD3_vanilla_ts100,rl,0,2022-06-15,96,0.5807,"reward=SqTrError_TrPenalty_UserIncentives,state=PublicPST,train_seed=100",13,-25.823274297202296,139.63861328087864,0,1.0,208.59098811893,16525.55647640095,203.7763018483903,100.0,0.0,100.0,0,0.0,0.0003365904971764789,0.00020427297631265694,0.0001323175208638219,-13348.129404616819,0,0,0
station_v0_bogota__TD3_vanilla_ts100__seed0__2022-07-10,2026-08-13T03:44:44.077399,2190ce39ddafeac3a25b4c59437e94459f2a2c57,station_v0_bogota,8,100,4.0,TD3_vanilla_ts100,rl,0,2022-07-10,96,0.4744,"reward=SqTrError_TrPenalty_UserIncentives,state=PublicPST,train_seed=100",13,-18.57044079701022,126.90930872622474,0,0.9904196428571428,180.91511117596974,16429.486477513547,209.42354600103613,98.82087912087913,4.084594541805285,84.67142857142858,0,0.0,0.0003251044369697886,0.00020021504952826192,0.00012488938744152663,-10527.272169515058,0,0,0
station_v0_bogota__TD3_vanilla_ts100__seed0__2022-08-24,2026-08-13T03:44:49.725768,2190ce39ddafeac3a25b4c59437e94459f2a2c57,station_v0_bogota,8,100,4.0,TD3_vanilla_ts100,rl,0,2022-08-24,96,0.4544,"reward=SqTrError_TrPenalty_UserIncentives,state=PublicPST,train_seed=100",13,-81.56146894873103,139.63354307527624,0,1.0,221.8563129970681,17219.32439799405,208.26136094222747,100.0,0.0,100.0,0,0.0,0.00033437791455874754,0.00020427592381952608,0.0001301019907392215,-14353.531886773357,0,0,0
station_v0_bogota__TD3_vanilla_ts100__seed0__2022-09-17,2026-08-13T03:44:55.335724,2190ce39ddafeac3a25b4c59437e94459f2a2c57,station_v0_bogota,8,100,4.0,TD3_vanilla_ts100,rl,0,2022-09-17,96,0.4558,"reward=SqTrError_TrPenalty_UserIncentives,state=PublicPST,train_seed=100",13,-8.599253326760177,125.63878352424308,0,0.9892767857142857,155.29072463281102,15012.625539891795,200.5940770778816,98.68021978021979,4.57185279096752,82.84285714285714,0,0.0,0.00032516414643857483,0.00020029249165066346,0.00012487165478791142,-9831.46105936778,0,0,0
station_v0_bogota__TD3_vanilla_ts100__seed0__2022-11-09,2026-08-13T03:45:00.933401,2190ce39ddafeac3a25b4c59437e94459f2a2c57,station_v0_bogota,8,100,4.0,TD3_vanilla_ts100,rl,0,2022-11-09,96,0.4379,"reward=SqTrError_TrPenalty_UserIncentives,state=PublicPST,train_seed=100",13,-19.823228712492774,139.64830535363413,0,1.0,224.843779683509,17463.742938903644,209.77035552080173,100.0,0.0,100.0,0,0.0,0.0003349775544211988,0.00020427056081193906,0.0001307069936092597,-14695.819766522493,0,0,0
station_v0_bogota__TD3_vanilla_ts100__seed1__2022-01-17,2026-08-13T03:45:06.567590,2190ce39ddafeac3a25b4c59437e94459f2a2c57,station_v0_bogota,8,100,4.0,TD3_vanilla_ts100,rl,1,2022-01-17,96,0.4703,"reward=SqTrError_TrPenalty_UserIncentives,state=PublicPST,train_seed=100",13,-29.86276845985155,139.63196058110094,0,1.0,226.61125125834621,17938.356216570137,211.3404268683654,100.0,0.0,100.0,0,0.0,0.0003350261117937162,0.00020428164577956866,0.00013074446601414754,-15089.967888527884,0,0,0
station_v0_bogota__TD3_vanilla_ts100__seed1__2022-02-14,2026-08-13T03:45:12.308997,2190ce39ddafeac3a25b4c59437e94459f2a2c57,station_v0_bogota,8,100,4.0,TD3_vanilla_ts100,rl,1,2022-02-14,96,0.5104,"reward=SqTrError_TrPenalty_UserIncentives,state=PublicPST,train_seed=100",13,-25.962462780089755,139.6418386461578,0,1.0,211.19975842809617,18095.192962516,209.962886008053,100.0,0.0,100.0,0,0.0,0.00033792984716555466,0.00020441575132733393,0.00013351409583822076,-15861.0992138216,0,0,0
station_v0_bogota__TD3_vanilla_ts100__seed1__2022-03-05,2026-08-13T03:45:18.183835,2190ce39ddafeac3a25b4c59437e94459f2a2c57,station_v0_bogota,8,100,4.0,TD3_vanilla_ts100,rl,1,2022-03-05,96,0.509,"reward=SqTrError_TrPenalty_UserIncentives,state=PublicPST,train_seed=100",13,-37.25589234548705,123.89509533559702,0,0.9878214285714286,149.64134511768992,14199.578987954248,194.1684476369025,98.5010989010989,5.1923457176350505,80.51428571428572,0,0.0,0.0003114362082333732,0.00019818353417869712,0.00011325267405467608,-12629.809837179266,0,0,0
station_v0_bogota__TD3_vanilla_ts100__seed1__2022-04-06,2026-08-13T03:45:23.835289,2190ce39ddafeac3a25b4c59437e94459f2a2c57,station_v0_bogota,8,100,4.0,TD3_vanilla_ts100,rl,1,2022-04-06,96,0.4985,"reward=SqTrError_TrPenalty_UserIncentives,state=PublicPST,train_seed=100",13,-26.47373406849156,139.63582562330325,0,1.0,218.8055800422449,17733.853639319346,211.85642019962307,100.0,0.0,100.0,0,0.0,0.00033561561277860275,0.00020431224046509527,0.00013130337231350746,-14599.502902691156,0,0,0
station_v0_bogota__TD3_vanilla_ts100__seed1__2022-05-21,2026-08-13T03:45:29.264201,2190ce39ddafeac3a25b4c59437e94459f2a2c57,station_v0_bogota,8,100,4.0,TD3_vanilla_ts100,rl,1,2022-05-21,96,0.4361,"reward=SqTrError_TrPenalty_UserIncentives,state=PublicPST,train_seed=100",13,-11.94192536399903,125.40539511892523,0,0.9891071428571429,151.63009928768955,16062.60873642581,198.99260182375184,98.65934065934064,4.644180187327544,82.57142857142856,0,0.0,0.0003256714671830746,0.0001999686679466509,0.00012570279923642365,-12663.136145438264,0,0,0
station_v0_bogota__TD3_vanilla_ts100__seed1__2022-06-15,2026-08-13T03:45:34.826540,2190ce39ddafeac3a25b4c59437e94459f2a2c57,station_v0_bogota,8,100,4.0,TD3_vanilla_ts100,rl,1,2022-06-15,96,0.4826,"reward=SqTrError_TrPenalty_UserIncentives,state=PublicPST,train_seed=100",13,-25.823274297202296,139.63861328087864,0,1.0,208.59098811893,16525.55647640095,203.7763018483903,100.0,0.0,100.0,0,0.0,0.0003365904971764789,0.00020427297631265694,0.0001323175208638219,-13348.129404616819,0,0,0
station_v0_bogota__TD3_vanilla_ts100__seed1__2022-07-10,2026-08-13T03:45:40.357883,2190ce39ddafeac3a25b4c59437e94459f2a2c57,station_v0_bogota,8,100,4.0,TD3_vanilla_ts100,rl,1,2022-07-10,96,0.4369,"reward=SqTrError_TrPenalty_UserIncentives,state=PublicPST,train_seed=100",13,-18.57044079701022,126.90930872622474,0,0.9904196428571428,180.91511117596974,16429.486477513547,209.42354600103613,98.82087912087913,4.084594541805285,84.67142857142858,0,0.0,0.0003251044369697886,0.00020021504952826192,0.00012488938744152663,-10527.272169515058,0,0,0
station_v0_bogota__TD3_vanilla_ts100__seed1__2022-08-24,2026-08-13T03:45:45.950651,2190ce39ddafeac3a25b4c59437e94459f2a2c57,station_v0_bogota,8,100,4.0,TD3_vanilla_ts100,rl,1,2022-08-24,96,0.4913,"reward=SqTrError_TrPenalty_UserIncentives,state=PublicPST,train_seed=100",13,-81.56146894873103,139.63354307527624,0,1.0,221.8563129970681,17219.32439799405,208.26136094222747,100.0,0.0,100.0,0,0.0,0.00033437791455874754,0.00020427592381952608,0.0001301019907392215,-14353.531886773357,0,0,0
station_v0_bogota__TD3_vanilla_ts100__seed1__2022-09-17,2026-08-13T03:45:51.556157,2190ce39ddafeac3a25b4c59437e94459f2a2c57,station_v0_bogota,8,100,4.0,TD3_vanilla_ts100,rl,1,2022-09-17,96,0.5622,"reward=SqTrError_TrPenalty_UserIncentives,state=PublicPST,train_seed=100",13,-8.599253326760177,125.63878352424308,0,0.9892767857142857,155.29072463281102,15012.625539891795,200.5940770778816,98.68021978021979,4.57185279096752,82.84285714285714,0,0.0,0.00032516414643857483,0.00020029249165066346,0.00012487165478791142,-9831.46105936778,0,0,0
station_v0_bogota__TD3_vanilla_ts100__seed1__2022-11-09,2026-08-13T03:45:57.459537,2190ce39ddafeac3a25b4c59437e94459f2a2c57,station_v0_bogota,8,100,4.0,TD3_vanilla_ts100,rl,1,2022-11-09,96,0.5775,"reward=SqTrError_TrPenalty_UserIncentives,state=PublicPST,train_seed=100",13,-19.823228712492774,139.64830535363413,0,1.0,224.843779683509,17463.742938903644,209.77035552080173,100.0,0.0,100.0,0,0.0,0.0003349775544211988,0.00020427056081193906,0.0001307069936092597,-14695.819766522493,0,0,0
station_v0_bogota__TD3_vanilla_ts100__seed2__2022-01-17,2026-08-13T03:46:02.943670,2190ce39ddafeac3a25b4c59437e94459f2a2c57,station_v0_bogota,8,100,4.0,TD3_vanilla_ts100,rl,2,2022-01-17,96,0.4256,"reward=SqTrError_TrPenalty_UserIncentives,state=PublicPST,train_seed=100",13,-29.86276845985155,139.63196058110094,0,1.0,226.61125125834621,17938.356216570137,211.3404268683654,100.0,0.0,100.0,0,0.0,0.0003350261117937162,0.00020428164577956866,0.00013074446601414754,-15089.967888527884,0,0,0
station_v0_bogota__TD3_vanilla_ts100__seed2__2022-02-14,2026-08-13T03:46:08.456495,2190ce39ddafeac3a25b4c59437e94459f2a2c57,station_v0_bogota,8,100,4.0,TD3_vanilla_ts100,rl,2,2022-02-14,96,0.4628,"reward=SqTrError_TrPenalty_UserIncentives,state=PublicPST,train_seed=100",13,-25.962462780089755,139.6418386461578,0,1.0,211.19975842809617,18095.192962516,209.962886008053,100.0,0.0,100.0,0,0.0,0.00033792984716555466,0.00020441575132733393,0.00013351409583822076,-15861.0992138216,0,0,0
station_v0_bogota__TD3_vanilla_ts100__seed2__2022-03-05,2026-08-13T03:46:13.860165,2190ce39ddafeac3a25b4c59437e94459f2a2c57,station_v0_bogota,8,100,4.0,TD3_vanilla_ts100,rl,2,2022-03-05,96,0.425,"reward=SqTrError_TrPenalty_UserIncentives,state=PublicPST,train_seed=100",13,-37.25589234548705,123.89509533559702,0,0.9878214285714286,149.64134511768992,14199.578987954248,194.1684476369025,98.5010989010989,5.1923457176350505,80.51428571428572,0,0.0,0.0003114362082333732,0.00019818353417869712,0.00011325267405467608,-12629.809837179266,0,0,0
station_v0_bogota__TD3_vanilla_ts100__seed2__2022-04-06,2026-08-13T03:46:19.428262,2190ce39ddafeac3a25b4c59437e94459f2a2c57,station_v0_bogota,8,100,4.0,TD3_vanilla_ts100,rl,2,2022-04-06,96,0.5174,"reward=SqTrError_TrPenalty_UserIncentives,state=PublicPST,train_seed=100",13,-26.47373406849156,139.63582562330325,0,1.0,218.8055800422449,17733.853639319346,211.85642019962307,100.0,0.0,100.0,0,0.0,0.00033561561277860275,0.00020431224046509527,0.00013130337231350746,-14599.502902691156,0,0,0
station_v0_bogota__TD3_vanilla_ts100__seed2__2022-05-21,2026-08-13T03:46:25.102808,2190ce39ddafeac3a25b4c59437e94459f2a2c57,station_v0_bogota,8,100,4.0,TD3_vanilla_ts100,rl,2,2022-05-21,96,0.4397,"reward=SqTrError_TrPenalty_UserIncentives,state=PublicPST,train_seed=100",13,-11.94192536399903,125.40539511892523,0,0.9891071428571429,151.63009928768955,16062.60873642581,198.99260182375184,98.65934065934064,4.644180187327544,82.57142857142856,0,0.0,0.0003256714671830746,0.0001999686679466509,0.00012570279923642365,-12663.136145438264,0,0,0
station_v0_bogota__TD3_vanilla_ts100__seed2__2022-06-15,2026-08-13T03:46:30.491340,2190ce39ddafeac3a25b4c59437e94459f2a2c57,station_v0_bogota,8,100,4.0,TD3_vanilla_ts100,rl,2,2022-06-15,96,0.4265,"reward=SqTrError_TrPenalty_UserIncentives,state=PublicPST,train_seed=100",13,-25.823274297202296,139.63861328087864,0,1.0,208.59098811893,16525.55647640095,203.7763018483903,100.0,0.0,100.0,0,0.0,0.0003365904971764789,0.00020427297631265694,0.0001323175208638219,-13348.129404616819,0,0,0
station_v0_bogota__TD3_vanilla_ts100__seed2__2022-07-10,2026-08-13T03:46:36.084627,2190ce39ddafeac3a25b4c59437e94459f2a2c57,station_v0_bogota,8,100,4.0,TD3_vanilla_ts100,rl,2,2022-07-10,96,0.553,"reward=SqTrError_TrPenalty_UserIncentives,state=PublicPST,train_seed=100",13,-18.57044079701022,126.90930872622474,0,0.9904196428571428,180.91511117596974,16429.486477513547,209.42354600103613,98.82087912087913,4.084594541805285,84.67142857142858,0,0.0,0.0003251044369697886,0.00020021504952826192,0.00012488938744152663,-10527.272169515058,0,0,0
station_v0_bogota__TD3_vanilla_ts100__seed2__2022-08-24,2026-08-13T03:46:41.836734,2190ce39ddafeac3a25b4c59437e94459f2a2c57,station_v0_bogota,8,100,4.0,TD3_vanilla_ts100,rl,2,2022-08-24,96,0.5389,"reward=SqTrError_TrPenalty_UserIncentives,state=PublicPST,train_seed=100",13,-81.56146894873103,139.63354307527624,0,1.0,221.8563129970681,17219.32439799405,208.26136094222747,100.0,0.0,100.0,0,0.0,0.00033437791455874754,0.00020427592381952608,0.0001301019907392215,-14353.531886773357,0,0,0
station_v0_bogota__TD3_vanilla_ts100__seed2__2022-09-17,2026-08-13T03:46:47.344469,2190ce39ddafeac3a25b4c59437e94459f2a2c57,station_v0_bogota,8,100,4.0,TD3_vanilla_ts100,rl,2,2022-09-17,96,0.4278,"reward=SqTrError_TrPenalty_UserIncentives,state=PublicPST,train_seed=100",13,-8.599253326760177,125.63878352424308,0,0.9892767857142857,155.29072463281102,15012.625539891795,200.5940770778816,98.68021978021979,4.57185279096752,82.84285714285714,0,0.0,0.00032516414643857483,0.00020029249165066346,0.00012487165478791142,-9831.46105936778,0,0,0
station_v0_bogota__TD3_vanilla_ts100__seed2__2022-11-09,2026-08-13T03:46:53.077004,2190ce39ddafeac3a25b4c59437e94459f2a2c57,station_v0_bogota,8,100,4.0,TD3_vanilla_ts100,rl,2,2022-11-09,96,0.4706,"reward=SqTrError_TrPenalty_UserIncentives,state=PublicPST,train_seed=100",13,-19.823228712492774,139.64830535363413,0,1.0,224.843779683509,17463.742938903644,209.77035552080173,100.0,0.0,100.0,0,0.0,0.0003349775544211988,0.00020427056081193906,0.0001307069936092597,-14695.819766522493,0,0,0
station_v0_bogota__TD3_vanilla_ts100__seed3__2022-01-17,2026-08-13T03:46:58.514489,2190ce39ddafeac3a25b4c59437e94459f2a2c57,station_v0_bogota,8,100,4.0,TD3_vanilla_ts100,rl,3,2022-01-17,96,0.4298,"reward=SqTrError_TrPenalty_UserIncentives,state=PublicPST,train_seed=100",13,-29.86276845985155,139.63196058110094,0,1.0,226.61125125834621,17938.356216570137,211.3404268683654,100.0,0.0,100.0,0,0.0,0.0003350261117937162,0.00020428164577956866,0.00013074446601414754,-15089.967888527884,0,0,0
station_v0_bogota__TD3_vanilla_ts100__seed3__2022-02-14,2026-08-13T03:47:03.993992,2190ce39ddafeac3a25b4c59437e94459f2a2c57,station_v0_bogota,8,100,4.0,TD3_vanilla_ts100,rl,3,2022-02-14,96,0.4334,"reward=SqTrError_TrPenalty_UserIncentives,state=PublicPST,train_seed=100",13,-25.962462780089755,139.6418386461578,0,1.0,211.19975842809617,18095.192962516,209.962886008053,100.0,0.0,100.0,0,0.0,0.00033792984716555466,0.00020441575132733393,0.00013351409583822076,-15861.0992138216,0,0,0
station_v0_bogota__TD3_vanilla_ts100__seed3__2022-03-05,2026-08-13T03:47:09.471004,2190ce39ddafeac3a25b4c59437e94459f2a2c57,station_v0_bogota,8,100,4.0,TD3_vanilla_ts100,rl,3,2022-03-05,96,0.436,"reward=SqTrError_TrPenalty_UserIncentives,state=PublicPST,train_seed=100",13,-37.25589234548705,123.89509533559702,0,0.9878214285714286,149.64134511768992,14199.578987954248,194.1684476369025,98.5010989010989,5.1923457176350505,80.51428571428572,0,0.0,0.0003114362082333732,0.00019818353417869712,0.00011325267405467608,-12629.809837179266,0,0,0
station_v0_bogota__TD3_vanilla_ts100__seed3__2022-04-06,2026-08-13T03:47:14.841595,2190ce39ddafeac3a25b4c59437e94459f2a2c57,station_v0_bogota,8,100,4.0,TD3_vanilla_ts100,rl,3,2022-04-06,96,0.4239,"reward=SqTrError_TrPenalty_UserIncentives,state=PublicPST,train_seed=100",13,-26.47373406849156,139.63582562330325,0,1.0,218.8055800422449,17733.853639319346,211.85642019962307,100.0,0.0,100.0,0,0.0,0.00033561561277860275,0.00020431224046509527,0.00013130337231350746,-14599.502902691156,0,0,0
station_v0_bogota__TD3_vanilla_ts100__seed3__2022-05-21,2026-08-13T03:47:20.291615,2190ce39ddafeac3a25b4c59437e94459f2a2c57,station_v0_bogota,8,100,4.0,TD3_vanilla_ts100,rl,3,2022-05-21,96,0.4303,"reward=SqTrError_TrPenalty_UserIncentives,state=PublicPST,train_seed=100",13,-11.94192536399903,125.40539511892523,0,0.9891071428571429,151.63009928768955,16062.60873642581,198.99260182375184,98.65934065934064,4.644180187327544,82.57142857142856,0,0.0,0.0003256714671830746,0.0001999686679466509,0.00012570279923642365,-12663.136145438264,0,0,0
station_v0_bogota__TD3_vanilla_ts100__seed3__2022-06-15,2026-08-13T03:47:25.922624,2190ce39ddafeac3a25b4c59437e94459f2a2c57,station_v0_bogota,8,100,4.0,TD3_vanilla_ts100,rl,3,2022-06-15,96,0.6395,"reward=SqTrError_TrPenalty_UserIncentives,state=PublicPST,train_seed=100",13,-25.823274297202296,139.63861328087864,0,1.0,208.59098811893,16525.55647640095,203.7763018483903,100.0,0.0,100.0,0,0.0,0.0003365904971764789,0.00020427297631265694,0.0001323175208638219,-13348.129404616819,0,0,0
station_v0_bogota__TD3_vanilla_ts100__seed3__2022-07-10,2026-08-13T03:47:31.470589,2190ce39ddafeac3a25b4c59437e94459f2a2c57,station_v0_bogota,8,100,4.0,TD3_vanilla_ts100,rl,3,2022-07-10,96,0.5508,"reward=SqTrError_TrPenalty_UserIncentives,state=PublicPST,train_seed=100",13,-18.57044079701022,126.90930872622474,0,0.9904196428571428,180.91511117596974,16429.486477513547,209.42354600103613,98.82087912087913,4.084594541805285,84.67142857142858,0,0.0,0.0003251044369697886,0.00020021504952826192,0.00012488938744152663,-10527.272169515058,0,0,0
station_v0_bogota__TD3_vanilla_ts100__seed3__2022-08-24,2026-08-13T03:47:36.991589,2190ce39ddafeac3a25b4c59437e94459f2a2c57,station_v0_bogota,8,100,4.0,TD3_vanilla_ts100,rl,3,2022-08-24,96,0.4245,"reward=SqTrError_TrPenalty_UserIncentives,state=PublicPST,train_seed=100",13,-81.56146894873103,139.63354307527624,0,1.0,221.8563129970681,17219.32439799405,208.26136094222747,100.0,0.0,100.0,0,0.0,0.00033437791455874754,0.00020427592381952608,0.0001301019907392215,-14353.531886773357,0,0,0
station_v0_bogota__TD3_vanilla_ts100__seed3__2022-09-17,2026-08-13T03:47:42.481694,2190ce39ddafeac3a25b4c59437e94459f2a2c57,station_v0_bogota,8,100,4.0,TD3_vanilla_ts100,rl,3,2022-09-17,96,0.4219,"reward=SqTrError_TrPenalty_UserIncentives,state=PublicPST,train_seed=100",13,-8.599253326760177,125.63878352424308,0,0.9892767857142857,155.29072463281102,15012.625539891795,200.5940770778816,98.68021978021979,4.57185279096752,82.84285714285714,0,0.0,0.00032516414643857483,0.00020029249165066346,0.00012487165478791142,-9831.46105936778,0,0,0
station_v0_bogota__TD3_vanilla_ts100__seed3__2022-11-09,2026-08-13T03:47:47.880881,2190ce39ddafeac3a25b4c59437e94459f2a2c57,station_v0_bogota,8,100,4.0,TD3_vanilla_ts100,rl,3,2022-11-09,96,0.4334,"reward=SqTrError_TrPenalty_UserIncentives,state=PublicPST,train_seed=100",13,-19.823228712492774,139.64830535363413,0,1.0,224.843779683509,17463.742938903644,209.77035552080173,100.0,0.0,100.0,0,0.0,0.0003349775544211988,0.00020427056081193906,0.0001307069936092597,-14695.819766522493,0,0,0
station_v0_bogota__TD3_vanilla_ts100__seed4__2022-01-17,2026-08-13T03:47:53.393879,2190ce39ddafeac3a25b4c59437e94459f2a2c57,station_v0_bogota,8,100,4.0,TD3_vanilla_ts100,rl,4,2022-01-17,96,0.4603,"reward=SqTrError_TrPenalty_UserIncentives,state=PublicPST,train_seed=100",13,-29.86276845985155,139.63196058110094,0,1.0,226.61125125834621,17938.356216570137,211.3404268683654,100.0,0.0,100.0,0,0.0,0.0003350261117937162,0.00020428164577956866,0.00013074446601414754,-15089.967888527884,0,0,0
station_v0_bogota__TD3_vanilla_ts100__seed4__2022-02-14,2026-08-13T03:47:59.033579,2190ce39ddafeac3a25b4c59437e94459f2a2c57,station_v0_bogota,8,100,4.0,TD3_vanilla_ts100,rl,4,2022-02-14,96,0.4756,"reward=SqTrError_TrPenalty_UserIncentives,state=PublicPST,train_seed=100",13,-25.962462780089755,139.6418386461578,0,1.0,211.19975842809617,18095.192962516,209.962886008053,100.0,0.0,100.0,0,0.0,0.00033792984716555466,0.00020441575132733393,0.00013351409583822076,-15861.0992138216,0,0,0
station_v0_bogota__TD3_vanilla_ts100__seed4__2022-03-05,2026-08-13T03:48:04.905491,2190ce39ddafeac3a25b4c59437e94459f2a2c57,station_v0_bogota,8,100,4.0,TD3_vanilla_ts100,rl,4,2022-03-05,96,0.6016,"reward=SqTrError_TrPenalty_UserIncentives,state=PublicPST,train_seed=100",13,-37.25589234548705,123.89509533559702,0,0.9878214285714286,149.64134511768992,14199.578987954248,194.1684476369025,98.5010989010989,5.1923457176350505,80.51428571428572,0,0.0,0.0003114362082333732,0.00019818353417869712,0.00011325267405467608,-12629.809837179266,0,0,0
station_v0_bogota__TD3_vanilla_ts100__seed4__2022-04-06,2026-08-13T03:48:10.639194,2190ce39ddafeac3a25b4c59437e94459f2a2c57,station_v0_bogota,8,100,4.0,TD3_vanilla_ts100,rl,4,2022-04-06,96,0.6518,"reward=SqTrError_TrPenalty_UserIncentives,state=PublicPST,train_seed=100",13,-26.47373406849156,139.63582562330325,0,1.0,218.8055800422449,17733.853639319346,211.85642019962307,100.0,0.0,100.0,0,0.0,0.00033561561277860275,0.00020431224046509527,0.00013130337231350746,-14599.502902691156,0,0,0
station_v0_bogota__TD3_vanilla_ts100__seed4__2022-05-21,2026-08-13T03:48:16.544958,2190ce39ddafeac3a25b4c59437e94459f2a2c57,station_v0_bogota,8,100,4.0,TD3_vanilla_ts100,rl,4,2022-05-21,96,0.4361,"reward=SqTrError_TrPenalty_UserIncentives,state=PublicPST,train_seed=100",13,-11.94192536399903,125.40539511892523,0,0.9891071428571429,151.63009928768955,16062.60873642581,198.99260182375184,98.65934065934064,4.644180187327544,82.57142857142856,0,0.0,0.0003256714671830746,0.0001999686679466509,0.00012570279923642365,-12663.136145438264,0,0,0
station_v0_bogota__TD3_vanilla_ts100__seed4__2022-06-15,2026-08-13T03:48:22.100156,2190ce39ddafeac3a25b4c59437e94459f2a2c57,station_v0_bogota,8,100,4.0,TD3_vanilla_ts100,rl,4,2022-06-15,96,0.4301,"reward=SqTrError_TrPenalty_UserIncentives,state=PublicPST,train_seed=100",13,-25.823274297202296,139.63861328087864,0,1.0,208.59098811893,16525.55647640095,203.7763018483903,100.0,0.0,100.0,0,0.0,0.0003365904971764789,0.00020427297631265694,0.0001323175208638219,-13348.129404616819,0,0,0
station_v0_bogota__TD3_vanilla_ts100__seed4__2022-07-10,2026-08-13T03:48:27.534098,2190ce39ddafeac3a25b4c59437e94459f2a2c57,station_v0_bogota,8,100,4.0,TD3_vanilla_ts100,rl,4,2022-07-10,96,0.4275,"reward=SqTrError_TrPenalty_UserIncentives,state=PublicPST,train_seed=100",13,-18.57044079701022,126.90930872622474,0,0.9904196428571428,180.91511117596974,16429.486477513547,209.42354600103613,98.82087912087913,4.084594541805285,84.67142857142858,0,0.0,0.0003251044369697886,0.00020021504952826192,0.00012488938744152663,-10527.272169515058,0,0,0
station_v0_bogota__TD3_vanilla_ts100__seed4__2022-08-24,2026-08-13T03:48:33.062728,2190ce39ddafeac3a25b4c59437e94459f2a2c57,station_v0_bogota,8,100,4.0,TD3_vanilla_ts100,rl,4,2022-08-24,96,0.4241,"reward=SqTrError_TrPenalty_UserIncentives,state=PublicPST,train_seed=100",13,-81.56146894873103,139.63354307527624,0,1.0,221.8563129970681,17219.32439799405,208.26136094222747,100.0,0.0,100.0,0,0.0,0.00033437791455874754,0.00020427592381952608,0.0001301019907392215,-14353.531886773357,0,0,0
station_v0_bogota__TD3_vanilla_ts100__seed4__2022-09-17,2026-08-13T03:48:38.602336,2190ce39ddafeac3a25b4c59437e94459f2a2c57,station_v0_bogota,8,100,4.0,TD3_vanilla_ts100,rl,4,2022-09-17,96,0.4285,"reward=SqTrError_TrPenalty_UserIncentives,state=PublicPST,train_seed=100",13,-8.599253326760177,125.63878352424308,0,0.9892767857142857,155.29072463281102,15012.625539891795,200.5940770778816,98.68021978021979,4.57185279096752,82.84285714285714,0,0.0,0.00032516414643857483,0.00020029249165066346,0.00012487165478791142,-9831.46105936778,0,0,0
station_v0_bogota__TD3_vanilla_ts100__seed4__2022-11-09,2026-08-13T03:48:43.979892,2190ce39ddafeac3a25b4c59437e94459f2a2c57,station_v0_bogota,8,100,4.0,TD3_vanilla_ts100,rl,4,2022-11-09,96,0.4247,"reward=SqTrError_TrPenalty_UserIncentives,state=PublicPST,train_seed=100",13,-19.823228712492774,139.64830535363413,0,1.0,224.843779683509,17463.742938903644,209.77035552080173,100.0,0.0,100.0,0,0.0,0.0003349775544211988,0.00020427056081193906,0.0001307069936092597,-14695.819766522493,0,0,0
station_v0_bogota__TD3_vanilla_ts101__seed0__2022-01-17,2026-08-13T03:48:49.471744,2190ce39ddafeac3a25b4c59437e94459f2a2c57,station_v0_bogota,8,100,4.0,TD3_vanilla_ts101,rl,0,2022-01-17,96,0.4629,"reward=SqTrError_TrPenalty_UserIncentives,state=PublicPST,train_seed=101",10,-36.33909589329248,169.93261968048807,0,1.0,351.7001099914875,29086.09949716072,295.36841011960155,100.0,0.0,100.0,0,0.0,0.0003821662545923301,0.00017581640619407506,0.000206349848398255,-12594.668980644621,0,0,0
station_v0_bogota__TD3_vanilla_ts101__seed0__2022-02-14,2026-08-13T03:48:55.314307,2190ce39ddafeac3a25b4c59437e94459f2a2c57,station_v0_bogota,8,100,4.0,TD3_vanilla_ts101,rl,0,2022-02-14,96,0.6827,"reward=SqTrError_TrPenalty_UserIncentives,state=PublicPST,train_seed=101",10,-33.27772115549263,169.90597564682673,0,1.0,332.73551172973447,29154.839872051703,292.24904401939443,100.0,0.0,100.0,0,0.0,0.0003803144677871447,0.0001755279454802419,0.0002047865223069028,-12187.051741333831,0,0,0
station_v0_bogota__TD3_vanilla_ts101__seed0__2022-03-05,2026-08-13T03:49:00.991744,2190ce39ddafeac3a25b4c59437e94459f2a2c57,station_v0_bogota,8,100,4.0,TD3_vanilla_ts101,rl,0,2022-03-05,96,0.4511,"reward=SqTrError_TrPenalty_UserIncentives,state=PublicPST,train_seed=101",11,-47.8116273241632,151.7477190448671,0,0.9880625000000001,184.2043407169431,24066.62878839261,215.2447758130657,98.26363636363637,5.490863937201458,80.9,0,0.0,0.0003245194642191655,0.00015619474986297552,0.0001683247143561899,-23568.184128202975,0,0,0
station_v0_bogota__TD3_vanilla_ts101__seed0__2022-04-06,2026-08-13T03:49:06.535492,2190ce39ddafeac3a25b4c59437e94459f2a2c57,station_v0_bogota,8,100,4.0,TD3_vanilla_ts101,rl,0,2022-04-06,96,0.4311,"reward=SqTrError_TrPenalty_UserIncentives,state=PublicPST,train_seed=101",10,-32.321279104411886,169.9351444697154,0,1.0,362.6042859073215,30370.869522638754,302.1028129266574,100.0,0.0,100.0,0,0.0,0.0003826677227809333,0.00017585345329639015,0.00020681426948454312,-13692.56111681589,0,0,0
station_v0_bogota__TD3_vanilla_ts101__seed0__2022-05-21,2026-08-13T03:49:12.014584,2190ce39ddafeac3a25b4c59437e94459f2a2c57,station_v0_bogota,8,100,4.0,TD3_vanilla_ts101,rl,0,2022-05-21,96,0.428,"reward=SqTrError_TrPenalty_UserIncentives,state=PublicPST,train_seed=101",11,-19.8536142400805,151.06801798256654,0,0.9874464285714286,197.66417016430103,24198.929294010333,222.3952370886414,98.17402597402597,5.77423687038538,79.91428571428571,0,0.0,0.0003215345361513581,0.00015607167757457677,0.00016546285857678138,-23676.974901011938,0,0,0
station_v0_bogota__TD3_vanilla_ts101__seed0__2022-06-15,2026-08-13T03:49:17.480367,2190ce39ddafeac3a25b4c59437e94459f2a2c57,station_v0_bogota,8,100,4.0,TD3_vanilla_ts101,rl,0,2022-06-15,96,0.4632,"reward=SqTrError_TrPenalty_UserIncentives,state=PublicPST,train_seed=101",10,-32.557612552270854,169.9141258083024,0,1.0,321.0258044841064,27778.192757511224,284.38418544940663,100.0,0.0,100.0,0,0.0,0.00038169917237349085,0.0001757513576615693,0.00020594781471192151,-13281.484429304086,0,0,0
station_v0_bogota__TD3_vanilla_ts101__seed0__2022-07-10,2026-08-13T03:49:23.070743,2190ce39ddafeac3a25b4c59437e94459f2a2c57,station_v0_bogota,8,100,4.0,TD3_vanilla_ts101,rl,0,2022-07-10,96,0.459,"reward=SqTrError_TrPenalty_UserIncentives,state=PublicPST,train_seed=101",11,-25.733342728716135,152.09733623296643,0,0.9883928571428571,184.3171170795107,27838.73371771388,233.0909064225362,98.31168831168833,5.338910335349211,81.42857142857143,0,0.0,0.00032275345376161666,0.00015570682493162377,0.00016704662882999292,-27257.905068202203,0,0,0
station_v0_bogota__TD3_vanilla_ts101__seed0__2022-08-24,2026-08-13T03:49:28.719754,2190ce39ddafeac3a25b4c59437e94459f2a2c57,station_v0_bogota,8,100,4.0,TD3_vanilla_ts101,rl,0,2022-08-24,96,0.4262,"reward=SqTrError_TrPenalty_UserIncentives,state=PublicPST,train_seed=101",10,-98.78653200626863,169.8979523689241,0,1.0,348.29460341609143,29818.380540498525,298.3139126473124,100.0,0.0,100.0,0,0.0,0.00038192646028899685,0.00017582758513846606,0.00020609887515053076,-13372.075813920475,0,0,0
station_v0_bogota__TD3_vanilla_ts101__seed0__2022-09-17,2026-08-13T03:49:34.203899,2190ce39ddafeac3a25b4c59437e94459f2a2c57,station_v0_bogota,8,100,4.0,TD3_vanilla_ts101,rl,0,2022-09-17,96,0.4388,"reward=SqTrError_TrPenalty_UserIncentives,state=PublicPST,train_seed=101",11,-15.943810363057077,151.75169539348585,0,0.9880446428571429,191.5403172724981,28740.21213905416,228.28283605542393,98.26103896103896,5.499077645409691,80.87142857142857,0,0.0,0.0003221393667477654,0.0001553190039409271,0.00016682036280683832,-28526.966357601894,0,0,0
station_v0_bogota__TD3_vanilla_ts101__seed0__2022-11-09,2026-08-13T03:49:39.777004,2190ce39ddafeac3a25b4c59437e94459f2a2c57,station_v0_bogota,8,100,4.0,TD3_vanilla_ts101,rl,0,2022-11-09,96,0.5606,"reward=SqTrError_TrPenalty_UserIncentives,state=PublicPST,train_seed=101",10,-24.268162944558348,169.92180971481025,0,1.0,355.28943850935013,30468.402642204197,303.3453061058006,100.0,0.0,100.0,0,0.0,0.0003828431690524589,0.00017590493194492903,0.0002069382371075299,-13724.28813884205,0,0,0
station_v0_bogota__TD3_vanilla_ts101__seed1__2022-01-17,2026-08-13T03:49:45.419397,2190ce39ddafeac3a25b4c59437e94459f2a2c57,station_v0_bogota,8,100,4.0,TD3_vanilla_ts101,rl,1,2022-01-17,96,0.4471,"reward=SqTrError_TrPenalty_UserIncentives,state=PublicPST,train_seed=101",10,-36.33909589329248,169.93261968048807,0,1.0,351.7001099914875,29086.09949716072,295.36841011960155,100.0,0.0,100.0,0,0.0,0.0003821662545923301,0.00017581640619407506,0.000206349848398255,-12594.668980644621,0,0,0
station_v0_bogota__TD3_vanilla_ts101__seed1__2022-02-14,2026-08-13T03:49:51.134899,2190ce39ddafeac3a25b4c59437e94459f2a2c57,station_v0_bogota,8,100,4.0,TD3_vanilla_ts101,rl,1,2022-02-14,96,0.4778,"reward=SqTrError_TrPenalty_UserIncentives,state=PublicPST,train_seed=101",10,-33.27772115549263,169.90597564682673,0,1.0,332.73551172973447,29154.839872051703,292.24904401939443,100.0,0.0,100.0,0,0.0,0.0003803144677871447,0.0001755279454802419,0.0002047865223069028,-12187.051741333831,0,0,0
station_v0_bogota__TD3_vanilla_ts101__seed1__2022-03-05,2026-08-13T03:49:56.759340,2190ce39ddafeac3a25b4c59437e94459f2a2c57,station_v0_bogota,8,100,4.0,TD3_vanilla_ts101,rl,1,2022-03-05,96,0.4244,"reward=SqTrError_TrPenalty_UserIncentives,state=PublicPST,train_seed=101",11,-47.8116273241632,151.7477190448671,0,0.9880625000000001,184.2043407169431,24066.62878839261,215.2447758130657,98.26363636363637,5.490863937201458,80.9,0,0.0,0.0003245194642191655,0.00015619474986297552,0.0001683247143561899,-23568.184128202975,0,0,0
station_v0_bogota__TD3_vanilla_ts101__seed1__2022-04-06,2026-08-13T03:50:02.228444,2190ce39ddafeac3a25b4c59437e94459f2a2c57,station_v0_bogota,8,100,4.0,TD3_vanilla_ts101,rl,1,2022-04-06,96,0.4305,"reward=SqTrError_TrPenalty_UserIncentives,state=PublicPST,train_seed=101",10,-32.321279104411886,169.9351444697154,0,1.0,362.6042859073215,30370.869522638754,302.1028129266574,100.0,0.0,100.0,0,0.0,0.0003826677227809333,0.00017585345329639015,0.00020681426948454312,-13692.56111681589,0,0,0
station_v0_bogota__TD3_vanilla_ts101__seed1__2022-05-21,2026-08-13T03:50:07.689459,2190ce39ddafeac3a25b4c59437e94459f2a2c57,station_v0_bogota,8,100,4.0,TD3_vanilla_ts101,rl,1,2022-05-21,96,0.4246,"reward=SqTrError_TrPenalty_UserIncentives,state=PublicPST,train_seed=101",11,-19.8536142400805,151.06801798256654,0,0.9874464285714286,197.66417016430103,24198.929294010333,222.3952370886414,98.17402597402597,5.77423687038538,79.91428571428571,0,0.0,0.0003215345361513581,0.00015607167757457677,0.00016546285857678138,-23676.974901011938,0,0,0
station_v0_bogota__TD3_vanilla_ts101__seed1__2022-06-15,2026-08-13T03:50:13.200167,2190ce39ddafeac3a25b4c59437e94459f2a2c57,station_v0_bogota,8,100,4.0,TD3_vanilla_ts101,rl,1,2022-06-15,96,0.4262,"reward=SqTrError_TrPenalty_UserIncentives,state=PublicPST,train_seed=101",10,-32.557612552270854,169.9141258083024,0,1.0,321.0258044841064,27778.192757511224,284.38418544940663,100.0,0.0,100.0,0,0.0,0.00038169917237349085,0.0001757513576615693,0.00020594781471192151,-13281.484429304086,0,0,0
station_v0_bogota__TD3_vanilla_ts101__seed1__2022-07-10,2026-08-13T03:50:18.669588,2190ce39ddafeac3a25b4c59437e94459f2a2c57,station_v0_bogota,8,100,4.0,TD3_vanilla_ts101,rl,1,2022-07-10,96,0.4549,"reward=SqTrError_TrPenalty_UserIncentives,state=PublicPST,train_seed=101",11,-25.733342728716135,152.09733623296643,0,0.9883928571428571,184.3171170795107,27838.73371771388,233.0909064225362,98.31168831168833,5.338910335349211,81.42857142857143,0,0.0,0.00032275345376161666,0.00015570682493162377,0.00016704662882999292,-27257.905068202203,0,0,0
station_v0_bogota__TD3_vanilla_ts101__seed1__2022-08-24,2026-08-13T03:50:24.234367,2190ce39ddafeac3a25b4c59437e94459f2a2c57,station_v0_bogota,8,100,4.0,TD3_vanilla_ts101,rl,1,2022-08-24,96,0.4936,"reward=SqTrError_TrPenalty_UserIncentives,state=PublicPST,train_seed=101",10,-98.78653200626863,169.8979523689241,0,1.0,348.29460341609143,29818.380540498525,298.3139126473124,100.0,0.0,100.0,0,0.0,0.00038192646028899685,0.00017582758513846606,0.00020609887515053076,-13372.075813920475,0,0,0
station_v0_bogota__TD3_vanilla_ts101__seed1__2022-09-17,2026-08-13T03:50:29.845367,2190ce39ddafeac3a25b4c59437e94459f2a2c57,station_v0_bogota,8,100,4.0,TD3_vanilla_ts101,rl,1,2022-09-17,96,0.573,"reward=SqTrError_TrPenalty_UserIncentives,state=PublicPST,train_seed=101",11,-15.943810363057077,151.75169539348585,0,0.9880446428571429,191.5403172724981,28740.21213905416,228.28283605542393,98.26103896103896,5.499077645409691,80.87142857142857,0,0.0,0.0003221393667477654,0.0001553190039409271,0.00016682036280683832,-28526.966357601894,0,0,0
station_v0_bogota__TD3_vanilla_ts101__seed1__2022-11-09,2026-08-13T03:50:35.470661,2190ce39ddafeac3a25b4c59437e94459f2a2c57,station_v0_bogota,8,100,4.0,TD3_vanilla_ts101,rl,1,2022-11-09,96,0.4987,"reward=SqTrError_TrPenalty_UserIncentives,state=PublicPST,train_seed=101",10,-24.268162944558348,169.92180971481025,0,1.0,355.28943850935013,30468.402642204197,303.3453061058006,100.0,0.0,100.0,0,0.0,0.0003828431690524589,0.00017590493194492903,0.0002069382371075299,-13724.28813884205,0,0,0
station_v0_bogota__TD3_vanilla_ts101__seed2__2022-01-17,2026-08-13T03:50:41.027083,2190ce39ddafeac3a25b4c59437e94459f2a2c57,station_v0_bogota,8,100,4.0,TD3_vanilla_ts101,rl,2,2022-01-17,96,0.5029,"reward=SqTrError_TrPenalty_UserIncentives,state=PublicPST,train_seed=101",10,-36.33909589329248,169.93261968048807,0,1.0,351.7001099914875,29086.09949716072,295.36841011960155,100.0,0.0,100.0,0,0.0,0.0003821662545923301,0.00017581640619407506,0.000206349848398255,-12594.668980644621,0,0,0
station_v0_bogota__TD3_vanilla_ts101__seed2__2022-02-14,2026-08-13T03:50:46.460121,2190ce39ddafeac3a25b4c59437e94459f2a2c57,station_v0_bogota,8,100,4.0,TD3_vanilla_ts101,rl,2,2022-02-14,96,0.4284,"reward=SqTrError_TrPenalty_UserIncentives,state=PublicPST,train_seed=101",10,-33.27772115549263,169.90597564682673,0,1.0,332.73551172973447,29154.839872051703,292.24904401939443,100.0,0.0,100.0,0,0.0,0.0003803144677871447,0.0001755279454802419,0.0002047865223069028,-12187.051741333831,0,0,0
station_v0_bogota__TD3_vanilla_ts101__seed2__2022-03-05,2026-08-13T03:50:52.047365,2190ce39ddafeac3a25b4c59437e94459f2a2c57,station_v0_bogota,8,100,4.0,TD3_vanilla_ts101,rl,2,2022-03-05,96,0.4589,"reward=SqTrError_TrPenalty_UserIncentives,state=PublicPST,train_seed=101",11,-47.8116273241632,151.7477190448671,0,0.9880625000000001,184.2043407169431,24066.62878839261,215.2447758130657,98.26363636363637,5.490863937201458,80.9,0,0.0,0.0003245194642191655,0.00015619474986297552,0.0001683247143561899,-23568.184128202975,0,0,0
station_v0_bogota__TD3_vanilla_ts101__seed2__2022-04-06,2026-08-13T03:50:57.500591,2190ce39ddafeac3a25b4c59437e94459f2a2c57,station_v0_bogota,8,100,4.0,TD3_vanilla_ts101,rl,2,2022-04-06,96,0.4286,"reward=SqTrError_TrPenalty_UserIncentives,state=PublicPST,train_seed=101",10,-32.321279104411886,169.9351444697154,0,1.0,362.6042859073215,30370.869522638754,302.1028129266574,100.0,0.0,100.0,0,0.0,0.0003826677227809333,0.00017585345329639015,0.00020681426948454312,-13692.56111681589,0,0,0
station_v0_bogota__TD3_vanilla_ts101__seed2__2022-05-21,2026-08-13T03:51:02.982478,2190ce39ddafeac3a25b4c59437e94459f2a2c57,station_v0_bogota,8,100,4.0,TD3_vanilla_ts101,rl,2,2022-05-21,96,0.4617,"reward=SqTrError_TrPenalty_UserIncentives,state=PublicPST,train_seed=101",11,-19.8536142400805,151.06801798256654,0,0.9874464285714286,197.66417016430103,24198.929294010333,222.3952370886414,98.17402597402597,5.77423687038538,79.91428571428571,0,0.0,0.0003215345361513581,0.00015607167757457677,0.00016546285857678138,-23676.974901011938,0,0,0
station_v0_bogota__TD3_vanilla_ts101__seed2__2022-06-15,2026-08-13T03:51:08.539839,2190ce39ddafeac3a25b4c59437e94459f2a2c57,station_v0_bogota,8,100,4.0,TD3_vanilla_ts101,rl,2,2022-06-15,96,0.4375,"reward=SqTrError_TrPenalty_UserIncentives,state=PublicPST,train_seed=101",10,-32.557612552270854,169.9141258083024,0,1.0,321.0258044841064,27778.192757511224,284.38418544940663,100.0,0.0,100.0,0,0.0,0.00038169917237349085,0.0001757513576615693,0.00020594781471192151,-13281.484429304086,0,0,0
station_v0_bogota__TD3_vanilla_ts101__seed2__2022-07-10,2026-08-13T03:51:14.135725,2190ce39ddafeac3a25b4c59437e94459f2a2c57,station_v0_bogota,8,100,4.0,TD3_vanilla_ts101,rl,2,2022-07-10,96,0.4562,"reward=SqTrError_TrPenalty_UserIncentives,state=PublicPST,train_seed=101",11,-25.733342728716135,152.09733623296643,0,0.9883928571428571,184.3171170795107,27838.73371771388,233.0909064225362,98.31168831168833,5.338910335349211,81.42857142857143,0,0.0,0.00032275345376161666,0.00015570682493162377,0.00016704662882999292,-27257.905068202203,0,0,0
station_v0_bogota__TD3_vanilla_ts101__seed2__2022-08-24,2026-08-13T03:51:19.654983,2190ce39ddafeac3a25b4c59437e94459f2a2c57,station_v0_bogota,8,100,4.0,TD3_vanilla_ts101,rl,2,2022-08-24,96,0.5386,"reward=SqTrError_TrPenalty_UserIncentives,state=PublicPST,train_seed=101",10,-98.78653200626863,169.8979523689241,0,1.0,348.29460341609143,29818.380540498525,298.3139126473124,100.0,0.0,100.0,0,0.0,0.00038192646028899685,0.00017582758513846606,0.00020609887515053076,-13372.075813920475,0,0,0
station_v0_bogota__TD3_vanilla_ts101__seed2__2022-09-17,2026-08-13T03:51:25.292430,2190ce39ddafeac3a25b4c59437e94459f2a2c57,station_v0_bogota,8,100,4.0,TD3_vanilla_ts101,rl,2,2022-09-17,96,0.5792,"reward=SqTrError_TrPenalty_UserIncentives,state=PublicPST,train_seed=101",11,-15.943810363057077,151.75169539348585,0,0.9880446428571429,191.5403172724981,28740.21213905416,228.28283605542393,98.26103896103896,5.499077645409691,80.87142857142857,0,0.0,0.0003221393667477654,0.0001553190039409271,0.00016682036280683832,-28526.966357601894,0,0,0
station_v0_bogota__TD3_vanilla_ts101__seed2__2022-11-09,2026-08-13T03:51:30.789290,2190ce39ddafeac3a25b4c59437e94459f2a2c57,station_v0_bogota,8,100,4.0,TD3_vanilla_ts101,rl,2,2022-11-09,96,0.4999,"reward=SqTrError_TrPenalty_UserIncentives,state=PublicPST,train_seed=101",10,-24.268162944558348,169.92180971481025,0,1.0,355.28943850935013,30468.402642204197,303.3453061058006,100.0,0.0,100.0,0,0.0,0.0003828431690524589,0.00017590493194492903,0.0002069382371075299,-13724.28813884205,0,0,0
station_v0_bogota__TD3_vanilla_ts101__seed3__2022-01-17,2026-08-13T03:51:36.267408,2190ce39ddafeac3a25b4c59437e94459f2a2c57,station_v0_bogota,8,100,4.0,TD3_vanilla_ts101,rl,3,2022-01-17,96,0.4497,"reward=SqTrError_TrPenalty_UserIncentives,state=PublicPST,train_seed=101",10,-36.33909589329248,169.93261968048807,0,1.0,351.7001099914875,29086.09949716072,295.36841011960155,100.0,0.0,100.0,0,0.0,0.0003821662545923301,0.00017581640619407506,0.000206349848398255,-12594.668980644621,0,0,0
station_v0_bogota__TD3_vanilla_ts101__seed3__2022-02-14,2026-08-13T03:51:41.806899,2190ce39ddafeac3a25b4c59437e94459f2a2c57,station_v0_bogota,8,100,4.0,TD3_vanilla_ts101,rl,3,2022-02-14,96,0.4263,"reward=SqTrError_TrPenalty_UserIncentives,state=PublicPST,train_seed=101",10,-33.27772115549263,169.90597564682673,0,1.0,332.73551172973447,29154.839872051703,292.24904401939443,100.0,0.0,100.0,0,0.0,0.0003803144677871447,0.0001755279454802419,0.0002047865223069028,-12187.051741333831,0,0,0
station_v0_bogota__TD3_vanilla_ts101__seed3__2022-03-05,2026-08-13T03:51:47.306693,2190ce39ddafeac3a25b4c59437e94459f2a2c57,station_v0_bogota,8,100,4.0,TD3_vanilla_ts101,rl,3,2022-03-05,96,0.4227,"reward=SqTrError_TrPenalty_UserIncentives,state=PublicPST,train_seed=101",11,-47.8116273241632,151.7477190448671,0,0.9880625000000001,184.2043407169431,24066.62878839261,215.2447758130657,98.26363636363637,5.490863937201458,80.9,0,0.0,0.0003245194642191655,0.00015619474986297552,0.0001683247143561899,-23568.184128202975,0,0,0
station_v0_bogota__TD3_vanilla_ts101__seed3__2022-04-06,2026-08-13T03:51:52.814823,2190ce39ddafeac3a25b4c59437e94459f2a2c57,station_v0_bogota,8,100,4.0,TD3_vanilla_ts101,rl,3,2022-04-06,96,0.4307,"reward=SqTrError_TrPenalty_UserIncentives,state=PublicPST,train_seed=101",10,-32.321279104411886,169.9351444697154,0,1.0,362.6042859073215,30370.869522638754,302.1028129266574,100.0,0.0,100.0,0,0.0,0.0003826677227809333,0.00017585345329639015,0.00020681426948454312,-13692.56111681589,0,0,0
station_v0_bogota__TD3_vanilla_ts101__seed3__2022-05-21,2026-08-13T03:51:58.285629,2190ce39ddafeac3a25b4c59437e94459f2a2c57,station_v0_bogota,8,100,4.0,TD3_vanilla_ts101,rl,3,2022-05-21,96,0.4228,"reward=SqTrError_TrPenalty_UserIncentives,state=PublicPST,train_seed=101",11,-19.8536142400805,151.06801798256654,0,0.9874464285714286,197.66417016430103,24198.929294010333,222.3952370886414,98.17402597402597,5.77423687038538,79.91428571428571,0,0.0,0.0003215345361513581,0.00015607167757457677,0.00016546285857678138,-23676.974901011938,0,0,0
station_v0_bogota__TD3_vanilla_ts101__seed3__2022-06-15,2026-08-13T03:52:03.732770,2190ce39ddafeac3a25b4c59437e94459f2a2c57,station_v0_bogota,8,100,4.0,TD3_vanilla_ts101,rl,3,2022-06-15,96,0.4339,"reward=SqTrError_TrPenalty_UserIncentives,state=PublicPST,train_seed=101",10,-32.557612552270854,169.9141258083024,0,1.0,321.0258044841064,27778.192757511224,284.38418544940663,100.0,0.0,100.0,0,0.0,0.00038169917237349085,0.0001757513576615693,0.00020594781471192151,-13281.484429304086,0,0,0
station_v0_bogota__TD3_vanilla_ts101__seed3__2022-07-10,2026-08-13T03:52:09.139962,2190ce39ddafeac3a25b4c59437e94459f2a2c57,station_v0_bogota,8,100,4.0,TD3_vanilla_ts101,rl,3,2022-07-10,96,0.4328,"reward=SqTrError_TrPenalty_UserIncentives,state=PublicPST,train_seed=101",11,-25.733342728716135,152.09733623296643,0,0.9883928571428571,184.3171170795107,27838.73371771388,233.0909064225362,98.31168831168833,5.338910335349211,81.42857142857143,0,0.0,0.00032275345376161666,0.00015570682493162377,0.00016704662882999292,-27257.905068202203,0,0,0
station_v0_bogota__TD3_vanilla_ts101__seed3__2022-08-24,2026-08-13T03:52:14.764917,2190ce39ddafeac3a25b4c59437e94459f2a2c57,station_v0_bogota,8,100,4.0,TD3_vanilla_ts101,rl,3,2022-08-24,96,0.5933,"reward=SqTrError_TrPenalty_UserIncentives,state=PublicPST,train_seed=101",10,-98.78653200626863,169.8979523689241,0,1.0,348.29460341609143,29818.380540498525,298.3139126473124,100.0,0.0,100.0,0,0.0,0.00038192646028899685,0.00017582758513846606,0.00020609887515053076,-13372.075813920475,0,0,0
station_v0_bogota__TD3_vanilla_ts101__seed3__2022-09-17,2026-08-13T03:52:20.518515,2190ce39ddafeac3a25b4c59437e94459f2a2c57,station_v0_bogota,8,100,4.0,TD3_vanilla_ts101,rl,3,2022-09-17,96,0.4748,"reward=SqTrError_TrPenalty_UserIncentives,state=PublicPST,train_seed=101",11,-15.943810363057077,151.75169539348585,0,0.9880446428571429,191.5403172724981,28740.21213905416,228.28283605542393,98.26103896103896,5.499077645409691,80.87142857142857,0,0.0,0.0003221393667477654,0.0001553190039409271,0.00016682036280683832,-28526.966357601894,0,0,0
station_v0_bogota__TD3_vanilla_ts101__seed3__2022-11-09,2026-08-13T03:52:26.254621,2190ce39ddafeac3a25b4c59437e94459f2a2c57,station_v0_bogota,8,100,4.0,TD3_vanilla_ts101,rl,3,2022-11-09,96,0.4575,"reward=SqTrError_TrPenalty_UserIncentives,state=PublicPST,train_seed=101",10,-24.268162944558348,169.92180971481025,0,1.0,355.28943850935013,30468.402642204197,303.3453061058006,100.0,0.0,100.0,0,0.0,0.0003828431690524589,0.00017590493194492903,0.0002069382371075299,-13724.28813884205,0,0,0
station_v0_bogota__TD3_vanilla_ts101__seed4__2022-01-17,2026-08-13T03:52:32.106856,2190ce39ddafeac3a25b4c59437e94459f2a2c57,station_v0_bogota,8,100,4.0,TD3_vanilla_ts101,rl,4,2022-01-17,96,0.4932,"reward=SqTrError_TrPenalty_UserIncentives,state=PublicPST,train_seed=101",10,-36.33909589329248,169.93261968048807,0,1.0,351.7001099914875,29086.09949716072,295.36841011960155,100.0,0.0,100.0,0,0.0,0.0003821662545923301,0.00017581640619407506,0.000206349848398255,-12594.668980644621,0,0,0
station_v0_bogota__TD3_vanilla_ts101__seed4__2022-02-14,2026-08-13T03:52:37.734815,2190ce39ddafeac3a25b4c59437e94459f2a2c57,station_v0_bogota,8,100,4.0,TD3_vanilla_ts101,rl,4,2022-02-14,96,0.4464,"reward=SqTrError_TrPenalty_UserIncentives,state=PublicPST,train_seed=101",10,-33.27772115549263,169.90597564682673,0,1.0,332.73551172973447,29154.839872051703,292.24904401939443,100.0,0.0,100.0,0,0.0,0.0003803144677871447,0.0001755279454802419,0.0002047865223069028,-12187.051741333831,0,0,0
station_v0_bogota__TD3_vanilla_ts101__seed4__2022-03-05,2026-08-13T03:52:43.362233,2190ce39ddafeac3a25b4c59437e94459f2a2c57,station_v0_bogota,8,100,4.0,TD3_vanilla_ts101,rl,4,2022-03-05,96,0.5488,"reward=SqTrError_TrPenalty_UserIncentives,state=PublicPST,train_seed=101",11,-47.8116273241632,151.7477190448671,0,0.9880625000000001,184.2043407169431,24066.62878839261,215.2447758130657,98.26363636363637,5.490863937201458,80.9,0,0.0,0.0003245194642191655,0.00015619474986297552,0.0001683247143561899,-23568.184128202975,0,0,0
station_v0_bogota__TD3_vanilla_ts101__seed4__2022-04-06,2026-08-13T03:52:48.982925,2190ce39ddafeac3a25b4c59437e94459f2a2c57,station_v0_bogota,8,100,4.0,TD3_vanilla_ts101,rl,4,2022-04-06,96,0.567,"reward=SqTrError_TrPenalty_UserIncentives,state=PublicPST,train_seed=101",10,-32.321279104411886,169.9351444697154,0,1.0,362.6042859073215,30370.869522638754,302.1028129266574,100.0,0.0,100.0,0,0.0,0.0003826677227809333,0.00017585345329639015,0.00020681426948454312,-13692.56111681589,0,0,0
station_v0_bogota__TD3_vanilla_ts101__seed4__2022-05-21,2026-08-13T03:52:54.508970,2190ce39ddafeac3a25b4c59437e94459f2a2c57,station_v0_bogota,8,100,4.0,TD3_vanilla_ts101,rl,4,2022-05-21,96,0.4675,"reward=SqTrError_TrPenalty_UserIncentives,state=PublicPST,train_seed=101",11,-19.8536142400805,151.06801798256654,0,0.9874464285714286,197.66417016430103,24198.929294010333,222.3952370886414,98.17402597402597,5.77423687038538,79.91428571428571,0,0.0,0.0003215345361513581,0.00015607167757457677,0.00016546285857678138,-23676.974901011938,0,0,0
station_v0_bogota__TD3_vanilla_ts101__seed4__2022-06-15,2026-08-13T03:53:00.150817,2190ce39ddafeac3a25b4c59437e94459f2a2c57,station_v0_bogota,8,100,4.0,TD3_vanilla_ts101,rl,4,2022-06-15,96,0.4645,"reward=SqTrError_TrPenalty_UserIncentives,state=PublicPST,train_seed=101",10,-32.557612552270854,169.9141258083024,0,1.0,321.0258044841064,27778.192757511224,284.38418544940663,100.0,0.0,100.0,0,0.0,0.00038169917237349085,0.0001757513576615693,0.00020594781471192151,-13281.484429304086,0,0,0
station_v0_bogota__TD3_vanilla_ts101__seed4__2022-07-10,2026-08-13T03:53:05.643754,2190ce39ddafeac3a25b4c59437e94459f2a2c57,station_v0_bogota,8,100,4.0,TD3_vanilla_ts101,rl,4,2022-07-10,96,0.4274,"reward=SqTrError_TrPenalty_UserIncentives,state=PublicPST,train_seed=101",11,-25.733342728716135,152.09733623296643,0,0.9883928571428571,184.3171170795107,27838.73371771388,233.0909064225362,98.31168831168833,5.338910335349211,81.42857142857143,0,0.0,0.00032275345376161666,0.00015570682493162377,0.00016704662882999292,-27257.905068202203,0,0,0
station_v0_bogota__TD3_vanilla_ts101__seed4__2022-08-24,2026-08-13T03:53:11.155779,2190ce39ddafeac3a25b4c59437e94459f2a2c57,station_v0_bogota,8,100,4.0,TD3_vanilla_ts101,rl,4,2022-08-24,96,0.4459,"reward=SqTrError_TrPenalty_UserIncentives,state=PublicPST,train_seed=101",10,-98.78653200626863,169.8979523689241,0,1.0,348.29460341609143,29818.380540498525,298.3139126473124,100.0,0.0,100.0,0,0.0,0.00038192646028899685,0.00017582758513846606,0.00020609887515053076,-13372.075813920475,0,0,0
station_v0_bogota__TD3_vanilla_ts101__seed4__2022-09-17,2026-08-13T03:53:16.547562,2190ce39ddafeac3a25b4c59437e94459f2a2c57,station_v0_bogota,8,100,4.0,TD3_vanilla_ts101,rl,4,2022-09-17,96,0.4206,"reward=SqTrError_TrPenalty_UserIncentives,state=PublicPST,train_seed=101",11,-15.943810363057077,151.75169539348585,0,0.9880446428571429,191.5403172724981,28740.21213905416,228.28283605542393,98.26103896103896,5.499077645409691,80.87142857142857,0,0.0,0.0003221393667477654,0.0001553190039409271,0.00016682036280683832,-28526.966357601894,0,0,0
station_v0_bogota__TD3_vanilla_ts101__seed4__2022-11-09,2026-08-13T03:53:22.057943,2190ce39ddafeac3a25b4c59437e94459f2a2c57,station_v0_bogota,8,100,4.0,TD3_vanilla_ts101,rl,4,2022-11-09,96,0.4293,"reward=SqTrError_TrPenalty_UserIncentives,state=PublicPST,train_seed=101",10,-24.268162944558348,169.92180971481025,0,1.0,355.28943850935013,30468.402642204197,303.3453061058006,100.0,0.0,100.0,0,0.0,0.0003828431690524589,0.00017590493194492903,0.0002069382371075299,-13724.28813884205,0,0,0
station_v0_bogota__TD3_vanilla_ts102__seed0__2022-01-17,2026-08-13T03:53:28.081115,2190ce39ddafeac3a25b4c59437e94459f2a2c57,station_v0_bogota,8,100,4.0,TD3_vanilla_ts102,rl,0,2022-01-17,96,0.6225,"reward=SqTrError_TrPenalty_UserIncentives,state=PublicPST,train_seed=102",12,-35.47897337882096,171.06640464026194,0,0.9825892857142857,264.3888015421635,23893.487026604653,258.08844833453315,98.83928571428572,3.8496537745196573,86.07142857142858,0,0.0,0.00037430182276189004,0.00017499592512983952,0.00019930589763205052,-14840.67546757661,0,0,0
station_v0_bogota__TD3_vanilla_ts102__seed0__2022-02-14,2026-08-13T03:53:33.706891,2190ce39ddafeac3a25b4c59437e94459f2a2c57,station_v0_bogota,8,100,4.0,TD3_vanilla_ts102,rl,0,2022-02-14,96,0.4953,"reward=SqTrError_TrPenalty_UserIncentives,state=PublicPST,train_seed=102",12,-35.070492133843764,171.1545006291247,0,0.9827857142857143,266.2200923898387,21264.607789421254,247.36908470344025,98.85238095238095,3.8062217832173877,86.22857142857143,0,0.0,0.0003679092069317478,0.0001741637435372247,0.0001937454633945231,-14794.26440114816,0,0,0
station_v0_bogota__TD3_vanilla_ts102__seed0__2022-03-05,2026-08-13T03:53:39.380749,2190ce39ddafeac3a25b4c59437e94459f2a2c57,station_v0_bogota,8,100,4.0,TD3_vanilla_ts102,rl,0,2022-03-05,96,0.4247,"reward=SqTrError_TrPenalty_UserIncentives,state=PublicPST,train_seed=102",14,-62.23633031890356,198.3054040075104,0,0.9994910714285714,263.7850879031687,33973.000515325606,267.06776135180115,99.94897959183673,0.15831789676097863,99.38571428571427,0,0.0,0.00041591252887992304,0.00019210693058834425,0.00022380559829157868,-32319.72235162194,0,0,0
station_v0_bogota__TD3_vanilla_ts102__seed0__2022-04-06,2026-08-13T03:53:44.879333,2190ce39ddafeac3a25b4c59437e94459f2a2c57,station_v0_bogota,8,100,4.0,TD3_vanilla_ts102,rl,0,2022-04-06,96,0.4222,"reward=SqTrError_TrPenalty_UserIncentives,state=PublicPST,train_seed=102",12,-33.567542193355024,170.0035950127385,0,0.9807142857142856,229.95306287727968,20912.36138005997,247.05840705842775,98.71428571428572,4.264231873314086,84.57142857142857,0,0.0,0.0003734899780546675,0.00017511347465227852,0.0001983765034023889,-13012.067749597983,0,0,0
station_v0_bogota__TD3_vanilla_ts102__seed0__2022-05-21,2026-08-13T03:53:50.388015,2190ce39ddafeac3a25b4c59437e94459f2a2c57,station_v0_bogota,8,100,4.0,TD3_vanilla_ts102,rl,0,2022-05-21,96,0.4573,"reward=SqTrError_TrPenalty_UserIncentives,state=PublicPST,train_seed=102",14,-23.626652130090086,194.31540535031075,0,0.9920178571428572,242.78331681435796,30482.43862527796,265.42265748728175,99.54387755102042,1.6445728776861257,93.61428571428571,0,0.0,0.00040863402189242207,0.00019329305200286486,0.00021534096988955732,-25950.6838779909,0,0,0
station_v0_bogota__TD3_vanilla_ts102__seed0__2022-06-15,2026-08-13T03:53:55.951305,2190ce39ddafeac3a25b4c59437e94459f2a2c57,station_v0_bogota,8,100,4.0,TD3_vanilla_ts102,rl,0,2022-06-15,96,0.4473,"reward=SqTrError_TrPenalty_UserIncentives,state=PublicPST,train_seed=102",12,-30.082904060470867,158.08287104933817,0,0.9597589285714286,206.79082338333745,21611.007602481273,240.21078242721237,97.31309523809523,8.881346458127677,67.85714285714286,0,0.0,0.0003467428140750991,0.00017192100880679558,0.00017482180526830345,-13562.677914409565,0,0,0
station_v0_bogota__TD3_vanilla_ts102__seed0__2022-07-10,2026-08-13T03:54:01.408332,2190ce39ddafeac3a25b4c59437e94459f2a2c57,station_v0_bogota,8,100,4.0,TD3_vanilla_ts102,rl,0,2022-07-10,96,0.4473,"reward=SqTrError_TrPenalty_UserIncentives,state=PublicPST,train_seed=102",14,-31.76886282440172,188.00399239888992,0,0.9880714285714286,222.3228094715655,29655.835646571675,263.52797094690476,98.89897959183672,2.9402527820451123,88.85714285714286,0,0.0,0.00040442185501292615,0.0001924843950152085,0.0002119374599977176,-29771.25958793548,0,0,0
station_v0_bogota__TD3_vanilla_ts102__seed0__2022-08-24,2026-08-13T03:54:06.987158,2190ce39ddafeac3a25b4c59437e94459f2a2c57,station_v0_bogota,8,100,4.0,TD3_vanilla_ts102,rl,0,2022-08-24,96,0.4318,"reward=SqTrError_TrPenalty_UserIncentives,state=PublicPST,train_seed=102",12,-100.98196998170924,170.5780703639998,0,0.9817678571428572,234.04164292118793,21659.881784209134,249.5412669469916,98.7845238095238,4.031278465420076,85.41428571428571,0,0.0,0.00036692175485094204,0.00017457653473306904,0.00019234522011787295,-13009.942312952435,0,0,0
station_v0_bogota__TD3_vanilla_ts102__seed0__2022-09-17,2026-08-13T03:54:12.586841,2190ce39ddafeac3a25b4c59437e94459f2a2c57,station_v0_bogota,8,100,4.0,TD3_vanilla_ts102,rl,0,2022-09-17,96,0.5248,"reward=SqTrError_TrPenalty_UserIncentives,state=PublicPST,train_seed=102",14,-20.414583183570876,186.99657240513025,0,0.9869107142857143,242.04932080502363,31156.86990037879,258.6524190884245,98.80816326530612,3.1454243424447768,88.17142857142856,0,9.809375330680624,0.0004023725183499286,0.00019121560195058126,0.0002111569163993473,-32245.325825036867,0,0,0
station_v0_bogota__TD3_vanilla_ts102__seed0__2022-11-09,2026-08-13T03:54:18.106899,2190ce39ddafeac3a25b4c59437e94459f2a2c57,station_v0_bogota,8,100,4.0,TD3_vanilla_ts102,rl,0,2022-11-09,96,0.5296,"reward=SqTrError_TrPenalty_UserIncentives,state=PublicPST,train_seed=102",12,-23.646785471844865,171.63537454001764,0,0.9836607142857143,244.99671949470817,22295.509368701583,256.88659906217305,98.91071428571428,3.6127520037799887,86.92857142857143,0,0.0,0.0003679996323872081,0.00017450723571373912,0.000193492396673469,-13433.19508157024,0,0,0
station_v0_bogota__TD3_vanilla_ts102__seed1__2022-01-17,2026-08-13T03:54:23.675909,2190ce39ddafeac3a25b4c59437e94459f2a2c57,station_v0_bogota,8,100,4.0,TD3_vanilla_ts102,rl,1,2022-01-17,96,0.4638,"reward=SqTrError_TrPenalty_UserIncentives,state=PublicPST,train_seed=102",12,-35.47897337882096,171.06640464026194,0,0.9825892857142857,264.3888015421635,23893.487026604653,258.08844833453315,98.83928571428572,3.8496537745196573,86.07142857142858,0,0.0,0.00037430182276189004,0.00017499592512983952,0.00019930589763205052,-14840.67546757661,0,0,0
station_v0_bogota__TD3_vanilla_ts102__seed1__2022-02-14,2026-08-13T03:54:29.162200,2190ce39ddafeac3a25b4c59437e94459f2a2c57,station_v0_bogota,8,100,4.0,TD3_vanilla_ts102,rl,1,2022-02-14,96,0.4214,"reward=SqTrError_TrPenalty_UserIncentives,state=PublicPST,train_seed=102",12,-35.070492133843764,171.1545006291247,0,0.9827857142857143,266.2200923898387,21264.607789421254,247.36908470344025,98.85238095238095,3.8062217832173877,86.22857142857143,0,0.0,0.0003679092069317478,0.0001741637435372247,0.0001937454633945231,-14794.26440114816,0,0,0
station_v0_bogota__TD3_vanilla_ts102__seed1__2022-03-05,2026-08-13T03:54:34.604022,2190ce39ddafeac3a25b4c59437e94459f2a2c57,station_v0_bogota,8,100,4.0,TD3_vanilla_ts102,rl,1,2022-03-05,96,0.4213,"reward=SqTrError_TrPenalty_UserIncentives,state=PublicPST,train_seed=102",14,-62.23633031890356,198.3054040075104,0,0.9994910714285714,263.7850879031687,33973.000515325606,267.06776135180115,99.94897959183673,0.15831789676097863,99.38571428571427,0,0.0,0.00041591252887992304,0.00019210693058834425,0.00022380559829157868,-32319.72235162194,0,0,0
station_v0_bogota__TD3_vanilla_ts102__seed1__2022-04-06,2026-08-13T03:54:40.119781,2190ce39ddafeac3a25b4c59437e94459f2a2c57,station_v0_bogota,8,100,4.0,TD3_vanilla_ts102,rl,1,2022-04-06,96,0.4597,"reward=SqTrError_TrPenalty_UserIncentives,state=PublicPST,train_seed=102",12,-33.567542193355024,170.0035950127385,0,0.9807142857142856,229.95306287727968,20912.36138005997,247.05840705842775,98.71428571428572,4.264231873314086,84.57142857142857,0,0.0,0.0003734899780546675,0.00017511347465227852,0.0001983765034023889,-13012.067749597983,0,0,0
station_v0_bogota__TD3_vanilla_ts102__seed1__2022-05-21,2026-08-13T03:54:45.647599,2190ce39ddafeac3a25b4c59437e94459f2a2c57,station_v0_bogota,8,100,4.0,TD3_vanilla_ts102,rl,1,2022-05-21,96,0.5122,"reward=SqTrError_TrPenalty_UserIncentives,state=PublicPST,train_seed=102",14,-23.626652130090086,194.31540535031075,0,0.9920178571428572,242.78331681435796,30482.43862527796,265.42265748728175,99.54387755102042,1.6445728776861257,93.61428571428571,0,0.0,0.00040863402189242207,0.00019329305200286486,0.00021534096988955732,-25950.6838779909,0,0,0
station_v0_bogota__TD3_vanilla_ts102__seed1__2022-06-15,2026-08-13T03:54:51.099679,2190ce39ddafeac3a25b4c59437e94459f2a2c57,station_v0_bogota,8,100,4.0,TD3_vanilla_ts102,rl,1,2022-06-15,96,0.4316,"reward=SqTrError_TrPenalty_UserIncentives,state=PublicPST,train_seed=102",12,-30.082904060470867,158.08287104933817,0,0.9597589285714286,206.79082338333745,21611.007602481273,240.21078242721237,97.31309523809523,8.881346458127677,67.85714285714286,0,0.0,0.0003467428140750991,0.00017192100880679558,0.00017482180526830345,-13562.677914409565,0,0,0
station_v0_bogota__TD3_vanilla_ts102__seed1__2022-07-10,2026-08-13T03:54:56.533793,2190ce39ddafeac3a25b4c59437e94459f2a2c57,station_v0_bogota,8,100,4.0,TD3_vanilla_ts102,rl,1,2022-07-10,96,0.4237,"reward=SqTrError_TrPenalty_UserIncentives,state=PublicPST,train_seed=102",14,-31.76886282440172,188.00399239888992,0,0.9880714285714286,222.3228094715655,29655.835646571675,263.52797094690476,98.89897959183672,2.9402527820451123,88.85714285714286,0,0.0,0.00040442185501292615,0.0001924843950152085,0.0002119374599977176,-29771.25958793548,0,0,0
station_v0_bogota__TD3_vanilla_ts102__seed1__2022-08-24,2026-08-13T03:55:02.044199,2190ce39ddafeac3a25b4c59437e94459f2a2c57,station_v0_bogota,8,100,4.0,TD3_vanilla_ts102,rl,1,2022-08-24,96,0.4495,"reward=SqTrError_TrPenalty_UserIncentives,state=PublicPST,train_seed=102",12,-100.98196998170924,170.5780703639998,0,0.9817678571428572,234.04164292118793,21659.881784209134,249.5412669469916,98.7845238095238,4.031278465420076,85.41428571428571,0,0.0,0.00036692175485094204,0.00017457653473306904,0.00019234522011787295,-13009.942312952435,0,0,0
station_v0_bogota__TD3_vanilla_ts102__seed1__2022-09-17,2026-08-13T03:55:07.746214,2190ce39ddafeac3a25b4c59437e94459f2a2c57,station_v0_bogota,8,100,4.0,TD3_vanilla_ts102,rl,1,2022-09-17,96,0.5986,"reward=SqTrError_TrPenalty_UserIncentives,state=PublicPST,train_seed=102",14,-20.414583183570876,186.99657240513025,0,0.9869107142857143,242.04932080502363,31156.86990037879,258.6524190884245,98.80816326530612,3.1454243424447768,88.17142857142856,0,9.809375330680624,0.0004023725183499286,0.00019121560195058126,0.0002111569163993473,-32245.325825036867,0,0,0
station_v0_bogota__TD3_vanilla_ts102__seed1__2022-11-09,2026-08-13T03:55:13.374290,2190ce39ddafeac3a25b4c59437e94459f2a2c57,station_v0_bogota,8,100,4.0,TD3_vanilla_ts102,rl,1,2022-11-09,96,0.4919,"reward=SqTrError_TrPenalty_UserIncentives,state=PublicPST,train_seed=102",12,-23.646785471844865,171.63537454001764,0,0.9836607142857143,244.99671949470817,22295.509368701583,256.88659906217305,98.91071428571428,3.6127520037799887,86.92857142857143,0,0.0,0.0003679996323872081,0.00017450723571373912,0.000193492396673469,-13433.19508157024,0,0,0
station_v0_bogota__TD3_vanilla_ts102__seed2__2022-01-17,2026-08-13T03:55:18.903417,2190ce39ddafeac3a25b4c59437e94459f2a2c57,station_v0_bogota,8,100,4.0,TD3_vanilla_ts102,rl,2,2022-01-17,96,0.4312,"reward=SqTrError_TrPenalty_UserIncentives,state=PublicPST,train_seed=102",12,-35.47897337882096,171.06640464026194,0,0.9825892857142857,264.3888015421635,23893.487026604653,258.08844833453315,98.83928571428572,3.8496537745196573,86.07142857142858,0,0.0,0.00037430182276189004,0.00017499592512983952,0.00019930589763205052,-14840.67546757661,0,0,0
station_v0_bogota__TD3_vanilla_ts102__seed2__2022-02-14,2026-08-13T03:55:24.397908,2190ce39ddafeac3a25b4c59437e94459f2a2c57,station_v0_bogota,8,100,4.0,TD3_vanilla_ts102,rl,2,2022-02-14,96,0.437,"reward=SqTrError_TrPenalty_UserIncentives,state=PublicPST,train_seed=102",12,-35.070492133843764,171.1545006291247,0,0.9827857142857143,266.2200923898387,21264.607789421254,247.36908470344025,98.85238095238095,3.8062217832173877,86.22857142857143,0,0.0,0.0003679092069317478,0.0001741637435372247,0.0001937454633945231,-14794.26440114816,0,0,0
station_v0_bogota__TD3_vanilla_ts102__seed2__2022-03-05,2026-08-13T03:55:29.823925,2190ce39ddafeac3a25b4c59437e94459f2a2c57,station_v0_bogota,8,100,4.0,TD3_vanilla_ts102,rl,2,2022-03-05,96,0.4288,"reward=SqTrError_TrPenalty_UserIncentives,state=PublicPST,train_seed=102",14,-62.23633031890356,198.3054040075104,0,0.9994910714285714,263.7850879031687,33973.000515325606,267.06776135180115,99.94897959183673,0.15831789676097863,99.38571428571427,0,0.0,0.00041591252887992304,0.00019210693058834425,0.00022380559829157868,-32319.72235162194,0,0,0
station_v0_bogota__TD3_vanilla_ts102__seed2__2022-04-06,2026-08-13T03:55:35.322918,2190ce39ddafeac3a25b4c59437e94459f2a2c57,station_v0_bogota,8,100,4.0,TD3_vanilla_ts102,rl,2,2022-04-06,96,0.4288,"reward=SqTrError_TrPenalty_UserIncentives,state=PublicPST,train_seed=102",12,-33.567542193355024,170.0035950127385,0,0.9807142857142856,229.95306287727968,20912.36138005997,247.05840705842775,98.71428571428572,4.264231873314086,84.57142857142857,0,0.0,0.0003734899780546675,0.00017511347465227852,0.0001983765034023889,-13012.067749597983,0,0,0
station_v0_bogota__TD3_vanilla_ts102__seed2__2022-05-21,2026-08-13T03:55:40.792499,2190ce39ddafeac3a25b4c59437e94459f2a2c57,station_v0_bogota,8,100,4.0,TD3_vanilla_ts102,rl,2,2022-05-21,96,0.4273,"reward=SqTrError_TrPenalty_UserIncentives,state=PublicPST,train_seed=102",14,-23.626652130090086,194.31540535031075,0,0.9920178571428572,242.78331681435796,30482.43862527796,265.42265748728175,99.54387755102042,1.6445728776861257,93.61428571428571,0,0.0,0.00040863402189242207,0.00019329305200286486,0.00021534096988955732,-25950.6838779909,0,0,0
station_v0_bogota__TD3_vanilla_ts102__seed2__2022-06-15,2026-08-13T03:55:46.318128,2190ce39ddafeac3a25b4c59437e94459f2a2c57,station_v0_bogota,8,100,4.0,TD3_vanilla_ts102,rl,2,2022-06-15,96,0.4336,"reward=SqTrError_TrPenalty_UserIncentives,state=PublicPST,train_seed=102",12,-30.082904060470867,158.08287104933817,0,0.9597589285714286,206.79082338333745,21611.007602481273,240.21078242721237,97.31309523809523,8.881346458127677,67.85714285714286,0,0.0,0.0003467428140750991,0.00017192100880679558,0.00017482180526830345,-13562.677914409565,0,0,0
station_v0_bogota__TD3_vanilla_ts102__seed2__2022-07-10,2026-08-13T03:55:51.868433,2190ce39ddafeac3a25b4c59437e94459f2a2c57,station_v0_bogota,8,100,4.0,TD3_vanilla_ts102,rl,2,2022-07-10,96,0.5224,"reward=SqTrError_TrPenalty_UserIncentives,state=PublicPST,train_seed=102",14,-31.76886282440172,188.00399239888992,0,0.9880714285714286,222.3228094715655,29655.835646571675,263.52797094690476,98.89897959183672,2.9402527820451123,88.85714285714286,0,0.0,0.00040442185501292615,0.0001924843950152085,0.0002119374599977176,-29771.25958793548,0,0,0
station_v0_bogota__TD3_vanilla_ts102__seed2__2022-08-24,2026-08-13T03:55:57.324959,2190ce39ddafeac3a25b4c59437e94459f2a2c57,station_v0_bogota,8,100,4.0,TD3_vanilla_ts102,rl,2,2022-08-24,96,0.5568,"reward=SqTrError_TrPenalty_UserIncentives,state=PublicPST,train_seed=102",12,-100.98196998170924,170.5780703639998,0,0.9817678571428572,234.04164292118793,21659.881784209134,249.5412669469916,98.7845238095238,4.031278465420076,85.41428571428571,0,0.0,0.00036692175485094204,0.00017457653473306904,0.00019234522011787295,-13009.942312952435,0,0,0
station_v0_bogota__TD3_vanilla_ts102__seed2__2022-09-17,2026-08-13T03:56:02.975523,2190ce39ddafeac3a25b4c59437e94459f2a2c57,station_v0_bogota,8,100,4.0,TD3_vanilla_ts102,rl,2,2022-09-17,96,0.5077,"reward=SqTrError_TrPenalty_UserIncentives,state=PublicPST,train_seed=102",14,-20.414583183570876,186.99657240513025,0,0.9869107142857143,242.04932080502363,31156.86990037879,258.6524190884245,98.80816326530612,3.1454243424447768,88.17142857142856,0,9.809375330680624,0.0004023725183499286,0.00019121560195058126,0.0002111569163993473,-32245.325825036867,0,0,0
station_v0_bogota__TD3_vanilla_ts102__seed2__2022-11-09,2026-08-13T03:56:08.506283,2190ce39ddafeac3a25b4c59437e94459f2a2c57,station_v0_bogota,8,100,4.0,TD3_vanilla_ts102,rl,2,2022-11-09,96,0.4253,"reward=SqTrError_TrPenalty_UserIncentives,state=PublicPST,train_seed=102",12,-23.646785471844865,171.63537454001764,0,0.9836607142857143,244.99671949470817,22295.509368701583,256.88659906217305,98.91071428571428,3.6127520037799887,86.92857142857143,0,0.0,0.0003679996323872081,0.00017450723571373912,0.000193492396673469,-13433.19508157024,0,0,0
station_v0_bogota__TD3_vanilla_ts102__seed3__2022-01-17,2026-08-13T03:56:14.309147,2190ce39ddafeac3a25b4c59437e94459f2a2c57,station_v0_bogota,8,100,4.0,TD3_vanilla_ts102,rl,3,2022-01-17,96,0.4238,"reward=SqTrError_TrPenalty_UserIncentives,state=PublicPST,train_seed=102",12,-35.47897337882096,171.06640464026194,0,0.9825892857142857,264.3888015421635,23893.487026604653,258.08844833453315,98.83928571428572,3.8496537745196573,86.07142857142858,0,0.0,0.00037430182276189004,0.00017499592512983952,0.00019930589763205052,-14840.67546757661,0,0,0
station_v0_bogota__TD3_vanilla_ts102__seed3__2022-02-14,2026-08-13T03:56:19.787333,2190ce39ddafeac3a25b4c59437e94459f2a2c57,station_v0_bogota,8,100,4.0,TD3_vanilla_ts102,rl,3,2022-02-14,96,0.4331,"reward=SqTrError_TrPenalty_UserIncentives,state=PublicPST,train_seed=102",12,-35.070492133843764,171.1545006291247,0,0.9827857142857143,266.2200923898387,21264.607789421254,247.36908470344025,98.85238095238095,3.8062217832173877,86.22857142857143,0,0.0,0.0003679092069317478,0.0001741637435372247,0.0001937454633945231,-14794.26440114816,0,0,0
station_v0_bogota__TD3_vanilla_ts102__seed3__2022-03-05,2026-08-13T03:56:25.215997,2190ce39ddafeac3a25b4c59437e94459f2a2c57,station_v0_bogota,8,100,4.0,TD3_vanilla_ts102,rl,3,2022-03-05,96,0.4604,"reward=SqTrError_TrPenalty_UserIncentives,state=PublicPST,train_seed=102",14,-62.23633031890356,198.3054040075104,0,0.9994910714285714,263.7850879031687,33973.000515325606,267.06776135180115,99.94897959183673,0.15831789676097863,99.38571428571427,0,0.0,0.00041591252887992304,0.00019210693058834425,0.00022380559829157868,-32319.72235162194,0,0,0
station_v0_bogota__TD3_vanilla_ts102__seed3__2022-04-06,2026-08-13T03:56:30.743317,2190ce39ddafeac3a25b4c59437e94459f2a2c57,station_v0_bogota,8,100,4.0,TD3_vanilla_ts102,rl,3,2022-04-06,96,0.4341,"reward=SqTrError_TrPenalty_UserIncentives,state=PublicPST,train_seed=102",12,-33.567542193355024,170.0035950127385,0,0.9807142857142856,229.95306287727968,20912.36138005997,247.05840705842775,98.71428571428572,4.264231873314086,84.57142857142857,0,0.0,0.0003734899780546675,0.00017511347465227852,0.0001983765034023889,-13012.067749597983,0,0,0
station_v0_bogota__TD3_vanilla_ts102__seed3__2022-05-21,2026-08-13T03:56:36.468794,2190ce39ddafeac3a25b4c59437e94459f2a2c57,station_v0_bogota,8,100,4.0,TD3_vanilla_ts102,rl,3,2022-05-21,96,0.6266,"reward=SqTrError_TrPenalty_UserIncentives,state=PublicPST,train_seed=102",14,-23.626652130090086,194.31540535031075,0,0.9920178571428572,242.78331681435796,30482.43862527796,265.42265748728175,99.54387755102042,1.6445728776861257,93.61428571428571,0,0.0,0.00040863402189242207,0.00019329305200286486,0.00021534096988955732,-25950.6838779909,0,0,0
station_v0_bogota__TD3_vanilla_ts102__seed3__2022-06-15,2026-08-13T03:56:42.256545,2190ce39ddafeac3a25b4c59437e94459f2a2c57,station_v0_bogota,8,100,4.0,TD3_vanilla_ts102,rl,3,2022-06-15,96,0.5867,"reward=SqTrError_TrPenalty_UserIncentives,state=PublicPST,train_seed=102",12,-30.082904060470867,158.08287104933817,0,0.9597589285714286,206.79082338333745,21611.007602481273,240.21078242721237,97.31309523809523,8.881346458127677,67.85714285714286,0,0.0,0.0003467428140750991,0.00017192100880679558,0.00017482180526830345,-13562.677914409565,0,0,0
station_v0_bogota__TD3_vanilla_ts102__seed3__2022-07-10,2026-08-13T03:56:47.791965,2190ce39ddafeac3a25b4c59437e94459f2a2c57,station_v0_bogota,8,100,4.0,TD3_vanilla_ts102,rl,3,2022-07-10,96,0.461,"reward=SqTrError_TrPenalty_UserIncentives,state=PublicPST,train_seed=102",14,-31.76886282440172,188.00399239888992,0,0.9880714285714286,222.3228094715655,29655.835646571675,263.52797094690476,98.89897959183672,2.9402527820451123,88.85714285714286,0,0.0,0.00040442185501292615,0.0001924843950152085,0.0002119374599977176,-29771.25958793548,0,0,0
station_v0_bogota__TD3_vanilla_ts102__seed3__2022-08-24,2026-08-13T03:56:53.255154,2190ce39ddafeac3a25b4c59437e94459f2a2c57,station_v0_bogota,8,100,4.0,TD3_vanilla_ts102,rl,3,2022-08-24,96,0.4332,"reward=SqTrError_TrPenalty_UserIncentives,state=PublicPST,train_seed=102",12,-100.98196998170924,170.5780703639998,0,0.9817678571428572,234.04164292118793,21659.881784209134,249.5412669469916,98.7845238095238,4.031278465420076,85.41428571428571,0,0.0,0.00036692175485094204,0.00017457653473306904,0.00019234522011787295,-13009.942312952435,0,0,0
station_v0_bogota__TD3_vanilla_ts102__seed3__2022-09-17,2026-08-13T03:56:58.895729,2190ce39ddafeac3a25b4c59437e94459f2a2c57,station_v0_bogota,8,100,4.0,TD3_vanilla_ts102,rl,3,2022-09-17,96,0.4342,"reward=SqTrError_TrPenalty_UserIncentives,state=PublicPST,train_seed=102",14,-20.414583183570876,186.99657240513025,0,0.9869107142857143,242.04932080502363,31156.86990037879,258.6524190884245,98.80816326530612,3.1454243424447768,88.17142857142856,0,9.809375330680624,0.0004023725183499286,0.00019121560195058126,0.0002111569163993473,-32245.325825036867,0,0,0
station_v0_bogota__TD3_vanilla_ts102__seed3__2022-11-09,2026-08-13T03:57:04.501166,2190ce39ddafeac3a25b4c59437e94459f2a2c57,station_v0_bogota,8,100,4.0,TD3_vanilla_ts102,rl,3,2022-11-09,96,0.473,"reward=SqTrError_TrPenalty_UserIncentives,state=PublicPST,train_seed=102",12,-23.646785471844865,171.63537454001764,0,0.9836607142857143,244.99671949470817,22295.509368701583,256.88659906217305,98.91071428571428,3.6127520037799887,86.92857142857143,0,0.0,0.0003679996323872081,0.00017450723571373912,0.000193492396673469,-13433.19508157024,0,0,0
station_v0_bogota__TD3_vanilla_ts102__seed4__2022-01-17,2026-08-13T03:57:09.985895,2190ce39ddafeac3a25b4c59437e94459f2a2c57,station_v0_bogota,8,100,4.0,TD3_vanilla_ts102,rl,4,2022-01-17,96,0.4461,"reward=SqTrError_TrPenalty_UserIncentives,state=PublicPST,train_seed=102",12,-35.47897337882096,171.06640464026194,0,0.9825892857142857,264.3888015421635,23893.487026604653,258.08844833453315,98.83928571428572,3.8496537745196573,86.07142857142858,0,0.0,0.00037430182276189004,0.00017499592512983952,0.00019930589763205052,-14840.67546757661,0,0,0
station_v0_bogota__TD3_vanilla_ts102__seed4__2022-02-14,2026-08-13T03:57:15.450585,2190ce39ddafeac3a25b4c59437e94459f2a2c57,station_v0_bogota,8,100,4.0,TD3_vanilla_ts102,rl,4,2022-02-14,96,0.4333,"reward=SqTrError_TrPenalty_UserIncentives,state=PublicPST,train_seed=102",12,-35.070492133843764,171.1545006291247,0,0.9827857142857143,266.2200923898387,21264.607789421254,247.36908470344025,98.85238095238095,3.8062217832173877,86.22857142857143,0,0.0,0.0003679092069317478,0.0001741637435372247,0.0001937454633945231,-14794.26440114816,0,0,0
station_v0_bogota__TD3_vanilla_ts102__seed4__2022-03-05,2026-08-13T03:57:20.957319,2190ce39ddafeac3a25b4c59437e94459f2a2c57,station_v0_bogota,8,100,4.0,TD3_vanilla_ts102,rl,4,2022-03-05,96,0.4663,"reward=SqTrError_TrPenalty_UserIncentives,state=PublicPST,train_seed=102",14,-62.23633031890356,198.3054040075104,0,0.9994910714285714,263.7850879031687,33973.000515325606,267.06776135180115,99.94897959183673,0.15831789676097863,99.38571428571427,0,0.0,0.00041591252887992304,0.00019210693058834425,0.00022380559829157868,-32319.72235162194,0,0,0
station_v0_bogota__TD3_vanilla_ts102__seed4__2022-04-06,2026-08-13T03:57:26.682074,2190ce39ddafeac3a25b4c59437e94459f2a2c57,station_v0_bogota,8,100,4.0,TD3_vanilla_ts102,rl,4,2022-04-06,96,0.6082,"reward=SqTrError_TrPenalty_UserIncentives,state=PublicPST,train_seed=102",12,-33.567542193355024,170.0035950127385,0,0.9807142857142856,229.95306287727968,20912.36138005997,247.05840705842775,98.71428571428572,4.264231873314086,84.57142857142857,0,0.0,0.0003734899780546675,0.00017511347465227852,0.0001983765034023889,-13012.067749597983,0,0,0
station_v0_bogota__TD3_vanilla_ts102__seed4__2022-05-21,2026-08-13T03:57:32.454156,2190ce39ddafeac3a25b4c59437e94459f2a2c57,station_v0_bogota,8,100,4.0,TD3_vanilla_ts102,rl,4,2022-05-21,96,0.4578,"reward=SqTrError_TrPenalty_UserIncentives,state=PublicPST,train_seed=102",14,-23.626652130090086,194.31540535031075,0,0.9920178571428572,242.78331681435796,30482.43862527796,265.42265748728175,99.54387755102042,1.6445728776861257,93.61428571428571,0,0.0,0.00040863402189242207,0.00019329305200286486,0.00021534096988955732,-25950.6838779909,0,0,0
station_v0_bogota__TD3_vanilla_ts102__seed4__2022-06-15,2026-08-13T03:57:37.892345,2190ce39ddafeac3a25b4c59437e94459f2a2c57,station_v0_bogota,8,100,4.0,TD3_vanilla_ts102,rl,4,2022-06-15,96,0.4266,"reward=SqTrError_TrPenalty_UserIncentives,state=PublicPST,train_seed=102",12,-30.082904060470867,158.08287104933817,0,0.9597589285714286,206.79082338333745,21611.007602481273,240.21078242721237,97.31309523809523,8.881346458127677,67.85714285714286,0,0.0,0.0003467428140750991,0.00017192100880679558,0.00017482180526830345,-13562.677914409565,0,0,0
station_v0_bogota__TD3_vanilla_ts102__seed4__2022-07-10,2026-08-13T03:57:43.456363,2190ce39ddafeac3a25b4c59437e94459f2a2c57,station_v0_bogota,8,100,4.0,TD3_vanilla_ts102,rl,4,2022-07-10,96,0.4718,"reward=SqTrError_TrPenalty_UserIncentives,state=PublicPST,train_seed=102",14,-31.76886282440172,188.00399239888992,0,0.9880714285714286,222.3228094715655,29655.835646571675,263.52797094690476,98.89897959183672,2.9402527820451123,88.85714285714286,0,0.0,0.00040442185501292615,0.0001924843950152085,0.0002119374599977176,-29771.25958793548,0,0,0
station_v0_bogota__TD3_vanilla_ts102__seed4__2022-08-24,2026-08-13T03:57:48.914219,2190ce39ddafeac3a25b4c59437e94459f2a2c57,station_v0_bogota,8,100,4.0,TD3_vanilla_ts102,rl,4,2022-08-24,96,0.4342,"reward=SqTrError_TrPenalty_UserIncentives,state=PublicPST,train_seed=102",12,-100.98196998170924,170.5780703639998,0,0.9817678571428572,234.04164292118793,21659.881784209134,249.5412669469916,98.7845238095238,4.031278465420076,85.41428571428571,0,0.0,0.00036692175485094204,0.00017457653473306904,0.00019234522011787295,-13009.942312952435,0,0,0
station_v0_bogota__TD3_vanilla_ts102__seed4__2022-09-17,2026-08-13T03:57:54.421545,2190ce39ddafeac3a25b4c59437e94459f2a2c57,station_v0_bogota,8,100,4.0,TD3_vanilla_ts102,rl,4,2022-09-17,96,0.4837,"reward=SqTrError_TrPenalty_UserIncentives,state=PublicPST,train_seed=102",14,-20.414583183570876,186.99657240513025,0,0.9869107142857143,242.04932080502363,31156.86990037879,258.6524190884245,98.80816326530612,3.1454243424447768,88.17142857142856,0,9.809375330680624,0.0004023725183499286,0.00019121560195058126,0.0002111569163993473,-32245.325825036867,0,0,0
station_v0_bogota__TD3_vanilla_ts102__seed4__2022-11-09,2026-08-13T03:57:59.898530,2190ce39ddafeac3a25b4c59437e94459f2a2c57,station_v0_bogota,8,100,4.0,TD3_vanilla_ts102,rl,4,2022-11-09,96,0.4334,"reward=SqTrError_TrPenalty_UserIncentives,state=PublicPST,train_seed=102",12,-23.646785471844865,171.63537454001764,0,0.9836607142857143,244.99671949470817,22295.509368701583,256.88659906217305,98.91071428571428,3.6127520037799887,86.92857142857143,0,0.0,0.0003679996323872081,0.00017450723571373912,0.000193492396673469,-13433.19508157024,0,0,0
station_v0_bogota__RandomPolicy__seed0__2022-01-17,2026-08-13T03:58:05.312020,2190ce39ddafeac3a25b4c59437e94459f2a2c57,station_v0_bogota,8,100,4.0,RandomPolicy,rl,0,2022-01-17,96,0.2361,"reward=SqTrError_TrPenalty_UserIncentives,state=PublicPST,control=random_policy",16,-57.44680772525973,244.1250764164751,0,1.0,659.4836020312421,107415.2099118338,495.3266119855657,100.0,0.0,100.0,0,102.52174399189784,0.0005371631347782226,0.00026013622107562797,0.0002770269137025946,-70940.20236508398,0,0,0
station_v0_bogota__RandomPolicy__seed0__2022-02-14,2026-08-13T03:58:10.591336,2190ce39ddafeac3a25b4c59437e94459f2a2c57,station_v0_bogota,8,100,4.0,RandomPolicy,rl,0,2022-02-14,96,0.2187,"reward=SqTrError_TrPenalty_UserIncentives,state=PublicPST,control=random_policy",16,-54.21662708483322,244.1250764164751,0,1.0,646.8373542080421,104050.10742937427,490.45957316157364,100.0,0.0,100.0,0,102.52174399189784,0.0005371631347782226,0.00026013622107562797,0.0002770269137025946,-69377.03929264875,0,0,0
station_v0_bogota__RandomPolicy__seed0__2022-03-05,2026-08-13T03:58:15.829239,2190ce39ddafeac3a25b4c59437e94459f2a2c57,station_v0_bogota,8,100,4.0,RandomPolicy,rl,0,2022-03-05,96,0.221,"reward=SqTrError_TrPenalty_UserIncentives,state=PublicPST,control=random_policy",15,-74.40524860554214,229.45279950323447,0,1.0,477.94361839404405,54880.09651391108,392.6924872874358,100.0,0.0,100.0,0,5.470727320886965,0.0005155617008135714,0.0002414090385163542,0.00027415266229721745,-21295.52169442865,0,0,0
station_v0_bogota__RandomPolicy__seed0__2022-04-06,2026-08-13T03:58:21.238012,2190ce39ddafeac3a25b4c59437e94459f2a2c57,station_v0_bogota,8,100,4.0,RandomPolicy,rl,0,2022-04-06,96,0.3251,"reward=SqTrError_TrPenalty_UserIncentives,state=PublicPST,control=random_policy",16,-49.30022923952107,244.1250764164751,0,1.0,642.3955641076645,100706.82543924962,481.8941195985119,100.0,0.0,100.0,0,102.52174399189784,0.0005371631347782226,0.00026013622107562797,0.0002770269137025946,-68541.26158672376,0,0,0
station_v0_bogota__RandomPolicy__seed0__2022-05-21,2026-08-13T03:58:26.592345,2190ce39ddafeac3a25b4c59437e94459f2a2c57,station_v0_bogota,8,100,4.0,RandomPolicy,rl,0,2022-05-21,96,0.3351,"reward=SqTrError_TrPenalty_UserIncentives,state=PublicPST,control=random_policy",15,-32.169194069014615,229.45279950323447,0,1.0,468.51287743446767,55560.939082715915,393.1816803146247,100.0,0.0,100.0,0,5.470727320886965,0.0005155617008135714,0.0002414090385163542,0.00027415266229721745,-20276.42203045342,0,0,0
station_v0_bogota__RandomPolicy__seed0__2022-06-15,2026-08-13T03:58:32.055845,2190ce39ddafeac3a25b4c59437e94459f2a2c57,station_v0_bogota,8,100,4.0,RandomPolicy,rl,0,2022-06-15,96,0.2108,"reward=SqTrError_TrPenalty_UserIncentives,state=PublicPST,control=random_policy",16,-51.72613830051853,244.1250764164751,0,1.0,656.5271992574152,103929.10428966265,490.79132166962546,100.0,0.0,100.0,0,102.52174399189784,0.0005371631347782226,0.00026013622107562797,0.0002770269137025946,-69371.82736599048,0,0,0
station_v0_bogota__RandomPolicy__seed0__2022-07-10,2026-08-13T03:58:37.292364,2190ce39ddafeac3a25b4c59437e94459f2a2c57,station_v0_bogota,8,100,4.0,RandomPolicy,rl,0,2022-07-10,96,0.2166,"reward=SqTrError_TrPenalty_UserIncentives,state=PublicPST,control=random_policy",15,-44.87695566458079,229.45279950323447,0,1.0,475.9619068470959,54358.24322682504,400.2444029894939,100.0,0.0,100.0,0,5.470727320886965,0.0005155617008135714,0.0002414090385163542,0.00027415266229721745,-21320.35482398577,0,0,0
station_v0_bogota__RandomPolicy__seed0__2022-08-24,2026-08-13T03:58:42.654922,2190ce39ddafeac3a25b4c59437e94459f2a2c57,station_v0_bogota,8,100,4.0,RandomPolicy,rl,0,2022-08-24,96,0.2279,"reward=SqTrError_TrPenalty_UserIncentives,state=PublicPST,control=random_policy",16,-157.49111677528103,244.1250764164751,0,1.0,645.0962655386018,101926.6205675581,482.19362243622174,100.0,0.0,100.0,0,102.52174399189784,0.0005371631347782226,0.00026013622107562797,0.0002770269137025946,-68545.72155569606,0,0,0
station_v0_bogota__RandomPolicy__seed0__2022-09-17,2026-08-13T03:58:48.102950,2190ce39ddafeac3a25b4c59437e94459f2a2c57,station_v0_bogota,8,100,4.0,RandomPolicy,rl,0,2022-09-17,96,0.2398,"reward=SqTrError_TrPenalty_UserIncentives,state=PublicPST,control=random_policy",15,-28.249615537638228,229.45279950323447,0,1.0,502.70972954646976,58080.907987546576,410.4622149138689,100.0,0.0,100.0,0,5.470727320886965,0.0005155617008135714,0.0002414090385163542,0.00027415266229721745,-25125.778982949367,0,0,0
station_v0_bogota__RandomPolicy__seed0__2022-11-09,2026-08-13T03:58:53.447597,2190ce39ddafeac3a25b4c59437e94459f2a2c57,station_v0_bogota,8,100,4.0,RandomPolicy,rl,0,2022-11-09,96,0.2425,"reward=SqTrError_TrPenalty_UserIncentives,state=PublicPST,control=random_policy",16,-39.18967062250842,244.1250764164751,0,1.0,651.2069147194609,104193.65988290592,488.7233212306632,100.0,0.0,100.0,0,102.52174399189784,0.0005371631347782226,0.00026013622107562797,0.0002770269137025946,-69268.06128833351,0,0,0
station_v0_bogota__RandomPolicy__seed1__2022-01-17,2026-08-13T03:58:58.758523,2190ce39ddafeac3a25b4c59437e94459f2a2c57,station_v0_bogota,8,100,4.0,RandomPolicy,rl,1,2022-01-17,96,0.2128,"reward=SqTrError_TrPenalty_UserIncentives,state=PublicPST,control=random_policy",13,-40.377554348379796,176.57188312361825,0,1.0,304.35913723737775,27520.461862995115,279.1579102756828,100.0,0.0,100.0,0,0.0,0.0004217114384888137,0.0002253558241476503,0.00019635561434116336,-9642.733336615607,0,0,0
station_v0_bogota__RandomPolicy__seed1__2022-02-14,2026-08-13T03:59:04.151064,2190ce39ddafeac3a25b4c59437e94459f2a2c57,station_v0_bogota,8,100,4.0,RandomPolicy,rl,1,2022-02-14,96,0.2379,"reward=SqTrError_TrPenalty_UserIncentives,state=PublicPST,control=random_policy",13,-38.51418469788682,176.57188312361825,0,1.0,303.88421133640014,25940.83079912629,273.51653089204706,100.0,0.0,100.0,0,0.0,0.0004217114384888137,0.0002253558241476503,0.00019635561434116336,-9841.531471472195,0,0,0
station_v0_bogota__RandomPolicy__seed1__2022-03-05,2026-08-13T03:59:09.372014,2190ce39ddafeac3a25b4c59437e94459f2a2c57,station_v0_bogota,8,100,4.0,RandomPolicy,rl,1,2022-03-05,96,0.2129,"reward=SqTrError_TrPenalty_UserIncentives,state=PublicPST,control=random_policy",13,-48.10592546964519,165.03668726913497,0,1.0,265.8307031544797,22375.35931876937,239.11367026367324,100.0,0.0,100.0,0,0.0,0.0004045338788213358,0.0002262052745704214,0.00017832860425091442,-13818.30362054295,0,0,0
station_v0_bogota__RandomPolicy__seed1__2022-04-06,2026-08-13T03:59:14.593279,2190ce39ddafeac3a25b4c59437e94459f2a2c57,station_v0_bogota,8,100,4.0,RandomPolicy,rl,1,2022-04-06,96,0.2414,"reward=SqTrError_TrPenalty_UserIncentives,state=PublicPST,control=random_policy",13,-34.23174526880746,176.57188312361825,0,1.0,289.95314573023535,27129.15177073445,272.7893439630311,100.0,0.0,100.0,0,0.0,0.0004217114384888137,0.0002253558241476503,0.00019635561434116336,-9319.155041611244,0,0,0
station_v0_bogota__RandomPolicy__seed1__2022-05-21,2026-08-13T03:59:19.942570,2190ce39ddafeac3a25b4c59437e94459f2a2c57,station_v0_bogota,8,100,4.0,RandomPolicy,rl,1,2022-05-21,96,0.3113,"reward=SqTrError_TrPenalty_UserIncentives,state=PublicPST,control=random_policy",13,-17.42155590754877,165.03668726913497,0,1.0,253.22949799380072,25493.27665200542,246.93897948982786,100.0,0.0,100.0,0,0.0,0.0004045338788213358,0.0002262052745704214,0.00017832860425091442,-16269.409139923533,0,0,0
station_v0_bogota__RandomPolicy__seed1__2022-06-15,2026-08-13T03:59:25.398554,2190ce39ddafeac3a25b4c59437e94459f2a2c57,station_v0_bogota,8,100,4.0,RandomPolicy,rl,1,2022-06-15,96,0.214,"reward=SqTrError_TrPenalty_UserIncentives,state=PublicPST,control=random_policy",13,-35.1776496608632,176.57188312361825,0,1.0,344.432287864531,32562.470858686764,299.83477253112244,100.0,0.0,100.0,0,0.0,0.0004217114384888137,0.0002253558241476503,0.00019635561434116336,-11486.524923039924,0,0,0
station_v0_bogota__RandomPolicy__seed1__2022-07-10,2026-08-13T03:59:30.670127,2190ce39ddafeac3a25b4c59437e94459f2a2c57,station_v0_bogota,8,100,4.0,RandomPolicy,rl,1,2022-07-10,96,0.2099,"reward=SqTrError_TrPenalty_UserIncentives,state=PublicPST,control=random_policy",11,-38.52154786824569,210.8298018984391,0,1.0,349.60570053622513,39830.17087025749,332.3376843825091,100.0,0.0,100.0,0,0.0,0.0004348767966817958,0.00016593409918612184,0.000268942697495674,-16099.395657647929,0,0,0
station_v0_bogota__RandomPolicy__seed1__2022-08-24,2026-08-13T03:59:35.862153,2190ce39ddafeac3a25b4c59437e94459f2a2c57,station_v0_bogota,8,100,4.0,RandomPolicy,rl,1,2022-08-24,96,0.2127,"reward=SqTrError_TrPenalty_UserIncentives,state=PublicPST,control=random_policy",13,-107.56598817095113,176.57188312361825,0,1.0,312.74819509705543,29640.46110075117,283.1413677176217,100.0,0.0,100.0,0,0.0,0.0004217114384888137,0.0002253558241476503,0.00019635561434116336,-10355.506103345404,0,0,0
station_v0_bogota__RandomPolicy__seed1__2022-09-17,2026-08-13T03:59:41.146918,2190ce39ddafeac3a25b4c59437e94459f2a2c57,station_v0_bogota,8,100,4.0,RandomPolicy,rl,1,2022-09-17,96,0.225,"reward=SqTrError_TrPenalty_UserIncentives,state=PublicPST,control=random_policy",13,-13.674393578880542,165.03668726913497,0,1.0,266.5546626118191,26264.946178293125,254.7209394019422,100.0,0.0,100.0,0,0.0,0.0004045338788213358,0.0002262052745704214,0.00017832860425091442,-15010.464413410988,0,0,0
station_v0_bogota__RandomPolicy__seed1__2022-11-09,2026-08-13T03:59:46.368785,2190ce39ddafeac3a25b4c59437e94459f2a2c57,station_v0_bogota,8,100,4.0,RandomPolicy,rl,1,2022-11-09,96,0.2116,"reward=SqTrError_TrPenalty_UserIncentives,state=PublicPST,control=random_policy",13,-26.68565412300997,176.57188312361825,0,1.0,320.93739263644085,30704.664337590923,288.7953322123008,100.0,0.0,100.0,0,0.0,0.0004217114384888137,0.0002253558241476503,0.00019635561434116336,-10601.255130206513,0,0,0
station_v0_bogota__RandomPolicy__seed2__2022-01-17,2026-08-13T03:59:51.635458,2190ce39ddafeac3a25b4c59437e94459f2a2c57,station_v0_bogota,8,100,4.0,RandomPolicy,rl,2,2022-01-17,96,0.2083,"reward=SqTrError_TrPenalty_UserIncentives,state=PublicPST,control=random_policy",14,-42.78493600120761,188.29194279368838,0,1.0,328.94208214359196,28189.355692209854,284.30858394756643,100.0,0.0,100.0,0,0.0,0.00045204869194607274,0.00023753395910193728,0.0002145147328441354,-13424.836805874345,0,0,0
station_v0_bogota__RandomPolicy__seed2__2022-02-14,2026-08-13T03:59:56.823767,2190ce39ddafeac3a25b4c59437e94459f2a2c57,station_v0_bogota,8,100,4.0,RandomPolicy,rl,2,2022-02-14,96,0.2071,"reward=SqTrError_TrPenalty_UserIncentives,state=PublicPST,control=random_policy",14,-39.62605955507919,188.29194279368838,0,1.0,342.1144499595641,28140.52087182657,285.34276232707487,100.0,0.0,100.0,0,0.0,0.00045204869194607274,0.00023753395910193728,0.0002145147328441354,-14326.548262072616,0,0,0
station_v0_bogota__RandomPolicy__seed2__2022-03-05,2026-08-13T04:00:02.074691,2190ce39ddafeac3a25b4c59437e94459f2a2c57,station_v0_bogota,8,100,4.0,RandomPolicy,rl,2,2022-03-05,96,0.2119,"reward=SqTrError_TrPenalty_UserIncentives,state=PublicPST,control=random_policy",13,-50.48572766775841,181.3656801699889,0,1.0,297.2328774794842,34639.9507861489,278.010235558342,100.0,0.0,100.0,0,0.0,0.0003989585509479493,0.00019917682727998173,0.00019978172366796765,-19322.665245850825,0,0,0
station_v0_bogota__RandomPolicy__seed2__2022-04-06,2026-08-13T04:00:07.368746,2190ce39ddafeac3a25b4c59437e94459f2a2c57,station_v0_bogota,8,100,4.0,RandomPolicy,rl,2,2022-04-06,96,0.2063,"reward=SqTrError_TrPenalty_UserIncentives,state=PublicPST,control=random_policy",14,-37.9096220971382,188.29194279368838,0,1.0,332.0344844502498,26071.96218839409,276.1545620573394,100.0,0.0,100.0,0,0.0,0.00045204869194607274,0.00023753395910193728,0.0002145147328441354,-12753.716554015029,0,0,0
station_v0_bogota__RandomPolicy__seed2__2022-05-21,2026-08-13T04:00:12.633868,2190ce39ddafeac3a25b4c59437e94459f2a2c57,station_v0_bogota,8,100,4.0,RandomPolicy,rl,2,2022-05-21,96,0.2156,"reward=SqTrError_TrPenalty_UserIncentives,state=PublicPST,control=random_policy",13,-18.572241343338952,181.3656801699889,0,1.0,308.75957017405466,41274.78019986832,288.74458349819975,100.0,0.0,100.0,0,0.0,0.0003989585509479493,0.00019917682727998173,0.00019978172366796765,-20218.08092558421,0,0,0
station_v0_bogota__RandomPolicy__seed2__2022-06-15,2026-08-13T04:00:17.840518,2190ce39ddafeac3a25b4c59437e94459f2a2c57,station_v0_bogota,8,100,4.0,RandomPolicy,rl,2,2022-06-15,96,0.2138,"reward=SqTrError_TrPenalty_UserIncentives,state=PublicPST,control=random_policy",14,-39.62614208327937,188.29194279368838,0,1.0,320.33058662599905,28318.200647473597,287.50640782854276,100.0,0.0,100.0,0,0.0,0.00045204869194607274,0.00023753395910193728,0.0002145147328441354,-12865.330567411394,0,0,0
station_v0_bogota__RandomPolicy__seed2__2022-07-10,2026-08-13T04:00:23.200577,2190ce39ddafeac3a25b4c59437e94459f2a2c57,station_v0_bogota,8,100,4.0,RandomPolicy,rl,2,2022-07-10,96,0.2427,"reward=SqTrError_TrPenalty_UserIncentives,state=PublicPST,control=random_policy",14,-41.778468481366744,246.30873878113232,0,1.0,348.36873074709837,36869.4285846941,350.85589294446874,100.0,0.0,100.0,0,0.0,0.0005209966144870613,0.00022572212966460035,0.00029527448482246087,-11705.198966460654,0,0,0
station_v0_bogota__RandomPolicy__seed2__2022-08-24,2026-08-13T04:00:28.513684,2190ce39ddafeac3a25b4c59437e94459f2a2c57,station_v0_bogota,8,100,4.0,RandomPolicy,rl,2,2022-08-24,96,0.2451,"reward=SqTrError_TrPenalty_UserIncentives,state=PublicPST,control=random_policy",14,-117.58327277918346,188.29194279368838,0,1.0,315.3269510746615,26446.485146665047,276.37184554457923,100.0,0.0,100.0,0,0.0,0.00045204869194607274,0.00023753395910193728,0.0002145147328441354,-12453.390949136738,0,0,0
station_v0_bogota__RandomPolicy__seed2__2022-09-17,2026-08-13T04:00:33.712790,2190ce39ddafeac3a25b4c59437e94459f2a2c57,station_v0_bogota,8,100,4.0,RandomPolicy,rl,2,2022-09-17,96,0.2061,"reward=SqTrError_TrPenalty_UserIncentives,state=PublicPST,control=random_policy",13,-14.182565354306275,181.3656801699889,0,1.0,333.1049708119719,43443.51841809407,304.26358227504875,100.0,0.0,100.0,0,0.0,0.0003989585509479493,0.00019917682727998173,0.00019978172366796765,-19788.300988892777,0,0,0
station_v0_bogota__RandomPolicy__seed2__2022-11-09,2026-08-13T04:00:38.937934,2190ce39ddafeac3a25b4c59437e94459f2a2c57,station_v0_bogota,8,100,4.0,RandomPolicy,rl,2,2022-11-09,96,0.2113,"reward=SqTrError_TrPenalty_UserIncentives,state=PublicPST,control=random_policy",14,-28.977057737611005,188.29194279368838,0,1.0,317.12144889124716,27370.349498858013,280.92438660411676,100.0,0.0,100.0,0,0.0,0.00045204869194607274,0.00023753395910193728,0.0002145147328441354,-12867.731647997238,0,0,0
station_v0_bogota__RandomPolicy__seed3__2022-01-17,2026-08-13T04:00:44.358919,2190ce39ddafeac3a25b4c59437e94459f2a2c57,station_v0_bogota,8,100,4.0,RandomPolicy,rl,3,2022-01-17,96,0.2141,"reward=SqTrError_TrPenalty_UserIncentives,state=PublicPST,control=random_policy",14,-40.826249973375866,173.64160846455803,0,1.0,359.7616546005649,34825.16973189041,311.68687665273586,100.0,0.0,100.0,0,0.0,0.0004272682086740435,0.00024279566081745533,0.0001844725478565881,-16999.66235831183,0,0,0
station_v0_bogota__RandomPolicy__seed3__2022-02-14,2026-08-13T04:00:49.624739,2190ce39ddafeac3a25b4c59437e94459f2a2c57,station_v0_bogota,8,100,4.0,RandomPolicy,rl,3,2022-02-14,96,0.2154,"reward=SqTrError_TrPenalty_UserIncentives,state=PublicPST,control=random_policy",14,-35.60720908138544,173.64160846455803,0,1.0,372.21766033072254,36374.42362489463,315.5132391652131,100.0,0.0,100.0,0,0.0,0.0004272682086740435,0.00024279566081745533,0.0001844725478565881,-16669.27389412343,0,0,0
station_v0_bogota__RandomPolicy__seed3__2022-03-05,2026-08-13T04:00:54.897924,2190ce39ddafeac3a25b4c59437e94459f2a2c57,station_v0_bogota,8,100,4.0,RandomPolicy,rl,3,2022-03-05,96,0.2131,"reward=SqTrError_TrPenalty_UserIncentives,state=PublicPST,control=random_policy",12,-48.23333070060353,160.59567778887123,0,1.0,243.22145764495193,21605.88780046944,245.99920343925763,100.0,0.0,100.0,0,0.0,0.00037473045667461,0.0001949821474442471,0.00017974830923036286,-9638.227891437557,0,0,0
station_v0_bogota__RandomPolicy__seed3__2022-04-06,2026-08-13T04:01:00.243612,2190ce39ddafeac3a25b4c59437e94459f2a2c57,station_v0_bogota,8,100,4.0,RandomPolicy,rl,3,2022-04-06,96,0.2184,"reward=SqTrError_TrPenalty_UserIncentives,state=PublicPST,control=random_policy",14,-34.26001305730683,173.64160846455803,0,1.0,348.16112129363825,32906.49208354474,304.2065147987029,100.0,0.0,100.0,0,0.0,0.0004272682086740435,0.00024279566081745533,0.0001844725478565881,-16386.000291523887,0,0,0
station_v0_bogota__RandomPolicy__seed3__2022-05-21,2026-08-13T04:01:05.402118,2190ce39ddafeac3a25b4c59437e94459f2a2c57,station_v0_bogota,8,100,4.0,RandomPolicy,rl,3,2022-05-21,96,0.2201,"reward=SqTrError_TrPenalty_UserIncentives,state=PublicPST,control=random_policy",12,-18.73091030669563,160.59567778887123,0,1.0,242.48606880651172,21601.115057813797,246.90998051495822,100.0,0.0,100.0,0,0.0,0.00037473045667461,0.0001949821474442471,0.00017974830923036286,-8989.689682732516,0,0,0
station_v0_bogota__RandomPolicy__seed3__2022-06-15,2026-08-13T04:01:10.596376,2190ce39ddafeac3a25b4c59437e94459f2a2c57,station_v0_bogota,8,100,4.0,RandomPolicy,rl,3,2022-06-15,96,0.2147,"reward=SqTrError_TrPenalty_UserIncentives,state=PublicPST,control=random_policy",14,-35.61032690909476,173.64160846455803,0,1.0,350.66558967375954,34097.202332558736,308.2986493677958,100.0,0.0,100.0,0,0.0,0.0004272682086740435,0.00024279566081745533,0.0001844725478565881,-15874.07348807654,0,0,0
station_v0_bogota__RandomPolicy__seed3__2022-07-10,2026-08-13T04:01:15.871424,2190ce39ddafeac3a25b4c59437e94459f2a2c57,station_v0_bogota,8,100,4.0,RandomPolicy,rl,3,2022-07-10,96,0.2313,"reward=SqTrError_TrPenalty_UserIncentives,state=PublicPST,control=random_policy",12,-24.93027952801944,160.59567778887123,0,1.0,236.64049518350728,20854.896383280004,240.29230559533158,100.0,0.0,100.0,0,0.0,0.00037473045667461,0.0001949821474442471,0.00017974830923036286,-9343.228400831837,0,0,0
station_v0_bogota__RandomPolicy__seed3__2022-08-24,2026-08-13T04:01:21.140942,2190ce39ddafeac3a25b4c59437e94459f2a2c57,station_v0_bogota,8,100,4.0,RandomPolicy,rl,3,2022-08-24,96,0.2153,"reward=SqTrError_TrPenalty_UserIncentives,state=PublicPST,control=random_policy",14,-108.7753279187229,173.64160846455803,0,1.0,348.3236732910585,33920.73447740095,308.4824633676941,100.0,0.0,100.0,0,0.0,0.0004272682086740435,0.00024279566081745533,0.0001844725478565881,-16273.577999904348,0,0,0
station_v0_bogota__RandomPolicy__seed3__2022-09-17,2026-08-13T04:01:26.460773,2190ce39ddafeac3a25b4c59437e94459f2a2c57,station_v0_bogota,8,100,4.0,RandomPolicy,rl,3,2022-09-17,96,0.2327,"reward=SqTrError_TrPenalty_UserIncentives,state=PublicPST,control=random_policy",12,-13.870155917295516,160.59567778887123,0,1.0,258.8969946930744,22791.206957744955,249.4025369838774,100.0,0.0,100.0,0,0.0,0.00037473045667461,0.0001949821474442471,0.00017974830923036286,-10486.20399846539,0,0,0
station_v0_bogota__RandomPolicy__seed3__2022-11-09,2026-08-13T04:01:31.820026,2190ce39ddafeac3a25b4c59437e94459f2a2c57,station_v0_bogota,8,100,4.0,RandomPolicy,rl,3,2022-11-09,96,0.2177,"reward=SqTrError_TrPenalty_UserIncentives,state=PublicPST,control=random_policy",14,-27.010282020158872,173.64160846455803,0,1.0,352.74964250119666,34935.254057229984,311.8919764010632,100.0,0.0,100.0,0,0.0,0.0004272682086740435,0.00024279566081745533,0.0001844725478565881,-16483.506653891814,0,0,0
station_v0_bogota__RandomPolicy__seed4__2022-01-17,2026-08-13T04:01:37.091189,2190ce39ddafeac3a25b4c59437e94459f2a2c57,station_v0_bogota,8,100,4.0,RandomPolicy,rl,4,2022-01-17,96,0.2212,"reward=SqTrError_TrPenalty_UserIncentives,state=PublicPST,control=random_policy",15,-62.6846813278256,265.70302318178454,0,1.0,362.8911705482354,45559.22068638619,383.43630298993537,100.0,0.0,100.0,0,0.0,0.0005710335722700334,0.00024542377048515185,0.0003256098017848817,-22725.401666023794,0,0,0
station_v0_bogota__RandomPolicy__seed4__2022-02-14,2026-08-13T04:01:42.431626,2190ce39ddafeac3a25b4c59437e94459f2a2c57,station_v0_bogota,8,100,4.0,RandomPolicy,rl,4,2022-02-14,96,0.2177,"reward=SqTrError_TrPenalty_UserIncentives,state=PublicPST,control=random_policy",15,-54.49653986394101,265.70302318178454,0,1.0,362.7120701072497,49361.98165254197,399.73714516520477,100.0,0.0,100.0,0,0.0,0.0005710335722700334,0.00024542377048515185,0.0003256098017848817,-23917.399285478506,0,0,0
station_v0_bogota__RandomPolicy__seed4__2022-03-05,2026-08-13T04:01:47.666985,2190ce39ddafeac3a25b4c59437e94459f2a2c57,station_v0_bogota,8,100,4.0,RandomPolicy,rl,4,2022-03-05,96,0.2117,"reward=SqTrError_TrPenalty_UserIncentives,state=PublicPST,control=random_policy",13,-63.377197531566985,203.8723127745202,0,1.0,380.47485685583985,45135.994430102764,347.791649583025,100.0,0.0,100.0,0,0.0,0.0004397148169468533,0.0002034457339352185,0.00023626908301163478,-20776.981182105825,0,0,0
station_v0_bogota__RandomPolicy__seed4__2022-04-06,2026-08-13T04:01:52.919456,2190ce39ddafeac3a25b4c59437e94459f2a2c57,station_v0_bogota,8,100,4.0,RandomPolicy,rl,4,2022-04-06,96,0.2363,"reward=SqTrError_TrPenalty_UserIncentives,state=PublicPST,control=random_policy",15,-55.37865910939762,265.70302318178454,0,1.0,334.1442858188057,42720.49310554926,375.3525251804534,100.0,0.0,100.0,0,0.0,0.0005710335722700334,0.00024542377048515185,0.0003256098017848817,-22298.804220788483,0,0,0
station_v0_bogota__RandomPolicy__seed4__2022-05-21,2026-08-13T04:01:58.222000,2190ce39ddafeac3a25b4c59437e94459f2a2c57,station_v0_bogota,8,100,4.0,RandomPolicy,rl,4,2022-05-21,96,0.2024,"reward=SqTrError_TrPenalty_UserIncentives,state=PublicPST,control=random_policy",13,-25.51707463034949,203.8723127745202,0,1.0,378.1380307747854,43419.874978911546,337.37973244678955,100.0,0.0,100.0,0,0.0,0.0004397148169468533,0.0002034457339352185,0.00023626908301163478,-20442.515413771598,0,0,0
station_v0_bogota__RandomPolicy__seed4__2022-06-15,2026-08-13T04:02:03.419290,2190ce39ddafeac3a25b4c59437e94459f2a2c57,station_v0_bogota,8,100,4.0,RandomPolicy,rl,4,2022-06-15,96,0.2152,"reward=SqTrError_TrPenalty_UserIncentives,state=PublicPST,control=random_policy",15,-59.170858513167744,265.70302318178454,0,1.0,340.96846835136586,44363.27769060633,384.21211487543593,100.0,0.0,100.0,0,0.0,0.0005710335722700334,0.00024542377048515185,0.0003256098017848817,-22478.75722864522,0,0,0
station_v0_bogota__RandomPolicy__seed4__2022-07-10,2026-08-13T04:02:08.650744,2190ce39ddafeac3a25b4c59437e94459f2a2c57,station_v0_bogota,8,100,4.0,RandomPolicy,rl,4,2022-07-10,96,0.2307,"reward=SqTrError_TrPenalty_UserIncentives,state=PublicPST,control=random_policy",13,-35.74312176354607,203.8723127745202,0,1.0,371.68797225845594,43102.65620653554,343.39998596748455,100.0,0.0,100.0,0,0.0,0.0004397148169468533,0.0002034457339352185,0.00023626908301163478,-21383.493749374255,0,0,0
station_v0_bogota__RandomPolicy__seed4__2022-08-24,2026-08-13T04:02:14.030202,2190ce39ddafeac3a25b4c59437e94459f2a2c57,station_v0_bogota,8,100,4.0,RandomPolicy,rl,4,2022-08-24,96,0.2168,"reward=SqTrError_TrPenalty_UserIncentives,state=PublicPST,control=random_policy",15,-177.60898714808806,265.70302318178454,0,1.0,329.05437606611184,42941.36742890587,378.39588479852324,100.0,0.0,100.0,0,0.0,0.0005710335722700334,0.00024542377048515185,0.0003256098017848817,-22151.827172072975,0,0,0
station_v0_bogota__RandomPolicy__seed4__2022-09-17,2026-08-13T04:02:19.364417,2190ce39ddafeac3a25b4c59437e94459f2a2c57,station_v0_bogota,8,100,4.0,RandomPolicy,rl,4,2022-09-17,96,0.2212,"reward=SqTrError_TrPenalty_UserIncentives,state=PublicPST,control=random_policy",13,-23.666550135012614,203.8723127745202,0,1.0,417.5427649205837,46927.44720616807,352.652641036603,100.0,0.0,100.0,0,0.0,0.0004397148169468533,0.0002034457339352185,0.00023626908301163478,-24072.33273925895,0,0,0
station_v0_bogota__RandomPolicy__seed4__2022-11-09,2026-08-13T04:02:24.742832,2190ce39ddafeac3a25b4c59437e94459f2a2c57,station_v0_bogota,8,100,4.0,RandomPolicy,rl,4,2022-11-09,96,0.2415,"reward=SqTrError_TrPenalty_UserIncentives,state=PublicPST,control=random_policy",15,-43.304545244813596,265.70302318178454,0,1.0,337.90707185280536,43134.98373066273,380.89913286956244,100.0,0.0,100.0,0,0.0,0.0005710335722700334,0.00024542377048515185,0.0003256098017848817,-22328.850816878366,0,0,0
