run_id,config_name,setting,algorithm,seed,eval_day,day_type,lib_voltage_violation,lib_voltage_violation_counter,n_steps,n_bus_steps_outside,n_steps_any_bus_outside,min_voltage_pu,max_voltage_pu,worst_bus,excursion_pu_steps,station_bus_min_voltage_pu,station_bus_steps_outside
station_v0_bogota_grid__ChargeAsFastAsPossible__seed0__2022-01-17,station_v0_bogota_grid,base,ChargeAsFastAsPossible,0,2022-01-17,weekday,-0.1035298334717299,38,96,38,9,0.9439876272580844,1.0,27,0.1035298334717284,0.9439876272580844,9
station_v0_bogota_grid__TD3_vanilla_extended_ts102__seed0__2022-01-17,station_v0_bogota_grid,base,TD3_vanilla_extended_ts102,0,2022-01-17,weekday,-0.1035303222112846,38,96,38,9,0.943850245673203,1.0,27,0.1035303222112831,0.943850245673203,9
station_v0_bogota_grid__RoundRobin__seed0__2022-03-05,station_v0_bogota_grid,base,RoundRobin,0,2022-03-05,weekend,0.0,0,96,0,0,0.953043058633759,1.0,27,0.0,0.953043058633759,0
station_v0_bogota_grid__Optimal_Oracle_Tracking__seed0__2022-03-05,station_v0_bogota_grid,base,Optimal_Oracle_Tracking,0,2022-03-05,weekend,0.0,0,96,0,0,0.9533740345945596,1.0,27,0.0,0.9533740345945596,0
station_v0_bogota_grid__MPC_TrackingG2V__seed1__2022-01-17,station_v0_bogota_grid,base,MPC_TrackingG2V,1,2022-01-17,weekday,-1.058080597498194,153,96,153,29,0.9313626902595772,1.0,27,1.0580805974981875,0.9313626902595772,29
station_v0_bogota_grid__ChargeAsFastAsPossible__seed1__2022-03-05,station_v0_bogota_grid,base,ChargeAsFastAsPossible,1,2022-03-05,weekend,-0.7218245169093647,118,96,118,21,0.9370953275934136,1.0,27,0.7218245169093597,0.9370953275934136,21
station_v0_bogota_grid__TD3_vanilla_extended_ts102__seed1__2022-03-05,station_v0_bogota_grid,base,TD3_vanilla_extended_ts102,1,2022-03-05,weekend,-0.7218245169093647,118,96,118,21,0.9370953275934136,1.0,27,0.7218245169093597,0.9370953275934136,21
station_v0_bogota_grid__RoundRobin__seed2__2022-01-17,station_v0_bogota_grid,base,RoundRobin,2,2022-01-17,weekday,-0.220536504561085,50,96,50,10,0.9411885944507355,1.0,27,0.2205365045610829,0.9411885944507355,10
station_v0_bogota_grid__Optimal_Oracle_Tracking__seed2__2022-01-17,station_v0_bogota_grid,base,Optimal_Oracle_Tracking,2,2022-01-17,weekday,-0.2179737711633539,49,96,49,10,0.9413593308913658,1.0,27,0.2179737711633519,0.9413593308913658,10
station_v0_bogota_grid__MPC_TrackingG2V__seed2__2022-03-05,station_v0_bogota_grid,base,MPC_TrackingG2V,2,2022-03-05,weekend,0.0,0,96,0,0,0.9548584336134948,1.0036917368904548,27,0.0,0.9548584336134948,0
station_v0_bogota_grid__ChargeAsFastAsPossible__seed3__2022-01-17,station_v0_bogota_grid,base,ChargeAsFastAsPossible,3,2022-01-17,weekday,-0.0005422395760143,2,96,2,1,0.949685861343565,1.0,27,0.0005422395760142,0.949685861343565,1
station_v0_bogota_grid__TD3_vanilla_extended_ts102__seed3__2022-01-17,station_v0_bogota_grid,base,TD3_vanilla_extended_ts102,3,2022-01-17,weekday,-0.0005422395760143,2,96,2,1,0.949685861343565,1.0,27,0.0005422395760142,0.949685861343565,1
station_v0_bogota_grid__RoundRobin__seed3__2022-03-05,station_v0_bogota_grid,base,RoundRobin,3,2022-03-05,weekend,-0.1835761864408673,65,96,65,16,0.9446634059626536,1.0,27,0.1835761864408646,0.9446634059626536,16
station_v0_bogota_grid__Optimal_Oracle_Tracking__seed3__2022-03-05,station_v0_bogota_grid,base,Optimal_Oracle_Tracking,3,2022-03-05,weekend,-0.1858698292575747,65,96,65,16,0.9448443694660372,1.0,27,0.185869829257572,0.9448443694660372,16
station_v0_bogota_grid__MPC_TrackingG2V__seed4__2022-01-17,station_v0_bogota_grid,base,MPC_TrackingG2V,4,2022-01-17,weekday,0.0,0,96,0,0,0.950577292706047,1.0,27,0.0,0.950577292706047,0
station_v0_bogota_grid__ChargeAsFastAsPossible__seed4__2022-03-05,station_v0_bogota_grid,base,ChargeAsFastAsPossible,4,2022-03-05,weekend,-0.8483658232730336,127,96,127,22,0.9357333997332192,1.0,27,0.8483658232730283,0.9357333997332192,22
station_v0_bogota_grid__TD3_vanilla_extended_ts102__seed4__2022-03-05,station_v0_bogota_grid,base,TD3_vanilla_extended_ts102,4,2022-03-05,weekend,-0.841746970738626,125,96,125,22,0.9357333997332192,1.0,27,0.8417469707386208,0.9357333997332192,22
station_v0_bogota_grid__RoundRobin__seed5__2022-01-17,station_v0_bogota_grid,base,RoundRobin,5,2022-01-17,weekday,-0.7415154093264249,157,96,157,33,0.9378767220790404,1.0,27,0.7415154093264184,0.9378767220790404,33
station_v0_bogota_grid__Optimal_Oracle_Tracking__seed5__2022-01-17,station_v0_bogota_grid,base,Optimal_Oracle_Tracking,5,2022-01-17,weekday,-0.7376843129730732,158,96,158,33,0.9381276146689824,1.0,27,0.7376843129730667,0.9381276146689824,33
station_v0_bogota_grid__MPC_TrackingG2V__seed5__2022-03-05,station_v0_bogota_grid,base,MPC_TrackingG2V,5,2022-03-05,weekend,-0.0009167783135713,3,96,3,1,0.9495089013221998,1.0,27,0.0009167783135711,0.9495089013221998,1
station_v0_bogota_grid__ChargeAsFastAsPossible__seed6__2022-01-17,station_v0_bogota_grid,base,ChargeAsFastAsPossible,6,2022-01-17,weekday,-1.3932308888520888,181,96,181,32,0.9304712648981212,1.0,27,1.3932308888520812,0.9304712648981212,32
station_v0_bogota_grid__TD3_vanilla_extended_ts102__seed6__2022-01-17,station_v0_bogota_grid,base,TD3_vanilla_extended_ts102,6,2022-01-17,weekday,-1.3825027183724412,174,96,174,30,0.9304712648981212,1.0,27,1.3825027183724337,0.9304712648981212,30
station_v0_bogota_grid__RoundRobin__seed6__2022-03-05,station_v0_bogota_grid,base,RoundRobin,6,2022-03-05,weekend,-0.5526442207670259,129,96,129,28,0.9399911392859454,1.0,27,0.5526442207670206,0.9399911392859454,28
station_v0_bogota_grid__Optimal_Oracle_Tracking__seed6__2022-03-05,station_v0_bogota_grid,base,Optimal_Oracle_Tracking,6,2022-03-05,weekend,-0.5569846983237882,129,96,129,28,0.9400999246272932,1.0,27,0.5569846983237828,0.9400999246272932,28
station_v0_bogota_grid__MPC_TrackingG2V__seed7__2022-01-17,station_v0_bogota_grid,base,MPC_TrackingG2V,7,2022-01-17,weekday,-0.681970324701117,137,96,137,29,0.9363534968007216,1.0,27,0.6819703247011113,0.9363534968007216,29
station_v0_bogota_grid__ChargeAsFastAsPossible__seed7__2022-03-05,station_v0_bogota_grid,base,ChargeAsFastAsPossible,7,2022-03-05,weekend,0.0,0,96,0,0,0.956935490005264,1.0,27,0.0,0.956935490005264,0
station_v0_bogota_grid__TD3_vanilla_extended_ts102__seed7__2022-03-05,station_v0_bogota_grid,base,TD3_vanilla_extended_ts102,7,2022-03-05,weekend,0.0,0,96,0,0,0.956935490005264,1.0,27,0.0,0.956935490005264,0
station_v0_bogota_grid__RoundRobin__seed8__2022-01-17,station_v0_bogota_grid,base,RoundRobin,8,2022-01-17,weekday,-0.4260341142889071,110,96,110,25,0.9395312302940784,1.0,27,0.4260341142889025,0.9395312302940784,25
station_v0_bogota_grid__Optimal_Oracle_Tracking__seed8__2022-01-17,station_v0_bogota_grid,base,Optimal_Oracle_Tracking,8,2022-01-17,weekday,-0.4077497331047723,114,96,114,26,0.939994386013941,1.0,27,0.4077497331047676,0.939994386013941,26
station_v0_bogota_grid__MPC_TrackingG2V__seed8__2022-03-05,station_v0_bogota_grid,base,MPC_TrackingG2V,8,2022-03-05,weekend,-0.1015276274695112,39,96,39,9,0.9448855238223176,1.0,27,0.1015276274695096,0.9448855238223176,9
station_v0_bogota_grid__ChargeAsFastAsPossible__seed9__2022-01-17,station_v0_bogota_grid,base,ChargeAsFastAsPossible,9,2022-01-17,weekday,-0.1037926278837224,48,96,48,12,0.945170121282706,1.0,27,0.1037926278837204,0.945170121282706,12
station_v0_bogota_grid__TD3_vanilla_extended_ts102__seed9__2022-01-17,station_v0_bogota_grid,base,TD3_vanilla_extended_ts102,9,2022-01-17,weekday,-0.097959612284413,44,96,44,11,0.945170121282706,1.0,27,0.0979596122844111,0.945170121282706,11
station_v0_bogota_grid__RoundRobin__seed9__2022-03-05,station_v0_bogota_grid,base,RoundRobin,9,2022-03-05,weekend,0.0,0,96,0,0,0.953407474390666,1.0,27,0.0,0.953407474390666,0
station_v0_bogota_grid__Optimal_Oracle_Tracking__seed9__2022-03-05,station_v0_bogota_grid,base,Optimal_Oracle_Tracking,9,2022-03-05,weekend,0.0,0,96,0,0,0.952749371850475,1.0,27,0.0,0.952749371850475,0
station_v0_bogota_grid__MPC_TrackingG2V__seed10__2022-01-17,station_v0_bogota_grid,base,MPC_TrackingG2V,10,2022-01-17,weekday,-0.041400398651467,21,96,21,6,0.946680910710912,1.0,27,0.0414003986514661,0.946680910710912,6
station_v0_bogota_grid__ChargeAsFastAsPossible__seed10__2022-03-05,station_v0_bogota_grid,base,ChargeAsFastAsPossible,10,2022-03-05,weekend,-0.5939376242834236,112,96,112,21,0.9379564640592484,1.0,27,0.593937624283419,0.9379564640592484,21
station_v0_bogota_grid__TD3_vanilla_extended_ts102__seed10__2022-03-05,station_v0_bogota_grid,base,TD3_vanilla_extended_ts102,10,2022-03-05,weekend,-0.5939376242834236,112,96,112,21,0.9379564640592484,1.0,27,0.593937624283419,0.9379564640592484,21
station_v0_bogota_grid__RoundRobin__seed11__2022-01-17,station_v0_bogota_grid,base,RoundRobin,11,2022-01-17,weekday,0.0,0,96,0,0,0.9500905086253596,1.0,27,0.0,0.9500905086253596,0
station_v0_bogota_grid__Optimal_Oracle_Tracking__seed11__2022-01-17,station_v0_bogota_grid,base,Optimal_Oracle_Tracking,11,2022-01-17,weekday,0.0,0,96,0,0,0.9503058214615994,1.0,27,0.0,0.9503058214615994,0
station_v0_bogota_grid__MPC_TrackingG2V__seed11__2022-03-05,station_v0_bogota_grid,base,MPC_TrackingG2V,11,2022-03-05,weekend,0.0,0,96,0,0,0.950874926636545,1.0016603816653902,27,0.0,0.950874926636545,0
station_v0_bogota_grid__ChargeAsFastAsPossible__seed12__2022-01-17,station_v0_bogota_grid,base,ChargeAsFastAsPossible,12,2022-01-17,weekday,-0.7876599804921409,132,96,132,25,0.9346648972328409,1.0,27,0.7876599804921354,0.9346648972328409,25
station_v0_bogota_grid__TD3_vanilla_extended_ts102__seed12__2022-01-17,station_v0_bogota_grid,base,TD3_vanilla_extended_ts102,12,2022-01-17,weekday,-0.7804515846663713,129,96,129,24,0.9346648972328409,1.0,27,0.7804515846663659,0.9346648972328409,24
station_v0_bogota_grid__RoundRobin__seed12__2022-03-05,station_v0_bogota_grid,base,RoundRobin,12,2022-03-05,weekend,0.0,0,96,0,0,0.9597261499265992,1.0006133635763106,27,0.0,0.9597261499265992,0
station_v0_bogota_grid__Optimal_Oracle_Tracking__seed12__2022-03-05,station_v0_bogota_grid,base,Optimal_Oracle_Tracking,12,2022-03-05,weekend,0.0,0,96,0,0,0.9599013459714688,1.0008371599277492,27,0.0,0.9599013459714688,0
station_v0_bogota_grid__MPC_TrackingG2V__seed13__2022-01-17,station_v0_bogota_grid,base,MPC_TrackingG2V,13,2022-01-17,weekday,-0.2715931554567546,63,96,63,13,0.9405814841400364,1.0,27,0.271593155456752,0.9405814841400364,13
station_v0_bogota_grid__ChargeAsFastAsPossible__seed13__2022-03-05,station_v0_bogota_grid,base,ChargeAsFastAsPossible,13,2022-03-05,weekend,-0.0762229708340101,44,96,44,13,0.9459464932619877,1.0,27,0.0762229708340083,0.9459464932619877,13
station_v0_bogota_grid__TD3_vanilla_extended_ts102__seed13__2022-03-05,station_v0_bogota_grid,base,TD3_vanilla_extended_ts102,13,2022-03-05,weekend,-0.0790915393682953,44,96,44,13,0.9459464932619877,1.0,27,0.0790915393682935,0.9459464932619877,13
station_v0_bogota_grid__RoundRobin__seed14__2022-01-17,station_v0_bogota_grid,base,RoundRobin,14,2022-01-17,weekday,-0.1301601944273661,49,96,49,12,0.9443941518678628,1.0,27,0.130160194427364,0.9443941518678628,12
station_v0_bogota_grid__Optimal_Oracle_Tracking__seed14__2022-01-17,station_v0_bogota_grid,base,Optimal_Oracle_Tracking,14,2022-01-17,weekday,-0.1235093154930011,47,96,47,11,0.94445583856867,1.0,27,0.1235093154929991,0.94445583856867,11
station_v0_bogota_grid__MPC_TrackingG2V__seed14__2022-03-05,station_v0_bogota_grid,base,MPC_TrackingG2V,14,2022-03-05,weekend,-0.2378330291797766,64,96,64,14,0.9430197304858268,1.0,27,0.237833029179774,0.9430197304858268,14
station_v0_bogota_grid__ChargeAsFastAsPossible__seed15__2022-01-17,station_v0_bogota_grid,base,ChargeAsFastAsPossible,15,2022-01-17,weekday,-1.2627249452010227,156,96,156,26,0.9315362045682468,1.0,27,1.262724945201016,0.9315362045682468,26
station_v0_bogota_grid__TD3_vanilla_extended_ts102__seed15__2022-01-17,station_v0_bogota_grid,base,TD3_vanilla_extended_ts102,15,2022-01-17,weekday,-1.2627444970431143,156,96,156,26,0.9296466756002252,1.0,27,1.262744497043108,0.9296466756002252,26
station_v0_bogota_grid__RoundRobin__seed15__2022-03-05,station_v0_bogota_grid,base,RoundRobin,15,2022-03-05,weekend,-0.6911268423935768,119,96,119,21,0.9385999275489564,1.0,27,0.6911268423935718,0.9385999275489564,21
station_v0_bogota_grid__Optimal_Oracle_Tracking__seed15__2022-03-05,station_v0_bogota_grid,base,Optimal_Oracle_Tracking,15,2022-03-05,weekend,-0.7038142853325537,120,96,120,21,0.9388483405178308,1.0,27,0.7038142853325486,0.9388483405178308,21
station_v0_bogota_grid__MPC_TrackingG2V__seed16__2022-01-17,station_v0_bogota_grid,base,MPC_TrackingG2V,16,2022-01-17,weekday,-0.1361652631378976,48,96,48,12,0.9432315301192544,1.0,27,0.1361652631378956,0.9432315301192544,12
station_v0_bogota_grid__ChargeAsFastAsPossible__seed16__2022-03-05,station_v0_bogota_grid,base,ChargeAsFastAsPossible,16,2022-03-05,weekend,-0.0986985438180527,37,96,37,10,0.94550007887878,1.0,27,0.0986985438180512,0.94550007887878,10
station_v0_bogota_grid__TD3_vanilla_extended_ts102__seed16__2022-03-05,station_v0_bogota_grid,base,TD3_vanilla_extended_ts102,16,2022-03-05,weekend,-0.0965058887061517,37,96,37,10,0.9459061463166324,1.0,27,0.0965058887061501,0.9459061463166324,10
station_v0_bogota_grid__RoundRobin__seed17__2022-01-17,station_v0_bogota_grid,base,RoundRobin,17,2022-01-17,weekday,-0.1610684185509368,42,96,42,9,0.94218419410667,1.0,27,0.1610684185509351,0.94218419410667,9
station_v0_bogota_grid__Optimal_Oracle_Tracking__seed17__2022-01-17,station_v0_bogota_grid,base,Optimal_Oracle_Tracking,17,2022-01-17,weekday,-0.1744976807934985,44,96,44,9,0.9417570065480492,1.0,27,0.1744976807934967,0.9417570065480492,9
station_v0_bogota_grid__MPC_TrackingG2V__seed17__2022-03-05,station_v0_bogota_grid,base,MPC_TrackingG2V,17,2022-03-05,weekend,0.0,0,96,0,0,0.9509850256140304,1.0,27,0.0,0.9509850256140304,0
station_v0_bogota_grid__ChargeAsFastAsPossible__seed18__2022-01-17,station_v0_bogota_grid,base,ChargeAsFastAsPossible,18,2022-01-17,weekday,-1.1750103960845986,140,96,140,24,0.9316979778020992,1.0,27,1.175010396084593,0.9316979778020992,24
station_v0_bogota_grid__TD3_vanilla_extended_ts102__seed18__2022-01-17,station_v0_bogota_grid,base,TD3_vanilla_extended_ts102,18,2022-01-17,weekday,-1.1675608835005802,141,96,141,24,0.9316979778020992,1.0,27,1.1675608835005744,0.9316979778020992,24
station_v0_bogota_grid__RoundRobin__seed18__2022-03-05,station_v0_bogota_grid,base,RoundRobin,18,2022-03-05,weekend,-0.0192520074449531,22,96,22,7,0.9480363319994868,1.0,27,0.0192520074449522,0.9480363319994868,7
station_v0_bogota_grid__Optimal_Oracle_Tracking__seed18__2022-03-05,station_v0_bogota_grid,base,Optimal_Oracle_Tracking,18,2022-03-05,weekend,-0.0173203686142525,22,96,22,8,0.9482599324963352,1.0,27,0.0173203686142516,0.9482599324963352,8
station_v0_bogota_grid__MPC_TrackingG2V__seed19__2022-01-17,station_v0_bogota_grid,base,MPC_TrackingG2V,19,2022-01-17,weekday,-1.358195652842176,166,96,166,29,0.927438162400079,1.0,27,1.358195652842169,0.927438162400079,29
station_v0_bogota_grid__ChargeAsFastAsPossible__seed19__2022-03-05,station_v0_bogota_grid,base,ChargeAsFastAsPossible,19,2022-03-05,weekend,0.0,0,96,0,0,0.9525301518050138,1.0,27,0.0,0.9525301518050138,0
station_v0_bogota_grid__TD3_vanilla_extended_ts102__seed19__2022-03-05,station_v0_bogota_grid,base,TD3_vanilla_extended_ts102,19,2022-03-05,weekend,0.0,0,96,0,0,0.9526691781095205,1.0,27,0.0,0.9526691781095205,0
station_v0_bogota_grid__RoundRobin__seed20__2022-01-17,station_v0_bogota_grid,base,RoundRobin,20,2022-01-17,weekday,-1.1224667516324582,193,96,193,39,0.9333883497045568,1.0,27,1.1224667516324502,0.9333883497045568,39
station_v0_bogota_grid__Optimal_Oracle_Tracking__seed20__2022-01-17,station_v0_bogota_grid,base,Optimal_Oracle_Tracking,20,2022-01-17,weekday,-1.1093755123926785,194,96,194,39,0.9336288848736084,1.0,27,1.1093755123926703,0.9336288848736084,39
station_v0_bogota_grid__MPC_TrackingG2V__seed20__2022-03-05,station_v0_bogota_grid,base,MPC_TrackingG2V,20,2022-03-05,weekend,0.0,0,96,0,0,0.953107086236196,1.0034640543040845,27,0.0,0.953107086236196,0
station_v0_bogota_grid__ChargeAsFastAsPossible__seed21__2022-01-17,station_v0_bogota_grid,base,ChargeAsFastAsPossible,21,2022-01-17,weekday,-0.6717911384848927,122,96,122,24,0.9360672101224878,1.0,27,0.6717911384848876,0.9360672101224878,24
station_v0_bogota_grid__TD3_vanilla_extended_ts102__seed21__2022-01-17,station_v0_bogota_grid,base,TD3_vanilla_extended_ts102,21,2022-01-17,weekday,-0.6422035169528553,119,96,119,24,0.936870011330754,1.0,27,0.6422035169528503,0.936870011330754,24
station_v0_bogota_grid__RoundRobin__seed21__2022-03-05,station_v0_bogota_grid,base,RoundRobin,21,2022-03-05,weekend,-0.3745097133103287,80,96,80,17,0.938858706307332,1.0,27,0.3745097133103253,0.938858706307332,17
station_v0_bogota_grid__Optimal_Oracle_Tracking__seed21__2022-03-05,station_v0_bogota_grid,base,Optimal_Oracle_Tracking,21,2022-03-05,weekend,-0.3783813502866212,80,96,80,17,0.9391604297152464,1.0,27,0.3783813502866179,0.9391604297152464,17
station_v0_bogota_grid__MPC_TrackingG2V__seed22__2022-01-17,station_v0_bogota_grid,base,MPC_TrackingG2V,22,2022-01-17,weekday,-0.2174160020106562,65,96,65,15,0.9425145066162331,1.0,27,0.2174160020106534,0.9425145066162331,15
station_v0_bogota_grid__ChargeAsFastAsPossible__seed22__2022-03-05,station_v0_bogota_grid,base,ChargeAsFastAsPossible,22,2022-03-05,weekend,-0.1076222484862529,46,96,46,12,0.9453809878748096,1.0,27,0.107622248486251,0.9453809878748096,12
station_v0_bogota_grid__TD3_vanilla_extended_ts102__seed22__2022-03-05,station_v0_bogota_grid,base,TD3_vanilla_extended_ts102,22,2022-03-05,weekend,-0.1044958045381148,46,96,46,12,0.9453809878748096,1.0,27,0.1044958045381129,0.9453809878748096,12
station_v0_bogota_grid__RoundRobin__seed23__2022-01-17,station_v0_bogota_grid,base,RoundRobin,23,2022-01-17,weekday,-0.9568770727663808,144,96,144,28,0.9343264536124364,1.0,27,0.9568770727663748,0.9343264536124364,28
station_v0_bogota_grid__Optimal_Oracle_Tracking__seed23__2022-01-17,station_v0_bogota_grid,base,Optimal_Oracle_Tracking,23,2022-01-17,weekday,-0.9633768615800474,144,96,144,27,0.9345967280348324,1.0,27,0.9633768615800414,0.9345967280348324,27
station_v0_bogota_grid__MPC_TrackingG2V__seed23__2022-03-05,station_v0_bogota_grid,base,MPC_TrackingG2V,23,2022-03-05,weekend,0.0,0,96,0,0,0.9534231839087394,1.0,27,0.0,0.9534231839087394,0
station_v0_bogota_grid__ChargeAsFastAsPossible__seed24__2022-01-17,station_v0_bogota_grid,base,ChargeAsFastAsPossible,24,2022-01-17,weekday,-0.8468425842711486,150,96,150,30,0.9357385989701608,1.0,27,0.8468425842711423,0.9357385989701608,30
station_v0_bogota_grid__TD3_vanilla_extended_ts102__seed24__2022-01-17,station_v0_bogota_grid,base,TD3_vanilla_extended_ts102,24,2022-01-17,weekday,-0.8409262775793722,144,96,144,28,0.9357385989701608,1.0,27,0.8409262775793662,0.9357385989701608,28
station_v0_bogota_grid__RoundRobin__seed24__2022-03-05,station_v0_bogota_grid,base,RoundRobin,24,2022-03-05,weekend,-0.0234331673367035,26,96,26,9,0.9480422071395564,1.0,27,0.0234331673367024,0.9480422071395564,9
station_v0_bogota_grid__Optimal_Oracle_Tracking__seed24__2022-03-05,station_v0_bogota_grid,base,Optimal_Oracle_Tracking,24,2022-03-05,weekend,-0.0283597964907639,27,96,27,9,0.9476625339460498,1.0,27,0.0283597964907628,0.9476625339460498,9
station_v0_bogota_grid__MPC_TrackingG2V__seed25__2022-01-17,station_v0_bogota_grid,base,MPC_TrackingG2V,25,2022-01-17,weekday,-0.0162792382478824,13,96,13,4,0.9472399805056246,1.0,27,0.0162792382478819,0.9472399805056246,4
station_v0_bogota_grid__ChargeAsFastAsPossible__seed25__2022-03-05,station_v0_bogota_grid,base,ChargeAsFastAsPossible,25,2022-03-05,weekend,-0.4392471823598189,85,96,85,17,0.9378651637209472,1.0,27,0.4392471823598154,0.9378651637209472,17
station_v0_bogota_grid__TD3_vanilla_extended_ts102__seed25__2022-03-05,station_v0_bogota_grid,base,TD3_vanilla_extended_ts102,25,2022-03-05,weekend,-0.4454357794550737,86,96,86,17,0.9391965144499028,1.0,27,0.4454357794550702,0.9391965144499028,17
station_v0_bogota_grid__RoundRobin__seed26__2022-01-17,station_v0_bogota_grid,base,RoundRobin,26,2022-01-17,weekday,-0.9544993236453928,165,96,165,32,0.9363650941432144,1.0,27,0.9544993236453858,0.9363650941432144,32
station_v0_bogota_grid__Optimal_Oracle_Tracking__seed26__2022-01-17,station_v0_bogota_grid,base,Optimal_Oracle_Tracking,26,2022-01-17,weekday,-0.9456438309244384,164,96,164,33,0.936535228829106,1.0,27,0.9456438309244316,0.936535228829106,33
station_v0_bogota_grid__MPC_TrackingG2V__seed26__2022-03-05,station_v0_bogota_grid,base,MPC_TrackingG2V,26,2022-03-05,weekend,0.0,0,96,0,0,0.952460597510605,1.000606605367054,27,0.0,0.952460597510605,0
station_v0_bogota_grid__ChargeAsFastAsPossible__seed27__2022-01-17,station_v0_bogota_grid,base,ChargeAsFastAsPossible,27,2022-01-17,weekday,-0.1813107110445543,45,96,45,11,0.9409823045410868,1.0,27,0.1813107110445524,0.9409823045410868,11
station_v0_bogota_grid__TD3_vanilla_extended_ts102__seed27__2022-01-17,station_v0_bogota_grid,base,TD3_vanilla_extended_ts102,27,2022-01-17,weekday,-0.177161785556518,44,96,44,10,0.9417624111536254,1.0,27,0.1771617855565161,0.9417624111536254,10
station_v0_bogota_grid__RoundRobin__seed27__2022-03-05,station_v0_bogota_grid,base,RoundRobin,27,2022-03-05,weekend,0.0,0,96,0,0,0.9547720580405,1.0,27,0.0,0.9547720580405,0
station_v0_bogota_grid__Optimal_Oracle_Tracking__seed27__2022-03-05,station_v0_bogota_grid,base,Optimal_Oracle_Tracking,27,2022-03-05,weekend,0.0,0,96,0,0,0.9549602899167172,1.0,27,0.0,0.9549602899167172,0
station_v0_bogota_grid__MPC_TrackingG2V__seed28__2022-01-17,station_v0_bogota_grid,base,MPC_TrackingG2V,28,2022-01-17,weekday,-0.0016506905490744,6,96,6,3,0.949442770208655,1.0,27,0.0016506905490741,0.949442770208655,3
station_v0_bogota_grid__ChargeAsFastAsPossible__seed28__2022-03-05,station_v0_bogota_grid,base,ChargeAsFastAsPossible,28,2022-03-05,weekend,0.0,0,96,0,0,0.9527587025814608,1.0,27,0.0,0.9527587025814608,0
station_v0_bogota_grid__TD3_vanilla_extended_ts102__seed28__2022-03-05,station_v0_bogota_grid,base,TD3_vanilla_extended_ts102,28,2022-03-05,weekend,0.0,0,96,0,0,0.9541432744361792,1.0,27,0.0,0.9541432744361792,0
station_v0_bogota_grid__RoundRobin__seed29__2022-01-17,station_v0_bogota_grid,base,RoundRobin,29,2022-01-17,weekday,-0.759414189187905,108,96,108,20,0.9324561714504884,1.0,27,0.7594141891879006,0.9324561714504884,20
station_v0_bogota_grid__Optimal_Oracle_Tracking__seed29__2022-01-17,station_v0_bogota_grid,base,Optimal_Oracle_Tracking,29,2022-01-17,weekday,-0.7558915275992236,108,96,108,20,0.932792791511454,1.0,27,0.7558915275992192,0.932792791511454,20
station_v0_bogota_grid__MPC_TrackingG2V__seed29__2022-03-05,station_v0_bogota_grid,base,MPC_TrackingG2V,29,2022-03-05,weekend,-0.5755149200929669,90,96,90,17,0.9368193773563152,1.0,27,0.5755149200929631,0.9368193773563152,17
station_v0_bogota_grid__ChargeAsFastAsPossible__seed30__2022-01-17,station_v0_bogota_grid,base,ChargeAsFastAsPossible,30,2022-01-17,weekday,-0.0008391659474488,2,96,2,1,0.9494645515396344,1.0,27,0.0008391659474488,0.9494645515396344,1
station_v0_bogota_grid__TD3_vanilla_extended_ts102__seed30__2022-01-17,station_v0_bogota_grid,base,TD3_vanilla_extended_ts102,30,2022-01-17,weekday,0.0,0,96,0,0,0.9507639237540848,1.0,27,0.0,0.9507639237540848,0
station_v0_bogota_grid__RoundRobin__seed30__2022-03-05,station_v0_bogota_grid,base,RoundRobin,30,2022-03-05,weekend,-0.0669842327733999,43,96,43,12,0.9471415825283478,1.0,27,0.0669842327733981,0.9471415825283478,12
station_v0_bogota_grid__Optimal_Oracle_Tracking__seed30__2022-03-05,station_v0_bogota_grid,base,Optimal_Oracle_Tracking,30,2022-03-05,weekend,-0.0629227190302206,41,96,41,11,0.9473053605307676,1.0,27,0.0629227190302189,0.9473053605307676,11
station_v0_bogota_grid__MPC_TrackingG2V__seed31__2022-01-17,station_v0_bogota_grid,base,MPC_TrackingG2V,31,2022-01-17,weekday,-0.1608152583206837,59,96,59,15,0.9441132470213418,1.0,27,0.1608152583206813,0.9441132470213418,15
station_v0_bogota_grid__ChargeAsFastAsPossible__seed31__2022-03-05,station_v0_bogota_grid,base,ChargeAsFastAsPossible,31,2022-03-05,weekend,0.0,0,96,0,0,0.9590950531552436,1.0,27,0.0,0.9590950531552436,0
station_v0_bogota_grid__TD3_vanilla_extended_ts102__seed31__2022-03-05,station_v0_bogota_grid,base,TD3_vanilla_extended_ts102,31,2022-03-05,weekend,0.0,0,96,0,0,0.9590950531552436,1.0,27,0.0,0.9590950531552436,0
station_v0_bogota_grid__RoundRobin__seed32__2022-01-17,station_v0_bogota_grid,base,RoundRobin,32,2022-01-17,weekday,-0.39309053536946,97,96,97,21,0.9391311966196412,1.0,27,0.393090535369456,0.9391311966196412,21
station_v0_bogota_grid__Optimal_Oracle_Tracking__seed32__2022-01-17,station_v0_bogota_grid,base,Optimal_Oracle_Tracking,32,2022-01-17,weekday,-0.3973123047125745,94,96,94,20,0.9393359854326042,1.0,27,0.3973123047125706,0.9393359854326042,20
station_v0_bogota_grid__MPC_TrackingG2V__seed32__2022-03-05,station_v0_bogota_grid,base,MPC_TrackingG2V,32,2022-03-05,weekend,0.0,0,96,0,0,0.9572593174855564,1.0,27,0.0,0.9572593174855564,0
station_v0_bogota_grid__ChargeAsFastAsPossible__seed33__2022-01-17,station_v0_bogota_grid,base,ChargeAsFastAsPossible,33,2022-01-17,weekday,-0.361331329924058,75,96,75,16,0.939871637051022,1.0,27,0.3613313299240549,0.939871637051022,16
station_v0_bogota_grid__TD3_vanilla_extended_ts102__seed33__2022-01-17,station_v0_bogota_grid,base,TD3_vanilla_extended_ts102,33,2022-01-17,weekday,-0.362489772847924,76,96,76,16,0.939871637051022,1.0,27,0.3624897728479209,0.939871637051022,16
station_v0_bogota_grid__RoundRobin__seed33__2022-03-05,station_v0_bogota_grid,base,RoundRobin,33,2022-03-05,weekend,-0.0094713430611444,15,96,15,7,0.948660740293622,1.0,27,0.0094713430611438,0.948660740293622,7
station_v0_bogota_grid__Optimal_Oracle_Tracking__seed33__2022-03-05,station_v0_bogota_grid,base,Optimal_Oracle_Tracking,33,2022-03-05,weekend,-0.007816613906587,15,96,15,6,0.9489291898829378,1.0,27,0.0078166139065863,0.9489291898829378,6
station_v0_bogota_grid__MPC_TrackingG2V__seed34__2022-01-17,station_v0_bogota_grid,base,MPC_TrackingG2V,34,2022-01-17,weekday,-0.0344431087208839,24,96,24,7,0.9473130257335084,1.0,27,0.0344431087208829,0.9473130257335084,7
station_v0_bogota_grid__ChargeAsFastAsPossible__seed34__2022-03-05,station_v0_bogota_grid,base,ChargeAsFastAsPossible,34,2022-03-05,weekend,-0.6175854076336931,101,96,101,18,0.9373271439588216,1.0,27,0.6175854076336889,0.9373271439588216,18
station_v0_bogota_grid__TD3_vanilla_extended_ts102__seed34__2022-03-05,station_v0_bogota_grid,base,TD3_vanilla_extended_ts102,34,2022-03-05,weekend,-0.6345295452507353,100,96,100,17,0.9373271439588216,1.0,27,0.6345295452507311,0.9373271439588216,17
station_v0_bogota_grid__RoundRobin__seed35__2022-01-17,station_v0_bogota_grid,base,RoundRobin,35,2022-01-17,weekday,0.0,0,96,0,0,0.9505488447959478,1.0,27,0.0,0.9505488447959478,0
station_v0_bogota_grid__Optimal_Oracle_Tracking__seed35__2022-01-17,station_v0_bogota_grid,base,Optimal_Oracle_Tracking,35,2022-01-17,weekday,0.0,0,96,0,0,0.9507427047094076,1.0,27,0.0,0.9507427047094076,0
station_v0_bogota_grid__MPC_TrackingG2V__seed35__2022-03-05,station_v0_bogota_grid,base,MPC_TrackingG2V,35,2022-03-05,weekend,-0.3503997911026005,78,96,78,16,0.9414707513950754,1.0,27,0.3503997911025973,0.9414707513950754,16
station_v0_bogota_grid__ChargeAsFastAsPossible__seed36__2022-01-17,station_v0_bogota_grid,base,ChargeAsFastAsPossible,36,2022-01-17,weekday,-0.2767602192871194,91,96,91,23,0.9421551599503734,1.0,27,0.2767602192871157,0.9421551599503734,23
station_v0_bogota_grid__TD3_vanilla_extended_ts102__seed36__2022-01-17,station_v0_bogota_grid,base,TD3_vanilla_extended_ts102,36,2022-01-17,weekday,-0.2737123599372965,93,96,93,24,0.9421551599503734,1.0,27,0.2737123599372926,0.9421551599503734,24
station_v0_bogota_grid__RoundRobin__seed36__2022-03-05,station_v0_bogota_grid,base,RoundRobin,36,2022-03-05,weekend,-0.354442968679823,77,96,77,16,0.940349907808061,1.0,27,0.3544429686798198,0.940349907808061,16
station_v0_bogota_grid__Optimal_Oracle_Tracking__seed36__2022-03-05,station_v0_bogota_grid,base,Optimal_Oracle_Tracking,36,2022-03-05,weekend,-0.3615381253805594,77,96,77,16,0.9399148843963984,1.0,27,0.3615381253805562,0.9399148843963984,16
station_v0_bogota_grid__MPC_TrackingG2V__seed37__2022-01-17,station_v0_bogota_grid,base,MPC_TrackingG2V,37,2022-01-17,weekday,-0.2618572630401192,71,96,71,16,0.9417238976259078,1.0,27,0.2618572630401162,0.9417238976259078,16
station_v0_bogota_grid__ChargeAsFastAsPossible__seed37__2022-03-05,station_v0_bogota_grid,base,ChargeAsFastAsPossible,37,2022-03-05,weekend,-0.2169833451761204,59,96,59,14,0.9422568471353688,1.0,27,0.2169833451761179,0.9422568471353688,14
station_v0_bogota_grid__TD3_vanilla_extended_ts102__seed37__2022-03-05,station_v0_bogota_grid,base,TD3_vanilla_extended_ts102,37,2022-03-05,weekend,-0.2169833451761204,59,96,59,14,0.9422568471353688,1.0,27,0.2169833451761179,0.9422568471353688,14
station_v0_bogota_grid__RoundRobin__seed38__2022-01-17,station_v0_bogota_grid,base,RoundRobin,38,2022-01-17,weekday,-0.1237386327567891,44,96,44,11,0.9432694423993068,1.0,27,0.1237386327567873,0.9432694423993068,11
station_v0_bogota_grid__Optimal_Oracle_Tracking__seed38__2022-01-17,station_v0_bogota_grid,base,Optimal_Oracle_Tracking,38,2022-01-17,weekday,-0.1169900674509763,44,96,44,11,0.9434758546048584,1.0,27,0.1169900674509745,0.9434758546048584,11
station_v0_bogota_grid__MPC_TrackingG2V__seed38__2022-03-05,station_v0_bogota_grid,base,MPC_TrackingG2V,38,2022-03-05,weekend,0.0,0,96,0,0,0.954339686771846,1.0,27,0.0,0.954339686771846,0
station_v0_bogota_grid__ChargeAsFastAsPossible__seed39__2022-01-17,station_v0_bogota_grid,base,ChargeAsFastAsPossible,39,2022-01-17,weekday,-0.1004919420286787,34,96,34,9,0.9435295195384498,1.0,27,0.1004919420286772,0.9435295195384498,9
station_v0_bogota_grid__TD3_vanilla_extended_ts102__seed39__2022-01-17,station_v0_bogota_grid,base,TD3_vanilla_extended_ts102,39,2022-01-17,weekday,-0.0995551546272904,32,96,32,8,0.9433886435920182,1.0,27,0.0995551546272891,0.9433886435920182,8
station_v0_bogota_grid__RoundRobin__seed39__2022-03-05,station_v0_bogota_grid,base,RoundRobin,39,2022-03-05,weekend,-0.0061667140879565,10,96,10,4,0.9486322392295904,1.0,27,0.0061667140879561,0.9486322392295904,4
station_v0_bogota_grid__Optimal_Oracle_Tracking__seed39__2022-03-05,station_v0_bogota_grid,base,Optimal_Oracle_Tracking,39,2022-03-05,weekend,-0.0060082334659744,9,96,9,3,0.9488820107728628,1.0,27,0.0060082334659741,0.9488820107728628,3
station_v0_bogota_grid__MPC_TrackingG2V__seed40__2022-01-17,station_v0_bogota_grid,base,MPC_TrackingG2V,40,2022-01-17,weekday,-0.0361772519664207,25,96,25,8,0.9466302700170288,1.0,27,0.0361772519664197,0.9466302700170288,8
station_v0_bogota_grid__ChargeAsFastAsPossible__seed40__2022-03-05,station_v0_bogota_grid,base,ChargeAsFastAsPossible,40,2022-03-05,weekend,0.0,0,96,0,0,0.9513127785356232,1.0,27,0.0,0.9513127785356232,0
station_v0_bogota_grid__TD3_vanilla_extended_ts102__seed40__2022-03-05,station_v0_bogota_grid,base,TD3_vanilla_extended_ts102,40,2022-03-05,weekend,0.0,0,96,0,0,0.9513127785356232,1.0,27,0.0,0.9513127785356232,0
station_v0_bogota_grid__RoundRobin__seed41__2022-01-17,station_v0_bogota_grid,base,RoundRobin,41,2022-01-17,weekday,-1.077999578861251,150,96,150,26,0.9323113756282182,1.0,27,1.077999578861245,0.9323113756282182,26
station_v0_bogota_grid__Optimal_Oracle_Tracking__seed41__2022-01-17,station_v0_bogota_grid,base,Optimal_Oracle_Tracking,41,2022-01-17,weekday,-1.0746993822641664,148,96,148,26,0.9324191572200856,1.0,27,1.0746993822641602,0.9324191572200856,26
station_v0_bogota_grid__MPC_TrackingG2V__seed41__2022-03-05,station_v0_bogota_grid,base,MPC_TrackingG2V,41,2022-03-05,weekend,-0.0447326382807621,30,96,30,9,0.9467120955296754,1.0,27,0.0447326382807609,0.9467120955296754,9
station_v0_bogota_grid__ChargeAsFastAsPossible__seed42__2022-01-17,station_v0_bogota_grid,base,ChargeAsFastAsPossible,42,2022-01-17,weekday,-0.3876784515415051,92,96,92,20,0.9404736317814708,1.0,27,0.3876784515415012,0.9404736317814708,20
station_v0_bogota_grid__TD3_vanilla_extended_ts102__seed42__2022-01-17,station_v0_bogota_grid,base,TD3_vanilla_extended_ts102,42,2022-01-17,weekday,-0.3731372060128838,87,96,87,18,0.9404736317814708,1.0,27,0.3731372060128802,0.9404736317814708,18
station_v0_bogota_grid__RoundRobin__seed42__2022-03-05,station_v0_bogota_grid,base,RoundRobin,42,2022-03-05,weekend,-0.0768913321636574,40,96,40,11,0.945724679031618,1.0,27,0.0768913321636557,0.945724679031618,11
station_v0_bogota_grid__Optimal_Oracle_Tracking__seed42__2022-03-05,station_v0_bogota_grid,base,Optimal_Oracle_Tracking,42,2022-03-05,weekend,-0.069666690944642,39,96,39,11,0.946012983553322,1.0,27,0.0696666909446404,0.946012983553322,11
station_v0_bogota_grid__MPC_TrackingG2V__seed43__2022-01-17,station_v0_bogota_grid,base,MPC_TrackingG2V,43,2022-01-17,weekday,-0.9453036612960966,162,96,162,35,0.9334942567341218,1.0,27,0.9453036612960896,0.9334942567341218,35
station_v0_bogota_grid__ChargeAsFastAsPossible__seed43__2022-03-05,station_v0_bogota_grid,base,ChargeAsFastAsPossible,43,2022-03-05,weekend,-0.0041113640128535,9,96,9,4,0.9490706922100725,1.0002102258418042,27,0.0041113640128531,0.9490706922100725,4
station_v0_bogota_grid__TD3_vanilla_extended_ts102__seed43__2022-03-05,station_v0_bogota_grid,base,TD3_vanilla_extended_ts102,43,2022-03-05,weekend,-0.009607239589633,9,96,9,3,0.9482778211902544,1.0002102258418042,27,0.0096072395896327,0.9482778211902544,3
station_v0_bogota_grid__RoundRobin__seed44__2022-01-17,station_v0_bogota_grid,base,RoundRobin,44,2022-01-17,weekday,-1.38833595875517,229,96,229,45,0.9312520182130626,1.0,27,1.3883359587551605,0.9312520182130626,45
station_v0_bogota_grid__Optimal_Oracle_Tracking__seed44__2022-01-17,station_v0_bogota_grid,base,Optimal_Oracle_Tracking,44,2022-01-17,weekday,-1.3779096956028756,227,96,227,45,0.931369616821534,1.0,27,1.3779096956028658,0.931369616821534,45
station_v0_bogota_grid__MPC_TrackingG2V__seed44__2022-03-05,station_v0_bogota_grid,base,MPC_TrackingG2V,44,2022-03-05,weekend,-0.051540547392335,38,96,38,12,0.9465109058641858,1.0,27,0.0515405473923334,0.9465109058641858,12
station_v0_bogota_grid__ChargeAsFastAsPossible__seed45__2022-01-17,station_v0_bogota_grid,base,ChargeAsFastAsPossible,45,2022-01-17,weekday,-0.1639385946176683,36,96,36,8,0.9410591199732604,1.0,27,0.1639385946176668,0.9410591199732604,8
station_v0_bogota_grid__TD3_vanilla_extended_ts102__seed45__2022-01-17,station_v0_bogota_grid,base,TD3_vanilla_extended_ts102,45,2022-01-17,weekday,-0.1593242387254667,37,96,37,8,0.9416807011351054,1.0,27,0.1593242387254652,0.9416807011351054,8
station_v0_bogota_grid__RoundRobin__seed45__2022-03-05,station_v0_bogota_grid,base,RoundRobin,45,2022-03-05,weekend,-0.0130701428459526,16,96,16,6,0.9484784417942348,1.0,27,0.0130701428459519,0.9484784417942348,6
station_v0_bogota_grid__Optimal_Oracle_Tracking__seed45__2022-03-05,station_v0_bogota_grid,base,Optimal_Oracle_Tracking,45,2022-03-05,weekend,-0.0172466388104746,20,96,20,7,0.9482142042949334,1.0,27,0.0172466388104738,0.9482142042949334,7
station_v0_bogota_grid__MPC_TrackingG2V__seed46__2022-01-17,station_v0_bogota_grid,base,MPC_TrackingG2V,46,2022-01-17,weekday,-0.1092432096505622,33,96,33,8,0.9429467060435786,1.0,27,0.1092432096505608,0.9429467060435786,8
station_v0_bogota_grid__ChargeAsFastAsPossible__seed46__2022-03-05,station_v0_bogota_grid,base,ChargeAsFastAsPossible,46,2022-03-05,weekend,-0.0311903395929646,23,96,23,7,0.9477154030696736,1.0,27,0.0311903395929636,0.9477154030696736,7
station_v0_bogota_grid__TD3_vanilla_extended_ts102__seed46__2022-03-05,station_v0_bogota_grid,base,TD3_vanilla_extended_ts102,46,2022-03-05,weekend,-0.0311903395929646,23,96,23,7,0.9477154030696736,1.0,27,0.0311903395929636,0.9477154030696736,7
station_v0_bogota_grid__RoundRobin__seed47__2022-01-17,station_v0_bogota_grid,base,RoundRobin,47,2022-01-17,weekday,-0.2400932964321862,97,96,97,23,0.9440430090925704,1.0,27,0.2400932964321821,0.9440430090925704,23
station_v0_bogota_grid__Optimal_Oracle_Tracking__seed47__2022-01-17,station_v0_bogota_grid,base,Optimal_Oracle_Tracking,47,2022-01-17,weekday,-0.2307829143000506,97,96,97,23,0.9441582534066794,1.0,27,0.2307829143000466,0.9441582534066794,23
station_v0_bogota_grid__MPC_TrackingG2V__seed47__2022-03-05,station_v0_bogota_grid,base,MPC_TrackingG2V,47,2022-03-05,weekend,-0.0012003021803367,6,96,6,3,0.9495369824517408,1.0,27,0.0012003021803365,0.9495369824517408,3
station_v0_bogota_grid__ChargeAsFastAsPossible__seed48__2022-01-17,station_v0_bogota_grid,base,ChargeAsFastAsPossible,48,2022-01-17,weekday,-1.1465658353040398,211,96,211,43,0.9344286430904838,1.0,27,1.1465658353040311,0.9344286430904838,43
station_v0_bogota_grid__TD3_vanilla_extended_ts102__seed48__2022-01-17,station_v0_bogota_grid,base,TD3_vanilla_extended_ts102,48,2022-01-17,weekday,-1.1258152332563038,209,96,209,43,0.9344286430904838,1.0,27,1.1258152332562952,0.9344286430904838,43
station_v0_bogota_grid__RoundRobin__seed48__2022-03-05,station_v0_bogota_grid,base,RoundRobin,48,2022-03-05,weekend,-0.0007046981536742,2,96,2,1,0.9495610598704504,1.0,27,0.0007046981536741,0.9495610598704504,1
station_v0_bogota_grid__Optimal_Oracle_Tracking__seed48__2022-03-05,station_v0_bogota_grid,base,Optimal_Oracle_Tracking,48,2022-03-05,weekend,-0.0002823028128829,2,96,2,1,0.949776040642584,1.0,27,0.0002823028128828,0.949776040642584,1
station_v0_bogota_grid__MPC_TrackingG2V__seed49__2022-01-17,station_v0_bogota_grid,base,MPC_TrackingG2V,49,2022-01-17,weekday,-1.7003547555837366,231,96,231,41,0.9290420885155238,1.0,27,1.700354755583727,0.9290420885155238,41
station_v0_bogota_grid__ChargeAsFastAsPossible__seed49__2022-03-05,station_v0_bogota_grid,base,ChargeAsFastAsPossible,49,2022-03-05,weekend,-0.1494908846362119,47,96,47,11,0.9437477224100268,1.0,27,0.1494908846362099,0.9437477224100268,11
station_v0_bogota_grid__TD3_vanilla_extended_ts102__seed49__2022-03-05,station_v0_bogota_grid,base,TD3_vanilla_extended_ts102,49,2022-03-05,weekend,-0.1430052502268949,49,96,49,12,0.9433822068130704,1.0,27,0.1430052502268929,0.9433822068130704,12
station_v0_bogota_grid_spawn1.3__RoundRobin__seed0__2022-01-17,station_v0_bogota_grid_spawn1.3,spawn1.3,RoundRobin,0,2022-01-17,weekday,-0.4133525810140996,133,96,133,32,0.9412567526485864,1.0,27,0.4133525810140941,0.9412567526485864,32
station_v0_bogota_grid_spawn1.3__Optimal_Oracle_Tracking__seed0__2022-01-17,station_v0_bogota_grid_spawn1.3,spawn1.3,Optimal_Oracle_Tracking,0,2022-01-17,weekday,-0.4050357761350536,135,96,135,32,0.9415757776024104,1.0,27,0.4050357761350479,0.9415757776024104,32
station_v0_bogota_grid_spawn1.3__MPC_TrackingG2V__seed0__2022-03-05,station_v0_bogota_grid_spawn1.3,spawn1.3,MPC_TrackingG2V,0,2022-03-05,weekend,-0.4317939865526531,94,96,94,20,0.939987044329608,1.0,27,0.4317939865526492,0.939987044329608,20
station_v0_bogota_grid_spawn1.3__ChargeAsFastAsPossible__seed1__2022-01-17,station_v0_bogota_grid_spawn1.3,spawn1.3,ChargeAsFastAsPossible,1,2022-01-17,weekday,-1.005075127175603,145,96,145,28,0.9308274436839185,1.0,27,1.0050751271755969,0.9308274436839185,28
station_v0_bogota_grid_spawn1.3__TD3_vanilla_extended_ts102__seed1__2022-01-17,station_v0_bogota_grid_spawn1.3,spawn1.3,TD3_vanilla_extended_ts102,1,2022-01-17,weekday,-1.0052429933044853,145,96,145,28,0.9308274436839185,1.0,27,1.005242993304479,0.9308274436839185,28
station_v0_bogota_grid_spawn1.3__RoundRobin__seed1__2022-03-05,station_v0_bogota_grid_spawn1.3,spawn1.3,RoundRobin,1,2022-03-05,weekend,-0.0022250851822706,3,96,3,1,0.9491056104171168,1.0004844554009371,27,0.0022250851822704,0.9491056104171168,1
station_v0_bogota_grid_spawn1.3__Optimal_Oracle_Tracking__seed1__2022-03-05,station_v0_bogota_grid_spawn1.3,spawn1.3,Optimal_Oracle_Tracking,1,2022-03-05,weekend,-0.0012292355440119,3,96,3,1,0.9494506948759674,1.0004116846290931,27,0.0012292355440117,0.9494506948759674,1
station_v0_bogota_grid_spawn1.3__MPC_TrackingG2V__seed2__2022-01-17,station_v0_bogota_grid_spawn1.3,spawn1.3,MPC_TrackingG2V,2,2022-01-17,weekday,-0.4534041135365352,95,96,95,19,0.940886977109407,1.0,27,0.4534041135365313,0.940886977109407,19
station_v0_bogota_grid_spawn1.3__ChargeAsFastAsPossible__seed2__2022-03-05,station_v0_bogota_grid_spawn1.3,spawn1.3,ChargeAsFastAsPossible,2,2022-03-05,weekend,-0.2402299987808477,62,96,62,13,0.9419252780802282,1.0,27,0.2402299987808451,0.9419252780802282,13
station_v0_bogota_grid_spawn1.3__TD3_vanilla_extended_ts102__seed2__2022-03-05,station_v0_bogota_grid_spawn1.3,spawn1.3,TD3_vanilla_extended_ts102,2,2022-03-05,weekend,-0.2371077458063502,65,96,65,14,0.9432095805739732,1.0,27,0.2371077458063475,0.9432095805739732,14
station_v0_bogota_grid_spawn1.3__RoundRobin__seed3__2022-01-17,station_v0_bogota_grid_spawn1.3,spawn1.3,RoundRobin,3,2022-01-17,weekday,-0.6963737084804654,117,96,117,22,0.93845787266987,1.0,27,0.6963737084804605,0.93845787266987,22
station_v0_bogota_grid_spawn1.3__Optimal_Oracle_Tracking__seed3__2022-01-17,station_v0_bogota_grid_spawn1.3,spawn1.3,Optimal_Oracle_Tracking,3,2022-01-17,weekday,-0.6945432692809493,119,96,119,22,0.93860568544822,1.0,27,0.6945432692809443,0.93860568544822,22
station_v0_bogota_grid_spawn1.3__MPC_TrackingG2V__seed3__2022-03-05,station_v0_bogota_grid_spawn1.3,spawn1.3,MPC_TrackingG2V,3,2022-03-05,weekend,-0.3634712998546975,82,96,82,18,0.9402894496852676,1.0,27,0.363471299854694,0.9402894496852676,18
station_v0_bogota_grid_spawn1.3__ChargeAsFastAsPossible__seed4__2022-01-17,station_v0_bogota_grid_spawn1.3,spawn1.3,ChargeAsFastAsPossible,4,2022-01-17,weekday,0.0,0,96,0,0,0.9612417918766932,1.0,27,0.0,0.9612417918766932,0
station_v0_bogota_grid_spawn1.3__TD3_vanilla_extended_ts102__seed4__2022-01-17,station_v0_bogota_grid_spawn1.3,spawn1.3,TD3_vanilla_extended_ts102,4,2022-01-17,weekday,0.0,0,96,0,0,0.9612417918766932,1.0,27,0.0,0.9612417918766932,0
station_v0_bogota_grid_spawn1.3__RoundRobin__seed4__2022-03-05,station_v0_bogota_grid_spawn1.3,spawn1.3,RoundRobin,4,2022-03-05,weekend,-0.0327552809503945,27,96,27,8,0.9475605257988684,1.0,27,0.0327552809503933,0.9475605257988684,8
station_v0_bogota_grid_spawn1.3__Optimal_Oracle_Tracking__seed4__2022-03-05,station_v0_bogota_grid_spawn1.3,spawn1.3,Optimal_Oracle_Tracking,4,2022-03-05,weekend,-0.0324342211936696,27,96,27,8,0.9477726992710735,1.0,27,0.0324342211936685,0.9477726992710735,8
station_v0_bogota_grid_spawn1.3__MPC_TrackingG2V__seed5__2022-01-17,station_v0_bogota_grid_spawn1.3,spawn1.3,MPC_TrackingG2V,5,2022-01-17,weekday,-1.7181601298857934,265,96,265,48,0.9310601678931713,1.0,27,1.7181601298857825,0.9310601678931713,48
station_v0_bogota_grid_spawn1.3__ChargeAsFastAsPossible__seed5__2022-03-05,station_v0_bogota_grid_spawn1.3,spawn1.3,ChargeAsFastAsPossible,5,2022-03-05,weekend,-0.0553064463520781,27,96,27,8,0.9449576085900856,1.0,27,0.055306446352077,0.9449576085900856,8
station_v0_bogota_grid_spawn1.3__TD3_vanilla_extended_ts102__seed5__2022-03-05,station_v0_bogota_grid_spawn1.3,spawn1.3,TD3_vanilla_extended_ts102,5,2022-03-05,weekend,-0.0521261929652651,28,96,28,9,0.944957661109648,1.0,27,0.0521261929652639,0.944957661109648,9
station_v0_bogota_grid_spawn1.3__RoundRobin__seed6__2022-01-17,station_v0_bogota_grid_spawn1.3,spawn1.3,RoundRobin,6,2022-01-17,weekday,-0.2675001771128625,85,96,85,19,0.9411586349214428,1.0,27,0.267500177112859,0.9411586349214428,19
station_v0_bogota_grid_spawn1.3__Optimal_Oracle_Tracking__seed6__2022-01-17,station_v0_bogota_grid_spawn1.3,spawn1.3,Optimal_Oracle_Tracking,6,2022-01-17,weekday,-0.2661215958532827,87,96,87,20,0.9413579134121672,1.0,27,0.2661215958532791,0.9413579134121672,20
station_v0_bogota_grid_spawn1.3__MPC_TrackingG2V__seed6__2022-03-05,station_v0_bogota_grid_spawn1.3,spawn1.3,MPC_TrackingG2V,6,2022-03-05,weekend,-0.0032515325720875,11,96,11,5,0.9492049704495422,1.0,27,0.0032515325720871,0.9492049704495422,5
station_v0_bogota_grid_spawn1.3__ChargeAsFastAsPossible__seed7__2022-01-17,station_v0_bogota_grid_spawn1.3,spawn1.3,ChargeAsFastAsPossible,7,2022-01-17,weekday,-0.3823133460341844,86,96,86,19,0.938799986012001,1.0,27,0.3823133460341809,0.938799986012001,19
station_v0_bogota_grid_spawn1.3__TD3_vanilla_extended_ts102__seed7__2022-01-17,station_v0_bogota_grid_spawn1.3,spawn1.3,TD3_vanilla_extended_ts102,7,2022-01-17,weekday,-0.392026102865617,83,96,83,18,0.938799986012001,1.0,27,0.3920261028656135,0.938799986012001,18
station_v0_bogota_grid_spawn1.3__RoundRobin__seed7__2022-03-05,station_v0_bogota_grid_spawn1.3,spawn1.3,RoundRobin,7,2022-03-05,weekend,-0.001456403566742,3,96,3,1,0.9492766918980096,1.0,27,0.0014564035667419,0.9492766918980096,1
station_v0_bogota_grid_spawn1.3__Optimal_Oracle_Tracking__seed7__2022-03-05,station_v0_bogota_grid_spawn1.3,spawn1.3,Optimal_Oracle_Tracking,7,2022-03-05,weekend,-0.0005776647756352,2,96,2,1,0.9496499094570864,1.0,27,0.0005776647756351,0.9496499094570864,1
station_v0_bogota_grid_spawn1.3__MPC_TrackingG2V__seed8__2022-01-17,station_v0_bogota_grid_spawn1.3,spawn1.3,MPC_TrackingG2V,8,2022-01-17,weekday,-0.2547759904231237,75,96,75,18,0.9426147308749936,1.0,27,0.2547759904231206,0.9426147308749936,18
station_v0_bogota_grid_spawn1.3__ChargeAsFastAsPossible__seed8__2022-03-05,station_v0_bogota_grid_spawn1.3,spawn1.3,ChargeAsFastAsPossible,8,2022-03-05,weekend,-0.0004636029328264,2,96,2,1,0.9496454157210088,1.0,27,0.0004636029328263,0.9496454157210088,1
station_v0_bogota_grid_spawn1.3__TD3_vanilla_extended_ts102__seed8__2022-03-05,station_v0_bogota_grid_spawn1.3,spawn1.3,TD3_vanilla_extended_ts102,8,2022-03-05,weekend,-0.0004636029328264,2,96,2,1,0.9496454157210088,1.0,27,0.0004636029328263,0.9496454157210088,1
station_v0_bogota_grid_spawn1.3__RoundRobin__seed9__2022-01-17,station_v0_bogota_grid_spawn1.3,spawn1.3,RoundRobin,9,2022-01-17,weekday,-0.1274856437130598,40,96,40,9,0.9432145032082446,1.0,27,0.1274856437130581,0.9432145032082446,9
station_v0_bogota_grid_spawn1.3__Optimal_Oracle_Tracking__seed9__2022-01-17,station_v0_bogota_grid_spawn1.3,spawn1.3,Optimal_Oracle_Tracking,9,2022-01-17,weekday,-0.1253976105752774,41,96,41,10,0.9430677997399972,1.0,27,0.1253976105752757,0.9430677997399972,10
station_v0_bogota_grid_spawn1.3__MPC_TrackingG2V__seed9__2022-03-05,station_v0_bogota_grid_spawn1.3,spawn1.3,MPC_TrackingG2V,9,2022-03-05,weekend,0.0,0,96,0,0,0.9525804471506398,1.0,27,0.0,0.9525804471506398,0
station_v0_bogota_grid_spawn1.3__ChargeAsFastAsPossible__seed10__2022-01-17,station_v0_bogota_grid_spawn1.3,spawn1.3,ChargeAsFastAsPossible,10,2022-01-17,weekday,-0.1678868714004439,58,96,58,15,0.9428656317975458,1.0,27,0.1678868714004415,0.9428656317975458,15
station_v0_bogota_grid_spawn1.3__TD3_vanilla_extended_ts102__seed10__2022-01-17,station_v0_bogota_grid_spawn1.3,spawn1.3,TD3_vanilla_extended_ts102,10,2022-01-17,weekday,-0.166897721245497,59,96,59,15,0.9428656317975458,1.0,27,0.1668977212454946,0.9428656317975458,15
station_v0_bogota_grid_spawn1.3__RoundRobin__seed10__2022-03-05,station_v0_bogota_grid_spawn1.3,spawn1.3,RoundRobin,10,2022-03-05,weekend,-0.0840121910920079,37,96,37,11,0.9454343605599876,1.0,27,0.0840121910920064,0.9454343605599876,11
station_v0_bogota_grid_spawn1.3__Optimal_Oracle_Tracking__seed10__2022-03-05,station_v0_bogota_grid_spawn1.3,spawn1.3,Optimal_Oracle_Tracking,10,2022-03-05,weekend,-0.0838449424778935,36,96,36,10,0.9457248350108156,1.0,27,0.083844942477892,0.9457248350108156,10
station_v0_bogota_grid_spawn1.3__MPC_TrackingG2V__seed11__2022-01-17,station_v0_bogota_grid_spawn1.3,spawn1.3,MPC_TrackingG2V,11,2022-01-17,weekday,-1.2579123893260515,184,96,184,35,0.931949643432328,1.0,27,1.2579123893260438,0.931949643432328,35
station_v0_bogota_grid_spawn1.3__ChargeAsFastAsPossible__seed11__2022-03-05,station_v0_bogota_grid_spawn1.3,spawn1.3,ChargeAsFastAsPossible,11,2022-03-05,weekend,-0.0843818615175699,37,96,37,10,0.9453268201374264,1.0,27,0.0843818615175684,0.9453268201374264,10
station_v0_bogota_grid_spawn1.3__TD3_vanilla_extended_ts102__seed11__2022-03-05,station_v0_bogota_grid_spawn1.3,spawn1.3,TD3_vanilla_extended_ts102,11,2022-03-05,weekend,-0.0843818615175699,37,96,37,10,0.9453268201374264,1.0,27,0.0843818615175684,0.9453268201374264,10
station_v0_bogota_grid_spawn1.3__RoundRobin__seed12__2022-01-17,station_v0_bogota_grid_spawn1.3,spawn1.3,RoundRobin,12,2022-01-17,weekday,-0.138630426528205,52,96,52,13,0.9435915268094612,1.0,27,0.1386304265282029,0.9435915268094612,13
station_v0_bogota_grid_spawn1.3__Optimal_Oracle_Tracking__seed12__2022-01-17,station_v0_bogota_grid_spawn1.3,spawn1.3,Optimal_Oracle_Tracking,12,2022-01-17,weekday,-0.1391699523928962,51,96,51,13,0.9439167759546202,1.0,27,0.1391699523928941,0.9439167759546202,13
station_v0_bogota_grid_spawn1.3__MPC_TrackingG2V__seed12__2022-03-05,station_v0_bogota_grid_spawn1.3,spawn1.3,MPC_TrackingG2V,12,2022-03-05,weekend,-0.0786667047764448,37,96,37,10,0.9458230435602054,1.0,27,0.0786667047764433,0.9458230435602054,10
station_v0_bogota_grid_spawn1.3__ChargeAsFastAsPossible__seed13__2022-01-17,station_v0_bogota_grid_spawn1.3,spawn1.3,ChargeAsFastAsPossible,13,2022-01-17,weekday,-0.4543322900843717,114,96,114,25,0.9394704670406544,1.0,27,0.4543322900843669,0.9394704670406544,25
station_v0_bogota_grid_spawn1.3__TD3_vanilla_extended_ts102__seed13__2022-01-17,station_v0_bogota_grid_spawn1.3,spawn1.3,TD3_vanilla_extended_ts102,13,2022-01-17,weekday,-0.4377926764136247,111,96,111,25,0.9394704670406544,1.0,27,0.4377926764136201,0.9394704670406544,25
station_v0_bogota_grid_spawn1.3__RoundRobin__seed13__2022-03-05,station_v0_bogota_grid_spawn1.3,spawn1.3,RoundRobin,13,2022-03-05,weekend,-0.1080207631782551,44,96,44,11,0.9454230604035458,1.0,27,0.1080207631782532,0.9454230604035458,11
station_v0_bogota_grid_spawn1.3__Optimal_Oracle_Tracking__seed13__2022-03-05,station_v0_bogota_grid_spawn1.3,spawn1.3,Optimal_Oracle_Tracking,13,2022-03-05,weekend,-0.111351764986958,45,96,45,11,0.9451668816654812,1.0,27,0.1113517649869562,0.9451668816654812,11
station_v0_bogota_grid_spawn1.3__MPC_TrackingG2V__seed14__2022-01-17,station_v0_bogota_grid_spawn1.3,spawn1.3,MPC_TrackingG2V,14,2022-01-17,weekday,-0.3173111307793559,84,96,84,21,0.9398066585861764,1.0,27,0.3173111307793524,0.9398066585861764,21
station_v0_bogota_grid_spawn1.3__ChargeAsFastAsPossible__seed14__2022-03-05,station_v0_bogota_grid_spawn1.3,spawn1.3,ChargeAsFastAsPossible,14,2022-03-05,weekend,0.0,0,96,0,0,0.9510948085563152,1.0,27,0.0,0.9510948085563152,0
station_v0_bogota_grid_spawn1.3__TD3_vanilla_extended_ts102__seed14__2022-03-05,station_v0_bogota_grid_spawn1.3,spawn1.3,TD3_vanilla_extended_ts102,14,2022-03-05,weekend,0.0,0,96,0,0,0.9510948085563152,1.0,27,0.0,0.9510948085563152,0
station_v0_bogota_grid_spawn1.3__RoundRobin__seed15__2022-01-17,station_v0_bogota_grid_spawn1.3,spawn1.3,RoundRobin,15,2022-01-17,weekday,-0.0375659146951725,23,96,23,6,0.947004058383666,1.0,27,0.0375659146951715,0.947004058383666,6
station_v0_bogota_grid_spawn1.3__Optimal_Oracle_Tracking__seed15__2022-01-17,station_v0_bogota_grid_spawn1.3,spawn1.3,Optimal_Oracle_Tracking,15,2022-01-17,weekday,-0.0323278495705271,23,96,23,6,0.9473452351542988,1.0,27,0.0323278495705261,0.9473452351542988,6
station_v0_bogota_grid_spawn1.3__MPC_TrackingG2V__seed15__2022-03-05,station_v0_bogota_grid_spawn1.3,spawn1.3,MPC_TrackingG2V,15,2022-03-05,weekend,0.0,0,96,0,0,0.9510832098284038,1.0,27,0.0,0.9510832098284038,0
station_v0_bogota_grid_spawn1.3__ChargeAsFastAsPossible__seed16__2022-01-17,station_v0_bogota_grid_spawn1.3,spawn1.3,ChargeAsFastAsPossible,16,2022-01-17,weekday,0.0,0,96,0,0,0.9582094026386256,1.0,27,0.0,0.9582094026386256,0
station_v0_bogota_grid_spawn1.3__TD3_vanilla_extended_ts102__seed16__2022-01-17,station_v0_bogota_grid_spawn1.3,spawn1.3,TD3_vanilla_extended_ts102,16,2022-01-17,weekday,0.0,0,96,0,0,0.9582094026386256,1.0,27,0.0,0.9582094026386256,0
station_v0_bogota_grid_spawn1.3__RoundRobin__seed16__2022-03-05,station_v0_bogota_grid_spawn1.3,spawn1.3,RoundRobin,16,2022-03-05,weekend,-0.2154372715747952,63,96,63,14,0.9437775506967464,1.0,27,0.2154372715747926,0.9437775506967464,14
station_v0_bogota_grid_spawn1.3__Optimal_Oracle_Tracking__seed16__2022-03-05,station_v0_bogota_grid_spawn1.3,spawn1.3,Optimal_Oracle_Tracking,16,2022-03-05,weekend,-0.2152749351797492,62,96,62,14,0.9439650018081486,1.0,27,0.2152749351797466,0.9439650018081486,14
station_v0_bogota_grid_spawn1.3__MPC_TrackingG2V__seed17__2022-01-17,station_v0_bogota_grid_spawn1.3,spawn1.3,MPC_TrackingG2V,17,2022-01-17,weekday,-0.2681607690746833,80,96,80,18,0.9416386367616176,1.0,27,0.26816076907468,0.9416386367616176,18
station_v0_bogota_grid_spawn1.3__ChargeAsFastAsPossible__seed17__2022-03-05,station_v0_bogota_grid_spawn1.3,spawn1.3,ChargeAsFastAsPossible,17,2022-03-05,weekend,0.0,0,96,0,0,0.9511691743174496,1.0,27,0.0,0.9511691743174496,0
station_v0_bogota_grid_spawn1.3__TD3_vanilla_extended_ts102__seed17__2022-03-05,station_v0_bogota_grid_spawn1.3,spawn1.3,TD3_vanilla_extended_ts102,17,2022-03-05,weekend,0.0,0,96,0,0,0.9511691743174496,1.0,27,0.0,0.9511691743174496,0
station_v0_bogota_grid_spawn1.3__RoundRobin__seed18__2022-01-17,station_v0_bogota_grid_spawn1.3,spawn1.3,RoundRobin,18,2022-01-17,weekday,-0.7160947523499877,144,96,144,32,0.93707991413065,1.0,27,0.7160947523499817,0.93707991413065,32
station_v0_bogota_grid_spawn1.3__Optimal_Oracle_Tracking__seed18__2022-01-17,station_v0_bogota_grid_spawn1.3,spawn1.3,Optimal_Oracle_Tracking,18,2022-01-17,weekday,-0.7074106237291744,147,96,147,32,0.93736497610685,1.0,27,0.7074106237291682,0.93736497610685,32
station_v0_bogota_grid_spawn1.3__MPC_TrackingG2V__seed18__2022-03-05,station_v0_bogota_grid_spawn1.3,spawn1.3,MPC_TrackingG2V,18,2022-03-05,weekend,-0.0107177917980684,13,96,13,5,0.9484183271126668,1.0,27,0.0107177917980678,0.9484183271126668,5
station_v0_bogota_grid_spawn1.3__ChargeAsFastAsPossible__seed19__2022-01-17,station_v0_bogota_grid_spawn1.3,spawn1.3,ChargeAsFastAsPossible,19,2022-01-17,weekday,-0.0909450809738348,43,96,43,12,0.9442068363849978,1.0,27,0.090945080973833,0.9442068363849978,12
station_v0_bogota_grid_spawn1.3__TD3_vanilla_extended_ts102__seed19__2022-01-17,station_v0_bogota_grid_spawn1.3,spawn1.3,TD3_vanilla_extended_ts102,19,2022-01-17,weekday,-0.0703705825362215,38,96,38,11,0.9460966885262678,1.0,27,0.0703705825362199,0.9460966885262678,11
station_v0_bogota_grid_spawn1.3__RoundRobin__seed19__2022-03-05,station_v0_bogota_grid_spawn1.3,spawn1.3,RoundRobin,19,2022-03-05,weekend,-0.0291248380419673,23,96,23,7,0.947409135007896,1.0,27,0.0291248380419664,0.947409135007896,7
station_v0_bogota_grid_spawn1.3__Optimal_Oracle_Tracking__seed19__2022-03-05,station_v0_bogota_grid_spawn1.3,spawn1.3,Optimal_Oracle_Tracking,19,2022-03-05,weekend,-0.0285100632949186,25,96,25,8,0.94758474716024,1.0,27,0.0285100632949175,0.94758474716024,8
station_v0_bogota_grid_spawn1.3__MPC_TrackingG2V__seed20__2022-01-17,station_v0_bogota_grid_spawn1.3,spawn1.3,MPC_TrackingG2V,20,2022-01-17,weekday,-0.3623576594743046,75,96,75,17,0.9383926136053266,1.0,27,0.3623576594743015,0.9383926136053266,17
station_v0_bogota_grid_spawn1.3__ChargeAsFastAsPossible__seed20__2022-03-05,station_v0_bogota_grid_spawn1.3,spawn1.3,ChargeAsFastAsPossible,20,2022-03-05,weekend,-1.8780193343719325,191,96,191,29,0.9277193039689744,1.0,27,1.8780193343719245,0.9277193039689744,29
station_v0_bogota_grid_spawn1.3__TD3_vanilla_extended_ts102__seed20__2022-03-05,station_v0_bogota_grid_spawn1.3,spawn1.3,TD3_vanilla_extended_ts102,20,2022-03-05,weekend,-1.8875496317104237,191,96,191,29,0.9283105931082424,1.0,27,1.8875496317104157,0.9283105931082424,29
station_v0_bogota_grid_spawn1.3__RoundRobin__seed21__2022-01-17,station_v0_bogota_grid_spawn1.3,spawn1.3,RoundRobin,21,2022-01-17,weekday,-0.1964331480851488,55,96,55,14,0.9400489007167988,1.0,27,0.1964331480851465,0.9400489007167988,14
station_v0_bogota_grid_spawn1.3__Optimal_Oracle_Tracking__seed21__2022-01-17,station_v0_bogota_grid_spawn1.3,spawn1.3,Optimal_Oracle_Tracking,21,2022-01-17,weekday,-0.1902058989117982,55,96,55,14,0.9402315928807,1.0,27,0.1902058989117959,0.9402315928807,14
station_v0_bogota_grid_spawn1.3__MPC_TrackingG2V__seed21__2022-03-05,station_v0_bogota_grid_spawn1.3,spawn1.3,MPC_TrackingG2V,21,2022-03-05,weekend,-0.6250805631495513,106,96,106,21,0.9384097042253566,1.0,27,0.625080563149547,0.9384097042253566,21
station_v0_bogota_grid_spawn1.3__ChargeAsFastAsPossible__seed22__2022-01-17,station_v0_bogota_grid_spawn1.3,spawn1.3,ChargeAsFastAsPossible,22,2022-01-17,weekday,-0.7368432455786915,148,96,148,30,0.9364045851355668,1.0,27,0.7368432455786854,0.9364045851355668,30
station_v0_bogota_grid_spawn1.3__TD3_vanilla_extended_ts102__seed22__2022-01-17,station_v0_bogota_grid_spawn1.3,spawn1.3,TD3_vanilla_extended_ts102,22,2022-01-17,weekday,-0.7324184765149357,147,96,147,30,0.9362521691656318,1.0,27,0.7324184765149296,0.9362521691656318,30
station_v0_bogota_grid_spawn1.3__RoundRobin__seed22__2022-03-05,station_v0_bogota_grid_spawn1.3,spawn1.3,RoundRobin,22,2022-03-05,weekend,-0.475875811493047,95,96,95,19,0.9395812474513836,1.0,27,0.475875811493043,0.9395812474513836,19
station_v0_bogota_grid_spawn1.3__Optimal_Oracle_Tracking__seed22__2022-03-05,station_v0_bogota_grid_spawn1.3,spawn1.3,Optimal_Oracle_Tracking,22,2022-03-05,weekend,-0.4748929702237728,96,96,96,19,0.9397630843091676,1.0,27,0.4748929702237688,0.9397630843091676,19
station_v0_bogota_grid_spawn1.3__MPC_TrackingG2V__seed23__2022-01-17,station_v0_bogota_grid_spawn1.3,spawn1.3,MPC_TrackingG2V,23,2022-01-17,weekday,0.0,0,96,0,0,0.9553038117793132,1.0,27,0.0,0.9553038117793132,0
station_v0_bogota_grid_spawn1.3__ChargeAsFastAsPossible__seed23__2022-03-05,station_v0_bogota_grid_spawn1.3,spawn1.3,ChargeAsFastAsPossible,23,2022-03-05,weekend,-0.0187064119945097,18,96,18,6,0.9480111395439554,1.0,27,0.0187064119945089,0.9480111395439554,6
station_v0_bogota_grid_spawn1.3__TD3_vanilla_extended_ts102__seed23__2022-03-05,station_v0_bogota_grid_spawn1.3,spawn1.3,TD3_vanilla_extended_ts102,23,2022-03-05,weekend,-0.0187064119945097,18,96,18,6,0.9480111395439554,1.0,27,0.0187064119945089,0.9480111395439554,6
station_v0_bogota_grid_spawn1.3__RoundRobin__seed24__2022-01-17,station_v0_bogota_grid_spawn1.3,spawn1.3,RoundRobin,24,2022-01-17,weekday,-0.4216781563314952,82,96,82,17,0.936454632414044,1.0,27,0.4216781563314917,0.936454632414044,17
station_v0_bogota_grid_spawn1.3__Optimal_Oracle_Tracking__seed24__2022-01-17,station_v0_bogota_grid_spawn1.3,spawn1.3,Optimal_Oracle_Tracking,24,2022-01-17,weekday,-0.4196268364035768,82,96,82,17,0.9366060711768984,1.0,27,0.4196268364035733,0.9366060711768984,17
station_v0_bogota_grid_spawn1.3__MPC_TrackingG2V__seed24__2022-03-05,station_v0_bogota_grid_spawn1.3,spawn1.3,MPC_TrackingG2V,24,2022-03-05,weekend,-0.3075856988868787,71,96,71,15,0.9402075305188358,1.0,27,0.3075856988868757,0.9402075305188358,15
station_v0_bogota_grid_spawn1.3__ChargeAsFastAsPossible__seed25__2022-01-17,station_v0_bogota_grid_spawn1.3,spawn1.3,ChargeAsFastAsPossible,25,2022-01-17,weekday,-0.4445559422152697,92,96,92,18,0.9390398384306328,1.0,27,0.4445559422152658,0.9390398384306328,18
station_v0_bogota_grid_spawn1.3__TD3_vanilla_extended_ts102__seed25__2022-01-17,station_v0_bogota_grid_spawn1.3,spawn1.3,TD3_vanilla_extended_ts102,25,2022-01-17,weekday,-0.4447411236269191,91,96,91,18,0.9408176006287218,1.0,27,0.4447411236269153,0.9408176006287218,18
station_v0_bogota_grid_spawn1.3__RoundRobin__seed25__2022-03-05,station_v0_bogota_grid_spawn1.3,spawn1.3,RoundRobin,25,2022-03-05,weekend,-0.1756565774435039,53,96,53,12,0.944051903051222,1.0,27,0.1756565774435017,0.944051903051222,12
station_v0_bogota_grid_spawn1.3__Optimal_Oracle_Tracking__seed25__2022-03-05,station_v0_bogota_grid_spawn1.3,spawn1.3,Optimal_Oracle_Tracking,25,2022-03-05,weekend,-0.1796541477452343,57,96,57,13,0.9438225472459968,1.0,27,0.1796541477452319,0.9438225472459968,13
station_v0_bogota_grid_spawn1.3__MPC_TrackingG2V__seed26__2022-01-17,station_v0_bogota_grid_spawn1.3,spawn1.3,MPC_TrackingG2V,26,2022-01-17,weekday,-1.358313312577732,167,96,167,30,0.9309447054773088,1.0,27,1.358313312577725,0.9309447054773088,30
station_v0_bogota_grid_spawn1.3__ChargeAsFastAsPossible__seed26__2022-03-05,station_v0_bogota_grid_spawn1.3,spawn1.3,ChargeAsFastAsPossible,26,2022-03-05,weekend,-0.2089284791399552,67,96,67,15,0.9425099617064606,1.0,27,0.2089284791399525,0.9425099617064606,15
station_v0_bogota_grid_spawn1.3__TD3_vanilla_extended_ts102__seed26__2022-03-05,station_v0_bogota_grid_spawn1.3,spawn1.3,TD3_vanilla_extended_ts102,26,2022-03-05,weekend,-0.2088891335263376,67,96,67,15,0.9431745826953004,1.0,27,0.2088891335263348,0.9431745826953004,15
station_v0_bogota_grid_spawn1.3__RoundRobin__seed27__2022-01-17,station_v0_bogota_grid_spawn1.3,spawn1.3,RoundRobin,27,2022-01-17,weekday,-0.4632864732781825,85,96,85,18,0.9372792598866968,1.0,27,0.4632864732781789,0.9372792598866968,18
station_v0_bogota_grid_spawn1.3__Optimal_Oracle_Tracking__seed27__2022-01-17,station_v0_bogota_grid_spawn1.3,spawn1.3,Optimal_Oracle_Tracking,27,2022-01-17,weekday,-0.4521925440461505,86,96,86,18,0.9375880107626294,1.0,27,0.4521925440461469,0.9375880107626294,18
station_v0_bogota_grid_spawn1.3__MPC_TrackingG2V__seed27__2022-03-05,station_v0_bogota_grid_spawn1.3,spawn1.3,MPC_TrackingG2V,27,2022-03-05,weekend,-0.0013417067973946,5,96,5,3,0.9494562014799548,1.0,27,0.0013417067973944,0.9494562014799548,3
station_v0_bogota_grid_spawn1.3__ChargeAsFastAsPossible__seed28__2022-01-17,station_v0_bogota_grid_spawn1.3,spawn1.3,ChargeAsFastAsPossible,28,2022-01-17,weekday,-0.2032840836666583,67,96,67,16,0.9427349631056472,1.0,27,0.2032840836666555,0.9427349631056472,16
station_v0_bogota_grid_spawn1.3__TD3_vanilla_extended_ts102__seed28__2022-01-17,station_v0_bogota_grid_spawn1.3,spawn1.3,TD3_vanilla_extended_ts102,28,2022-01-17,weekday,-0.1966641194443678,63,96,63,15,0.9427349631056472,1.0,27,0.1966641194443652,0.9427349631056472,15
station_v0_bogota_grid_spawn1.3__RoundRobin__seed28__2022-03-05,station_v0_bogota_grid_spawn1.3,spawn1.3,RoundRobin,28,2022-03-05,weekend,-0.0033757247053562,9,96,9,4,0.9489595102547908,1.0,27,0.0033757247053558,0.9489595102547908,4
station_v0_bogota_grid_spawn1.3__Optimal_Oracle_Tracking__seed28__2022-03-05,station_v0_bogota_grid_spawn1.3,spawn1.3,Optimal_Oracle_Tracking,28,2022-03-05,weekend,-0.0014145701499621,4,96,4,2,0.9493243137438196,1.0,27,0.0014145701499619,0.9493243137438196,2
station_v0_bogota_grid_spawn1.3__MPC_TrackingG2V__seed29__2022-01-17,station_v0_bogota_grid_spawn1.3,spawn1.3,MPC_TrackingG2V,29,2022-01-17,weekday,-0.0209628806272074,18,96,18,6,0.947617875351969,1.0,27,0.0209628806272067,0.947617875351969,6
station_v0_bogota_grid_spawn1.3__ChargeAsFastAsPossible__seed29__2022-03-05,station_v0_bogota_grid_spawn1.3,spawn1.3,ChargeAsFastAsPossible,29,2022-03-05,weekend,-0.0179013520535007,23,96,23,8,0.9480162300089504,1.0,27,0.0179013520534997,0.9480162300089504,8
station_v0_bogota_grid_spawn1.3__TD3_vanilla_extended_ts102__seed29__2022-03-05,station_v0_bogota_grid_spawn1.3,spawn1.3,TD3_vanilla_extended_ts102,29,2022-03-05,weekend,-0.0179013520535007,23,96,23,8,0.9480162300089504,1.0,27,0.0179013520534997,0.9480162300089504,8
station_v0_bogota_grid_spawn1.3__RoundRobin__seed30__2022-01-17,station_v0_bogota_grid_spawn1.3,spawn1.3,RoundRobin,30,2022-01-17,weekday,-0.1815130052323192,58,96,58,13,0.943969770492193,1.0,27,0.1815130052323168,0.943969770492193,13
station_v0_bogota_grid_spawn1.3__Optimal_Oracle_Tracking__seed30__2022-01-17,station_v0_bogota_grid_spawn1.3,spawn1.3,Optimal_Oracle_Tracking,30,2022-01-17,weekday,-0.1774361402858181,59,96,59,14,0.9440118429614714,1.0,27,0.1774361402858156,0.9440118429614714,14
station_v0_bogota_grid_spawn1.3__MPC_TrackingG2V__seed30__2022-03-05,station_v0_bogota_grid_spawn1.3,spawn1.3,MPC_TrackingG2V,30,2022-03-05,weekend,-0.145646336623574,51,96,51,12,0.9447826674647448,1.0,27,0.1456463366235719,0.9447826674647448,12
station_v0_bogota_grid_spawn1.3__ChargeAsFastAsPossible__seed31__2022-01-17,station_v0_bogota_grid_spawn1.3,spawn1.3,ChargeAsFastAsPossible,31,2022-01-17,weekday,-1.402911761989167,208,96,208,38,0.9321494271069825,1.0,27,1.402911761989158,0.9321494271069825,38
station_v0_bogota_grid_spawn1.3__TD3_vanilla_extended_ts102__seed31__2022-01-17,station_v0_bogota_grid_spawn1.3,spawn1.3,TD3_vanilla_extended_ts102,31,2022-01-17,weekday,-1.3853899512104717,207,96,207,38,0.9321494271069825,1.0,27,1.3853899512104633,0.9321494271069825,38
station_v0_bogota_grid_spawn1.3__RoundRobin__seed31__2022-03-05,station_v0_bogota_grid_spawn1.3,spawn1.3,RoundRobin,31,2022-03-05,weekend,-0.0104430716776021,13,96,13,5,0.9482347959596936,1.0,27,0.0104430716776016,0.9482347959596936,5
station_v0_bogota_grid_spawn1.3__Optimal_Oracle_Tracking__seed31__2022-03-05,station_v0_bogota_grid_spawn1.3,spawn1.3,Optimal_Oracle_Tracking,31,2022-03-05,weekend,-0.0078132473077099,11,96,11,5,0.9484630556792816,1.0,27,0.0078132473077094,0.9484630556792816,5
station_v0_bogota_grid_spawn1.3__MPC_TrackingG2V__seed32__2022-01-17,station_v0_bogota_grid_spawn1.3,spawn1.3,MPC_TrackingG2V,32,2022-01-17,weekday,-0.782246086622606,132,96,132,27,0.9348313014286206,1.0,27,0.7822460866226005,0.9348313014286206,27
station_v0_bogota_grid_spawn1.3__ChargeAsFastAsPossible__seed32__2022-03-05,station_v0_bogota_grid_spawn1.3,spawn1.3,ChargeAsFastAsPossible,32,2022-03-05,weekend,-0.0178191657835663,15,96,15,5,0.9479015518162648,1.0,27,0.0178191657835656,0.9479015518162648,5
station_v0_bogota_grid_spawn1.3__TD3_vanilla_extended_ts102__seed32__2022-03-05,station_v0_bogota_grid_spawn1.3,spawn1.3,TD3_vanilla_extended_ts102,32,2022-03-05,weekend,-0.0208055740093514,18,96,18,6,0.9479405355417874,1.0,27,0.0208055740093506,0.9479405355417874,6
station_v0_bogota_grid_spawn1.3__RoundRobin__seed33__2022-01-17,station_v0_bogota_grid_spawn1.3,spawn1.3,RoundRobin,33,2022-01-17,weekday,-0.4545380973077969,80,96,80,15,0.937098529285906,1.0,27,0.4545380973077936,0.937098529285906,15
station_v0_bogota_grid_spawn1.3__Optimal_Oracle_Tracking__seed33__2022-01-17,station_v0_bogota_grid_spawn1.3,spawn1.3,Optimal_Oracle_Tracking,33,2022-01-17,weekday,-0.4504668586306448,83,96,83,16,0.937360724313416,1.0,27,0.4504668586306413,0.937360724313416,16
station_v0_bogota_grid_spawn1.3__MPC_TrackingG2V__seed33__2022-03-05,station_v0_bogota_grid_spawn1.3,spawn1.3,MPC_TrackingG2V,33,2022-03-05,weekend,-0.769697038683973,124,96,124,21,0.9376676011541786,1.0,27,0.7696970386839678,0.9376676011541786,21
station_v0_bogota_grid_spawn1.3__ChargeAsFastAsPossible__seed34__2022-01-17,station_v0_bogota_grid_spawn1.3,spawn1.3,ChargeAsFastAsPossible,34,2022-01-17,weekday,-0.0767495391902466,40,96,40,11,0.9456066158204988,1.0,27,0.0767495391902449,0.9456066158204988,11
station_v0_bogota_grid_spawn1.3__TD3_vanilla_extended_ts102__seed34__2022-01-17,station_v0_bogota_grid_spawn1.3,spawn1.3,TD3_vanilla_extended_ts102,34,2022-01-17,weekday,-0.0704150066215267,35,96,35,10,0.9455323333600968,1.0,27,0.0704150066215253,0.9455323333600968,10
station_v0_bogota_grid_spawn1.3__RoundRobin__seed34__2022-03-05,station_v0_bogota_grid_spawn1.3,spawn1.3,RoundRobin,34,2022-03-05,weekend,-0.2942318701871308,74,96,74,15,0.9411150414847832,1.0,27,0.2942318701871277,0.9411150414847832,15
station_v0_bogota_grid_spawn1.3__Optimal_Oracle_Tracking__seed34__2022-03-05,station_v0_bogota_grid_spawn1.3,spawn1.3,Optimal_Oracle_Tracking,34,2022-03-05,weekend,-0.312721866307277,75,96,75,15,0.9412714335500352,1.0,27,0.3127218663072739,0.9412714335500352,15
station_v0_bogota_grid_spawn1.3__MPC_TrackingG2V__seed35__2022-01-17,station_v0_bogota_grid_spawn1.3,spawn1.3,MPC_TrackingG2V,35,2022-01-17,weekday,-0.1252790544264511,50,96,50,14,0.9439680328930125,1.0,27,0.125279054426449,0.9439680328930125,14
station_v0_bogota_grid_spawn1.3__ChargeAsFastAsPossible__seed35__2022-03-05,station_v0_bogota_grid_spawn1.3,spawn1.3,ChargeAsFastAsPossible,35,2022-03-05,weekend,-0.1837169510093236,59,96,59,14,0.9436435296140944,1.0,27,0.1837169510093211,0.9436435296140944,14
station_v0_bogota_grid_spawn1.3__TD3_vanilla_extended_ts102__seed35__2022-03-05,station_v0_bogota_grid_spawn1.3,spawn1.3,TD3_vanilla_extended_ts102,35,2022-03-05,weekend,-0.1928475980770976,59,96,59,14,0.9428011369809784,1.0,27,0.1928475980770951,0.9428011369809784,14
station_v0_bogota_grid_spawn1.3__RoundRobin__seed36__2022-01-17,station_v0_bogota_grid_spawn1.3,spawn1.3,RoundRobin,36,2022-01-17,weekday,-0.7510219735291059,168,96,168,36,0.9379323881795084,1.0,27,0.7510219735290988,0.9379323881795084,36
station_v0_bogota_grid_spawn1.3__Optimal_Oracle_Tracking__seed36__2022-01-17,station_v0_bogota_grid_spawn1.3,spawn1.3,Optimal_Oracle_Tracking,36,2022-01-17,weekday,-0.7418870825317823,164,96,164,37,0.9374027388621836,1.0,27,0.7418870825317754,0.9374027388621836,37
station_v0_bogota_grid_spawn1.3__MPC_TrackingG2V__seed36__2022-03-05,station_v0_bogota_grid_spawn1.3,spawn1.3,MPC_TrackingG2V,36,2022-03-05,weekend,-0.6715027916151062,112,96,112,21,0.9380360575819512,1.0,27,0.6715027916151015,0.9380360575819512,21
station_v0_bogota_grid_spawn1.3__ChargeAsFastAsPossible__seed37__2022-01-17,station_v0_bogota_grid_spawn1.3,spawn1.3,ChargeAsFastAsPossible,37,2022-01-17,weekday,-0.079556709342399,32,96,32,9,0.9454621750353576,1.0,27,0.0795567093423976,0.9454621750353576,9
station_v0_bogota_grid_spawn1.3__TD3_vanilla_extended_ts102__seed37__2022-01-17,station_v0_bogota_grid_spawn1.3,spawn1.3,TD3_vanilla_extended_ts102,37,2022-01-17,weekday,-0.079556709342399,32,96,32,9,0.9454621750353576,1.0,27,0.0795567093423976,0.9454621750353576,9
station_v0_bogota_grid_spawn1.3__RoundRobin__seed37__2022-03-05,station_v0_bogota_grid_spawn1.3,spawn1.3,RoundRobin,37,2022-03-05,weekend,0.0,0,96,0,0,0.9501737202920292,1.0,27,0.0,0.9501737202920292,0
station_v0_bogota_grid_spawn1.3__Optimal_Oracle_Tracking__seed37__2022-03-05,station_v0_bogota_grid_spawn1.3,spawn1.3,Optimal_Oracle_Tracking,37,2022-03-05,weekend,0.0,0,96,0,0,0.9504963057046872,1.0,27,0.0,0.9504963057046872,0
station_v0_bogota_grid_spawn1.3__MPC_TrackingG2V__seed38__2022-01-17,station_v0_bogota_grid_spawn1.3,spawn1.3,MPC_TrackingG2V,38,2022-01-17,weekday,-0.0304279200677554,18,96,18,5,0.946803995927418,1.0,27,0.0304279200677547,0.946803995927418,5
station_v0_bogota_grid_spawn1.3__ChargeAsFastAsPossible__seed38__2022-03-05,station_v0_bogota_grid_spawn1.3,spawn1.3,ChargeAsFastAsPossible,38,2022-03-05,weekend,-0.3366315941603507,82,96,82,17,0.94167315489337,1.0,27,0.3366315941603472,0.94167315489337,17
station_v0_bogota_grid_spawn1.3__TD3_vanilla_extended_ts102__seed38__2022-03-05,station_v0_bogota_grid_spawn1.3,spawn1.3,TD3_vanilla_extended_ts102,38,2022-03-05,weekend,-0.3366353599541487,82,96,82,17,0.9410071836946682,1.0,27,0.3366353599541453,0.9410071836946682,17
station_v0_bogota_grid_spawn1.3__RoundRobin__seed39__2022-01-17,station_v0_bogota_grid_spawn1.3,spawn1.3,RoundRobin,39,2022-01-17,weekday,0.0,0,96,0,0,0.9506673768176238,1.0,27,0.0,0.9506673768176238,0
station_v0_bogota_grid_spawn1.3__Optimal_Oracle_Tracking__seed39__2022-01-17,station_v0_bogota_grid_spawn1.3,spawn1.3,Optimal_Oracle_Tracking,39,2022-01-17,weekday,0.0,0,96,0,0,0.9503909711386213,1.0,27,0.0,0.9503909711386213,0
station_v0_bogota_grid_spawn1.3__MPC_TrackingG2V__seed39__2022-03-05,station_v0_bogota_grid_spawn1.3,spawn1.3,MPC_TrackingG2V,39,2022-03-05,weekend,0.0,0,96,0,0,0.9509708386043664,1.0036176541918145,27,0.0,0.9509708386043664,0
station_v0_bogota_grid_spawn1.3__ChargeAsFastAsPossible__seed40__2022-01-17,station_v0_bogota_grid_spawn1.3,spawn1.3,ChargeAsFastAsPossible,40,2022-01-17,weekday,-1.0438615141693763,185,96,185,35,0.9333573640823202,1.0,27,1.0438615141693686,0.9333573640823202,35
station_v0_bogota_grid_spawn1.3__TD3_vanilla_extended_ts102__seed40__2022-01-17,station_v0_bogota_grid_spawn1.3,spawn1.3,TD3_vanilla_extended_ts102,40,2022-01-17,weekday,-1.0301716045025422,182,96,182,35,0.9333573640823202,1.0,27,1.0301716045025346,0.9333573640823202,35
station_v0_bogota_grid_spawn1.3__RoundRobin__seed40__2022-03-05,station_v0_bogota_grid_spawn1.3,spawn1.3,RoundRobin,40,2022-03-05,weekend,-0.0797203948385112,38,96,38,9,0.945578817771312,1.0,27,0.0797203948385096,0.945578817771312,9
station_v0_bogota_grid_spawn1.3__Optimal_Oracle_Tracking__seed40__2022-03-05,station_v0_bogota_grid_spawn1.3,spawn1.3,Optimal_Oracle_Tracking,40,2022-03-05,weekend,-0.0787457700986793,40,96,40,10,0.9458995565362756,1.0,27,0.0787457700986776,0.9458995565362756,10
station_v0_bogota_grid_spawn1.3__MPC_TrackingG2V__seed41__2022-01-17,station_v0_bogota_grid_spawn1.3,spawn1.3,MPC_TrackingG2V,41,2022-01-17,weekday,-0.0401935537830144,24,96,24,7,0.9466003058842746,1.0,27,0.0401935537830134,0.9466003058842746,7
station_v0_bogota_grid_spawn1.3__ChargeAsFastAsPossible__seed41__2022-03-05,station_v0_bogota_grid_spawn1.3,spawn1.3,ChargeAsFastAsPossible,41,2022-03-05,weekend,-0.8333193116631306,142,96,142,28,0.9359227464368997,1.0,27,0.8333193116631246,0.9359227464368997,28
station_v0_bogota_grid_spawn1.3__TD3_vanilla_extended_ts102__seed41__2022-03-05,station_v0_bogota_grid_spawn1.3,spawn1.3,TD3_vanilla_extended_ts102,41,2022-03-05,weekend,-0.8333579704353835,142,96,142,28,0.9342267776028907,1.0,27,0.8333579704353775,0.9342267776028907,28
station_v0_bogota_grid_spawn1.3__RoundRobin__seed42__2022-01-17,station_v0_bogota_grid_spawn1.3,spawn1.3,RoundRobin,42,2022-01-17,weekday,-0.2506510402242932,79,96,79,20,0.9421654771369464,1.0,27,0.2506510402242899,0.9421654771369464,20
station_v0_bogota_grid_spawn1.3__Optimal_Oracle_Tracking__seed42__2022-01-17,station_v0_bogota_grid_spawn1.3,spawn1.3,Optimal_Oracle_Tracking,42,2022-01-17,weekday,-0.2409336470295806,75,96,75,18,0.9424291964994757,1.0,27,0.2409336470295775,0.9424291964994757,18
station_v0_bogota_grid_spawn1.3__MPC_TrackingG2V__seed42__2022-03-05,station_v0_bogota_grid_spawn1.3,spawn1.3,MPC_TrackingG2V,42,2022-03-05,weekend,-0.4443054372455328,93,96,93,19,0.9397086617178688,1.0,27,0.4443054372455289,0.9397086617178688,19
station_v0_bogota_grid_spawn1.3__ChargeAsFastAsPossible__seed43__2022-01-17,station_v0_bogota_grid_spawn1.3,spawn1.3,ChargeAsFastAsPossible,43,2022-01-17,weekday,-0.8984093443301064,164,96,164,31,0.9342312568881688,1.0,27,0.8984093443300997,0.9342312568881688,31
station_v0_bogota_grid_spawn1.3__TD3_vanilla_extended_ts102__seed43__2022-01-17,station_v0_bogota_grid_spawn1.3,spawn1.3,TD3_vanilla_extended_ts102,43,2022-01-17,weekday,-0.8973664714406098,165,96,165,31,0.9342604025162348,1.0,27,0.897366471440603,0.9342604025162348,31
station_v0_bogota_grid_spawn1.3__RoundRobin__seed43__2022-03-05,station_v0_bogota_grid_spawn1.3,spawn1.3,RoundRobin,43,2022-03-05,weekend,-0.0076203998000429,12,96,12,6,0.9486954117279168,1.0,27,0.0076203998000424,0.9486954117279168,6
station_v0_bogota_grid_spawn1.3__Optimal_Oracle_Tracking__seed43__2022-03-05,station_v0_bogota_grid_spawn1.3,spawn1.3,Optimal_Oracle_Tracking,43,2022-03-05,weekend,-0.0062859216620807,10,96,10,4,0.948823750299608,1.0,27,0.0062859216620803,0.948823750299608,4
station_v0_bogota_grid_spawn1.3__MPC_TrackingG2V__seed44__2022-01-17,station_v0_bogota_grid_spawn1.3,spawn1.3,MPC_TrackingG2V,44,2022-01-17,weekday,0.0,0,96,0,0,0.9557333037576988,1.0,27,0.0,0.9557333037576988,0
station_v0_bogota_grid_spawn1.3__ChargeAsFastAsPossible__seed44__2022-03-05,station_v0_bogota_grid_spawn1.3,spawn1.3,ChargeAsFastAsPossible,44,2022-03-05,weekend,-0.9991156397411628,131,96,131,21,0.935388119901966,1.0,27,0.9991156397411574,0.935388119901966,21
station_v0_bogota_grid_spawn1.3__TD3_vanilla_extended_ts102__seed44__2022-03-05,station_v0_bogota_grid_spawn1.3,spawn1.3,TD3_vanilla_extended_ts102,44,2022-03-05,weekend,-1.00148545473852,131,96,131,21,0.9327185568561176,1.0,27,1.0014854547385146,0.9327185568561176,21
station_v0_bogota_grid_spawn1.3__RoundRobin__seed45__2022-01-17,station_v0_bogota_grid_spawn1.3,spawn1.3,RoundRobin,45,2022-01-17,weekday,-0.2698819573786594,74,96,74,16,0.9418586251590982,1.0,27,0.2698819573786563,0.9418586251590982,16
station_v0_bogota_grid_spawn1.3__Optimal_Oracle_Tracking__seed45__2022-01-17,station_v0_bogota_grid_spawn1.3,spawn1.3,Optimal_Oracle_Tracking,45,2022-01-17,weekday,-0.2695068761018643,73,96,73,16,0.94217077285594,1.0,27,0.2695068761018613,0.94217077285594,16
station_v0_bogota_grid_spawn1.3__MPC_TrackingG2V__seed45__2022-03-05,station_v0_bogota_grid_spawn1.3,spawn1.3,MPC_TrackingG2V,45,2022-03-05,weekend,-0.3436411724652142,76,96,76,16,0.9411205423754808,1.0,27,0.3436411724652111,0.9411205423754808,16
station_v0_bogota_grid_spawn1.3__ChargeAsFastAsPossible__seed46__2022-01-17,station_v0_bogota_grid_spawn1.3,spawn1.3,ChargeAsFastAsPossible,46,2022-01-17,weekday,-1.4466362677597924,181,96,181,32,0.929462444768708,1.0,27,1.4466362677597848,0.929462444768708,32
station_v0_bogota_grid_spawn1.3__TD3_vanilla_extended_ts102__seed46__2022-01-17,station_v0_bogota_grid_spawn1.3,spawn1.3,TD3_vanilla_extended_ts102,46,2022-01-17,weekday,-1.4328275524766312,186,96,186,34,0.929462444768708,1.0,27,1.4328275524766236,0.929462444768708,34
station_v0_bogota_grid_spawn1.3__RoundRobin__seed46__2022-03-05,station_v0_bogota_grid_spawn1.3,spawn1.3,RoundRobin,46,2022-03-05,weekend,-0.1135756936574514,50,96,50,12,0.9454679846113162,1.0,27,0.1135756936574493,0.9454679846113162,12
station_v0_bogota_grid_spawn1.3__Optimal_Oracle_Tracking__seed46__2022-03-05,station_v0_bogota_grid_spawn1.3,spawn1.3,Optimal_Oracle_Tracking,46,2022-03-05,weekend,-0.1249932572962821,52,96,52,12,0.94575660963054,1.0,27,0.1249932572962799,0.94575660963054,12
station_v0_bogota_grid_spawn1.3__MPC_TrackingG2V__seed47__2022-01-17,station_v0_bogota_grid_spawn1.3,spawn1.3,MPC_TrackingG2V,47,2022-01-17,weekday,-0.1815883921970037,53,96,53,12,0.9426474037085348,1.0,27,0.1815883921970015,0.9426474037085348,12
station_v0_bogota_grid_spawn1.3__ChargeAsFastAsPossible__seed47__2022-03-05,station_v0_bogota_grid_spawn1.3,spawn1.3,ChargeAsFastAsPossible,47,2022-03-05,weekend,-0.3185840416606748,69,96,69,14,0.9409852860977308,1.0,27,0.3185840416606719,0.9409852860977308,14
station_v0_bogota_grid_spawn1.3__TD3_vanilla_extended_ts102__seed47__2022-03-05,station_v0_bogota_grid_spawn1.3,spawn1.3,TD3_vanilla_extended_ts102,47,2022-03-05,weekend,-0.3232312921148823,67,96,67,13,0.9401391894181488,1.0,27,0.3232312921148795,0.9401391894181488,13
station_v0_bogota_grid_spawn1.3__RoundRobin__seed48__2022-01-17,station_v0_bogota_grid_spawn1.3,spawn1.3,RoundRobin,48,2022-01-17,weekday,-0.0782907375380522,44,96,44,12,0.9459919958444926,1.0,27,0.0782907375380503,0.9459919958444926,12
station_v0_bogota_grid_spawn1.3__Optimal_Oracle_Tracking__seed48__2022-01-17,station_v0_bogota_grid_spawn1.3,spawn1.3,Optimal_Oracle_Tracking,48,2022-01-17,weekday,-0.07633606912287,39,96,39,11,0.9455357771377604,1.0,27,0.0763360691228683,0.9455357771377604,11
station_v0_bogota_grid_spawn1.3__MPC_TrackingG2V__seed48__2022-03-05,station_v0_bogota_grid_spawn1.3,spawn1.3,MPC_TrackingG2V,48,2022-03-05,weekend,-0.4334673637019229,89,96,89,18,0.9399274391244058,1.0,27,0.4334673637019193,0.9399274391244058,18
station_v0_bogota_grid_spawn1.3__ChargeAsFastAsPossible__seed49__2022-01-17,station_v0_bogota_grid_spawn1.3,spawn1.3,ChargeAsFastAsPossible,49,2022-01-17,weekday,-0.4289820761254847,121,96,121,28,0.941654372071436,1.0,27,0.4289820761254796,0.941654372071436,28
station_v0_bogota_grid_spawn1.3__TD3_vanilla_extended_ts102__seed49__2022-01-17,station_v0_bogota_grid_spawn1.3,spawn1.3,TD3_vanilla_extended_ts102,49,2022-01-17,weekday,-0.3938048326208198,118,96,118,28,0.941654372071436,1.0,27,0.3938048326208149,0.941654372071436,28
station_v0_bogota_grid_spawn1.3__RoundRobin__seed49__2022-03-05,station_v0_bogota_grid_spawn1.3,spawn1.3,RoundRobin,49,2022-03-05,weekend,-0.018671370342126,20,96,20,6,0.9479399536942152,1.0,27,0.0186713703421251,0.9479399536942152,6
station_v0_bogota_grid_spawn1.3__Optimal_Oracle_Tracking__seed49__2022-03-05,station_v0_bogota_grid_spawn1.3,spawn1.3,Optimal_Oracle_Tracking,49,2022-03-05,weekend,-0.0176122940788742,18,96,18,7,0.9478231899111756,1.0,27,0.0176122940788735,0.9478231899111756,7
station_v0_bogota_grid_spawn1.6__MPC_TrackingG2V__seed0__2022-01-17,station_v0_bogota_grid_spawn1.6,spawn1.6,MPC_TrackingG2V,0,2022-01-17,weekday,-0.7631990161607849,166,96,166,36,0.938232716828297,1.0,27,0.7631990161607779,0.938232716828297,36
station_v0_bogota_grid_spawn1.6__ChargeAsFastAsPossible__seed0__2022-03-05,station_v0_bogota_grid_spawn1.6,spawn1.6,ChargeAsFastAsPossible,0,2022-03-05,weekend,-0.2964320450521234,79,96,79,17,0.9425647098357806,1.0,27,0.29643204505212,0.9425647098357806,17
station_v0_bogota_grid_spawn1.6__TD3_vanilla_extended_ts102__seed0__2022-03-05,station_v0_bogota_grid_spawn1.6,spawn1.6,TD3_vanilla_extended_ts102,0,2022-03-05,weekend,-0.3158458236834032,81,96,81,17,0.9425647098357806,1.0,27,0.3158458236833998,0.9425647098357806,17
station_v0_bogota_grid_spawn1.6__RoundRobin__seed1__2022-01-17,station_v0_bogota_grid_spawn1.6,spawn1.6,RoundRobin,1,2022-01-17,weekday,-0.0037974803710062,5,96,5,2,0.9485132294356748,1.0,27,0.003797480371006,0.9485132294356748,2
station_v0_bogota_grid_spawn1.6__Optimal_Oracle_Tracking__seed1__2022-01-17,station_v0_bogota_grid_spawn1.6,spawn1.6,Optimal_Oracle_Tracking,1,2022-01-17,weekday,-0.0026515076414247,3,96,3,1,0.9488208467548775,1.0,27,0.0026515076414246,0.9488208467548775,1
station_v0_bogota_grid_spawn1.6__MPC_TrackingG2V__seed1__2022-03-05,station_v0_bogota_grid_spawn1.6,spawn1.6,MPC_TrackingG2V,1,2022-03-05,weekend,-0.0007357683128647,3,96,3,1,0.9496233654468076,1.0003934158604364,27,0.0007357683128645,0.9496233654468076,1
station_v0_bogota_grid_spawn1.6__ChargeAsFastAsPossible__seed2__2022-01-17,station_v0_bogota_grid_spawn1.6,spawn1.6,ChargeAsFastAsPossible,2,2022-01-17,weekday,0.0,0,96,0,0,0.950790238560764,1.0,27,0.0,0.950790238560764,0
station_v0_bogota_grid_spawn1.6__TD3_vanilla_extended_ts102__seed2__2022-01-17,station_v0_bogota_grid_spawn1.6,spawn1.6,TD3_vanilla_extended_ts102,2,2022-01-17,weekday,0.0,0,96,0,0,0.950790238560764,1.0,27,0.0,0.950790238560764,0
station_v0_bogota_grid_spawn1.6__RoundRobin__seed2__2022-03-05,station_v0_bogota_grid_spawn1.6,spawn1.6,RoundRobin,2,2022-03-05,weekend,0.0,0,96,0,0,0.9517386972858296,1.0,27,0.0,0.9517386972858296,0
station_v0_bogota_grid_spawn1.6__Optimal_Oracle_Tracking__seed2__2022-03-05,station_v0_bogota_grid_spawn1.6,spawn1.6,Optimal_Oracle_Tracking,2,2022-03-05,weekend,0.0,0,96,0,0,0.9519161542853732,1.0,27,0.0,0.9519161542853732,0
station_v0_bogota_grid_spawn1.6__MPC_TrackingG2V__seed3__2022-01-17,station_v0_bogota_grid_spawn1.6,spawn1.6,MPC_TrackingG2V,3,2022-01-17,weekday,-0.6263772591039921,110,96,110,21,0.9362332839165708,1.0,27,0.6263772591039876,0.9362332839165708,21
station_v0_bogota_grid_spawn1.6__ChargeAsFastAsPossible__seed3__2022-03-05,station_v0_bogota_grid_spawn1.6,spawn1.6,ChargeAsFastAsPossible,3,2022-03-05,weekend,-0.1473685623024851,51,96,51,12,0.9437869125087398,1.0,27,0.147368562302483,0.9437869125087398,12
station_v0_bogota_grid_spawn1.6__TD3_vanilla_extended_ts102__seed3__2022-03-05,station_v0_bogota_grid_spawn1.6,spawn1.6,TD3_vanilla_extended_ts102,3,2022-03-05,weekend,-0.14711412017748,51,96,51,12,0.9437869125087398,1.0,27,0.1471141201774779,0.9437869125087398,12
station_v0_bogota_grid_spawn1.6__RoundRobin__seed4__2022-01-17,station_v0_bogota_grid_spawn1.6,spawn1.6,RoundRobin,4,2022-01-17,weekday,-0.5521478868404635,101,96,101,20,0.9364248069491102,1.0,27,0.5521478868404592,0.9364248069491102,20
station_v0_bogota_grid_spawn1.6__Optimal_Oracle_Tracking__seed4__2022-01-17,station_v0_bogota_grid_spawn1.6,spawn1.6,Optimal_Oracle_Tracking,4,2022-01-17,weekday,-0.5573773191554616,99,96,99,20,0.9367173148924955,1.0,27,0.5573773191554575,0.9367173148924955,20
station_v0_bogota_grid_spawn1.6__MPC_TrackingG2V__seed4__2022-03-05,station_v0_bogota_grid_spawn1.6,spawn1.6,MPC_TrackingG2V,4,2022-03-05,weekend,-0.6832312087470787,106,96,106,19,0.9369840911350696,1.0,27,0.6832312087470742,0.9369840911350696,19
station_v0_bogota_grid_spawn1.6__ChargeAsFastAsPossible__seed5__2022-01-17,station_v0_bogota_grid_spawn1.6,spawn1.6,ChargeAsFastAsPossible,5,2022-01-17,weekday,-0.0822635939869391,29,96,29,7,0.9442939502924146,1.0,27,0.0822635939869379,0.9442939502924146,7
station_v0_bogota_grid_spawn1.6__TD3_vanilla_extended_ts102__seed5__2022-01-17,station_v0_bogota_grid_spawn1.6,spawn1.6,TD3_vanilla_extended_ts102,5,2022-01-17,weekday,-0.0816936097602775,30,96,30,7,0.9442939502924146,1.0,27,0.0816936097602762,0.9442939502924146,7
station_v0_bogota_grid_spawn1.6__RoundRobin__seed5__2022-03-05,station_v0_bogota_grid_spawn1.6,spawn1.6,RoundRobin,5,2022-03-05,weekend,-0.04620475136562,29,96,29,8,0.9469670363659988,1.0,27,0.0462047513656188,0.9469670363659988,8
station_v0_bogota_grid_spawn1.6__Optimal_Oracle_Tracking__seed5__2022-03-05,station_v0_bogota_grid_spawn1.6,spawn1.6,Optimal_Oracle_Tracking,5,2022-03-05,weekend,-0.0413102934664493,29,96,29,8,0.9471617441224396,1.0,27,0.0413102934664481,0.9471617441224396,8
station_v0_bogota_grid_spawn1.6__MPC_TrackingG2V__seed6__2022-01-17,station_v0_bogota_grid_spawn1.6,spawn1.6,MPC_TrackingG2V,6,2022-01-17,weekday,-0.0219437353144161,20,96,20,6,0.9477402993042228,1.0,27,0.0219437353144152,0.9477402993042228,6
station_v0_bogota_grid_spawn1.6__ChargeAsFastAsPossible__seed6__2022-03-05,station_v0_bogota_grid_spawn1.6,spawn1.6,ChargeAsFastAsPossible,6,2022-03-05,weekend,-0.0004749874319054,4,96,4,2,0.9497482353516662,1.0,27,0.0004749874319053,0.9497482353516662,2
station_v0_bogota_grid_spawn1.6__TD3_vanilla_extended_ts102__seed6__2022-03-05,station_v0_bogota_grid_spawn1.6,spawn1.6,TD3_vanilla_extended_ts102,6,2022-03-05,weekend,-0.0004749874319054,4,96,4,2,0.9497482353516662,1.0,27,0.0004749874319053,0.9497482353516662,2
station_v0_bogota_grid_spawn1.6__RoundRobin__seed7__2022-01-17,station_v0_bogota_grid_spawn1.6,spawn1.6,RoundRobin,7,2022-01-17,weekday,-0.1505334335118682,40,96,40,9,0.9429254917972166,1.0,27,0.1505334335118665,0.9429254917972166,9
station_v0_bogota_grid_spawn1.6__Optimal_Oracle_Tracking__seed7__2022-01-17,station_v0_bogota_grid_spawn1.6,spawn1.6,Optimal_Oracle_Tracking,7,2022-01-17,weekday,-0.1624212075849535,42,96,42,9,0.9424043239552194,1.0,27,0.1624212075849518,0.9424043239552194,9
station_v0_bogota_grid_spawn1.6__MPC_TrackingG2V__seed7__2022-03-05,station_v0_bogota_grid_spawn1.6,spawn1.6,MPC_TrackingG2V,7,2022-03-05,weekend,-0.0002738959058885,2,96,2,1,0.9498156854516184,1.0,27,0.0002738959058884,0.9498156854516184,1
station_v0_bogota_grid_spawn1.6__ChargeAsFastAsPossible__seed8__2022-01-17,station_v0_bogota_grid_spawn1.6,spawn1.6,ChargeAsFastAsPossible,8,2022-01-17,weekday,-1.1205624814791817,190,96,190,38,0.9328436611975244,1.0,27,1.1205624814791737,0.9328436611975244,38
station_v0_bogota_grid_spawn1.6__TD3_vanilla_extended_ts102__seed8__2022-01-17,station_v0_bogota_grid_spawn1.6,spawn1.6,TD3_vanilla_extended_ts102,8,2022-01-17,weekday,-1.0990076585253368,193,96,193,41,0.9333332196138197,1.0,27,1.0990076585253288,0.9333332196138197,41
station_v0_bogota_grid_spawn1.6__RoundRobin__seed8__2022-03-05,station_v0_bogota_grid_spawn1.6,spawn1.6,RoundRobin,8,2022-03-05,weekend,0.0,0,96,0,0,0.9506464965246192,1.0,27,0.0,0.9506464965246192,0
station_v0_bogota_grid_spawn1.6__Optimal_Oracle_Tracking__seed8__2022-03-05,station_v0_bogota_grid_spawn1.6,spawn1.6,Optimal_Oracle_Tracking,8,2022-03-05,weekend,0.0,0,96,0,0,0.951138658179113,1.0,27,0.0,0.951138658179113,0
station_v0_bogota_grid_spawn1.6__MPC_TrackingG2V__seed9__2022-01-17,station_v0_bogota_grid_spawn1.6,spawn1.6,MPC_TrackingG2V,9,2022-01-17,weekday,-0.1704327121252804,51,96,51,12,0.9421933508782004,1.0,27,0.1704327121252783,0.9421933508782004,12
station_v0_bogota_grid_spawn1.6__ChargeAsFastAsPossible__seed9__2022-03-05,station_v0_bogota_grid_spawn1.6,spawn1.6,ChargeAsFastAsPossible,9,2022-03-05,weekend,-0.4848082299456697,93,96,93,18,0.9398874627286984,1.0,27,0.4848082299456658,0.9398874627286984,18
station_v0_bogota_grid_spawn1.6__TD3_vanilla_extended_ts102__seed9__2022-03-05,station_v0_bogota_grid_spawn1.6,spawn1.6,TD3_vanilla_extended_ts102,9,2022-03-05,weekend,-0.4835972007068521,93,96,93,18,0.9401383590529748,1.0,27,0.4835972007068482,0.9401383590529748,18
station_v0_bogota_grid_spawn1.6__RoundRobin__seed10__2022-01-17,station_v0_bogota_grid_spawn1.6,spawn1.6,RoundRobin,10,2022-01-17,weekday,-0.0477680751242278,26,96,26,7,0.9462373741448032,1.0,27,0.0477680751242267,0.9462373741448032,7
station_v0_bogota_grid_spawn1.6__Optimal_Oracle_Tracking__seed10__2022-01-17,station_v0_bogota_grid_spawn1.6,spawn1.6,Optimal_Oracle_Tracking,10,2022-01-17,weekday,-0.0448625986321114,25,96,25,7,0.9464781766751896,1.0,27,0.0448625986321103,0.9464781766751896,7
station_v0_bogota_grid_spawn1.6__MPC_TrackingG2V__seed10__2022-03-05,station_v0_bogota_grid_spawn1.6,spawn1.6,MPC_TrackingG2V,10,2022-03-05,weekend,-0.1673135067936177,51,96,51,12,0.9437076190197408,1.0,27,0.1673135067936156,0.9437076190197408,12
station_v0_bogota_grid_spawn1.6__ChargeAsFastAsPossible__seed11__2022-01-17,station_v0_bogota_grid_spawn1.6,spawn1.6,ChargeAsFastAsPossible,11,2022-01-17,weekday,-0.0150979482344014,18,96,18,7,0.9473087481225292,1.0,27,0.0150979482344006,0.9473087481225292,7
station_v0_bogota_grid_spawn1.6__TD3_vanilla_extended_ts102__seed11__2022-01-17,station_v0_bogota_grid_spawn1.6,spawn1.6,TD3_vanilla_extended_ts102,11,2022-01-17,weekday,-0.0191394254319513,17,96,17,6,0.9470173561289512,1.0,27,0.0191394254319506,0.9470173561289512,6
station_v0_bogota_grid_spawn1.6__RoundRobin__seed11__2022-03-05,station_v0_bogota_grid_spawn1.6,spawn1.6,RoundRobin,11,2022-03-05,weekend,-0.0097248433308674,13,96,13,5,0.9482569724684076,1.0,27,0.0097248433308668,0.9482569724684076,5
station_v0_bogota_grid_spawn1.6__Optimal_Oracle_Tracking__seed11__2022-03-05,station_v0_bogota_grid_spawn1.6,spawn1.6,Optimal_Oracle_Tracking,11,2022-03-05,weekend,-0.0115247702802273,12,96,12,4,0.9476207618925232,1.0,27,0.0115247702802268,0.9476207618925232,4
station_v0_bogota_grid_spawn1.6__MPC_TrackingG2V__seed12__2022-01-17,station_v0_bogota_grid_spawn1.6,spawn1.6,MPC_TrackingG2V,12,2022-01-17,weekday,-0.4891270446312286,93,96,93,18,0.9392264920021308,1.0,27,0.4891270446312247,0.9392264920021308,18
station_v0_bogota_grid_spawn1.6__ChargeAsFastAsPossible__seed12__2022-03-05,station_v0_bogota_grid_spawn1.6,spawn1.6,ChargeAsFastAsPossible,12,2022-03-05,weekend,-1.3295915889480674,162,96,162,26,0.931257534480084,1.0,27,1.3295915889480607,0.931257534480084,26
station_v0_bogota_grid_spawn1.6__TD3_vanilla_extended_ts102__seed12__2022-03-05,station_v0_bogota_grid_spawn1.6,spawn1.6,TD3_vanilla_extended_ts102,12,2022-03-05,weekend,-1.3296055933100548,162,96,162,26,0.931257534480084,1.0,27,1.329605593310048,0.931257534480084,26
station_v0_bogota_grid_spawn1.6__RoundRobin__seed13__2022-01-17,station_v0_bogota_grid_spawn1.6,spawn1.6,RoundRobin,13,2022-01-17,weekday,0.0,0,96,0,0,0.9503678626078426,1.0,27,0.0,0.9503678626078426,0
station_v0_bogota_grid_spawn1.6__Optimal_Oracle_Tracking__seed13__2022-01-17,station_v0_bogota_grid_spawn1.6,spawn1.6,Optimal_Oracle_Tracking,13,2022-01-17,weekday,0.0,0,96,0,0,0.950365407735645,1.0,27,0.0,0.950365407735645,0
station_v0_bogota_grid_spawn1.6__MPC_TrackingG2V__seed13__2022-03-05,station_v0_bogota_grid_spawn1.6,spawn1.6,MPC_TrackingG2V,13,2022-03-05,weekend,-0.1553618759708699,51,96,51,11,0.9434770981938392,1.0,27,0.1553618759708678,0.9434770981938392,11
station_v0_bogota_grid_spawn1.6__ChargeAsFastAsPossible__seed14__2022-01-17,station_v0_bogota_grid_spawn1.6,spawn1.6,ChargeAsFastAsPossible,14,2022-01-17,weekday,-0.3471921698659014,83,96,83,19,0.9399063617864608,1.0,27,0.3471921698658979,0.9399063617864608,19
station_v0_bogota_grid_spawn1.6__TD3_vanilla_extended_ts102__seed14__2022-01-17,station_v0_bogota_grid_spawn1.6,spawn1.6,TD3_vanilla_extended_ts102,14,2022-01-17,weekday,-0.3439928285485863,80,96,80,18,0.9399063617864608,1.0,27,0.343992828548583,0.9399063617864608,18
station_v0_bogota_grid_spawn1.6__RoundRobin__seed14__2022-03-05,station_v0_bogota_grid_spawn1.6,spawn1.6,RoundRobin,14,2022-03-05,weekend,-0.2931039701522345,82,96,82,18,0.9426085496612068,1.0,27,0.2931039701522311,0.9426085496612068,18
station_v0_bogota_grid_spawn1.6__Optimal_Oracle_Tracking__seed14__2022-03-05,station_v0_bogota_grid_spawn1.6,spawn1.6,Optimal_Oracle_Tracking,14,2022-03-05,weekend,-0.3062482440278405,85,96,85,18,0.9429732058246828,1.0,27,0.306248244027837,0.9429732058246828,18
station_v0_bogota_grid_spawn1.6__MPC_TrackingG2V__seed15__2022-01-17,station_v0_bogota_grid_spawn1.6,spawn1.6,MPC_TrackingG2V,15,2022-01-17,weekday,-0.2127604377101316,61,96,61,14,0.9424057170074592,1.0,27,0.2127604377101291,0.9424057170074592,14
station_v0_bogota_grid_spawn1.6__ChargeAsFastAsPossible__seed15__2022-03-05,station_v0_bogota_grid_spawn1.6,spawn1.6,ChargeAsFastAsPossible,15,2022-03-05,weekend,-0.0087701498891118,14,96,14,6,0.9487791892988294,1.0,27,0.0087701498891112,0.9487791892988294,6
station_v0_bogota_grid_spawn1.6__TD3_vanilla_extended_ts102__seed15__2022-03-05,station_v0_bogota_grid_spawn1.6,spawn1.6,TD3_vanilla_extended_ts102,15,2022-03-05,weekend,-0.0170512921494421,19,96,19,7,0.9474777850094064,1.0,27,0.0170512921494413,0.9474777850094064,7
station_v0_bogota_grid_spawn1.6__RoundRobin__seed16__2022-01-17,station_v0_bogota_grid_spawn1.6,spawn1.6,RoundRobin,16,2022-01-17,weekday,-1.066899167226652,130,96,130,21,0.9309742176631968,1.0,27,1.0668991672266466,0.9309742176631968,21
station_v0_bogota_grid_spawn1.6__Optimal_Oracle_Tracking__seed16__2022-01-17,station_v0_bogota_grid_spawn1.6,spawn1.6,Optimal_Oracle_Tracking,16,2022-01-17,weekday,-1.0529379687905824,129,96,129,21,0.9313539008479031,1.0,27,1.052937968790577,0.9313539008479031,21
station_v0_bogota_grid_spawn1.6__MPC_TrackingG2V__seed16__2022-03-05,station_v0_bogota_grid_spawn1.6,spawn1.6,MPC_TrackingG2V,16,2022-03-05,weekend,-0.2733983427516961,70,96,70,15,0.9425115388386884,1.0,27,0.2733983427516931,0.9425115388386884,15
station_v0_bogota_grid_spawn1.6__ChargeAsFastAsPossible__seed17__2022-01-17,station_v0_bogota_grid_spawn1.6,spawn1.6,ChargeAsFastAsPossible,17,2022-01-17,weekday,-0.2257421979539131,76,96,76,21,0.9429743021027914,1.0,27,0.2257421979539099,0.9429743021027914,21
station_v0_bogota_grid_spawn1.6__TD3_vanilla_extended_ts102__seed17__2022-01-17,station_v0_bogota_grid_spawn1.6,spawn1.6,TD3_vanilla_extended_ts102,17,2022-01-17,weekday,-0.2162270030916535,72,96,72,19,0.9429743021027914,1.0,27,0.2162270030916505,0.9429743021027914,19
station_v0_bogota_grid_spawn1.6__RoundRobin__seed17__2022-03-05,station_v0_bogota_grid_spawn1.6,spawn1.6,RoundRobin,17,2022-03-05,weekend,-0.1637305208160568,56,96,56,13,0.94447967291127,1.0,27,0.1637305208160545,0.94447967291127,13
station_v0_bogota_grid_spawn1.6__Optimal_Oracle_Tracking__seed17__2022-03-05,station_v0_bogota_grid_spawn1.6,spawn1.6,Optimal_Oracle_Tracking,17,2022-03-05,weekend,-0.1673148957831707,55,96,55,13,0.944385611834035,1.0,27,0.1673148957831685,0.944385611834035,13
station_v0_bogota_grid_spawn1.6__MPC_TrackingG2V__seed18__2022-01-17,station_v0_bogota_grid_spawn1.6,spawn1.6,MPC_TrackingG2V,18,2022-01-17,weekday,-0.7519369076960207,113,96,113,20,0.9330943274342876,1.0,27,0.7519369076960161,0.9330943274342876,20
station_v0_bogota_grid_spawn1.6__ChargeAsFastAsPossible__seed18__2022-03-05,station_v0_bogota_grid_spawn1.6,spawn1.6,ChargeAsFastAsPossible,18,2022-03-05,weekend,-0.021986564267012,15,96,15,7,0.9457369950897032,1.0,27,0.0219865642670114,0.9457369950897032,7
station_v0_bogota_grid_spawn1.6__TD3_vanilla_extended_ts102__seed18__2022-03-05,station_v0_bogota_grid_spawn1.6,spawn1.6,TD3_vanilla_extended_ts102,18,2022-03-05,weekend,-0.026748819581499,17,96,17,7,0.9446746910440732,1.0,27,0.0267488195814983,0.9446746910440732,7
station_v0_bogota_grid_spawn1.6__RoundRobin__seed19__2022-01-17,station_v0_bogota_grid_spawn1.6,spawn1.6,RoundRobin,19,2022-01-17,weekday,-0.0358735260256357,23,96,23,7,0.9465899497562236,1.0,27,0.0358735260256347,0.9465899497562236,7
station_v0_bogota_grid_spawn1.6__Optimal_Oracle_Tracking__seed19__2022-01-17,station_v0_bogota_grid_spawn1.6,spawn1.6,Optimal_Oracle_Tracking,19,2022-01-17,weekday,-0.0293884366985062,22,96,22,7,0.9469071906803193,1.0,27,0.0293884366985053,0.9469071906803193,7
station_v0_bogota_grid_spawn1.6__MPC_TrackingG2V__seed19__2022-03-05,station_v0_bogota_grid_spawn1.6,spawn1.6,MPC_TrackingG2V,19,2022-03-05,weekend,-0.0274383121604146,23,96,23,8,0.9474116259763684,1.0,27,0.0274383121604137,0.9474116259763684,8
station_v0_bogota_grid_spawn1.6__ChargeAsFastAsPossible__seed20__2022-01-17,station_v0_bogota_grid_spawn1.6,spawn1.6,ChargeAsFastAsPossible,20,2022-01-17,weekday,-0.0188944746199335,15,96,15,5,0.9477009037378992,1.0,27,0.0188944746199328,0.9477009037378992,5
station_v0_bogota_grid_spawn1.6__TD3_vanilla_extended_ts102__seed20__2022-01-17,station_v0_bogota_grid_spawn1.6,spawn1.6,TD3_vanilla_extended_ts102,20,2022-01-17,weekday,-0.0188944746199335,15,96,15,5,0.9477009037378992,1.0,27,0.0188944746199328,0.9477009037378992,5
station_v0_bogota_grid_spawn1.6__RoundRobin__seed20__2022-03-05,station_v0_bogota_grid_spawn1.6,spawn1.6,RoundRobin,20,2022-03-05,weekend,0.0,0,96,0,0,0.9553046653393864,1.0,27,0.0,0.9553046653393864,0
station_v0_bogota_grid_spawn1.6__Optimal_Oracle_Tracking__seed20__2022-03-05,station_v0_bogota_grid_spawn1.6,spawn1.6,Optimal_Oracle_Tracking,20,2022-03-05,weekend,0.0,0,96,0,0,0.9555192479075528,1.0,27,0.0,0.9555192479075528,0
station_v0_bogota_grid_spawn1.6__MPC_TrackingG2V__seed21__2022-01-17,station_v0_bogota_grid_spawn1.6,spawn1.6,MPC_TrackingG2V,21,2022-01-17,weekday,-0.0552067978458039,23,96,23,6,0.9464723687417956,1.0,27,0.0552067978458029,0.9464723687417956,6
station_v0_bogota_grid_spawn1.6__ChargeAsFastAsPossible__seed21__2022-03-05,station_v0_bogota_grid_spawn1.6,spawn1.6,ChargeAsFastAsPossible,21,2022-03-05,weekend,0.0,0,96,0,0,0.954194027334086,1.0,27,0.0,0.954194027334086,0
station_v0_bogota_grid_spawn1.6__TD3_vanilla_extended_ts102__seed21__2022-03-05,station_v0_bogota_grid_spawn1.6,spawn1.6,TD3_vanilla_extended_ts102,21,2022-03-05,weekend,0.0,0,96,0,0,0.954194027334086,1.0,27,0.0,0.954194027334086,0
station_v0_bogota_grid_spawn1.6__RoundRobin__seed22__2022-01-17,station_v0_bogota_grid_spawn1.6,spawn1.6,RoundRobin,22,2022-01-17,weekday,-0.0457528738709065,25,96,25,7,0.945919171134924,1.0,27,0.0457528738709055,0.945919171134924,7
station_v0_bogota_grid_spawn1.6__Optimal_Oracle_Tracking__seed22__2022-01-17,station_v0_bogota_grid_spawn1.6,spawn1.6,Optimal_Oracle_Tracking,22,2022-01-17,weekday,-0.0460278563949508,24,96,24,7,0.9458032489356614,1.0,27,0.0460278563949498,0.9458032489356614,7
station_v0_bogota_grid_spawn1.6__MPC_TrackingG2V__seed22__2022-03-05,station_v0_bogota_grid_spawn1.6,spawn1.6,MPC_TrackingG2V,22,2022-03-05,weekend,-0.0253044657422082,24,96,24,9,0.9474001599261852,1.0,27,0.0253044657422072,0.9474001599261852,9
station_v0_bogota_grid_spawn1.6__ChargeAsFastAsPossible__seed23__2022-01-17,station_v0_bogota_grid_spawn1.6,spawn1.6,ChargeAsFastAsPossible,23,2022-01-17,weekday,-1.570615343019091,234,96,234,42,0.9305556748756116,1.0,27,1.5706153430190808,0.9305556748756116,42
station_v0_bogota_grid_spawn1.6__TD3_vanilla_extended_ts102__seed23__2022-01-17,station_v0_bogota_grid_spawn1.6,spawn1.6,TD3_vanilla_extended_ts102,23,2022-01-17,weekday,-1.543760523653844,232,96,232,43,0.9305569794946998,1.0,27,1.5437605236538348,0.9305569794946998,43
station_v0_bogota_grid_spawn1.6__RoundRobin__seed23__2022-03-05,station_v0_bogota_grid_spawn1.6,spawn1.6,RoundRobin,23,2022-03-05,weekend,-0.0695086395609399,36,96,36,10,0.9459789827793336,1.0,27,0.0695086395609384,0.9459789827793336,10
station_v0_bogota_grid_spawn1.6__Optimal_Oracle_Tracking__seed23__2022-03-05,station_v0_bogota_grid_spawn1.6,spawn1.6,Optimal_Oracle_Tracking,23,2022-03-05,weekend,-0.0814400792562589,39,96,39,10,0.945981154341995,1.0,27,0.0814400792562572,0.945981154341995,10
station_v0_bogota_grid_spawn1.6__MPC_TrackingG2V__seed24__2022-01-17,station_v0_bogota_grid_spawn1.6,spawn1.6,MPC_TrackingG2V,24,2022-01-17,weekday,-0.8043411982335481,161,96,161,34,0.9348223057354118,1.0,27,0.8043411982335414,0.9348223057354118,34
station_v0_bogota_grid_spawn1.6__ChargeAsFastAsPossible__seed24__2022-03-05,station_v0_bogota_grid_spawn1.6,spawn1.6,ChargeAsFastAsPossible,24,2022-03-05,weekend,-0.3033340391474477,67,96,67,14,0.9393281557493044,1.0,27,0.3033340391474449,0.9393281557493044,14
station_v0_bogota_grid_spawn1.6__TD3_vanilla_extended_ts102__seed24__2022-03-05,station_v0_bogota_grid_spawn1.6,spawn1.6,TD3_vanilla_extended_ts102,24,2022-03-05,weekend,-0.3073618052296832,67,96,67,14,0.9393281557493044,1.0,27,0.3073618052296805,0.9393281557493044,14
station_v0_bogota_grid_spawn1.6__RoundRobin__seed25__2022-01-17,station_v0_bogota_grid_spawn1.6,spawn1.6,RoundRobin,25,2022-01-17,weekday,-0.1025030846778845,34,96,34,9,0.9435794765137904,1.0,27,0.1025030846778831,0.9435794765137904,9
station_v0_bogota_grid_spawn1.6__Optimal_Oracle_Tracking__seed25__2022-01-17,station_v0_bogota_grid_spawn1.6,spawn1.6,Optimal_Oracle_Tracking,25,2022-01-17,weekday,-0.0915737080642735,32,96,32,8,0.9439625584995276,1.0,27,0.0915737080642722,0.9439625584995276,8
station_v0_bogota_grid_spawn1.6__MPC_TrackingG2V__seed25__2022-03-05,station_v0_bogota_grid_spawn1.6,spawn1.6,MPC_TrackingG2V,25,2022-03-05,weekend,-0.1662808941784528,53,96,53,12,0.944370473170294,1.0,27,0.1662808941784506,0.944370473170294,12
station_v0_bogota_grid_spawn1.6__ChargeAsFastAsPossible__seed26__2022-01-17,station_v0_bogota_grid_spawn1.6,spawn1.6,ChargeAsFastAsPossible,26,2022-01-17,weekday,-0.3017625487390056,70,96,70,16,0.9403790986559244,1.0,27,0.3017625487390027,0.9403790986559244,16
station_v0_bogota_grid_spawn1.6__TD3_vanilla_extended_ts102__seed26__2022-01-17,station_v0_bogota_grid_spawn1.6,spawn1.6,TD3_vanilla_extended_ts102,26,2022-01-17,weekday,-0.2954109615104948,71,96,71,16,0.9403790986559244,1.0,27,0.2954109615104918,0.9403790986559244,16
station_v0_bogota_grid_spawn1.6__RoundRobin__seed26__2022-03-05,station_v0_bogota_grid_spawn1.6,spawn1.6,RoundRobin,26,2022-03-05,weekend,0.0,0,96,0,0,0.9510740488515512,1.0,27,0.0,0.9510740488515512,0
station_v0_bogota_grid_spawn1.6__Optimal_Oracle_Tracking__seed26__2022-03-05,station_v0_bogota_grid_spawn1.6,spawn1.6,Optimal_Oracle_Tracking,26,2022-03-05,weekend,0.0,0,96,0,0,0.9511961681361598,1.0,27,0.0,0.9511961681361598,0
station_v0_bogota_grid_spawn1.6__MPC_TrackingG2V__seed27__2022-01-17,station_v0_bogota_grid_spawn1.6,spawn1.6,MPC_TrackingG2V,27,2022-01-17,weekday,-0.5786797429710545,106,96,106,20,0.9374733783433996,1.0,27,0.5786797429710501,0.9374733783433996,20
station_v0_bogota_grid_spawn1.6__ChargeAsFastAsPossible__seed27__2022-03-05,station_v0_bogota_grid_spawn1.6,spawn1.6,ChargeAsFastAsPossible,27,2022-03-05,weekend,-0.0006234352670023,2,96,2,1,0.9496047970544912,1.0,27,0.0006234352670022,0.9496047970544912,1
station_v0_bogota_grid_spawn1.6__TD3_vanilla_extended_ts102__seed27__2022-03-05,station_v0_bogota_grid_spawn1.6,spawn1.6,TD3_vanilla_extended_ts102,27,2022-03-05,weekend,-0.0006162106230292,2,96,2,1,0.9496084740779256,1.0,27,0.0006162106230291,0.9496084740779256,1
station_v0_bogota_grid_spawn1.6__RoundRobin__seed28__2022-01-17,station_v0_bogota_grid_spawn1.6,spawn1.6,RoundRobin,28,2022-01-17,weekday,-0.06335425850495,29,96,29,8,0.9455182021845904,1.0,27,0.0633542585049488,0.9455182021845904,8
station_v0_bogota_grid_spawn1.6__Optimal_Oracle_Tracking__seed28__2022-01-17,station_v0_bogota_grid_spawn1.6,spawn1.6,Optimal_Oracle_Tracking,28,2022-01-17,weekday,-0.0599687942994206,28,96,28,8,0.9458159042534234,1.0,27,0.0599687942994194,0.9458159042534234,8
station_v0_bogota_grid_spawn1.6__MPC_TrackingG2V__seed28__2022-03-05,station_v0_bogota_grid_spawn1.6,spawn1.6,MPC_TrackingG2V,28,2022-03-05,weekend,-0.4616535530245677,94,96,94,19,0.9405297668352448,1.0,27,0.4616535530245638,0.9405297668352448,19
station_v0_bogota_grid_spawn1.6__ChargeAsFastAsPossible__seed29__2022-01-17,station_v0_bogota_grid_spawn1.6,spawn1.6,ChargeAsFastAsPossible,29,2022-01-17,weekday,-0.3310616136322025,96,96,96,22,0.9406953633572138,1.0,27,0.3310616136321985,0.9406953633572138,22
station_v0_bogota_grid_spawn1.6__TD3_vanilla_extended_ts102__seed29__2022-01-17,station_v0_bogota_grid_spawn1.6,spawn1.6,TD3_vanilla_extended_ts102,29,2022-01-17,weekday,-0.317526314045531,90,96,90,20,0.9406953633572138,1.0,27,0.3175263140455272,0.9406953633572138,20
station_v0_bogota_grid_spawn1.6__RoundRobin__seed29__2022-03-05,station_v0_bogota_grid_spawn1.6,spawn1.6,RoundRobin,29,2022-03-05,weekend,0.0,0,96,0,0,0.9522682808151364,1.0,27,0.0,0.9522682808151364,0
station_v0_bogota_grid_spawn1.6__Optimal_Oracle_Tracking__seed29__2022-03-05,station_v0_bogota_grid_spawn1.6,spawn1.6,Optimal_Oracle_Tracking,29,2022-03-05,weekend,0.0,0,96,0,0,0.9518520046956056,1.0,27,0.0,0.9518520046956056,0
station_v0_bogota_grid_spawn1.6__MPC_TrackingG2V__seed30__2022-01-17,station_v0_bogota_grid_spawn1.6,spawn1.6,MPC_TrackingG2V,30,2022-01-17,weekday,-0.2208235551986171,49,96,49,10,0.9415290694951788,1.0,27,0.220823555198615,0.9415290694951788,10
station_v0_bogota_grid_spawn1.6__ChargeAsFastAsPossible__seed30__2022-03-05,station_v0_bogota_grid_spawn1.6,spawn1.6,ChargeAsFastAsPossible,30,2022-03-05,weekend,-0.1881325735789751,58,96,58,13,0.943694610797938,1.0,27,0.1881325735789727,0.943694610797938,13
station_v0_bogota_grid_spawn1.6__TD3_vanilla_extended_ts102__seed30__2022-03-05,station_v0_bogota_grid_spawn1.6,spawn1.6,TD3_vanilla_extended_ts102,30,2022-03-05,weekend,-0.1881325735789751,58,96,58,13,0.943694610797938,1.0,27,0.1881325735789727,0.943694610797938,13
station_v0_bogota_grid_spawn1.6__RoundRobin__seed31__2022-01-17,station_v0_bogota_grid_spawn1.6,spawn1.6,RoundRobin,31,2022-01-17,weekday,-2.2597117930359363,309,96,309,56,0.929973218470468,1.0,27,2.2597117930359234,0.929973218470468,56
station_v0_bogota_grid_spawn1.6__Optimal_Oracle_Tracking__seed31__2022-01-17,station_v0_bogota_grid_spawn1.6,spawn1.6,Optimal_Oracle_Tracking,31,2022-01-17,weekday,-2.250647448866116,310,96,310,57,0.9297319291200206,1.0,27,2.2506474488661032,0.9297319291200206,57
station_v0_bogota_grid_spawn1.6__MPC_TrackingG2V__seed31__2022-03-05,station_v0_bogota_grid_spawn1.6,spawn1.6,MPC_TrackingG2V,31,2022-03-05,weekend,-0.0267672349994826,21,96,21,7,0.9470419017889092,1.0,27,0.0267672349994817,0.9470419017889092,7
station_v0_bogota_grid_spawn1.6__ChargeAsFastAsPossible__seed32__2022-01-17,station_v0_bogota_grid_spawn1.6,spawn1.6,ChargeAsFastAsPossible,32,2022-01-17,weekday,-0.3762923177928469,79,96,79,17,0.9394574710176156,1.0,27,0.3762923177928436,0.9394574710176156,17
station_v0_bogota_grid_spawn1.6__TD3_vanilla_extended_ts102__seed32__2022-01-17,station_v0_bogota_grid_spawn1.6,spawn1.6,TD3_vanilla_extended_ts102,32,2022-01-17,weekday,-0.3762960962635263,79,96,79,17,0.9391927380605856,1.0,27,0.376296096263523,0.9391927380605856,17
station_v0_bogota_grid_spawn1.6__RoundRobin__seed32__2022-03-05,station_v0_bogota_grid_spawn1.6,spawn1.6,RoundRobin,32,2022-03-05,weekend,-0.0791706252900345,36,96,36,10,0.9462004301605595,1.0,27,0.079170625290033,0.9462004301605595,10
station_v0_bogota_grid_spawn1.6__Optimal_Oracle_Tracking__seed32__2022-03-05,station_v0_bogota_grid_spawn1.6,spawn1.6,Optimal_Oracle_Tracking,32,2022-03-05,weekend,-0.0735304443163589,37,96,37,10,0.9464178082283394,1.0,27,0.0735304443163573,0.9464178082283394,10
station_v0_bogota_grid_spawn1.6__MPC_TrackingG2V__seed33__2022-01-17,station_v0_bogota_grid_spawn1.6,spawn1.6,MPC_TrackingG2V,33,2022-01-17,weekday,-0.1744618473810967,56,96,56,14,0.9426513557988268,1.0,27,0.1744618473810943,0.9426513557988268,14
station_v0_bogota_grid_spawn1.6__ChargeAsFastAsPossible__seed33__2022-03-05,station_v0_bogota_grid_spawn1.6,spawn1.6,ChargeAsFastAsPossible,33,2022-03-05,weekend,-0.0354364442777854,24,96,24,7,0.9467972661944112,1.0,27,0.0354364442777844,0.9467972661944112,7
station_v0_bogota_grid_spawn1.6__TD3_vanilla_extended_ts102__seed33__2022-03-05,station_v0_bogota_grid_spawn1.6,spawn1.6,TD3_vanilla_extended_ts102,33,2022-03-05,weekend,-0.0278687325588617,24,96,24,7,0.947601108002314,1.0,27,0.0278687325588607,0.947601108002314,7
station_v0_bogota_grid_spawn1.6__RoundRobin__seed34__2022-01-17,station_v0_bogota_grid_spawn1.6,spawn1.6,RoundRobin,34,2022-01-17,weekday,-0.4655720239984378,127,96,127,29,0.941315516958684,1.0,27,0.4655720239984325,0.941315516958684,29
station_v0_bogota_grid_spawn1.6__Optimal_Oracle_Tracking__seed34__2022-01-17,station_v0_bogota_grid_spawn1.6,spawn1.6,Optimal_Oracle_Tracking,34,2022-01-17,weekday,-0.4535518327642004,126,96,126,28,0.9415680952292168,1.0,27,0.4535518327641952,0.9415680952292168,28
station_v0_bogota_grid_spawn1.6__MPC_TrackingG2V__seed34__2022-03-05,station_v0_bogota_grid_spawn1.6,spawn1.6,MPC_TrackingG2V,34,2022-03-05,weekend,-0.1098952968267116,44,96,44,12,0.9449144553649732,1.0,27,0.1098952968267098,0.9449144553649732,12
station_v0_bogota_grid_spawn1.6__ChargeAsFastAsPossible__seed35__2022-01-17,station_v0_bogota_grid_spawn1.6,spawn1.6,ChargeAsFastAsPossible,35,2022-01-17,weekday,-0.120140105068911,35,96,35,8,0.9419894517543688,1.0,27,0.1201401050689096,0.9419894517543688,8
station_v0_bogota_grid_spawn1.6__TD3_vanilla_extended_ts102__seed35__2022-01-17,station_v0_bogota_grid_spawn1.6,spawn1.6,TD3_vanilla_extended_ts102,35,2022-01-17,weekday,-0.120140105068911,35,96,35,8,0.9419894517543688,1.0,27,0.1201401050689096,0.9419894517543688,8
station_v0_bogota_grid_spawn1.6__RoundRobin__seed35__2022-03-05,station_v0_bogota_grid_spawn1.6,spawn1.6,RoundRobin,35,2022-03-05,weekend,0.0,0,96,0,0,0.9536439214548816,1.0,27,0.0,0.9536439214548816,0
station_v0_bogota_grid_spawn1.6__Optimal_Oracle_Tracking__seed35__2022-03-05,station_v0_bogota_grid_spawn1.6,spawn1.6,Optimal_Oracle_Tracking,35,2022-03-05,weekend,0.0,0,96,0,0,0.9539724942482974,1.0,27,0.0,0.9539724942482974,0
station_v0_bogota_grid_spawn1.6__MPC_TrackingG2V__seed36__2022-01-17,station_v0_bogota_grid_spawn1.6,spawn1.6,MPC_TrackingG2V,36,2022-01-17,weekday,-0.78602132366753,156,96,156,32,0.9367360956013684,1.0,27,0.7860213236675234,0.9367360956013684,32
station_v0_bogota_grid_spawn1.6__ChargeAsFastAsPossible__seed36__2022-03-05,station_v0_bogota_grid_spawn1.6,spawn1.6,ChargeAsFastAsPossible,36,2022-03-05,weekend,-0.0609759918114487,30,96,30,9,0.9467051489523896,1.0,27,0.0609759918114475,0.9467051489523896,9
station_v0_bogota_grid_spawn1.6__TD3_vanilla_extended_ts102__seed36__2022-03-05,station_v0_bogota_grid_spawn1.6,spawn1.6,TD3_vanilla_extended_ts102,36,2022-03-05,weekend,-0.0649256325775069,30,96,30,9,0.9459237128722696,1.0,27,0.0649256325775057,0.9459237128722696,9
station_v0_bogota_grid_spawn1.6__RoundRobin__seed37__2022-01-17,station_v0_bogota_grid_spawn1.6,spawn1.6,RoundRobin,37,2022-01-17,weekday,-0.0007648028878858,4,96,4,2,0.9496771564876184,1.0,27,0.0007648028878857,0.9496771564876184,2
station_v0_bogota_grid_spawn1.6__Optimal_Oracle_Tracking__seed37__2022-01-17,station_v0_bogota_grid_spawn1.6,spawn1.6,Optimal_Oracle_Tracking,37,2022-01-17,weekday,-0.0006954574910019,3,96,3,2,0.9496427818052244,1.0,27,0.0006954574910018,0.9496427818052244,2
station_v0_bogota_grid_spawn1.6__MPC_TrackingG2V__seed37__2022-03-05,station_v0_bogota_grid_spawn1.6,spawn1.6,MPC_TrackingG2V,37,2022-03-05,weekend,-0.1627814436733969,57,96,57,14,0.9440014278864572,1.0,27,0.1627814436733945,0.9440014278864572,14
station_v0_bogota_grid_spawn1.6__ChargeAsFastAsPossible__seed38__2022-01-17,station_v0_bogota_grid_spawn1.6,spawn1.6,ChargeAsFastAsPossible,38,2022-01-17,weekday,-0.0862553093053936,27,96,27,6,0.944275977669578,1.0,27,0.0862553093053924,0.944275977669578,6
station_v0_bogota_grid_spawn1.6__TD3_vanilla_extended_ts102__seed38__2022-01-17,station_v0_bogota_grid_spawn1.6,spawn1.6,TD3_vanilla_extended_ts102,38,2022-01-17,weekday,-0.0845297414480115,28,96,28,7,0.9444142266595736,1.0,27,0.0845297414480104,0.9444142266595736,7
station_v0_bogota_grid_spawn1.6__RoundRobin__seed38__2022-03-05,station_v0_bogota_grid_spawn1.6,spawn1.6,RoundRobin,38,2022-03-05,weekend,-0.2844996891837516,68,96,68,14,0.9410101812598236,1.0,27,0.2844996891837488,0.9410101812598236,14
station_v0_bogota_grid_spawn1.6__Optimal_Oracle_Tracking__seed38__2022-03-05,station_v0_bogota_grid_spawn1.6,spawn1.6,Optimal_Oracle_Tracking,38,2022-03-05,weekend,-0.2832432942399341,68,96,68,14,0.9413898743913194,1.0,27,0.2832432942399313,0.9413898743913194,14
station_v0_bogota_grid_spawn1.6__MPC_TrackingG2V__seed39__2022-01-17,station_v0_bogota_grid_spawn1.6,spawn1.6,MPC_TrackingG2V,39,2022-01-17,weekday,-0.0094754523263379,13,96,13,5,0.9479675727481978,1.0,27,0.0094754523263373,0.9479675727481978,5
station_v0_bogota_grid_spawn1.6__ChargeAsFastAsPossible__seed39__2022-03-05,station_v0_bogota_grid_spawn1.6,spawn1.6,ChargeAsFastAsPossible,39,2022-03-05,weekend,-0.0240305665237385,18,96,18,6,0.9461718622261688,1.0,27,0.0240305665237378,0.9461718622261688,6
station_v0_bogota_grid_spawn1.6__TD3_vanilla_extended_ts102__seed39__2022-03-05,station_v0_bogota_grid_spawn1.6,spawn1.6,TD3_vanilla_extended_ts102,39,2022-03-05,weekend,-0.0240305665237385,18,96,18,6,0.9461718622261688,1.0,27,0.0240305665237378,0.9461718622261688,6
station_v0_bogota_grid_spawn1.6__RoundRobin__seed40__2022-01-17,station_v0_bogota_grid_spawn1.6,spawn1.6,RoundRobin,40,2022-01-17,weekday,-0.1517649202294194,43,96,43,10,0.9434971421049873,1.0,27,0.1517649202294176,0.9434971421049873,10
station_v0_bogota_grid_spawn1.6__Optimal_Oracle_Tracking__seed40__2022-01-17,station_v0_bogota_grid_spawn1.6,spawn1.6,Optimal_Oracle_Tracking,40,2022-01-17,weekday,-0.1440554439366147,46,96,46,11,0.9439729067586748,1.0,27,0.1440554439366128,0.9439729067586748,11
station_v0_bogota_grid_spawn1.6__MPC_TrackingG2V__seed40__2022-03-05,station_v0_bogota_grid_spawn1.6,spawn1.6,MPC_TrackingG2V,40,2022-03-05,weekend,-0.1776900175209408,55,96,55,13,0.9439007096125642,1.0,27,0.1776900175209386,0.9439007096125642,13
station_v0_bogota_grid_spawn1.6__ChargeAsFastAsPossible__seed41__2022-01-17,station_v0_bogota_grid_spawn1.6,spawn1.6,ChargeAsFastAsPossible,41,2022-01-17,weekday,-0.0377601226721826,23,96,23,7,0.9463900627165822,1.0,27,0.0377601226721816,0.9463900627165822,7
station_v0_bogota_grid_spawn1.6__TD3_vanilla_extended_ts102__seed41__2022-01-17,station_v0_bogota_grid_spawn1.6,spawn1.6,TD3_vanilla_extended_ts102,41,2022-01-17,weekday,-0.0325191833826367,19,96,19,6,0.9463900627165822,1.0,27,0.0325191833826359,0.9463900627165822,6
station_v0_bogota_grid_spawn1.6__RoundRobin__seed41__2022-03-05,station_v0_bogota_grid_spawn1.6,spawn1.6,RoundRobin,41,2022-03-05,weekend,-0.1344631086469193,46,96,46,11,0.9444565081309704,1.0,27,0.1344631086469174,0.9444565081309704,11
station_v0_bogota_grid_spawn1.6__Optimal_Oracle_Tracking__seed41__2022-03-05,station_v0_bogota_grid_spawn1.6,spawn1.6,Optimal_Oracle_Tracking,41,2022-03-05,weekend,-0.1279774709519912,44,96,44,10,0.9447470808098352,1.0,27,0.1279774709519894,0.9447470808098352,10
station_v0_bogota_grid_spawn1.6__MPC_TrackingG2V__seed42__2022-01-17,station_v0_bogota_grid_spawn1.6,spawn1.6,MPC_TrackingG2V,42,2022-01-17,weekday,-0.2681741472264967,77,96,77,19,0.9403474034779394,1.0,27,0.2681741472264934,0.9403474034779394,19
station_v0_bogota_grid_spawn1.6__ChargeAsFastAsPossible__seed42__2022-03-05,station_v0_bogota_grid_spawn1.6,spawn1.6,ChargeAsFastAsPossible,42,2022-03-05,weekend,-0.3466423486361736,83,96,83,17,0.9402698571146264,1.0,27,0.3466423486361701,0.9402698571146264,17
station_v0_bogota_grid_spawn1.6__TD3_vanilla_extended_ts102__seed42__2022-03-05,station_v0_bogota_grid_spawn1.6,spawn1.6,TD3_vanilla_extended_ts102,42,2022-03-05,weekend,-0.3592818762251745,80,96,80,16,0.940802682423658,1.0,27,0.3592818762251711,0.940802682423658,16
station_v0_bogota_grid_spawn1.6__RoundRobin__seed43__2022-01-17,station_v0_bogota_grid_spawn1.6,spawn1.6,RoundRobin,43,2022-01-17,weekday,-1.512871248036135,225,96,225,40,0.931175288567201,1.0,27,1.5128712480361255,0.931175288567201,40
station_v0_bogota_grid_spawn1.6__Optimal_Oracle_Tracking__seed43__2022-01-17,station_v0_bogota_grid_spawn1.6,spawn1.6,Optimal_Oracle_Tracking,43,2022-01-17,weekday,-1.50469143321477,224,96,224,40,0.9310754337928844,1.0,27,1.5046914332147607,0.9310754337928844,40
station_v0_bogota_grid_spawn1.6__MPC_TrackingG2V__seed43__2022-03-05,station_v0_bogota_grid_spawn1.6,spawn1.6,MPC_TrackingG2V,43,2022-03-05,weekend,-0.0039336394009395,10,96,10,4,0.9492105400063552,1.0,27,0.0039336394009391,0.9492105400063552,4
station_v0_bogota_grid_spawn1.6__ChargeAsFastAsPossible__seed44__2022-01-17,station_v0_bogota_grid_spawn1.6,spawn1.6,ChargeAsFastAsPossible,44,2022-01-17,weekday,-1.6723923061832384,244,96,244,43,0.9316055938357892,1.0,27,1.6723923061832282,0.9316055938357892,43
station_v0_bogota_grid_spawn1.6__TD3_vanilla_extended_ts102__seed44__2022-01-17,station_v0_bogota_grid_spawn1.6,spawn1.6,TD3_vanilla_extended_ts102,44,2022-01-17,weekday,-1.6521003492295556,242,96,242,43,0.9316055938357892,1.0,27,1.6521003492295454,0.9316055938357892,43
station_v0_bogota_grid_spawn1.6__RoundRobin__seed44__2022-03-05,station_v0_bogota_grid_spawn1.6,spawn1.6,RoundRobin,44,2022-03-05,weekend,-0.1307074726863314,50,96,50,14,0.9444073131848348,1.0,27,0.1307074726863293,0.9444073131848348,14
station_v0_bogota_grid_spawn1.6__Optimal_Oracle_Tracking__seed44__2022-03-05,station_v0_bogota_grid_spawn1.6,spawn1.6,Optimal_Oracle_Tracking,44,2022-03-05,weekend,-0.1232703346774195,48,96,48,13,0.944623060158864,1.0,27,0.1232703346774175,0.944623060158864,13
station_v0_bogota_grid_spawn1.6__MPC_TrackingG2V__seed45__2022-01-17,station_v0_bogota_grid_spawn1.6,spawn1.6,MPC_TrackingG2V,45,2022-01-17,weekday,-0.161458272412861,42,96,42,9,0.9419181393886464,1.0,27,0.1614582724128592,0.9419181393886464,9
station_v0_bogota_grid_spawn1.6__ChargeAsFastAsPossible__seed45__2022-03-05,station_v0_bogota_grid_spawn1.6,spawn1.6,ChargeAsFastAsPossible,45,2022-03-05,weekend,-0.1012169481959117,51,96,51,14,0.9459697460922464,1.0,27,0.1012169481959096,0.9459697460922464,14
station_v0_bogota_grid_spawn1.6__TD3_vanilla_extended_ts102__seed45__2022-03-05,station_v0_bogota_grid_spawn1.6,spawn1.6,TD3_vanilla_extended_ts102,45,2022-03-05,weekend,-0.1041080298528093,54,96,54,15,0.9459697460922464,1.0,27,0.1041080298528071,0.9459697460922464,15
station_v0_bogota_grid_spawn1.6__RoundRobin__seed46__2022-01-17,station_v0_bogota_grid_spawn1.6,spawn1.6,RoundRobin,46,2022-01-17,weekday,0.0,0,96,0,0,0.9518895447189852,1.0,27,0.0,0.9518895447189852,0
station_v0_bogota_grid_spawn1.6__Optimal_Oracle_Tracking__seed46__2022-01-17,station_v0_bogota_grid_spawn1.6,spawn1.6,Optimal_Oracle_Tracking,46,2022-01-17,weekday,0.0,0,96,0,0,0.9519426162841536,1.0,27,0.0,0.9519426162841536,0
station_v0_bogota_grid_spawn1.6__MPC_TrackingG2V__seed46__2022-03-05,station_v0_bogota_grid_spawn1.6,spawn1.6,MPC_TrackingG2V,46,2022-03-05,weekend,-0.0201273804931683,22,96,22,7,0.9482185484451766,1.0,27,0.0201273804931674,0.9482185484451766,7
station_v0_bogota_grid_spawn1.6__ChargeAsFastAsPossible__seed47__2022-01-17,station_v0_bogota_grid_spawn1.6,spawn1.6,ChargeAsFastAsPossible,47,2022-01-17,weekday,-0.2878814575125084,74,96,74,16,0.9402046042929668,1.0,27,0.2878814575125052,0.9402046042929668,16
station_v0_bogota_grid_spawn1.6__TD3_vanilla_extended_ts102__seed47__2022-01-17,station_v0_bogota_grid_spawn1.6,spawn1.6,TD3_vanilla_extended_ts102,47,2022-01-17,weekday,-0.2864544760739345,69,96,69,15,0.9409763029035384,1.0,27,0.2864544760739316,0.9409763029035384,15
station_v0_bogota_grid_spawn1.6__RoundRobin__seed47__2022-03-05,station_v0_bogota_grid_spawn1.6,spawn1.6,RoundRobin,47,2022-03-05,weekend,-0.2352122722559869,59,96,59,13,0.941475481047852,1.0,27,0.2352122722559845,0.941475481047852,13
station_v0_bogota_grid_spawn1.6__Optimal_Oracle_Tracking__seed47__2022-03-05,station_v0_bogota_grid_spawn1.6,spawn1.6,Optimal_Oracle_Tracking,47,2022-03-05,weekend,-0.2420307560634375,59,96,59,13,0.9414033402652048,1.0,27,0.242030756063435,0.9414033402652048,13
station_v0_bogota_grid_spawn1.6__MPC_TrackingG2V__seed48__2022-01-17,station_v0_bogota_grid_spawn1.6,spawn1.6,MPC_TrackingG2V,48,2022-01-17,weekday,-0.1209650208651015,35,96,35,8,0.9426561209675954,1.0,27,0.1209650208651,0.9426561209675954,8
station_v0_bogota_grid_spawn1.6__ChargeAsFastAsPossible__seed48__2022-03-05,station_v0_bogota_grid_spawn1.6,spawn1.6,ChargeAsFastAsPossible,48,2022-03-05,weekend,-0.6951054329969606,122,96,122,22,0.9374984517184166,1.0,27,0.6951054329969555,0.9374984517184166,22
station_v0_bogota_grid_spawn1.6__TD3_vanilla_extended_ts102__seed48__2022-03-05,station_v0_bogota_grid_spawn1.6,spawn1.6,TD3_vanilla_extended_ts102,48,2022-03-05,weekend,-0.6939167531390863,121,96,121,22,0.938424500199388,1.0,27,0.6939167531390812,0.938424500199388,22
station_v0_bogota_grid_spawn1.6__RoundRobin__seed49__2022-01-17,station_v0_bogota_grid_spawn1.6,spawn1.6,RoundRobin,49,2022-01-17,weekday,-0.8062218763939801,169,96,169,38,0.9364355816758708,1.0,27,0.8062218763939731,0.9364355816758708,38
station_v0_bogota_grid_spawn1.6__Optimal_Oracle_Tracking__seed49__2022-01-17,station_v0_bogota_grid_spawn1.6,spawn1.6,Optimal_Oracle_Tracking,49,2022-01-17,weekday,-0.795860609925543,170,96,170,38,0.9365470799222252,1.0,27,0.795860609925536,0.9365470799222252,38
station_v0_bogota_grid_spawn1.6__MPC_TrackingG2V__seed49__2022-03-05,station_v0_bogota_grid_spawn1.6,spawn1.6,MPC_TrackingG2V,49,2022-03-05,weekend,0.0,0,96,0,0,0.9524975467841512,1.0,27,0.0,0.9524975467841512,0
station_v0_bogota_grid_load1.3__ChargeAsFastAsPossible__seed0__2022-01-17,station_v0_bogota_grid_load1.3,load1.3,ChargeAsFastAsPossible,0,2022-01-17,weekday,-1.8679145535046748,244,96,244,38,0.926520563780897,1.0,27,1.8679145535046648,0.926520563780897,38
station_v0_bogota_grid_load1.3__TD3_vanilla_extended_ts102__seed0__2022-01-17,station_v0_bogota_grid_load1.3,load1.3,TD3_vanilla_extended_ts102,0,2022-01-17,weekday,-1.8531859366954733,241,96,241,38,0.9264113243528076,1.0,27,1.853185936695463,0.9264113243528076,38
station_v0_bogota_grid_load1.3__RoundRobin__seed0__2022-03-05,station_v0_bogota_grid_load1.3,load1.3,RoundRobin,0,2022-03-05,weekend,-0.6220673364114928,109,96,109,20,0.938333951370877,1.0,27,0.6220673364114884,0.938333951370877,20
station_v0_bogota_grid_load1.3__Optimal_Oracle_Tracking__seed0__2022-03-05,station_v0_bogota_grid_load1.3,load1.3,Optimal_Oracle_Tracking,0,2022-03-05,weekend,-0.6343608150629603,109,96,109,19,0.9385625712046328,1.0,27,0.6343608150629557,0.9385625712046328,19
station_v0_bogota_grid_load1.3__MPC_TrackingG2V__seed1__2022-01-17,station_v0_bogota_grid_load1.3,load1.3,MPC_TrackingG2V,1,2022-01-17,weekday,-6.741468139603652,600,96,600,70,0.909129384983746,1.0,27,6.741468139603626,0.909129384983746,70
station_v0_bogota_grid_load1.3__ChargeAsFastAsPossible__seed1__2022-03-05,station_v0_bogota_grid_load1.3,load1.3,ChargeAsFastAsPossible,1,2022-03-05,weekend,-4.886793804854212,461,96,461,50,0.9163518143239464,1.0,27,4.886793804854192,0.9163518143239464,50
station_v0_bogota_grid_load1.3__TD3_vanilla_extended_ts102__seed1__2022-03-05,station_v0_bogota_grid_load1.3,load1.3,TD3_vanilla_extended_ts102,1,2022-03-05,weekend,-4.884079682892701,455,96,455,48,0.9163518143239464,1.0,27,4.884079682892683,0.9163518143239464,48
station_v0_bogota_grid_load1.3__RoundRobin__seed2__2022-01-17,station_v0_bogota_grid_load1.3,load1.3,RoundRobin,2,2022-01-17,weekday,-2.602070398513851,351,96,351,52,0.9222752078022652,1.0,27,2.6020703985138365,0.9222752078022652,52
station_v0_bogota_grid_load1.3__Optimal_Oracle_Tracking__seed2__2022-01-17,station_v0_bogota_grid_load1.3,load1.3,Optimal_Oracle_Tracking,2,2022-01-17,weekday,-2.6002212575073,351,96,351,52,0.9224516714526648,1.0,27,2.600221257507285,0.9224516714526648,52
station_v0_bogota_grid_load1.3__MPC_TrackingG2V__seed2__2022-03-05,station_v0_bogota_grid_load1.3,load1.3,MPC_TrackingG2V,2,2022-03-05,weekend,-0.4875634841058592,102,96,102,20,0.9406835786471608,1.0,27,0.487563484105855,0.9406835786471608,20
station_v0_bogota_grid_load1.3__ChargeAsFastAsPossible__seed3__2022-01-17,station_v0_bogota_grid_load1.3,load1.3,ChargeAsFastAsPossible,3,2022-01-17,weekday,-0.7057632054666608,118,96,118,22,0.9334654704752956,1.0,27,0.7057632054666559,0.9334654704752956,22
station_v0_bogota_grid_load1.3__TD3_vanilla_extended_ts102__seed3__2022-01-17,station_v0_bogota_grid_load1.3,load1.3,TD3_vanilla_extended_ts102,3,2022-01-17,weekday,-0.6871737400445997,112,96,112,21,0.9334654704752956,1.0,27,0.6871737400445951,0.9334654704752956,21
station_v0_bogota_grid_load1.3__RoundRobin__seed3__2022-03-05,station_v0_bogota_grid_load1.3,load1.3,RoundRobin,3,2022-03-05,weekend,-3.476145667662604,459,96,459,66,0.9265893626375624,1.0,27,3.476145667662585,0.9265893626375624,66
station_v0_bogota_grid_load1.3__Optimal_Oracle_Tracking__seed3__2022-03-05,station_v0_bogota_grid_load1.3,load1.3,Optimal_Oracle_Tracking,3,2022-03-05,weekend,-3.4745512022816576,463,96,463,66,0.9267761189457916,1.0,27,3.4745512022816376,0.9267761189457916,66
station_v0_bogota_grid_load1.3__MPC_TrackingG2V__seed4__2022-01-17,station_v0_bogota_grid_load1.3,load1.3,MPC_TrackingG2V,4,2022-01-17,weekday,-1.1429476599880852,162,96,162,27,0.9348769332097258,1.0,27,1.1429476599880783,0.9348769332097258,27
station_v0_bogota_grid_load1.3__ChargeAsFastAsPossible__seed4__2022-03-05,station_v0_bogota_grid_load1.3,load1.3,ChargeAsFastAsPossible,4,2022-03-05,weekend,-4.987143489581011,439,96,439,48,0.9139318728113348,1.0,27,4.987143489580992,0.9139318728113348,48
station_v0_bogota_grid_load1.3__TD3_vanilla_extended_ts102__seed4__2022-03-05,station_v0_bogota_grid_load1.3,load1.3,TD3_vanilla_extended_ts102,4,2022-03-05,weekend,-4.9685831796058535,440,96,440,48,0.9139318728113348,1.0,27,4.968583179605836,0.9139318728113348,48
station_v0_bogota_grid_load1.3__RoundRobin__seed5__2022-01-17,station_v0_bogota_grid_load1.3,load1.3,RoundRobin,5,2022-01-17,weekday,-6.065393147605639,545,96,545,70,0.9178215530162532,1.0,27,6.065393147605616,0.9178215530162532,70
station_v0_bogota_grid_load1.3__Optimal_Oracle_Tracking__seed5__2022-01-17,station_v0_bogota_grid_load1.3,load1.3,Optimal_Oracle_Tracking,5,2022-01-17,weekday,-6.062363282488982,548,96,548,71,0.9180817307150362,1.0,27,6.062363282488959,0.9180817307150362,71
station_v0_bogota_grid_load1.3__MPC_TrackingG2V__seed5__2022-03-05,station_v0_bogota_grid_load1.3,load1.3,MPC_TrackingG2V,5,2022-03-05,weekend,-1.212457106796696,155,96,155,25,0.9332332638243486,1.0,27,1.2124571067966896,0.9332332638243486,25
station_v0_bogota_grid_load1.3__ChargeAsFastAsPossible__seed6__2022-01-17,station_v0_bogota_grid_load1.3,load1.3,ChargeAsFastAsPossible,6,2022-01-17,weekday,-8.368025137507539,702,96,702,71,0.907937366499623,1.0,27,8.368025137507509,0.907937366499623,71
station_v0_bogota_grid_load1.3__TD3_vanilla_extended_ts102__seed6__2022-01-17,station_v0_bogota_grid_load1.3,load1.3,TD3_vanilla_extended_ts102,6,2022-01-17,weekday,-8.355726844585318,704,96,704,71,0.907937366499623,1.0,27,8.355726844585288,0.907937366499623,71
station_v0_bogota_grid_load1.3__RoundRobin__seed6__2022-03-05,station_v0_bogota_grid_load1.3,load1.3,RoundRobin,6,2022-03-05,weekend,-6.259449798246532,633,96,633,69,0.9204382569343896,1.0,27,6.259449798246505,0.9204382569343896,69
station_v0_bogota_grid_load1.3__Optimal_Oracle_Tracking__seed6__2022-03-05,station_v0_bogota_grid_load1.3,load1.3,Optimal_Oracle_Tracking,6,2022-03-05,weekend,-6.265148015041093,632,96,632,69,0.9205508772564014,1.0,27,6.265148015041067,0.9205508772564014,69
station_v0_bogota_grid_load1.3__MPC_TrackingG2V__seed7__2022-01-17,station_v0_bogota_grid_load1.3,load1.3,MPC_TrackingG2V,7,2022-01-17,weekday,-6.057160586368218,535,96,535,61,0.9157957898002148,1.0,27,6.057160586368196,0.9157957898002148,61
station_v0_bogota_grid_load1.3__ChargeAsFastAsPossible__seed7__2022-03-05,station_v0_bogota_grid_load1.3,load1.3,ChargeAsFastAsPossible,7,2022-03-05,weekend,-0.2505947692578017,63,96,63,15,0.9428073811230054,1.0,27,0.2505947692577991,0.9428073811230054,15
station_v0_bogota_grid_load1.3__TD3_vanilla_extended_ts102__seed7__2022-03-05,station_v0_bogota_grid_load1.3,load1.3,TD3_vanilla_extended_ts102,7,2022-03-05,weekend,-0.2604696356744342,66,96,66,15,0.9428073811230054,1.0,27,0.2604696356744315,0.9428073811230054,15
station_v0_bogota_grid_load1.3__RoundRobin__seed8__2022-01-17,station_v0_bogota_grid_load1.3,load1.3,RoundRobin,8,2022-01-17,weekday,-4.852046369487708,496,96,496,66,0.9199591292832572,1.0,27,4.852046369487687,0.9199591292832572,66
station_v0_bogota_grid_load1.3__Optimal_Oracle_Tracking__seed8__2022-01-17,station_v0_bogota_grid_load1.3,load1.3,Optimal_Oracle_Tracking,8,2022-01-17,weekday,-4.841569933807912,495,96,495,66,0.920438886207922,1.0,27,4.841569933807891,0.920438886207922,66
station_v0_bogota_grid_load1.3__MPC_TrackingG2V__seed8__2022-03-05,station_v0_bogota_grid_load1.3,load1.3,MPC_TrackingG2V,8,2022-03-05,weekend,-1.9759164362089732,229,96,229,33,0.9267988658240022,1.0,27,1.975916436208964,0.9267988658240022,33
station_v0_bogota_grid_load1.3__ChargeAsFastAsPossible__seed9__2022-01-17,station_v0_bogota_grid_load1.3,load1.3,ChargeAsFastAsPossible,9,2022-01-17,weekday,-2.9795541170857947,334,96,334,53,0.9273020691607248,1.0,27,2.9795541170857813,0.9273020691607248,53
station_v0_bogota_grid_load1.3__TD3_vanilla_extended_ts102__seed9__2022-01-17,station_v0_bogota_grid_load1.3,load1.3,TD3_vanilla_extended_ts102,9,2022-01-17,weekday,-2.9628860659804737,337,96,337,54,0.9273020691607248,1.0,27,2.9628860659804594,0.9273020691607248,54
station_v0_bogota_grid_load1.3__RoundRobin__seed9__2022-03-05,station_v0_bogota_grid_load1.3,load1.3,RoundRobin,9,2022-03-05,weekend,-0.5635344553799921,97,96,97,19,0.938231153669538,1.0,27,0.5635344553799881,0.938231153669538,19
station_v0_bogota_grid_load1.3__Optimal_Oracle_Tracking__seed9__2022-03-05,station_v0_bogota_grid_load1.3,load1.3,Optimal_Oracle_Tracking,9,2022-03-05,weekend,-0.5866321672222827,97,96,97,19,0.9376299778302444,1.0,27,0.5866321672222786,0.9376299778302444,19
station_v0_bogota_grid_load1.3__MPC_TrackingG2V__seed10__2022-01-17,station_v0_bogota_grid_load1.3,load1.3,MPC_TrackingG2V,10,2022-01-17,weekday,-1.1927340254985843,167,96,167,24,0.9296181725395252,1.0,27,1.1927340254985777,0.9296181725395252,24
station_v0_bogota_grid_load1.3__ChargeAsFastAsPossible__seed10__2022-03-05,station_v0_bogota_grid_load1.3,load1.3,ChargeAsFastAsPossible,10,2022-03-05,weekend,-5.779305742005781,588,96,588,72,0.9175355172491546,1.0,27,5.779305742005757,0.9175355172491546,72
station_v0_bogota_grid_load1.3__TD3_vanilla_extended_ts102__seed10__2022-03-05,station_v0_bogota_grid_load1.3,load1.3,TD3_vanilla_extended_ts102,10,2022-03-05,weekend,-5.775007387628011,588,96,588,72,0.9175355172491546,1.0,27,5.775007387627987,0.9175355172491546,72
station_v0_bogota_grid_load1.3__RoundRobin__seed11__2022-01-17,station_v0_bogota_grid_load1.3,load1.3,RoundRobin,11,2022-01-17,weekday,-1.4595692994969356,226,96,226,43,0.93398828725063,1.0,27,1.459569299496926,0.93398828725063,43
station_v0_bogota_grid_load1.3__Optimal_Oracle_Tracking__seed11__2022-01-17,station_v0_bogota_grid_load1.3,load1.3,Optimal_Oracle_Tracking,11,2022-01-17,weekday,-1.4394819443512743,224,96,224,42,0.9342097085270044,1.0,27,1.4394819443512648,0.9342097085270044,42
station_v0_bogota_grid_load1.3__MPC_TrackingG2V__seed11__2022-03-05,station_v0_bogota_grid_load1.3,load1.3,MPC_TrackingG2V,11,2022-03-05,weekend,-1.1295853305923793,141,96,141,23,0.9353176916672278,1.0,27,1.1295853305923735,0.9353176916672278,23
station_v0_bogota_grid_load1.3__ChargeAsFastAsPossible__seed12__2022-01-17,station_v0_bogota_grid_load1.3,load1.3,ChargeAsFastAsPossible,12,2022-01-17,weekday,-6.386769790033081,611,96,611,65,0.9132018833759764,1.0,27,6.386769790033055,0.9132018833759764,65
station_v0_bogota_grid_load1.3__TD3_vanilla_extended_ts102__seed12__2022-01-17,station_v0_bogota_grid_load1.3,load1.3,TD3_vanilla_extended_ts102,12,2022-01-17,weekday,-6.375125147148164,609,96,609,65,0.9132018833759764,1.0,27,6.375125147148138,0.9132018833759764,65
station_v0_bogota_grid_load1.3__RoundRobin__seed12__2022-03-05,station_v0_bogota_grid_load1.3,load1.3,RoundRobin,12,2022-03-05,weekend,-0.0551015853092813,32,96,32,8,0.947090371465694,1.0,27,0.05510158530928,0.947090371465694,8
station_v0_bogota_grid_load1.3__Optimal_Oracle_Tracking__seed12__2022-03-05,station_v0_bogota_grid_load1.3,load1.3,Optimal_Oracle_Tracking,12,2022-03-05,weekend,-0.0542295962126492,33,96,33,9,0.947269271581726,1.0,27,0.0542295962126478,0.947269271581726,9
station_v0_bogota_grid_load1.3__MPC_TrackingG2V__seed13__2022-01-17,station_v0_bogota_grid_load1.3,load1.3,MPC_TrackingG2V,13,2022-01-17,weekday,-3.1834664912915605,376,96,376,52,0.9214065938921114,1.0,27,3.1834664912915454,0.9214065938921114,52
station_v0_bogota_grid_load1.3__ChargeAsFastAsPossible__seed13__2022-03-05,station_v0_bogota_grid_load1.3,load1.3,ChargeAsFastAsPossible,13,2022-03-05,weekend,-2.1918605377812588,252,96,252,41,0.9289644295303066,1.0,27,2.191860537781248,0.9289644295303066,41
station_v0_bogota_grid_load1.3__TD3_vanilla_extended_ts102__seed13__2022-03-05,station_v0_bogota_grid_load1.3,load1.3,TD3_vanilla_extended_ts102,13,2022-03-05,weekend,-2.1922839806338263,251,96,251,41,0.9289644295303066,1.0,27,2.192283980633816,0.9289644295303066,41
station_v0_bogota_grid_load1.3__RoundRobin__seed14__2022-01-17,station_v0_bogota_grid_load1.3,load1.3,RoundRobin,14,2022-01-17,weekday,-3.5745654447031505,385,96,385,58,0.9262754092726287,1.0,27,3.5745654447031345,0.9262754092726287,58
station_v0_bogota_grid_load1.3__Optimal_Oracle_Tracking__seed14__2022-01-17,station_v0_bogota_grid_load1.3,load1.3,Optimal_Oracle_Tracking,14,2022-01-17,weekday,-3.562162150694632,386,96,386,58,0.9263391078338836,1.0,27,3.562162150694616,0.9263391078338836,58
station_v0_bogota_grid_load1.3__MPC_TrackingG2V__seed14__2022-03-05,station_v0_bogota_grid_load1.3,load1.3,MPC_TrackingG2V,14,2022-03-05,weekend,-2.5774398532126384,221,96,221,32,0.9237855095448668,1.0,27,2.577439853212629,0.9237855095448668,32
station_v0_bogota_grid_load1.3__ChargeAsFastAsPossible__seed15__2022-01-17,station_v0_bogota_grid_load1.3,load1.3,ChargeAsFastAsPossible,15,2022-01-17,weekday,-7.340866732154732,653,96,653,67,0.909369321844517,1.0,27,7.340866732154705,0.909369321844517,67
station_v0_bogota_grid_load1.3__TD3_vanilla_extended_ts102__seed15__2022-01-17,station_v0_bogota_grid_load1.3,load1.3,TD3_vanilla_extended_ts102,15,2022-01-17,weekday,-7.341186478808456,651,96,651,67,0.9072674435791256,1.0,27,7.34118647880843,0.9072674435791256,67
station_v0_bogota_grid_load1.3__RoundRobin__seed15__2022-03-05,station_v0_bogota_grid_load1.3,load1.3,RoundRobin,15,2022-03-05,weekend,-6.282762923238392,641,96,641,69,0.9188350714378484,1.0,27,6.282762923238367,0.9188350714378484,69
station_v0_bogota_grid_load1.3__Optimal_Oracle_Tracking__seed15__2022-03-05,station_v0_bogota_grid_load1.3,load1.3,Optimal_Oracle_Tracking,15,2022-03-05,weekend,-6.297997855197315,638,96,638,69,0.9190923099694636,1.0,27,6.297997855197288,0.9190923099694636,69
station_v0_bogota_grid_load1.3__MPC_TrackingG2V__seed16__2022-01-17,station_v0_bogota_grid_load1.3,load1.3,MPC_TrackingG2V,16,2022-01-17,weekday,-2.533775270495276,343,96,343,53,0.9251437708971046,1.0,27,2.5337752704952616,0.9251437708971046,53
station_v0_bogota_grid_load1.3__ChargeAsFastAsPossible__seed16__2022-03-05,station_v0_bogota_grid_load1.3,load1.3,ChargeAsFastAsPossible,16,2022-03-05,weekend,-1.7163269340225762,170,96,170,25,0.9262675742155424,1.0,27,1.716326934022569,0.9262675742155424,25
station_v0_bogota_grid_load1.3__TD3_vanilla_extended_ts102__seed16__2022-03-05,station_v0_bogota_grid_load1.3,load1.3,TD3_vanilla_extended_ts102,16,2022-03-05,weekend,-1.7145881106545486,171,96,171,25,0.9271824020976668,1.0,27,1.7145881106545415,0.9271824020976668,25
station_v0_bogota_grid_load1.3__RoundRobin__seed17__2022-01-17,station_v0_bogota_grid_load1.3,load1.3,RoundRobin,17,2022-01-17,weekday,-2.5842646740106585,330,96,330,46,0.9232740864484016,1.0,27,2.584264674010645,0.9232740864484016,46
station_v0_bogota_grid_load1.3__Optimal_Oracle_Tracking__seed17__2022-01-17,station_v0_bogota_grid_load1.3,load1.3,Optimal_Oracle_Tracking,17,2022-01-17,weekday,-2.5892316655560568,326,96,326,45,0.9228323962517953,1.0,27,2.5892316655560426,0.9228323962517953,45
station_v0_bogota_grid_load1.3__MPC_TrackingG2V__seed17__2022-03-05,station_v0_bogota_grid_load1.3,load1.3,MPC_TrackingG2V,17,2022-03-05,weekend,-0.8546070275261541,121,96,121,20,0.9349079993918428,1.0,27,0.8546070275261491,0.9349079993918428,20
station_v0_bogota_grid_load1.3__ChargeAsFastAsPossible__seed18__2022-01-17,station_v0_bogota_grid_load1.3,load1.3,ChargeAsFastAsPossible,18,2022-01-17,weekday,-6.863550068856485,611,96,611,70,0.9094752981396156,1.0,27,6.863550068856458,0.9094752981396156,70
station_v0_bogota_grid_load1.3__TD3_vanilla_extended_ts102__seed18__2022-01-17,station_v0_bogota_grid_load1.3,load1.3,TD3_vanilla_extended_ts102,18,2022-01-17,weekday,-6.846217343440694,613,96,613,70,0.9094752981396156,1.0,27,6.846217343440667,0.9094752981396156,70
station_v0_bogota_grid_load1.3__RoundRobin__seed18__2022-03-05,station_v0_bogota_grid_load1.3,load1.3,RoundRobin,18,2022-03-05,weekend,-1.5129306187468208,175,96,175,29,0.9312069550830356,1.0,27,1.5129306187468132,0.9312069550830356,29
station_v0_bogota_grid_load1.3__Optimal_Oracle_Tracking__seed18__2022-03-05,station_v0_bogota_grid_load1.3,load1.3,Optimal_Oracle_Tracking,18,2022-03-05,weekend,-1.520400917483905,176,96,176,29,0.9314372413534444,1.0,27,1.5204009174838975,0.9314372413534444,29
station_v0_bogota_grid_load1.3__MPC_TrackingG2V__seed19__2022-01-17,station_v0_bogota_grid_load1.3,load1.3,MPC_TrackingG2V,19,2022-01-17,weekday,-8.25886422096509,682,96,682,67,0.903459328208688,1.0,27,8.258864220965062,0.903459328208688,67
station_v0_bogota_grid_load1.3__ChargeAsFastAsPossible__seed19__2022-03-05,station_v0_bogota_grid_load1.3,load1.3,ChargeAsFastAsPossible,19,2022-03-05,weekend,-0.4258924558020325,82,96,82,16,0.9367643953852204,1.0,27,0.425892455802029,0.9367643953852204,16
station_v0_bogota_grid_load1.3__TD3_vanilla_extended_ts102__seed19__2022-03-05,station_v0_bogota_grid_load1.3,load1.3,TD3_vanilla_extended_ts102,19,2022-03-05,weekend,-0.4181507000556748,83,96,83,16,0.9384869251089114,1.0,27,0.4181507000556713,0.9384869251089114,16
station_v0_bogota_grid_load1.3__RoundRobin__seed20__2022-01-17,station_v0_bogota_grid_load1.3,load1.3,RoundRobin,20,2022-01-17,weekday,-8.194338592722263,662,96,662,70,0.9117225463718868,1.0,27,8.194338592722234,0.9117225463718868,70
station_v0_bogota_grid_load1.3__Optimal_Oracle_Tracking__seed20__2022-01-17,station_v0_bogota_grid_load1.3,load1.3,Optimal_Oracle_Tracking,20,2022-01-17,weekday,-8.183271214453965,661,96,661,70,0.9119728687457552,1.0,27,8.183271214453937,0.9119728687457552,70
station_v0_bogota_grid_load1.3__MPC_TrackingG2V__seed20__2022-03-05,station_v0_bogota_grid_load1.3,load1.3,MPC_TrackingG2V,20,2022-03-05,weekend,-0.6289047840389795,99,96,99,19,0.9373618255970382,1.0,27,0.6289047840389754,0.9373618255970382,19
station_v0_bogota_grid_load1.3__ChargeAsFastAsPossible__seed21__2022-01-17,station_v0_bogota_grid_load1.3,load1.3,ChargeAsFastAsPossible,21,2022-01-17,weekday,-5.2912665722475385,515,96,515,62,0.9157420236884742,1.0,27,5.291266572247517,0.9157420236884742,62
station_v0_bogota_grid_load1.3__TD3_vanilla_extended_ts102__seed21__2022-01-17,station_v0_bogota_grid_load1.3,load1.3,TD3_vanilla_extended_ts102,21,2022-01-17,weekday,-5.265099751354437,519,96,519,62,0.9163992881458506,1.0,27,5.265099751354414,0.9163992881458506,62
station_v0_bogota_grid_load1.3__RoundRobin__seed21__2022-03-05,station_v0_bogota_grid_load1.3,load1.3,RoundRobin,21,2022-03-05,weekend,-3.497581289430433,377,96,377,48,0.9190627529894688,1.0,27,3.4975812894304164,0.9190627529894688,48
station_v0_bogota_grid_load1.3__Optimal_Oracle_Tracking__seed21__2022-03-05,station_v0_bogota_grid_load1.3,load1.3,Optimal_Oracle_Tracking,21,2022-03-05,weekend,-3.4988553923988825,377,96,377,48,0.9193754278061436,1.0,27,3.498855392398867,0.9193754278061436,48
station_v0_bogota_grid_load1.3__MPC_TrackingG2V__seed22__2022-01-17,station_v0_bogota_grid_load1.3,load1.3,MPC_TrackingG2V,22,2022-01-17,weekday,-4.07856290942166,462,96,462,66,0.923805373802958,1.0,27,4.07856290942164,0.923805373802958,66
station_v0_bogota_grid_load1.3__ChargeAsFastAsPossible__seed22__2022-03-05,station_v0_bogota_grid_load1.3,load1.3,ChargeAsFastAsPossible,22,2022-03-05,weekend,-2.139867602970316,207,96,207,30,0.9277208474438996,1.0,27,2.139867602970307,0.9277208474438996,30
station_v0_bogota_grid_load1.3__TD3_vanilla_extended_ts102__seed22__2022-03-05,station_v0_bogota_grid_load1.3,load1.3,TD3_vanilla_extended_ts102,22,2022-03-05,weekend,-2.1393650867645624,207,96,207,30,0.9277208474438996,1.0,27,2.139365086764554,0.9277208474438996,30
station_v0_bogota_grid_load1.3__RoundRobin__seed23__2022-01-17,station_v0_bogota_grid_load1.3,load1.3,RoundRobin,23,2022-01-17,weekday,-6.225717602515674,572,96,572,69,0.9131052199110796,1.0,27,6.225717602515649,0.9131052199110796,69
station_v0_bogota_grid_load1.3__Optimal_Oracle_Tracking__seed23__2022-01-17,station_v0_bogota_grid_load1.3,load1.3,Optimal_Oracle_Tracking,23,2022-01-17,weekday,-6.214061687539329,572,96,572,69,0.913386259025804,1.0,27,6.214061687539305,0.913386259025804,69
station_v0_bogota_grid_load1.3__MPC_TrackingG2V__seed23__2022-03-05,station_v0_bogota_grid_load1.3,load1.3,MPC_TrackingG2V,23,2022-03-05,weekend,-0.8030051625645971,139,96,139,26,0.9386298565164564,1.0,27,0.8030051625645913,0.9386298565164564,26
station_v0_bogota_grid_load1.3__ChargeAsFastAsPossible__seed24__2022-01-17,station_v0_bogota_grid_load1.3,load1.3,ChargeAsFastAsPossible,24,2022-01-17,weekday,-6.213987183034153,561,96,561,68,0.9152126445428544,1.0,27,6.21398718303413,0.9152126445428544,68
station_v0_bogota_grid_load1.3__TD3_vanilla_extended_ts102__seed24__2022-01-17,station_v0_bogota_grid_load1.3,load1.3,TD3_vanilla_extended_ts102,24,2022-01-17,weekday,-6.209468975515485,560,96,560,68,0.9152126445428544,1.0,27,6.2094689755154615,0.9152126445428544,68
station_v0_bogota_grid_load1.3__RoundRobin__seed24__2022-03-05,station_v0_bogota_grid_load1.3,load1.3,RoundRobin,24,2022-03-05,weekend,-1.4122416552509771,154,96,154,24,0.9312513879598986,1.0,27,1.4122416552509711,0.9312513879598986,24
station_v0_bogota_grid_load1.3__Optimal_Oracle_Tracking__seed24__2022-03-05,station_v0_bogota_grid_load1.3,load1.3,Optimal_Oracle_Tracking,24,2022-03-05,weekend,-1.416742849499346,154,96,154,24,0.9308603985484182,1.0,27,1.4167428494993397,0.9308603985484182,24
station_v0_bogota_grid_load1.3__MPC_TrackingG2V__seed25__2022-01-17,station_v0_bogota_grid_load1.3,load1.3,MPC_TrackingG2V,25,2022-01-17,weekday,-0.962111811821127,140,96,140,27,0.930455469203751,1.0,27,0.9621118118211212,0.930455469203751,27
station_v0_bogota_grid_load1.3__ChargeAsFastAsPossible__seed25__2022-03-05,station_v0_bogota_grid_load1.3,load1.3,ChargeAsFastAsPossible,25,2022-03-05,weekend,-3.356837122978589,276,96,276,34,0.9172077403196708,1.0,27,3.3568371229785785,0.9172077403196708,34
station_v0_bogota_grid_load1.3__TD3_vanilla_extended_ts102__seed25__2022-03-05,station_v0_bogota_grid_load1.3,load1.3,TD3_vanilla_extended_ts102,25,2022-03-05,weekend,-3.353664664450537,268,96,268,34,0.9185898749364512,1.0,27,3.353664664450525,0.9185898749364512,34
station_v0_bogota_grid_load1.3__RoundRobin__seed26__2022-01-17,station_v0_bogota_grid_load1.3,load1.3,RoundRobin,26,2022-01-17,weekday,-6.851372561853071,637,96,637,73,0.9157392082219266,1.0,27,6.851372561853044,0.9157392082219266,73
station_v0_bogota_grid_load1.3__Optimal_Oracle_Tracking__seed26__2022-01-17,station_v0_bogota_grid_load1.3,load1.3,Optimal_Oracle_Tracking,26,2022-01-17,weekday,-6.8411420832195375,639,96,639,74,0.9159157564055008,1.0,27,6.84114208321951,0.9159157564055008,74
station_v0_bogota_grid_load1.3__MPC_TrackingG2V__seed26__2022-03-05,station_v0_bogota_grid_load1.3,load1.3,MPC_TrackingG2V,26,2022-03-05,weekend,-0.6038888687137949,96,96,96,17,0.937001186310842,1.0,27,0.6038888687137909,0.937001186310842,17
station_v0_bogota_grid_load1.3__ChargeAsFastAsPossible__seed27__2022-01-17,station_v0_bogota_grid_load1.3,load1.3,ChargeAsFastAsPossible,27,2022-01-17,weekday,-3.4798285549823373,427,96,427,62,0.9223270035171732,1.0,27,3.479828554982319,0.9223270035171732,62
station_v0_bogota_grid_load1.3__TD3_vanilla_extended_ts102__seed27__2022-01-17,station_v0_bogota_grid_load1.3,load1.3,TD3_vanilla_extended_ts102,27,2022-01-17,weekday,-3.460928177246476,427,96,427,62,0.9233224734180592,1.0,27,3.460928177246458,0.9233224734180592,62
station_v0_bogota_grid_load1.3__RoundRobin__seed27__2022-03-05,station_v0_bogota_grid_load1.3,load1.3,RoundRobin,27,2022-03-05,weekend,-0.4707013387971845,93,96,93,19,0.9400558563133404,1.0,27,0.4707013387971807,0.9400558563133404,19
station_v0_bogota_grid_load1.3__Optimal_Oracle_Tracking__seed27__2022-03-05,station_v0_bogota_grid_load1.3,load1.3,Optimal_Oracle_Tracking,27,2022-03-05,weekend,-0.4677605643562694,96,96,96,20,0.9404586686621677,1.0,27,0.4677605643562654,0.9404586686621677,20
station_v0_bogota_grid_load1.3__MPC_TrackingG2V__seed28__2022-01-17,station_v0_bogota_grid_load1.3,load1.3,MPC_TrackingG2V,28,2022-01-17,weekday,-1.011441987184816,135,96,135,24,0.933343793936694,1.0,27,1.0114419871848102,0.933343793936694,24
station_v0_bogota_grid_load1.3__ChargeAsFastAsPossible__seed28__2022-03-05,station_v0_bogota_grid_load1.3,load1.3,ChargeAsFastAsPossible,28,2022-03-05,weekend,-0.5125551357373623,106,96,106,21,0.938094969283565,1.0,27,0.5125551357373579,0.938094969283565,21
station_v0_bogota_grid_load1.3__TD3_vanilla_extended_ts102__seed28__2022-03-05,station_v0_bogota_grid_load1.3,load1.3,TD3_vanilla_extended_ts102,28,2022-03-05,weekend,-0.5178357547922444,107,96,107,21,0.9398216397205942,1.0,27,0.51783575479224,0.9398216397205942,21
station_v0_bogota_grid_load1.3__RoundRobin__seed29__2022-01-17,station_v0_bogota_grid_load1.3,load1.3,RoundRobin,29,2022-01-17,weekday,-4.900581206350428,447,96,447,58,0.9105198467086044,1.0,27,4.9005812063504095,0.9105198467086044,58
station_v0_bogota_grid_load1.3__Optimal_Oracle_Tracking__seed29__2022-01-17,station_v0_bogota_grid_load1.3,load1.3,Optimal_Oracle_Tracking,29,2022-01-17,weekday,-4.895835861792534,444,96,444,58,0.9108704065058848,1.0,27,4.895835861792515,0.9108704065058848,58
station_v0_bogota_grid_load1.3__MPC_TrackingG2V__seed29__2022-03-05,station_v0_bogota_grid_load1.3,load1.3,MPC_TrackingG2V,29,2022-03-05,weekend,-3.501234835797821,293,96,293,39,0.916166595754598,1.0,27,3.5012348357978085,0.916166595754598,39
station_v0_bogota_grid_load1.3__ChargeAsFastAsPossible__seed30__2022-01-17,station_v0_bogota_grid_load1.3,load1.3,ChargeAsFastAsPossible,30,2022-01-17,weekday,-0.5956522339291748,108,96,108,23,0.9343419414991904,1.0,27,0.5956522339291702,0.9343419414991904,23
station_v0_bogota_grid_load1.3__TD3_vanilla_extended_ts102__seed30__2022-01-17,station_v0_bogota_grid_load1.3,load1.3,TD3_vanilla_extended_ts102,30,2022-01-17,weekday,-0.557403252240587,108,96,108,24,0.9350072373603908,1.0,27,0.5574032522405824,0.9350072373603908,24
station_v0_bogota_grid_load1.3__RoundRobin__seed30__2022-03-05,station_v0_bogota_grid_load1.3,load1.3,RoundRobin,30,2022-03-05,weekend,-1.7391115509960673,189,96,189,30,0.9291669911999304,1.0,27,1.7391115509960593,0.9291669911999304,30
station_v0_bogota_grid_load1.3__Optimal_Oracle_Tracking__seed30__2022-03-05,station_v0_bogota_grid_load1.3,load1.3,Optimal_Oracle_Tracking,30,2022-03-05,weekend,-1.741029062310258,190,96,190,30,0.929410833392236,1.0,27,1.7410290623102505,0.929410833392236,30
station_v0_bogota_grid_load1.3__MPC_TrackingG2V__seed31__2022-01-17,station_v0_bogota_grid_load1.3,load1.3,MPC_TrackingG2V,31,2022-01-17,weekday,-2.2447833096245096,250,96,250,46,0.9261670880742308,1.0,27,2.2447833096245,0.9261670880742308,46
station_v0_bogota_grid_load1.3__ChargeAsFastAsPossible__seed31__2022-03-05,station_v0_bogota_grid_load1.3,load1.3,ChargeAsFastAsPossible,31,2022-03-05,weekend,-0.0509416737237532,38,96,38,13,0.946361452035742,1.0,27,0.0509416737237516,0.946361452035742,13
station_v0_bogota_grid_load1.3__TD3_vanilla_extended_ts102__seed31__2022-03-05,station_v0_bogota_grid_load1.3,load1.3,TD3_vanilla_extended_ts102,31,2022-03-05,weekend,-0.0509416249066264,38,96,38,13,0.946361452035742,1.0,27,0.0509416249066249,0.946361452035742,13
station_v0_bogota_grid_load1.3__RoundRobin__seed32__2022-01-17,station_v0_bogota_grid_load1.3,load1.3,RoundRobin,32,2022-01-17,weekday,-5.051180792504269,491,96,491,63,0.919496607257664,1.0,27,5.051180792504248,0.919496607257664,63
station_v0_bogota_grid_load1.3__Optimal_Oracle_Tracking__seed32__2022-01-17,station_v0_bogota_grid_load1.3,load1.3,Optimal_Oracle_Tracking,32,2022-01-17,weekday,-5.043921364955088,492,96,492,63,0.9197518320034592,1.0,27,5.043921364955066,0.9197518320034592,63
station_v0_bogota_grid_load1.3__MPC_TrackingG2V__seed32__2022-03-05,station_v0_bogota_grid_load1.3,load1.3,MPC_TrackingG2V,32,2022-03-05,weekend,-0.2219956883325139,62,96,62,13,0.9434761421775484,1.0,27,0.2219956883325113,0.9434761421775484,13
station_v0_bogota_grid_load1.3__ChargeAsFastAsPossible__seed33__2022-01-17,station_v0_bogota_grid_load1.3,load1.3,ChargeAsFastAsPossible,33,2022-01-17,weekday,-3.6306989422885088,377,96,377,60,0.9207979278671056,1.0,27,3.630698942288493,0.9207979278671056,60
station_v0_bogota_grid_load1.3__TD3_vanilla_extended_ts102__seed33__2022-01-17,station_v0_bogota_grid_load1.3,load1.3,TD3_vanilla_extended_ts102,33,2022-01-17,weekday,-3.6064328941411192,380,96,380,60,0.9207979278671056,1.0,27,3.606432894141104,0.9207979278671056,60
station_v0_bogota_grid_load1.3__RoundRobin__seed33__2022-03-05,station_v0_bogota_grid_load1.3,load1.3,RoundRobin,33,2022-03-05,weekend,-1.2995861874628678,168,96,168,29,0.932255328652152,1.0,27,1.2995861874628607,0.932255328652152,29
station_v0_bogota_grid_load1.3__Optimal_Oracle_Tracking__seed33__2022-03-05,station_v0_bogota_grid_load1.3,load1.3,Optimal_Oracle_Tracking,33,2022-03-05,weekend,-1.303586087819799,167,96,167,29,0.9323377903664982,1.0,27,1.3035860878197918,0.9323377903664982,29
station_v0_bogota_grid_load1.3__MPC_TrackingG2V__seed34__2022-01-17,station_v0_bogota_grid_load1.3,load1.3,MPC_TrackingG2V,34,2022-01-17,weekday,-1.7873454799469952,291,96,291,43,0.9304187208131962,1.0,27,1.7873454799469832,0.9304187208131962,43
station_v0_bogota_grid_load1.3__ChargeAsFastAsPossible__seed34__2022-03-05,station_v0_bogota_grid_load1.3,load1.3,ChargeAsFastAsPossible,34,2022-03-05,weekend,-3.985543157825582,337,96,337,36,0.9150489968695952,1.0,27,3.985543157825568,0.9150489968695952,36
station_v0_bogota_grid_load1.3__TD3_vanilla_extended_ts102__seed34__2022-03-05,station_v0_bogota_grid_load1.3,load1.3,TD3_vanilla_extended_ts102,34,2022-03-05,weekend,-3.996267695031566,337,96,337,36,0.9150489968695952,1.0,27,3.996267695031552,0.9150489968695952,36
station_v0_bogota_grid_load1.3__RoundRobin__seed35__2022-01-17,station_v0_bogota_grid_load1.3,load1.3,RoundRobin,35,2022-01-17,weekday,-0.7552521660872862,113,96,113,20,0.934863817060321,1.0,27,0.7552521660872815,0.934863817060321,20
station_v0_bogota_grid_load1.3__Optimal_Oracle_Tracking__seed35__2022-01-17,station_v0_bogota_grid_load1.3,load1.3,Optimal_Oracle_Tracking,35,2022-01-17,weekday,-0.7409565470575996,112,96,112,20,0.9350629986314936,1.0,27,0.740956547057595,0.9350629986314936,20
station_v0_bogota_grid_load1.3__MPC_TrackingG2V__seed35__2022-03-05,station_v0_bogota_grid_load1.3,load1.3,MPC_TrackingG2V,35,2022-03-05,weekend,-3.004446166990793,279,96,279,40,0.92227466754945,1.0,27,3.004446166990781,0.92227466754945,40
station_v0_bogota_grid_load1.3__ChargeAsFastAsPossible__seed36__2022-01-17,station_v0_bogota_grid_load1.3,load1.3,ChargeAsFastAsPossible,36,2022-01-17,weekday,-4.505446056191604,433,96,433,61,0.9237467334308967,1.0,27,4.505446056191587,0.9237467334308967,61
station_v0_bogota_grid_load1.3__TD3_vanilla_extended_ts102__seed36__2022-01-17,station_v0_bogota_grid_load1.3,load1.3,TD3_vanilla_extended_ts102,36,2022-01-17,weekday,-4.498150678916408,431,96,431,61,0.9237467334308967,1.0,27,4.49815067891639,0.9237467334308967,61
station_v0_bogota_grid_load1.3__RoundRobin__seed36__2022-03-05,station_v0_bogota_grid_load1.3,load1.3,RoundRobin,36,2022-03-05,weekend,-3.273825658986776,341,96,341,35,0.9205381850496897,1.0,27,3.273825658986761,0.9205381850496897,35
station_v0_bogota_grid_load1.3__Optimal_Oracle_Tracking__seed36__2022-03-05,station_v0_bogota_grid_load1.3,load1.3,Optimal_Oracle_Tracking,36,2022-03-05,weekend,-3.280645235060012,342,96,342,36,0.9200875920529812,1.0,27,3.280645235059998,0.9200875920529812,36
station_v0_bogota_grid_load1.3__MPC_TrackingG2V__seed37__2022-01-17,station_v0_bogota_grid_load1.3,load1.3,MPC_TrackingG2V,37,2022-01-17,weekday,-3.8485733942339913,447,96,447,65,0.9229685124150708,1.0,27,3.848573394233973,0.9229685124150708,65
station_v0_bogota_grid_load1.3__ChargeAsFastAsPossible__seed37__2022-03-05,station_v0_bogota_grid_load1.3,load1.3,ChargeAsFastAsPossible,37,2022-03-05,weekend,-2.406309446418037,220,96,220,34,0.9217144156514098,1.0,27,2.4063094464180272,0.9217144156514098,34
station_v0_bogota_grid_load1.3__TD3_vanilla_extended_ts102__seed37__2022-03-05,station_v0_bogota_grid_load1.3,load1.3,TD3_vanilla_extended_ts102,37,2022-03-05,weekend,-2.406309446418037,220,96,220,34,0.9217144156514098,1.0,27,2.4063094464180272,0.9217144156514098,34
station_v0_bogota_grid_load1.3__RoundRobin__seed38__2022-01-17,station_v0_bogota_grid_load1.3,load1.3,RoundRobin,38,2022-01-17,weekday,-2.676398463433715,369,96,369,50,0.9249765690988004,1.0,27,2.6763984634336992,0.9249765690988004,50
station_v0_bogota_grid_load1.3__Optimal_Oracle_Tracking__seed38__2022-01-17,station_v0_bogota_grid_load1.3,load1.3,Optimal_Oracle_Tracking,38,2022-01-17,weekday,-2.665956215248315,370,96,370,51,0.9251897076478894,1.0,27,2.6659562152483,0.9251897076478894,51
station_v0_bogota_grid_load1.3__MPC_TrackingG2V__seed38__2022-03-05,station_v0_bogota_grid_load1.3,load1.3,MPC_TrackingG2V,38,2022-03-05,weekend,-0.5368091997608726,101,96,101,18,0.939613117338088,1.0,27,0.5368091997608684,0.939613117338088,18
station_v0_bogota_grid_load1.3__ChargeAsFastAsPossible__seed39__2022-01-17,station_v0_bogota_grid_load1.3,load1.3,ChargeAsFastAsPossible,39,2022-01-17,weekday,-2.429611792460801,307,96,307,51,0.9257210160575008,1.0,27,2.429611792460788,0.9257210160575008,51
station_v0_bogota_grid_load1.3__TD3_vanilla_extended_ts102__seed39__2022-01-17,station_v0_bogota_grid_load1.3,load1.3,TD3_vanilla_extended_ts102,39,2022-01-17,weekday,-2.4028654875038704,312,96,312,51,0.9254471317070816,1.0,27,2.402865487503857,0.9254471317070816,51
station_v0_bogota_grid_load1.3__RoundRobin__seed39__2022-03-05,station_v0_bogota_grid_load1.3,load1.3,RoundRobin,39,2022-03-05,weekend,-1.1145100982882317,141,96,141,23,0.9321632027246116,1.0,27,1.1145100982882257,0.9321632027246116,23
station_v0_bogota_grid_load1.3__Optimal_Oracle_Tracking__seed39__2022-03-05,station_v0_bogota_grid_load1.3,load1.3,Optimal_Oracle_Tracking,39,2022-03-05,weekend,-1.121627407097633,142,96,142,23,0.9324202888387028,1.0,27,1.121627407097627,0.9324202888387028,23
station_v0_bogota_grid_load1.3__MPC_TrackingG2V__seed40__2022-01-17,station_v0_bogota_grid_load1.3,load1.3,MPC_TrackingG2V,40,2022-01-17,weekday,-1.8652586673896716,264,96,264,48,0.9294323905352108,1.0,27,1.8652586673896607,0.9294323905352108,48
station_v0_bogota_grid_load1.3__ChargeAsFastAsPossible__seed40__2022-03-05,station_v0_bogota_grid_load1.3,load1.3,ChargeAsFastAsPossible,40,2022-03-05,weekend,-0.8518265519781936,137,96,137,27,0.9357098473368272,1.0,27,0.8518265519781879,0.9357098473368272,27
station_v0_bogota_grid_load1.3__TD3_vanilla_extended_ts102__seed40__2022-03-05,station_v0_bogota_grid_load1.3,load1.3,TD3_vanilla_extended_ts102,40,2022-03-05,weekend,-0.8473640867573544,132,96,132,25,0.9357098473368272,1.0,27,0.8473640867573489,0.9357098473368272,25
station_v0_bogota_grid_load1.3__RoundRobin__seed41__2022-01-17,station_v0_bogota_grid_load1.3,load1.3,RoundRobin,41,2022-01-17,weekday,-7.1060586259202445,617,96,617,66,0.9100380507489216,1.0,27,7.10605862592022,0.9100380507489216,66
station_v0_bogota_grid_load1.3__Optimal_Oracle_Tracking__seed41__2022-01-17,station_v0_bogota_grid_load1.3,load1.3,Optimal_Oracle_Tracking,41,2022-01-17,weekday,-7.097773398318716,619,96,619,67,0.910150291184591,1.0,27,7.09777339831869,0.910150291184591,67
station_v0_bogota_grid_load1.3__MPC_TrackingG2V__seed41__2022-03-05,station_v0_bogota_grid_load1.3,load1.3,MPC_TrackingG2V,41,2022-03-05,weekend,-1.7636014253266317,222,96,222,39,0.929425678573897,1.0,27,1.7636014253266223,0.929425678573897,39
station_v0_bogota_grid_load1.3__ChargeAsFastAsPossible__seed42__2022-01-17,station_v0_bogota_grid_load1.3,load1.3,ChargeAsFastAsPossible,42,2022-01-17,weekday,-3.826724844870896,388,96,388,54,0.9214875652703648,1.0,27,3.82672484487088,0.9214875652703648,54
station_v0_bogota_grid_load1.3__TD3_vanilla_extended_ts102__seed42__2022-01-17,station_v0_bogota_grid_load1.3,load1.3,TD3_vanilla_extended_ts102,42,2022-01-17,weekday,-3.8169764895697256,390,96,390,54,0.9214875652703648,1.0,27,3.8169764895697096,0.9214875652703648,54
station_v0_bogota_grid_load1.3__RoundRobin__seed42__2022-03-05,station_v0_bogota_grid_load1.3,load1.3,RoundRobin,42,2022-03-05,weekend,-1.905492052195388,222,96,222,33,0.9280967909938108,1.0,27,1.9054920521953784,0.9280967909938108,33
station_v0_bogota_grid_load1.3__Optimal_Oracle_Tracking__seed42__2022-03-05,station_v0_bogota_grid_load1.3,load1.3,Optimal_Oracle_Tracking,42,2022-03-05,weekend,-1.9017572877190625,218,96,218,33,0.9283940736649234,1.0,27,1.901757287719053,0.9283940736649234,33
station_v0_bogota_grid_load1.3__MPC_TrackingG2V__seed43__2022-01-17,station_v0_bogota_grid_load1.3,load1.3,MPC_TrackingG2V,43,2022-01-17,weekday,-7.00074309395937,599,96,599,66,0.9118021451471796,1.0,27,7.000743093959345,0.9118021451471796,66
station_v0_bogota_grid_load1.3__ChargeAsFastAsPossible__seed43__2022-03-05,station_v0_bogota_grid_load1.3,load1.3,ChargeAsFastAsPossible,43,2022-03-05,weekend,-1.3152174904111773,167,96,167,27,0.9324968644273652,1.0,27,1.3152174904111704,0.9324968644273652,27
station_v0_bogota_grid_load1.3__TD3_vanilla_extended_ts102__seed43__2022-03-05,station_v0_bogota_grid_load1.3,load1.3,TD3_vanilla_extended_ts102,43,2022-03-05,weekend,-1.3152609353906983,167,96,167,27,0.9316198492647272,1.0,27,1.3152609353906914,0.9316198492647272,27
station_v0_bogota_grid_load1.3__RoundRobin__seed44__2022-01-17,station_v0_bogota_grid_load1.3,load1.3,RoundRobin,44,2022-01-17,weekday,-8.58578734318419,616,96,616,70,0.9088155337251168,1.0,27,8.585787343184165,0.9088155337251168,70
station_v0_bogota_grid_load1.3__Optimal_Oracle_Tracking__seed44__2022-01-17,station_v0_bogota_grid_load1.3,load1.3,Optimal_Oracle_Tracking,44,2022-01-17,weekday,-8.58537532291923,616,96,616,70,0.90893817489458,1.0,27,8.585375322919202,0.90893817489458,70
station_v0_bogota_grid_load1.3__MPC_TrackingG2V__seed44__2022-03-05,station_v0_bogota_grid_load1.3,load1.3,MPC_TrackingG2V,44,2022-03-05,weekend,-1.8264669250529264,180,96,180,27,0.929250451931418,1.0,27,1.8264669250529195,0.929250451931418,27
station_v0_bogota_grid_load1.3__ChargeAsFastAsPossible__seed45__2022-01-17,station_v0_bogota_grid_load1.3,load1.3,ChargeAsFastAsPossible,45,2022-01-17,weekday,-1.6735262524569805,210,96,210,32,0.9228821212260244,1.0,27,1.6735262524569718,0.9228821212260244,32
station_v0_bogota_grid_load1.3__TD3_vanilla_extended_ts102__seed45__2022-01-17,station_v0_bogota_grid_load1.3,load1.3,TD3_vanilla_extended_ts102,45,2022-01-17,weekday,-1.658853743617872,211,96,211,33,0.9234136143753852,1.0,27,1.658853743617863,0.9234136143753852,33
station_v0_bogota_grid_load1.3__RoundRobin__seed45__2022-03-05,station_v0_bogota_grid_load1.3,load1.3,RoundRobin,45,2022-03-05,weekend,-1.592910046321521,213,96,213,39,0.931823511680942,1.0,27,1.5929100463215118,0.931823511680942,39
station_v0_bogota_grid_load1.3__Optimal_Oracle_Tracking__seed45__2022-03-05,station_v0_bogota_grid_load1.3,load1.3,Optimal_Oracle_Tracking,45,2022-03-05,weekend,-1.6102484229303762,215,96,215,39,0.9316281663590829,1.0,27,1.6102484229303675,0.9316281663590829,39
station_v0_bogota_grid_load1.3__MPC_TrackingG2V__seed46__2022-01-17,station_v0_bogota_grid_load1.3,load1.3,MPC_TrackingG2V,46,2022-01-17,weekday,-1.6510232409953027,204,96,204,30,0.924738602673998,1.0,27,1.6510232409952943,0.924738602673998,30
station_v0_bogota_grid_load1.3__ChargeAsFastAsPossible__seed46__2022-03-05,station_v0_bogota_grid_load1.3,load1.3,ChargeAsFastAsPossible,46,2022-03-05,weekend,-1.5505684771511017,181,96,181,29,0.9302381900724036,1.0,27,1.5505684771510944,0.9302381900724036,29
station_v0_bogota_grid_load1.3__TD3_vanilla_extended_ts102__seed46__2022-03-05,station_v0_bogota_grid_load1.3,load1.3,TD3_vanilla_extended_ts102,46,2022-03-05,weekend,-1.5505684771511017,181,96,181,29,0.9302381900724036,1.0,27,1.5505684771510944,0.9302381900724036,29
station_v0_bogota_grid_load1.3__RoundRobin__seed47__2022-01-17,station_v0_bogota_grid_load1.3,load1.3,RoundRobin,47,2022-01-17,weekday,-4.2152931370410585,405,96,405,54,0.9258065668764792,1.0,27,4.2152931370410425,0.9258065668764792,54
station_v0_bogota_grid_load1.3__Optimal_Oracle_Tracking__seed47__2022-01-17,station_v0_bogota_grid_load1.3,load1.3,Optimal_Oracle_Tracking,47,2022-01-17,weekday,-4.204697544767505,403,96,403,54,0.9259255240177864,1.0,27,4.204697544767489,0.9259255240177864,54
station_v0_bogota_grid_load1.3__MPC_TrackingG2V__seed47__2022-03-05,station_v0_bogota_grid_load1.3,load1.3,MPC_TrackingG2V,47,2022-03-05,weekend,-1.452914893418059,180,96,180,28,0.9332050402576478,1.0,27,1.4529148934180511,0.9332050402576478,28
station_v0_bogota_grid_load1.3__ChargeAsFastAsPossible__seed48__2022-01-17,station_v0_bogota_grid_load1.3,load1.3,ChargeAsFastAsPossible,48,2022-01-17,weekday,-8.463763649364177,715,96,715,75,0.9132067207892994,1.0,27,8.463763649364147,0.9132067207892994,75
station_v0_bogota_grid_load1.3__TD3_vanilla_extended_ts102__seed48__2022-01-17,station_v0_bogota_grid_load1.3,load1.3,TD3_vanilla_extended_ts102,48,2022-01-17,weekday,-8.458788962354232,715,96,715,75,0.9132067207892994,1.0,27,8.458788962354202,0.9132067207892994,75
station_v0_bogota_grid_load1.3__RoundRobin__seed48__2022-03-05,station_v0_bogota_grid_load1.3,load1.3,RoundRobin,48,2022-03-05,weekend,-1.0518341782900926,145,96,145,25,0.9333927675513688,1.0,27,1.0518341782900866,0.9333927675513688,25
station_v0_bogota_grid_load1.3__Optimal_Oracle_Tracking__seed48__2022-03-05,station_v0_bogota_grid_load1.3,load1.3,Optimal_Oracle_Tracking,48,2022-03-05,weekend,-1.0577761452408545,146,96,146,25,0.933613893889754,1.0,27,1.0577761452408485,0.933613893889754,25
station_v0_bogota_grid_load1.3__MPC_TrackingG2V__seed49__2022-01-17,station_v0_bogota_grid_load1.3,load1.3,MPC_TrackingG2V,49,2022-01-17,weekday,-10.384083079204377,792,96,792,69,0.9056636927529008,1.0,27,10.38408307920434,0.9056636927529008,69
station_v0_bogota_grid_load1.3__ChargeAsFastAsPossible__seed49__2022-03-05,station_v0_bogota_grid_load1.3,load1.3,ChargeAsFastAsPossible,49,2022-03-05,weekend,-1.9606309160540267,177,96,177,25,0.9254485180376242,1.0,27,1.9606309160540196,0.9254485180376242,25
station_v0_bogota_grid_load1.3__TD3_vanilla_extended_ts102__seed49__2022-03-05,station_v0_bogota_grid_load1.3,load1.3,TD3_vanilla_extended_ts102,49,2022-03-05,weekend,-1.9499037213435533,178,96,178,25,0.925260823115832,1.0,27,1.9499037213435464,0.925260823115832,25
station_v0_bogota_grid_load1.6__RoundRobin__seed0__2022-01-17,station_v0_bogota_grid_load1.6,load1.6,RoundRobin,0,2022-01-17,weekday,-8.152544551967246,719,96,719,68,0.9099873469317568,1.0,27,8.152544551967216,0.9099873469317568,68
station_v0_bogota_grid_load1.6__Optimal_Oracle_Tracking__seed0__2022-01-17,station_v0_bogota_grid_load1.6,load1.6,Optimal_Oracle_Tracking,0,2022-01-17,weekday,-8.14650352224323,722,96,722,68,0.9102543879677164,1.0,27,8.146503522243199,0.9102543879677164,68
station_v0_bogota_grid_load1.6__MPC_TrackingG2V__seed0__2022-03-05,station_v0_bogota_grid_load1.6,load1.6,MPC_TrackingG2V,0,2022-03-05,weekend,-3.4350792102705245,396,96,396,46,0.923505637716444,1.0,27,3.435079210270508,0.923505637716444,46
station_v0_bogota_grid_load1.6__ChargeAsFastAsPossible__seed1__2022-01-17,station_v0_bogota_grid_load1.6,load1.6,ChargeAsFastAsPossible,1,2022-01-17,weekday,-19.47057816218594,1150,96,1150,75,0.8850897257210841,1.0,27,19.47057816218589,0.8850897257210841,75
station_v0_bogota_grid_load1.6__TD3_vanilla_extended_ts102__seed1__2022-01-17,station_v0_bogota_grid_load1.6,load1.6,TD3_vanilla_extended_ts102,1,2022-01-17,weekday,-19.47853366736288,1152,96,1152,75,0.8850897257210841,1.0,27,19.478533667362832,0.8850897257210841,75
station_v0_bogota_grid_load1.6__RoundRobin__seed1__2022-03-05,station_v0_bogota_grid_load1.6,load1.6,RoundRobin,1,2022-03-05,weekend,-15.501512716441384,956,96,956,80,0.8943741149996287,1.0,27,15.50151271644134,0.8943741149996287,80
station_v0_bogota_grid_load1.6__Optimal_Oracle_Tracking__seed1__2022-03-05,station_v0_bogota_grid_load1.6,load1.6,Optimal_Oracle_Tracking,1,2022-03-05,weekend,-15.509827725696889,952,96,952,80,0.8936910194668883,1.0,27,15.509827725696848,0.8936910194668883,80
station_v0_bogota_grid_load1.6__MPC_TrackingG2V__seed2__2022-01-17,station_v0_bogota_grid_load1.6,load1.6,MPC_TrackingG2V,2,2022-01-17,weekday,-10.084109776783388,757,96,757,61,0.902639082312124,1.0,27,10.084109776783356,0.902639082312124,61
station_v0_bogota_grid_load1.6__ChargeAsFastAsPossible__seed2__2022-03-05,station_v0_bogota_grid_load1.6,load1.6,ChargeAsFastAsPossible,2,2022-03-05,weekend,-2.9426942129614573,333,96,333,39,0.9247518226994712,1.0,27,2.9426942129614435,0.9247518226994712,39
station_v0_bogota_grid_load1.6__TD3_vanilla_extended_ts102__seed2__2022-03-05,station_v0_bogota_grid_load1.6,load1.6,TD3_vanilla_extended_ts102,2,2022-03-05,weekend,-2.923632643930785,331,96,331,39,0.9248688487681316,1.0,27,2.9236326439307714,0.9248688487681316,39
station_v0_bogota_grid_load1.6__RoundRobin__seed3__2022-01-17,station_v0_bogota_grid_load1.6,load1.6,RoundRobin,3,2022-01-17,weekday,-3.928477098730864,425,96,425,58,0.9167174995775974,1.0,27,3.928477098730847,0.9167174995775974,58
station_v0_bogota_grid_load1.6__Optimal_Oracle_Tracking__seed3__2022-01-17,station_v0_bogota_grid_load1.6,load1.6,Optimal_Oracle_Tracking,3,2022-01-17,weekday,-3.915511323589492,425,96,425,58,0.9166212629316068,1.0,27,3.9155113235894743,0.9166212629316068,58
station_v0_bogota_grid_load1.6__MPC_TrackingG2V__seed3__2022-03-05,station_v0_bogota_grid_load1.6,load1.6,MPC_TrackingG2V,3,2022-03-05,weekend,-13.435752696551052,1000,96,1000,74,0.9080962969152672,1.0,27,13.43575269655101,0.9080962969152672,74
station_v0_bogota_grid_load1.6__ChargeAsFastAsPossible__seed4__2022-01-17,station_v0_bogota_grid_load1.6,load1.6,ChargeAsFastAsPossible,4,2022-01-17,weekday,-5.1788905272427215,507,96,507,59,0.9177667871414286,1.0,27,5.178890527242701,0.9177667871414286,59
station_v0_bogota_grid_load1.6__TD3_vanilla_extended_ts102__seed4__2022-01-17,station_v0_bogota_grid_load1.6,load1.6,TD3_vanilla_extended_ts102,4,2022-01-17,weekday,-5.123085993116581,503,96,503,59,0.9177667871414286,1.0,27,5.123085993116561,0.9177667871414286,59
station_v0_bogota_grid_load1.6__RoundRobin__seed4__2022-03-05,station_v0_bogota_grid_load1.6,load1.6,RoundRobin,4,2022-03-05,weekend,-15.541521122519326,979,96,979,80,0.8906467422748078,1.0,27,15.54152112251928,0.8906467422748078,80
station_v0_bogota_grid_load1.6__Optimal_Oracle_Tracking__seed4__2022-03-05,station_v0_bogota_grid_load1.6,load1.6,Optimal_Oracle_Tracking,4,2022-03-05,weekend,-15.551714267098028,979,96,979,80,0.8909080357815805,1.0,27,15.551714267097983,0.8909080357815805,80
station_v0_bogota_grid_load1.6__MPC_TrackingG2V__seed5__2022-01-17,station_v0_bogota_grid_load1.6,load1.6,MPC_TrackingG2V,5,2022-01-17,weekday,-18.744973366828017,1241,96,1241,79,0.8969308450101388,1.0,27,18.744973366827963,0.8969308450101388,79
station_v0_bogota_grid_load1.6__ChargeAsFastAsPossible__seed5__2022-03-05,station_v0_bogota_grid_load1.6,load1.6,ChargeAsFastAsPossible,5,2022-03-05,weekend,-4.684007903976099,403,96,403,42,0.91641432019469,1.0,27,4.684007903976083,0.91641432019469,42
station_v0_bogota_grid_load1.6__TD3_vanilla_extended_ts102__seed5__2022-03-05,station_v0_bogota_grid_load1.6,load1.6,TD3_vanilla_extended_ts102,5,2022-03-05,weekend,-4.684007903976099,403,96,403,42,0.91641432019469,1.0,27,4.684007903976083,0.91641432019469,42
station_v0_bogota_grid_load1.6__RoundRobin__seed6__2022-01-17,station_v0_bogota_grid_load1.6,load1.6,RoundRobin,6,2022-01-17,weekday,-22.78642177351557,1284,96,1284,78,0.884278650012313,1.0,27,22.78642177351552,0.884278650012313,78
station_v0_bogota_grid_load1.6__Optimal_Oracle_Tracking__seed6__2022-01-17,station_v0_bogota_grid_load1.6,load1.6,Optimal_Oracle_Tracking,6,2022-01-17,weekday,-22.78307947795121,1287,96,1287,78,0.8844530628464019,1.0,27,22.783079477951148,0.8844530628464019,78
station_v0_bogota_grid_load1.6__MPC_TrackingG2V__seed6__2022-03-05,station_v0_bogota_grid_load1.6,load1.6,MPC_TrackingG2V,6,2022-03-05,weekend,-20.093243531283967,1329,96,1329,81,0.9003294194908587,1.0,27,20.09324353128391,0.9003294194908587,81
station_v0_bogota_grid_load1.6__ChargeAsFastAsPossible__seed7__2022-01-17,station_v0_bogota_grid_load1.6,load1.6,ChargeAsFastAsPossible,7,2022-01-17,weekday,-17.72417736903173,1125,96,1125,70,0.8935383205513617,1.0,27,17.72417736903168,0.8935383205513617,70
station_v0_bogota_grid_load1.6__TD3_vanilla_extended_ts102__seed7__2022-01-17,station_v0_bogota_grid_load1.6,load1.6,TD3_vanilla_extended_ts102,7,2022-01-17,weekday,-17.71902312996445,1128,96,1128,70,0.891246113627896,1.0,27,17.719023129964405,0.891246113627896,70
station_v0_bogota_grid_load1.6__RoundRobin__seed7__2022-03-05,station_v0_bogota_grid_load1.6,load1.6,RoundRobin,7,2022-03-05,weekend,-1.9436723489409624,234,96,234,29,0.9271213341425488,1.0,27,1.9436723489409529,0.9271213341425488,29
station_v0_bogota_grid_load1.6__Optimal_Oracle_Tracking__seed7__2022-03-05,station_v0_bogota_grid_load1.6,load1.6,Optimal_Oracle_Tracking,7,2022-03-05,weekend,-1.9403258317676328,236,96,236,29,0.9274638056559646,1.0,27,1.940325831767623,0.9274638056559646,29
station_v0_bogota_grid_load1.6__MPC_TrackingG2V__seed8__2022-01-17,station_v0_bogota_grid_load1.6,load1.6,MPC_TrackingG2V,8,2022-01-17,weekday,-15.421542761048816,1050,96,1050,76,0.8996003944086507,1.0,27,15.42154276104877,0.8996003944086507,76
station_v0_bogota_grid_load1.6__ChargeAsFastAsPossible__seed8__2022-03-05,station_v0_bogota_grid_load1.6,load1.6,ChargeAsFastAsPossible,8,2022-03-05,weekend,-8.211789527926662,667,96,667,69,0.9074314193226,1.0,27,8.211789527926634,0.9074314193226,69
station_v0_bogota_grid_load1.6__TD3_vanilla_extended_ts102__seed8__2022-03-05,station_v0_bogota_grid_load1.6,load1.6,TD3_vanilla_extended_ts102,8,2022-03-05,weekend,-8.203851901617382,669,96,669,69,0.9074314193226,1.0,27,8.203851901617355,0.9074314193226,69
station_v0_bogota_grid_load1.6__RoundRobin__seed9__2022-01-17,station_v0_bogota_grid_load1.6,load1.6,RoundRobin,9,2022-01-17,weekday,-10.385491678823016,776,96,776,69,0.9088016862592928,1.0,27,10.385491678822984,0.9088016862592928,69
station_v0_bogota_grid_load1.6__Optimal_Oracle_Tracking__seed9__2022-01-17,station_v0_bogota_grid_load1.6,load1.6,Optimal_Oracle_Tracking,9,2022-01-17,weekday,-10.382012881624805,778,96,778,69,0.9088016862592928,1.0,27,10.382012881624773,0.9088016862592928,69
station_v0_bogota_grid_load1.6__MPC_TrackingG2V__seed9__2022-03-05,station_v0_bogota_grid_load1.6,load1.6,MPC_TrackingG2V,9,2022-03-05,weekend,-2.872579618299473,321,96,321,43,0.9222147787294102,1.0,27,2.8725796182994587,0.9222147787294102,43
station_v0_bogota_grid_load1.6__ChargeAsFastAsPossible__seed10__2022-01-17,station_v0_bogota_grid_load1.6,load1.6,ChargeAsFastAsPossible,10,2022-01-17,weekday,-5.53528125443206,530,96,530,52,0.910783472910708,1.0,27,5.535281254432038,0.910783472910708,52
station_v0_bogota_grid_load1.6__TD3_vanilla_extended_ts102__seed10__2022-01-17,station_v0_bogota_grid_load1.6,load1.6,TD3_vanilla_extended_ts102,10,2022-01-17,weekday,-5.513747449798922,528,96,528,52,0.9121760370709624,1.0,27,5.513747449798901,0.9121760370709624,52
station_v0_bogota_grid_load1.6__RoundRobin__seed10__2022-03-05,station_v0_bogota_grid_load1.6,load1.6,RoundRobin,10,2022-03-05,weekend,-19.15053483767278,1319,96,1319,96,0.8952119020356718,1.0,27,19.15053483767272,0.8952119020356718,96
station_v0_bogota_grid_load1.6__Optimal_Oracle_Tracking__seed10__2022-03-05,station_v0_bogota_grid_load1.6,load1.6,Optimal_Oracle_Tracking,10,2022-03-05,weekend,-19.150079857831948,1317,96,1317,96,0.8954282803985223,1.0,27,19.150079857831887,0.8954282803985223,96
station_v0_bogota_grid_load1.6__MPC_TrackingG2V__seed11__2022-01-17,station_v0_bogota_grid_load1.6,load1.6,MPC_TrackingG2V,11,2022-01-17,weekday,-6.915574487165756,605,96,605,64,0.9173782568940788,1.0,27,6.91557448716573,0.9173782568940788,64
station_v0_bogota_grid_load1.6__ChargeAsFastAsPossible__seed11__2022-03-05,station_v0_bogota_grid_load1.6,load1.6,ChargeAsFastAsPossible,11,2022-03-05,weekend,-4.149391891246342,354,96,354,32,0.9175683154985522,1.0,27,4.149391891246328,0.9175683154985522,32
station_v0_bogota_grid_load1.6__TD3_vanilla_extended_ts102__seed11__2022-03-05,station_v0_bogota_grid_load1.6,load1.6,TD3_vanilla_extended_ts102,11,2022-03-05,weekend,-4.149840431979843,354,96,354,32,0.9175201514780889,1.0,27,4.149840431979829,0.9175201514780889,32
station_v0_bogota_grid_load1.6__RoundRobin__seed12__2022-01-17,station_v0_bogota_grid_load1.6,load1.6,RoundRobin,12,2022-01-17,weekday,-19.219109541752548,1236,96,1236,76,0.890761523778844,1.0,27,19.21910954175249,0.890761523778844,76
station_v0_bogota_grid_load1.6__Optimal_Oracle_Tracking__seed12__2022-01-17,station_v0_bogota_grid_load1.6,load1.6,Optimal_Oracle_Tracking,12,2022-01-17,weekday,-19.2217954470654,1237,96,1237,76,0.8896221699670607,1.0,27,19.221795447065347,0.8896221699670607,76
station_v0_bogota_grid_load1.6__MPC_TrackingG2V__seed12__2022-03-05,station_v0_bogota_grid_load1.6,load1.6,MPC_TrackingG2V,12,2022-03-05,weekend,-1.2806609254050738,220,96,220,26,0.9338242099071956,1.0,27,1.2806609254050647,0.9338242099071956,26
station_v0_bogota_grid_load1.6__ChargeAsFastAsPossible__seed13__2022-01-17,station_v0_bogota_grid_load1.6,load1.6,ChargeAsFastAsPossible,13,2022-01-17,weekday,-12.019134385432617,968,96,968,75,0.8992846073710073,1.0,27,12.019134385432576,0.8992846073710073,75
station_v0_bogota_grid_load1.6__TD3_vanilla_extended_ts102__seed13__2022-01-17,station_v0_bogota_grid_load1.6,load1.6,TD3_vanilla_extended_ts102,13,2022-01-17,weekday,-12.003389451690818,968,96,968,75,0.8992846073710073,1.0,27,12.00338945169078,0.8992846073710073,75
station_v0_bogota_grid_load1.6__RoundRobin__seed13__2022-03-05,station_v0_bogota_grid_load1.6,load1.6,RoundRobin,13,2022-03-05,weekend,-9.44461408460657,813,96,813,74,0.9103198273857284,1.0,27,9.444614084606537,0.9103198273857284,74
station_v0_bogota_grid_load1.6__Optimal_Oracle_Tracking__seed13__2022-03-05,station_v0_bogota_grid_load1.6,load1.6,Optimal_Oracle_Tracking,13,2022-03-05,weekend,-9.467046284589774,810,96,810,73,0.9099608526917584,1.0,27,9.46704628458974,0.9099608526917584,73
station_v0_bogota_grid_load1.6__MPC_TrackingG2V__seed14__2022-01-17,station_v0_bogota_grid_load1.6,load1.6,MPC_TrackingG2V,14,2022-01-17,weekday,-11.905323122817,881,96,881,69,0.9074970875127466,1.0,27,11.905323122816965,0.9074970875127466,69
station_v0_bogota_grid_load1.6__ChargeAsFastAsPossible__seed14__2022-03-05,station_v0_bogota_grid_load1.6,load1.6,ChargeAsFastAsPossible,14,2022-03-05,weekend,-8.512605144627036,629,96,629,55,0.9039142976123746,1.0,27,8.51260514462701,0.9039142976123746,55
station_v0_bogota_grid_load1.6__TD3_vanilla_extended_ts102__seed14__2022-03-05,station_v0_bogota_grid_load1.6,load1.6,TD3_vanilla_extended_ts102,14,2022-03-05,weekend,-8.498762055856686,629,96,629,55,0.9039142976123746,1.0,27,8.49876205585666,0.9039142976123746,55
station_v0_bogota_grid_load1.6__RoundRobin__seed15__2022-01-17,station_v0_bogota_grid_load1.6,load1.6,RoundRobin,15,2022-01-17,weekday,-20.70249194601436,1259,96,1259,93,0.8856268628905163,1.0,27,20.702491946014295,0.8856268628905163,93
station_v0_bogota_grid_load1.6__Optimal_Oracle_Tracking__seed15__2022-01-17,station_v0_bogota_grid_load1.6,load1.6,Optimal_Oracle_Tracking,15,2022-01-17,weekday,-20.698326663991747,1259,96,1259,93,0.8859417188709393,1.0,27,20.698326663991693,0.8859417188709393,93
station_v0_bogota_grid_load1.6__MPC_TrackingG2V__seed15__2022-03-05,station_v0_bogota_grid_load1.6,load1.6,MPC_TrackingG2V,15,2022-03-05,weekend,-19.739348051719737,1296,96,1296,79,0.8986625183052589,1.0,27,19.73934805171968,0.8986625183052589,79
station_v0_bogota_grid_load1.6__ChargeAsFastAsPossible__seed16__2022-01-17,station_v0_bogota_grid_load1.6,load1.6,ChargeAsFastAsPossible,16,2022-01-17,weekday,-10.555919180560178,881,96,881,67,0.9062694407821844,1.0,27,10.555919180560142,0.9062694407821844,67
station_v0_bogota_grid_load1.6__TD3_vanilla_extended_ts102__seed16__2022-01-17,station_v0_bogota_grid_load1.6,load1.6,TD3_vanilla_extended_ts102,16,2022-01-17,weekday,-10.533602804063923,885,96,885,67,0.9062694407821844,1.0,27,10.533602804063886,0.9062694407821844,67
station_v0_bogota_grid_load1.6__RoundRobin__seed16__2022-03-05,station_v0_bogota_grid_load1.6,load1.6,RoundRobin,16,2022-03-05,weekend,-6.465382455475966,547,96,547,52,0.9084283054478154,1.0,27,6.465382455475943,0.9084283054478154,52
station_v0_bogota_grid_load1.6__Optimal_Oracle_Tracking__seed16__2022-03-05,station_v0_bogota_grid_load1.6,load1.6,Optimal_Oracle_Tracking,16,2022-03-05,weekend,-6.465285219073734,551,96,551,53,0.9087098368211434,1.0,27,6.465285219073711,0.9087098368211434,53
station_v0_bogota_grid_load1.6__MPC_TrackingG2V__seed17__2022-01-17,station_v0_bogota_grid_load1.6,load1.6,MPC_TrackingG2V,17,2022-01-17,weekday,-10.51467896879018,860,96,860,65,0.9033195633811584,1.0,27,10.51467896879014,0.9033195633811584,65
station_v0_bogota_grid_load1.6__ChargeAsFastAsPossible__seed17__2022-03-05,station_v0_bogota_grid_load1.6,load1.6,ChargeAsFastAsPossible,17,2022-03-05,weekend,-3.939420290548445,414,96,414,49,0.9185023859718552,1.0,27,3.939420290548428,0.9185023859718552,49
station_v0_bogota_grid_load1.6__TD3_vanilla_extended_ts102__seed17__2022-03-05,station_v0_bogota_grid_load1.6,load1.6,TD3_vanilla_extended_ts102,17,2022-03-05,weekend,-3.9228883494653313,415,96,415,49,0.9185023859718552,1.0,27,3.922888349465314,0.9185023859718552,49
station_v0_bogota_grid_load1.6__RoundRobin__seed18__2022-01-17,station_v0_bogota_grid_load1.6,load1.6,RoundRobin,18,2022-01-17,weekday,-19.94651382024176,1254,96,1254,88,0.8855300813044575,1.0,27,19.946513820241705,0.8855300813044575,88
station_v0_bogota_grid_load1.6__Optimal_Oracle_Tracking__seed18__2022-01-17,station_v0_bogota_grid_load1.6,load1.6,Optimal_Oracle_Tracking,18,2022-01-17,weekday,-19.93239175064609,1255,96,1255,88,0.885735346077245,1.0,27,19.93239175064604,0.885735346077245,88
station_v0_bogota_grid_load1.6__MPC_TrackingG2V__seed18__2022-03-05,station_v0_bogota_grid_load1.6,load1.6,MPC_TrackingG2V,18,2022-03-05,weekend,-6.674455962076852,647,96,647,71,0.9140890230475808,1.0,27,6.6744559620768245,0.9140890230475808,71
station_v0_bogota_grid_load1.6__ChargeAsFastAsPossible__seed19__2022-01-17,station_v0_bogota_grid_load1.6,load1.6,ChargeAsFastAsPossible,19,2022-01-17,weekday,-22.4889730355846,1266,96,1266,72,0.8769013920750212,1.0,27,22.48897303558455,0.8769013920750212,72
station_v0_bogota_grid_load1.6__TD3_vanilla_extended_ts102__seed19__2022-01-17,station_v0_bogota_grid_load1.6,load1.6,TD3_vanilla_extended_ts102,19,2022-01-17,weekday,-22.48031720705345,1263,96,1263,72,0.8769018842398879,1.0,27,22.480317207053396,0.8769018842398879,72
station_v0_bogota_grid_load1.6__RoundRobin__seed19__2022-03-05,station_v0_bogota_grid_load1.6,load1.6,RoundRobin,19,2022-03-05,weekend,-2.785146005916977,299,96,299,47,0.923125908587334,1.0,27,2.7851460059169644,0.923125908587334,47
station_v0_bogota_grid_load1.6__Optimal_Oracle_Tracking__seed19__2022-03-05,station_v0_bogota_grid_load1.6,load1.6,Optimal_Oracle_Tracking,19,2022-03-05,weekend,-2.7795618700782567,299,96,299,47,0.923404005162052,1.0,27,2.7795618700782443,0.923404005162052,47
station_v0_bogota_grid_load1.6__MPC_TrackingG2V__seed20__2022-01-17,station_v0_bogota_grid_load1.6,load1.6,MPC_TrackingG2V,20,2022-01-17,weekday,-22.794966595116225,1376,96,1376,95,0.8890695930391601,1.0,27,22.794966595116165,0.8890695930391601,95
station_v0_bogota_grid_load1.6__ChargeAsFastAsPossible__seed20__2022-03-05,station_v0_bogota_grid_load1.6,load1.6,ChargeAsFastAsPossible,20,2022-03-05,weekend,-2.806613210672833,258,96,258,27,0.9183496297825642,1.0,27,2.8066132106728228,0.9183496297825642,27
station_v0_bogota_grid_load1.6__TD3_vanilla_extended_ts102__seed20__2022-03-05,station_v0_bogota_grid_load1.6,load1.6,TD3_vanilla_extended_ts102,20,2022-03-05,weekend,-2.806418126958007,259,96,259,27,0.9209611868973347,1.0,27,2.8064181269579964,0.9209611868973347,27
station_v0_bogota_grid_load1.6__RoundRobin__seed21__2022-01-17,station_v0_bogota_grid_load1.6,load1.6,RoundRobin,21,2022-01-17,weekday,-16.03785275133842,1010,96,1010,72,0.8948145157277178,1.0,27,16.037852751338377,0.8948145157277178,72
station_v0_bogota_grid_load1.6__Optimal_Oracle_Tracking__seed21__2022-01-17,station_v0_bogota_grid_load1.6,load1.6,Optimal_Oracle_Tracking,21,2022-01-17,weekday,-16.01989790019543,1011,96,1011,72,0.8948995848997107,1.0,27,16.01989790019539,0.8948995848997107,72
station_v0_bogota_grid_load1.6__MPC_TrackingG2V__seed21__2022-03-05,station_v0_bogota_grid_load1.6,load1.6,MPC_TrackingG2V,21,2022-03-05,weekend,-12.709213953088414,922,96,922,87,0.8988281488155605,1.0,27,12.709213953088373,0.8988281488155605,87
station_v0_bogota_grid_load1.6__ChargeAsFastAsPossible__seed22__2022-01-17,station_v0_bogota_grid_load1.6,load1.6,ChargeAsFastAsPossible,22,2022-01-17,weekday,-14.323764564970126,1117,96,1117,88,0.9040478130973164,1.0,27,14.323764564970078,0.9040478130973164,88
station_v0_bogota_grid_load1.6__TD3_vanilla_extended_ts102__seed22__2022-01-17,station_v0_bogota_grid_load1.6,load1.6,TD3_vanilla_extended_ts102,22,2022-01-17,weekday,-14.321831084465511,1117,96,1117,88,0.9040478130973164,1.0,27,14.321831084465463,0.9040478130973164,88
station_v0_bogota_grid_load1.6__RoundRobin__seed22__2022-03-05,station_v0_bogota_grid_load1.6,load1.6,RoundRobin,22,2022-03-05,weekend,-8.028414877250208,694,96,694,71,0.9092714890848984,1.0,27,8.02841487725018,0.9092714890848984,71
station_v0_bogota_grid_load1.6__Optimal_Oracle_Tracking__seed22__2022-03-05,station_v0_bogota_grid_load1.6,load1.6,Optimal_Oracle_Tracking,22,2022-03-05,weekend,-8.029447440509076,697,96,697,71,0.9094175747189588,1.0,27,8.029447440509047,0.9094175747189588,71
station_v0_bogota_grid_load1.6__MPC_TrackingG2V__seed23__2022-01-17,station_v0_bogota_grid_load1.6,load1.6,MPC_TrackingG2V,23,2022-01-17,weekday,-18.75574476306929,1252,96,1252,96,0.891039436295355,1.0,27,18.75574476306923,0.891039436295355,96
station_v0_bogota_grid_load1.6__ChargeAsFastAsPossible__seed23__2022-03-05,station_v0_bogota_grid_load1.6,load1.6,ChargeAsFastAsPossible,23,2022-03-05,weekend,-3.7766953320586216,361,96,361,46,0.9231740823038332,1.0,27,3.776695332058607,0.9231740823038332,46
station_v0_bogota_grid_load1.6__TD3_vanilla_extended_ts102__seed23__2022-03-05,station_v0_bogota_grid_load1.6,load1.6,TD3_vanilla_extended_ts102,23,2022-03-05,weekend,-3.758985061316632,359,96,359,46,0.9231740823038332,1.0,27,3.7589850613166176,0.9231740823038332,46
station_v0_bogota_grid_load1.6__RoundRobin__seed24__2022-01-17,station_v0_bogota_grid_load1.6,load1.6,RoundRobin,24,2022-01-17,weekday,-17.97648776367933,1057,96,1057,76,0.8933435744130339,1.0,27,17.976487763679277,0.8933435744130339,76
station_v0_bogota_grid_load1.6__Optimal_Oracle_Tracking__seed24__2022-01-17,station_v0_bogota_grid_load1.6,load1.6,Optimal_Oracle_Tracking,24,2022-01-17,weekday,-17.97013911761124,1060,96,1060,76,0.8934324885012976,1.0,27,17.970139117611193,0.8934324885012976,76
station_v0_bogota_grid_load1.6__MPC_TrackingG2V__seed24__2022-03-05,station_v0_bogota_grid_load1.6,load1.6,MPC_TrackingG2V,24,2022-03-05,weekend,-5.847061270748017,547,96,547,59,0.9135462781401744,1.0,27,5.847061270747994,0.9135462781401744,59
station_v0_bogota_grid_load1.6__ChargeAsFastAsPossible__seed25__2022-01-17,station_v0_bogota_grid_load1.6,load1.6,ChargeAsFastAsPossible,25,2022-01-17,weekday,-4.632494993774585,445,96,445,60,0.9138284133383014,1.0,27,4.632494993774568,0.9138284133383014,60
station_v0_bogota_grid_load1.6__TD3_vanilla_extended_ts102__seed25__2022-01-17,station_v0_bogota_grid_load1.6,load1.6,TD3_vanilla_extended_ts102,25,2022-01-17,weekday,-4.612733239577105,447,96,447,60,0.913422443005967,1.0,27,4.612733239577088,0.913422443005967,60
station_v0_bogota_grid_load1.6__RoundRobin__seed25__2022-03-05,station_v0_bogota_grid_load1.6,load1.6,RoundRobin,25,2022-03-05,weekend,-10.4325264134907,705,96,705,56,0.8971264337351648,1.0,27,10.432526413490669,0.8971264337351648,56
station_v0_bogota_grid_load1.6__Optimal_Oracle_Tracking__seed25__2022-03-05,station_v0_bogota_grid_load1.6,load1.6,Optimal_Oracle_Tracking,25,2022-03-05,weekend,-10.421818949311085,705,96,705,56,0.8973970028466034,1.0,27,10.421818949311056,0.8973970028466034,56
station_v0_bogota_grid_load1.6__MPC_TrackingG2V__seed26__2022-01-17,station_v0_bogota_grid_load1.6,load1.6,MPC_TrackingG2V,26,2022-01-17,weekday,-20.67938443133141,1329,96,1329,96,0.8942440606847958,1.0,27,20.67938443133135,0.8942440606847958,96
station_v0_bogota_grid_load1.6__ChargeAsFastAsPossible__seed26__2022-03-05,station_v0_bogota_grid_load1.6,load1.6,ChargeAsFastAsPossible,26,2022-03-05,weekend,-2.87097441392753,295,96,295,33,0.9193241652251014,1.0,27,2.870974413927518,0.9193241652251014,33
station_v0_bogota_grid_load1.6__TD3_vanilla_extended_ts102__seed26__2022-03-05,station_v0_bogota_grid_load1.6,load1.6,TD3_vanilla_extended_ts102,26,2022-03-05,weekend,-2.859125437596629,293,96,293,32,0.920386713005798,1.0,27,2.859125437596617,0.920386713005798,32
station_v0_bogota_grid_load1.6__RoundRobin__seed27__2022-01-17,station_v0_bogota_grid_load1.6,load1.6,RoundRobin,27,2022-01-17,weekday,-12.911660814814589,1005,96,1005,69,0.903880914879268,1.0,27,12.911660814814542,0.903880914879268,69
station_v0_bogota_grid_load1.6__Optimal_Oracle_Tracking__seed27__2022-01-17,station_v0_bogota_grid_load1.6,load1.6,Optimal_Oracle_Tracking,27,2022-01-17,weekday,-12.897623499600993,1008,96,1008,69,0.9041439075965658,1.0,27,12.897623499600948,0.9041439075965658,69
station_v0_bogota_grid_load1.6__MPC_TrackingG2V__seed27__2022-03-05,station_v0_bogota_grid_load1.6,load1.6,MPC_TrackingG2V,27,2022-03-05,weekend,-2.901112805057548,326,96,326,51,0.9243952474066826,1.0,27,2.9011128050575348,0.9243952474066826,51
station_v0_bogota_grid_load1.6__ChargeAsFastAsPossible__seed28__2022-01-17,station_v0_bogota_grid_load1.6,load1.6,ChargeAsFastAsPossible,28,2022-01-17,weekday,-4.1821321921778365,416,96,416,48,0.9165379071475516,1.0,27,4.182132192177819,0.9165379071475516,48
station_v0_bogota_grid_load1.6__TD3_vanilla_extended_ts102__seed28__2022-01-17,station_v0_bogota_grid_load1.6,load1.6,TD3_vanilla_extended_ts102,28,2022-01-17,weekday,-4.155120541537463,419,96,419,49,0.9165379071475516,1.0,27,4.155120541537445,0.9165379071475516,49
station_v0_bogota_grid_load1.6__RoundRobin__seed28__2022-03-05,station_v0_bogota_grid_load1.6,load1.6,RoundRobin,28,2022-03-05,weekend,-3.1146925512223005,338,96,338,52,0.924752062961425,1.0,27,3.1146925512222863,0.924752062961425,52
station_v0_bogota_grid_load1.6__Optimal_Oracle_Tracking__seed28__2022-03-05,station_v0_bogota_grid_load1.6,load1.6,Optimal_Oracle_Tracking,28,2022-03-05,weekend,-3.112857900457706,338,96,338,52,0.9250809515685507,1.0,27,3.1128579004576915,0.9250809515685507,52
station_v0_bogota_grid_load1.6__MPC_TrackingG2V__seed29__2022-01-17,station_v0_bogota_grid_load1.6,load1.6,MPC_TrackingG2V,29,2022-01-17,weekday,-14.60925881953975,931,96,931,69,0.8876882461156268,1.0,27,14.60925881953971,0.8876882461156268,69
station_v0_bogota_grid_load1.6__ChargeAsFastAsPossible__seed29__2022-03-05,station_v0_bogota_grid_load1.6,load1.6,ChargeAsFastAsPossible,29,2022-03-05,weekend,-11.29186778608224,773,96,773,76,0.8943273201167184,1.0,27,11.291867786082207,0.8943273201167184,76
station_v0_bogota_grid_load1.6__TD3_vanilla_extended_ts102__seed29__2022-03-05,station_v0_bogota_grid_load1.6,load1.6,TD3_vanilla_extended_ts102,29,2022-03-05,weekend,-11.291137440585173,774,96,774,76,0.8943273201167184,1.0,27,11.291137440585135,0.8943273201167184,76
station_v0_bogota_grid_load1.6__RoundRobin__seed30__2022-01-17,station_v0_bogota_grid_load1.6,load1.6,RoundRobin,30,2022-01-17,weekday,-3.4133209191777585,385,96,385,56,0.9180656799595216,1.0,27,3.4133209191777425,0.9180656799595216,56
station_v0_bogota_grid_load1.6__Optimal_Oracle_Tracking__seed30__2022-01-17,station_v0_bogota_grid_load1.6,load1.6,Optimal_Oracle_Tracking,30,2022-01-17,weekday,-3.3992292741018035,386,96,386,56,0.9182810671796948,1.0,27,3.3992292741017875,0.9182810671796948,56
station_v0_bogota_grid_load1.6__MPC_TrackingG2V__seed30__2022-03-05,station_v0_bogota_grid_load1.6,load1.6,MPC_TrackingG2V,30,2022-03-05,weekend,-6.722652569521235,580,96,580,60,0.9100296438447096,1.0,27,6.722652569521211,0.9100296438447096,60
station_v0_bogota_grid_load1.6__ChargeAsFastAsPossible__seed31__2022-01-17,station_v0_bogota_grid_load1.6,load1.6,ChargeAsFastAsPossible,31,2022-01-17,weekday,-8.878044442505638,792,96,792,86,0.9078400412793672,1.0,27,8.878044442505605,0.9078400412793672,86
station_v0_bogota_grid_load1.6__TD3_vanilla_extended_ts102__seed31__2022-01-17,station_v0_bogota_grid_load1.6,load1.6,TD3_vanilla_extended_ts102,31,2022-01-17,weekday,-8.870935098991081,792,96,792,86,0.9078400412793672,1.0,27,8.870935098991048,0.9078400412793672,86
station_v0_bogota_grid_load1.6__RoundRobin__seed31__2022-03-05,station_v0_bogota_grid_load1.6,load1.6,RoundRobin,31,2022-03-05,weekend,-1.367516493196343,191,96,191,36,0.9339499765371102,1.0,27,1.3675164931963355,0.9339499765371102,36
station_v0_bogota_grid_load1.6__Optimal_Oracle_Tracking__seed31__2022-03-05,station_v0_bogota_grid_load1.6,load1.6,Optimal_Oracle_Tracking,31,2022-03-05,weekend,-1.3784671011014158,191,96,191,36,0.9339674060656014,1.0,27,1.3784671011014078,0.9339674060656014,36
station_v0_bogota_grid_load1.6__MPC_TrackingG2V__seed32__2022-01-17,station_v0_bogota_grid_load1.6,load1.6,MPC_TrackingG2V,32,2022-01-17,weekday,-15.231917451460689,992,96,992,75,0.8992787520678907,1.0,27,15.231917451460646,0.8992787520678907,75
station_v0_bogota_grid_load1.6__ChargeAsFastAsPossible__seed32__2022-03-05,station_v0_bogota_grid_load1.6,load1.6,ChargeAsFastAsPossible,32,2022-03-05,weekend,-1.87981125124491,258,96,258,27,0.929377943452182,1.0,27,1.8798112512449,0.929377943452182,27
station_v0_bogota_grid_load1.6__TD3_vanilla_extended_ts102__seed32__2022-03-05,station_v0_bogota_grid_load1.6,load1.6,TD3_vanilla_extended_ts102,32,2022-03-05,weekend,-1.87981125124491,258,96,258,27,0.929377943452182,1.0,27,1.8798112512449,0.929377943452182,27
station_v0_bogota_grid_load1.6__RoundRobin__seed33__2022-01-17,station_v0_bogota_grid_load1.6,load1.6,RoundRobin,33,2022-01-17,weekday,-12.400054401990216,912,96,912,76,0.901632846223542,1.0,27,12.400054401990175,0.901632846223542,76
station_v0_bogota_grid_load1.6__Optimal_Oracle_Tracking__seed33__2022-01-17,station_v0_bogota_grid_load1.6,load1.6,Optimal_Oracle_Tracking,33,2022-01-17,weekday,-12.37752475394728,910,96,910,76,0.9018403465003304,1.0,27,12.37752475394724,0.9018403465003304,76
station_v0_bogota_grid_load1.6__MPC_TrackingG2V__seed33__2022-03-05,station_v0_bogota_grid_load1.6,load1.6,MPC_TrackingG2V,33,2022-03-05,weekend,-6.03449934794588,583,96,583,62,0.9143907902532304,1.0,27,6.034499347945856,0.9143907902532304,62
station_v0_bogota_grid_load1.6__ChargeAsFastAsPossible__seed34__2022-01-17,station_v0_bogota_grid_load1.6,load1.6,ChargeAsFastAsPossible,34,2022-01-17,weekday,-8.898884434408863,878,96,878,70,0.9112192719747796,1.0,27,8.898884434408828,0.9112192719747796,70
station_v0_bogota_grid_load1.6__TD3_vanilla_extended_ts102__seed34__2022-01-17,station_v0_bogota_grid_load1.6,load1.6,TD3_vanilla_extended_ts102,34,2022-01-17,weekday,-8.892292368991066,877,96,877,70,0.9124279411378208,1.0,27,8.892292368991031,0.9124279411378208,70
station_v0_bogota_grid_load1.6__RoundRobin__seed34__2022-03-05,station_v0_bogota_grid_load1.6,load1.6,RoundRobin,34,2022-03-05,weekend,-12.625405581392084,828,96,828,75,0.8913572555557235,1.0,27,12.625405581392048,0.8913572555557235,75
station_v0_bogota_grid_load1.6__Optimal_Oracle_Tracking__seed34__2022-03-05,station_v0_bogota_grid_load1.6,load1.6,Optimal_Oracle_Tracking,34,2022-03-05,weekend,-12.644123493488935,829,96,829,75,0.8911045543956154,1.0,27,12.644123493488902,0.8911045543956154,75
station_v0_bogota_grid_load1.6__MPC_TrackingG2V__seed35__2022-01-17,station_v0_bogota_grid_load1.6,load1.6,MPC_TrackingG2V,35,2022-01-17,weekday,-4.188319161031589,445,96,445,50,0.9186911689614148,1.0,27,4.18831916103157,0.9186911689614148,50
station_v0_bogota_grid_load1.6__ChargeAsFastAsPossible__seed35__2022-03-05,station_v0_bogota_grid_load1.6,load1.6,ChargeAsFastAsPossible,35,2022-03-05,weekend,-10.87302753579638,829,96,829,72,0.9017445312042834,1.0,27,10.873027535796345,0.9017445312042834,72
station_v0_bogota_grid_load1.6__TD3_vanilla_extended_ts102__seed35__2022-03-05,station_v0_bogota_grid_load1.6,load1.6,TD3_vanilla_extended_ts102,35,2022-03-05,weekend,-10.860990099162196,825,96,825,71,0.9017445312042834,1.0,27,10.86099009916216,0.9017445312042834,71
station_v0_bogota_grid_load1.6__RoundRobin__seed36__2022-01-17,station_v0_bogota_grid_load1.6,load1.6,RoundRobin,36,2022-01-17,weekday,-14.83805485462905,1070,96,1070,73,0.904420412359556,1.0,27,14.838054854629002,0.904420412359556,73
station_v0_bogota_grid_load1.6__Optimal_Oracle_Tracking__seed36__2022-01-17,station_v0_bogota_grid_load1.6,load1.6,Optimal_Oracle_Tracking,36,2022-01-17,weekday,-14.82350172382275,1071,96,1071,73,0.9045695055303116,1.0,27,14.823501723822702,0.9045695055303116,73
station_v0_bogota_grid_load1.6__MPC_TrackingG2V__seed36__2022-03-05,station_v0_bogota_grid_load1.6,load1.6,MPC_TrackingG2V,36,2022-03-05,weekend,-11.154869964301875,747,96,747,60,0.8994990157628981,1.0,27,11.154869964301843,0.8994990157628981,60
station_v0_bogota_grid_load1.6__ChargeAsFastAsPossible__seed37__2022-01-17,station_v0_bogota_grid_load1.6,load1.6,ChargeAsFastAsPossible,37,2022-01-17,weekday,-13.280788815681928,976,96,976,82,0.9021448108389516,1.0,27,13.280788815681884,0.9021448108389516,82
station_v0_bogota_grid_load1.6__TD3_vanilla_extended_ts102__seed37__2022-01-17,station_v0_bogota_grid_load1.6,load1.6,TD3_vanilla_extended_ts102,37,2022-01-17,weekday,-13.26313120889882,978,96,978,82,0.9021448108389516,1.0,27,13.26313120889878,0.9021448108389516,82
station_v0_bogota_grid_load1.6__RoundRobin__seed37__2022-03-05,station_v0_bogota_grid_load1.6,load1.6,RoundRobin,37,2022-03-05,weekend,-9.171165036688384,764,96,764,84,0.8997975006559062,1.0,27,9.17116503668835,0.8997975006559062,84
station_v0_bogota_grid_load1.6__Optimal_Oracle_Tracking__seed37__2022-03-05,station_v0_bogota_grid_load1.6,load1.6,Optimal_Oracle_Tracking,37,2022-03-05,weekend,-9.198565712610026,766,96,766,83,0.8997395863142359,1.0,27,9.198565712609993,0.8997395863142359,83
station_v0_bogota_grid_load1.6__MPC_TrackingG2V__seed38__2022-01-17,station_v0_bogota_grid_load1.6,load1.6,MPC_TrackingG2V,38,2022-01-17,weekday,-11.85332167501088,1019,96,1019,71,0.905997634590981,1.0,27,11.853321675010834,0.905997634590981,71
station_v0_bogota_grid_load1.6__ChargeAsFastAsPossible__seed38__2022-03-05,station_v0_bogota_grid_load1.6,load1.6,ChargeAsFastAsPossible,38,2022-03-05,weekend,-3.2010999788226107,358,96,358,40,0.9232663059161236,1.0,27,3.201099978822596,0.9232663059161236,40
station_v0_bogota_grid_load1.6__TD3_vanilla_extended_ts102__seed38__2022-03-05,station_v0_bogota_grid_load1.6,load1.6,TD3_vanilla_extended_ts102,38,2022-03-05,weekend,-3.2008871361933915,358,96,358,40,0.9232663059161236,1.0,27,3.200887136193377,0.9232663059161236,40
station_v0_bogota_grid_load1.6__RoundRobin__seed39__2022-01-17,station_v0_bogota_grid_load1.6,load1.6,RoundRobin,39,2022-01-17,weekday,-9.401383659655307,699,96,699,67,0.9079834277205768,1.0,27,9.401383659655275,0.9079834277205768,67
station_v0_bogota_grid_load1.6__Optimal_Oracle_Tracking__seed39__2022-01-17,station_v0_bogota_grid_load1.6,load1.6,Optimal_Oracle_Tracking,39,2022-01-17,weekday,-9.3938448407903,699,96,699,67,0.9081146793269814,1.0,27,9.393844840790273,0.9081146793269814,67
station_v0_bogota_grid_load1.6__MPC_TrackingG2V__seed39__2022-03-05,station_v0_bogota_grid_load1.6,load1.6,MPC_TrackingG2V,39,2022-03-05,weekend,-4.403232876944763,415,96,415,51,0.9153452117942086,1.0,27,4.403232876944746,0.9153452117942086,51
station_v0_bogota_grid_load1.6__ChargeAsFastAsPossible__seed40__2022-01-17,station_v0_bogota_grid_load1.6,load1.6,ChargeAsFastAsPossible,40,2022-01-17,weekday,-7.402697497805217,563,96,563,65,0.9110229700688376,1.0,27,7.402697497805194,0.9110229700688376,65
station_v0_bogota_grid_load1.6__TD3_vanilla_extended_ts102__seed40__2022-01-17,station_v0_bogota_grid_load1.6,load1.6,TD3_vanilla_extended_ts102,40,2022-01-17,weekday,-7.400785791248516,564,96,564,65,0.9110229700688376,1.0,27,7.400785791248493,0.9110229700688376,65
station_v0_bogota_grid_load1.6__RoundRobin__seed40__2022-03-05,station_v0_bogota_grid_load1.6,load1.6,RoundRobin,40,2022-03-05,weekend,-4.570484454771767,487,96,487,61,0.9196211538310493,1.0,27,4.570484454771747,0.9196211538310493,61
station_v0_bogota_grid_load1.6__Optimal_Oracle_Tracking__seed40__2022-03-05,station_v0_bogota_grid_load1.6,load1.6,Optimal_Oracle_Tracking,40,2022-03-05,weekend,-4.573964825305964,488,96,488,61,0.91926572753777,1.0,27,4.573964825305945,0.91926572753777,61
station_v0_bogota_grid_load1.6__MPC_TrackingG2V__seed41__2022-01-17,station_v0_bogota_grid_load1.6,load1.6,MPC_TrackingG2V,41,2022-01-17,weekday,-19.96358587647829,1218,96,1218,94,0.8868410480764546,1.0,27,19.963585876478238,0.8868410480764546,94
station_v0_bogota_grid_load1.6__ChargeAsFastAsPossible__seed41__2022-03-05,station_v0_bogota_grid_load1.6,load1.6,ChargeAsFastAsPossible,41,2022-03-05,weekend,-7.696421493939009,685,96,685,67,0.9108949919137208,1.0,27,7.696421493938981,0.9108949919137208,67
station_v0_bogota_grid_load1.6__TD3_vanilla_extended_ts102__seed41__2022-03-05,station_v0_bogota_grid_load1.6,load1.6,TD3_vanilla_extended_ts102,41,2022-03-05,weekend,-7.68294641526454,684,96,684,67,0.9118369045423462,1.0,27,7.682946415264512,0.9118369045423462,67
station_v0_bogota_grid_load1.6__RoundRobin__seed42__2022-01-17,station_v0_bogota_grid_load1.6,load1.6,RoundRobin,42,2022-01-17,weekday,-13.028576121877816,962,96,962,75,0.90265935281263,1.0,27,13.028576121877776,0.90265935281263,75
station_v0_bogota_grid_load1.6__Optimal_Oracle_Tracking__seed42__2022-01-17,station_v0_bogota_grid_load1.6,load1.6,Optimal_Oracle_Tracking,42,2022-01-17,weekday,-13.009651511130748,961,96,961,75,0.9029261737431544,1.0,27,13.009651511130707,0.9029261737431544,75
station_v0_bogota_grid_load1.6__MPC_TrackingG2V__seed42__2022-03-05,station_v0_bogota_grid_load1.6,load1.6,MPC_TrackingG2V,42,2022-03-05,weekend,-8.469209544698602,764,96,764,73,0.9101248776981542,1.0,27,8.46920954469857,0.9101248776981542,73
station_v0_bogota_grid_load1.6__ChargeAsFastAsPossible__seed43__2022-01-17,station_v0_bogota_grid_load1.6,load1.6,ChargeAsFastAsPossible,43,2022-01-17,weekday,-19.44874173251053,1126,96,1126,73,0.8895720465596011,1.0,27,19.44874173251048,0.8895720465596011,73
station_v0_bogota_grid_load1.6__TD3_vanilla_extended_ts102__seed43__2022-01-17,station_v0_bogota_grid_load1.6,load1.6,TD3_vanilla_extended_ts102,43,2022-01-17,weekday,-19.42226618669732,1128,96,1128,73,0.8895720465596011,1.0,27,19.422266186697268,0.8895720465596011,73
station_v0_bogota_grid_load1.6__RoundRobin__seed43__2022-03-05,station_v0_bogota_grid_load1.6,load1.6,RoundRobin,43,2022-03-05,weekend,-5.604766175132509,511,96,511,50,0.91434928077198,1.0,27,5.604766175132489,0.91434928077198,50
station_v0_bogota_grid_load1.6__Optimal_Oracle_Tracking__seed43__2022-03-05,station_v0_bogota_grid_load1.6,load1.6,Optimal_Oracle_Tracking,43,2022-03-05,weekend,-5.609213073058699,512,96,512,50,0.9146332406446588,1.0,27,5.609213073058678,0.9146332406446588,50
station_v0_bogota_grid_load1.6__MPC_TrackingG2V__seed44__2022-01-17,station_v0_bogota_grid_load1.6,load1.6,MPC_TrackingG2V,44,2022-01-17,weekday,-23.023809320711727,1364,96,1364,96,0.8853123043186955,1.0,27,23.023809320711663,0.8853123043186955,96
station_v0_bogota_grid_load1.6__ChargeAsFastAsPossible__seed44__2022-03-05,station_v0_bogota_grid_load1.6,load1.6,ChargeAsFastAsPossible,44,2022-03-05,weekend,-6.1310636942129335,504,96,504,52,0.911402855814836,1.0,27,6.131063694212911,0.911402855814836,52
station_v0_bogota_grid_load1.6__TD3_vanilla_extended_ts102__seed44__2022-03-05,station_v0_bogota_grid_load1.6,load1.6,TD3_vanilla_extended_ts102,44,2022-03-05,weekend,-6.120373297871314,504,96,504,52,0.911402855814836,1.0,27,6.120373297871293,0.911402855814836,52
station_v0_bogota_grid_load1.6__RoundRobin__seed45__2022-01-17,station_v0_bogota_grid_load1.6,load1.6,RoundRobin,45,2022-01-17,weekday,-7.1687384113776496,601,96,601,58,0.9047045413798414,1.0,27,7.168738411377625,0.9047045413798414,58
station_v0_bogota_grid_load1.6__Optimal_Oracle_Tracking__seed45__2022-01-17,station_v0_bogota_grid_load1.6,load1.6,Optimal_Oracle_Tracking,45,2022-01-17,weekday,-7.164338839651586,600,96,600,58,0.9050079374231844,1.0,27,7.164338839651562,0.9050079374231844,58
station_v0_bogota_grid_load1.6__MPC_TrackingG2V__seed45__2022-03-05,station_v0_bogota_grid_load1.6,load1.6,MPC_TrackingG2V,45,2022-03-05,weekend,-7.699414469772178,717,96,717,76,0.9146156619201564,1.0,27,7.699414469772148,0.9146156619201564,76
station_v0_bogota_grid_load1.6__ChargeAsFastAsPossible__seed46__2022-01-17,station_v0_bogota_grid_load1.6,load1.6,ChargeAsFastAsPossible,46,2022-01-17,weekday,-6.963705268823061,633,96,633,61,0.9060733060018462,1.0,27,6.963705268823035,0.9060733060018462,61
station_v0_bogota_grid_load1.6__TD3_vanilla_extended_ts102__seed46__2022-01-17,station_v0_bogota_grid_load1.6,load1.6,TD3_vanilla_extended_ts102,46,2022-01-17,weekday,-6.956455661693507,631,96,631,61,0.9060733060018462,1.0,27,6.956455661693482,0.9060733060018462,61
station_v0_bogota_grid_load1.6__RoundRobin__seed46__2022-03-05,station_v0_bogota_grid_load1.6,load1.6,RoundRobin,46,2022-03-05,weekend,-6.675827679273112,626,96,626,68,0.9117227724394492,1.0,27,6.675827679273086,0.9117227724394492,68
station_v0_bogota_grid_load1.6__Optimal_Oracle_Tracking__seed46__2022-03-05,station_v0_bogota_grid_load1.6,load1.6,Optimal_Oracle_Tracking,46,2022-03-05,weekend,-6.7148700079798544,624,96,624,67,0.91217186861498,1.0,27,6.714870007979829,0.91217186861498,67
station_v0_bogota_grid_load1.6__MPC_TrackingG2V__seed47__2022-01-17,station_v0_bogota_grid_load1.6,load1.6,MPC_TrackingG2V,47,2022-01-17,weekday,-13.065592966761304,885,96,885,63,0.9069027289779104,1.0,27,13.065592966761267,0.9069027289779104,63
station_v0_bogota_grid_load1.6__ChargeAsFastAsPossible__seed47__2022-03-05,station_v0_bogota_grid_load1.6,load1.6,ChargeAsFastAsPossible,47,2022-03-05,weekend,-5.6110718757084905,462,96,462,40,0.9165926567315124,1.0,27,5.61107187570847,0.9165926567315124,40
station_v0_bogota_grid_load1.6__TD3_vanilla_extended_ts102__seed47__2022-03-05,station_v0_bogota_grid_load1.6,load1.6,TD3_vanilla_extended_ts102,47,2022-03-05,weekend,-5.611798615097773,462,96,462,40,0.9165926567315124,1.0,27,5.611798615097754,0.9165926567315124,40
station_v0_bogota_grid_load1.6__RoundRobin__seed48__2022-01-17,station_v0_bogota_grid_load1.6,load1.6,RoundRobin,48,2022-01-17,weekday,-24.16392569602456,1476,96,1476,96,0.8910622931102257,1.0,27,24.16392569602449,0.8910622931102257,96
station_v0_bogota_grid_load1.6__Optimal_Oracle_Tracking__seed48__2022-01-17,station_v0_bogota_grid_load1.6,load1.6,Optimal_Oracle_Tracking,48,2022-01-17,weekday,-24.16475609651636,1478,96,1478,96,0.8915478231181905,1.0,27,24.164756096516296,0.8915478231181905,96
station_v0_bogota_grid_load1.6__MPC_TrackingG2V__seed48__2022-03-05,station_v0_bogota_grid_load1.6,load1.6,MPC_TrackingG2V,48,2022-03-05,weekend,-5.124014783160443,515,96,515,57,0.9169969772343723,1.0,27,5.124014783160421,0.9169969772343723,57
station_v0_bogota_grid_load1.6__ChargeAsFastAsPossible__seed49__2022-01-17,station_v0_bogota_grid_load1.6,load1.6,ChargeAsFastAsPossible,49,2022-01-17,weekday,-27.521470871650315,1477,96,1477,79,0.8804943039720206,1.0,27,27.521470871650248,0.8804943039720206,79
station_v0_bogota_grid_load1.6__TD3_vanilla_extended_ts102__seed49__2022-01-17,station_v0_bogota_grid_load1.6,load1.6,TD3_vanilla_extended_ts102,49,2022-01-17,weekday,-27.50481486980073,1477,96,1477,79,0.8804943039720206,1.0,27,27.504814869800665,0.8804943039720206,79
station_v0_bogota_grid_load1.6__RoundRobin__seed49__2022-03-05,station_v0_bogota_grid_load1.6,load1.6,RoundRobin,49,2022-03-05,weekend,-7.033841554346118,572,96,572,51,0.9074757167015024,1.0,27,7.033841554346095,0.9074757167015024,51
station_v0_bogota_grid_load1.6__Optimal_Oracle_Tracking__seed49__2022-03-05,station_v0_bogota_grid_load1.6,load1.6,Optimal_Oracle_Tracking,49,2022-03-05,weekend,-7.031908012441585,571,96,571,51,0.9076423998783456,1.0,27,7.031908012441562,0.9076423998783456,51
station_v0_bogota_grid__RoundRobin__seed0__2022-01-17,station_v0_bogota_grid,base,RoundRobin,0,2022-01-17,weekday,-0.0869108225833152,39,96,39,10,0.94541730749317,1.0,27,0.0869108225833136,0.94541730749317,10
station_v0_bogota_grid__Optimal_Oracle_Tracking__seed0__2022-01-17,station_v0_bogota_grid,base,Optimal_Oracle_Tracking,0,2022-01-17,weekday,-0.0815522285542556,38,96,38,10,0.9456680027148112,1.0,27,0.081552228554254,0.9456680027148112,10
station_v0_bogota_grid__MPC_TrackingG2V__seed0__2022-03-05,station_v0_bogota_grid,base,MPC_TrackingG2V,0,2022-03-05,weekend,0.0,0,96,0,0,0.9535414024225676,1.0,27,0.0,0.9535414024225676,0
station_v0_bogota_grid__ChargeAsFastAsPossible__seed1__2022-01-17,station_v0_bogota_grid,base,ChargeAsFastAsPossible,1,2022-01-17,weekday,-1.0463947447151376,151,96,151,29,0.9306697154887806,1.0,27,1.0463947447151312,0.9306697154887806,29
station_v0_bogota_grid__TD3_vanilla_extended_ts102__seed1__2022-01-17,station_v0_bogota_grid,base,TD3_vanilla_extended_ts102,1,2022-01-17,weekday,-1.0463947447151376,151,96,151,29,0.9306697154887806,1.0,27,1.0463947447151312,0.9306697154887806,29
station_v0_bogota_grid__RoundRobin__seed1__2022-03-05,station_v0_bogota_grid,base,RoundRobin,1,2022-03-05,weekend,-0.7262737839871616,116,96,116,21,0.9370736517547958,1.0,27,0.7262737839871567,0.9370736517547958,21
station_v0_bogota_grid__Optimal_Oracle_Tracking__seed1__2022-03-05,station_v0_bogota_grid,base,Optimal_Oracle_Tracking,1,2022-03-05,weekend,-0.7441864447950759,117,96,117,21,0.9363700878848644,1.0,27,0.744186444795071,0.9363700878848644,21
station_v0_bogota_grid__MPC_TrackingG2V__seed2__2022-01-17,station_v0_bogota_grid,base,MPC_TrackingG2V,2,2022-01-17,weekday,-0.2199843775746796,49,96,49,10,0.9411885944507355,1.0,27,0.2199843775746776,0.9411885944507355,10
station_v0_bogota_grid__ChargeAsFastAsPossible__seed2__2022-03-05,station_v0_bogota_grid,base,ChargeAsFastAsPossible,2,2022-03-05,weekend,0.0,0,96,0,0,0.953911802893764,1.003920467242222,27,0.0,0.953911802893764,0
station_v0_bogota_grid__TD3_vanilla_extended_ts102__seed2__2022-03-05,station_v0_bogota_grid,base,TD3_vanilla_extended_ts102,2,2022-03-05,weekend,0.0,0,96,0,0,0.9533896593893626,1.003920467242222,27,0.0,0.9533896593893626,0
station_v0_bogota_grid__RoundRobin__seed3__2022-01-17,station_v0_bogota_grid,base,RoundRobin,3,2022-01-17,weekday,-0.0005422395760143,2,96,2,1,0.949685861343565,1.0,27,0.0005422395760142,0.949685861343565,1
station_v0_bogota_grid__Optimal_Oracle_Tracking__seed3__2022-01-17,station_v0_bogota_grid,base,Optimal_Oracle_Tracking,3,2022-01-17,weekday,-0.0007205842868269,2,96,2,1,0.949595095435406,1.0,27,0.0007205842868268,0.949595095435406,1
station_v0_bogota_grid__MPC_TrackingG2V__seed3__2022-03-05,station_v0_bogota_grid,base,MPC_TrackingG2V,3,2022-03-05,weekend,-0.1836046518295829,65,96,65,16,0.944889998036439,1.0,27,0.1836046518295802,0.944889998036439,16
station_v0_bogota_grid__ChargeAsFastAsPossible__seed4__2022-01-17,station_v0_bogota_grid,base,ChargeAsFastAsPossible,4,2022-01-17,weekday,-0.0004586810081411,2,96,2,1,0.949669283807384,1.0,27,0.000458681008141,0.949669283807384,1
station_v0_bogota_grid__TD3_vanilla_extended_ts102__seed4__2022-01-17,station_v0_bogota_grid,base,TD3_vanilla_extended_ts102,4,2022-01-17,weekday,-0.0004586810081411,2,96,2,1,0.949669283807384,1.0,27,0.000458681008141,0.949669283807384,1
station_v0_bogota_grid__RoundRobin__seed4__2022-03-05,station_v0_bogota_grid,base,RoundRobin,4,2022-03-05,weekend,-0.8522361654133216,125,96,125,22,0.935284390739382,1.0,27,0.8522361654133164,0.935284390739382,22
station_v0_bogota_grid__Optimal_Oracle_Tracking__seed4__2022-03-05,station_v0_bogota_grid,base,Optimal_Oracle_Tracking,4,2022-03-05,weekend,-0.858759927398793,123,96,123,22,0.9355249380194148,1.0,27,0.8587599273987879,0.9355249380194148,22
station_v0_bogota_grid__MPC_TrackingG2V__seed5__2022-01-17,station_v0_bogota_grid,base,MPC_TrackingG2V,5,2022-01-17,weekday,-0.7403943610388013,158,96,158,33,0.9378767220790404,1.0,27,0.7403943610387946,0.9378767220790404,33
station_v0_bogota_grid__ChargeAsFastAsPossible__seed5__2022-03-05,station_v0_bogota_grid,base,ChargeAsFastAsPossible,5,2022-03-05,weekend,-0.0007212934618596,2,96,2,1,0.9495795263194352,1.0,27,0.0007212934618595,0.9495795263194352,1
station_v0_bogota_grid__TD3_vanilla_extended_ts102__seed5__2022-03-05,station_v0_bogota_grid,base,TD3_vanilla_extended_ts102,5,2022-03-05,weekend,-0.0007212934618596,2,96,2,1,0.9495795263194352,1.0,27,0.0007212934618595,0.9495795263194352,1
station_v0_bogota_grid__RoundRobin__seed6__2022-01-17,station_v0_bogota_grid,base,RoundRobin,6,2022-01-17,weekday,-1.383395698411638,175,96,175,30,0.9306487423729752,1.0,27,1.383395698411631,0.9306487423729752,30
station_v0_bogota_grid__Optimal_Oracle_Tracking__seed6__2022-01-17,station_v0_bogota_grid,base,Optimal_Oracle_Tracking,6,2022-01-17,weekday,-1.3845977846000674,176,96,176,30,0.9308086536790454,1.0,27,1.38459778460006,0.9308086536790454,30
station_v0_bogota_grid__MPC_TrackingG2V__seed6__2022-03-05,station_v0_bogota_grid,base,MPC_TrackingG2V,6,2022-03-05,weekend,-0.5538097323017426,128,96,128,28,0.9401966449428224,1.0,27,0.5538097323017372,0.9401966449428224,28
station_v0_bogota_grid__ChargeAsFastAsPossible__seed7__2022-01-17,station_v0_bogota_grid,base,ChargeAsFastAsPossible,7,2022-01-17,weekday,-0.7149514753474582,143,96,143,29,0.9348338828962794,1.0,27,0.7149514753474522,0.9348338828962794,29
station_v0_bogota_grid__TD3_vanilla_extended_ts102__seed7__2022-01-17,station_v0_bogota_grid,base,TD3_vanilla_extended_ts102,7,2022-01-17,weekday,-0.6973208676507618,139,96,139,29,0.9334856191762044,1.0,27,0.6973208676507562,0.9334856191762044,29
station_v0_bogota_grid__RoundRobin__seed7__2022-03-05,station_v0_bogota_grid,base,RoundRobin,7,2022-03-05,weekend,0.0,0,96,0,0,0.9562665252673508,1.0,27,0.0,0.9562665252673508,0
station_v0_bogota_grid__Optimal_Oracle_Tracking__seed7__2022-03-05,station_v0_bogota_grid,base,Optimal_Oracle_Tracking,7,2022-03-05,weekend,0.0,0,96,0,0,0.9562240083941344,1.0,27,0.0,0.9562240083941344,0
station_v0_bogota_grid__MPC_TrackingG2V__seed8__2022-01-17,station_v0_bogota_grid,base,MPC_TrackingG2V,8,2022-01-17,weekday,-0.4143056674157754,113,96,113,26,0.9395312302940784,1.0,27,0.4143056674157708,0.9395312302940784,26
station_v0_bogota_grid__ChargeAsFastAsPossible__seed8__2022-03-05,station_v0_bogota_grid,base,ChargeAsFastAsPossible,8,2022-03-05,weekend,-0.1032691708841459,41,96,41,10,0.9453405443941076,1.0,27,0.1032691708841442,0.9453405443941076,10
station_v0_bogota_grid__TD3_vanilla_extended_ts102__seed8__2022-03-05,station_v0_bogota_grid,base,TD3_vanilla_extended_ts102,8,2022-03-05,weekend,-0.1032691708841459,41,96,41,10,0.9453405443941076,1.0,27,0.1032691708841442,0.9453405443941076,10
station_v0_bogota_grid__RoundRobin__seed9__2022-01-17,station_v0_bogota_grid,base,RoundRobin,9,2022-01-17,weekday,-0.0911985765778139,47,96,47,13,0.945170121282706,1.0,27,0.0911985765778119,0.945170121282706,13
station_v0_bogota_grid__Optimal_Oracle_Tracking__seed9__2022-01-17,station_v0_bogota_grid,base,Optimal_Oracle_Tracking,9,2022-01-17,weekday,-0.0905691991021583,46,96,46,13,0.945170121282706,1.0,27,0.0905691991021564,0.945170121282706,13
station_v0_bogota_grid__MPC_TrackingG2V__seed9__2022-03-05,station_v0_bogota_grid,base,MPC_TrackingG2V,9,2022-03-05,weekend,0.0,0,96,0,0,0.9530553511049692,1.0,27,0.0,0.9530553511049692,0
station_v0_bogota_grid__ChargeAsFastAsPossible__seed10__2022-01-17,station_v0_bogota_grid,base,ChargeAsFastAsPossible,10,2022-01-17,weekday,-0.0462419199862072,25,96,25,7,0.9455683772141866,1.0,27,0.0462419199862061,0.9455683772141866,7
station_v0_bogota_grid__TD3_vanilla_extended_ts102__seed10__2022-01-17,station_v0_bogota_grid,base,TD3_vanilla_extended_ts102,10,2022-01-17,weekday,-0.0408730635286054,23,96,23,6,0.9468763553438784,1.0,27,0.0408730635286045,0.9468763553438784,6
station_v0_bogota_grid__RoundRobin__seed10__2022-03-05,station_v0_bogota_grid,base,RoundRobin,10,2022-03-05,weekend,-0.5967581137337941,114,96,114,22,0.936986132217717,1.0,27,0.5967581137337894,0.936986132217717,22
station_v0_bogota_grid__Optimal_Oracle_Tracking__seed10__2022-03-05,station_v0_bogota_grid,base,Optimal_Oracle_Tracking,10,2022-03-05,weekend,-0.5998014476776917,113,96,113,22,0.9371865707555752,1.0,27,0.5998014476776871,0.9371865707555752,22
station_v0_bogota_grid__MPC_TrackingG2V__seed11__2022-01-17,station_v0_bogota_grid,base,MPC_TrackingG2V,11,2022-01-17,weekday,0.0,0,96,0,0,0.9500905086253596,1.0,27,0.0,0.9500905086253596,0
station_v0_bogota_grid__ChargeAsFastAsPossible__seed11__2022-03-05,station_v0_bogota_grid,base,ChargeAsFastAsPossible,11,2022-03-05,weekend,0.0,0,96,0,0,0.9505786720262946,1.002069152430311,27,0.0,0.9505786720262946,0
station_v0_bogota_grid__TD3_vanilla_extended_ts102__seed11__2022-03-05,station_v0_bogota_grid,base,TD3_vanilla_extended_ts102,11,2022-03-05,weekend,0.0,0,96,0,0,0.9505332530668574,1.002069152430311,27,0.0,0.9505332530668574,0
station_v0_bogota_grid__RoundRobin__seed12__2022-01-17,station_v0_bogota_grid,base,RoundRobin,12,2022-01-17,weekday,-0.7944408035135802,125,96,125,23,0.9346648972328409,1.0,27,0.7944408035135749,0.9346648972328409,23
station_v0_bogota_grid__Optimal_Oracle_Tracking__seed12__2022-01-17,station_v0_bogota_grid,base,Optimal_Oracle_Tracking,12,2022-01-17,weekday,-0.8083613581653062,122,96,122,22,0.9336145953380528,1.0,27,0.8083613581653011,0.9336145953380528,22
station_v0_bogota_grid__MPC_TrackingG2V__seed12__2022-03-05,station_v0_bogota_grid,base,MPC_TrackingG2V,12,2022-03-05,weekend,0.0,0,96,0,0,0.9600365202271676,1.0006622137786971,27,0.0,0.9600365202271676,0
station_v0_bogota_grid__ChargeAsFastAsPossible__seed13__2022-01-17,station_v0_bogota_grid,base,ChargeAsFastAsPossible,13,2022-01-17,weekday,-0.2817668737415477,61,96,61,13,0.9385383628996466,1.0,27,0.2817668737415452,0.9385383628996466,13
station_v0_bogota_grid__TD3_vanilla_extended_ts102__seed13__2022-01-17,station_v0_bogota_grid,base,TD3_vanilla_extended_ts102,13,2022-01-17,weekday,-0.2817668737415477,61,96,61,13,0.9385383628996466,1.0,27,0.2817668737415452,0.9385383628996466,13
station_v0_bogota_grid__RoundRobin__seed13__2022-03-05,station_v0_bogota_grid,base,RoundRobin,13,2022-03-05,weekend,-0.0840631987476628,46,96,46,13,0.9466943251310252,1.0,27,0.0840631987476608,0.9466943251310252,13
station_v0_bogota_grid__Optimal_Oracle_Tracking__seed13__2022-03-05,station_v0_bogota_grid,base,Optimal_Oracle_Tracking,13,2022-03-05,weekend,-0.0873155230220038,50,96,50,14,0.9467484561712436,1.0,27,0.0873155230220017,0.9467484561712436,14
station_v0_bogota_grid__MPC_TrackingG2V__seed14__2022-01-17,station_v0_bogota_grid,base,MPC_TrackingG2V,14,2022-01-17,weekday,-0.1298456237485427,49,96,49,12,0.9443941518678628,1.0,27,0.1298456237485407,0.9443941518678628,12
station_v0_bogota_grid__ChargeAsFastAsPossible__seed14__2022-03-05,station_v0_bogota_grid,base,ChargeAsFastAsPossible,14,2022-03-05,weekend,-0.2248584895852623,66,96,66,15,0.9433567087471548,1.0,27,0.2248584895852595,0.9433567087471548,15
station_v0_bogota_grid__TD3_vanilla_extended_ts102__seed14__2022-03-05,station_v0_bogota_grid,base,TD3_vanilla_extended_ts102,14,2022-03-05,weekend,-0.2248584895852623,66,96,66,15,0.9433567087471548,1.0,27,0.2248584895852595,0.9433567087471548,15
station_v0_bogota_grid__RoundRobin__seed15__2022-01-17,station_v0_bogota_grid,base,RoundRobin,15,2022-01-17,weekday,-1.2468688117948918,155,96,155,26,0.9313142614843148,1.0,27,1.2468688117948854,0.9313142614843148,26
station_v0_bogota_grid__Optimal_Oracle_Tracking__seed15__2022-01-17,station_v0_bogota_grid,base,Optimal_Oracle_Tracking,15,2022-01-17,weekday,-1.2427694091259007,156,96,156,26,0.9316033366184416,1.0,27,1.2427694091258945,0.9316033366184416,26
station_v0_bogota_grid__MPC_TrackingG2V__seed15__2022-03-05,station_v0_bogota_grid,base,MPC_TrackingG2V,15,2022-03-05,weekend,-0.6958983809707076,120,96,120,21,0.938961323872961,1.0,27,0.6958983809707026,0.938961323872961,21
station_v0_bogota_grid__ChargeAsFastAsPossible__seed16__2022-01-17,station_v0_bogota_grid,base,ChargeAsFastAsPossible,16,2022-01-17,weekday,-0.1436409923323826,49,96,49,12,0.9431128131997402,1.0,27,0.1436409923323806,0.9431128131997402,12
station_v0_bogota_grid__TD3_vanilla_extended_ts102__seed16__2022-01-17,station_v0_bogota_grid,base,TD3_vanilla_extended_ts102,16,2022-01-17,weekday,-0.1353733673373611,47,96,47,12,0.9431128131997402,1.0,27,0.1353733673373591,0.9431128131997402,12
station_v0_bogota_grid__RoundRobin__seed16__2022-03-05,station_v0_bogota_grid,base,RoundRobin,16,2022-03-05,weekend,-0.1004091455724003,38,96,38,10,0.9449222298696818,1.0,27,0.1004091455723987,0.9449222298696818,10
station_v0_bogota_grid__Optimal_Oracle_Tracking__seed16__2022-03-05,station_v0_bogota_grid,base,Optimal_Oracle_Tracking,16,2022-03-05,weekend,-0.0956975413032033,38,96,38,10,0.9451860044072712,1.0,27,0.0956975413032017,0.9451860044072712,10
station_v0_bogota_grid__MPC_TrackingG2V__seed17__2022-01-17,station_v0_bogota_grid,base,MPC_TrackingG2V,17,2022-01-17,weekday,-0.1691489900850051,43,96,43,9,0.9418901717873936,1.0,27,0.1691489900850034,0.9418901717873936,9
station_v0_bogota_grid__ChargeAsFastAsPossible__seed17__2022-03-05,station_v0_bogota_grid,base,ChargeAsFastAsPossible,17,2022-03-05,weekend,0.0,0,96,0,0,0.9511522512601688,1.0,27,0.0,0.9511522512601688,0
station_v0_bogota_grid__TD3_vanilla_extended_ts102__seed17__2022-03-05,station_v0_bogota_grid,base,TD3_vanilla_extended_ts102,17,2022-03-05,weekend,0.0,0,96,0,0,0.9511522512601688,1.0,27,0.0,0.9511522512601688,0
station_v0_bogota_grid__RoundRobin__seed18__2022-01-17,station_v0_bogota_grid,base,RoundRobin,18,2022-01-17,weekday,-1.1750482135059528,143,96,143,24,0.9312049312264774,1.0,27,1.1750482135059468,0.9312049312264774,24
station_v0_bogota_grid__Optimal_Oracle_Tracking__seed18__2022-01-17,station_v0_bogota_grid,base,Optimal_Oracle_Tracking,18,2022-01-17,weekday,-1.1666413379961784,144,96,144,24,0.931393165932407,1.0,27,1.1666413379961726,0.931393165932407,24
station_v0_bogota_grid__MPC_TrackingG2V__seed18__2022-03-05,station_v0_bogota_grid,base,MPC_TrackingG2V,18,2022-03-05,weekend,-0.0165235176132246,21,96,21,7,0.9482961379497182,1.0,27,0.0165235176132237,0.9482961379497182,7
station_v0_bogota_grid__ChargeAsFastAsPossible__seed19__2022-01-17,station_v0_bogota_grid,base,ChargeAsFastAsPossible,19,2022-01-17,weekday,-1.3960894025725434,164,96,164,28,0.9255824061696214,1.0,27,1.3960894025725366,0.9255824061696214,28
station_v0_bogota_grid__TD3_vanilla_extended_ts102__seed19__2022-01-17,station_v0_bogota_grid,base,TD3_vanilla_extended_ts102,19,2022-01-17,weekday,-1.3752914435788235,164,96,164,28,0.925582854482312,1.0,27,1.3752914435788168,0.925582854482312,28
station_v0_bogota_grid__RoundRobin__seed19__2022-03-05,station_v0_bogota_grid,base,RoundRobin,19,2022-03-05,weekend,0.0,0,96,0,0,0.954472900011983,1.0,27,0.0,0.954472900011983,0
station_v0_bogota_grid__Optimal_Oracle_Tracking__seed19__2022-03-05,station_v0_bogota_grid,base,Optimal_Oracle_Tracking,19,2022-03-05,weekend,0.0,0,96,0,0,0.9547360816096438,1.0,27,0.0,0.9547360816096438,0
station_v0_bogota_grid__MPC_TrackingG2V__seed20__2022-01-17,station_v0_bogota_grid,base,MPC_TrackingG2V,20,2022-01-17,weekday,-1.1199776033745394,193,96,193,39,0.9333883497045568,1.0,27,1.1199776033745317,0.9333883497045568,39
station_v0_bogota_grid__ChargeAsFastAsPossible__seed20__2022-03-05,station_v0_bogota_grid,base,ChargeAsFastAsPossible,20,2022-03-05,weekend,0.0,0,96,0,0,0.951774063142628,1.0033745387561803,27,0.0,0.951774063142628,0
station_v0_bogota_grid__TD3_vanilla_extended_ts102__seed20__2022-03-05,station_v0_bogota_grid,base,TD3_vanilla_extended_ts102,20,2022-03-05,weekend,0.0,0,96,0,0,0.9514916567562274,1.003913699528904,27,0.0,0.9514916567562274,0
station_v0_bogota_grid__RoundRobin__seed21__2022-01-17,station_v0_bogota_grid,base,RoundRobin,21,2022-01-17,weekday,-0.6353670079013891,119,96,119,24,0.936795698994014,1.0,27,0.6353670079013842,0.936795698994014,24
station_v0_bogota_grid__Optimal_Oracle_Tracking__seed21__2022-01-17,station_v0_bogota_grid,base,Optimal_Oracle_Tracking,21,2022-01-17,weekday,-0.6285088731251565,119,96,119,24,0.9368744010989184,1.0,27,0.6285088731251516,0.9368744010989184,24
station_v0_bogota_grid__MPC_TrackingG2V__seed21__2022-03-05,station_v0_bogota_grid,base,MPC_TrackingG2V,21,2022-03-05,weekend,-0.3763241606136214,80,96,80,17,0.9392151654102696,1.0,27,0.376324160613618,0.9392151654102696,17
station_v0_bogota_grid__ChargeAsFastAsPossible__seed22__2022-01-17,station_v0_bogota_grid,base,ChargeAsFastAsPossible,22,2022-01-17,weekday,-0.2290206345812366,78,96,78,19,0.9421946971687876,1.0,27,0.2290206345812333,0.9421946971687876,19
station_v0_bogota_grid__TD3_vanilla_extended_ts102__seed22__2022-01-17,station_v0_bogota_grid,base,TD3_vanilla_extended_ts102,22,2022-01-17,weekday,-0.2223971529927355,72,96,72,18,0.9421946971687876,1.0,27,0.2223971529927325,0.9421946971687876,18
station_v0_bogota_grid__RoundRobin__seed22__2022-03-05,station_v0_bogota_grid,base,RoundRobin,22,2022-03-05,weekend,-0.1122585010097358,46,96,46,12,0.9450794266622992,1.0,27,0.1122585010097338,0.9450794266622992,12
station_v0_bogota_grid__Optimal_Oracle_Tracking__seed22__2022-03-05,station_v0_bogota_grid,base,Optimal_Oracle_Tracking,22,2022-03-05,weekend,-0.1122087341804028,48,96,48,13,0.9452164245410972,1.0,27,0.1122087341804009,0.9452164245410972,13
station_v0_bogota_grid__MPC_TrackingG2V__seed23__2022-01-17,station_v0_bogota_grid,base,MPC_TrackingG2V,23,2022-01-17,weekday,-0.9600050941175964,143,96,143,27,0.9344149503516932,1.0,27,0.9600050941175904,0.9344149503516932,27
station_v0_bogota_grid__ChargeAsFastAsPossible__seed23__2022-03-05,station_v0_bogota_grid,base,ChargeAsFastAsPossible,23,2022-03-05,weekend,0.0,0,96,0,0,0.9535898717501696,1.0,27,0.0,0.9535898717501696,0
station_v0_bogota_grid__TD3_vanilla_extended_ts102__seed23__2022-03-05,station_v0_bogota_grid,base,TD3_vanilla_extended_ts102,23,2022-03-05,weekend,0.0,0,96,0,0,0.9535898717501696,1.0,27,0.0,0.9535898717501696,0
station_v0_bogota_grid__RoundRobin__seed24__2022-01-17,station_v0_bogota_grid,base,RoundRobin,24,2022-01-17,weekday,-0.8412946452644217,143,96,143,27,0.9359113310526822,1.0,27,0.8412946452644158,0.9359113310526822,27
station_v0_bogota_grid__Optimal_Oracle_Tracking__seed24__2022-01-17,station_v0_bogota_grid,base,Optimal_Oracle_Tracking,24,2022-01-17,weekday,-0.8346812468652468,142,96,142,27,0.9360433410892176,1.0,27,0.8346812468652409,0.9360433410892176,27
station_v0_bogota_grid__MPC_TrackingG2V__seed24__2022-03-05,station_v0_bogota_grid,base,MPC_TrackingG2V,24,2022-03-05,weekend,-0.0268022093510049,27,96,27,9,0.9477257481283432,1.0,27,0.0268022093510038,0.9477257481283432,9
station_v0_bogota_grid__ChargeAsFastAsPossible__seed25__2022-01-17,station_v0_bogota_grid,base,ChargeAsFastAsPossible,25,2022-01-17,weekday,-0.01265095776832,13,96,13,5,0.9479138604491418,1.0,27,0.0126509577683194,0.9479138604491418,5
station_v0_bogota_grid__TD3_vanilla_extended_ts102__seed25__2022-01-17,station_v0_bogota_grid,base,TD3_vanilla_extended_ts102,25,2022-01-17,weekday,-0.0200242767835957,14,96,14,5,0.947279872372635,1.0,27,0.0200242767835951,0.947279872372635,5
station_v0_bogota_grid__RoundRobin__seed25__2022-03-05,station_v0_bogota_grid,base,RoundRobin,25,2022-03-05,weekend,-0.4446938223741187,87,96,87,17,0.9397697743579227,1.0,27,0.4446938223741151,0.9397697743579227,17
station_v0_bogota_grid__Optimal_Oracle_Tracking__seed25__2022-03-05,station_v0_bogota_grid,base,Optimal_Oracle_Tracking,25,2022-03-05,weekend,-0.4362518006692405,88,96,88,17,0.940019925170818,1.0,27,0.4362518006692368,0.940019925170818,17
station_v0_bogota_grid__MPC_TrackingG2V__seed26__2022-01-17,station_v0_bogota_grid,base,MPC_TrackingG2V,26,2022-01-17,weekday,-0.953870100932878,166,96,166,33,0.9363650808509671,1.0,27,0.9538701009328712,0.9363650808509671,33
station_v0_bogota_grid__ChargeAsFastAsPossible__seed26__2022-03-05,station_v0_bogota_grid,base,ChargeAsFastAsPossible,26,2022-03-05,weekend,0.0,0,96,0,0,0.9509992538852942,1.0004562763406557,27,0.0,0.9509992538852942,0
station_v0_bogota_grid__TD3_vanilla_extended_ts102__seed26__2022-03-05,station_v0_bogota_grid,base,TD3_vanilla_extended_ts102,26,2022-03-05,weekend,0.0,0,96,0,0,0.9520043730530394,1.0004562763406557,27,0.0,0.9520043730530394,0
station_v0_bogota_grid__RoundRobin__seed27__2022-01-17,station_v0_bogota_grid,base,RoundRobin,27,2022-01-17,weekday,-0.1504290216364335,41,96,41,9,0.9419917378460262,1.0,27,0.1504290216364318,0.9419917378460262,9
station_v0_bogota_grid__Optimal_Oracle_Tracking__seed27__2022-01-17,station_v0_bogota_grid,base,Optimal_Oracle_Tracking,27,2022-01-17,weekday,-0.1424844069038666,38,96,38,8,0.9422373057385776,1.0,27,0.1424844069038651,0.9422373057385776,8
station_v0_bogota_grid__MPC_TrackingG2V__seed27__2022-03-05,station_v0_bogota_grid,base,MPC_TrackingG2V,27,2022-03-05,weekend,0.0,0,96,0,0,0.9550570692370184,1.0,27,0.0,0.9550570692370184,0
station_v0_bogota_grid__ChargeAsFastAsPossible__seed28__2022-01-17,station_v0_bogota_grid,base,ChargeAsFastAsPossible,28,2022-01-17,weekday,-0.0014537207956933,4,96,4,2,0.9492768205919851,1.0,27,0.0014537207956931,0.9492768205919851,2
station_v0_bogota_grid__TD3_vanilla_extended_ts102__seed28__2022-01-17,station_v0_bogota_grid,base,TD3_vanilla_extended_ts102,28,2022-01-17,weekday,-0.0014537207956933,4,96,4,2,0.9492768205919851,1.0,27,0.0014537207956931,0.9492768205919851,2
station_v0_bogota_grid__RoundRobin__seed28__2022-03-05,station_v0_bogota_grid,base,RoundRobin,28,2022-03-05,weekend,0.0,0,96,0,0,0.9541515170598344,1.0,27,0.0,0.9541515170598344,0
station_v0_bogota_grid__Optimal_Oracle_Tracking__seed28__2022-03-05,station_v0_bogota_grid,base,Optimal_Oracle_Tracking,28,2022-03-05,weekend,0.0,0,96,0,0,0.9544638905341668,1.0,27,0.0,0.9544638905341668,0
station_v0_bogota_grid__MPC_TrackingG2V__seed29__2022-01-17,station_v0_bogota_grid,base,MPC_TrackingG2V,29,2022-01-17,weekday,-0.7565066103792181,109,96,109,20,0.9325559070812176,1.0,27,0.7565066103792136,0.9325559070812176,20
station_v0_bogota_grid__ChargeAsFastAsPossible__seed29__2022-03-05,station_v0_bogota_grid,base,ChargeAsFastAsPossible,29,2022-03-05,weekend,-0.5628013024840867,90,96,90,17,0.9372716847441313,1.0,27,0.5628013024840829,0.9372716847441313,17
station_v0_bogota_grid__TD3_vanilla_extended_ts102__seed29__2022-03-05,station_v0_bogota_grid,base,TD3_vanilla_extended_ts102,29,2022-03-05,weekend,-0.5628013024840867,90,96,90,17,0.9372716847441313,1.0,27,0.5628013024840829,0.9372716847441313,17
station_v0_bogota_grid__RoundRobin__seed30__2022-01-17,station_v0_bogota_grid,base,RoundRobin,30,2022-01-17,weekday,0.0,0,96,0,0,0.9500953026636296,1.0,27,0.0,0.9500953026636296,0
station_v0_bogota_grid__Optimal_Oracle_Tracking__seed30__2022-01-17,station_v0_bogota_grid,base,Optimal_Oracle_Tracking,30,2022-01-17,weekday,0.0,0,96,0,0,0.9502988478993146,1.0,27,0.0,0.9502988478993146,0
station_v0_bogota_grid__MPC_TrackingG2V__seed30__2022-03-05,station_v0_bogota_grid,base,MPC_TrackingG2V,30,2022-03-05,weekend,-0.0628930950592758,42,96,42,11,0.9471415825283478,1.0,27,0.0628930950592741,0.9471415825283478,11
station_v0_bogota_grid__ChargeAsFastAsPossible__seed31__2022-01-17,station_v0_bogota_grid,base,ChargeAsFastAsPossible,31,2022-01-17,weekday,-0.1534814833937864,57,96,57,15,0.9443842480716872,1.0,27,0.1534814833937841,0.9443842480716872,15
station_v0_bogota_grid__TD3_vanilla_extended_ts102__seed31__2022-01-17,station_v0_bogota_grid,base,TD3_vanilla_extended_ts102,31,2022-01-17,weekday,-0.1534814833937864,57,96,57,15,0.9443842480716872,1.0,27,0.1534814833937841,0.9443842480716872,15
station_v0_bogota_grid__RoundRobin__seed31__2022-03-05,station_v0_bogota_grid,base,RoundRobin,31,2022-03-05,weekend,0.0,0,96,0,0,0.9597057116265616,1.0,27,0.0,0.9597057116265616,0
station_v0_bogota_grid__Optimal_Oracle_Tracking__seed31__2022-03-05,station_v0_bogota_grid,base,Optimal_Oracle_Tracking,31,2022-03-05,weekend,0.0,0,96,0,0,0.9597223697302624,1.0,27,0.0,0.9597223697302624,0
station_v0_bogota_grid__MPC_TrackingG2V__seed32__2022-01-17,station_v0_bogota_grid,base,MPC_TrackingG2V,32,2022-01-17,weekday,-0.3949831178454762,97,96,97,21,0.9393589527076568,1.0,27,0.3949831178454722,0.9393589527076568,21
station_v0_bogota_grid__ChargeAsFastAsPossible__seed32__2022-03-05,station_v0_bogota_grid,base,ChargeAsFastAsPossible,32,2022-03-05,weekend,0.0,0,96,0,0,0.9573065277090552,1.0001053791360894,27,0.0,0.9573065277090552,0
station_v0_bogota_grid__TD3_vanilla_extended_ts102__seed32__2022-03-05,station_v0_bogota_grid,base,TD3_vanilla_extended_ts102,32,2022-03-05,weekend,0.0,0,96,0,0,0.9573065277090552,1.000025542117575,27,0.0,0.9573065277090552,0
station_v0_bogota_grid__RoundRobin__seed33__2022-01-17,station_v0_bogota_grid,base,RoundRobin,33,2022-01-17,weekday,-0.3475078238480316,76,96,76,17,0.9404796781568752,1.0,27,0.3475078238480285,0.9404796781568752,17
station_v0_bogota_grid__Optimal_Oracle_Tracking__seed33__2022-01-17,station_v0_bogota_grid,base,Optimal_Oracle_Tracking,33,2022-01-17,weekday,-0.3397888070695208,74,96,74,17,0.9406727232269092,1.0,27,0.3397888070695177,0.9406727232269092,17
station_v0_bogota_grid__MPC_TrackingG2V__seed33__2022-03-05,station_v0_bogota_grid,base,MPC_TrackingG2V,33,2022-03-05,weekend,-0.0079885337781272,15,96,15,6,0.9489717319196151,1.0,27,0.0079885337781265,0.9489717319196151,6
station_v0_bogota_grid__ChargeAsFastAsPossible__seed34__2022-01-17,station_v0_bogota_grid,base,ChargeAsFastAsPossible,34,2022-01-17,weekday,-0.043572460351606,23,96,23,7,0.945679564438942,1.0,27,0.0435724603516051,0.945679564438942,7
station_v0_bogota_grid__TD3_vanilla_extended_ts102__seed34__2022-01-17,station_v0_bogota_grid,base,TD3_vanilla_extended_ts102,34,2022-01-17,weekday,-0.0433130400692103,24,96,24,7,0.946341087497308,1.0,27,0.0433130400692093,0.946341087497308,7
station_v0_bogota_grid__RoundRobin__seed34__2022-03-05,station_v0_bogota_grid,base,RoundRobin,34,2022-03-05,weekend,-0.6363901475621043,100,96,100,17,0.9369803863451446,1.0,27,0.6363901475621001,0.9369803863451446,17
station_v0_bogota_grid__Optimal_Oracle_Tracking__seed34__2022-03-05,station_v0_bogota_grid,base,Optimal_Oracle_Tracking,34,2022-03-05,weekend,-0.6513119805232925,100,96,100,17,0.9367480225703736,1.0,27,0.6513119805232884,0.9367480225703736,17
station_v0_bogota_grid__MPC_TrackingG2V__seed35__2022-01-17,station_v0_bogota_grid,base,MPC_TrackingG2V,35,2022-01-17,weekday,0.0,0,96,0,0,0.9505488447959478,1.0,27,0.0,0.9505488447959478,0
station_v0_bogota_grid__ChargeAsFastAsPossible__seed35__2022-03-05,station_v0_bogota_grid,base,ChargeAsFastAsPossible,35,2022-03-05,weekend,-0.3426820153203872,78,96,78,16,0.940919984902163,1.0,27,0.342682015320384,0.940919984902163,16
station_v0_bogota_grid__TD3_vanilla_extended_ts102__seed35__2022-03-05,station_v0_bogota_grid,base,TD3_vanilla_extended_ts102,35,2022-03-05,weekend,-0.3426820153203872,78,96,78,16,0.940919984902163,1.0,27,0.342682015320384,0.940919984902163,16
station_v0_bogota_grid__RoundRobin__seed36__2022-01-17,station_v0_bogota_grid,base,RoundRobin,36,2022-01-17,weekday,-0.2670665283616972,91,96,91,24,0.942293285678727,1.0,27,0.2670665283616934,0.942293285678727,24
station_v0_bogota_grid__Optimal_Oracle_Tracking__seed36__2022-01-17,station_v0_bogota_grid,base,Optimal_Oracle_Tracking,36,2022-01-17,weekday,-0.2510710833526834,91,96,91,25,0.94243231429736,1.0,27,0.2510710833526797,0.94243231429736,25
station_v0_bogota_grid__MPC_TrackingG2V__seed36__2022-03-05,station_v0_bogota_grid,base,MPC_TrackingG2V,36,2022-03-05,weekend,-0.358526821850132,77,96,77,16,0.9399675162835472,1.0,27,0.3585268218501288,0.9399675162835472,16
station_v0_bogota_grid__ChargeAsFastAsPossible__seed37__2022-01-17,station_v0_bogota_grid,base,ChargeAsFastAsPossible,37,2022-01-17,weekday,-0.2722940386191064,76,96,76,18,0.940120134595973,1.0,27,0.2722940386191033,0.940120134595973,18
station_v0_bogota_grid__TD3_vanilla_extended_ts102__seed37__2022-01-17,station_v0_bogota_grid,base,TD3_vanilla_extended_ts102,37,2022-01-17,weekday,-0.2651275198982211,74,96,74,18,0.940120134595973,1.0,27,0.265127519898218,0.940120134595973,18
station_v0_bogota_grid__RoundRobin__seed37__2022-03-05,station_v0_bogota_grid,base,RoundRobin,37,2022-03-05,weekend,-0.2285350970607199,59,96,59,14,0.9417925673056692,1.0,27,0.2285350970607175,0.9417925673056692,14
station_v0_bogota_grid__Optimal_Oracle_Tracking__seed37__2022-03-05,station_v0_bogota_grid,base,Optimal_Oracle_Tracking,37,2022-03-05,weekend,-0.2402485573162929,59,96,59,14,0.9417390174727748,1.0,27,0.2402485573162904,0.9417390174727748,14
station_v0_bogota_grid__MPC_TrackingG2V__seed38__2022-01-17,station_v0_bogota_grid,base,MPC_TrackingG2V,38,2022-01-17,weekday,-0.1205326200353367,44,96,44,11,0.9432694423993068,1.0,27,0.1205326200353349,0.9432694423993068,11
station_v0_bogota_grid__ChargeAsFastAsPossible__seed38__2022-03-05,station_v0_bogota_grid,base,ChargeAsFastAsPossible,38,2022-03-05,weekend,0.0,0,96,0,0,0.953209111222642,1.0,27,0.0,0.953209111222642,0
station_v0_bogota_grid__TD3_vanilla_extended_ts102__seed38__2022-03-05,station_v0_bogota_grid,base,TD3_vanilla_extended_ts102,38,2022-03-05,weekend,0.0,0,96,0,0,0.953209111222642,1.0,27,0.0,0.953209111222642,0
station_v0_bogota_grid__RoundRobin__seed39__2022-01-17,station_v0_bogota_grid,base,RoundRobin,39,2022-01-17,weekday,-0.085654165692941,29,96,29,8,0.9444495674556014,1.0,27,0.0856541656929398,0.9444495674556014,8
station_v0_bogota_grid__Optimal_Oracle_Tracking__seed39__2022-01-17,station_v0_bogota_grid,base,Optimal_Oracle_Tracking,39,2022-01-17,weekday,-0.0824685686398025,28,96,28,7,0.94457242750767,1.0,27,0.0824685686398013,0.94457242750767,7
station_v0_bogota_grid__MPC_TrackingG2V__seed39__2022-03-05,station_v0_bogota_grid,base,MPC_TrackingG2V,39,2022-03-05,weekend,-0.005763601601337,9,96,9,3,0.948898166312128,1.0,27,0.0057636016013367,0.948898166312128,3
station_v0_bogota_grid__ChargeAsFastAsPossible__seed40__2022-01-17,station_v0_bogota_grid,base,ChargeAsFastAsPossible,40,2022-01-17,weekday,-0.0527924085376136,25,96,25,7,0.9456674641951532,1.0,27,0.0527924085376125,0.9456674641951532,7
station_v0_bogota_grid__TD3_vanilla_extended_ts102__seed40__2022-01-17,station_v0_bogota_grid,base,TD3_vanilla_extended_ts102,40,2022-01-17,weekday,-0.0527924085376136,25,96,25,7,0.9456674641951532,1.0,27,0.0527924085376125,0.9456674641951532,7
station_v0_bogota_grid__RoundRobin__seed40__2022-03-05,station_v0_bogota_grid,base,RoundRobin,40,2022-03-05,weekend,0.0,0,96,0,0,0.9513127785356232,1.0,27,0.0,0.9513127785356232,0
station_v0_bogota_grid__Optimal_Oracle_Tracking__seed40__2022-03-05,station_v0_bogota_grid,base,Optimal_Oracle_Tracking,40,2022-03-05,weekend,0.0,0,96,0,0,0.9509769238440432,1.0,27,0.0,0.9509769238440432,0
station_v0_bogota_grid__MPC_TrackingG2V__seed41__2022-01-17,station_v0_bogota_grid,base,MPC_TrackingG2V,41,2022-01-17,weekday,-1.0791965345168515,149,96,149,26,0.9324191572200856,1.0,27,1.0791965345168455,0.9324191572200856,26
station_v0_bogota_grid__ChargeAsFastAsPossible__seed41__2022-03-05,station_v0_bogota_grid,base,ChargeAsFastAsPossible,41,2022-03-05,weekend,-0.048183947936184,31,96,31,9,0.9469041566198136,1.0,27,0.0481839479361827,0.9469041566198136,9
station_v0_bogota_grid__TD3_vanilla_extended_ts102__seed41__2022-03-05,station_v0_bogota_grid,base,TD3_vanilla_extended_ts102,41,2022-03-05,weekend,-0.0453163244218386,29,96,29,8,0.946981353156355,1.0,27,0.0453163244218374,0.946981353156355,8
station_v0_bogota_grid__RoundRobin__seed42__2022-01-17,station_v0_bogota_grid,base,RoundRobin,42,2022-01-17,weekday,-0.3773029579717318,88,96,88,18,0.9409957363778786,1.0,27,0.3773029579717282,0.9409957363778786,18
station_v0_bogota_grid__Optimal_Oracle_Tracking__seed42__2022-01-17,station_v0_bogota_grid,base,Optimal_Oracle_Tracking,42,2022-01-17,weekday,-0.3654032682439543,89,96,89,19,0.9412444759375932,1.0,27,0.3654032682439506,0.9412444759375932,19
station_v0_bogota_grid__MPC_TrackingG2V__seed42__2022-03-05,station_v0_bogota_grid,base,MPC_TrackingG2V,42,2022-03-05,weekend,-0.0701697208040095,40,96,40,11,0.9459965781734944,1.0,27,0.0701697208040078,0.9459965781734944,11
station_v0_bogota_grid__ChargeAsFastAsPossible__seed43__2022-01-17,station_v0_bogota_grid,base,ChargeAsFastAsPossible,43,2022-01-17,weekday,-0.9626836664865874,162,96,162,34,0.9339121001814013,1.0,27,0.9626836664865808,0.9339121001814013,34
station_v0_bogota_grid__TD3_vanilla_extended_ts102__seed43__2022-01-17,station_v0_bogota_grid,base,TD3_vanilla_extended_ts102,43,2022-01-17,weekday,-0.9497592677926028,162,96,162,34,0.9339121001814013,1.0,27,0.949759267792596,0.9339121001814013,34
station_v0_bogota_grid__RoundRobin__seed43__2022-03-05,station_v0_bogota_grid,base,RoundRobin,43,2022-03-05,weekend,-0.0115684551420533,12,96,12,4,0.9481128226965614,1.0,27,0.0115684551420528,0.9481128226965614,4
station_v0_bogota_grid__Optimal_Oracle_Tracking__seed43__2022-03-05,station_v0_bogota_grid,base,Optimal_Oracle_Tracking,43,2022-03-05,weekend,-0.009898624683405,11,96,11,4,0.9483801976385596,1.0,27,0.0098986246834046,0.9483801976385596,4
station_v0_bogota_grid__MPC_TrackingG2V__seed44__2022-01-17,station_v0_bogota_grid,base,MPC_TrackingG2V,44,2022-01-17,weekday,-1.386849450053286,229,96,229,45,0.9312520182130626,1.0,27,1.3868494500532764,0.9312520182130626,45
station_v0_bogota_grid__ChargeAsFastAsPossible__seed44__2022-03-05,station_v0_bogota_grid,base,ChargeAsFastAsPossible,44,2022-03-05,weekend,-0.0516680307948287,37,96,37,12,0.9467343909046828,1.0,27,0.0516680307948271,0.9467343909046828,12
station_v0_bogota_grid__TD3_vanilla_extended_ts102__seed44__2022-03-05,station_v0_bogota_grid,base,TD3_vanilla_extended_ts102,44,2022-03-05,weekend,-0.0516680307948287,37,96,37,12,0.9467343909046828,1.0,27,0.0516680307948271,0.9467343909046828,12
station_v0_bogota_grid__RoundRobin__seed45__2022-01-17,station_v0_bogota_grid,base,RoundRobin,45,2022-01-17,weekday,-0.1442066827666014,37,96,37,8,0.9421290368964524,1.0,27,0.1442066827665998,0.9421290368964524,8
station_v0_bogota_grid__Optimal_Oracle_Tracking__seed45__2022-01-17,station_v0_bogota_grid,base,Optimal_Oracle_Tracking,45,2022-01-17,weekday,-0.1421230409523921,37,96,37,8,0.9424124756564544,1.0,27,0.1421230409523906,0.9424124756564544,8
station_v0_bogota_grid__MPC_TrackingG2V__seed45__2022-03-05,station_v0_bogota_grid,base,MPC_TrackingG2V,45,2022-03-05,weekend,-0.013949422309313,19,96,19,7,0.9484078483093624,1.0,27,0.0139494223093122,0.9484078483093624,7
station_v0_bogota_grid__ChargeAsFastAsPossible__seed46__2022-01-17,station_v0_bogota_grid,base,ChargeAsFastAsPossible,46,2022-01-17,weekday,-0.0971223112836525,32,96,32,8,0.943153952534724,1.0,27,0.0971223112836512,0.943153952534724,8
station_v0_bogota_grid__TD3_vanilla_extended_ts102__seed46__2022-01-17,station_v0_bogota_grid,base,TD3_vanilla_extended_ts102,46,2022-01-17,weekday,-0.0971223112836525,32,96,32,8,0.943153952534724,1.0,27,0.0971223112836512,0.943153952534724,8
station_v0_bogota_grid__RoundRobin__seed46__2022-03-05,station_v0_bogota_grid,base,RoundRobin,46,2022-03-05,weekend,-0.0477117235378732,28,96,28,8,0.9467724387114264,1.0,27,0.0477117235378721,0.9467724387114264,8
station_v0_bogota_grid__Optimal_Oracle_Tracking__seed46__2022-03-05,station_v0_bogota_grid,base,Optimal_Oracle_Tracking,46,2022-03-05,weekend,-0.0458951853312092,33,96,33,10,0.9468874285958336,1.0,27,0.0458951853312078,0.9468874285958336,10
station_v0_bogota_grid__MPC_TrackingG2V__seed47__2022-01-17,station_v0_bogota_grid,base,MPC_TrackingG2V,47,2022-01-17,weekday,-0.2400932292734411,97,96,97,23,0.9440430221901944,1.0,27,0.2400932292734371,0.9440430221901944,23
station_v0_bogota_grid__ChargeAsFastAsPossible__seed47__2022-03-05,station_v0_bogota_grid,base,ChargeAsFastAsPossible,47,2022-03-05,weekend,-0.0003229707974253,2,96,2,1,0.9497774790837956,1.0,27,0.0003229707974252,0.9497774790837956,1
station_v0_bogota_grid__TD3_vanilla_extended_ts102__seed47__2022-03-05,station_v0_bogota_grid,base,TD3_vanilla_extended_ts102,47,2022-03-05,weekend,-0.0018390758282491,5,96,5,2,0.949276554112554,1.0,27,0.0018390758282489,0.949276554112554,2
station_v0_bogota_grid__RoundRobin__seed48__2022-01-17,station_v0_bogota_grid,base,RoundRobin,48,2022-01-17,weekday,-1.143687353675464,214,96,214,43,0.9344557937518924,1.0,27,1.143687353675455,0.9344557937518924,43
station_v0_bogota_grid__Optimal_Oracle_Tracking__seed48__2022-01-17,station_v0_bogota_grid,base,Optimal_Oracle_Tracking,48,2022-01-17,weekday,-1.1436226460946557,211,96,211,43,0.9349034984086968,1.0,27,1.1436226460946466,0.9349034984086968,43
station_v0_bogota_grid__MPC_TrackingG2V__seed48__2022-03-05,station_v0_bogota_grid,base,MPC_TrackingG2V,48,2022-03-05,weekend,-0.0001800973637754,2,96,2,1,0.9498280587620254,1.0,27,0.0001800973637753,0.9498280587620254,1
station_v0_bogota_grid__ChargeAsFastAsPossible__seed49__2022-01-17,station_v0_bogota_grid,base,ChargeAsFastAsPossible,49,2022-01-17,weekday,-1.735892611064999,233,96,233,41,0.9285970706315826,1.0,27,1.7358926110649897,0.9285970706315826,41
station_v0_bogota_grid__TD3_vanilla_extended_ts102__seed49__2022-01-17,station_v0_bogota_grid,base,TD3_vanilla_extended_ts102,49,2022-01-17,weekday,-1.712775920591779,233,96,233,42,0.9285970706315826,1.0,27,1.7127759205917694,0.9285970706315826,42
station_v0_bogota_grid__RoundRobin__seed49__2022-03-05,station_v0_bogota_grid,base,RoundRobin,49,2022-03-05,weekend,-0.1358708335065232,47,96,47,11,0.9443301846883106,1.0,27,0.1358708335065213,0.9443301846883106,11
station_v0_bogota_grid__Optimal_Oracle_Tracking__seed49__2022-03-05,station_v0_bogota_grid,base,Optimal_Oracle_Tracking,49,2022-03-05,weekend,-0.1310280496862525,47,96,47,11,0.9442774941109416,1.0,27,0.1310280496862506,0.9442774941109416,11
station_v0_bogota_grid_spawn1.3__MPC_TrackingG2V__seed0__2022-01-17,station_v0_bogota_grid_spawn1.3,spawn1.3,MPC_TrackingG2V,0,2022-01-17,weekday,-0.4087110631984311,136,96,136,32,0.9414740010062644,1.0,27,0.4087110631984254,0.9414740010062644,32
station_v0_bogota_grid_spawn1.3__ChargeAsFastAsPossible__seed0__2022-03-05,station_v0_bogota_grid_spawn1.3,spawn1.3,ChargeAsFastAsPossible,0,2022-03-05,weekend,-0.3987675801578479,90,96,90,19,0.9407471032688988,1.0,27,0.3987675801578442,0.9407471032688988,19
station_v0_bogota_grid_spawn1.3__TD3_vanilla_extended_ts102__seed0__2022-03-05,station_v0_bogota_grid_spawn1.3,spawn1.3,TD3_vanilla_extended_ts102,0,2022-03-05,weekend,-0.4148283190850738,94,96,94,20,0.9407471032688988,1.0,27,0.4148283190850699,0.9407471032688988,20
station_v0_bogota_grid_spawn1.3__RoundRobin__seed1__2022-01-17,station_v0_bogota_grid_spawn1.3,spawn1.3,RoundRobin,1,2022-01-17,weekday,-1.0136527054228668,144,96,144,27,0.9315736967050712,1.0,27,1.0136527054228608,0.9315736967050712,27
station_v0_bogota_grid_spawn1.3__Optimal_Oracle_Tracking__seed1__2022-01-17,station_v0_bogota_grid_spawn1.3,spawn1.3,Optimal_Oracle_Tracking,1,2022-01-17,weekday,-1.0146162645712025,143,96,143,27,0.9315988807023514,1.0,27,1.0146162645711965,0.9315988807023514,27
station_v0_bogota_grid_spawn1.3__MPC_TrackingG2V__seed1__2022-03-05,station_v0_bogota_grid_spawn1.3,spawn1.3,MPC_TrackingG2V,1,2022-03-05,weekend,-0.0008103613984721,3,96,3,1,0.9495958443907352,1.000468393617384,27,0.000810361398472,0.9495958443907352,1
station_v0_bogota_grid_spawn1.3__ChargeAsFastAsPossible__seed2__2022-01-17,station_v0_bogota_grid_spawn1.3,spawn1.3,ChargeAsFastAsPossible,2,2022-01-17,weekday,-0.4612197907389217,93,96,93,19,0.9394505998129196,1.0,27,0.4612197907389178,0.9394505998129196,19
station_v0_bogota_grid_spawn1.3__TD3_vanilla_extended_ts102__seed2__2022-01-17,station_v0_bogota_grid_spawn1.3,spawn1.3,TD3_vanilla_extended_ts102,2,2022-01-17,weekday,-0.4553867457458503,94,96,94,19,0.9394505998129196,1.0,27,0.4553867457458465,0.9394505998129196,19
station_v0_bogota_grid_spawn1.3__RoundRobin__seed2__2022-03-05,station_v0_bogota_grid_spawn1.3,spawn1.3,RoundRobin,2,2022-03-05,weekend,-0.2259776591426474,66,96,66,14,0.9431985218196596,1.0,27,0.2259776591426446,0.9431985218196596,14
station_v0_bogota_grid_spawn1.3__Optimal_Oracle_Tracking__seed2__2022-03-05,station_v0_bogota_grid_spawn1.3,spawn1.3,Optimal_Oracle_Tracking,2,2022-03-05,weekend,-0.2221659315434255,66,96,66,14,0.9434695651992234,1.0,27,0.2221659315434228,0.9434695651992234,14
station_v0_bogota_grid_spawn1.3__MPC_TrackingG2V__seed3__2022-01-17,station_v0_bogota_grid_spawn1.3,spawn1.3,MPC_TrackingG2V,3,2022-01-17,weekday,-0.6969522995595527,119,96,119,22,0.9385700420756422,1.0,27,0.6969522995595477,0.9385700420756422,22
station_v0_bogota_grid_spawn1.3__ChargeAsFastAsPossible__seed3__2022-03-05,station_v0_bogota_grid_spawn1.3,spawn1.3,ChargeAsFastAsPossible,3,2022-03-05,weekend,-0.3671856447996339,83,96,83,18,0.9406962564780732,1.0,27,0.3671856447996304,0.9406962564780732,18
station_v0_bogota_grid_spawn1.3__TD3_vanilla_extended_ts102__seed3__2022-03-05,station_v0_bogota_grid_spawn1.3,spawn1.3,TD3_vanilla_extended_ts102,3,2022-03-05,weekend,-0.3670576798517156,82,96,82,18,0.9406962564780732,1.0,27,0.3670576798517122,0.9406962564780732,18
station_v0_bogota_grid_spawn1.3__RoundRobin__seed4__2022-01-17,station_v0_bogota_grid_spawn1.3,spawn1.3,RoundRobin,4,2022-01-17,weekday,0.0,0,96,0,0,0.9616758855009352,1.0,27,0.0,0.9616758855009352,0
station_v0_bogota_grid_spawn1.3__Optimal_Oracle_Tracking__seed4__2022-01-17,station_v0_bogota_grid_spawn1.3,spawn1.3,Optimal_Oracle_Tracking,4,2022-01-17,weekday,0.0,0,96,0,0,0.961914519031504,1.0,27,0.0,0.961914519031504,0
station_v0_bogota_grid_spawn1.3__MPC_TrackingG2V__seed4__2022-03-05,station_v0_bogota_grid_spawn1.3,spawn1.3,MPC_TrackingG2V,4,2022-03-05,weekend,-0.0332831265656765,27,96,27,8,0.9476881256529552,1.0,27,0.0332831265656754,0.9476881256529552,8
station_v0_bogota_grid_spawn1.3__ChargeAsFastAsPossible__seed5__2022-01-17,station_v0_bogota_grid_spawn1.3,spawn1.3,ChargeAsFastAsPossible,5,2022-01-17,weekday,-1.7518739290446552,264,96,264,48,0.9307266453913974,1.0,27,1.751873929044644,0.9307266453913974,48
station_v0_bogota_grid_spawn1.3__TD3_vanilla_extended_ts102__seed5__2022-01-17,station_v0_bogota_grid_spawn1.3,spawn1.3,TD3_vanilla_extended_ts102,5,2022-01-17,weekday,-1.7250045492891506,263,96,263,48,0.9307266453913974,1.0,27,1.7250045492891397,0.9307266453913974,48
station_v0_bogota_grid_spawn1.3__RoundRobin__seed5__2022-03-05,station_v0_bogota_grid_spawn1.3,spawn1.3,RoundRobin,5,2022-03-05,weekend,-0.0447368407387941,28,96,28,8,0.946560339010161,1.0,27,0.044736840738793,0.946560339010161,8
station_v0_bogota_grid_spawn1.3__Optimal_Oracle_Tracking__seed5__2022-03-05,station_v0_bogota_grid_spawn1.3,spawn1.3,Optimal_Oracle_Tracking,5,2022-03-05,weekend,-0.042223268500977,28,96,28,8,0.9467890193795624,1.0,27,0.0422232685009759,0.9467890193795624,8
station_v0_bogota_grid_spawn1.3__MPC_TrackingG2V__seed6__2022-01-17,station_v0_bogota_grid_spawn1.3,spawn1.3,MPC_TrackingG2V,6,2022-01-17,weekday,-0.2662619436817459,87,96,87,20,0.9412256393565572,1.0,27,0.2662619436817423,0.9412256393565572,20
station_v0_bogota_grid_spawn1.3__ChargeAsFastAsPossible__seed6__2022-03-05,station_v0_bogota_grid_spawn1.3,spawn1.3,ChargeAsFastAsPossible,6,2022-03-05,weekend,-0.0033020173454628,5,96,5,2,0.9489101299659536,1.0,27,0.0033020173454626,0.9489101299659536,2
station_v0_bogota_grid_spawn1.3__TD3_vanilla_extended_ts102__seed6__2022-03-05,station_v0_bogota_grid_spawn1.3,spawn1.3,TD3_vanilla_extended_ts102,6,2022-03-05,weekend,-0.0033020173454628,5,96,5,2,0.9489101299659536,1.0,27,0.0033020173454626,0.9489101299659536,2
station_v0_bogota_grid_spawn1.3__RoundRobin__seed7__2022-01-17,station_v0_bogota_grid_spawn1.3,spawn1.3,RoundRobin,7,2022-01-17,weekday,-0.3797494104438769,79,96,79,17,0.937900952256689,1.0,27,0.3797494104438735,0.937900952256689,17
station_v0_bogota_grid_spawn1.3__Optimal_Oracle_Tracking__seed7__2022-01-17,station_v0_bogota_grid_spawn1.3,spawn1.3,Optimal_Oracle_Tracking,7,2022-01-17,weekday,-0.3755752424555822,75,96,75,15,0.9380859160712872,1.0,27,0.375575242455579,0.9380859160712872,15
station_v0_bogota_grid_spawn1.3__MPC_TrackingG2V__seed7__2022-03-05,station_v0_bogota_grid_spawn1.3,spawn1.3,MPC_TrackingG2V,7,2022-03-05,weekend,-0.0002632080663766,2,96,2,1,0.9498099528710716,1.0,27,0.0002632080663765,0.9498099528710716,1
station_v0_bogota_grid_spawn1.3__ChargeAsFastAsPossible__seed8__2022-01-17,station_v0_bogota_grid_spawn1.3,spawn1.3,ChargeAsFastAsPossible,8,2022-01-17,weekday,-0.2874300762421742,77,96,77,17,0.9401976410972364,1.0,27,0.2874300762421711,0.9401976410972364,17
station_v0_bogota_grid_spawn1.3__TD3_vanilla_extended_ts102__seed8__2022-01-17,station_v0_bogota_grid_spawn1.3,spawn1.3,TD3_vanilla_extended_ts102,8,2022-01-17,weekday,-0.2768399927624247,70,96,70,15,0.9401976410972364,1.0,27,0.2768399927624219,0.9401976410972364,15
station_v0_bogota_grid_spawn1.3__RoundRobin__seed8__2022-03-05,station_v0_bogota_grid_spawn1.3,spawn1.3,RoundRobin,8,2022-03-05,weekend,0.0,0,96,0,0,0.9506166264534328,1.0,27,0.0,0.9506166264534328,0
station_v0_bogota_grid_spawn1.3__Optimal_Oracle_Tracking__seed8__2022-03-05,station_v0_bogota_grid_spawn1.3,spawn1.3,Optimal_Oracle_Tracking,8,2022-03-05,weekend,0.0,0,96,0,0,0.9509093364897392,1.0,27,0.0,0.9509093364897392,0
station_v0_bogota_grid_spawn1.3__MPC_TrackingG2V__seed9__2022-01-17,station_v0_bogota_grid_spawn1.3,spawn1.3,MPC_TrackingG2V,9,2022-01-17,weekday,-0.1273787304100374,41,96,41,9,0.9431354947930694,1.0,27,0.1273787304100356,0.9431354947930694,9
station_v0_bogota_grid_spawn1.3__ChargeAsFastAsPossible__seed9__2022-03-05,station_v0_bogota_grid_spawn1.3,spawn1.3,ChargeAsFastAsPossible,9,2022-03-05,weekend,0.0,0,96,0,0,0.9517190031232684,1.0,27,0.0,0.9517190031232684,0
station_v0_bogota_grid_spawn1.3__TD3_vanilla_extended_ts102__seed9__2022-03-05,station_v0_bogota_grid_spawn1.3,spawn1.3,TD3_vanilla_extended_ts102,9,2022-03-05,weekend,0.0,0,96,0,0,0.9528008482638648,1.0,27,0.0,0.9528008482638648,0
station_v0_bogota_grid_spawn1.3__RoundRobin__seed10__2022-01-17,station_v0_bogota_grid_spawn1.3,spawn1.3,RoundRobin,10,2022-01-17,weekday,-0.1592483854102629,59,96,59,16,0.9433240933055378,1.0,27,0.1592483854102605,0.9433240933055378,16
station_v0_bogota_grid_spawn1.3__Optimal_Oracle_Tracking__seed10__2022-01-17,station_v0_bogota_grid_spawn1.3,spawn1.3,Optimal_Oracle_Tracking,10,2022-01-17,weekday,-0.1537894594232807,59,96,59,16,0.9434942546045072,1.0,27,0.1537894594232782,0.9434942546045072,16
station_v0_bogota_grid_spawn1.3__MPC_TrackingG2V__seed10__2022-03-05,station_v0_bogota_grid_spawn1.3,spawn1.3,MPC_TrackingG2V,10,2022-03-05,weekend,-0.0836569238558031,39,96,39,12,0.9456810643174192,1.0,27,0.0836569238558014,0.9456810643174192,12
station_v0_bogota_grid_spawn1.3__ChargeAsFastAsPossible__seed11__2022-01-17,station_v0_bogota_grid_spawn1.3,spawn1.3,ChargeAsFastAsPossible,11,2022-01-17,weekday,-1.2874854628650565,185,96,185,35,0.9316373297523896,1.0,27,1.287485462865049,0.9316373297523896,35
station_v0_bogota_grid_spawn1.3__TD3_vanilla_extended_ts102__seed11__2022-01-17,station_v0_bogota_grid_spawn1.3,spawn1.3,TD3_vanilla_extended_ts102,11,2022-01-17,weekday,-1.2644625896326425,187,96,187,36,0.9316373297523896,1.0,27,1.2644625896326347,0.9316373297523896,36
station_v0_bogota_grid_spawn1.3__RoundRobin__seed11__2022-03-05,station_v0_bogota_grid_spawn1.3,spawn1.3,RoundRobin,11,2022-03-05,weekend,-0.0935675857110492,38,96,38,10,0.9446263754829788,1.0,27,0.0935675857110476,0.9446263754829788,10
station_v0_bogota_grid_spawn1.3__Optimal_Oracle_Tracking__seed11__2022-03-05,station_v0_bogota_grid_spawn1.3,spawn1.3,Optimal_Oracle_Tracking,11,2022-03-05,weekend,-0.0834161632883372,37,96,37,10,0.9449287797523817,1.0,27,0.0834161632883356,0.9449287797523817,10
station_v0_bogota_grid_spawn1.3__MPC_TrackingG2V__seed12__2022-01-17,station_v0_bogota_grid_spawn1.3,spawn1.3,MPC_TrackingG2V,12,2022-01-17,weekday,-0.1398229383506688,51,96,51,13,0.9439061420494952,1.0,27,0.1398229383506667,0.9439061420494952,13
station_v0_bogota_grid_spawn1.3__ChargeAsFastAsPossible__seed12__2022-03-05,station_v0_bogota_grid_spawn1.3,spawn1.3,ChargeAsFastAsPossible,12,2022-03-05,weekend,-0.0651373400531644,36,96,36,11,0.9461351235149916,1.0,27,0.0651373400531629,0.9461351235149916,11
station_v0_bogota_grid_spawn1.3__TD3_vanilla_extended_ts102__seed12__2022-03-05,station_v0_bogota_grid_spawn1.3,spawn1.3,TD3_vanilla_extended_ts102,12,2022-03-05,weekend,-0.0651373400531644,36,96,36,11,0.9461351235149916,1.0,27,0.0651373400531629,0.9461351235149916,11
station_v0_bogota_grid_spawn1.3__RoundRobin__seed13__2022-01-17,station_v0_bogota_grid_spawn1.3,spawn1.3,RoundRobin,13,2022-01-17,weekday,-0.4346470314890735,111,96,111,26,0.9396664678784412,1.0,27,0.4346470314890689,0.9396664678784412,26
station_v0_bogota_grid_spawn1.3__Optimal_Oracle_Tracking__seed13__2022-01-17,station_v0_bogota_grid_spawn1.3,spawn1.3,Optimal_Oracle_Tracking,13,2022-01-17,weekday,-0.424396087646096,111,96,111,26,0.9399897059592696,1.0,27,0.4243960876460914,0.9399897059592696,26
station_v0_bogota_grid_spawn1.3__MPC_TrackingG2V__seed13__2022-03-05,station_v0_bogota_grid_spawn1.3,spawn1.3,MPC_TrackingG2V,13,2022-03-05,weekend,-0.1084470504909424,44,96,44,11,0.9453684997737196,1.0,27,0.1084470504909406,0.9453684997737196,11
station_v0_bogota_grid_spawn1.3__ChargeAsFastAsPossible__seed14__2022-01-17,station_v0_bogota_grid_spawn1.3,spawn1.3,ChargeAsFastAsPossible,14,2022-01-17,weekday,-0.3371015318074608,88,96,88,22,0.9392543384411456,1.0,27,0.3371015318074571,0.9392543384411456,22
station_v0_bogota_grid_spawn1.3__TD3_vanilla_extended_ts102__seed14__2022-01-17,station_v0_bogota_grid_spawn1.3,spawn1.3,TD3_vanilla_extended_ts102,14,2022-01-17,weekday,-0.3132474098593055,87,96,87,22,0.9392543384411456,1.0,27,0.3132474098593019,0.9392543384411456,22
station_v0_bogota_grid_spawn1.3__RoundRobin__seed14__2022-03-05,station_v0_bogota_grid_spawn1.3,spawn1.3,RoundRobin,14,2022-03-05,weekend,0.0,0,96,0,0,0.950349002386748,1.0,27,0.0,0.950349002386748,0
station_v0_bogota_grid_spawn1.3__Optimal_Oracle_Tracking__seed14__2022-03-05,station_v0_bogota_grid_spawn1.3,spawn1.3,Optimal_Oracle_Tracking,14,2022-03-05,weekend,-0.0001600346988907,2,96,2,2,0.949867991632337,1.0,27,0.0001600346988906,0.949867991632337,2
station_v0_bogota_grid_spawn1.3__MPC_TrackingG2V__seed15__2022-01-17,station_v0_bogota_grid_spawn1.3,spawn1.3,MPC_TrackingG2V,15,2022-01-17,weekday,-0.0343012506846491,23,96,23,6,0.9473613957927302,1.0,27,0.0343012506846481,0.9473613957927302,6
station_v0_bogota_grid_spawn1.3__ChargeAsFastAsPossible__seed15__2022-03-05,station_v0_bogota_grid_spawn1.3,spawn1.3,ChargeAsFastAsPossible,15,2022-03-05,weekend,0.0,0,96,0,0,0.9517273990475872,1.0,27,0.0,0.9517273990475872,0
station_v0_bogota_grid_spawn1.3__TD3_vanilla_extended_ts102__seed15__2022-03-05,station_v0_bogota_grid_spawn1.3,spawn1.3,TD3_vanilla_extended_ts102,15,2022-03-05,weekend,0.0,0,96,0,0,0.9504777947791464,1.0,27,0.0,0.9504777947791464,0
station_v0_bogota_grid_spawn1.3__RoundRobin__seed16__2022-01-17,station_v0_bogota_grid_spawn1.3,spawn1.3,RoundRobin,16,2022-01-17,weekday,0.0,0,96,0,0,0.9589548944792392,1.0,27,0.0,0.9589548944792392,0
station_v0_bogota_grid_spawn1.3__Optimal_Oracle_Tracking__seed16__2022-01-17,station_v0_bogota_grid_spawn1.3,spawn1.3,Optimal_Oracle_Tracking,16,2022-01-17,weekday,0.0,0,96,0,0,0.9592222610762968,1.0,27,0.0,0.9592222610762968,0
station_v0_bogota_grid_spawn1.3__MPC_TrackingG2V__seed16__2022-03-05,station_v0_bogota_grid_spawn1.3,spawn1.3,MPC_TrackingG2V,16,2022-03-05,weekend,-0.2168725594588716,63,96,63,14,0.9437775506967464,1.0,27,0.216872559458869,0.9437775506967464,14
station_v0_bogota_grid_spawn1.3__ChargeAsFastAsPossible__seed17__2022-01-17,station_v0_bogota_grid_spawn1.3,spawn1.3,ChargeAsFastAsPossible,17,2022-01-17,weekday,-0.2773424532020582,79,96,79,18,0.9416386367616176,1.0,27,0.277342453202055,0.9416386367616176,18
station_v0_bogota_grid_spawn1.3__TD3_vanilla_extended_ts102__seed17__2022-01-17,station_v0_bogota_grid_spawn1.3,spawn1.3,TD3_vanilla_extended_ts102,17,2022-01-17,weekday,-0.2730390945895185,78,96,78,18,0.9416386367616176,1.0,27,0.2730390945895152,0.9416386367616176,18
station_v0_bogota_grid_spawn1.3__RoundRobin__seed17__2022-03-05,station_v0_bogota_grid_spawn1.3,spawn1.3,RoundRobin,17,2022-03-05,weekend,0.0,0,96,0,0,0.9511691743174496,1.0,27,0.0,0.9511691743174496,0
station_v0_bogota_grid_spawn1.3__Optimal_Oracle_Tracking__seed17__2022-03-05,station_v0_bogota_grid_spawn1.3,spawn1.3,Optimal_Oracle_Tracking,17,2022-03-05,weekend,0.0,0,96,0,0,0.9506857661503442,1.0,27,0.0,0.9506857661503442,0
station_v0_bogota_grid_spawn1.3__MPC_TrackingG2V__seed18__2022-01-17,station_v0_bogota_grid_spawn1.3,spawn1.3,MPC_TrackingG2V,18,2022-01-17,weekday,-0.7127020186712305,145,96,145,32,0.937414120494086,1.0,27,0.7127020186712244,0.937414120494086,32
station_v0_bogota_grid_spawn1.3__ChargeAsFastAsPossible__seed18__2022-03-05,station_v0_bogota_grid_spawn1.3,spawn1.3,ChargeAsFastAsPossible,18,2022-03-05,weekend,-0.0186651894619351,13,96,13,4,0.9473614454107816,1.0,27,0.0186651894619346,0.9473614454107816,4
station_v0_bogota_grid_spawn1.3__TD3_vanilla_extended_ts102__seed18__2022-03-05,station_v0_bogota_grid_spawn1.3,spawn1.3,TD3_vanilla_extended_ts102,18,2022-03-05,weekend,-0.0186733789223425,13,96,13,4,0.9473614454107816,1.0,27,0.018673378922342,0.9473614454107816,4
station_v0_bogota_grid_spawn1.3__RoundRobin__seed19__2022-01-17,station_v0_bogota_grid_spawn1.3,spawn1.3,RoundRobin,19,2022-01-17,weekday,-0.0578173588273393,34,96,34,10,0.9462340348451168,1.0,27,0.0578173588273379,0.9462340348451168,10
station_v0_bogota_grid_spawn1.3__Optimal_Oracle_Tracking__seed19__2022-01-17,station_v0_bogota_grid_spawn1.3,spawn1.3,Optimal_Oracle_Tracking,19,2022-01-17,weekday,-0.054501500448722,33,96,33,9,0.9462686100810492,1.0,27,0.0545015004487207,0.9462686100810492,9
station_v0_bogota_grid_spawn1.3__MPC_TrackingG2V__seed19__2022-03-05,station_v0_bogota_grid_spawn1.3,spawn1.3,MPC_TrackingG2V,19,2022-03-05,weekend,-0.0277781666571511,23,96,23,8,0.947409148049652,1.0,27,0.0277781666571501,0.947409148049652,8
station_v0_bogota_grid_spawn1.3__ChargeAsFastAsPossible__seed20__2022-01-17,station_v0_bogota_grid_spawn1.3,spawn1.3,ChargeAsFastAsPossible,20,2022-01-17,weekday,-0.3723446203899154,74,96,74,16,0.9385134627774704,1.0,27,0.3723446203899123,0.9385134627774704,16
station_v0_bogota_grid_spawn1.3__TD3_vanilla_extended_ts102__seed20__2022-01-17,station_v0_bogota_grid_spawn1.3,spawn1.3,TD3_vanilla_extended_ts102,20,2022-01-17,weekday,-0.374263582900452,74,96,74,16,0.9376054323508572,1.0,27,0.3742635829004489,0.9376054323508572,16
station_v0_bogota_grid_spawn1.3__RoundRobin__seed20__2022-03-05,station_v0_bogota_grid_spawn1.3,spawn1.3,RoundRobin,20,2022-03-05,weekend,-1.884856614562248,192,96,192,29,0.9283551490957008,1.0,27,1.8848566145622396,0.9283551490957008,29
station_v0_bogota_grid_spawn1.3__Optimal_Oracle_Tracking__seed20__2022-03-05,station_v0_bogota_grid_spawn1.3,spawn1.3,Optimal_Oracle_Tracking,20,2022-03-05,weekend,-1.8784950849552808,192,96,192,29,0.928665177960172,1.0,27,1.8784950849552728,0.928665177960172,29
station_v0_bogota_grid_spawn1.3__MPC_TrackingG2V__seed21__2022-01-17,station_v0_bogota_grid_spawn1.3,spawn1.3,MPC_TrackingG2V,21,2022-01-17,weekday,-0.1936122181258763,55,96,55,14,0.9400489007167988,1.0,27,0.193612218125874,0.9400489007167988,14
station_v0_bogota_grid_spawn1.3__ChargeAsFastAsPossible__seed21__2022-03-05,station_v0_bogota_grid_spawn1.3,spawn1.3,ChargeAsFastAsPossible,21,2022-03-05,weekend,-0.6097897398850165,109,96,109,22,0.9390448169532531,1.0,27,0.609789739885012,0.9390448169532531,22
station_v0_bogota_grid_spawn1.3__TD3_vanilla_extended_ts102__seed21__2022-03-05,station_v0_bogota_grid_spawn1.3,spawn1.3,TD3_vanilla_extended_ts102,21,2022-03-05,weekend,-0.6123319828311609,108,96,108,22,0.9390448169532531,1.0,27,0.6123319828311564,0.9390448169532531,22
station_v0_bogota_grid_spawn1.3__RoundRobin__seed22__2022-01-17,station_v0_bogota_grid_spawn1.3,spawn1.3,RoundRobin,22,2022-01-17,weekday,-0.7101477568728376,136,96,136,28,0.9360982390012698,1.0,27,0.7101477568728319,0.9360982390012698,28
station_v0_bogota_grid_spawn1.3__Optimal_Oracle_Tracking__seed22__2022-01-17,station_v0_bogota_grid_spawn1.3,spawn1.3,Optimal_Oracle_Tracking,22,2022-01-17,weekday,-0.6983154120759116,133,96,133,27,0.9362387626255512,1.0,27,0.6983154120759061,0.9362387626255512,27
station_v0_bogota_grid_spawn1.3__MPC_TrackingG2V__seed22__2022-03-05,station_v0_bogota_grid_spawn1.3,spawn1.3,MPC_TrackingG2V,22,2022-03-05,weekend,-0.4741370061957296,95,96,95,19,0.9396171632429962,1.0,27,0.4741370061957256,0.9396171632429962,19
station_v0_bogota_grid_spawn1.3__ChargeAsFastAsPossible__seed23__2022-01-17,station_v0_bogota_grid_spawn1.3,spawn1.3,ChargeAsFastAsPossible,23,2022-01-17,weekday,0.0,0,96,0,0,0.9550685879009024,1.0,27,0.0,0.9550685879009024,0
station_v0_bogota_grid_spawn1.3__TD3_vanilla_extended_ts102__seed23__2022-01-17,station_v0_bogota_grid_spawn1.3,spawn1.3,TD3_vanilla_extended_ts102,23,2022-01-17,weekday,0.0,0,96,0,0,0.9550685879009024,1.0,27,0.0,0.9550685879009024,0
station_v0_bogota_grid_spawn1.3__RoundRobin__seed23__2022-03-05,station_v0_bogota_grid_spawn1.3,spawn1.3,RoundRobin,23,2022-03-05,weekend,-0.0323022002651429,21,96,21,6,0.9470124192783346,1.0,27,0.032302200265142,0.9470124192783346,6
station_v0_bogota_grid_spawn1.3__Optimal_Oracle_Tracking__seed23__2022-03-05,station_v0_bogota_grid_spawn1.3,spawn1.3,Optimal_Oracle_Tracking,23,2022-03-05,weekend,-0.0354326803608556,24,96,24,7,0.9473461161729824,1.0,27,0.0354326803608546,0.9473461161729824,7
station_v0_bogota_grid_spawn1.3__MPC_TrackingG2V__seed24__2022-01-17,station_v0_bogota_grid_spawn1.3,spawn1.3,MPC_TrackingG2V,24,2022-01-17,weekday,-0.4214339673530445,82,96,82,17,0.936607815219391,1.0,27,0.421433967353041,0.936607815219391,17
station_v0_bogota_grid_spawn1.3__ChargeAsFastAsPossible__seed24__2022-03-05,station_v0_bogota_grid_spawn1.3,spawn1.3,ChargeAsFastAsPossible,24,2022-03-05,weekend,-0.3030335884690225,67,96,67,14,0.940650900839467,1.0,27,0.3030335884690197,0.940650900839467,14
station_v0_bogota_grid_spawn1.3__TD3_vanilla_extended_ts102__seed24__2022-03-05,station_v0_bogota_grid_spawn1.3,spawn1.3,TD3_vanilla_extended_ts102,24,2022-03-05,weekend,-0.304338033124762,66,96,66,14,0.940650900839467,1.0,27,0.3043380331247592,0.940650900839467,14
station_v0_bogota_grid_spawn1.3__RoundRobin__seed25__2022-01-17,station_v0_bogota_grid_spawn1.3,spawn1.3,RoundRobin,25,2022-01-17,weekday,-0.4359227910151059,93,96,93,18,0.940763740617997,1.0,27,0.435922791015102,0.940763740617997,18
station_v0_bogota_grid_spawn1.3__Optimal_Oracle_Tracking__seed25__2022-01-17,station_v0_bogota_grid_spawn1.3,spawn1.3,Optimal_Oracle_Tracking,25,2022-01-17,weekday,-0.4210173781210664,94,96,94,18,0.941047416267172,1.0,27,0.4210173781210624,0.941047416267172,18
station_v0_bogota_grid_spawn1.3__MPC_TrackingG2V__seed25__2022-03-05,station_v0_bogota_grid_spawn1.3,spawn1.3,MPC_TrackingG2V,25,2022-03-05,weekend,-0.1719464840887474,55,96,55,13,0.94402614432604,1.0,27,0.1719464840887451,0.94402614432604,13
station_v0_bogota_grid_spawn1.3__ChargeAsFastAsPossible__seed26__2022-01-17,station_v0_bogota_grid_spawn1.3,spawn1.3,ChargeAsFastAsPossible,26,2022-01-17,weekday,-1.3676049540383404,167,96,167,30,0.9314068340742478,1.0,27,1.3676049540383333,0.9314068340742478,30
station_v0_bogota_grid_spawn1.3__TD3_vanilla_extended_ts102__seed26__2022-01-17,station_v0_bogota_grid_spawn1.3,spawn1.3,TD3_vanilla_extended_ts102,26,2022-01-17,weekday,-1.346111419018115,171,96,171,31,0.9314068340742478,1.0,27,1.3461114190181078,0.9314068340742478,31
station_v0_bogota_grid_spawn1.3__RoundRobin__seed26__2022-03-05,station_v0_bogota_grid_spawn1.3,spawn1.3,RoundRobin,26,2022-03-05,weekend,-0.2147977855707639,68,96,68,15,0.943655347859752,1.0,27,0.2147977855707611,0.943655347859752,15
station_v0_bogota_grid_spawn1.3__Optimal_Oracle_Tracking__seed26__2022-03-05,station_v0_bogota_grid_spawn1.3,spawn1.3,Optimal_Oracle_Tracking,26,2022-03-05,weekend,-0.2164552789427477,68,96,68,15,0.9438569079863623,1.0,27,0.2164552789427448,0.9438569079863623,15
station_v0_bogota_grid_spawn1.3__MPC_TrackingG2V__seed27__2022-01-17,station_v0_bogota_grid_spawn1.3,spawn1.3,MPC_TrackingG2V,27,2022-01-17,weekday,-0.4666097584411718,86,96,86,18,0.9372792465898746,1.0,27,0.4666097584411682,0.9372792465898746,18
station_v0_bogota_grid_spawn1.3__ChargeAsFastAsPossible__seed27__2022-03-05,station_v0_bogota_grid_spawn1.3,spawn1.3,ChargeAsFastAsPossible,27,2022-03-05,weekend,0.0,0,96,0,0,0.9504793298845025,1.0,27,0.0,0.9504793298845025,0
station_v0_bogota_grid_spawn1.3__TD3_vanilla_extended_ts102__seed27__2022-03-05,station_v0_bogota_grid_spawn1.3,spawn1.3,TD3_vanilla_extended_ts102,27,2022-03-05,weekend,0.0,0,96,0,0,0.9504793298845025,1.0,27,0.0,0.9504793298845025,0
station_v0_bogota_grid_spawn1.3__RoundRobin__seed28__2022-01-17,station_v0_bogota_grid_spawn1.3,spawn1.3,RoundRobin,28,2022-01-17,weekday,-0.1983076929577146,60,96,60,14,0.9418984725586644,1.0,27,0.1983076929577121,0.9418984725586644,14
station_v0_bogota_grid_spawn1.3__Optimal_Oracle_Tracking__seed28__2022-01-17,station_v0_bogota_grid_spawn1.3,spawn1.3,Optimal_Oracle_Tracking,28,2022-01-17,weekday,-0.2019586197779609,62,96,62,14,0.9419998194018028,1.0,27,0.2019586197779583,0.9419998194018028,14
station_v0_bogota_grid_spawn1.3__MPC_TrackingG2V__seed28__2022-03-05,station_v0_bogota_grid_spawn1.3,spawn1.3,MPC_TrackingG2V,28,2022-03-05,weekend,-0.000792030449216,2,96,2,1,0.949531049319335,1.0,27,0.0007920304492159,0.949531049319335,1
station_v0_bogota_grid_spawn1.3__ChargeAsFastAsPossible__seed29__2022-01-17,station_v0_bogota_grid_spawn1.3,spawn1.3,ChargeAsFastAsPossible,29,2022-01-17,weekday,-0.0231433939714309,16,96,16,5,0.9459266759155778,1.0,27,0.0231433939714302,0.9459266759155778,5
station_v0_bogota_grid_spawn1.3__TD3_vanilla_extended_ts102__seed29__2022-01-17,station_v0_bogota_grid_spawn1.3,spawn1.3,TD3_vanilla_extended_ts102,29,2022-01-17,weekday,-0.0225306230169084,17,96,17,5,0.947233845350972,1.0,27,0.0225306230169077,0.947233845350972,5
station_v0_bogota_grid_spawn1.3__RoundRobin__seed29__2022-03-05,station_v0_bogota_grid_spawn1.3,spawn1.3,RoundRobin,29,2022-03-05,weekend,-0.0288136193621377,24,96,24,8,0.9471442831490764,1.0,27,0.0288136193621367,0.9471442831490764,8
station_v0_bogota_grid_spawn1.3__Optimal_Oracle_Tracking__seed29__2022-03-05,station_v0_bogota_grid_spawn1.3,spawn1.3,Optimal_Oracle_Tracking,29,2022-03-05,weekend,-0.0352531090453108,26,96,26,8,0.9470621035147432,1.0,27,0.0352531090453097,0.9470621035147432,8
station_v0_bogota_grid_spawn1.3__MPC_TrackingG2V__seed30__2022-01-17,station_v0_bogota_grid_spawn1.3,spawn1.3,MPC_TrackingG2V,30,2022-01-17,weekday,-0.1828181771071479,61,96,61,14,0.943969770492193,1.0,27,0.1828181771071454,0.943969770492193,14
station_v0_bogota_grid_spawn1.3__ChargeAsFastAsPossible__seed30__2022-03-05,station_v0_bogota_grid_spawn1.3,spawn1.3,ChargeAsFastAsPossible,30,2022-03-05,weekend,-0.1423159682512448,47,96,47,11,0.9433397547797996,1.0,27,0.1423159682512429,0.9433397547797996,11
station_v0_bogota_grid_spawn1.3__TD3_vanilla_extended_ts102__seed30__2022-03-05,station_v0_bogota_grid_spawn1.3,spawn1.3,TD3_vanilla_extended_ts102,30,2022-03-05,weekend,-0.1420019899049441,48,96,48,11,0.9433397547797996,1.0,27,0.1420019899049421,0.9433397547797996,11
station_v0_bogota_grid_spawn1.3__RoundRobin__seed31__2022-01-17,station_v0_bogota_grid_spawn1.3,spawn1.3,RoundRobin,31,2022-01-17,weekday,-1.381740699427925,210,96,210,39,0.9315775177724984,1.0,27,1.3817406994279162,0.9315775177724984,39
station_v0_bogota_grid_spawn1.3__Optimal_Oracle_Tracking__seed31__2022-01-17,station_v0_bogota_grid_spawn1.3,spawn1.3,Optimal_Oracle_Tracking,31,2022-01-17,weekday,-1.365930875964752,208,96,208,39,0.9316800605192348,1.0,27,1.3659308759647433,0.9316800605192348,39
station_v0_bogota_grid_spawn1.3__MPC_TrackingG2V__seed31__2022-03-05,station_v0_bogota_grid_spawn1.3,spawn1.3,MPC_TrackingG2V,31,2022-03-05,weekend,-0.0078084614853536,11,96,11,5,0.9485015176759188,1.0,27,0.0078084614853531,0.9485015176759188,5
station_v0_bogota_grid_spawn1.3__ChargeAsFastAsPossible__seed32__2022-01-17,station_v0_bogota_grid_spawn1.3,spawn1.3,ChargeAsFastAsPossible,32,2022-01-17,weekday,-0.8002839307541327,139,96,139,29,0.9347406096535869,1.0,27,0.8002839307541268,0.9347406096535869,29
station_v0_bogota_grid_spawn1.3__TD3_vanilla_extended_ts102__seed32__2022-01-17,station_v0_bogota_grid_spawn1.3,spawn1.3,TD3_vanilla_extended_ts102,32,2022-01-17,weekday,-0.787019691845384,134,96,134,27,0.9347406096535869,1.0,27,0.7870196918453783,0.9347406096535869,27
station_v0_bogota_grid_spawn1.3__RoundRobin__seed32__2022-03-05,station_v0_bogota_grid_spawn1.3,spawn1.3,RoundRobin,32,2022-03-05,weekend,-0.0132464070870995,18,96,18,7,0.948669235668652,1.0,27,0.0132464070870987,0.948669235668652,7
station_v0_bogota_grid_spawn1.3__Optimal_Oracle_Tracking__seed32__2022-03-05,station_v0_bogota_grid_spawn1.3,spawn1.3,Optimal_Oracle_Tracking,32,2022-03-05,weekend,-0.0103241382386969,16,96,16,6,0.948869027103424,1.0,27,0.0103241382386962,0.948869027103424,6
station_v0_bogota_grid_spawn1.3__MPC_TrackingG2V__seed33__2022-01-17,station_v0_bogota_grid_spawn1.3,spawn1.3,MPC_TrackingG2V,33,2022-01-17,weekday,-0.4540998960774386,82,96,82,16,0.937296564695811,1.0,27,0.4540998960774352,0.937296564695811,16
station_v0_bogota_grid_spawn1.3__ChargeAsFastAsPossible__seed33__2022-03-05,station_v0_bogota_grid_spawn1.3,spawn1.3,ChargeAsFastAsPossible,33,2022-03-05,weekend,-0.7526784259999328,122,96,122,21,0.9361811591499608,1.0,27,0.7526784259999277,0.9361811591499608,21
station_v0_bogota_grid_spawn1.3__TD3_vanilla_extended_ts102__seed33__2022-03-05,station_v0_bogota_grid_spawn1.3,spawn1.3,TD3_vanilla_extended_ts102,33,2022-03-05,weekend,-0.7506858925082911,122,96,122,21,0.9369836099202838,1.0,27,0.750685892508286,0.9369836099202838,21
station_v0_bogota_grid_spawn1.3__RoundRobin__seed34__2022-01-17,station_v0_bogota_grid_spawn1.3,spawn1.3,RoundRobin,34,2022-01-17,weekday,-0.0724909132617475,38,96,38,11,0.9461809339177084,1.0,27,0.0724909132617459,0.9461809339177084,11
station_v0_bogota_grid_spawn1.3__Optimal_Oracle_Tracking__seed34__2022-01-17,station_v0_bogota_grid_spawn1.3,spawn1.3,Optimal_Oracle_Tracking,34,2022-01-17,weekday,-0.0682062024214625,37,96,37,12,0.946428613814383,1.0,27,0.068206202421461,0.946428613814383,12
station_v0_bogota_grid_spawn1.3__MPC_TrackingG2V__seed34__2022-03-05,station_v0_bogota_grid_spawn1.3,spawn1.3,MPC_TrackingG2V,34,2022-03-05,weekend,-0.3032443915520492,75,96,75,15,0.9414573681351064,1.0,27,0.3032443915520461,0.9414573681351064,15
station_v0_bogota_grid_spawn1.3__ChargeAsFastAsPossible__seed35__2022-01-17,station_v0_bogota_grid_spawn1.3,spawn1.3,ChargeAsFastAsPossible,35,2022-01-17,weekday,-0.1302071811086448,51,96,51,12,0.9448287690331356,1.0,27,0.1302071811086427,0.9448287690331356,12
station_v0_bogota_grid_spawn1.3__TD3_vanilla_extended_ts102__seed35__2022-01-17,station_v0_bogota_grid_spawn1.3,spawn1.3,TD3_vanilla_extended_ts102,35,2022-01-17,weekday,-0.1302052596982628,51,96,51,12,0.9448287690331356,1.0,27,0.1302052596982607,0.9448287690331356,12
station_v0_bogota_grid_spawn1.3__RoundRobin__seed35__2022-03-05,station_v0_bogota_grid_spawn1.3,spawn1.3,RoundRobin,35,2022-03-05,weekend,-0.2072625092984457,59,96,59,14,0.942215694492084,1.0,27,0.2072625092984432,0.942215694492084,14
station_v0_bogota_grid_spawn1.3__Optimal_Oracle_Tracking__seed35__2022-03-05,station_v0_bogota_grid_spawn1.3,spawn1.3,Optimal_Oracle_Tracking,35,2022-03-05,weekend,-0.2232321775306952,61,96,61,14,0.9424758524058078,1.0,27,0.2232321775306927,0.9424758524058078,14
station_v0_bogota_grid_spawn1.3__MPC_TrackingG2V__seed36__2022-01-17,station_v0_bogota_grid_spawn1.3,spawn1.3,MPC_TrackingG2V,36,2022-01-17,weekday,-0.7500972712598044,167,96,167,37,0.9374786153123914,1.0,27,0.7500972712597974,0.9374786153123914,37
station_v0_bogota_grid_spawn1.3__ChargeAsFastAsPossible__seed36__2022-03-05,station_v0_bogota_grid_spawn1.3,spawn1.3,ChargeAsFastAsPossible,36,2022-03-05,weekend,-0.663369283367842,110,96,110,21,0.938210475264947,1.0,27,0.6633692833678374,0.938210475264947,21
station_v0_bogota_grid_spawn1.3__TD3_vanilla_extended_ts102__seed36__2022-03-05,station_v0_bogota_grid_spawn1.3,spawn1.3,TD3_vanilla_extended_ts102,36,2022-03-05,weekend,-0.663369283367842,110,96,110,21,0.938210475264947,1.0,27,0.6633692833678374,0.938210475264947,21
station_v0_bogota_grid_spawn1.3__RoundRobin__seed37__2022-01-17,station_v0_bogota_grid_spawn1.3,spawn1.3,RoundRobin,37,2022-01-17,weekday,-0.0686394977027463,29,96,29,8,0.9458952695104208,1.0,27,0.0686394977027451,0.9458952695104208,8
station_v0_bogota_grid_spawn1.3__Optimal_Oracle_Tracking__seed37__2022-01-17,station_v0_bogota_grid_spawn1.3,spawn1.3,Optimal_Oracle_Tracking,37,2022-01-17,weekday,-0.0635376489136256,29,96,29,8,0.946165999617426,1.0,27,0.0635376489136244,0.946165999617426,8
station_v0_bogota_grid_spawn1.3__MPC_TrackingG2V__seed37__2022-03-05,station_v0_bogota_grid_spawn1.3,spawn1.3,MPC_TrackingG2V,37,2022-03-05,weekend,0.0,0,96,0,0,0.9505786032596872,1.0,27,0.0,0.9505786032596872,0
station_v0_bogota_grid_spawn1.3__ChargeAsFastAsPossible__seed38__2022-01-17,station_v0_bogota_grid_spawn1.3,spawn1.3,ChargeAsFastAsPossible,38,2022-01-17,weekday,-0.0515516746751631,21,96,21,5,0.9447486868418996,1.0,27,0.0515516746751623,0.9447486868418996,5
station_v0_bogota_grid_spawn1.3__TD3_vanilla_extended_ts102__seed38__2022-01-17,station_v0_bogota_grid_spawn1.3,spawn1.3,TD3_vanilla_extended_ts102,38,2022-01-17,weekday,-0.047961198834363,22,96,22,6,0.9453431454548364,1.0,27,0.0479611988343621,0.9453431454548364,6
station_v0_bogota_grid_spawn1.3__RoundRobin__seed38__2022-03-05,station_v0_bogota_grid_spawn1.3,spawn1.3,RoundRobin,38,2022-03-05,weekend,-0.3404283487323073,78,96,78,16,0.9411668329063312,1.0,27,0.3404283487323041,0.9411668329063312,16
station_v0_bogota_grid_spawn1.3__Optimal_Oracle_Tracking__seed38__2022-03-05,station_v0_bogota_grid_spawn1.3,spawn1.3,Optimal_Oracle_Tracking,38,2022-03-05,weekend,-0.3422124518952398,79,96,79,16,0.9414072528000508,1.0,27,0.3422124518952365,0.9414072528000508,16
station_v0_bogota_grid_spawn1.3__MPC_TrackingG2V__seed39__2022-01-17,station_v0_bogota_grid_spawn1.3,spawn1.3,MPC_TrackingG2V,39,2022-01-17,weekday,0.0,0,96,0,0,0.9503157806110912,1.0,27,0.0,0.9503157806110912,0
station_v0_bogota_grid_spawn1.3__ChargeAsFastAsPossible__seed39__2022-03-05,station_v0_bogota_grid_spawn1.3,spawn1.3,ChargeAsFastAsPossible,39,2022-03-05,weekend,0.0,0,96,0,0,0.9506678871193062,1.0043201892149067,27,0.0,0.9506678871193062,0
station_v0_bogota_grid_spawn1.3__TD3_vanilla_extended_ts102__seed39__2022-03-05,station_v0_bogota_grid_spawn1.3,spawn1.3,TD3_vanilla_extended_ts102,39,2022-03-05,weekend,0.0,0,96,0,0,0.9506678871193062,1.0037831750217103,27,0.0,0.9506678871193062,0
station_v0_bogota_grid_spawn1.3__RoundRobin__seed40__2022-01-17,station_v0_bogota_grid_spawn1.3,spawn1.3,RoundRobin,40,2022-01-17,weekday,-1.0181371658325011,178,96,178,35,0.9360887483184316,1.0,27,1.0181371658324938,0.9360887483184316,35
station_v0_bogota_grid_spawn1.3__Optimal_Oracle_Tracking__seed40__2022-01-17,station_v0_bogota_grid_spawn1.3,spawn1.3,Optimal_Oracle_Tracking,40,2022-01-17,weekday,-1.0080882519306342,179,96,179,35,0.93640351073774,1.0,27,1.008088251930627,0.93640351073774,35
station_v0_bogota_grid_spawn1.3__MPC_TrackingG2V__seed40__2022-03-05,station_v0_bogota_grid_spawn1.3,spawn1.3,MPC_TrackingG2V,40,2022-03-05,weekend,-0.0741721204650922,38,96,38,10,0.9460086488368582,1.0,27,0.0741721204650907,0.9460086488368582,10
station_v0_bogota_grid_spawn1.3__ChargeAsFastAsPossible__seed41__2022-01-17,station_v0_bogota_grid_spawn1.3,spawn1.3,ChargeAsFastAsPossible,41,2022-01-17,weekday,-0.0469173095063065,25,96,25,7,0.9464148785917552,1.0,27,0.0469173095063054,0.9464148785917552,7
station_v0_bogota_grid_spawn1.3__TD3_vanilla_extended_ts102__seed41__2022-01-17,station_v0_bogota_grid_spawn1.3,spawn1.3,TD3_vanilla_extended_ts102,41,2022-01-17,weekday,-0.0444130960737227,24,96,24,7,0.9467466163364084,1.0,27,0.0444130960737217,0.9467466163364084,7
station_v0_bogota_grid_spawn1.3__RoundRobin__seed41__2022-03-05,station_v0_bogota_grid_spawn1.3,spawn1.3,RoundRobin,41,2022-03-05,weekend,-0.8313954107426671,142,96,142,28,0.9370958091282172,1.0,27,0.8313954107426611,0.9370958091282172,28
station_v0_bogota_grid_spawn1.3__Optimal_Oracle_Tracking__seed41__2022-03-05,station_v0_bogota_grid_spawn1.3,spawn1.3,Optimal_Oracle_Tracking,41,2022-03-05,weekend,-0.8307139669926134,141,96,141,28,0.9373700081997692,1.0,27,0.8307139669926075,0.9373700081997692,28
station_v0_bogota_grid_spawn1.3__MPC_TrackingG2V__seed42__2022-01-17,station_v0_bogota_grid_spawn1.3,spawn1.3,MPC_TrackingG2V,42,2022-01-17,weekday,-0.2533580251738583,78,96,78,19,0.9421654771369464,1.0,27,0.2533580251738551,0.9421654771369464,19
station_v0_bogota_grid_spawn1.3__ChargeAsFastAsPossible__seed42__2022-03-05,station_v0_bogota_grid_spawn1.3,spawn1.3,ChargeAsFastAsPossible,42,2022-03-05,weekend,-0.4283625572956265,93,96,93,19,0.9403770424563402,1.0,27,0.4283625572956226,0.9403770424563402,19
station_v0_bogota_grid_spawn1.3__TD3_vanilla_extended_ts102__seed42__2022-03-05,station_v0_bogota_grid_spawn1.3,spawn1.3,TD3_vanilla_extended_ts102,42,2022-03-05,weekend,-0.4283426236495455,93,96,93,19,0.94055532462857,1.0,27,0.4283426236495417,0.94055532462857,19
station_v0_bogota_grid_spawn1.3__RoundRobin__seed43__2022-01-17,station_v0_bogota_grid_spawn1.3,spawn1.3,RoundRobin,43,2022-01-17,weekday,-0.873475993517778,167,96,167,33,0.93484524387969,1.0,27,0.873475993517771,0.93484524387969,33
station_v0_bogota_grid_spawn1.3__Optimal_Oracle_Tracking__seed43__2022-01-17,station_v0_bogota_grid_spawn1.3,spawn1.3,Optimal_Oracle_Tracking,43,2022-01-17,weekday,-0.872877913811169,166,96,166,34,0.9346337594322968,1.0,27,0.8728779138111621,0.9346337594322968,34
station_v0_bogota_grid_spawn1.3__MPC_TrackingG2V__seed43__2022-03-05,station_v0_bogota_grid_spawn1.3,spawn1.3,MPC_TrackingG2V,43,2022-03-05,weekend,-0.007620437316988,12,96,12,6,0.9486953987258104,1.0,27,0.0076204373169875,0.9486953987258104,6
station_v0_bogota_grid_spawn1.3__ChargeAsFastAsPossible__seed44__2022-01-17,station_v0_bogota_grid_spawn1.3,spawn1.3,ChargeAsFastAsPossible,44,2022-01-17,weekday,0.0,0,96,0,0,0.9560140363324292,1.0,27,0.0,0.9560140363324292,0
station_v0_bogota_grid_spawn1.3__TD3_vanilla_extended_ts102__seed44__2022-01-17,station_v0_bogota_grid_spawn1.3,spawn1.3,TD3_vanilla_extended_ts102,44,2022-01-17,weekday,0.0,0,96,0,0,0.9560140363324292,1.0,27,0.0,0.9560140363324292,0
station_v0_bogota_grid_spawn1.3__RoundRobin__seed44__2022-03-05,station_v0_bogota_grid_spawn1.3,spawn1.3,RoundRobin,44,2022-03-05,weekend,-1.0001484832903715,131,96,131,21,0.9347974948127666,1.0,27,1.0001484832903662,0.9347974948127666,21
station_v0_bogota_grid_spawn1.3__Optimal_Oracle_Tracking__seed44__2022-03-05,station_v0_bogota_grid_spawn1.3,spawn1.3,Optimal_Oracle_Tracking,44,2022-03-05,weekend,-0.9995616350292944,132,96,132,21,0.9349789222929606,1.0,27,0.9995616350292889,0.9349789222929606,21
station_v0_bogota_grid_spawn1.3__MPC_TrackingG2V__seed45__2022-01-17,station_v0_bogota_grid_spawn1.3,spawn1.3,MPC_TrackingG2V,45,2022-01-17,weekday,-0.2672917881581375,73,96,73,16,0.9422510090778872,1.0,27,0.2672917881581345,0.9422510090778872,16
station_v0_bogota_grid_spawn1.3__ChargeAsFastAsPossible__seed45__2022-03-05,station_v0_bogota_grid_spawn1.3,spawn1.3,ChargeAsFastAsPossible,45,2022-03-05,weekend,-0.3191979922875554,74,96,74,16,0.9409808274521936,1.0,27,0.3191979922875523,0.9409808274521936,16
station_v0_bogota_grid_spawn1.3__TD3_vanilla_extended_ts102__seed45__2022-03-05,station_v0_bogota_grid_spawn1.3,spawn1.3,TD3_vanilla_extended_ts102,45,2022-03-05,weekend,-0.3259761894055151,74,96,74,16,0.9405891258341768,1.0,27,0.325976189405512,0.9405891258341768,16
station_v0_bogota_grid_spawn1.3__RoundRobin__seed46__2022-01-17,station_v0_bogota_grid_spawn1.3,spawn1.3,RoundRobin,46,2022-01-17,weekday,-1.4256650624404794,185,96,185,34,0.9285967562763862,1.0,27,1.4256650624404714,0.9285967562763862,34
station_v0_bogota_grid_spawn1.3__Optimal_Oracle_Tracking__seed46__2022-01-17,station_v0_bogota_grid_spawn1.3,spawn1.3,Optimal_Oracle_Tracking,46,2022-01-17,weekday,-1.4325929174981198,184,96,184,35,0.9285064999601338,1.0,27,1.432592917498112,0.9285064999601338,35
station_v0_bogota_grid_spawn1.3__MPC_TrackingG2V__seed46__2022-03-05,station_v0_bogota_grid_spawn1.3,spawn1.3,MPC_TrackingG2V,46,2022-03-05,weekend,-0.111649336550273,49,96,49,12,0.9460633951985252,1.0,27,0.1116493365502709,0.9460633951985252,12
station_v0_bogota_grid_spawn1.3__ChargeAsFastAsPossible__seed47__2022-01-17,station_v0_bogota_grid_spawn1.3,spawn1.3,ChargeAsFastAsPossible,47,2022-01-17,weekday,-0.1847768159951029,50,96,50,12,0.9420664077471542,1.0,27,0.1847768159951008,0.9420664077471542,12
station_v0_bogota_grid_spawn1.3__TD3_vanilla_extended_ts102__seed47__2022-01-17,station_v0_bogota_grid_spawn1.3,spawn1.3,TD3_vanilla_extended_ts102,47,2022-01-17,weekday,-0.1827828449084614,51,96,51,12,0.9424048309435136,1.0,27,0.1827828449084593,0.9424048309435136,12
station_v0_bogota_grid_spawn1.3__RoundRobin__seed47__2022-03-05,station_v0_bogota_grid_spawn1.3,spawn1.3,RoundRobin,47,2022-03-05,weekend,-0.3343126998469634,69,96,69,14,0.9398751833504664,1.0,27,0.3343126998469605,0.9398751833504664,14
station_v0_bogota_grid_spawn1.3__Optimal_Oracle_Tracking__seed47__2022-03-05,station_v0_bogota_grid_spawn1.3,spawn1.3,Optimal_Oracle_Tracking,47,2022-03-05,weekend,-0.342592591432973,68,96,68,14,0.9402037281022814,1.0,27,0.3425925914329703,0.9402037281022814,14
station_v0_bogota_grid_spawn1.3__MPC_TrackingG2V__seed48__2022-01-17,station_v0_bogota_grid_spawn1.3,spawn1.3,MPC_TrackingG2V,48,2022-01-17,weekday,-0.0764067564889612,40,96,40,11,0.945576704675565,1.0,27,0.0764067564889595,0.945576704675565,11
station_v0_bogota_grid_spawn1.3__ChargeAsFastAsPossible__seed48__2022-03-05,station_v0_bogota_grid_spawn1.3,spawn1.3,ChargeAsFastAsPossible,48,2022-03-05,weekend,-0.4290805877235049,88,96,88,18,0.9389872540897818,1.0,27,0.4290805877235012,0.9389872540897818,18
station_v0_bogota_grid_spawn1.3__TD3_vanilla_extended_ts102__seed48__2022-03-05,station_v0_bogota_grid_spawn1.3,spawn1.3,TD3_vanilla_extended_ts102,48,2022-03-05,weekend,-0.4290805877235049,88,96,88,18,0.9389872540897818,1.0,27,0.4290805877235012,0.9389872540897818,18
station_v0_bogota_grid_spawn1.3__RoundRobin__seed49__2022-01-17,station_v0_bogota_grid_spawn1.3,spawn1.3,RoundRobin,49,2022-01-17,weekday,-0.3660494903150446,116,96,116,28,0.941654372071436,1.0,27,0.3660494903150398,0.941654372071436,28
station_v0_bogota_grid_spawn1.3__Optimal_Oracle_Tracking__seed49__2022-01-17,station_v0_bogota_grid_spawn1.3,spawn1.3,Optimal_Oracle_Tracking,49,2022-01-17,weekday,-0.3593441072835725,116,96,116,27,0.941654372071436,1.0,27,0.3593441072835677,0.941654372071436,27
station_v0_bogota_grid_spawn1.3__MPC_TrackingG2V__seed49__2022-03-05,station_v0_bogota_grid_spawn1.3,spawn1.3,MPC_TrackingG2V,49,2022-03-05,weekend,-0.0193633251880228,20,96,20,6,0.9479242834478454,1.0,27,0.0193633251880219,0.9479242834478454,6
station_v0_bogota_grid_spawn1.6__ChargeAsFastAsPossible__seed0__2022-01-17,station_v0_bogota_grid_spawn1.6,spawn1.6,ChargeAsFastAsPossible,0,2022-01-17,weekday,-0.7757228323021869,167,96,167,35,0.9374247727683264,1.0,27,0.77572283230218,0.9374247727683264,35
station_v0_bogota_grid_spawn1.6__TD3_vanilla_extended_ts102__seed0__2022-01-17,station_v0_bogota_grid_spawn1.6,spawn1.6,TD3_vanilla_extended_ts102,0,2022-01-17,weekday,-0.7647240295921206,165,96,165,35,0.9376911048346992,1.0,27,0.7647240295921137,0.9376911048346992,35
station_v0_bogota_grid_spawn1.6__RoundRobin__seed0__2022-03-05,station_v0_bogota_grid_spawn1.6,spawn1.6,RoundRobin,0,2022-03-05,weekend,-0.3244364823344092,80,96,80,17,0.941387690997013,1.0,27,0.3244364823344059,0.941387690997013,17
station_v0_bogota_grid_spawn1.6__Optimal_Oracle_Tracking__seed0__2022-03-05,station_v0_bogota_grid_spawn1.6,spawn1.6,Optimal_Oracle_Tracking,0,2022-03-05,weekend,-0.3423041231953228,82,96,82,17,0.9413629099482572,1.0,27,0.3423041231953193,0.9413629099482572,17
station_v0_bogota_grid_spawn1.6__MPC_TrackingG2V__seed1__2022-01-17,station_v0_bogota_grid_spawn1.6,spawn1.6,MPC_TrackingG2V,1,2022-01-17,weekday,-0.0024980870470253,4,96,4,2,0.9489395284403376,1.0,27,0.0024980870470251,0.9489395284403376,2
station_v0_bogota_grid_spawn1.6__ChargeAsFastAsPossible__seed1__2022-03-05,station_v0_bogota_grid_spawn1.6,spawn1.6,ChargeAsFastAsPossible,1,2022-03-05,weekend,0.0,0,96,0,0,0.9501546310200568,1.0004745662017889,27,0.0,0.9501546310200568,0
station_v0_bogota_grid_spawn1.6__TD3_vanilla_extended_ts102__seed1__2022-03-05,station_v0_bogota_grid_spawn1.6,spawn1.6,TD3_vanilla_extended_ts102,1,2022-03-05,weekend,0.0,0,96,0,0,0.9501546310200568,1.0004745662017889,27,0.0,0.9501546310200568,0
station_v0_bogota_grid_spawn1.6__RoundRobin__seed2__2022-01-17,station_v0_bogota_grid_spawn1.6,spawn1.6,RoundRobin,2,2022-01-17,weekday,0.0,0,96,0,0,0.9507735817721972,1.0,27,0.0,0.9507735817721972,0
station_v0_bogota_grid_spawn1.6__Optimal_Oracle_Tracking__seed2__2022-01-17,station_v0_bogota_grid_spawn1.6,spawn1.6,Optimal_Oracle_Tracking,2,2022-01-17,weekday,0.0,0,96,0,0,0.9511262501713208,1.0,27,0.0,0.9511262501713208,0
station_v0_bogota_grid_spawn1.6__MPC_TrackingG2V__seed2__2022-03-05,station_v0_bogota_grid_spawn1.6,spawn1.6,MPC_TrackingG2V,2,2022-03-05,weekend,0.0,0,96,0,0,0.9519615836153243,1.0,27,0.0,0.9519615836153243,0
station_v0_bogota_grid_spawn1.6__ChargeAsFastAsPossible__seed3__2022-01-17,station_v0_bogota_grid_spawn1.6,spawn1.6,ChargeAsFastAsPossible,3,2022-01-17,weekday,-0.6427631571931623,110,96,110,20,0.9355186412980409,1.0,27,0.6427631571931578,0.9355186412980409,20
station_v0_bogota_grid_spawn1.6__TD3_vanilla_extended_ts102__seed3__2022-01-17,station_v0_bogota_grid_spawn1.6,spawn1.6,TD3_vanilla_extended_ts102,3,2022-01-17,weekday,-0.6375647446971151,105,96,105,19,0.9355186412980409,1.0,27,0.6375647446971107,0.9355186412980409,19
station_v0_bogota_grid_spawn1.6__RoundRobin__seed3__2022-03-05,station_v0_bogota_grid_spawn1.6,spawn1.6,RoundRobin,3,2022-03-05,weekend,-0.1464490829941398,54,96,54,13,0.9435292399998808,1.0,27,0.1464490829941376,0.9435292399998808,13
station_v0_bogota_grid_spawn1.6__Optimal_Oracle_Tracking__seed3__2022-03-05,station_v0_bogota_grid_spawn1.6,spawn1.6,Optimal_Oracle_Tracking,3,2022-03-05,weekend,-0.1467520165471399,52,96,52,12,0.94311290606996,1.0,27,0.1467520165471377,0.94311290606996,12
station_v0_bogota_grid_spawn1.6__MPC_TrackingG2V__seed4__2022-01-17,station_v0_bogota_grid_spawn1.6,spawn1.6,MPC_TrackingG2V,4,2022-01-17,weekday,-0.5515822535007382,100,96,100,20,0.9367769212230566,1.0,27,0.5515822535007341,0.9367769212230566,20
station_v0_bogota_grid_spawn1.6__ChargeAsFastAsPossible__seed4__2022-03-05,station_v0_bogota_grid_spawn1.6,spawn1.6,ChargeAsFastAsPossible,4,2022-03-05,weekend,-0.6791576991099472,108,96,108,19,0.9368272349637456,1.0,27,0.6791576991099426,0.9368272349637456,19
station_v0_bogota_grid_spawn1.6__TD3_vanilla_extended_ts102__seed4__2022-03-05,station_v0_bogota_grid_spawn1.6,spawn1.6,TD3_vanilla_extended_ts102,4,2022-03-05,weekend,-0.6791576991099472,108,96,108,19,0.9368272349637456,1.0,27,0.6791576991099426,0.9368272349637456,19
station_v0_bogota_grid_spawn1.6__RoundRobin__seed5__2022-01-17,station_v0_bogota_grid_spawn1.6,spawn1.6,RoundRobin,5,2022-01-17,weekday,-0.0731578788133293,29,96,29,7,0.9450069393061954,1.0,27,0.0731578788133281,0.9450069393061954,7
station_v0_bogota_grid_spawn1.6__Optimal_Oracle_Tracking__seed5__2022-01-17,station_v0_bogota_grid_spawn1.6,spawn1.6,Optimal_Oracle_Tracking,5,2022-01-17,weekday,-0.0674944394322345,29,96,29,7,0.9452673016586703,1.0,27,0.0674944394322333,0.9452673016586703,7
station_v0_bogota_grid_spawn1.6__MPC_TrackingG2V__seed5__2022-03-05,station_v0_bogota_grid_spawn1.6,spawn1.6,MPC_TrackingG2V,5,2022-03-05,weekend,-0.0443704010161247,29,96,29,8,0.94697788399286,1.0,27,0.0443704010161235,0.94697788399286,8
station_v0_bogota_grid_spawn1.6__ChargeAsFastAsPossible__seed6__2022-01-17,station_v0_bogota_grid_spawn1.6,spawn1.6,ChargeAsFastAsPossible,6,2022-01-17,weekday,-0.0254535267592508,21,96,21,7,0.9468072755651096,1.0,27,0.0254535267592499,0.9468072755651096,7
station_v0_bogota_grid_spawn1.6__TD3_vanilla_extended_ts102__seed6__2022-01-17,station_v0_bogota_grid_spawn1.6,spawn1.6,TD3_vanilla_extended_ts102,6,2022-01-17,weekday,-0.0254535267592508,21,96,21,7,0.9468072755651096,1.0,27,0.0254535267592499,0.9468072755651096,7
station_v0_bogota_grid_spawn1.6__RoundRobin__seed6__2022-03-05,station_v0_bogota_grid_spawn1.6,spawn1.6,RoundRobin,6,2022-03-05,weekend,-0.0039058896078691,6,96,6,2,0.9489814987206552,1.0,27,0.0039058896078688,0.9489814987206552,2
station_v0_bogota_grid_spawn1.6__Optimal_Oracle_Tracking__seed6__2022-03-05,station_v0_bogota_grid_spawn1.6,spawn1.6,Optimal_Oracle_Tracking,6,2022-03-05,weekend,-0.0037220538807917,6,96,6,2,0.9491111909091192,1.0,27,0.0037220538807914,0.9491111909091192,2
station_v0_bogota_grid_spawn1.6__MPC_TrackingG2V__seed7__2022-01-17,station_v0_bogota_grid_spawn1.6,spawn1.6,MPC_TrackingG2V,7,2022-01-17,weekday,-0.1595266106334318,42,96,42,9,0.9424720831792294,1.0,27,0.1595266106334301,0.9424720831792294,9
station_v0_bogota_grid_spawn1.6__ChargeAsFastAsPossible__seed7__2022-03-05,station_v0_bogota_grid_spawn1.6,spawn1.6,ChargeAsFastAsPossible,7,2022-03-05,weekend,0.0,0,96,0,0,0.9501906757990528,1.0,27,0.0,0.9501906757990528,0
station_v0_bogota_grid_spawn1.6__TD3_vanilla_extended_ts102__seed7__2022-03-05,station_v0_bogota_grid_spawn1.6,spawn1.6,TD3_vanilla_extended_ts102,7,2022-03-05,weekend,0.0,0,96,0,0,0.9501906757990528,1.0,27,0.0,0.9501906757990528,0
station_v0_bogota_grid_spawn1.6__RoundRobin__seed8__2022-01-17,station_v0_bogota_grid_spawn1.6,spawn1.6,RoundRobin,8,2022-01-17,weekday,-1.0776257016805697,197,96,197,40,0.9345526640249002,1.0,27,1.077625701680561,0.9345526640249002,40
station_v0_bogota_grid_spawn1.6__Optimal_Oracle_Tracking__seed8__2022-01-17,station_v0_bogota_grid_spawn1.6,spawn1.6,Optimal_Oracle_Tracking,8,2022-01-17,weekday,-1.055708348329428,193,96,193,40,0.9346447426007176,1.0,27,1.0557083483294198,0.9346447426007176,40
station_v0_bogota_grid_spawn1.6__MPC_TrackingG2V__seed8__2022-03-05,station_v0_bogota_grid_spawn1.6,spawn1.6,MPC_TrackingG2V,8,2022-03-05,weekend,0.0,0,96,0,0,0.9512469545385474,1.0,27,0.0,0.9512469545385474,0
station_v0_bogota_grid_spawn1.6__ChargeAsFastAsPossible__seed9__2022-01-17,station_v0_bogota_grid_spawn1.6,spawn1.6,ChargeAsFastAsPossible,9,2022-01-17,weekday,-0.182141263520888,54,96,54,13,0.9423222753884536,1.0,27,0.1821412635208857,0.9423222753884536,13
station_v0_bogota_grid_spawn1.6__TD3_vanilla_extended_ts102__seed9__2022-01-17,station_v0_bogota_grid_spawn1.6,spawn1.6,TD3_vanilla_extended_ts102,9,2022-01-17,weekday,-0.1722295297839981,52,96,52,13,0.9423222753884536,1.0,27,0.1722295297839959,0.9423222753884536,13
station_v0_bogota_grid_spawn1.6__RoundRobin__seed9__2022-03-05,station_v0_bogota_grid_spawn1.6,spawn1.6,RoundRobin,9,2022-03-05,weekend,-0.4846482906743444,92,96,92,18,0.9404846106434775,1.0,27,0.4846482906743407,0.9404846106434775,18
station_v0_bogota_grid_spawn1.6__Optimal_Oracle_Tracking__seed9__2022-03-05,station_v0_bogota_grid_spawn1.6,spawn1.6,Optimal_Oracle_Tracking,9,2022-03-05,weekend,-0.4846005154406196,93,96,93,18,0.9405024882115198,1.0,27,0.4846005154406158,0.9405024882115198,18
station_v0_bogota_grid_spawn1.6__MPC_TrackingG2V__seed10__2022-01-17,station_v0_bogota_grid_spawn1.6,spawn1.6,MPC_TrackingG2V,10,2022-01-17,weekday,-0.0505095501790196,26,96,26,7,0.9462373741448032,1.0,27,0.0505095501790185,0.9462373741448032,7
station_v0_bogota_grid_spawn1.6__ChargeAsFastAsPossible__seed10__2022-03-05,station_v0_bogota_grid_spawn1.6,spawn1.6,ChargeAsFastAsPossible,10,2022-03-05,weekend,-0.1718909845118558,47,96,47,11,0.941832127273736,1.0,27,0.1718909845118539,0.941832127273736,11
station_v0_bogota_grid_spawn1.6__TD3_vanilla_extended_ts102__seed10__2022-03-05,station_v0_bogota_grid_spawn1.6,spawn1.6,TD3_vanilla_extended_ts102,10,2022-03-05,weekend,-0.1743834088248322,49,96,49,11,0.9422118985029502,1.0,27,0.1743834088248301,0.9422118985029502,11
station_v0_bogota_grid_spawn1.6__RoundRobin__seed11__2022-01-17,station_v0_bogota_grid_spawn1.6,spawn1.6,RoundRobin,11,2022-01-17,weekday,-0.0169829990037446,18,96,18,6,0.948147400489898,1.0,27,0.0169829990037438,0.948147400489898,6
station_v0_bogota_grid_spawn1.6__Optimal_Oracle_Tracking__seed11__2022-01-17,station_v0_bogota_grid_spawn1.6,spawn1.6,Optimal_Oracle_Tracking,11,2022-01-17,weekday,-0.0122616380363919,16,96,16,6,0.9485103761821734,1.0,27,0.0122616380363912,0.9485103761821734,6
station_v0_bogota_grid_spawn1.6__MPC_TrackingG2V__seed11__2022-03-05,station_v0_bogota_grid_spawn1.6,spawn1.6,MPC_TrackingG2V,11,2022-03-05,weekend,-0.009589527040646,11,96,11,4,0.9477916078269476,1.0,27,0.0095895270406456,0.9477916078269476,4
station_v0_bogota_grid_spawn1.6__ChargeAsFastAsPossible__seed12__2022-01-17,station_v0_bogota_grid_spawn1.6,spawn1.6,ChargeAsFastAsPossible,12,2022-01-17,weekday,-0.4681203057510532,92,96,92,19,0.93954838507704,1.0,27,0.4681203057510493,0.93954838507704,19
station_v0_bogota_grid_spawn1.6__TD3_vanilla_extended_ts102__seed12__2022-01-17,station_v0_bogota_grid_spawn1.6,spawn1.6,TD3_vanilla_extended_ts102,12,2022-01-17,weekday,-0.484890166434887,93,96,93,19,0.93954838507704,1.0,27,0.4848901664348831,0.93954838507704,19
station_v0_bogota_grid_spawn1.6__RoundRobin__seed12__2022-03-05,station_v0_bogota_grid_spawn1.6,spawn1.6,RoundRobin,12,2022-03-05,weekend,-1.3377743431456788,162,96,162,26,0.9318049427118532,1.0,27,1.337774343145672,0.9318049427118532,26
station_v0_bogota_grid_spawn1.6__Optimal_Oracle_Tracking__seed12__2022-03-05,station_v0_bogota_grid_spawn1.6,spawn1.6,Optimal_Oracle_Tracking,12,2022-03-05,weekend,-1.3449211981520266,162,96,162,26,0.9320661631083044,1.0,27,1.34492119815202,0.9320661631083044,26
station_v0_bogota_grid_spawn1.6__MPC_TrackingG2V__seed13__2022-01-17,station_v0_bogota_grid_spawn1.6,spawn1.6,MPC_TrackingG2V,13,2022-01-17,weekday,0.0,0,96,0,0,0.9501998432637292,1.0,27,0.0,0.9501998432637292,0
station_v0_bogota_grid_spawn1.6__ChargeAsFastAsPossible__seed13__2022-03-05,station_v0_bogota_grid_spawn1.6,spawn1.6,ChargeAsFastAsPossible,13,2022-03-05,weekend,-0.1522003081218863,51,96,51,11,0.942797737645442,1.0,27,0.1522003081218842,0.942797737645442,11
station_v0_bogota_grid_spawn1.6__TD3_vanilla_extended_ts102__seed13__2022-03-05,station_v0_bogota_grid_spawn1.6,spawn1.6,TD3_vanilla_extended_ts102,13,2022-03-05,weekend,-0.1522003081218863,51,96,51,11,0.942797737645442,1.0,27,0.1522003081218842,0.942797737645442,11
station_v0_bogota_grid_spawn1.6__RoundRobin__seed14__2022-01-17,station_v0_bogota_grid_spawn1.6,spawn1.6,RoundRobin,14,2022-01-17,weekday,-0.3590811762353998,79,96,79,18,0.938762908971179,1.0,27,0.3590811762353966,0.938762908971179,18
station_v0_bogota_grid_spawn1.6__Optimal_Oracle_Tracking__seed14__2022-01-17,station_v0_bogota_grid_spawn1.6,spawn1.6,Optimal_Oracle_Tracking,14,2022-01-17,weekday,-0.3646807815782666,80,96,80,18,0.939046193913354,1.0,27,0.3646807815782633,0.939046193913354,18
station_v0_bogota_grid_spawn1.6__MPC_TrackingG2V__seed14__2022-03-05,station_v0_bogota_grid_spawn1.6,spawn1.6,MPC_TrackingG2V,14,2022-03-05,weekend,-0.3068192320618466,84,96,84,18,0.9428236982232764,1.0,27,0.3068192320618431,0.9428236982232764,18
station_v0_bogota_grid_spawn1.6__ChargeAsFastAsPossible__seed15__2022-01-17,station_v0_bogota_grid_spawn1.6,spawn1.6,ChargeAsFastAsPossible,15,2022-01-17,weekday,-0.2098170728723201,59,96,59,14,0.941369349248628,1.0,27,0.2098170728723176,0.941369349248628,14
station_v0_bogota_grid_spawn1.6__TD3_vanilla_extended_ts102__seed15__2022-01-17,station_v0_bogota_grid_spawn1.6,spawn1.6,TD3_vanilla_extended_ts102,15,2022-01-17,weekday,-0.2205783987520929,64,96,64,14,0.9412740570793346,1.0,27,0.2205783987520903,0.9412740570793346,14
station_v0_bogota_grid_spawn1.6__RoundRobin__seed15__2022-03-05,station_v0_bogota_grid_spawn1.6,spawn1.6,RoundRobin,15,2022-03-05,weekend,-0.0204191172737208,18,96,18,6,0.9479121310153772,1.0,27,0.0204191172737201,0.9479121310153772,6
station_v0_bogota_grid_spawn1.6__Optimal_Oracle_Tracking__seed15__2022-03-05,station_v0_bogota_grid_spawn1.6,spawn1.6,Optimal_Oracle_Tracking,15,2022-03-05,weekend,-0.0196778788763368,19,96,19,7,0.9481479303304732,1.0,27,0.019677878876336,0.9481479303304732,7
station_v0_bogota_grid_spawn1.6__MPC_TrackingG2V__seed16__2022-01-17,station_v0_bogota_grid_spawn1.6,spawn1.6,MPC_TrackingG2V,16,2022-01-17,weekday,-1.0608295193608592,129,96,129,21,0.9309742176631968,1.0,27,1.060829519360854,0.9309742176631968,21
station_v0_bogota_grid_spawn1.6__ChargeAsFastAsPossible__seed16__2022-03-05,station_v0_bogota_grid_spawn1.6,spawn1.6,ChargeAsFastAsPossible,16,2022-03-05,weekend,-0.2525034339312983,72,96,72,16,0.942354632483352,1.0,27,0.2525034339312954,0.942354632483352,16
station_v0_bogota_grid_spawn1.6__TD3_vanilla_extended_ts102__seed16__2022-03-05,station_v0_bogota_grid_spawn1.6,spawn1.6,TD3_vanilla_extended_ts102,16,2022-03-05,weekend,-0.2687337339515492,71,96,71,15,0.9418344921501898,1.0,27,0.2687337339515462,0.9418344921501898,15
station_v0_bogota_grid_spawn1.6__RoundRobin__seed17__2022-01-17,station_v0_bogota_grid_spawn1.6,spawn1.6,RoundRobin,17,2022-01-17,weekday,-0.201905304632632,63,96,63,15,0.9429743021027914,1.0,27,0.2019053046326294,0.9429743021027914,15
station_v0_bogota_grid_spawn1.6__Optimal_Oracle_Tracking__seed17__2022-01-17,station_v0_bogota_grid_spawn1.6,spawn1.6,Optimal_Oracle_Tracking,17,2022-01-17,weekday,-0.2111738552222595,61,96,61,14,0.9425752949848758,1.0,27,0.2111738552222569,0.9425752949848758,14
station_v0_bogota_grid_spawn1.6__MPC_TrackingG2V__seed17__2022-03-05,station_v0_bogota_grid_spawn1.6,spawn1.6,MPC_TrackingG2V,17,2022-03-05,weekend,-0.1672750875467143,55,96,55,13,0.9444184668833993,1.0,27,0.167275087546712,0.9444184668833993,13
station_v0_bogota_grid_spawn1.6__ChargeAsFastAsPossible__seed18__2022-01-17,station_v0_bogota_grid_spawn1.6,spawn1.6,ChargeAsFastAsPossible,18,2022-01-17,weekday,-0.7435569135728917,115,96,115,20,0.9324061130659494,1.0,27,0.7435569135728869,0.9324061130659494,20
station_v0_bogota_grid_spawn1.6__TD3_vanilla_extended_ts102__seed18__2022-01-17,station_v0_bogota_grid_spawn1.6,spawn1.6,TD3_vanilla_extended_ts102,18,2022-01-17,weekday,-0.7435569135728917,115,96,115,20,0.9324061130659494,1.0,27,0.7435569135728869,0.9324061130659494,20
station_v0_bogota_grid_spawn1.6__RoundRobin__seed18__2022-03-05,station_v0_bogota_grid_spawn1.6,spawn1.6,RoundRobin,18,2022-03-05,weekend,-0.0194234785119801,19,96,19,7,0.9478942899811968,1.0,27,0.0194234785119793,0.9478942899811968,7
station_v0_bogota_grid_spawn1.6__Optimal_Oracle_Tracking__seed18__2022-03-05,station_v0_bogota_grid_spawn1.6,spawn1.6,Optimal_Oracle_Tracking,18,2022-03-05,weekend,-0.0145359833560622,19,96,19,7,0.9482973686175492,1.0,27,0.0145359833560614,0.9482973686175492,7
station_v0_bogota_grid_spawn1.6__MPC_TrackingG2V__seed19__2022-01-17,station_v0_bogota_grid_spawn1.6,spawn1.6,MPC_TrackingG2V,19,2022-01-17,weekday,-0.034109247176338,22,96,22,7,0.9465899497562236,1.0,27,0.0341092471763371,0.9465899497562236,7
station_v0_bogota_grid_spawn1.6__ChargeAsFastAsPossible__seed19__2022-03-05,station_v0_bogota_grid_spawn1.6,spawn1.6,ChargeAsFastAsPossible,19,2022-03-05,weekend,-0.0231317124607011,19,96,19,7,0.9474178829678116,1.0,27,0.0231317124607003,0.9474178829678116,7
station_v0_bogota_grid_spawn1.6__TD3_vanilla_extended_ts102__seed19__2022-03-05,station_v0_bogota_grid_spawn1.6,spawn1.6,TD3_vanilla_extended_ts102,19,2022-03-05,weekend,-0.0231317124607011,19,96,19,7,0.9474178829678116,1.0,27,0.0231317124607003,0.9474178829678116,7
station_v0_bogota_grid_spawn1.6__RoundRobin__seed20__2022-01-17,station_v0_bogota_grid_spawn1.6,spawn1.6,RoundRobin,20,2022-01-17,weekday,-0.0141563763703682,12,96,12,4,0.9477169924351304,1.0,27,0.0141563763703677,0.9477169924351304,4
station_v0_bogota_grid_spawn1.6__Optimal_Oracle_Tracking__seed20__2022-01-17,station_v0_bogota_grid_spawn1.6,spawn1.6,Optimal_Oracle_Tracking,20,2022-01-17,weekday,-0.0139931507179167,11,96,11,4,0.9476043977448676,1.0,27,0.0139931507179162,0.9476043977448676,4
station_v0_bogota_grid_spawn1.6__MPC_TrackingG2V__seed20__2022-03-05,station_v0_bogota_grid_spawn1.6,spawn1.6,MPC_TrackingG2V,20,2022-03-05,weekend,0.0,0,96,0,0,0.9555531515058178,1.0,27,0.0,0.9555531515058178,0
station_v0_bogota_grid_spawn1.6__ChargeAsFastAsPossible__seed21__2022-01-17,station_v0_bogota_grid_spawn1.6,spawn1.6,ChargeAsFastAsPossible,21,2022-01-17,weekday,-0.0584789682697866,25,96,25,7,0.9458600994233674,1.0,27,0.0584789682697856,0.9458600994233674,7
station_v0_bogota_grid_spawn1.6__TD3_vanilla_extended_ts102__seed21__2022-01-17,station_v0_bogota_grid_spawn1.6,spawn1.6,TD3_vanilla_extended_ts102,21,2022-01-17,weekday,-0.0584789682697866,25,96,25,7,0.9458600994233674,1.0,27,0.0584789682697856,0.9458600994233674,7
station_v0_bogota_grid_spawn1.6__RoundRobin__seed21__2022-03-05,station_v0_bogota_grid_spawn1.6,spawn1.6,RoundRobin,21,2022-03-05,weekend,0.0,0,96,0,0,0.9541908701159224,1.0,27,0.0,0.9541908701159224,0
station_v0_bogota_grid_spawn1.6__Optimal_Oracle_Tracking__seed21__2022-03-05,station_v0_bogota_grid_spawn1.6,spawn1.6,Optimal_Oracle_Tracking,21,2022-03-05,weekend,0.0,0,96,0,0,0.9538338162375158,1.0,27,0.0,0.9538338162375158,0
station_v0_bogota_grid_spawn1.6__MPC_TrackingG2V__seed22__2022-01-17,station_v0_bogota_grid_spawn1.6,spawn1.6,MPC_TrackingG2V,22,2022-01-17,weekday,-0.0452452272382476,23,96,23,6,0.9458399777058524,1.0,27,0.0452452272382466,0.9458399777058524,6
station_v0_bogota_grid_spawn1.6__ChargeAsFastAsPossible__seed22__2022-03-05,station_v0_bogota_grid_spawn1.6,spawn1.6,ChargeAsFastAsPossible,22,2022-03-05,weekend,-0.0267625828124876,24,96,24,7,0.9478123426294824,1.0,27,0.0267625828124866,0.9478123426294824,7
station_v0_bogota_grid_spawn1.6__TD3_vanilla_extended_ts102__seed22__2022-03-05,station_v0_bogota_grid_spawn1.6,spawn1.6,TD3_vanilla_extended_ts102,22,2022-03-05,weekend,-0.0295451286668312,24,96,24,7,0.9476811330192894,1.0,27,0.0295451286668302,0.9476811330192894,7
station_v0_bogota_grid_spawn1.6__RoundRobin__seed23__2022-01-17,station_v0_bogota_grid_spawn1.6,spawn1.6,RoundRobin,23,2022-01-17,weekday,-1.5447570962865247,229,96,229,42,0.9311545038404097,1.0,27,1.544757096286515,0.9311545038404097,42
station_v0_bogota_grid_spawn1.6__Optimal_Oracle_Tracking__seed23__2022-01-17,station_v0_bogota_grid_spawn1.6,spawn1.6,Optimal_Oracle_Tracking,23,2022-01-17,weekday,-1.534688905810199,228,96,228,42,0.9314353575892416,1.0,27,1.5346889058101891,0.9314353575892416,42
station_v0_bogota_grid_spawn1.6__MPC_TrackingG2V__seed23__2022-03-05,station_v0_bogota_grid_spawn1.6,spawn1.6,MPC_TrackingG2V,23,2022-03-05,weekend,-0.0747048201327258,36,96,36,10,0.946173267513456,1.0,27,0.0747048201327243,0.946173267513456,10
station_v0_bogota_grid_spawn1.6__ChargeAsFastAsPossible__seed24__2022-01-17,station_v0_bogota_grid_spawn1.6,spawn1.6,ChargeAsFastAsPossible,24,2022-01-17,weekday,-0.8243431427400223,158,96,158,33,0.9343246314983848,1.0,27,0.8243431427400156,0.9343246314983848,33
station_v0_bogota_grid_spawn1.6__TD3_vanilla_extended_ts102__seed24__2022-01-17,station_v0_bogota_grid_spawn1.6,spawn1.6,TD3_vanilla_extended_ts102,24,2022-01-17,weekday,-0.8202847844623167,160,96,160,34,0.9346929899224716,1.0,27,0.8202847844623101,0.9346929899224716,34
station_v0_bogota_grid_spawn1.6__RoundRobin__seed24__2022-03-05,station_v0_bogota_grid_spawn1.6,spawn1.6,RoundRobin,24,2022-03-05,weekend,-0.3038342770936956,71,96,71,15,0.9402894751570582,1.0,27,0.3038342770936926,0.9402894751570582,15
station_v0_bogota_grid_spawn1.6__Optimal_Oracle_Tracking__seed24__2022-03-05,station_v0_bogota_grid_spawn1.6,spawn1.6,Optimal_Oracle_Tracking,24,2022-03-05,weekend,-0.2965579654286863,69,96,69,15,0.9405350997716084,1.0,27,0.2965579654286834,0.9405350997716084,15
station_v0_bogota_grid_spawn1.6__MPC_TrackingG2V__seed25__2022-01-17,station_v0_bogota_grid_spawn1.6,spawn1.6,MPC_TrackingG2V,25,2022-01-17,weekday,-0.0972816862697358,33,96,33,9,0.9439228296817916,1.0,27,0.0972816862697344,0.9439228296817916,9
station_v0_bogota_grid_spawn1.6__ChargeAsFastAsPossible__seed25__2022-03-05,station_v0_bogota_grid_spawn1.6,spawn1.6,ChargeAsFastAsPossible,25,2022-03-05,weekend,-0.149496368844901,46,96,46,11,0.9445064486650016,1.0,27,0.1494963688448991,0.9445064486650016,11
station_v0_bogota_grid_spawn1.6__TD3_vanilla_extended_ts102__seed25__2022-03-05,station_v0_bogota_grid_spawn1.6,spawn1.6,TD3_vanilla_extended_ts102,25,2022-03-05,weekend,-0.1494960740988893,46,96,46,11,0.9444174578592353,1.0,27,0.1494960740988874,0.9444174578592353,11
station_v0_bogota_grid_spawn1.6__RoundRobin__seed26__2022-01-17,station_v0_bogota_grid_spawn1.6,spawn1.6,RoundRobin,26,2022-01-17,weekday,-0.3028734388575799,76,96,76,16,0.9410569084532032,1.0,27,0.3028734388575768,0.9410569084532032,16
station_v0_bogota_grid_spawn1.6__Optimal_Oracle_Tracking__seed26__2022-01-17,station_v0_bogota_grid_spawn1.6,spawn1.6,Optimal_Oracle_Tracking,26,2022-01-17,weekday,-0.3026179211891567,73,96,73,16,0.9413364953965212,1.0,27,0.3026179211891537,0.9413364953965212,16
station_v0_bogota_grid_spawn1.6__MPC_TrackingG2V__seed26__2022-03-05,station_v0_bogota_grid_spawn1.6,spawn1.6,MPC_TrackingG2V,26,2022-03-05,weekend,0.0,0,96,0,0,0.9513104746627336,1.0,27,0.0,0.9513104746627336,0
station_v0_bogota_grid_spawn1.6__ChargeAsFastAsPossible__seed27__2022-01-17,station_v0_bogota_grid_spawn1.6,spawn1.6,ChargeAsFastAsPossible,27,2022-01-17,weekday,-0.5727506124982441,107,96,107,20,0.9378543803982828,1.0,27,0.5727506124982397,0.9378543803982828,20
station_v0_bogota_grid_spawn1.6__TD3_vanilla_extended_ts102__seed27__2022-01-17,station_v0_bogota_grid_spawn1.6,spawn1.6,TD3_vanilla_extended_ts102,27,2022-01-17,weekday,-0.5727506124982441,107,96,107,20,0.9378543803982828,1.0,27,0.5727506124982397,0.9378543803982828,20
station_v0_bogota_grid_spawn1.6__RoundRobin__seed27__2022-03-05,station_v0_bogota_grid_spawn1.6,spawn1.6,RoundRobin,27,2022-03-05,weekend,-0.0032894488244378,7,96,7,3,0.9490426946833974,1.0,27,0.0032894488244376,0.9490426946833974,3
station_v0_bogota_grid_spawn1.6__Optimal_Oracle_Tracking__seed27__2022-03-05,station_v0_bogota_grid_spawn1.6,spawn1.6,Optimal_Oracle_Tracking,27,2022-03-05,weekend,-0.0027164348711579,8,96,8,3,0.9494176308306832,1.0,27,0.0027164348711575,0.9494176308306832,3
station_v0_bogota_grid_spawn1.6__MPC_TrackingG2V__seed28__2022-01-17,station_v0_bogota_grid_spawn1.6,spawn1.6,MPC_TrackingG2V,28,2022-01-17,weekday,-0.0635431418219765,29,96,29,8,0.9457564842338042,1.0,27,0.0635431418219752,0.9457564842338042,8
station_v0_bogota_grid_spawn1.6__ChargeAsFastAsPossible__seed28__2022-03-05,station_v0_bogota_grid_spawn1.6,spawn1.6,ChargeAsFastAsPossible,28,2022-03-05,weekend,-0.4508901406734157,94,96,94,19,0.9407498679015484,1.0,27,0.4508901406734118,0.9407498679015484,19
station_v0_bogota_grid_spawn1.6__TD3_vanilla_extended_ts102__seed28__2022-03-05,station_v0_bogota_grid_spawn1.6,spawn1.6,TD3_vanilla_extended_ts102,28,2022-03-05,weekend,-0.4508901406734157,94,96,94,19,0.9407498679015484,1.0,27,0.4508901406734118,0.9407498679015484,19
station_v0_bogota_grid_spawn1.6__RoundRobin__seed29__2022-01-17,station_v0_bogota_grid_spawn1.6,spawn1.6,RoundRobin,29,2022-01-17,weekday,-0.3281547332285527,86,96,86,19,0.941107060901362,1.0,27,0.3281547332285491,0.941107060901362,19
station_v0_bogota_grid_spawn1.6__Optimal_Oracle_Tracking__seed29__2022-01-17,station_v0_bogota_grid_spawn1.6,spawn1.6,Optimal_Oracle_Tracking,29,2022-01-17,weekday,-0.3271901649946052,85,96,85,18,0.94143461906452,1.0,27,0.3271901649946016,0.94143461906452,18
station_v0_bogota_grid_spawn1.6__MPC_TrackingG2V__seed29__2022-03-05,station_v0_bogota_grid_spawn1.6,spawn1.6,MPC_TrackingG2V,29,2022-03-05,weekend,0.0,0,96,0,0,0.9520977148298028,1.0,27,0.0,0.9520977148298028,0
station_v0_bogota_grid_spawn1.6__ChargeAsFastAsPossible__seed30__2022-01-17,station_v0_bogota_grid_spawn1.6,spawn1.6,ChargeAsFastAsPossible,30,2022-01-17,weekday,-0.2399525296252728,50,96,50,10,0.9401803064192208,1.0,27,0.2399525296252708,0.9401803064192208,10
station_v0_bogota_grid_spawn1.6__TD3_vanilla_extended_ts102__seed30__2022-01-17,station_v0_bogota_grid_spawn1.6,spawn1.6,TD3_vanilla_extended_ts102,30,2022-01-17,weekday,-0.2408097779442723,50,96,50,10,0.9401803064192208,1.0,27,0.2408097779442702,0.9401803064192208,10
station_v0_bogota_grid_spawn1.6__RoundRobin__seed30__2022-03-05,station_v0_bogota_grid_spawn1.6,spawn1.6,RoundRobin,30,2022-03-05,weekend,-0.210946325455256,60,96,60,13,0.9423594991708316,1.0,27,0.2109463254552535,0.9423594991708316,13
station_v0_bogota_grid_spawn1.6__Optimal_Oracle_Tracking__seed30__2022-03-05,station_v0_bogota_grid_spawn1.6,spawn1.6,Optimal_Oracle_Tracking,30,2022-03-05,weekend,-0.2177397362728336,61,96,61,13,0.9426423240894158,1.0,27,0.217739736272831,0.9426423240894158,13
station_v0_bogota_grid_spawn1.6__MPC_TrackingG2V__seed31__2022-01-17,station_v0_bogota_grid_spawn1.6,spawn1.6,MPC_TrackingG2V,31,2022-01-17,weekday,-2.258920285884349,308,96,308,56,0.9296245311563112,1.0,27,2.258920285884336,0.9296245311563112,56
station_v0_bogota_grid_spawn1.6__ChargeAsFastAsPossible__seed31__2022-03-05,station_v0_bogota_grid_spawn1.6,spawn1.6,ChargeAsFastAsPossible,31,2022-03-05,weekend,-0.0309640407747487,26,96,26,8,0.947165712984136,1.0,27,0.0309640407747476,0.947165712984136,8
station_v0_bogota_grid_spawn1.6__TD3_vanilla_extended_ts102__seed31__2022-03-05,station_v0_bogota_grid_spawn1.6,spawn1.6,TD3_vanilla_extended_ts102,31,2022-03-05,weekend,-0.0311036731679011,25,96,25,8,0.9472913907376522,1.0,27,0.0311036731679,0.9472913907376522,8
station_v0_bogota_grid_spawn1.6__RoundRobin__seed32__2022-01-17,station_v0_bogota_grid_spawn1.6,spawn1.6,RoundRobin,32,2022-01-17,weekday,-0.36608225536929,79,96,79,17,0.939016841199069,1.0,27,0.3660822553692867,0.939016841199069,17
station_v0_bogota_grid_spawn1.6__Optimal_Oracle_Tracking__seed32__2022-01-17,station_v0_bogota_grid_spawn1.6,spawn1.6,Optimal_Oracle_Tracking,32,2022-01-17,weekday,-0.364640033683086,80,96,80,18,0.9392494011560996,1.0,27,0.3646400336830827,0.9392494011560996,18
station_v0_bogota_grid_spawn1.6__MPC_TrackingG2V__seed32__2022-03-05,station_v0_bogota_grid_spawn1.6,spawn1.6,MPC_TrackingG2V,32,2022-03-05,weekend,-0.076491125227906,38,96,38,10,0.9463014638519776,1.0,27,0.0764911252279044,0.9463014638519776,10
station_v0_bogota_grid_spawn1.6__ChargeAsFastAsPossible__seed33__2022-01-17,station_v0_bogota_grid_spawn1.6,spawn1.6,ChargeAsFastAsPossible,33,2022-01-17,weekday,-0.1820838273644205,58,96,58,13,0.9426333547191108,1.0,27,0.182083827364418,0.9426333547191108,13
station_v0_bogota_grid_spawn1.6__TD3_vanilla_extended_ts102__seed33__2022-01-17,station_v0_bogota_grid_spawn1.6,spawn1.6,TD3_vanilla_extended_ts102,33,2022-01-17,weekday,-0.1820838273644205,58,96,58,13,0.9426333547191108,1.0,27,0.182083827364418,0.9426333547191108,13
station_v0_bogota_grid_spawn1.6__RoundRobin__seed33__2022-03-05,station_v0_bogota_grid_spawn1.6,spawn1.6,RoundRobin,33,2022-03-05,weekend,-0.0419118723684806,26,96,26,7,0.9469120030311344,1.0,27,0.0419118723684796,0.9469120030311344,7
station_v0_bogota_grid_spawn1.6__Optimal_Oracle_Tracking__seed33__2022-03-05,station_v0_bogota_grid_spawn1.6,spawn1.6,Optimal_Oracle_Tracking,33,2022-03-05,weekend,-0.0441225550303037,28,96,28,7,0.9472163284013106,1.0,27,0.0441225550303026,0.9472163284013106,7
station_v0_bogota_grid_spawn1.6__MPC_TrackingG2V__seed34__2022-01-17,station_v0_bogota_grid_spawn1.6,spawn1.6,MPC_TrackingG2V,34,2022-01-17,weekday,-0.4640738251480042,125,96,125,28,0.941315516958684,1.0,27,0.4640738251479991,0.941315516958684,28
station_v0_bogota_grid_spawn1.6__ChargeAsFastAsPossible__seed34__2022-03-05,station_v0_bogota_grid_spawn1.6,spawn1.6,ChargeAsFastAsPossible,34,2022-03-05,weekend,-0.0970837850578246,42,96,42,11,0.945579038830516,1.0,27,0.0970837850578228,0.945579038830516,11
station_v0_bogota_grid_spawn1.6__TD3_vanilla_extended_ts102__seed34__2022-03-05,station_v0_bogota_grid_spawn1.6,spawn1.6,TD3_vanilla_extended_ts102,34,2022-03-05,weekend,-0.1040627541928234,44,96,44,11,0.9451108084708402,1.0,27,0.1040627541928216,0.9451108084708402,11
station_v0_bogota_grid_spawn1.6__RoundRobin__seed35__2022-01-17,station_v0_bogota_grid_spawn1.6,spawn1.6,RoundRobin,35,2022-01-17,weekday,-0.1208321607394756,33,96,33,7,0.9433300062210982,1.0,27,0.1208321607394742,0.9433300062210982,7
station_v0_bogota_grid_spawn1.6__Optimal_Oracle_Tracking__seed35__2022-01-17,station_v0_bogota_grid_spawn1.6,spawn1.6,Optimal_Oracle_Tracking,35,2022-01-17,weekday,-0.1180917528894208,31,96,31,7,0.9434417663570944,1.0,27,0.1180917528894195,0.9434417663570944,7
station_v0_bogota_grid_spawn1.6__MPC_TrackingG2V__seed35__2022-03-05,station_v0_bogota_grid_spawn1.6,spawn1.6,MPC_TrackingG2V,35,2022-03-05,weekend,0.0,0,96,0,0,0.9542471145881898,1.0,27,0.0,0.9542471145881898,0
station_v0_bogota_grid_spawn1.6__ChargeAsFastAsPossible__seed36__2022-01-17,station_v0_bogota_grid_spawn1.6,spawn1.6,ChargeAsFastAsPossible,36,2022-01-17,weekday,-0.8179267777996652,162,96,162,34,0.9357152813440874,1.0,27,0.8179267777996584,0.9357152813440874,34
station_v0_bogota_grid_spawn1.6__TD3_vanilla_extended_ts102__seed36__2022-01-17,station_v0_bogota_grid_spawn1.6,spawn1.6,TD3_vanilla_extended_ts102,36,2022-01-17,weekday,-0.8091444350186824,163,96,163,34,0.9369428290566524,1.0,27,0.8091444350186756,0.9369428290566524,34
station_v0_bogota_grid_spawn1.6__RoundRobin__seed36__2022-03-05,station_v0_bogota_grid_spawn1.6,spawn1.6,RoundRobin,36,2022-03-05,weekend,-0.0798893409846072,34,96,34,9,0.9461435942262936,1.0,27,0.0798893409846058,0.9461435942262936,9
station_v0_bogota_grid_spawn1.6__Optimal_Oracle_Tracking__seed36__2022-03-05,station_v0_bogota_grid_spawn1.6,spawn1.6,Optimal_Oracle_Tracking,36,2022-03-05,weekend,-0.0795361533622933,34,96,34,9,0.9461674136557046,1.0,27,0.0795361533622919,0.9461674136557046,9
station_v0_bogota_grid_spawn1.6__MPC_TrackingG2V__seed37__2022-01-17,station_v0_bogota_grid_spawn1.6,spawn1.6,MPC_TrackingG2V,37,2022-01-17,weekday,-0.0015259501506024,5,96,5,2,0.949434417343761,1.0,27,0.0015259501506021,0.949434417343761,2
station_v0_bogota_grid_spawn1.6__ChargeAsFastAsPossible__seed37__2022-03-05,station_v0_bogota_grid_spawn1.6,spawn1.6,ChargeAsFastAsPossible,37,2022-03-05,weekend,-0.1475754506801157,57,96,57,14,0.944525311318179,1.0,27,0.1475754506801133,0.944525311318179,14
station_v0_bogota_grid_spawn1.6__TD3_vanilla_extended_ts102__seed37__2022-03-05,station_v0_bogota_grid_spawn1.6,spawn1.6,TD3_vanilla_extended_ts102,37,2022-03-05,weekend,-0.1434972256148559,54,96,54,13,0.9442329406408576,1.0,27,0.1434972256148536,0.9442329406408576,13
station_v0_bogota_grid_spawn1.6__RoundRobin__seed38__2022-01-17,station_v0_bogota_grid_spawn1.6,spawn1.6,RoundRobin,38,2022-01-17,weekday,-0.065654102885897,25,96,25,7,0.9453173711367316,1.0,27,0.065654102885896,0.9453173711367316,7
station_v0_bogota_grid_spawn1.6__Optimal_Oracle_Tracking__seed38__2022-01-17,station_v0_bogota_grid_spawn1.6,spawn1.6,Optimal_Oracle_Tracking,38,2022-01-17,weekday,-0.0578155840094545,25,96,25,7,0.9456613027824752,1.0,27,0.0578155840094535,0.9456613027824752,7
station_v0_bogota_grid_spawn1.6__MPC_TrackingG2V__seed38__2022-03-05,station_v0_bogota_grid_spawn1.6,spawn1.6,MPC_TrackingG2V,38,2022-03-05,weekend,-0.2798856061989797,66,96,66,14,0.941522811944482,1.0,27,0.2798856061989769,0.941522811944482,14
station_v0_bogota_grid_spawn1.6__ChargeAsFastAsPossible__seed39__2022-01-17,station_v0_bogota_grid_spawn1.6,spawn1.6,ChargeAsFastAsPossible,39,2022-01-17,weekday,-0.0121533372345166,10,96,10,3,0.9477477179397034,1.0,27,0.0121533372345162,0.9477477179397034,3
station_v0_bogota_grid_spawn1.6__TD3_vanilla_extended_ts102__seed39__2022-01-17,station_v0_bogota_grid_spawn1.6,spawn1.6,TD3_vanilla_extended_ts102,39,2022-01-17,weekday,-0.0110122766215625,12,96,12,4,0.9483797163614504,1.0,27,0.011012276621562,0.9483797163614504,4
station_v0_bogota_grid_spawn1.6__RoundRobin__seed39__2022-03-05,station_v0_bogota_grid_spawn1.6,spawn1.6,RoundRobin,39,2022-03-05,weekend,-0.0296926666462832,21,96,21,6,0.9476533917430934,1.0,27,0.0296926666462823,0.9476533917430934,6
station_v0_bogota_grid_spawn1.6__Optimal_Oracle_Tracking__seed39__2022-03-05,station_v0_bogota_grid_spawn1.6,spawn1.6,Optimal_Oracle_Tracking,39,2022-03-05,weekend,-0.0263899617461195,21,96,21,6,0.9479340664344876,1.0,27,0.0263899617461186,0.9479340664344876,6
station_v0_bogota_grid_spawn1.6__MPC_TrackingG2V__seed40__2022-01-17,station_v0_bogota_grid_spawn1.6,spawn1.6,MPC_TrackingG2V,40,2022-01-17,weekday,-0.138957365727406,45,96,45,11,0.9440445092093483,1.0,27,0.1389573657274041,0.9440445092093483,11
station_v0_bogota_grid_spawn1.6__ChargeAsFastAsPossible__seed40__2022-03-05,station_v0_bogota_grid_spawn1.6,spawn1.6,ChargeAsFastAsPossible,40,2022-03-05,weekend,-0.1480970034342142,53,96,53,13,0.9446274089834434,1.0,27,0.148097003434212,0.9446274089834434,13
station_v0_bogota_grid_spawn1.6__TD3_vanilla_extended_ts102__seed40__2022-03-05,station_v0_bogota_grid_spawn1.6,spawn1.6,TD3_vanilla_extended_ts102,40,2022-03-05,weekend,-0.1480970034342142,53,96,53,13,0.9446274089834434,1.0,27,0.148097003434212,0.9446274089834434,13
station_v0_bogota_grid_spawn1.6__RoundRobin__seed41__2022-01-17,station_v0_bogota_grid_spawn1.6,spawn1.6,RoundRobin,41,2022-01-17,weekday,-0.0287930588062314,17,96,17,5,0.9469651512308912,1.0,27,0.0287930588062307,0.9469651512308912,5
station_v0_bogota_grid_spawn1.6__Optimal_Oracle_Tracking__seed41__2022-01-17,station_v0_bogota_grid_spawn1.6,spawn1.6,Optimal_Oracle_Tracking,41,2022-01-17,weekday,-0.0257770743451721,16,96,16,5,0.9471095487718952,1.0,27,0.0257770743451715,0.9471095487718952,5
station_v0_bogota_grid_spawn1.6__MPC_TrackingG2V__seed41__2022-03-05,station_v0_bogota_grid_spawn1.6,spawn1.6,MPC_TrackingG2V,41,2022-03-05,weekend,-0.1316183928476571,46,96,46,11,0.9446597033209452,1.0,27,0.1316183928476552,0.9446597033209452,11
station_v0_bogota_grid_spawn1.6__ChargeAsFastAsPossible__seed42__2022-01-17,station_v0_bogota_grid_spawn1.6,spawn1.6,ChargeAsFastAsPossible,42,2022-01-17,weekday,-0.3211645248599768,90,96,90,22,0.9392375047455104,1.0,27,0.321164524859973,0.9392375047455104,22
station_v0_bogota_grid_spawn1.6__TD3_vanilla_extended_ts102__seed42__2022-01-17,station_v0_bogota_grid_spawn1.6,spawn1.6,TD3_vanilla_extended_ts102,42,2022-01-17,weekday,-0.3055783647664297,85,96,85,20,0.9392375047455104,1.0,27,0.3055783647664262,0.9392375047455104,20
station_v0_bogota_grid_spawn1.6__RoundRobin__seed42__2022-03-05,station_v0_bogota_grid_spawn1.6,spawn1.6,RoundRobin,42,2022-03-05,weekend,-0.3740565726832139,83,96,83,16,0.940958323768134,1.0,27,0.3740565726832104,0.940958323768134,16
station_v0_bogota_grid_spawn1.6__Optimal_Oracle_Tracking__seed42__2022-03-05,station_v0_bogota_grid_spawn1.6,spawn1.6,Optimal_Oracle_Tracking,42,2022-03-05,weekend,-0.371742546117662,85,96,85,17,0.9413246619252248,1.0,27,0.3717425461176584,0.9413246619252248,17
station_v0_bogota_grid_spawn1.6__MPC_TrackingG2V__seed43__2022-01-17,station_v0_bogota_grid_spawn1.6,spawn1.6,MPC_TrackingG2V,43,2022-01-17,weekday,-1.514082701679201,226,96,226,40,0.9307887610669892,1.0,27,1.5140827016791911,0.9307887610669892,40
station_v0_bogota_grid_spawn1.6__ChargeAsFastAsPossible__seed43__2022-03-05,station_v0_bogota_grid_spawn1.6,spawn1.6,ChargeAsFastAsPossible,43,2022-03-05,weekend,-0.0092299950522601,15,96,15,6,0.9486472428260702,1.0,27,0.0092299950522595,0.9486472428260702,6
station_v0_bogota_grid_spawn1.6__TD3_vanilla_extended_ts102__seed43__2022-03-05,station_v0_bogota_grid_spawn1.6,spawn1.6,TD3_vanilla_extended_ts102,43,2022-03-05,weekend,-0.0093278922199802,14,96,14,6,0.9486472428260702,1.0,27,0.0093278922199796,0.9486472428260702,6
station_v0_bogota_grid_spawn1.6__RoundRobin__seed44__2022-01-17,station_v0_bogota_grid_spawn1.6,spawn1.6,RoundRobin,44,2022-01-17,weekday,-1.6617673686908914,240,96,240,43,0.9308674442510716,1.0,27,1.6617673686908814,0.9308674442510716,43
station_v0_bogota_grid_spawn1.6__Optimal_Oracle_Tracking__seed44__2022-01-17,station_v0_bogota_grid_spawn1.6,spawn1.6,Optimal_Oracle_Tracking,44,2022-01-17,weekday,-1.6716666897411487,241,96,241,44,0.930703777237905,1.0,27,1.6716666897411387,0.930703777237905,44
station_v0_bogota_grid_spawn1.6__MPC_TrackingG2V__seed44__2022-03-05,station_v0_bogota_grid_spawn1.6,spawn1.6,MPC_TrackingG2V,44,2022-03-05,weekend,-0.1256784057640207,51,96,51,14,0.9445792611308408,1.0,27,0.1256784057640186,0.9445792611308408,14
station_v0_bogota_grid_spawn1.6__ChargeAsFastAsPossible__seed45__2022-01-17,station_v0_bogota_grid_spawn1.6,spawn1.6,ChargeAsFastAsPossible,45,2022-01-17,weekday,-0.1702837795207799,40,96,40,8,0.938254256527093,1.0,27,0.1702837795207782,0.938254256527093,8
station_v0_bogota_grid_spawn1.6__TD3_vanilla_extended_ts102__seed45__2022-01-17,station_v0_bogota_grid_spawn1.6,spawn1.6,TD3_vanilla_extended_ts102,45,2022-01-17,weekday,-0.1687953656988108,40,96,40,8,0.9408704873568556,1.0,27,0.1687953656988091,0.9408704873568556,8
station_v0_bogota_grid_spawn1.6__RoundRobin__seed45__2022-03-05,station_v0_bogota_grid_spawn1.6,spawn1.6,RoundRobin,45,2022-03-05,weekend,-0.1199624979500357,57,96,57,15,0.944506269379371,1.0,27,0.1199624979500333,0.944506269379371,15
station_v0_bogota_grid_spawn1.6__Optimal_Oracle_Tracking__seed45__2022-03-05,station_v0_bogota_grid_spawn1.6,spawn1.6,Optimal_Oracle_Tracking,45,2022-03-05,weekend,-0.134503632590076,58,96,58,15,0.944475465409678,1.0,27,0.1345036325900735,0.944475465409678,15
station_v0_bogota_grid_spawn1.6__MPC_TrackingG2V__seed46__2022-01-17,station_v0_bogota_grid_spawn1.6,spawn1.6,MPC_TrackingG2V,46,2022-01-17,weekday,0.0,0,96,0,0,0.9521281822622754,1.0,27,0.0,0.9521281822622754,0
station_v0_bogota_grid_spawn1.6__ChargeAsFastAsPossible__seed46__2022-03-05,station_v0_bogota_grid_spawn1.6,spawn1.6,ChargeAsFastAsPossible,46,2022-03-05,weekend,-0.0092316303628094,15,96,15,6,0.9484943986265956,1.0,27,0.0092316303628088,0.9484943986265956,6
station_v0_bogota_grid_spawn1.6__TD3_vanilla_extended_ts102__seed46__2022-03-05,station_v0_bogota_grid_spawn1.6,spawn1.6,TD3_vanilla_extended_ts102,46,2022-03-05,weekend,-0.0092316303628094,15,96,15,6,0.9484943986265956,1.0,27,0.0092316303628088,0.9484943986265956,6
station_v0_bogota_grid_spawn1.6__RoundRobin__seed47__2022-01-17,station_v0_bogota_grid_spawn1.6,spawn1.6,RoundRobin,47,2022-01-17,weekday,-0.2768497081643692,70,96,70,16,0.9421550567080944,1.0,27,0.2768497081643664,0.9421550567080944,16
station_v0_bogota_grid_spawn1.6__Optimal_Oracle_Tracking__seed47__2022-01-17,station_v0_bogota_grid_spawn1.6,spawn1.6,Optimal_Oracle_Tracking,47,2022-01-17,weekday,-0.2718818928585065,69,96,69,16,0.942293965774828,1.0,27,0.2718818928585036,0.942293965774828,16
station_v0_bogota_grid_spawn1.6__MPC_TrackingG2V__seed47__2022-03-05,station_v0_bogota_grid_spawn1.6,spawn1.6,MPC_TrackingG2V,47,2022-03-05,weekend,-0.2353090250930981,59,96,59,13,0.9415911854183938,1.0,27,0.2353090250930957,0.9415911854183938,13
station_v0_bogota_grid_spawn1.6__ChargeAsFastAsPossible__seed48__2022-01-17,station_v0_bogota_grid_spawn1.6,spawn1.6,ChargeAsFastAsPossible,48,2022-01-17,weekday,-0.1246883425634374,36,96,36,8,0.9433470629830628,1.0,27,0.1246883425634359,0.9433470629830628,8
station_v0_bogota_grid_spawn1.6__TD3_vanilla_extended_ts102__seed48__2022-01-17,station_v0_bogota_grid_spawn1.6,spawn1.6,TD3_vanilla_extended_ts102,48,2022-01-17,weekday,-0.1246883425634374,36,96,36,8,0.9433470629830628,1.0,27,0.1246883425634359,0.9433470629830628,8
station_v0_bogota_grid_spawn1.6__RoundRobin__seed48__2022-03-05,station_v0_bogota_grid_spawn1.6,spawn1.6,RoundRobin,48,2022-03-05,weekend,-0.6962863260984533,122,96,122,22,0.9386017907023658,1.0,27,0.6962863260984482,0.9386017907023658,22
station_v0_bogota_grid_spawn1.6__Optimal_Oracle_Tracking__seed48__2022-03-05,station_v0_bogota_grid_spawn1.6,spawn1.6,Optimal_Oracle_Tracking,48,2022-03-05,weekend,-0.6972148343682971,121,96,121,22,0.9389576950125952,1.0,27,0.6972148343682921,0.9389576950125952,22
station_v0_bogota_grid_spawn1.6__MPC_TrackingG2V__seed49__2022-01-17,station_v0_bogota_grid_spawn1.6,spawn1.6,MPC_TrackingG2V,49,2022-01-17,weekday,-0.8089131477124116,170,96,170,38,0.9364355816758708,1.0,27,0.8089131477124045,0.9364355816758708,38
station_v0_bogota_grid_spawn1.6__ChargeAsFastAsPossible__seed49__2022-03-05,station_v0_bogota_grid_spawn1.6,spawn1.6,ChargeAsFastAsPossible,49,2022-03-05,weekend,0.0,0,96,0,0,0.9529164398389748,1.0,27,0.0,0.9529164398389748,0
station_v0_bogota_grid_spawn1.6__TD3_vanilla_extended_ts102__seed49__2022-03-05,station_v0_bogota_grid_spawn1.6,spawn1.6,TD3_vanilla_extended_ts102,49,2022-03-05,weekend,0.0,0,96,0,0,0.9529164398389748,1.0,27,0.0,0.9529164398389748,0
station_v0_bogota_grid_load1.3__RoundRobin__seed0__2022-01-17,station_v0_bogota_grid_load1.3,load1.3,RoundRobin,0,2022-01-17,weekday,-1.8394500840266927,243,96,243,40,0.928009423935618,1.0,27,1.839450084026683,0.928009423935618,40
station_v0_bogota_grid_load1.3__Optimal_Oracle_Tracking__seed0__2022-01-17,station_v0_bogota_grid_load1.3,load1.3,Optimal_Oracle_Tracking,0,2022-01-17,weekday,-1.833889442999982,242,96,242,39,0.9282678773775852,1.0,27,1.833889442999972,0.9282678773775852,39
station_v0_bogota_grid_load1.3__MPC_TrackingG2V__seed0__2022-03-05,station_v0_bogota_grid_load1.3,load1.3,MPC_TrackingG2V,0,2022-03-05,weekend,-0.62029063552112,109,96,109,20,0.9387342123253748,1.0,27,0.6202906355211154,0.9387342123253748,20
station_v0_bogota_grid_load1.3__ChargeAsFastAsPossible__seed1__2022-01-17,station_v0_bogota_grid_load1.3,load1.3,ChargeAsFastAsPossible,1,2022-01-17,weekday,-6.727756818496927,604,96,604,69,0.9084074312409468,1.0,27,6.727756818496902,0.9084074312409468,69
station_v0_bogota_grid_load1.3__TD3_vanilla_extended_ts102__seed1__2022-01-17,station_v0_bogota_grid_load1.3,load1.3,TD3_vanilla_extended_ts102,1,2022-01-17,weekday,-6.746597423654503,602,96,602,68,0.9084074312409468,1.0,27,6.746597423654478,0.9084074312409468,68
station_v0_bogota_grid_load1.3__RoundRobin__seed1__2022-03-05,station_v0_bogota_grid_load1.3,load1.3,RoundRobin,1,2022-03-05,weekend,-4.8970219672005895,454,96,454,48,0.9161818236700744,1.0,27,4.897021967200571,0.9161818236700744,48
station_v0_bogota_grid_load1.3__Optimal_Oracle_Tracking__seed1__2022-03-05,station_v0_bogota_grid_load1.3,load1.3,Optimal_Oracle_Tracking,1,2022-03-05,weekend,-4.917057409189798,452,96,452,48,0.9155261892160166,1.0,27,4.917057409189779,0.9155261892160166,48
station_v0_bogota_grid_load1.3__MPC_TrackingG2V__seed2__2022-01-17,station_v0_bogota_grid_load1.3,load1.3,MPC_TrackingG2V,2,2022-01-17,weekday,-2.6022402000838065,351,96,351,52,0.9222752078022652,1.0,27,2.6022402000837923,0.9222752078022652,52
station_v0_bogota_grid_load1.3__ChargeAsFastAsPossible__seed2__2022-03-05,station_v0_bogota_grid_load1.3,load1.3,ChargeAsFastAsPossible,2,2022-03-05,weekend,-0.494280762171314,103,96,103,20,0.9395308335979088,1.0,27,0.4942807621713098,0.9395308335979088,20
station_v0_bogota_grid_load1.3__TD3_vanilla_extended_ts102__seed2__2022-03-05,station_v0_bogota_grid_load1.3,load1.3,TD3_vanilla_extended_ts102,2,2022-03-05,weekend,-0.4919359232916975,100,96,100,19,0.9393214474361185,1.0,27,0.4919359232916933,0.9393214474361185,19
station_v0_bogota_grid_load1.3__RoundRobin__seed3__2022-01-17,station_v0_bogota_grid_load1.3,load1.3,RoundRobin,3,2022-01-17,weekday,-0.6886045725823835,115,96,115,22,0.9334654704752956,1.0,27,0.6886045725823787,0.9334654704752956,22
station_v0_bogota_grid_load1.3__Optimal_Oracle_Tracking__seed3__2022-01-17,station_v0_bogota_grid_load1.3,load1.3,Optimal_Oracle_Tracking,3,2022-01-17,weekday,-0.6888838368487538,114,96,114,22,0.9333720979438136,1.0,27,0.688883836848749,0.9333720979438136,22
station_v0_bogota_grid_load1.3__MPC_TrackingG2V__seed3__2022-03-05,station_v0_bogota_grid_load1.3,load1.3,MPC_TrackingG2V,3,2022-03-05,weekend,-3.4747714760059503,460,96,460,66,0.9268232073957092,1.0,27,3.474771476005932,0.9268232073957092,66
station_v0_bogota_grid_load1.3__ChargeAsFastAsPossible__seed4__2022-01-17,station_v0_bogota_grid_load1.3,load1.3,ChargeAsFastAsPossible,4,2022-01-17,weekday,-1.1489589153232649,162,96,162,27,0.9339639645885144,1.0,27,1.1489589153232582,0.9339639645885144,27
station_v0_bogota_grid_load1.3__TD3_vanilla_extended_ts102__seed4__2022-01-17,station_v0_bogota_grid_load1.3,load1.3,TD3_vanilla_extended_ts102,4,2022-01-17,weekday,-1.143252396384846,162,96,162,27,0.9339639645885144,1.0,27,1.143252396384839,0.9339639645885144,27
station_v0_bogota_grid_load1.3__RoundRobin__seed4__2022-03-05,station_v0_bogota_grid_load1.3,load1.3,RoundRobin,4,2022-03-05,weekend,-4.983834354972366,440,96,440,49,0.9134647874633062,1.0,27,4.983834354972348,0.9134647874633062,49
station_v0_bogota_grid_load1.3__Optimal_Oracle_Tracking__seed4__2022-03-05,station_v0_bogota_grid_load1.3,load1.3,Optimal_Oracle_Tracking,4,2022-03-05,weekend,-4.984055456418756,440,96,440,49,0.9137150233688484,1.0,27,4.984055456418738,0.9137150233688484,49
station_v0_bogota_grid_load1.3__MPC_TrackingG2V__seed5__2022-01-17,station_v0_bogota_grid_load1.3,load1.3,MPC_TrackingG2V,5,2022-01-17,weekday,-6.066648770211041,548,96,548,70,0.9178215530162532,1.0,27,6.0666487702110174,0.9178215530162532,70
station_v0_bogota_grid_load1.3__ChargeAsFastAsPossible__seed5__2022-03-05,station_v0_bogota_grid_load1.3,load1.3,ChargeAsFastAsPossible,5,2022-03-05,weekend,-1.2115509313841637,155,96,155,25,0.9333059325948976,1.0,27,1.2115509313841573,0.9333059325948976,25
station_v0_bogota_grid_load1.3__TD3_vanilla_extended_ts102__seed5__2022-03-05,station_v0_bogota_grid_load1.3,load1.3,TD3_vanilla_extended_ts102,5,2022-03-05,weekend,-1.2115509313841637,155,96,155,25,0.9333059325948976,1.0,27,1.2115509313841573,0.9333059325948976,25
station_v0_bogota_grid_load1.3__RoundRobin__seed6__2022-01-17,station_v0_bogota_grid_load1.3,load1.3,RoundRobin,6,2022-01-17,weekday,-8.362239874301272,702,96,702,71,0.9080106606684136,1.0,27,8.362239874301244,0.9080106606684136,71
station_v0_bogota_grid_load1.3__Optimal_Oracle_Tracking__seed6__2022-01-17,station_v0_bogota_grid_load1.3,load1.3,Optimal_Oracle_Tracking,6,2022-01-17,weekday,-8.358399430137794,700,96,700,71,0.908177319044509,1.0,27,8.358399430137766,0.908177319044509,71
station_v0_bogota_grid_load1.3__MPC_TrackingG2V__seed6__2022-03-05,station_v0_bogota_grid_load1.3,load1.3,MPC_TrackingG2V,6,2022-03-05,weekend,-6.259882959376893,632,96,632,69,0.9206510056584978,1.0,27,6.259882959376867,0.9206510056584978,69
station_v0_bogota_grid_load1.3__ChargeAsFastAsPossible__seed7__2022-01-17,station_v0_bogota_grid_load1.3,load1.3,ChargeAsFastAsPossible,7,2022-01-17,weekday,-6.071902763966686,531,96,531,61,0.914615501379972,1.0,27,6.071902763966664,0.914615501379972,61
station_v0_bogota_grid_load1.3__TD3_vanilla_extended_ts102__seed7__2022-01-17,station_v0_bogota_grid_load1.3,load1.3,TD3_vanilla_extended_ts102,7,2022-01-17,weekday,-6.070956160956458,533,96,533,61,0.912818639029655,1.0,27,6.070956160956436,0.912818639029655,61
station_v0_bogota_grid_load1.3__RoundRobin__seed7__2022-03-05,station_v0_bogota_grid_load1.3,load1.3,RoundRobin,7,2022-03-05,weekend,-0.2683519333922395,65,96,65,15,0.9418977744286904,1.0,27,0.2683519333922368,0.9418977744286904,15
station_v0_bogota_grid_load1.3__Optimal_Oracle_Tracking__seed7__2022-03-05,station_v0_bogota_grid_load1.3,load1.3,Optimal_Oracle_Tracking,7,2022-03-05,weekend,-0.2696553637060017,64,96,64,15,0.9420783015086454,1.0,27,0.2696553637059991,0.9420783015086454,15
station_v0_bogota_grid_load1.3__MPC_TrackingG2V__seed8__2022-01-17,station_v0_bogota_grid_load1.3,load1.3,MPC_TrackingG2V,8,2022-01-17,weekday,-4.844977002839086,495,96,495,66,0.9199591292832572,1.0,27,4.844977002839064,0.9199591292832572,66
station_v0_bogota_grid_load1.3__ChargeAsFastAsPossible__seed8__2022-03-05,station_v0_bogota_grid_load1.3,load1.3,ChargeAsFastAsPossible,8,2022-03-05,weekend,-1.975463046247238,230,96,230,33,0.926746809583774,1.0,27,1.975463046247228,0.926746809583774,33
station_v0_bogota_grid_load1.3__TD3_vanilla_extended_ts102__seed8__2022-03-05,station_v0_bogota_grid_load1.3,load1.3,TD3_vanilla_extended_ts102,8,2022-03-05,weekend,-1.975463046247238,230,96,230,33,0.926746809583774,1.0,27,1.975463046247228,0.926746809583774,33
station_v0_bogota_grid_load1.3__RoundRobin__seed9__2022-01-17,station_v0_bogota_grid_load1.3,load1.3,RoundRobin,9,2022-01-17,weekday,-2.953115226065792,336,96,336,53,0.9273020691607248,1.0,27,2.953115226065779,0.9273020691607248,53
station_v0_bogota_grid_load1.3__Optimal_Oracle_Tracking__seed9__2022-01-17,station_v0_bogota_grid_load1.3,load1.3,Optimal_Oracle_Tracking,9,2022-01-17,weekday,-2.9438390261252296,339,96,339,54,0.9273020691607248,1.0,27,2.9438390261252145,0.9273020691607248,54
station_v0_bogota_grid_load1.3__MPC_TrackingG2V__seed9__2022-03-05,station_v0_bogota_grid_load1.3,load1.3,MPC_TrackingG2V,9,2022-03-05,weekend,-0.5699426059917916,97,96,97,19,0.9379441734393036,1.0,27,0.5699426059917876,0.9379441734393036,19
station_v0_bogota_grid_load1.3__ChargeAsFastAsPossible__seed10__2022-01-17,station_v0_bogota_grid_load1.3,load1.3,ChargeAsFastAsPossible,10,2022-01-17,weekday,-1.207092425053799,175,96,175,26,0.9284713849530956,1.0,27,1.2070924250537916,0.9284713849530956,26
station_v0_bogota_grid_load1.3__TD3_vanilla_extended_ts102__seed10__2022-01-17,station_v0_bogota_grid_load1.3,load1.3,TD3_vanilla_extended_ts102,10,2022-01-17,weekday,-1.1972661616751168,169,96,169,25,0.9298196054166749,1.0,27,1.1972661616751097,0.9298196054166749,25
station_v0_bogota_grid_load1.3__RoundRobin__seed10__2022-03-05,station_v0_bogota_grid_load1.3,load1.3,RoundRobin,10,2022-03-05,weekend,-5.776994738405387,587,96,587,72,0.9165290166895516,1.0,27,5.776994738405363,0.9165290166895516,72
station_v0_bogota_grid_load1.3__Optimal_Oracle_Tracking__seed10__2022-03-05,station_v0_bogota_grid_load1.3,load1.3,Optimal_Oracle_Tracking,10,2022-03-05,weekend,-5.779631213763616,587,96,587,72,0.9167369394823962,1.0,27,5.779631213763592,0.9167369394823962,72
station_v0_bogota_grid_load1.3__MPC_TrackingG2V__seed11__2022-01-17,station_v0_bogota_grid_load1.3,load1.3,MPC_TrackingG2V,11,2022-01-17,weekday,-1.458299590834642,224,96,224,42,0.93398828725063,1.0,27,1.4582995908346326,0.93398828725063,42
station_v0_bogota_grid_load1.3__ChargeAsFastAsPossible__seed11__2022-03-05,station_v0_bogota_grid_load1.3,load1.3,ChargeAsFastAsPossible,11,2022-03-05,weekend,-1.1234927755828017,142,96,142,23,0.9343296053549406,1.0,27,1.1234927755827957,0.9343296053549406,23
station_v0_bogota_grid_load1.3__TD3_vanilla_extended_ts102__seed11__2022-03-05,station_v0_bogota_grid_load1.3,load1.3,TD3_vanilla_extended_ts102,11,2022-03-05,weekend,-1.1239363615586082,142,96,142,23,0.9342828778802332,1.0,27,1.1239363615586022,0.9342828778802332,23
station_v0_bogota_grid_load1.3__RoundRobin__seed12__2022-01-17,station_v0_bogota_grid_load1.3,load1.3,RoundRobin,12,2022-01-17,weekday,-6.391792282214017,611,96,611,65,0.9132018833759764,1.0,27,6.391792282213992,0.9132018833759764,65
station_v0_bogota_grid_load1.3__Optimal_Oracle_Tracking__seed12__2022-01-17,station_v0_bogota_grid_load1.3,load1.3,Optimal_Oracle_Tracking,12,2022-01-17,weekday,-6.39891163793441,612,96,612,65,0.912110003678697,1.0,27,6.398911637934384,0.912110003678697,65
station_v0_bogota_grid_load1.3__MPC_TrackingG2V__seed12__2022-03-05,station_v0_bogota_grid_load1.3,load1.3,MPC_TrackingG2V,12,2022-03-05,weekend,-0.0511330162257675,33,96,33,9,0.9474073018743236,1.0,27,0.0511330162257661,0.9474073018743236,9
station_v0_bogota_grid_load1.3__ChargeAsFastAsPossible__seed13__2022-01-17,station_v0_bogota_grid_load1.3,load1.3,ChargeAsFastAsPossible,13,2022-01-17,weekday,-3.2119035630994026,371,96,371,51,0.9192920661613976,1.0,27,3.2119035630993875,0.9192920661613976,51
station_v0_bogota_grid_load1.3__TD3_vanilla_extended_ts102__seed13__2022-01-17,station_v0_bogota_grid_load1.3,load1.3,TD3_vanilla_extended_ts102,13,2022-01-17,weekday,-3.1859784794293127,373,96,373,52,0.9192920661613976,1.0,27,3.1859784794292976,0.9192920661613976,52
station_v0_bogota_grid_load1.3__RoundRobin__seed13__2022-03-05,station_v0_bogota_grid_load1.3,load1.3,RoundRobin,13,2022-03-05,weekend,-2.19411257157406,252,96,252,41,0.9294194308940874,1.0,27,2.194112571574049,0.9294194308940874,41
station_v0_bogota_grid_load1.3__Optimal_Oracle_Tracking__seed13__2022-03-05,station_v0_bogota_grid_load1.3,load1.3,Optimal_Oracle_Tracking,13,2022-03-05,weekend,-2.204408677919358,253,96,253,42,0.9290726926247378,1.0,27,2.2044086779193472,0.9290726926247378,42
station_v0_bogota_grid_load1.3__MPC_TrackingG2V__seed14__2022-01-17,station_v0_bogota_grid_load1.3,load1.3,MPC_TrackingG2V,14,2022-01-17,weekday,-3.569551348456182,386,96,386,58,0.9262754092726287,1.0,27,3.5695513484561654,0.9262754092726287,58
station_v0_bogota_grid_load1.3__ChargeAsFastAsPossible__seed14__2022-03-05,station_v0_bogota_grid_load1.3,load1.3,ChargeAsFastAsPossible,14,2022-03-05,weekend,-2.569186492039908,221,96,221,32,0.9241511275396732,1.0,27,2.5691864920398984,0.9241511275396732,32
station_v0_bogota_grid_load1.3__TD3_vanilla_extended_ts102__seed14__2022-03-05,station_v0_bogota_grid_load1.3,load1.3,TD3_vanilla_extended_ts102,14,2022-03-05,weekend,-2.569186492039908,221,96,221,32,0.9241511275396732,1.0,27,2.5691864920398984,0.9241511275396732,32
station_v0_bogota_grid_load1.3__RoundRobin__seed15__2022-01-17,station_v0_bogota_grid_load1.3,load1.3,RoundRobin,15,2022-01-17,weekday,-7.326407386082651,652,96,652,67,0.9090046071512764,1.0,27,7.326407386082623,0.9090046071512764,67
station_v0_bogota_grid_load1.3__Optimal_Oracle_Tracking__seed15__2022-01-17,station_v0_bogota_grid_load1.3,load1.3,Optimal_Oracle_Tracking,15,2022-01-17,weekday,-7.318159421841063,651,96,651,67,0.9093056894423336,1.0,27,7.318159421841036,0.9093056894423336,67
station_v0_bogota_grid_load1.3__MPC_TrackingG2V__seed15__2022-03-05,station_v0_bogota_grid_load1.3,load1.3,MPC_TrackingG2V,15,2022-03-05,weekend,-6.28617543772721,639,96,639,69,0.9192093041232912,1.0,27,6.286175437727184,0.9192093041232912,69
station_v0_bogota_grid_load1.3__ChargeAsFastAsPossible__seed16__2022-01-17,station_v0_bogota_grid_load1.3,load1.3,ChargeAsFastAsPossible,16,2022-01-17,weekday,-2.556628856052367,343,96,343,53,0.9250211951425578,1.0,27,2.5566288560523525,0.9250211951425578,53
station_v0_bogota_grid_load1.3__TD3_vanilla_extended_ts102__seed16__2022-01-17,station_v0_bogota_grid_load1.3,load1.3,TD3_vanilla_extended_ts102,16,2022-01-17,weekday,-2.5336061586913385,342,96,342,53,0.9250211951425578,1.0,27,2.5336061586913248,0.9250211951425578,53
station_v0_bogota_grid_load1.3__RoundRobin__seed16__2022-03-05,station_v0_bogota_grid_load1.3,load1.3,RoundRobin,16,2022-03-05,weekend,-1.714640098651503,171,96,171,25,0.9273923417076322,1.0,27,1.7146400986514956,0.9273923417076322,25
station_v0_bogota_grid_load1.3__Optimal_Oracle_Tracking__seed16__2022-03-05,station_v0_bogota_grid_load1.3,load1.3,Optimal_Oracle_Tracking,16,2022-03-05,weekend,-1.7143418327553122,171,96,171,25,0.9276644836047429,1.0,27,1.7143418327553048,0.9276644836047429,25
station_v0_bogota_grid_load1.3__MPC_TrackingG2V__seed17__2022-01-17,station_v0_bogota_grid_load1.3,load1.3,MPC_TrackingG2V,17,2022-01-17,weekday,-2.5929897884819137,329,96,329,46,0.922970085292966,1.0,27,2.5929897884819004,0.922970085292966,46
station_v0_bogota_grid_load1.3__ChargeAsFastAsPossible__seed17__2022-03-05,station_v0_bogota_grid_load1.3,load1.3,ChargeAsFastAsPossible,17,2022-03-05,weekend,-0.8568696730474527,120,96,120,20,0.9350799383757386,1.0,27,0.8568696730474477,0.9350799383757386,20
station_v0_bogota_grid_load1.3__TD3_vanilla_extended_ts102__seed17__2022-03-05,station_v0_bogota_grid_load1.3,load1.3,TD3_vanilla_extended_ts102,17,2022-03-05,weekend,-0.8438193952827198,120,96,120,20,0.9350799383757386,1.0,27,0.8438193952827148,0.9350799383757386,20
station_v0_bogota_grid_load1.3__RoundRobin__seed18__2022-01-17,station_v0_bogota_grid_load1.3,load1.3,RoundRobin,18,2022-01-17,weekday,-6.853808880106988,615,96,615,70,0.9088941604731752,1.0,27,6.853808880106962,0.9088941604731752,70
station_v0_bogota_grid_load1.3__Optimal_Oracle_Tracking__seed18__2022-01-17,station_v0_bogota_grid_load1.3,load1.3,Optimal_Oracle_Tracking,18,2022-01-17,weekday,-6.838271625271678,614,96,614,71,0.9090903251208916,1.0,27,6.838271625271652,0.9090903251208916,71
station_v0_bogota_grid_load1.3__MPC_TrackingG2V__seed18__2022-03-05,station_v0_bogota_grid_load1.3,load1.3,MPC_TrackingG2V,18,2022-03-05,weekend,-1.5162423599202004,175,96,175,29,0.9314745287524672,1.0,27,1.5162423599201929,0.9314745287524672,29
station_v0_bogota_grid_load1.3__ChargeAsFastAsPossible__seed19__2022-01-17,station_v0_bogota_grid_load1.3,load1.3,ChargeAsFastAsPossible,19,2022-01-17,weekday,-8.283467698711865,681,96,681,67,0.9018526821441748,1.0,27,8.283467698711835,0.9018526821441748,67
station_v0_bogota_grid_load1.3__TD3_vanilla_extended_ts102__seed19__2022-01-17,station_v0_bogota_grid_load1.3,load1.3,TD3_vanilla_extended_ts102,19,2022-01-17,weekday,-8.276839762290436,682,96,682,67,0.901853150753422,1.0,27,8.276839762290406,0.901853150753422,67
station_v0_bogota_grid_load1.3__RoundRobin__seed19__2022-03-05,station_v0_bogota_grid_load1.3,load1.3,RoundRobin,19,2022-03-05,weekend,-0.4176328115511525,82,96,82,16,0.9390345096325726,1.0,27,0.417632811551149,0.9390345096325726,16
station_v0_bogota_grid_load1.3__Optimal_Oracle_Tracking__seed19__2022-03-05,station_v0_bogota_grid_load1.3,load1.3,Optimal_Oracle_Tracking,19,2022-03-05,weekend,-0.4092487889480959,82,96,82,16,0.939304819027346,1.0,27,0.4092487889480924,0.939304819027346,16
station_v0_bogota_grid_load1.3__MPC_TrackingG2V__seed20__2022-01-17,station_v0_bogota_grid_load1.3,load1.3,MPC_TrackingG2V,20,2022-01-17,weekday,-8.190311132655959,662,96,662,70,0.9117225463718868,1.0,27,8.19031113265593,0.9117225463718868,70
station_v0_bogota_grid_load1.3__ChargeAsFastAsPossible__seed20__2022-03-05,station_v0_bogota_grid_load1.3,load1.3,ChargeAsFastAsPossible,20,2022-03-05,weekend,-0.6218099196918376,98,96,98,20,0.9353338521425424,1.0,27,0.6218099196918335,0.9353338521425424,20
station_v0_bogota_grid_load1.3__TD3_vanilla_extended_ts102__seed20__2022-03-05,station_v0_bogota_grid_load1.3,load1.3,TD3_vanilla_extended_ts102,20,2022-03-05,weekend,-0.6306353310811952,101,96,101,20,0.9367190422511374,1.0,27,0.630635331081191,0.9367190422511374,20
station_v0_bogota_grid_load1.3__RoundRobin__seed21__2022-01-17,station_v0_bogota_grid_load1.3,load1.3,RoundRobin,21,2022-01-17,weekday,-5.269972063212338,520,96,520,62,0.9162462873841944,1.0,27,5.269972063212316,0.9162462873841944,62
station_v0_bogota_grid_load1.3__Optimal_Oracle_Tracking__seed21__2022-01-17,station_v0_bogota_grid_load1.3,load1.3,Optimal_Oracle_Tracking,21,2022-01-17,weekday,-5.256654922204782,519,96,519,62,0.916327975536858,1.0,27,5.256654922204761,0.916327975536858,62
station_v0_bogota_grid_load1.3__MPC_TrackingG2V__seed21__2022-03-05,station_v0_bogota_grid_load1.3,load1.3,MPC_TrackingG2V,21,2022-03-05,weekend,-3.4982644624889536,377,96,377,48,0.9194321486013968,1.0,27,3.4982644624889385,0.9194321486013968,48
station_v0_bogota_grid_load1.3__ChargeAsFastAsPossible__seed22__2022-01-17,station_v0_bogota_grid_load1.3,load1.3,ChargeAsFastAsPossible,22,2022-01-17,weekday,-4.094018554423986,461,96,461,66,0.9234747525812844,1.0,27,4.094018554423967,0.9234747525812844,66
station_v0_bogota_grid_load1.3__TD3_vanilla_extended_ts102__seed22__2022-01-17,station_v0_bogota_grid_load1.3,load1.3,TD3_vanilla_extended_ts102,22,2022-01-17,weekday,-4.089554671309456,459,96,459,66,0.9234747525812844,1.0,27,4.089554671309436,0.9234747525812844,66
station_v0_bogota_grid_load1.3__RoundRobin__seed22__2022-03-05,station_v0_bogota_grid_load1.3,load1.3,RoundRobin,22,2022-03-05,weekend,-2.146892118756899,207,96,207,30,0.9274834854156678,1.0,27,2.14689211875689,0.9274834854156678,30
station_v0_bogota_grid_load1.3__Optimal_Oracle_Tracking__seed22__2022-03-05,station_v0_bogota_grid_load1.3,load1.3,Optimal_Oracle_Tracking,22,2022-03-05,weekend,-2.150448013366894,208,96,208,30,0.9276247950438776,1.0,27,2.1504480133668857,0.9276247950438776,30
station_v0_bogota_grid_load1.3__MPC_TrackingG2V__seed23__2022-01-17,station_v0_bogota_grid_load1.3,load1.3,MPC_TrackingG2V,23,2022-01-17,weekday,-6.223485258286732,571,96,571,69,0.9131972428335084,1.0,27,6.223485258286708,0.9131972428335084,69
station_v0_bogota_grid_load1.3__ChargeAsFastAsPossible__seed23__2022-03-05,station_v0_bogota_grid_load1.3,load1.3,ChargeAsFastAsPossible,23,2022-03-05,weekend,-0.7828853783447689,137,96,137,26,0.9388008590800808,1.0,27,0.7828853783447632,0.9388008590800808,26
station_v0_bogota_grid_load1.3__TD3_vanilla_extended_ts102__seed23__2022-03-05,station_v0_bogota_grid_load1.3,load1.3,TD3_vanilla_extended_ts102,23,2022-03-05,weekend,-0.7828853783447689,137,96,137,26,0.9388008590800808,1.0,27,0.7828853783447632,0.9388008590800808,26
station_v0_bogota_grid_load1.3__RoundRobin__seed24__2022-01-17,station_v0_bogota_grid_load1.3,load1.3,RoundRobin,24,2022-01-17,weekday,-6.214448861891996,561,96,561,68,0.9150847669730166,1.0,27,6.214448861891973,0.9150847669730166,68
station_v0_bogota_grid_load1.3__Optimal_Oracle_Tracking__seed24__2022-01-17,station_v0_bogota_grid_load1.3,load1.3,Optimal_Oracle_Tracking,24,2022-01-17,weekday,-6.209819082368468,562,96,562,68,0.9152130501959352,1.0,27,6.209819082368444,0.9152130501959352,68
station_v0_bogota_grid_load1.3__MPC_TrackingG2V__seed24__2022-03-05,station_v0_bogota_grid_load1.3,load1.3,MPC_TrackingG2V,24,2022-03-05,weekend,-1.4141614449378652,154,96,154,24,0.9309254981478532,1.0,27,1.414161444937859,0.9309254981478532,24
station_v0_bogota_grid_load1.3__ChargeAsFastAsPossible__seed25__2022-01-17,station_v0_bogota_grid_load1.3,load1.3,ChargeAsFastAsPossible,25,2022-01-17,weekday,-0.9859812197568942,143,96,143,27,0.9311496545145204,1.0,27,0.9859812197568883,0.9311496545145204,27
station_v0_bogota_grid_load1.3__TD3_vanilla_extended_ts102__seed25__2022-01-17,station_v0_bogota_grid_load1.3,load1.3,TD3_vanilla_extended_ts102,25,2022-01-17,weekday,-0.9740169617791122,141,96,141,27,0.9307563629507288,1.0,27,0.9740169617791063,0.9307563629507288,27
station_v0_bogota_grid_load1.3__RoundRobin__seed25__2022-03-05,station_v0_bogota_grid_load1.3,load1.3,RoundRobin,25,2022-03-05,weekend,-3.35299368000372,268,96,268,34,0.9190867162926828,1.0,27,3.352993680003709,0.9190867162926828,34
station_v0_bogota_grid_load1.3__Optimal_Oracle_Tracking__seed25__2022-03-05,station_v0_bogota_grid_load1.3,load1.3,Optimal_Oracle_Tracking,25,2022-03-05,weekend,-3.349717022547304,267,96,267,34,0.9193463096481156,1.0,27,3.349717022547292,0.9193463096481156,34
station_v0_bogota_grid_load1.3__MPC_TrackingG2V__seed26__2022-01-17,station_v0_bogota_grid_load1.3,load1.3,MPC_TrackingG2V,26,2022-01-17,weekday,-6.84993930704082,639,96,639,74,0.9157391944284144,1.0,27,6.849939307040795,0.9157391944284144,74
station_v0_bogota_grid_load1.3__ChargeAsFastAsPossible__seed26__2022-03-05,station_v0_bogota_grid_load1.3,load1.3,ChargeAsFastAsPossible,26,2022-03-05,weekend,-0.6018175643963815,94,96,94,17,0.9354068561512998,1.0,27,0.6018175643963776,0.9354068561512998,17
station_v0_bogota_grid_load1.3__TD3_vanilla_extended_ts102__seed26__2022-03-05,station_v0_bogota_grid_load1.3,load1.3,TD3_vanilla_extended_ts102,26,2022-03-05,weekend,-0.5918435030986593,94,96,94,17,0.9364393994090408,1.0,27,0.5918435030986554,0.9364393994090408,17
station_v0_bogota_grid_load1.3__RoundRobin__seed27__2022-01-17,station_v0_bogota_grid_load1.3,load1.3,RoundRobin,27,2022-01-17,weekday,-3.4421964448965507,427,96,427,62,0.923290120314959,1.0,27,3.442196444896533,0.923290120314959,62
station_v0_bogota_grid_load1.3__Optimal_Oracle_Tracking__seed27__2022-01-17,station_v0_bogota_grid_load1.3,load1.3,Optimal_Oracle_Tracking,27,2022-01-17,weekday,-3.430032115671876,425,96,425,62,0.9235439233205396,1.0,27,3.4300321156718576,0.9235439233205396,62
station_v0_bogota_grid_load1.3__MPC_TrackingG2V__seed27__2022-03-05,station_v0_bogota_grid_load1.3,load1.3,MPC_TrackingG2V,27,2022-03-05,weekend,-0.4676061014593258,92,96,92,19,0.9400558430986692,1.0,27,0.4676061014593219,0.9400558430986692,19
station_v0_bogota_grid_load1.3__ChargeAsFastAsPossible__seed28__2022-01-17,station_v0_bogota_grid_load1.3,load1.3,ChargeAsFastAsPossible,28,2022-01-17,weekday,-1.0110555832612735,138,96,138,25,0.9331730247694966,1.0,27,1.0110555832612678,0.9331730247694966,25
station_v0_bogota_grid_load1.3__TD3_vanilla_extended_ts102__seed28__2022-01-17,station_v0_bogota_grid_load1.3,load1.3,TD3_vanilla_extended_ts102,28,2022-01-17,weekday,-1.0122381689980635,137,96,137,24,0.9331730247694966,1.0,27,1.0122381689980582,0.9331730247694966,24
station_v0_bogota_grid_load1.3__RoundRobin__seed28__2022-03-05,station_v0_bogota_grid_load1.3,load1.3,RoundRobin,28,2022-03-05,weekend,-0.5217930165084824,105,96,105,21,0.9396613170664,1.0,27,0.5217930165084781,0.9396613170664,21
station_v0_bogota_grid_load1.3__Optimal_Oracle_Tracking__seed28__2022-03-05,station_v0_bogota_grid_load1.3,load1.3,Optimal_Oracle_Tracking,28,2022-03-05,weekend,-0.5155885051343894,107,96,107,21,0.939981604817002,1.0,27,0.5155885051343849,0.939981604817002,21
station_v0_bogota_grid_load1.3__MPC_TrackingG2V__seed29__2022-01-17,station_v0_bogota_grid_load1.3,load1.3,MPC_TrackingG2V,29,2022-01-17,weekday,-4.898763143811146,445,96,445,58,0.910623714736261,1.0,27,4.898763143811127,0.910623714736261,58
station_v0_bogota_grid_load1.3__ChargeAsFastAsPossible__seed29__2022-03-05,station_v0_bogota_grid_load1.3,load1.3,ChargeAsFastAsPossible,29,2022-03-05,weekend,-3.4911292276616237,291,96,291,39,0.9164488341502725,1.0,27,3.4911292276616117,0.9164488341502725,39
station_v0_bogota_grid_load1.3__TD3_vanilla_extended_ts102__seed29__2022-03-05,station_v0_bogota_grid_load1.3,load1.3,TD3_vanilla_extended_ts102,29,2022-03-05,weekend,-3.4911292276616237,291,96,291,39,0.9164488341502725,1.0,27,3.4911292276616117,0.9164488341502725,39
station_v0_bogota_grid_load1.3__RoundRobin__seed30__2022-01-17,station_v0_bogota_grid_load1.3,load1.3,RoundRobin,30,2022-01-17,weekday,-0.5431999224809825,106,96,106,24,0.9343195426598238,1.0,27,0.543199922480978,0.9343195426598238,24
station_v0_bogota_grid_load1.3__Optimal_Oracle_Tracking__seed30__2022-01-17,station_v0_bogota_grid_load1.3,load1.3,Optimal_Oracle_Tracking,30,2022-01-17,weekday,-0.5298136693191056,104,96,104,24,0.9345287427020692,1.0,27,0.5298136693191012,0.9345287427020692,24
station_v0_bogota_grid_load1.3__MPC_TrackingG2V__seed30__2022-03-05,station_v0_bogota_grid_load1.3,load1.3,MPC_TrackingG2V,30,2022-03-05,weekend,-1.7371102255000732,190,96,190,30,0.9291669911999304,1.0,27,1.7371102255000652,0.9291669911999304,30
station_v0_bogota_grid_load1.3__ChargeAsFastAsPossible__seed31__2022-01-17,station_v0_bogota_grid_load1.3,load1.3,ChargeAsFastAsPossible,31,2022-01-17,weekday,-2.257878831015355,255,96,255,47,0.926446990141303,1.0,27,2.2578788310153444,0.926446990141303,47
station_v0_bogota_grid_load1.3__TD3_vanilla_extended_ts102__seed31__2022-01-17,station_v0_bogota_grid_load1.3,load1.3,TD3_vanilla_extended_ts102,31,2022-01-17,weekday,-2.243432065506053,252,96,252,47,0.926446990141303,1.0,27,2.2434320655060422,0.926446990141303,47
station_v0_bogota_grid_load1.3__RoundRobin__seed31__2022-03-05,station_v0_bogota_grid_load1.3,load1.3,RoundRobin,31,2022-03-05,weekend,-0.0455899700037881,39,96,39,13,0.9469857571488722,1.0,27,0.0455899700037865,0.9469857571488722,13
station_v0_bogota_grid_load1.3__Optimal_Oracle_Tracking__seed31__2022-03-05,station_v0_bogota_grid_load1.3,load1.3,Optimal_Oracle_Tracking,31,2022-03-05,weekend,-0.0465671870629323,42,96,42,14,0.9470027870178328,1.0,27,0.0465671870629306,0.9470027870178328,14
station_v0_bogota_grid_load1.3__MPC_TrackingG2V__seed32__2022-01-17,station_v0_bogota_grid_load1.3,load1.3,MPC_TrackingG2V,32,2022-01-17,weekday,-5.050674333211834,492,96,492,63,0.9197323824930806,1.0,27,5.050674333211814,0.9197323824930806,63
station_v0_bogota_grid_load1.3__ChargeAsFastAsPossible__seed32__2022-03-05,station_v0_bogota_grid_load1.3,load1.3,ChargeAsFastAsPossible,32,2022-03-05,weekend,-0.2159734392886701,63,96,63,13,0.9435299219920584,1.0,27,0.2159734392886675,0.9435299219920584,13
station_v0_bogota_grid_load1.3__TD3_vanilla_extended_ts102__seed32__2022-03-05,station_v0_bogota_grid_load1.3,load1.3,TD3_vanilla_extended_ts102,32,2022-03-05,weekend,-0.2159734392886701,63,96,63,13,0.9435299219920584,1.0,27,0.2159734392886675,0.9435299219920584,13
station_v0_bogota_grid_load1.3__RoundRobin__seed33__2022-01-17,station_v0_bogota_grid_load1.3,load1.3,RoundRobin,33,2022-01-17,weekday,-3.607058924736021,382,96,382,62,0.9214274712587568,1.0,27,3.607058924736005,0.9214274712587568,62
station_v0_bogota_grid_load1.3__Optimal_Oracle_Tracking__seed33__2022-01-17,station_v0_bogota_grid_load1.3,load1.3,Optimal_Oracle_Tracking,33,2022-01-17,weekday,-3.5893578667397743,381,96,381,61,0.9216273306869648,1.0,27,3.589357866739758,0.9216273306869648,61
station_v0_bogota_grid_load1.3__MPC_TrackingG2V__seed33__2022-03-05,station_v0_bogota_grid_load1.3,load1.3,MPC_TrackingG2V,33,2022-03-05,weekend,-1.3016199866964309,168,96,168,29,0.9322051029170576,1.0,27,1.301619986696424,0.9322051029170576,29
station_v0_bogota_grid_load1.3__ChargeAsFastAsPossible__seed34__2022-01-17,station_v0_bogota_grid_load1.3,load1.3,ChargeAsFastAsPossible,34,2022-01-17,weekday,-1.810193257469069,288,96,288,44,0.9287368045280476,1.0,27,1.8101932574690571,0.9287368045280476,44
station_v0_bogota_grid_load1.3__TD3_vanilla_extended_ts102__seed34__2022-01-17,station_v0_bogota_grid_load1.3,load1.3,TD3_vanilla_extended_ts102,34,2022-01-17,weekday,-1.807633939311503,287,96,287,43,0.9296625938366616,1.0,27,1.8076339393114915,0.9296625938366616,43
station_v0_bogota_grid_load1.3__RoundRobin__seed34__2022-03-05,station_v0_bogota_grid_load1.3,load1.3,RoundRobin,34,2022-03-05,weekend,-4.003159100400119,340,96,340,37,0.914688100099634,1.0,27,4.003159100400104,0.914688100099634,37
station_v0_bogota_grid_load1.3__Optimal_Oracle_Tracking__seed34__2022-03-05,station_v0_bogota_grid_load1.3,load1.3,Optimal_Oracle_Tracking,34,2022-03-05,weekend,-4.023520291659848,340,96,340,37,0.9144462491732044,1.0,27,4.0235202916598345,0.9144462491732044,37
station_v0_bogota_grid_load1.3__MPC_TrackingG2V__seed35__2022-01-17,station_v0_bogota_grid_load1.3,load1.3,MPC_TrackingG2V,35,2022-01-17,weekday,-0.7577585533928031,116,96,116,22,0.934863817060321,1.0,27,0.7577585533927983,0.934863817060321,22
station_v0_bogota_grid_load1.3__ChargeAsFastAsPossible__seed35__2022-03-05,station_v0_bogota_grid_load1.3,load1.3,ChargeAsFastAsPossible,35,2022-03-05,weekend,-2.989086211228316,279,96,279,40,0.9217046688195256,1.0,27,2.989086211228304,0.9217046688195256,40
station_v0_bogota_grid_load1.3__TD3_vanilla_extended_ts102__seed35__2022-03-05,station_v0_bogota_grid_load1.3,load1.3,TD3_vanilla_extended_ts102,35,2022-03-05,weekend,-2.989086211228316,279,96,279,40,0.9217046688195256,1.0,27,2.989086211228304,0.9217046688195256,40
station_v0_bogota_grid_load1.3__RoundRobin__seed36__2022-01-17,station_v0_bogota_grid_load1.3,load1.3,RoundRobin,36,2022-01-17,weekday,-4.482708483765011,431,96,431,61,0.9237127159994476,1.0,27,4.482708483764993,0.9237127159994476,61
station_v0_bogota_grid_load1.3__Optimal_Oracle_Tracking__seed36__2022-01-17,station_v0_bogota_grid_load1.3,load1.3,Optimal_Oracle_Tracking,36,2022-01-17,weekday,-4.474829234002615,432,96,432,61,0.9238564970699285,1.0,27,4.4748292340025975,0.9238564970699285,61
station_v0_bogota_grid_load1.3__MPC_TrackingG2V__seed36__2022-03-05,station_v0_bogota_grid_load1.3,load1.3,MPC_TrackingG2V,36,2022-03-05,weekend,-3.2764513711646197,342,96,342,36,0.9201421092598524,1.0,27,3.276451371164605,0.9201421092598524,36
station_v0_bogota_grid_load1.3__ChargeAsFastAsPossible__seed37__2022-01-17,station_v0_bogota_grid_load1.3,load1.3,ChargeAsFastAsPossible,37,2022-01-17,weekday,-3.866565605052741,443,96,443,65,0.9214861370553588,1.0,27,3.866565605052722,0.9214861370553588,65
station_v0_bogota_grid_load1.3__TD3_vanilla_extended_ts102__seed37__2022-01-17,station_v0_bogota_grid_load1.3,load1.3,TD3_vanilla_extended_ts102,37,2022-01-17,weekday,-3.851906954862213,443,96,443,65,0.9214861370553588,1.0,27,3.8519069548621943,0.9214861370553588,65
station_v0_bogota_grid_load1.3__RoundRobin__seed37__2022-03-05,station_v0_bogota_grid_load1.3,load1.3,RoundRobin,37,2022-03-05,weekend,-2.4151225569339214,218,96,218,34,0.921232411863834,1.0,27,2.415122556933912,0.921232411863834,34
station_v0_bogota_grid_load1.3__Optimal_Oracle_Tracking__seed37__2022-03-05,station_v0_bogota_grid_load1.3,load1.3,Optimal_Oracle_Tracking,37,2022-03-05,weekend,-2.432651385146697,217,96,217,33,0.921176815363091,1.0,27,2.4326513851466887,0.921176815363091,33
station_v0_bogota_grid_load1.3__MPC_TrackingG2V__seed38__2022-01-17,station_v0_bogota_grid_load1.3,load1.3,MPC_TrackingG2V,38,2022-01-17,weekday,-2.6811095771112776,370,96,370,50,0.9249765690988004,1.0,27,2.681109577111262,0.9249765690988004,50
station_v0_bogota_grid_load1.3__ChargeAsFastAsPossible__seed38__2022-03-05,station_v0_bogota_grid_load1.3,load1.3,ChargeAsFastAsPossible,38,2022-03-05,weekend,-0.5404942792302541,98,96,98,17,0.9384541812336056,1.0,27,0.54049427923025,0.9384541812336056,17
station_v0_bogota_grid_load1.3__TD3_vanilla_extended_ts102__seed38__2022-03-05,station_v0_bogota_grid_load1.3,load1.3,TD3_vanilla_extended_ts102,38,2022-03-05,weekend,-0.5404942792302541,98,96,98,17,0.9384541812336056,1.0,27,0.54049427923025,0.9384541812336056,17
station_v0_bogota_grid_load1.3__RoundRobin__seed39__2022-01-17,station_v0_bogota_grid_load1.3,load1.3,RoundRobin,39,2022-01-17,weekday,-2.404551322610003,312,96,312,51,0.9265424636214696,1.0,27,2.404551322609989,0.9265424636214696,51
station_v0_bogota_grid_load1.3__Optimal_Oracle_Tracking__seed39__2022-01-17,station_v0_bogota_grid_load1.3,load1.3,Optimal_Oracle_Tracking,39,2022-01-17,weekday,-2.3964126280397733,312,96,312,51,0.9266692978321808,1.0,27,2.3964126280397604,0.9266692978321808,51
station_v0_bogota_grid_load1.3__MPC_TrackingG2V__seed39__2022-03-05,station_v0_bogota_grid_load1.3,load1.3,MPC_TrackingG2V,39,2022-03-05,weekend,-1.1185402700519056,142,96,142,23,0.9324369172186032,1.0,27,1.1185402700518998,0.9324369172186032,23
station_v0_bogota_grid_load1.3__ChargeAsFastAsPossible__seed40__2022-01-17,station_v0_bogota_grid_load1.3,load1.3,ChargeAsFastAsPossible,40,2022-01-17,weekday,-1.9027388243887668,260,96,260,48,0.9286373100767648,1.0,27,1.902738824388756,0.9286373100767648,48
station_v0_bogota_grid_load1.3__TD3_vanilla_extended_ts102__seed40__2022-01-17,station_v0_bogota_grid_load1.3,load1.3,TD3_vanilla_extended_ts102,40,2022-01-17,weekday,-1.8978597369996015,263,96,263,48,0.9286373100767648,1.0,27,1.897859736999591,0.9286373100767648,48
station_v0_bogota_grid_load1.3__RoundRobin__seed40__2022-03-05,station_v0_bogota_grid_load1.3,load1.3,RoundRobin,40,2022-03-05,weekend,-0.8493131574491162,132,96,132,25,0.9357098473368272,1.0,27,0.8493131574491107,0.9357098473368272,25
station_v0_bogota_grid_load1.3__Optimal_Oracle_Tracking__seed40__2022-03-05,station_v0_bogota_grid_load1.3,load1.3,Optimal_Oracle_Tracking,40,2022-03-05,weekend,-0.8553448422596053,132,96,132,25,0.9353646502420828,1.0,27,0.8553448422595997,0.9353646502420828,25
station_v0_bogota_grid_load1.3__MPC_TrackingG2V__seed41__2022-01-17,station_v0_bogota_grid_load1.3,load1.3,MPC_TrackingG2V,41,2022-01-17,weekday,-7.103979206871528,618,96,618,67,0.910150291184591,1.0,27,7.103979206871502,0.910150291184591,67
station_v0_bogota_grid_load1.3__ChargeAsFastAsPossible__seed41__2022-03-05,station_v0_bogota_grid_load1.3,load1.3,ChargeAsFastAsPossible,41,2022-03-05,weekend,-1.765079281172626,223,96,223,39,0.9292083219644608,1.0,27,1.7650792811726168,0.9292083219644608,39
station_v0_bogota_grid_load1.3__TD3_vanilla_extended_ts102__seed41__2022-03-05,station_v0_bogota_grid_load1.3,load1.3,TD3_vanilla_extended_ts102,41,2022-03-05,weekend,-1.7611293247681692,225,96,225,39,0.92970318373817,1.0,27,1.76112932476816,0.92970318373817,39
station_v0_bogota_grid_load1.3__RoundRobin__seed42__2022-01-17,station_v0_bogota_grid_load1.3,load1.3,RoundRobin,42,2022-01-17,weekday,-3.78742131057246,390,96,390,55,0.922190436503336,1.0,27,3.787421310572445,0.922190436503336,55
station_v0_bogota_grid_load1.3__Optimal_Oracle_Tracking__seed42__2022-01-17,station_v0_bogota_grid_load1.3,load1.3,Optimal_Oracle_Tracking,42,2022-01-17,weekday,-3.763990405734265,383,96,383,55,0.9224477116972064,1.0,27,3.7639904057342495,0.9224477116972064,55
station_v0_bogota_grid_load1.3__MPC_TrackingG2V__seed42__2022-03-05,station_v0_bogota_grid_load1.3,load1.3,MPC_TrackingG2V,42,2022-03-05,weekend,-1.9032932094028951,219,96,219,33,0.9283771577077762,1.0,27,1.9032932094028856,0.9283771577077762,33
station_v0_bogota_grid_load1.3__ChargeAsFastAsPossible__seed43__2022-01-17,station_v0_bogota_grid_load1.3,load1.3,ChargeAsFastAsPossible,43,2022-01-17,weekday,-7.010747561742386,594,96,594,66,0.91223705319447,1.0,27,7.010747561742361,0.91223705319447,66
station_v0_bogota_grid_load1.3__TD3_vanilla_extended_ts102__seed43__2022-01-17,station_v0_bogota_grid_load1.3,load1.3,TD3_vanilla_extended_ts102,43,2022-01-17,weekday,-6.98786471718878,595,96,595,66,0.91223705319447,1.0,27,6.987864717188754,0.91223705319447,66
station_v0_bogota_grid_load1.3__RoundRobin__seed43__2022-03-05,station_v0_bogota_grid_load1.3,load1.3,RoundRobin,43,2022-03-05,weekend,-1.3252608848265288,167,96,167,27,0.931510771130339,1.0,27,1.325260884826522,0.931510771130339,27
station_v0_bogota_grid_load1.3__Optimal_Oracle_Tracking__seed43__2022-03-05,station_v0_bogota_grid_load1.3,load1.3,Optimal_Oracle_Tracking,43,2022-03-05,weekend,-1.3310858054811432,164,96,164,26,0.9317860362364604,1.0,27,1.3310858054811363,0.9317860362364604,26
station_v0_bogota_grid_load1.3__MPC_TrackingG2V__seed44__2022-01-17,station_v0_bogota_grid_load1.3,load1.3,MPC_TrackingG2V,44,2022-01-17,weekday,-8.589764515987838,616,96,616,70,0.9088155337251168,1.0,27,8.589764515987813,0.9088155337251168,70
station_v0_bogota_grid_load1.3__ChargeAsFastAsPossible__seed44__2022-03-05,station_v0_bogota_grid_load1.3,load1.3,ChargeAsFastAsPossible,44,2022-03-05,weekend,-1.8214690940155096,180,96,180,27,0.9294797790534368,1.0,27,1.8214690940155025,0.9294797790534368,27
station_v0_bogota_grid_load1.3__TD3_vanilla_extended_ts102__seed44__2022-03-05,station_v0_bogota_grid_load1.3,load1.3,TD3_vanilla_extended_ts102,44,2022-03-05,weekend,-1.8214690940155096,180,96,180,27,0.9294797790534368,1.0,27,1.8214690940155025,0.9294797790534368,27
station_v0_bogota_grid_load1.3__RoundRobin__seed45__2022-01-17,station_v0_bogota_grid_load1.3,load1.3,RoundRobin,45,2022-01-17,weekday,-1.646580082663326,212,96,212,33,0.9237671691493836,1.0,27,1.6465800826633172,0.9237671691493836,33
station_v0_bogota_grid_load1.3__Optimal_Oracle_Tracking__seed45__2022-01-17,station_v0_bogota_grid_load1.3,load1.3,Optimal_Oracle_Tracking,45,2022-01-17,weekday,-1.63991511998538,213,96,213,33,0.9240600414505376,1.0,27,1.6399151199853712,0.9240600414505376,33
station_v0_bogota_grid_load1.3__MPC_TrackingG2V__seed45__2022-03-05,station_v0_bogota_grid_load1.3,load1.3,MPC_TrackingG2V,45,2022-03-05,weekend,-1.5963901377520018,213,96,213,39,0.9318275343701896,1.0,27,1.596390137751993,0.9318275343701896,39
station_v0_bogota_grid_load1.3__ChargeAsFastAsPossible__seed46__2022-01-17,station_v0_bogota_grid_load1.3,load1.3,ChargeAsFastAsPossible,46,2022-01-17,weekday,-1.664966542326102,206,96,206,31,0.9249526603657348,1.0,27,1.6649665423260935,0.9249526603657348,31
station_v0_bogota_grid_load1.3__TD3_vanilla_extended_ts102__seed46__2022-01-17,station_v0_bogota_grid_load1.3,load1.3,TD3_vanilla_extended_ts102,46,2022-01-17,weekday,-1.64653723585834,205,96,205,31,0.9249526603657348,1.0,27,1.6465372358583314,0.9249526603657348,31
station_v0_bogota_grid_load1.3__RoundRobin__seed46__2022-03-05,station_v0_bogota_grid_load1.3,load1.3,RoundRobin,46,2022-03-05,weekend,-1.5622218162025343,182,96,182,29,0.929821179429858,1.0,27,1.5622218162025263,0.929821179429858,29
station_v0_bogota_grid_load1.3__Optimal_Oracle_Tracking__seed46__2022-03-05,station_v0_bogota_grid_load1.3,load1.3,Optimal_Oracle_Tracking,46,2022-03-05,weekend,-1.5935194815747389,179,96,179,29,0.9299085755170156,1.0,27,1.5935194815747311,0.9299085755170156,29
station_v0_bogota_grid_load1.3__MPC_TrackingG2V__seed47__2022-01-17,station_v0_bogota_grid_load1.3,load1.3,MPC_TrackingG2V,47,2022-01-17,weekday,-4.214772614277166,404,96,404,54,0.9258065803961764,1.0,27,4.214772614277149,0.9258065803961764,54
station_v0_bogota_grid_load1.3__ChargeAsFastAsPossible__seed47__2022-03-05,station_v0_bogota_grid_load1.3,load1.3,ChargeAsFastAsPossible,47,2022-03-05,weekend,-1.4481688489418214,180,96,180,29,0.9334524590647968,1.0,27,1.448168848941814,0.9334524590647968,29
station_v0_bogota_grid_load1.3__TD3_vanilla_extended_ts102__seed47__2022-03-05,station_v0_bogota_grid_load1.3,load1.3,TD3_vanilla_extended_ts102,47,2022-03-05,weekend,-1.4499239451761647,180,96,180,29,0.9333746510172944,1.0,27,1.449923945176157,0.9333746510172944,29
station_v0_bogota_grid_load1.3__RoundRobin__seed48__2022-01-17,station_v0_bogota_grid_load1.3,load1.3,RoundRobin,48,2022-01-17,weekday,-8.464658175541645,712,96,712,75,0.9132349454245504,1.0,27,8.464658175541615,0.9132349454245504,75
station_v0_bogota_grid_load1.3__Optimal_Oracle_Tracking__seed48__2022-01-17,station_v0_bogota_grid_load1.3,load1.3,Optimal_Oracle_Tracking,48,2022-01-17,weekday,-8.46906961914555,713,96,713,75,0.9137003403169992,1.0,27,8.46906961914552,0.9137003403169992,75
station_v0_bogota_grid_load1.3__MPC_TrackingG2V__seed48__2022-03-05,station_v0_bogota_grid_load1.3,load1.3,MPC_TrackingG2V,48,2022-03-05,weekend,-1.0552039178879822,145,96,145,25,0.9336673981620098,1.0,27,1.0552039178879762,0.9336673981620098,25
station_v0_bogota_grid_load1.3__ChargeAsFastAsPossible__seed49__2022-01-17,station_v0_bogota_grid_load1.3,load1.3,ChargeAsFastAsPossible,49,2022-01-17,weekday,-10.395524566455284,796,96,796,69,0.905134214411736,1.0,27,10.395524566455247,0.905134214411736,69
station_v0_bogota_grid_load1.3__TD3_vanilla_extended_ts102__seed49__2022-01-17,station_v0_bogota_grid_load1.3,load1.3,TD3_vanilla_extended_ts102,49,2022-01-17,weekday,-10.382915608478497,791,96,791,69,0.905134214411736,1.0,27,10.38291560847846,0.905134214411736,69
station_v0_bogota_grid_load1.3__RoundRobin__seed49__2022-03-05,station_v0_bogota_grid_load1.3,load1.3,RoundRobin,49,2022-03-05,weekend,-1.9559943379366989,177,96,177,25,0.9262397672364008,1.0,27,1.955994337936692,0.9262397672364008,25
station_v0_bogota_grid_load1.3__Optimal_Oracle_Tracking__seed49__2022-03-05,station_v0_bogota_grid_load1.3,load1.3,Optimal_Oracle_Tracking,49,2022-03-05,weekend,-1.945880082443932,177,96,177,25,0.9262870401407856,1.0,27,1.9458800824439244,0.9262870401407856,25
station_v0_bogota_grid_load1.6__MPC_TrackingG2V__seed0__2022-01-17,station_v0_bogota_grid_load1.6,load1.6,MPC_TrackingG2V,0,2022-01-17,weekday,-8.149008396240596,719,96,719,68,0.9099995692541224,1.0,27,8.149008396240566,0.9099995692541224,68
station_v0_bogota_grid_load1.6__ChargeAsFastAsPossible__seed0__2022-03-05,station_v0_bogota_grid_load1.6,load1.6,ChargeAsFastAsPossible,0,2022-03-05,weekend,-3.4213649131009225,393,96,393,46,0.9236049363280284,1.0,27,3.4213649131009065,0.9236049363280284,46
station_v0_bogota_grid_load1.6__TD3_vanilla_extended_ts102__seed0__2022-03-05,station_v0_bogota_grid_load1.6,load1.6,TD3_vanilla_extended_ts102,0,2022-03-05,weekend,-3.434905178385696,394,96,394,46,0.9219518680872972,1.0,27,3.434905178385679,0.9219518680872972,46
station_v0_bogota_grid_load1.6__RoundRobin__seed1__2022-01-17,station_v0_bogota_grid_load1.6,load1.6,RoundRobin,1,2022-01-17,weekday,-19.48652563119029,1150,96,1150,75,0.8859025734417248,1.0,27,19.48652563119024,0.8859025734417248,75
station_v0_bogota_grid_load1.6__Optimal_Oracle_Tracking__seed1__2022-01-17,station_v0_bogota_grid_load1.6,load1.6,Optimal_Oracle_Tracking,1,2022-01-17,weekday,-19.478627339787124,1149,96,1149,75,0.8857834104453253,1.0,27,19.478627339787074,0.8857834104453253,75
station_v0_bogota_grid_load1.6__MPC_TrackingG2V__seed1__2022-03-05,station_v0_bogota_grid_load1.6,load1.6,MPC_TrackingG2V,1,2022-03-05,weekend,-15.506827889740013,957,96,957,80,0.893936551221496,1.0,27,15.506827889739968,0.893936551221496,80
station_v0_bogota_grid_load1.6__ChargeAsFastAsPossible__seed2__2022-01-17,station_v0_bogota_grid_load1.6,load1.6,ChargeAsFastAsPossible,2,2022-01-17,weekday,-10.090192023498435,752,96,752,61,0.9016441826077306,1.0,27,10.090192023498403,0.9016441826077306,61
station_v0_bogota_grid_load1.6__TD3_vanilla_extended_ts102__seed2__2022-01-17,station_v0_bogota_grid_load1.6,load1.6,TD3_vanilla_extended_ts102,2,2022-01-17,weekday,-10.090664828014246,752,96,752,61,0.9016441826077306,1.0,27,10.090664828014216,0.9016441826077306,61
station_v0_bogota_grid_load1.6__RoundRobin__seed2__2022-03-05,station_v0_bogota_grid_load1.6,load1.6,RoundRobin,2,2022-03-05,weekend,-2.9338583317525497,337,96,337,39,0.9258993074465748,1.0,27,2.933858331752536,0.9258993074465748,39
station_v0_bogota_grid_load1.6__Optimal_Oracle_Tracking__seed2__2022-03-05,station_v0_bogota_grid_load1.6,load1.6,Optimal_Oracle_Tracking,2,2022-03-05,weekend,-2.9389113026744678,338,96,338,39,0.9261506799261844,1.0,27,2.9389113026744536,0.9261506799261844,39
station_v0_bogota_grid_load1.6__MPC_TrackingG2V__seed3__2022-01-17,station_v0_bogota_grid_load1.6,load1.6,MPC_TrackingG2V,3,2022-01-17,weekday,-3.924825937505845,426,96,426,58,0.9167075619217186,1.0,27,3.924825937505827,0.9167075619217186,58
station_v0_bogota_grid_load1.6__ChargeAsFastAsPossible__seed3__2022-03-05,station_v0_bogota_grid_load1.6,load1.6,ChargeAsFastAsPossible,3,2022-03-05,weekend,-13.447049576075266,1004,96,1004,74,0.9085809969828011,1.0,27,13.447049576075225,0.9085809969828011,74
station_v0_bogota_grid_load1.6__TD3_vanilla_extended_ts102__seed3__2022-03-05,station_v0_bogota_grid_load1.6,load1.6,TD3_vanilla_extended_ts102,3,2022-03-05,weekend,-13.426973046261963,1000,96,1000,74,0.9085809969828011,1.0,27,13.42697304626192,0.9085809969828011,74
station_v0_bogota_grid_load1.6__RoundRobin__seed4__2022-01-17,station_v0_bogota_grid_load1.6,load1.6,RoundRobin,4,2022-01-17,weekday,-5.140558127423326,504,96,504,59,0.918369314310634,1.0,27,5.140558127423305,0.918369314310634,59
station_v0_bogota_grid_load1.6__Optimal_Oracle_Tracking__seed4__2022-01-17,station_v0_bogota_grid_load1.6,load1.6,Optimal_Oracle_Tracking,4,2022-01-17,weekday,-5.131734642339994,506,96,506,59,0.918621869805238,1.0,27,5.131734642339974,0.918621869805238,59
station_v0_bogota_grid_load1.6__MPC_TrackingG2V__seed4__2022-03-05,station_v0_bogota_grid_load1.6,load1.6,MPC_TrackingG2V,4,2022-03-05,weekend,-15.544478026013367,979,96,979,80,0.8909929999136877,1.0,27,15.544478026013325,0.8909929999136877,80
station_v0_bogota_grid_load1.6__ChargeAsFastAsPossible__seed5__2022-01-17,station_v0_bogota_grid_load1.6,load1.6,ChargeAsFastAsPossible,5,2022-01-17,weekday,-18.761610474305662,1238,96,1238,79,0.8962081491967977,1.0,27,18.761610474305613,0.8962081491967977,79
station_v0_bogota_grid_load1.6__TD3_vanilla_extended_ts102__seed5__2022-01-17,station_v0_bogota_grid_load1.6,load1.6,TD3_vanilla_extended_ts102,5,2022-01-17,weekday,-18.737448301941495,1237,96,1237,79,0.8962081491967977,1.0,27,18.737448301941445,0.8962081491967977,79
station_v0_bogota_grid_load1.6__RoundRobin__seed5__2022-03-05,station_v0_bogota_grid_load1.6,load1.6,RoundRobin,5,2022-03-05,weekend,-4.684101435393749,403,96,403,42,0.9162781635181028,1.0,27,4.684101435393732,0.9162781635181028,42
station_v0_bogota_grid_load1.6__Optimal_Oracle_Tracking__seed5__2022-03-05,station_v0_bogota_grid_load1.6,load1.6,Optimal_Oracle_Tracking,5,2022-03-05,weekend,-4.691283301444259,404,96,404,42,0.9164176654936046,1.0,27,4.691283301444243,0.9164176654936046,42
station_v0_bogota_grid_load1.6__MPC_TrackingG2V__seed6__2022-01-17,station_v0_bogota_grid_load1.6,load1.6,MPC_TrackingG2V,6,2022-01-17,weekday,-22.78643257099649,1286,96,1286,78,0.8843817744615456,1.0,27,22.786432570996435,0.8843817744615456,78
station_v0_bogota_grid_load1.6__ChargeAsFastAsPossible__seed6__2022-03-05,station_v0_bogota_grid_load1.6,load1.6,ChargeAsFastAsPossible,6,2022-03-05,weekend,-20.092688692517136,1335,96,1335,83,0.9006555495570046,1.0,27,20.09268869251708,0.9006555495570046,83
station_v0_bogota_grid_load1.6__TD3_vanilla_extended_ts102__seed6__2022-03-05,station_v0_bogota_grid_load1.6,load1.6,TD3_vanilla_extended_ts102,6,2022-03-05,weekend,-20.082512402871533,1331,96,1331,83,0.9006555495570046,1.0,27,20.082512402871476,0.9006555495570046,83
station_v0_bogota_grid_load1.6__RoundRobin__seed7__2022-01-17,station_v0_bogota_grid_load1.6,load1.6,RoundRobin,7,2022-01-17,weekday,-17.712551954153597,1127,96,1127,70,0.8948290717922784,1.0,27,17.712551954153547,0.8948290717922784,70
station_v0_bogota_grid_load1.6__Optimal_Oracle_Tracking__seed7__2022-01-17,station_v0_bogota_grid_load1.6,load1.6,Optimal_Oracle_Tracking,7,2022-01-17,weekday,-17.698079654349897,1132,96,1132,70,0.8945690745289446,1.0,27,17.698079654349847,0.8945690745289446,70
station_v0_bogota_grid_load1.6__MPC_TrackingG2V__seed7__2022-03-05,station_v0_bogota_grid_load1.6,load1.6,MPC_TrackingG2V,7,2022-03-05,weekend,-1.941876682127548,236,96,236,29,0.9275610219640128,1.0,27,1.9418766821275384,0.9275610219640128,29
station_v0_bogota_grid_load1.6__ChargeAsFastAsPossible__seed8__2022-01-17,station_v0_bogota_grid_load1.6,load1.6,ChargeAsFastAsPossible,8,2022-01-17,weekday,-15.450240727349186,1051,96,1051,76,0.8981448932428174,1.0,27,15.45024072734914,0.8981448932428174,76
station_v0_bogota_grid_load1.6__TD3_vanilla_extended_ts102__seed8__2022-01-17,station_v0_bogota_grid_load1.6,load1.6,TD3_vanilla_extended_ts102,8,2022-01-17,weekday,-15.435775920418386,1050,96,1050,76,0.8981448932428174,1.0,27,15.435775920418342,0.8981448932428174,76
station_v0_bogota_grid_load1.6__RoundRobin__seed8__2022-03-05,station_v0_bogota_grid_load1.6,load1.6,RoundRobin,8,2022-03-05,weekend,-8.194789066166178,667,96,667,68,0.907844173406546,1.0,27,8.19478906616615,0.907844173406546,68
station_v0_bogota_grid_load1.6__Optimal_Oracle_Tracking__seed8__2022-03-05,station_v0_bogota_grid_load1.6,load1.6,Optimal_Oracle_Tracking,8,2022-03-05,weekend,-8.199503964526025,669,96,669,69,0.9080590821700182,1.0,27,8.199503964525995,0.9080590821700182,69
station_v0_bogota_grid_load1.6__MPC_TrackingG2V__seed9__2022-01-17,station_v0_bogota_grid_load1.6,load1.6,MPC_TrackingG2V,9,2022-01-17,weekday,-10.386072485771995,777,96,777,69,0.9088016862592928,1.0,27,10.386072485771964,0.9088016862592928,69
station_v0_bogota_grid_load1.6__ChargeAsFastAsPossible__seed9__2022-03-05,station_v0_bogota_grid_load1.6,load1.6,ChargeAsFastAsPossible,9,2022-03-05,weekend,-2.8596905392747725,324,96,324,43,0.9227420152933618,1.0,27,2.859690539274759,0.9227420152933618,43
station_v0_bogota_grid_load1.6__TD3_vanilla_extended_ts102__seed9__2022-03-05,station_v0_bogota_grid_load1.6,load1.6,TD3_vanilla_extended_ts102,9,2022-03-05,weekend,-2.861531359999162,323,96,323,43,0.9227420152933618,1.0,27,2.861531359999149,0.9227420152933618,43
station_v0_bogota_grid_load1.6__RoundRobin__seed10__2022-01-17,station_v0_bogota_grid_load1.6,load1.6,RoundRobin,10,2022-01-17,weekday,-5.502420957932862,528,96,528,52,0.9119679718528746,1.0,27,5.50242095793284,0.9119679718528746,52
station_v0_bogota_grid_load1.6__Optimal_Oracle_Tracking__seed10__2022-01-17,station_v0_bogota_grid_load1.6,load1.6,Optimal_Oracle_Tracking,10,2022-01-17,weekday,-5.486177380111138,529,96,529,52,0.9121301969311172,1.0,27,5.486177380111116,0.9121301969311172,52
station_v0_bogota_grid_load1.6__MPC_TrackingG2V__seed10__2022-03-05,station_v0_bogota_grid_load1.6,load1.6,MPC_TrackingG2V,10,2022-03-05,weekend,-19.150458919006905,1317,96,1317,96,0.8955233822954481,1.0,27,19.150458919006844,0.8955233822954481,96
station_v0_bogota_grid_load1.6__ChargeAsFastAsPossible__seed11__2022-01-17,station_v0_bogota_grid_load1.6,load1.6,ChargeAsFastAsPossible,11,2022-01-17,weekday,-6.934555267755193,607,96,607,64,0.9176929257174756,1.0,27,6.934555267755167,0.9176929257174756,64
station_v0_bogota_grid_load1.6__TD3_vanilla_extended_ts102__seed11__2022-01-17,station_v0_bogota_grid_load1.6,load1.6,TD3_vanilla_extended_ts102,11,2022-01-17,weekday,-6.926655395810487,607,96,607,64,0.9176929257174756,1.0,27,6.926655395810462,0.9176929257174756,64
station_v0_bogota_grid_load1.6__RoundRobin__seed11__2022-03-05,station_v0_bogota_grid_load1.6,load1.6,RoundRobin,11,2022-03-05,weekend,-4.158276900756311,357,96,357,32,0.919195143335476,1.0,27,4.158276900756296,0.919195143335476,32
station_v0_bogota_grid_load1.6__Optimal_Oracle_Tracking__seed11__2022-03-05,station_v0_bogota_grid_load1.6,load1.6,Optimal_Oracle_Tracking,11,2022-03-05,weekend,-4.176439005893338,357,96,357,32,0.919084836615404,1.0,27,4.1764390058933225,0.919084836615404,32
station_v0_bogota_grid_load1.6__MPC_TrackingG2V__seed12__2022-01-17,station_v0_bogota_grid_load1.6,load1.6,MPC_TrackingG2V,12,2022-01-17,weekday,-19.217664257553547,1236,96,1236,76,0.8898572772855838,1.0,27,19.21766425755349,0.8898572772855838,76
station_v0_bogota_grid_load1.6__ChargeAsFastAsPossible__seed12__2022-03-05,station_v0_bogota_grid_load1.6,load1.6,ChargeAsFastAsPossible,12,2022-03-05,weekend,-1.286997841236848,218,96,218,26,0.933281177248595,1.0,27,1.2869978412368388,0.933281177248595,26
station_v0_bogota_grid_load1.6__TD3_vanilla_extended_ts102__seed12__2022-03-05,station_v0_bogota_grid_load1.6,load1.6,TD3_vanilla_extended_ts102,12,2022-03-05,weekend,-1.2726502138502438,217,96,217,26,0.933281177248595,1.0,27,1.2726502138502345,0.933281177248595,26
station_v0_bogota_grid_load1.6__RoundRobin__seed13__2022-01-17,station_v0_bogota_grid_load1.6,load1.6,RoundRobin,13,2022-01-17,weekday,-11.99851765642688,968,96,968,75,0.901479172784774,1.0,27,11.99851765642684,0.901479172784774,75
station_v0_bogota_grid_load1.6__Optimal_Oracle_Tracking__seed13__2022-01-17,station_v0_bogota_grid_load1.6,load1.6,Optimal_Oracle_Tracking,13,2022-01-17,weekday,-11.98524230276569,968,96,968,75,0.901880643282027,1.0,27,11.985242302765649,0.901880643282027,75
station_v0_bogota_grid_load1.6__MPC_TrackingG2V__seed13__2022-03-05,station_v0_bogota_grid_load1.6,load1.6,MPC_TrackingG2V,13,2022-03-05,weekend,-9.454424922858742,811,96,811,74,0.9099624411745596,1.0,27,9.45442492285871,0.9099624411745596,74
station_v0_bogota_grid_load1.6__ChargeAsFastAsPossible__seed14__2022-01-17,station_v0_bogota_grid_load1.6,load1.6,ChargeAsFastAsPossible,14,2022-01-17,weekday,-11.941050372519223,880,96,880,69,0.9061594083179731,1.0,27,11.941050372519188,0.9061594083179731,69
station_v0_bogota_grid_load1.6__TD3_vanilla_extended_ts102__seed14__2022-01-17,station_v0_bogota_grid_load1.6,load1.6,TD3_vanilla_extended_ts102,14,2022-01-17,weekday,-11.941511102636635,879,96,879,69,0.9061594223775108,1.0,27,11.941511102636602,0.9061594223775108,69
station_v0_bogota_grid_load1.6__RoundRobin__seed14__2022-03-05,station_v0_bogota_grid_load1.6,load1.6,RoundRobin,14,2022-03-05,weekend,-8.500409597619251,626,96,626,55,0.9031094514156628,1.0,27,8.500409597619225,0.9031094514156628,55
station_v0_bogota_grid_load1.6__Optimal_Oracle_Tracking__seed14__2022-03-05,station_v0_bogota_grid_load1.6,load1.6,Optimal_Oracle_Tracking,14,2022-03-05,weekend,-8.508197593659133,626,96,626,55,0.903417007512581,1.0,27,8.508197593659107,0.903417007512581,55
station_v0_bogota_grid_load1.6__MPC_TrackingG2V__seed15__2022-01-17,station_v0_bogota_grid_load1.6,load1.6,MPC_TrackingG2V,15,2022-01-17,weekday,-20.70187060733263,1258,96,1258,93,0.8859585610255234,1.0,27,20.701870607332573,0.8859585610255234,93
station_v0_bogota_grid_load1.6__ChargeAsFastAsPossible__seed15__2022-03-05,station_v0_bogota_grid_load1.6,load1.6,ChargeAsFastAsPossible,15,2022-03-05,weekend,-19.7697444408848,1297,96,1297,79,0.89927489584802,1.0,27,19.76974444088474,0.89927489584802,79
station_v0_bogota_grid_load1.6__TD3_vanilla_extended_ts102__seed15__2022-03-05,station_v0_bogota_grid_load1.6,load1.6,TD3_vanilla_extended_ts102,15,2022-03-05,weekend,-19.764823105865645,1297,96,1297,79,0.89927489584802,1.0,27,19.764823105865588,0.89927489584802,79
station_v0_bogota_grid_load1.6__RoundRobin__seed16__2022-01-17,station_v0_bogota_grid_load1.6,load1.6,RoundRobin,16,2022-01-17,weekday,-10.521118885893111,883,96,883,67,0.9063963206683884,1.0,27,10.521118885893078,0.9063963206683884,67
station_v0_bogota_grid_load1.6__Optimal_Oracle_Tracking__seed16__2022-01-17,station_v0_bogota_grid_load1.6,load1.6,Optimal_Oracle_Tracking,16,2022-01-17,weekday,-10.503971374990089,883,96,883,67,0.9065947418056056,1.0,27,10.503971374990048,0.9065947418056056,67
station_v0_bogota_grid_load1.6__MPC_TrackingG2V__seed16__2022-03-05,station_v0_bogota_grid_load1.6,load1.6,MPC_TrackingG2V,16,2022-03-05,weekend,-6.467307440300113,551,96,551,53,0.9084283054478154,1.0,27,6.46730744030009,0.9084283054478154,53
station_v0_bogota_grid_load1.6__ChargeAsFastAsPossible__seed17__2022-01-17,station_v0_bogota_grid_load1.6,load1.6,ChargeAsFastAsPossible,17,2022-01-17,weekday,-10.534356294219592,860,96,860,65,0.9036347181346394,1.0,27,10.534356294219556,0.9036347181346394,65
station_v0_bogota_grid_load1.6__TD3_vanilla_extended_ts102__seed17__2022-01-17,station_v0_bogota_grid_load1.6,load1.6,TD3_vanilla_extended_ts102,17,2022-01-17,weekday,-10.525032213174372,861,96,861,65,0.9036347181346394,1.0,27,10.525032213174336,0.9036347181346394,65
station_v0_bogota_grid_load1.6__RoundRobin__seed17__2022-03-05,station_v0_bogota_grid_load1.6,load1.6,RoundRobin,17,2022-03-05,weekend,-3.933164425159391,413,96,413,49,0.9185023859718552,1.0,27,3.9331644251593754,0.9185023859718552,49
station_v0_bogota_grid_load1.6__Optimal_Oracle_Tracking__seed17__2022-03-05,station_v0_bogota_grid_load1.6,load1.6,Optimal_Oracle_Tracking,17,2022-03-05,weekend,-3.9489995655004817,413,96,413,49,0.9182562400539808,1.0,27,3.948999565500464,0.9182562400539808,49
station_v0_bogota_grid_load1.6__MPC_TrackingG2V__seed18__2022-01-17,station_v0_bogota_grid_load1.6,load1.6,MPC_TrackingG2V,18,2022-01-17,weekday,-19.943731619868117,1253,96,1253,88,0.8855300813044575,1.0,27,19.94373161986806,0.8855300813044575,88
station_v0_bogota_grid_load1.6__ChargeAsFastAsPossible__seed18__2022-03-05,station_v0_bogota_grid_load1.6,load1.6,ChargeAsFastAsPossible,18,2022-03-05,weekend,-6.6660328679962415,647,96,647,71,0.9127759865236408,1.0,27,6.666032867996215,0.9127759865236408,71
station_v0_bogota_grid_load1.6__TD3_vanilla_extended_ts102__seed18__2022-03-05,station_v0_bogota_grid_load1.6,load1.6,TD3_vanilla_extended_ts102,18,2022-03-05,weekend,-6.6654697981711095,647,96,647,71,0.9128635178992208,1.0,27,6.665469798171083,0.9128635178992208,71
station_v0_bogota_grid_load1.6__RoundRobin__seed19__2022-01-17,station_v0_bogota_grid_load1.6,load1.6,RoundRobin,19,2022-01-17,weekday,-22.473671146975867,1264,96,1264,72,0.8782953890869212,1.0,27,22.47367114697581,0.8782953890869212,72
station_v0_bogota_grid_load1.6__Optimal_Oracle_Tracking__seed19__2022-01-17,station_v0_bogota_grid_load1.6,load1.6,Optimal_Oracle_Tracking,19,2022-01-17,weekday,-22.462773622350053,1264,96,1264,72,0.8783275340218226,1.0,27,22.462773622349992,0.8783275340218226,72
station_v0_bogota_grid_load1.6__MPC_TrackingG2V__seed19__2022-03-05,station_v0_bogota_grid_load1.6,load1.6,MPC_TrackingG2V,19,2022-03-05,weekend,-2.7822155743511585,299,96,299,47,0.923125922205201,1.0,27,2.782215574351146,0.923125922205201,47
station_v0_bogota_grid_load1.6__ChargeAsFastAsPossible__seed20__2022-01-17,station_v0_bogota_grid_load1.6,load1.6,ChargeAsFastAsPossible,20,2022-01-17,weekday,-22.806532563553503,1376,96,1376,95,0.8884687190708856,1.0,27,22.806532563553443,0.8884687190708856,95
station_v0_bogota_grid_load1.6__TD3_vanilla_extended_ts102__seed20__2022-01-17,station_v0_bogota_grid_load1.6,load1.6,TD3_vanilla_extended_ts102,20,2022-01-17,weekday,-22.80506308000635,1375,96,1375,95,0.8885190150283706,1.0,27,22.805063080006285,0.8885190150283706,95
station_v0_bogota_grid_load1.6__RoundRobin__seed20__2022-03-05,station_v0_bogota_grid_load1.6,load1.6,RoundRobin,20,2022-03-05,weekend,-2.8048935893486817,258,96,258,27,0.9204406931924314,1.0,27,2.804893589348671,0.9204406931924314,27
station_v0_bogota_grid_load1.6__Optimal_Oracle_Tracking__seed20__2022-03-05,station_v0_bogota_grid_load1.6,load1.6,Optimal_Oracle_Tracking,20,2022-03-05,weekend,-2.795949981470993,259,96,259,27,0.9206848968613256,1.0,27,2.795949981470982,0.9206848968613256,27
station_v0_bogota_grid_load1.6__MPC_TrackingG2V__seed21__2022-01-17,station_v0_bogota_grid_load1.6,load1.6,MPC_TrackingG2V,21,2022-01-17,weekday,-16.035661307834136,1012,96,1012,72,0.8948145157277178,1.0,27,16.03566130783409,0.8948145157277178,72
station_v0_bogota_grid_load1.6__ChargeAsFastAsPossible__seed21__2022-03-05,station_v0_bogota_grid_load1.6,load1.6,ChargeAsFastAsPossible,21,2022-03-05,weekend,-12.709875995321708,922,96,922,87,0.8995146128875646,1.0,27,12.709875995321664,0.8995146128875646,87
station_v0_bogota_grid_load1.6__TD3_vanilla_extended_ts102__seed21__2022-03-05,station_v0_bogota_grid_load1.6,load1.6,TD3_vanilla_extended_ts102,21,2022-03-05,weekend,-12.698388213152215,925,96,925,87,0.8995146128875646,1.0,27,12.698388213152176,0.8995146128875646,87
station_v0_bogota_grid_load1.6__RoundRobin__seed22__2022-01-17,station_v0_bogota_grid_load1.6,load1.6,RoundRobin,22,2022-01-17,weekday,-14.307833451362107,1118,96,1118,88,0.9043905041492462,1.0,27,14.307833451362058,0.9043905041492462,88
station_v0_bogota_grid_load1.6__Optimal_Oracle_Tracking__seed22__2022-01-17,station_v0_bogota_grid_load1.6,load1.6,Optimal_Oracle_Tracking,22,2022-01-17,weekday,-14.30186595114012,1123,96,1123,88,0.9045419759343808,1.0,27,14.301865951140073,0.9045419759343808,88
station_v0_bogota_grid_load1.6__MPC_TrackingG2V__seed22__2022-03-05,station_v0_bogota_grid_load1.6,load1.6,MPC_TrackingG2V,22,2022-03-05,weekend,-8.02712461547475,696,96,696,71,0.9094542044311652,1.0,27,8.02712461547472,0.9094542044311652,71
station_v0_bogota_grid_load1.6__ChargeAsFastAsPossible__seed23__2022-01-17,station_v0_bogota_grid_load1.6,load1.6,ChargeAsFastAsPossible,23,2022-01-17,weekday,-18.76029255946684,1255,96,1255,96,0.8903829591568289,1.0,27,18.76029255946678,0.8903829591568289,96
station_v0_bogota_grid_load1.6__TD3_vanilla_extended_ts102__seed23__2022-01-17,station_v0_bogota_grid_load1.6,load1.6,TD3_vanilla_extended_ts102,23,2022-01-17,weekday,-18.71019197153852,1251,96,1251,96,0.8903829591568289,1.0,27,18.71019197153846,0.8903829591568289,96
station_v0_bogota_grid_load1.6__RoundRobin__seed23__2022-03-05,station_v0_bogota_grid_load1.6,load1.6,RoundRobin,23,2022-03-05,weekend,-3.781174075847239,360,96,360,46,0.9231740823038332,1.0,27,3.781174075847224,0.9231740823038332,46
station_v0_bogota_grid_load1.6__Optimal_Oracle_Tracking__seed23__2022-03-05,station_v0_bogota_grid_load1.6,load1.6,Optimal_Oracle_Tracking,23,2022-03-05,weekend,-3.7970751719084057,363,96,363,46,0.9230684287227928,1.0,27,3.79707517190839,0.9230684287227928,46
station_v0_bogota_grid_load1.6__MPC_TrackingG2V__seed24__2022-01-17,station_v0_bogota_grid_load1.6,load1.6,MPC_TrackingG2V,24,2022-01-17,weekday,-17.974310194332386,1060,96,1060,76,0.8933089776055193,1.0,27,17.974310194332336,0.8933089776055193,76
station_v0_bogota_grid_load1.6__ChargeAsFastAsPossible__seed24__2022-03-05,station_v0_bogota_grid_load1.6,load1.6,ChargeAsFastAsPossible,24,2022-03-05,weekend,-5.845179105797781,544,96,544,58,0.912674909570681,1.0,27,5.845179105797758,0.912674909570681,58
station_v0_bogota_grid_load1.6__TD3_vanilla_extended_ts102__seed24__2022-03-05,station_v0_bogota_grid_load1.6,load1.6,TD3_vanilla_extended_ts102,24,2022-03-05,weekend,-5.831352768545714,543,96,543,58,0.912674909570681,1.0,27,5.831352768545691,0.912674909570681,58
station_v0_bogota_grid_load1.6__RoundRobin__seed25__2022-01-17,station_v0_bogota_grid_load1.6,load1.6,RoundRobin,25,2022-01-17,weekday,-4.618235596999974,446,96,446,61,0.9131118337880164,1.0,27,4.6182355969999564,0.9131118337880164,61
station_v0_bogota_grid_load1.6__Optimal_Oracle_Tracking__seed25__2022-01-17,station_v0_bogota_grid_load1.6,load1.6,Optimal_Oracle_Tracking,25,2022-01-17,weekday,-4.596005965573346,447,96,447,61,0.9133257836526772,1.0,27,4.596005965573328,0.9133257836526772,61
station_v0_bogota_grid_load1.6__MPC_TrackingG2V__seed25__2022-03-05,station_v0_bogota_grid_load1.6,load1.6,MPC_TrackingG2V,25,2022-03-05,weekend,-10.430181268339192,704,96,704,56,0.8971264480458214,1.0,27,10.430181268339163,0.8971264480458214,56
station_v0_bogota_grid_load1.6__ChargeAsFastAsPossible__seed26__2022-01-17,station_v0_bogota_grid_load1.6,load1.6,ChargeAsFastAsPossible,26,2022-01-17,weekday,-20.685966528084023,1327,96,1327,96,0.8945005431581934,1.0,27,20.68596652808396,0.8945005431581934,96
station_v0_bogota_grid_load1.6__TD3_vanilla_extended_ts102__seed26__2022-01-17,station_v0_bogota_grid_load1.6,load1.6,TD3_vanilla_extended_ts102,26,2022-01-17,weekday,-20.686818571164853,1331,96,1331,96,0.8945005431581934,1.0,27,20.6868185711648,0.8945005431581934,96
station_v0_bogota_grid_load1.6__RoundRobin__seed26__2022-03-05,station_v0_bogota_grid_load1.6,load1.6,RoundRobin,26,2022-03-05,weekend,-2.8714656842782342,295,96,295,33,0.9207865625437228,1.0,27,2.871465684278222,0.9207865625437228,33
station_v0_bogota_grid_load1.6__Optimal_Oracle_Tracking__seed26__2022-03-05,station_v0_bogota_grid_load1.6,load1.6,Optimal_Oracle_Tracking,26,2022-03-05,weekend,-2.865812776267084,292,96,292,32,0.9210118423331444,1.0,27,2.865812776267072,0.9210118423331444,32
station_v0_bogota_grid_load1.6__MPC_TrackingG2V__seed27__2022-01-17,station_v0_bogota_grid_load1.6,load1.6,MPC_TrackingG2V,27,2022-01-17,weekday,-12.912370526774138,1008,96,1008,69,0.903880914879268,1.0,27,12.912370526774096,0.903880914879268,69
station_v0_bogota_grid_load1.6__ChargeAsFastAsPossible__seed27__2022-03-05,station_v0_bogota_grid_load1.6,load1.6,ChargeAsFastAsPossible,27,2022-03-05,weekend,-2.904062190452425,331,96,331,51,0.9238159649091592,1.0,27,2.904062190452412,0.9238159649091592,51
station_v0_bogota_grid_load1.6__TD3_vanilla_extended_ts102__seed27__2022-03-05,station_v0_bogota_grid_load1.6,load1.6,TD3_vanilla_extended_ts102,27,2022-03-05,weekend,-2.904062190452425,331,96,331,51,0.9238159649091592,1.0,27,2.904062190452412,0.9238159649091592,51
station_v0_bogota_grid_load1.6__RoundRobin__seed28__2022-01-17,station_v0_bogota_grid_load1.6,load1.6,RoundRobin,28,2022-01-17,weekday,-4.147899836308987,418,96,418,49,0.9165599260537072,1.0,27,4.147899836308969,0.9165599260537072,49
station_v0_bogota_grid_load1.6__Optimal_Oracle_Tracking__seed28__2022-01-17,station_v0_bogota_grid_load1.6,load1.6,Optimal_Oracle_Tracking,28,2022-01-17,weekday,-4.147286625619127,419,96,419,49,0.9167616613427596,1.0,27,4.147286625619109,0.9167616613427596,49
station_v0_bogota_grid_load1.6__MPC_TrackingG2V__seed28__2022-03-05,station_v0_bogota_grid_load1.6,load1.6,MPC_TrackingG2V,28,2022-03-05,weekend,-3.111676707933228,338,96,338,52,0.9250070347320072,1.0,27,3.111676707933213,0.9250070347320072,52
station_v0_bogota_grid_load1.6__ChargeAsFastAsPossible__seed29__2022-01-17,station_v0_bogota_grid_load1.6,load1.6,ChargeAsFastAsPossible,29,2022-01-17,weekday,-14.625652797710986,932,96,932,69,0.8883877525991242,1.0,27,14.625652797710943,0.8883877525991242,69
station_v0_bogota_grid_load1.6__TD3_vanilla_extended_ts102__seed29__2022-01-17,station_v0_bogota_grid_load1.6,load1.6,TD3_vanilla_extended_ts102,29,2022-01-17,weekday,-14.60747122918516,930,96,930,69,0.8883877525991242,1.0,27,14.607471229185116,0.8883877525991242,69
station_v0_bogota_grid_load1.6__RoundRobin__seed29__2022-03-05,station_v0_bogota_grid_load1.6,load1.6,RoundRobin,29,2022-03-05,weekend,-11.301565345538236,776,96,776,76,0.8932799340800486,1.0,27,11.301565345538204,0.8932799340800486,76
station_v0_bogota_grid_load1.6__Optimal_Oracle_Tracking__seed29__2022-03-05,station_v0_bogota_grid_load1.6,load1.6,Optimal_Oracle_Tracking,29,2022-03-05,weekend,-11.33142995781536,775,96,775,76,0.8936588224775982,1.0,27,11.331429957815326,0.8936588224775982,76
station_v0_bogota_grid_load1.6__MPC_TrackingG2V__seed30__2022-01-17,station_v0_bogota_grid_load1.6,load1.6,MPC_TrackingG2V,30,2022-01-17,weekday,-3.410787182782665,386,96,386,56,0.9180656799595216,1.0,27,3.4107871827826486,0.9180656799595216,56
station_v0_bogota_grid_load1.6__ChargeAsFastAsPossible__seed30__2022-03-05,station_v0_bogota_grid_load1.6,load1.6,ChargeAsFastAsPossible,30,2022-03-05,weekend,-6.719482000227017,579,96,579,60,0.9079285732526275,1.0,27,6.719482000226993,0.9079285732526275,60
station_v0_bogota_grid_load1.6__TD3_vanilla_extended_ts102__seed30__2022-03-05,station_v0_bogota_grid_load1.6,load1.6,TD3_vanilla_extended_ts102,30,2022-03-05,weekend,-6.722167601838973,579,96,579,60,0.9093271390552562,1.0,27,6.72216760183895,0.9093271390552562,60
station_v0_bogota_grid_load1.6__RoundRobin__seed31__2022-01-17,station_v0_bogota_grid_load1.6,load1.6,RoundRobin,31,2022-01-17,weekday,-8.878423623802787,788,96,788,86,0.9076254516278852,1.0,27,8.878423623802751,0.9076254516278852,86
station_v0_bogota_grid_load1.6__Optimal_Oracle_Tracking__seed31__2022-01-17,station_v0_bogota_grid_load1.6,load1.6,Optimal_Oracle_Tracking,31,2022-01-17,weekday,-8.874490308998771,789,96,789,86,0.907544690436198,1.0,27,8.874490308998737,0.907544690436198,86
station_v0_bogota_grid_load1.6__MPC_TrackingG2V__seed31__2022-03-05,station_v0_bogota_grid_load1.6,load1.6,MPC_TrackingG2V,31,2022-03-05,weekend,-1.3727466578526386,191,96,191,36,0.9339499765371102,1.0,27,1.3727466578526306,0.9339499765371102,36
station_v0_bogota_grid_load1.6__ChargeAsFastAsPossible__seed32__2022-01-17,station_v0_bogota_grid_load1.6,load1.6,ChargeAsFastAsPossible,32,2022-01-17,weekday,-15.257739158411496,992,96,992,75,0.8981255856655889,1.0,27,15.257739158411454,0.8981255856655889,75
station_v0_bogota_grid_load1.6__TD3_vanilla_extended_ts102__seed32__2022-01-17,station_v0_bogota_grid_load1.6,load1.6,TD3_vanilla_extended_ts102,32,2022-01-17,weekday,-15.240278181919418,993,96,993,75,0.8981255856655889,1.0,27,15.240278181919372,0.8981255856655889,75
station_v0_bogota_grid_load1.6__RoundRobin__seed32__2022-03-05,station_v0_bogota_grid_load1.6,load1.6,RoundRobin,32,2022-03-05,weekend,-1.8890861247179709,260,96,260,27,0.929377943452182,1.0,27,1.88908612471796,0.929377943452182,27
station_v0_bogota_grid_load1.6__Optimal_Oracle_Tracking__seed32__2022-03-05,station_v0_bogota_grid_load1.6,load1.6,Optimal_Oracle_Tracking,32,2022-03-05,weekend,-1.90937736753087,260,96,260,27,0.9291254533264188,1.0,27,1.9093773675308592,0.9291254533264188,27
station_v0_bogota_grid_load1.6__MPC_TrackingG2V__seed33__2022-01-17,station_v0_bogota_grid_load1.6,load1.6,MPC_TrackingG2V,33,2022-01-17,weekday,-12.401071853902945,910,96,910,76,0.901632846223542,1.0,27,12.401071853902902,0.901632846223542,76
station_v0_bogota_grid_load1.6__ChargeAsFastAsPossible__seed33__2022-03-05,station_v0_bogota_grid_load1.6,load1.6,ChargeAsFastAsPossible,33,2022-03-05,weekend,-6.020783795501657,581,96,581,62,0.9118381994136788,1.0,27,6.020783795501632,0.9118381994136788,62
station_v0_bogota_grid_load1.6__TD3_vanilla_extended_ts102__seed33__2022-03-05,station_v0_bogota_grid_load1.6,load1.6,TD3_vanilla_extended_ts102,33,2022-03-05,weekend,-6.019864757259481,580,96,580,62,0.9138178805078344,1.0,27,6.019864757259457,0.9138178805078344,62
station_v0_bogota_grid_load1.6__RoundRobin__seed34__2022-01-17,station_v0_bogota_grid_load1.6,load1.6,RoundRobin,34,2022-01-17,weekday,-8.874142969975598,877,96,877,70,0.9129546076247116,1.0,27,8.87414296997556,0.9129546076247116,70
station_v0_bogota_grid_load1.6__Optimal_Oracle_Tracking__seed34__2022-01-17,station_v0_bogota_grid_load1.6,load1.6,Optimal_Oracle_Tracking,34,2022-01-17,weekday,-8.860188313009767,878,96,878,70,0.9131356308347978,1.0,27,8.86018831300973,0.9131356308347978,70
station_v0_bogota_grid_load1.6__MPC_TrackingG2V__seed34__2022-03-05,station_v0_bogota_grid_load1.6,load1.6,MPC_TrackingG2V,34,2022-03-05,weekend,-12.627621558175434,829,96,829,75,0.8911446225119926,1.0,27,12.627621558175395,0.8911446225119926,75
station_v0_bogota_grid_load1.6__ChargeAsFastAsPossible__seed35__2022-01-17,station_v0_bogota_grid_load1.6,load1.6,ChargeAsFastAsPossible,35,2022-01-17,weekday,-4.216198215036194,448,96,448,51,0.9184444780805312,1.0,27,4.216198215036174,0.9184444780805312,51
station_v0_bogota_grid_load1.6__TD3_vanilla_extended_ts102__seed35__2022-01-17,station_v0_bogota_grid_load1.6,load1.6,TD3_vanilla_extended_ts102,35,2022-01-17,weekday,-4.21110871562515,449,96,449,51,0.9177883587425502,1.0,27,4.211108715625131,0.9177883587425502,51
station_v0_bogota_grid_load1.6__RoundRobin__seed35__2022-03-05,station_v0_bogota_grid_load1.6,load1.6,RoundRobin,35,2022-03-05,weekend,-10.87032609000564,828,96,828,72,0.9017445312042834,1.0,27,10.870326090005603,0.9017445312042834,72
station_v0_bogota_grid_load1.6__Optimal_Oracle_Tracking__seed35__2022-03-05,station_v0_bogota_grid_load1.6,load1.6,Optimal_Oracle_Tracking,35,2022-03-05,weekend,-10.897798513371464,826,96,826,71,0.9020292530049344,1.0,27,10.897798513371429,0.9020292530049344,71
station_v0_bogota_grid_load1.6__MPC_TrackingG2V__seed36__2022-01-17,station_v0_bogota_grid_load1.6,load1.6,MPC_TrackingG2V,36,2022-01-17,weekday,-14.834613432758776,1070,96,1070,73,0.9046055689155872,1.0,27,14.834613432758731,0.9046055689155872,73
station_v0_bogota_grid_load1.6__ChargeAsFastAsPossible__seed36__2022-03-05,station_v0_bogota_grid_load1.6,load1.6,ChargeAsFastAsPossible,36,2022-03-05,weekend,-11.161072437248452,746,96,746,60,0.899910490021193,1.0,27,11.16107243724842,0.899910490021193,60
station_v0_bogota_grid_load1.6__TD3_vanilla_extended_ts102__seed36__2022-03-05,station_v0_bogota_grid_load1.6,load1.6,TD3_vanilla_extended_ts102,36,2022-03-05,weekend,-11.154367084127331,746,96,746,60,0.899910490021193,1.0,27,11.1543670841273,0.899910490021193,60
station_v0_bogota_grid_load1.6__RoundRobin__seed37__2022-01-17,station_v0_bogota_grid_load1.6,load1.6,RoundRobin,37,2022-01-17,weekday,-13.26501129142715,978,96,978,82,0.9038758758486474,1.0,27,13.265011291427111,0.9038758758486474,82
station_v0_bogota_grid_load1.6__Optimal_Oracle_Tracking__seed37__2022-01-17,station_v0_bogota_grid_load1.6,load1.6,Optimal_Oracle_Tracking,37,2022-01-17,weekday,-13.2580354919962,979,96,979,82,0.9035769914122274,1.0,27,13.258035491996155,0.9035769914122274,82
station_v0_bogota_grid_load1.6__MPC_TrackingG2V__seed37__2022-03-05,station_v0_bogota_grid_load1.6,load1.6,MPC_TrackingG2V,37,2022-03-05,weekend,-9.174606223184432,767,96,767,84,0.8998789427138592,1.0,27,9.1746062231844,0.8998789427138592,84
station_v0_bogota_grid_load1.6__ChargeAsFastAsPossible__seed38__2022-01-17,station_v0_bogota_grid_load1.6,load1.6,ChargeAsFastAsPossible,38,2022-01-17,weekday,-11.870792310575863,1017,96,1017,71,0.9064738502885572,1.0,27,11.870792310575824,0.9064738502885572,71
station_v0_bogota_grid_load1.6__TD3_vanilla_extended_ts102__seed38__2022-01-17,station_v0_bogota_grid_load1.6,load1.6,TD3_vanilla_extended_ts102,38,2022-01-17,weekday,-11.874106774103971,1016,96,1016,71,0.9064631997421528,1.0,27,11.874106774103929,0.9064631997421528,71
station_v0_bogota_grid_load1.6__RoundRobin__seed38__2022-03-05,station_v0_bogota_grid_load1.6,load1.6,RoundRobin,38,2022-03-05,weekend,-3.188405093178602,361,96,361,40,0.9240220088157826,1.0,27,3.188405093178587,0.9240220088157826,40
station_v0_bogota_grid_load1.6__Optimal_Oracle_Tracking__seed38__2022-03-05,station_v0_bogota_grid_load1.6,load1.6,Optimal_Oracle_Tracking,38,2022-03-05,weekend,-3.19094621110434,360,96,360,40,0.923678545219669,1.0,27,3.1909462111043245,0.923678545219669,40
station_v0_bogota_grid_load1.6__MPC_TrackingG2V__seed39__2022-01-17,station_v0_bogota_grid_load1.6,load1.6,MPC_TrackingG2V,39,2022-01-17,weekday,-9.400237235295153,699,96,699,67,0.9079834277205768,1.0,27,9.40023723529512,0.9079834277205768,67
station_v0_bogota_grid_load1.6__ChargeAsFastAsPossible__seed39__2022-03-05,station_v0_bogota_grid_load1.6,load1.6,ChargeAsFastAsPossible,39,2022-03-05,weekend,-4.387604014331551,413,96,413,51,0.9143466379746382,1.0,27,4.387604014331534,0.9143466379746382,51
station_v0_bogota_grid_load1.6__TD3_vanilla_extended_ts102__seed39__2022-03-05,station_v0_bogota_grid_load1.6,load1.6,TD3_vanilla_extended_ts102,39,2022-03-05,weekend,-4.387604014331551,413,96,413,51,0.9143466379746382,1.0,27,4.387604014331534,0.9143466379746382,51
station_v0_bogota_grid_load1.6__RoundRobin__seed40__2022-01-17,station_v0_bogota_grid_load1.6,load1.6,RoundRobin,40,2022-01-17,weekday,-7.380939205375305,563,96,563,65,0.911649265862058,1.0,27,7.380939205375282,0.911649265862058,65
station_v0_bogota_grid_load1.6__Optimal_Oracle_Tracking__seed40__2022-01-17,station_v0_bogota_grid_load1.6,load1.6,Optimal_Oracle_Tracking,40,2022-01-17,weekday,-7.357860353644776,562,96,562,65,0.912004251799732,1.0,27,7.357860353644753,0.912004251799732,65
station_v0_bogota_grid_load1.6__MPC_TrackingG2V__seed40__2022-03-05,station_v0_bogota_grid_load1.6,load1.6,MPC_TrackingG2V,40,2022-03-05,weekend,-4.57038375788359,488,96,488,61,0.9193736752184744,1.0,27,4.57038375788357,0.9193736752184744,61
station_v0_bogota_grid_load1.6__ChargeAsFastAsPossible__seed41__2022-01-17,station_v0_bogota_grid_load1.6,load1.6,ChargeAsFastAsPossible,41,2022-01-17,weekday,-19.98252164725221,1218,96,1218,94,0.8868410480764546,1.0,27,19.982521647252156,0.8868410480764546,94
station_v0_bogota_grid_load1.6__TD3_vanilla_extended_ts102__seed41__2022-01-17,station_v0_bogota_grid_load1.6,load1.6,TD3_vanilla_extended_ts102,41,2022-01-17,weekday,-19.973720439471343,1218,96,1218,94,0.8868410480764546,1.0,27,19.97372043947129,0.8868410480764546,94
station_v0_bogota_grid_load1.6__RoundRobin__seed41__2022-03-05,station_v0_bogota_grid_load1.6,load1.6,RoundRobin,41,2022-03-05,weekend,-7.687100775605448,683,96,683,67,0.9115502850896104,1.0,27,7.68710077560542,0.9115502850896104,67
station_v0_bogota_grid_load1.6__Optimal_Oracle_Tracking__seed41__2022-03-05,station_v0_bogota_grid_load1.6,load1.6,Optimal_Oracle_Tracking,41,2022-03-05,weekend,-7.692957240866146,685,96,685,67,0.9116578142964148,1.0,27,7.692957240866118,0.9116578142964148,67
station_v0_bogota_grid_load1.6__MPC_TrackingG2V__seed42__2022-01-17,station_v0_bogota_grid_load1.6,load1.6,MPC_TrackingG2V,42,2022-01-17,weekday,-13.023851963711914,961,96,961,75,0.902745650043972,1.0,27,13.023851963711872,0.902745650043972,75
station_v0_bogota_grid_load1.6__ChargeAsFastAsPossible__seed42__2022-03-05,station_v0_bogota_grid_load1.6,load1.6,ChargeAsFastAsPossible,42,2022-03-05,weekend,-8.47693850243692,761,96,761,73,0.9088160810362674,1.0,27,8.476938502436889,0.9088160810362674,73
station_v0_bogota_grid_load1.6__TD3_vanilla_extended_ts102__seed42__2022-03-05,station_v0_bogota_grid_load1.6,load1.6,TD3_vanilla_extended_ts102,42,2022-03-05,weekend,-8.467165734176364,762,96,762,73,0.9108789894918052,1.0,27,8.467165734176332,0.9108789894918052,73
station_v0_bogota_grid_load1.6__RoundRobin__seed43__2022-01-17,station_v0_bogota_grid_load1.6,load1.6,RoundRobin,43,2022-01-17,weekday,-19.43829695629432,1125,96,1125,73,0.8889671141610189,1.0,27,19.43829695629427,0.8889671141610189,73
station_v0_bogota_grid_load1.6__Optimal_Oracle_Tracking__seed43__2022-01-17,station_v0_bogota_grid_load1.6,load1.6,Optimal_Oracle_Tracking,43,2022-01-17,weekday,-19.435729244936333,1124,96,1124,73,0.8891491264529953,1.0,27,19.43572924493628,0.8891491264529953,73
station_v0_bogota_grid_load1.6__MPC_TrackingG2V__seed43__2022-03-05,station_v0_bogota_grid_load1.6,load1.6,MPC_TrackingG2V,43,2022-03-05,weekend,-5.60440817555066,512,96,512,50,0.9147201410027233,1.0,27,5.604408175550638,0.9147201410027233,50
station_v0_bogota_grid_load1.6__ChargeAsFastAsPossible__seed44__2022-01-17,station_v0_bogota_grid_load1.6,load1.6,ChargeAsFastAsPossible,44,2022-01-17,weekday,-23.02940583831193,1364,96,1364,96,0.8858361057709198,1.0,27,23.029405838311867,0.8858361057709198,96
station_v0_bogota_grid_load1.6__TD3_vanilla_extended_ts102__seed44__2022-01-17,station_v0_bogota_grid_load1.6,load1.6,TD3_vanilla_extended_ts102,44,2022-01-17,weekday,-23.00887508414502,1363,96,1363,96,0.8858361057709198,1.0,27,23.00887508414496,0.8858361057709198,96
station_v0_bogota_grid_load1.6__RoundRobin__seed44__2022-03-05,station_v0_bogota_grid_load1.6,load1.6,RoundRobin,44,2022-03-05,weekend,-6.122763140338824,504,96,504,52,0.9112586324871484,1.0,27,6.122763140338803,0.9112586324871484,52
station_v0_bogota_grid_load1.6__Optimal_Oracle_Tracking__seed44__2022-03-05,station_v0_bogota_grid_load1.6,load1.6,Optimal_Oracle_Tracking,44,2022-03-05,weekend,-6.1416685259923,504,96,504,52,0.9113796354062282,1.0,27,6.141668525992279,0.9113796354062282,52
station_v0_bogota_grid_load1.6__MPC_TrackingG2V__seed45__2022-01-17,station_v0_bogota_grid_load1.6,load1.6,MPC_TrackingG2V,45,2022-01-17,weekday,-7.165044163578903,600,96,600,58,0.9047730407409648,1.0,27,7.165044163578879,0.9047730407409648,58
station_v0_bogota_grid_load1.6__ChargeAsFastAsPossible__seed45__2022-03-05,station_v0_bogota_grid_load1.6,load1.6,ChargeAsFastAsPossible,45,2022-03-05,weekend,-7.701068404729786,718,96,718,76,0.9143977113391482,1.0,27,7.701068404729755,0.9143977113391482,76
station_v0_bogota_grid_load1.6__TD3_vanilla_extended_ts102__seed45__2022-03-05,station_v0_bogota_grid_load1.6,load1.6,TD3_vanilla_extended_ts102,45,2022-03-05,weekend,-7.690496724019362,717,96,717,76,0.9143977113391482,1.0,27,7.69049672401933,0.9143977113391482,76
station_v0_bogota_grid_load1.6__RoundRobin__seed46__2022-01-17,station_v0_bogota_grid_load1.6,load1.6,RoundRobin,46,2022-01-17,weekday,-6.956063558200992,632,96,632,61,0.9060733060018462,1.0,27,6.956063558200965,0.9060733060018462,61
station_v0_bogota_grid_load1.6__Optimal_Oracle_Tracking__seed46__2022-01-17,station_v0_bogota_grid_load1.6,load1.6,Optimal_Oracle_Tracking,46,2022-01-17,weekday,-6.953045395725912,629,96,629,61,0.9058829271377754,1.0,27,6.953045395725884,0.9058829271377754,61
station_v0_bogota_grid_load1.6__MPC_TrackingG2V__seed46__2022-03-05,station_v0_bogota_grid_load1.6,load1.6,MPC_TrackingG2V,46,2022-03-05,weekend,-6.6671226146716815,624,96,624,68,0.9125161470563706,1.0,27,6.667122614671656,0.9125161470563706,68
station_v0_bogota_grid_load1.6__ChargeAsFastAsPossible__seed47__2022-01-17,station_v0_bogota_grid_load1.6,load1.6,ChargeAsFastAsPossible,47,2022-01-17,weekday,-13.096725691226707,888,96,888,63,0.9061886279253156,1.0,27,13.096725691226672,0.9061886279253156,63
station_v0_bogota_grid_load1.6__TD3_vanilla_extended_ts102__seed47__2022-01-17,station_v0_bogota_grid_load1.6,load1.6,TD3_vanilla_extended_ts102,47,2022-01-17,weekday,-13.091080574223644,885,96,885,63,0.9061886279253156,1.0,27,13.091080574223607,0.9061886279253156,63
station_v0_bogota_grid_load1.6__RoundRobin__seed47__2022-03-05,station_v0_bogota_grid_load1.6,load1.6,RoundRobin,47,2022-03-05,weekend,-5.6144664699093845,460,96,460,39,0.9165120653771897,1.0,27,5.614466469909364,0.9165120653771897,39
station_v0_bogota_grid_load1.6__Optimal_Oracle_Tracking__seed47__2022-03-05,station_v0_bogota_grid_load1.6,load1.6,Optimal_Oracle_Tracking,47,2022-03-05,weekend,-5.629633721235493,460,96,460,39,0.9161960585452265,1.0,27,5.629633721235473,0.9161960585452265,39
station_v0_bogota_grid_load1.6__MPC_TrackingG2V__seed48__2022-01-17,station_v0_bogota_grid_load1.6,load1.6,MPC_TrackingG2V,48,2022-01-17,weekday,-24.162050085243344,1479,96,1479,96,0.8916282185915196,1.0,27,24.16205008524328,0.8916282185915196,96
station_v0_bogota_grid_load1.6__ChargeAsFastAsPossible__seed48__2022-03-05,station_v0_bogota_grid_load1.6,load1.6,ChargeAsFastAsPossible,48,2022-03-05,weekend,-5.131233577900282,515,96,515,57,0.9161107399168892,1.0,27,5.13123357790026,0.9161107399168892,57
station_v0_bogota_grid_load1.6__TD3_vanilla_extended_ts102__seed48__2022-03-05,station_v0_bogota_grid_load1.6,load1.6,TD3_vanilla_extended_ts102,48,2022-03-05,weekend,-5.126518686329957,515,96,515,57,0.9161107399168892,1.0,27,5.126518686329936,0.9161107399168892,57
station_v0_bogota_grid_load1.6__RoundRobin__seed49__2022-01-17,station_v0_bogota_grid_load1.6,load1.6,RoundRobin,49,2022-01-17,weekday,-27.50666077640857,1477,96,1477,79,0.8810921604365269,1.0,27,27.506660776408506,0.8810921604365269,79
station_v0_bogota_grid_load1.6__Optimal_Oracle_Tracking__seed49__2022-01-17,station_v0_bogota_grid_load1.6,load1.6,Optimal_Oracle_Tracking,49,2022-01-17,weekday,-27.50287582525729,1476,96,1476,79,0.8812164045592052,1.0,27,27.502875825257227,0.8812164045592052,79
station_v0_bogota_grid_load1.6__MPC_TrackingG2V__seed49__2022-03-05,station_v0_bogota_grid_load1.6,load1.6,MPC_TrackingG2V,49,2022-03-05,weekend,-7.035823990464383,571,96,571,51,0.9074632849698454,1.0,27,7.03582399046436,0.9074632849698454,51
station_v0_bogota_grid__MPC_TrackingG2V__seed0__2022-01-17,station_v0_bogota_grid,base,MPC_TrackingG2V,0,2022-01-17,weekday,-0.084836291416563,38,96,38,9,0.9454287812878204,1.0,27,0.0848362914165614,0.9454287812878204,9
station_v0_bogota_grid__ChargeAsFastAsPossible__seed0__2022-03-05,station_v0_bogota_grid,base,ChargeAsFastAsPossible,0,2022-03-05,weekend,0.0,0,96,0,0,0.954248449746096,1.0,27,0.0,0.954248449746096,0
station_v0_bogota_grid__TD3_vanilla_extended_ts102__seed0__2022-03-05,station_v0_bogota_grid,base,TD3_vanilla_extended_ts102,0,2022-03-05,weekend,0.0,0,96,0,0,0.9530438288179536,1.0,27,0.0,0.9530438288179536,0
station_v0_bogota_grid__RoundRobin__seed1__2022-01-17,station_v0_bogota_grid,base,RoundRobin,1,2022-01-17,weekday,-1.0585026974914578,152,96,152,29,0.931415605993424,1.0,27,1.058502697491451,0.931415605993424,29
station_v0_bogota_grid__Optimal_Oracle_Tracking__seed1__2022-01-17,station_v0_bogota_grid,base,Optimal_Oracle_Tracking,1,2022-01-17,weekday,-1.0578955105533543,155,96,155,29,0.9313062447736984,1.0,27,1.057895510553348,0.9313062447736984,29
station_v0_bogota_grid__MPC_TrackingG2V__seed1__2022-03-05,station_v0_bogota_grid,base,MPC_TrackingG2V,1,2022-03-05,weekend,-0.7296052212444208,117,96,117,21,0.9365884374928886,1.0,27,0.729605221244416,0.9365884374928886,21
station_v0_bogota_grid__ChargeAsFastAsPossible__seed2__2022-01-17,station_v0_bogota_grid,base,ChargeAsFastAsPossible,2,2022-01-17,weekday,-0.2338699697841289,52,96,52,10,0.9402598047159094,1.0,27,0.2338699697841267,0.9402598047159094,10
station_v0_bogota_grid__TD3_vanilla_extended_ts102__seed2__2022-01-17,station_v0_bogota_grid,base,TD3_vanilla_extended_ts102,2,2022-01-17,weekday,-0.2338699024842018,52,96,52,10,0.9402598047159094,1.0,27,0.2338699024841997,0.9402598047159094,10
station_v0_bogota_grid__RoundRobin__seed2__2022-03-05,station_v0_bogota_grid,base,RoundRobin,2,2022-03-05,weekend,0.0,0,96,0,0,0.9545718544904852,1.0036917368904548,27,0.0,0.9545718544904852,0
station_v0_bogota_grid__Optimal_Oracle_Tracking__seed2__2022-03-05,station_v0_bogota_grid,base,Optimal_Oracle_Tracking,2,2022-03-05,weekend,0.0,0,96,0,0,0.9548111529799244,1.0039065913489904,27,0.0,0.9548111529799244,0
station_v0_bogota_grid__MPC_TrackingG2V__seed3__2022-01-17,station_v0_bogota_grid,base,MPC_TrackingG2V,3,2022-01-17,weekday,-0.000560656125897,2,96,2,1,0.949676488511664,1.0,27,0.0005606561258969,0.949676488511664,1
station_v0_bogota_grid__ChargeAsFastAsPossible__seed3__2022-03-05,station_v0_bogota_grid,base,ChargeAsFastAsPossible,3,2022-03-05,weekend,-0.1780849326100131,67,96,67,17,0.9450137984849544,1.0,27,0.1780849326100103,0.9450137984849544,17
station_v0_bogota_grid__TD3_vanilla_extended_ts102__seed3__2022-03-05,station_v0_bogota_grid,base,TD3_vanilla_extended_ts102,3,2022-03-05,weekend,-0.1780849326100131,67,96,67,17,0.9450137984849544,1.0,27,0.1780849326100103,0.9450137984849544,17
station_v0_bogota_grid__RoundRobin__seed4__2022-01-17,station_v0_bogota_grid,base,RoundRobin,4,2022-01-17,weekday,0.0,0,96,0,0,0.9502682149171232,1.0,27,0.0,0.9502682149171232,0
station_v0_bogota_grid__Optimal_Oracle_Tracking__seed4__2022-01-17,station_v0_bogota_grid,base,Optimal_Oracle_Tracking,4,2022-01-17,weekday,0.0,0,96,0,0,0.9505069139318282,1.0,27,0.0,0.9505069139318282,0
station_v0_bogota_grid__MPC_TrackingG2V__seed4__2022-03-05,station_v0_bogota_grid,base,MPC_TrackingG2V,4,2022-03-05,weekend,-0.8541430835942702,123,96,123,22,0.9356031609488064,1.0,27,0.854143083594265,0.9356031609488064,22
station_v0_bogota_grid__ChargeAsFastAsPossible__seed5__2022-01-17,station_v0_bogota_grid,base,ChargeAsFastAsPossible,5,2022-01-17,weekday,-0.7600711229505916,158,96,158,34,0.9372069052367564,1.0,27,0.7600711229505851,0.9372069052367564,34
station_v0_bogota_grid__TD3_vanilla_extended_ts102__seed5__2022-01-17,station_v0_bogota_grid,base,TD3_vanilla_extended_ts102,5,2022-01-17,weekday,-0.7426520440773159,159,96,159,34,0.9372069052367564,1.0,27,0.7426520440773092,0.9372069052367564,34
station_v0_bogota_grid__RoundRobin__seed5__2022-03-05,station_v0_bogota_grid,base,RoundRobin,5,2022-03-05,weekend,-0.0014124326586038,4,96,4,2,0.9493596609542336,1.0,27,0.0014124326586036,0.9493596609542336,2
station_v0_bogota_grid__Optimal_Oracle_Tracking__seed5__2022-03-05,station_v0_bogota_grid,base,Optimal_Oracle_Tracking,5,2022-03-05,weekend,-0.0009679393273346,3,96,3,1,0.9494911718576896,1.0,27,0.0009679393273345,0.9494911718576896,1
station_v0_bogota_grid__MPC_TrackingG2V__seed6__2022-01-17,station_v0_bogota_grid,base,MPC_TrackingG2V,6,2022-01-17,weekday,-1.3852939776348134,176,96,176,30,0.93074329129502,1.0,27,1.385293977634806,0.93074329129502,30
station_v0_bogota_grid__ChargeAsFastAsPossible__seed6__2022-03-05,station_v0_bogota_grid,base,ChargeAsFastAsPossible,6,2022-03-05,weekend,-0.5469928358246372,127,96,127,27,0.9405001060195564,1.0,27,0.5469928358246319,0.9405001060195564,27
station_v0_bogota_grid__TD3_vanilla_extended_ts102__seed6__2022-03-05,station_v0_bogota_grid,base,TD3_vanilla_extended_ts102,6,2022-03-05,weekend,-0.5469928358246372,127,96,127,27,0.9405001060195564,1.0,27,0.5469928358246319,0.9405001060195564,27
station_v0_bogota_grid__RoundRobin__seed7__2022-01-17,station_v0_bogota_grid,base,RoundRobin,7,2022-01-17,weekday,-0.6847356577519884,137,96,137,29,0.9366596575251048,1.0,27,0.6847356577519828,0.9366596575251048,29
station_v0_bogota_grid__Optimal_Oracle_Tracking__seed7__2022-01-17,station_v0_bogota_grid,base,Optimal_Oracle_Tracking,7,2022-01-17,weekday,-0.6702113716414106,137,96,137,29,0.9365588840398652,1.0,27,0.670211371641405,0.9365588840398652,29
station_v0_bogota_grid__MPC_TrackingG2V__seed7__2022-03-05,station_v0_bogota_grid,base,MPC_TrackingG2V,7,2022-03-05,weekend,0.0,0,96,0,0,0.9563224928878512,1.0,27,0.0,0.9563224928878512,0
station_v0_bogota_grid__ChargeAsFastAsPossible__seed8__2022-01-17,station_v0_bogota_grid,base,ChargeAsFastAsPossible,8,2022-01-17,weekday,-0.4605600007621238,116,96,116,26,0.9375514149818536,1.0,27,0.460560000762119,0.9375514149818536,26
station_v0_bogota_grid__TD3_vanilla_extended_ts102__seed8__2022-01-17,station_v0_bogota_grid,base,TD3_vanilla_extended_ts102,8,2022-01-17,weekday,-0.4413999450302137,115,96,115,26,0.9375514149818536,1.0,27,0.4413999450302089,0.9375514149818536,26
station_v0_bogota_grid__RoundRobin__seed8__2022-03-05,station_v0_bogota_grid,base,RoundRobin,8,2022-03-05,weekend,-0.1089343217364972,39,96,39,10,0.944683521951741,1.0,27,0.1089343217364956,0.944683521951741,10
station_v0_bogota_grid__Optimal_Oracle_Tracking__seed8__2022-03-05,station_v0_bogota_grid,base,Optimal_Oracle_Tracking,8,2022-03-05,weekend,-0.1036406515573194,39,96,39,9,0.9448847251814304,1.0,27,0.1036406515573178,0.9448847251814304,9
station_v0_bogota_grid__MPC_TrackingG2V__seed9__2022-01-17,station_v0_bogota_grid,base,MPC_TrackingG2V,9,2022-01-17,weekday,-0.0906959535332956,45,96,45,13,0.945170121282706,1.0,27,0.0906959535332937,0.945170121282706,13
station_v0_bogota_grid__ChargeAsFastAsPossible__seed9__2022-03-05,station_v0_bogota_grid,base,ChargeAsFastAsPossible,9,2022-03-05,weekend,0.0,0,96,0,0,0.953407474390666,1.0,27,0.0,0.953407474390666,0
station_v0_bogota_grid__TD3_vanilla_extended_ts102__seed9__2022-03-05,station_v0_bogota_grid,base,TD3_vanilla_extended_ts102,9,2022-03-05,weekend,0.0,0,96,0,0,0.953407474390666,1.0,27,0.0,0.953407474390666,0
station_v0_bogota_grid__RoundRobin__seed10__2022-01-17,station_v0_bogota_grid,base,RoundRobin,10,2022-01-17,weekday,-0.0414004474541074,21,96,21,6,0.9466808976444656,1.0,27,0.0414004474541065,0.9466808976444656,6
station_v0_bogota_grid__Optimal_Oracle_Tracking__seed10__2022-01-17,station_v0_bogota_grid,base,Optimal_Oracle_Tracking,10,2022-01-17,weekday,-0.0395108367524748,21,96,21,6,0.946833291923502,1.0,27,0.039510836752474,0.946833291923502,6
station_v0_bogota_grid__MPC_TrackingG2V__seed10__2022-03-05,station_v0_bogota_grid,base,MPC_TrackingG2V,10,2022-03-05,weekend,-0.5971656100949653,113,96,113,22,0.937274671313468,1.0,27,0.5971656100949606,0.937274671313468,22
station_v0_bogota_grid__ChargeAsFastAsPossible__seed11__2022-01-17,station_v0_bogota_grid,base,ChargeAsFastAsPossible,11,2022-01-17,weekday,0.0,0,96,0,0,0.9503875133699656,1.0,27,0.0,0.9503875133699656,0
station_v0_bogota_grid__TD3_vanilla_extended_ts102__seed11__2022-01-17,station_v0_bogota_grid,base,TD3_vanilla_extended_ts102,11,2022-01-17,weekday,0.0,0,96,0,0,0.9503875133699656,1.0,27,0.0,0.9503875133699656,0
station_v0_bogota_grid__RoundRobin__seed11__2022-03-05,station_v0_bogota_grid,base,RoundRobin,11,2022-03-05,weekend,0.0,0,96,0,0,0.9511167599088064,1.001648118481094,27,0.0,0.9511167599088064,0
station_v0_bogota_grid__Optimal_Oracle_Tracking__seed11__2022-03-05,station_v0_bogota_grid,base,Optimal_Oracle_Tracking,11,2022-03-05,weekend,0.0,0,96,0,0,0.9506915851069384,1.0016346164086118,27,0.0,0.9506915851069384,0
station_v0_bogota_grid__MPC_TrackingG2V__seed12__2022-01-17,station_v0_bogota_grid,base,MPC_TrackingG2V,12,2022-01-17,weekday,-0.7985970352800884,121,96,121,21,0.9338313098066384,1.0,27,0.7985970352800833,0.9338313098066384,21
station_v0_bogota_grid__ChargeAsFastAsPossible__seed12__2022-03-05,station_v0_bogota_grid,base,ChargeAsFastAsPossible,12,2022-03-05,weekend,0.0,0,96,0,0,0.9604286026124494,1.0005006492886723,27,0.0,0.9604286026124494,0
station_v0_bogota_grid__TD3_vanilla_extended_ts102__seed12__2022-03-05,station_v0_bogota_grid,base,TD3_vanilla_extended_ts102,12,2022-03-05,weekend,0.0,0,96,0,0,0.9604286026124494,1.000329546557992,27,0.0,0.9604286026124494,0
station_v0_bogota_grid__RoundRobin__seed13__2022-01-17,station_v0_bogota_grid,base,RoundRobin,13,2022-01-17,weekday,-0.2711320214519381,63,96,63,13,0.9405814841400364,1.0,27,0.2711320214519355,0.9405814841400364,13
station_v0_bogota_grid__Optimal_Oracle_Tracking__seed13__2022-01-17,station_v0_bogota_grid,base,Optimal_Oracle_Tracking,13,2022-01-17,weekday,-0.264974811738792,63,96,63,13,0.9409553971604412,1.0,27,0.2649748117387894,0.9409553971604412,13
station_v0_bogota_grid__MPC_TrackingG2V__seed13__2022-03-05,station_v0_bogota_grid,base,MPC_TrackingG2V,13,2022-03-05,weekend,-0.0833248051631572,49,96,49,14,0.9469259678587352,1.0,27,0.0833248051631552,0.9469259678587352,14
station_v0_bogota_grid__ChargeAsFastAsPossible__seed14__2022-01-17,station_v0_bogota_grid,base,ChargeAsFastAsPossible,14,2022-01-17,weekday,-0.1503428263973789,59,96,59,17,0.943142919181446,1.0,27,0.1503428263973765,0.943142919181446,17
station_v0_bogota_grid__TD3_vanilla_extended_ts102__seed14__2022-01-17,station_v0_bogota_grid,base,TD3_vanilla_extended_ts102,14,2022-01-17,weekday,-0.1496547615753052,57,96,57,16,0.9431429323299082,1.0,27,0.1496547615753028,0.9431429323299082,16
station_v0_bogota_grid__RoundRobin__seed14__2022-03-05,station_v0_bogota_grid,base,RoundRobin,14,2022-03-05,weekend,-0.2355739790806974,64,96,64,14,0.9426079734740612,1.0,27,0.2355739790806947,0.9426079734740612,14
station_v0_bogota_grid__Optimal_Oracle_Tracking__seed14__2022-03-05,station_v0_bogota_grid,base,Optimal_Oracle_Tracking,14,2022-03-05,weekend,-0.2442491399150649,64,96,64,14,0.9428940660693887,1.0,27,0.2442491399150622,0.9428940660693887,14
station_v0_bogota_grid__MPC_TrackingG2V__seed15__2022-01-17,station_v0_bogota_grid,base,MPC_TrackingG2V,15,2022-01-17,weekday,-1.2449645073414513,155,96,155,26,0.9316188006575068,1.0,27,1.2449645073414448,0.9316188006575068,26
station_v0_bogota_grid__ChargeAsFastAsPossible__seed15__2022-03-05,station_v0_bogota_grid,base,ChargeAsFastAsPossible,15,2022-03-05,weekend,-0.6795674704351407,123,96,123,22,0.9395308418113876,1.0,27,0.6795674704351354,0.9395308418113876,22
station_v0_bogota_grid__TD3_vanilla_extended_ts102__seed15__2022-03-05,station_v0_bogota_grid,base,TD3_vanilla_extended_ts102,15,2022-03-05,weekend,-0.6857815040780152,122,96,122,22,0.9395308418113876,1.0,27,0.6857815040780101,0.9395308418113876,22
station_v0_bogota_grid__RoundRobin__seed16__2022-01-17,station_v0_bogota_grid,base,RoundRobin,16,2022-01-17,weekday,-0.1321459092291513,47,96,47,12,0.943231543257559,1.0,27,0.1321459092291493,0.943231543257559,12
station_v0_bogota_grid__Optimal_Oracle_Tracking__seed16__2022-01-17,station_v0_bogota_grid,base,Optimal_Oracle_Tracking,16,2022-01-17,weekday,-0.1284732859666086,47,96,47,12,0.9434172277949464,1.0,27,0.1284732859666066,0.9434172277949464,12
station_v0_bogota_grid__MPC_TrackingG2V__seed16__2022-03-05,station_v0_bogota_grid,base,MPC_TrackingG2V,16,2022-03-05,weekend,-0.0973918817218782,38,96,38,10,0.9451074218822476,1.0,27,0.0973918817218766,0.9451074218822476,10
station_v0_bogota_grid__ChargeAsFastAsPossible__seed17__2022-01-17,station_v0_bogota_grid,base,ChargeAsFastAsPossible,17,2022-01-17,weekday,-0.1610684185509368,42,96,42,9,0.94218419410667,1.0,27,0.1610684185509351,0.94218419410667,9
station_v0_bogota_grid__TD3_vanilla_extended_ts102__seed17__2022-01-17,station_v0_bogota_grid,base,TD3_vanilla_extended_ts102,17,2022-01-17,weekday,-0.1610684185509368,42,96,42,9,0.94218419410667,1.0,27,0.1610684185509351,0.94218419410667,9
station_v0_bogota_grid__RoundRobin__seed17__2022-03-05,station_v0_bogota_grid,base,RoundRobin,17,2022-03-05,weekend,0.0,0,96,0,0,0.9511522512601688,1.0,27,0.0,0.9511522512601688,0
station_v0_bogota_grid__Optimal_Oracle_Tracking__seed17__2022-03-05,station_v0_bogota_grid,base,Optimal_Oracle_Tracking,17,2022-03-05,weekend,0.0,0,96,0,0,0.950919838569168,1.0,27,0.0,0.950919838569168,0
station_v0_bogota_grid__MPC_TrackingG2V__seed18__2022-01-17,station_v0_bogota_grid,base,MPC_TrackingG2V,18,2022-01-17,weekday,-1.1734052224688734,144,96,144,24,0.9312049312264774,1.0,27,1.1734052224688676,0.9312049312264774,24
station_v0_bogota_grid__ChargeAsFastAsPossible__seed18__2022-03-05,station_v0_bogota_grid,base,ChargeAsFastAsPossible,18,2022-03-05,weekend,-0.0182029224215037,15,96,15,5,0.9470609249404492,1.0,27,0.0182029224215031,0.9470609249404492,5
station_v0_bogota_grid__TD3_vanilla_extended_ts102__seed18__2022-03-05,station_v0_bogota_grid,base,TD3_vanilla_extended_ts102,18,2022-03-05,weekend,-0.0233984162047899,18,96,18,6,0.9466624606201164,1.0,27,0.0233984162047892,0.9466624606201164,6
station_v0_bogota_grid__RoundRobin__seed19__2022-01-17,station_v0_bogota_grid,base,RoundRobin,19,2022-01-17,weekday,-1.365164984010924,165,96,165,28,0.9274923626670956,1.0,27,1.365164984010917,0.9274923626670956,28
station_v0_bogota_grid__Optimal_Oracle_Tracking__seed19__2022-01-17,station_v0_bogota_grid,base,Optimal_Oracle_Tracking,19,2022-01-17,weekday,-1.3493040370306728,166,96,166,30,0.9275216312267028,1.0,27,1.3493040370306657,0.9275216312267028,30
station_v0_bogota_grid__MPC_TrackingG2V__seed19__2022-03-05,station_v0_bogota_grid,base,MPC_TrackingG2V,19,2022-03-05,weekend,0.0,0,96,0,0,0.9544729128990812,1.0,27,0.0,0.9544729128990812,0
station_v0_bogota_grid__ChargeAsFastAsPossible__seed20__2022-01-17,station_v0_bogota_grid,base,ChargeAsFastAsPossible,20,2022-01-17,weekday,-1.151888633717561,195,96,195,39,0.932530713990773,1.0,27,1.151888633717553,0.932530713990773,39
station_v0_bogota_grid__TD3_vanilla_extended_ts102__seed20__2022-01-17,station_v0_bogota_grid,base,TD3_vanilla_extended_ts102,20,2022-01-17,weekday,-1.133080132623608,195,96,195,40,0.932881988786314,1.0,27,1.1330801326235995,0.932881988786314,40
station_v0_bogota_grid__RoundRobin__seed20__2022-03-05,station_v0_bogota_grid,base,RoundRobin,20,2022-03-05,weekend,0.0,0,96,0,0,0.9528814814710092,1.003401235582053,27,0.0,0.9528814814710092,0
station_v0_bogota_grid__Optimal_Oracle_Tracking__seed20__2022-03-05,station_v0_bogota_grid,base,Optimal_Oracle_Tracking,20,2022-03-05,weekend,0.0,0,96,0,0,0.9531122440439252,1.003743476220945,27,0.0,0.9531122440439252,0
station_v0_bogota_grid__MPC_TrackingG2V__seed21__2022-01-17,station_v0_bogota_grid,base,MPC_TrackingG2V,21,2022-01-17,weekday,-0.6363805931607857,120,96,120,24,0.936795698994014,1.0,27,0.6363805931607807,0.936795698994014,24
station_v0_bogota_grid__ChargeAsFastAsPossible__seed21__2022-03-05,station_v0_bogota_grid,base,ChargeAsFastAsPossible,21,2022-03-05,weekend,-0.3548164354661454,81,96,81,17,0.9398525504975964,1.0,27,0.354816435466142,0.9398525504975964,17
station_v0_bogota_grid__TD3_vanilla_extended_ts102__seed21__2022-03-05,station_v0_bogota_grid,base,TD3_vanilla_extended_ts102,21,2022-03-05,weekend,-0.3595103358990633,81,96,81,17,0.9398525504975964,1.0,27,0.3595103358990599,0.9398525504975964,17
station_v0_bogota_grid__RoundRobin__seed22__2022-01-17,station_v0_bogota_grid,base,RoundRobin,22,2022-01-17,weekday,-0.217592094795663,66,96,66,15,0.9425145066162331,1.0,27,0.2175920947956603,0.9425145066162331,15
station_v0_bogota_grid__Optimal_Oracle_Tracking__seed22__2022-01-17,station_v0_bogota_grid,base,Optimal_Oracle_Tracking,22,2022-01-17,weekday,-0.2139233823472062,66,96,66,15,0.9426558747915312,1.0,27,0.2139233823472035,0.9426558747915312,15
station_v0_bogota_grid__MPC_TrackingG2V__seed22__2022-03-05,station_v0_bogota_grid,base,MPC_TrackingG2V,22,2022-03-05,weekend,-0.1106332142909053,47,96,47,12,0.9452507764269048,1.0,27,0.1106332142909033,0.9452507764269048,12
station_v0_bogota_grid__ChargeAsFastAsPossible__seed23__2022-01-17,station_v0_bogota_grid,base,ChargeAsFastAsPossible,23,2022-01-17,weekday,-0.944935827841044,146,96,146,28,0.9338100797565756,1.0,27,0.944935827841038,0.9338100797565756,28
station_v0_bogota_grid__TD3_vanilla_extended_ts102__seed23__2022-01-17,station_v0_bogota_grid,base,TD3_vanilla_extended_ts102,23,2022-01-17,weekday,-0.9373380036008936,145,96,145,28,0.9338100797565756,1.0,27,0.9373380036008874,0.9338100797565756,28
station_v0_bogota_grid__RoundRobin__seed23__2022-03-05,station_v0_bogota_grid,base,RoundRobin,23,2022-03-05,weekend,0.0,0,96,0,0,0.9535898717501696,1.0,27,0.0,0.9535898717501696,0
station_v0_bogota_grid__Optimal_Oracle_Tracking__seed23__2022-03-05,station_v0_bogota_grid,base,Optimal_Oracle_Tracking,23,2022-03-05,weekend,0.0,0,96,0,0,0.9532240941977184,1.0,27,0.0,0.9532240941977184,0
station_v0_bogota_grid__MPC_TrackingG2V__seed24__2022-01-17,station_v0_bogota_grid,base,MPC_TrackingG2V,24,2022-01-17,weekday,-0.8387517419682946,143,96,143,27,0.9359761634431044,1.0,27,0.8387517419682887,0.9359761634431044,27
station_v0_bogota_grid__ChargeAsFastAsPossible__seed24__2022-03-05,station_v0_bogota_grid,base,ChargeAsFastAsPossible,24,2022-03-05,weekend,-0.023222675889157,27,96,27,9,0.9480422071395564,1.0,27,0.0232226758891559,0.9480422071395564,9
station_v0_bogota_grid__TD3_vanilla_extended_ts102__seed24__2022-03-05,station_v0_bogota_grid,base,TD3_vanilla_extended_ts102,24,2022-03-05,weekend,-0.023222675889157,27,96,27,9,0.9480422071395564,1.0,27,0.0232226758891559,0.9480422071395564,9
station_v0_bogota_grid__RoundRobin__seed25__2022-01-17,station_v0_bogota_grid,base,RoundRobin,25,2022-01-17,weekday,-0.0162791630747933,13,96,13,4,0.9472399805056246,1.0,27,0.0162791630747928,0.9472399805056246,4
station_v0_bogota_grid__Optimal_Oracle_Tracking__seed25__2022-01-17,station_v0_bogota_grid,base,Optimal_Oracle_Tracking,25,2022-01-17,weekday,-0.0139158638554644,12,96,12,4,0.9474411683737474,1.0,27,0.0139158638554639,0.9474411683737474,4
station_v0_bogota_grid__MPC_TrackingG2V__seed25__2022-03-05,station_v0_bogota_grid,base,MPC_TrackingG2V,25,2022-03-05,weekend,-0.4403309628559246,87,96,87,17,0.9397697743579227,1.0,27,0.440330962855921,0.9397697743579227,17
station_v0_bogota_grid__ChargeAsFastAsPossible__seed26__2022-01-17,station_v0_bogota_grid,base,ChargeAsFastAsPossible,26,2022-01-17,weekday,-0.9657109819243443,169,96,169,33,0.9363411317983092,1.0,27,0.9657109819243374,0.9363411317983092,33
station_v0_bogota_grid__TD3_vanilla_extended_ts102__seed26__2022-01-17,station_v0_bogota_grid,base,TD3_vanilla_extended_ts102,26,2022-01-17,weekday,-0.9619670777665106,169,96,169,33,0.9366024965444664,1.0,27,0.9619670777665036,0.9366024965444664,33
station_v0_bogota_grid__RoundRobin__seed26__2022-03-05,station_v0_bogota_grid,base,RoundRobin,26,2022-03-05,weekend,0.0,0,96,0,0,0.9522648979347555,1.0005557797290412,27,0.0,0.9522648979347555,0
station_v0_bogota_grid__Optimal_Oracle_Tracking__seed26__2022-03-05,station_v0_bogota_grid,base,Optimal_Oracle_Tracking,26,2022-03-05,weekend,0.0,0,96,0,0,0.9524782620329292,1.0006017845810558,27,0.0,0.9524782620329292,0
station_v0_bogota_grid__MPC_TrackingG2V__seed27__2022-01-17,station_v0_bogota_grid,base,MPC_TrackingG2V,27,2022-01-17,weekday,-0.1504291289901766,41,96,41,9,0.9419917378460262,1.0,27,0.1504291289901749,0.9419917378460262,9
station_v0_bogota_grid__ChargeAsFastAsPossible__seed27__2022-03-05,station_v0_bogota_grid,base,ChargeAsFastAsPossible,27,2022-03-05,weekend,0.0,0,96,0,0,0.9538608477271336,1.0,27,0.0,0.9538608477271336,0
station_v0_bogota_grid__TD3_vanilla_extended_ts102__seed27__2022-03-05,station_v0_bogota_grid,base,TD3_vanilla_extended_ts102,27,2022-03-05,weekend,0.0,0,96,0,0,0.9538608477271336,1.0,27,0.0,0.9538608477271336,0
station_v0_bogota_grid__RoundRobin__seed28__2022-01-17,station_v0_bogota_grid,base,RoundRobin,28,2022-01-17,weekday,-0.0025573293763074,7,96,7,3,0.9492975733970206,1.0,27,0.0025573293763071,0.9492975733970206,3
station_v0_bogota_grid__Optimal_Oracle_Tracking__seed28__2022-01-17,station_v0_bogota_grid,base,Optimal_Oracle_Tracking,28,2022-01-17,weekday,-0.0015949732029169,6,96,6,3,0.9494877140781648,1.0,27,0.0015949732029166,0.9494877140781648,3
station_v0_bogota_grid__MPC_TrackingG2V__seed28__2022-03-05,station_v0_bogota_grid,base,MPC_TrackingG2V,28,2022-03-05,weekend,0.0,0,96,0,0,0.9543936835121756,1.0,27,0.0,0.9543936835121756,0
station_v0_bogota_grid__ChargeAsFastAsPossible__seed29__2022-01-17,station_v0_bogota_grid,base,ChargeAsFastAsPossible,29,2022-01-17,weekday,-0.7569289282674515,107,96,107,20,0.9328577255474252,1.0,27,0.7569289282674471,0.9328577255474252,20
station_v0_bogota_grid__TD3_vanilla_extended_ts102__seed29__2022-01-17,station_v0_bogota_grid,base,TD3_vanilla_extended_ts102,29,2022-01-17,weekday,-0.7450777894320281,107,96,107,20,0.933198440055253,1.0,27,0.7450777894320236,0.933198440055253,20
station_v0_bogota_grid__RoundRobin__seed29__2022-03-05,station_v0_bogota_grid,base,RoundRobin,29,2022-03-05,weekend,-0.5752962302417752,89,96,89,17,0.9362222743259772,1.0,27,0.5752962302417715,0.9362222743259772,17
station_v0_bogota_grid__Optimal_Oracle_Tracking__seed29__2022-03-05,station_v0_bogota_grid,base,Optimal_Oracle_Tracking,29,2022-03-05,weekend,-0.5900042466504658,91,96,91,17,0.9365568054187364,1.0,27,0.590004246650462,0.9365568054187364,17
station_v0_bogota_grid__MPC_TrackingG2V__seed30__2022-01-17,station_v0_bogota_grid,base,MPC_TrackingG2V,30,2022-01-17,weekday,0.0,0,96,0,0,0.9500953026636296,1.0,27,0.0,0.9500953026636296,0
station_v0_bogota_grid__ChargeAsFastAsPossible__seed30__2022-03-05,station_v0_bogota_grid,base,ChargeAsFastAsPossible,30,2022-03-05,weekend,-0.0645384873746023,37,96,37,11,0.9456552912513738,1.0,27,0.0645384873746007,0.9456552912513738,11
station_v0_bogota_grid__TD3_vanilla_extended_ts102__seed30__2022-03-05,station_v0_bogota_grid,base,TD3_vanilla_extended_ts102,30,2022-03-05,weekend,-0.0677109762549528,39,96,39,11,0.9466124047997254,1.0,27,0.0677109762549512,0.9466124047997254,11
station_v0_bogota_grid__RoundRobin__seed31__2022-01-17,station_v0_bogota_grid,base,RoundRobin,31,2022-01-17,weekday,-0.162096912415464,57,96,57,15,0.944166234107008,1.0,27,0.1620969124154616,0.944166234107008,15
station_v0_bogota_grid__Optimal_Oracle_Tracking__seed31__2022-01-17,station_v0_bogota_grid,base,Optimal_Oracle_Tracking,31,2022-01-17,weekday,-0.1627153694291878,60,96,60,15,0.944108070238846,1.0,27,0.1627153694291853,0.944108070238846,15
station_v0_bogota_grid__MPC_TrackingG2V__seed31__2022-03-05,station_v0_bogota_grid,base,MPC_TrackingG2V,31,2022-03-05,weekend,0.0,0,96,0,0,0.9597057116265616,1.0,27,0.0,0.9597057116265616,0
station_v0_bogota_grid__ChargeAsFastAsPossible__seed32__2022-01-17,station_v0_bogota_grid,base,ChargeAsFastAsPossible,32,2022-01-17,weekday,-0.4199578187328928,110,96,110,25,0.9383238792739562,1.0,27,0.4199578187328883,0.9383238792739562,25
station_v0_bogota_grid__TD3_vanilla_extended_ts102__seed32__2022-01-17,station_v0_bogota_grid,base,TD3_vanilla_extended_ts102,32,2022-01-17,weekday,-0.4129837382313011,106,96,106,24,0.9383238792739562,1.0,27,0.4129837382312967,0.9383238792739562,24
station_v0_bogota_grid__RoundRobin__seed32__2022-03-05,station_v0_bogota_grid,base,RoundRobin,32,2022-03-05,weekend,0.0,0,96,0,0,0.9573065277090552,1.0,27,0.0,0.9573065277090552,0
station_v0_bogota_grid__Optimal_Oracle_Tracking__seed32__2022-03-05,station_v0_bogota_grid,base,Optimal_Oracle_Tracking,32,2022-03-05,weekend,0.0,0,96,0,0,0.9570711705958757,1.0,27,0.0,0.9570711705958757,0
station_v0_bogota_grid__MPC_TrackingG2V__seed33__2022-01-17,station_v0_bogota_grid,base,MPC_TrackingG2V,33,2022-01-17,weekday,-0.3512606806939701,76,96,76,17,0.9404796781568752,1.0,27,0.351260680693967,0.9404796781568752,17
station_v0_bogota_grid__ChargeAsFastAsPossible__seed33__2022-03-05,station_v0_bogota_grid,base,ChargeAsFastAsPossible,33,2022-03-05,weekend,-0.0171602832257174,11,96,11,5,0.945765298607546,1.0,27,0.0171602832257169,0.945765298607546,5
station_v0_bogota_grid__TD3_vanilla_extended_ts102__seed33__2022-03-05,station_v0_bogota_grid,base,TD3_vanilla_extended_ts102,33,2022-03-05,weekend,-0.0106566999907785,11,96,11,5,0.9476278608631734,1.0,27,0.0106566999907781,0.9476278608631734,5
station_v0_bogota_grid__RoundRobin__seed34__2022-01-17,station_v0_bogota_grid,base,RoundRobin,34,2022-01-17,weekday,-0.0344431462474262,24,96,24,7,0.9473130257335084,1.0,27,0.0344431462474252,0.9473130257335084,7
station_v0_bogota_grid__Optimal_Oracle_Tracking__seed34__2022-01-17,station_v0_bogota_grid,base,Optimal_Oracle_Tracking,34,2022-01-17,weekday,-0.0310502767597691,24,96,24,7,0.9474834632859362,1.0,27,0.0310502767597681,0.9474834632859362,7
station_v0_bogota_grid__MPC_TrackingG2V__seed34__2022-03-05,station_v0_bogota_grid,base,MPC_TrackingG2V,34,2022-03-05,weekend,-0.6399057238773096,100,96,100,17,0.9367848646045877,1.0,27,0.6399057238773055,0.9367848646045877,17
station_v0_bogota_grid__ChargeAsFastAsPossible__seed35__2022-01-17,station_v0_bogota_grid,base,ChargeAsFastAsPossible,35,2022-01-17,weekday,0.0,0,96,0,0,0.9503155762671944,1.0,27,0.0,0.9503155762671944,0
station_v0_bogota_grid__TD3_vanilla_extended_ts102__seed35__2022-01-17,station_v0_bogota_grid,base,TD3_vanilla_extended_ts102,35,2022-01-17,weekday,-0.0004368137486859,2,96,2,1,0.9496952217969572,1.0,27,0.0004368137486858,0.9496952217969572,1
station_v0_bogota_grid__RoundRobin__seed35__2022-03-05,station_v0_bogota_grid,base,RoundRobin,35,2022-03-05,weekend,-0.3491030922847349,78,96,78,16,0.940919984902163,1.0,27,0.3491030922847317,0.940919984902163,16
station_v0_bogota_grid__Optimal_Oracle_Tracking__seed35__2022-03-05,station_v0_bogota_grid,base,Optimal_Oracle_Tracking,35,2022-03-05,weekend,-0.3621014612694223,79,96,79,16,0.9411850684944124,1.0,27,0.362101461269419,0.9411850684944124,16
station_v0_bogota_grid__MPC_TrackingG2V__seed36__2022-01-17,station_v0_bogota_grid,base,MPC_TrackingG2V,36,2022-01-17,weekday,-0.2638464266776106,93,96,93,24,0.9424659441469896,1.0,27,0.2638464266776067,0.9424659441469896,24
station_v0_bogota_grid__ChargeAsFastAsPossible__seed36__2022-03-05,station_v0_bogota_grid,base,ChargeAsFastAsPossible,36,2022-03-05,weekend,-0.3504275916105385,79,96,79,17,0.940349907808061,1.0,27,0.3504275916105351,0.940349907808061,17
station_v0_bogota_grid__TD3_vanilla_extended_ts102__seed36__2022-03-05,station_v0_bogota_grid,base,TD3_vanilla_extended_ts102,36,2022-03-05,weekend,-0.3504272539041364,79,96,79,17,0.940349907808061,1.0,27,0.3504272539041331,0.940349907808061,17
station_v0_bogota_grid__RoundRobin__seed37__2022-01-17,station_v0_bogota_grid,base,RoundRobin,37,2022-01-17,weekday,-0.263829914650613,69,96,69,16,0.9417358473830354,1.0,27,0.2638299146506101,0.9417358473830354,16
station_v0_bogota_grid__Optimal_Oracle_Tracking__seed37__2022-01-17,station_v0_bogota_grid,base,Optimal_Oracle_Tracking,37,2022-01-17,weekday,-0.2625775813965447,70,96,70,16,0.941800191937626,1.0,27,0.2625775813965417,0.941800191937626,16
station_v0_bogota_grid__MPC_TrackingG2V__seed37__2022-03-05,station_v0_bogota_grid,base,MPC_TrackingG2V,37,2022-03-05,weekend,-0.2315596536177442,59,96,59,14,0.9418678735270224,1.0,27,0.2315596536177417,0.9418678735270224,14
station_v0_bogota_grid__ChargeAsFastAsPossible__seed38__2022-01-17,station_v0_bogota_grid,base,ChargeAsFastAsPossible,38,2022-01-17,weekday,-0.1362146440043986,42,96,42,11,0.9436621223595092,1.0,27,0.1362146440043968,0.9436621223595092,11
station_v0_bogota_grid__TD3_vanilla_extended_ts102__seed38__2022-01-17,station_v0_bogota_grid,base,TD3_vanilla_extended_ts102,38,2022-01-17,weekday,-0.1351492675278307,43,96,43,11,0.9437050274340044,1.0,27,0.1351492675278289,0.9437050274340044,11
station_v0_bogota_grid__RoundRobin__seed38__2022-03-05,station_v0_bogota_grid,base,RoundRobin,38,2022-03-05,weekend,0.0,0,96,0,0,0.954217713157935,1.0,27,0.0,0.954217713157935,0
station_v0_bogota_grid__Optimal_Oracle_Tracking__seed38__2022-03-05,station_v0_bogota_grid,base,Optimal_Oracle_Tracking,38,2022-03-05,weekend,0.0,0,96,0,0,0.954404306847688,1.0,27,0.0,0.954404306847688,0
station_v0_bogota_grid__MPC_TrackingG2V__seed39__2022-01-17,station_v0_bogota_grid,base,MPC_TrackingG2V,39,2022-01-17,weekday,-0.0854758037940201,29,96,29,8,0.9444495674556014,1.0,27,0.0854758037940189,0.9444495674556014,8
station_v0_bogota_grid__ChargeAsFastAsPossible__seed39__2022-03-05,station_v0_bogota_grid,base,ChargeAsFastAsPossible,39,2022-03-05,weekend,-0.0048866917479526,13,96,13,5,0.9491945109265542,1.0,27,0.004886691747952,0.9491945109265542,5
station_v0_bogota_grid__TD3_vanilla_extended_ts102__seed39__2022-03-05,station_v0_bogota_grid,base,TD3_vanilla_extended_ts102,39,2022-03-05,weekend,-0.0048866917479526,13,96,13,5,0.9491945109265542,1.0,27,0.004886691747952,0.9491945109265542,5
station_v0_bogota_grid__RoundRobin__seed40__2022-01-17,station_v0_bogota_grid,base,RoundRobin,40,2022-01-17,weekday,-0.0364379417860417,24,96,24,7,0.9466302569386784,1.0,27,0.0364379417860407,0.9466302569386784,7
station_v0_bogota_grid__Optimal_Oracle_Tracking__seed40__2022-01-17,station_v0_bogota_grid,base,Optimal_Oracle_Tracking,40,2022-01-17,weekday,-0.0293700823838234,22,96,22,7,0.946963382921358,1.0,27,0.0293700823838225,0.946963382921358,7
station_v0_bogota_grid__MPC_TrackingG2V__seed40__2022-03-05,station_v0_bogota_grid,base,MPC_TrackingG2V,40,2022-03-05,weekend,0.0,0,96,0,0,0.9510789243700064,1.0,27,0.0,0.9510789243700064,0
station_v0_bogota_grid__ChargeAsFastAsPossible__seed41__2022-01-17,station_v0_bogota_grid,base,ChargeAsFastAsPossible,41,2022-01-17,weekday,-1.097042955121483,154,96,154,27,0.9324191572200856,1.0,27,1.0970429551214766,0.9324191572200856,27
station_v0_bogota_grid__TD3_vanilla_extended_ts102__seed41__2022-01-17,station_v0_bogota_grid,base,TD3_vanilla_extended_ts102,41,2022-01-17,weekday,-1.087158775974462,150,96,150,27,0.93217359182878,1.0,27,1.087158775974456,0.93217359182878,27
station_v0_bogota_grid__RoundRobin__seed41__2022-03-05,station_v0_bogota_grid,base,RoundRobin,41,2022-03-05,weekend,-0.0442526780091945,30,96,30,9,0.9467120955296754,1.0,27,0.0442526780091933,0.9467120955296754,9
station_v0_bogota_grid__Optimal_Oracle_Tracking__seed41__2022-03-05,station_v0_bogota_grid,base,Optimal_Oracle_Tracking,41,2022-03-05,weekend,-0.0419295594131405,29,96,29,9,0.946813108833624,1.0,27,0.0419295594131393,0.946813108833624,9
station_v0_bogota_grid__MPC_TrackingG2V__seed42__2022-01-17,station_v0_bogota_grid,base,MPC_TrackingG2V,42,2022-01-17,weekday,-0.3751608858065909,88,96,88,19,0.941076183427388,1.0,27,0.3751608858065872,0.941076183427388,19
station_v0_bogota_grid__ChargeAsFastAsPossible__seed42__2022-03-05,station_v0_bogota_grid,base,ChargeAsFastAsPossible,42,2022-03-05,weekend,-0.0657079668538878,34,96,34,9,0.9447570195640674,1.0,27,0.0657079668538864,0.9447570195640674,9
station_v0_bogota_grid__TD3_vanilla_extended_ts102__seed42__2022-03-05,station_v0_bogota_grid,base,TD3_vanilla_extended_ts102,42,2022-03-05,weekend,-0.0497619080785351,31,96,31,9,0.946692810813393,1.0,27,0.0497619080785338,0.946692810813393,9
station_v0_bogota_grid__RoundRobin__seed43__2022-01-17,station_v0_bogota_grid,base,RoundRobin,43,2022-01-17,weekday,-0.9466773993659074,163,96,163,35,0.9333558562554992,1.0,27,0.9466773993659006,0.9333558562554992,35
station_v0_bogota_grid__Optimal_Oracle_Tracking__seed43__2022-01-17,station_v0_bogota_grid,base,Optimal_Oracle_Tracking,43,2022-01-17,weekday,-0.9414127368287288,164,96,164,35,0.9335232063105608,1.0,27,0.9414127368287218,0.9335232063105608,35
station_v0_bogota_grid__MPC_TrackingG2V__seed43__2022-03-05,station_v0_bogota_grid,base,MPC_TrackingG2V,43,2022-03-05,weekend,-0.0089406132762424,11,96,11,4,0.9484620263362404,1.0,27,0.0089406132762419,0.9484620263362404,4
station_v0_bogota_grid__ChargeAsFastAsPossible__seed44__2022-01-17,station_v0_bogota_grid,base,ChargeAsFastAsPossible,44,2022-01-17,weekday,-1.3915740964896863,227,96,227,46,0.9317316465287508,1.0,27,1.391574096489677,0.9317316465287508,46
station_v0_bogota_grid__TD3_vanilla_extended_ts102__seed44__2022-01-17,station_v0_bogota_grid,base,TD3_vanilla_extended_ts102,44,2022-01-17,weekday,-1.3852004013097612,225,96,225,45,0.9317316465287508,1.0,27,1.385200401309752,0.9317316465287508,45
station_v0_bogota_grid__RoundRobin__seed44__2022-03-05,station_v0_bogota_grid,base,RoundRobin,44,2022-03-05,weekend,-0.0515632316772204,38,96,38,12,0.9463746424803684,1.0,27,0.0515632316772188,0.9463746424803684,12
station_v0_bogota_grid__Optimal_Oracle_Tracking__seed44__2022-03-05,station_v0_bogota_grid,base,Optimal_Oracle_Tracking,44,2022-03-05,weekend,-0.0531127528506635,38,96,38,12,0.9464881785533232,1.0,27,0.0531127528506619,0.9464881785533232,12
station_v0_bogota_grid__MPC_TrackingG2V__seed45__2022-01-17,station_v0_bogota_grid,base,MPC_TrackingG2V,45,2022-01-17,weekday,-0.1457707781640687,37,96,37,8,0.9421930282214178,1.0,27,0.1457707781640671,0.9421930282214178,8
station_v0_bogota_grid__ChargeAsFastAsPossible__seed45__2022-03-05,station_v0_bogota_grid,base,ChargeAsFastAsPossible,45,2022-03-05,weekend,-0.0095004825004678,13,96,13,5,0.9482655775097192,1.0,27,0.0095004825004673,0.9482655775097192,5
station_v0_bogota_grid__TD3_vanilla_extended_ts102__seed45__2022-03-05,station_v0_bogota_grid,base,TD3_vanilla_extended_ts102,45,2022-03-05,weekend,-0.0095004825004678,13,96,13,5,0.9482655775097192,1.0,27,0.0095004825004673,0.9482655775097192,5
station_v0_bogota_grid__RoundRobin__seed46__2022-01-17,station_v0_bogota_grid,base,RoundRobin,46,2022-01-17,weekday,-0.1094392307391143,33,96,33,8,0.943153952534724,1.0,27,0.1094392307391129,0.943153952534724,8
station_v0_bogota_grid__Optimal_Oracle_Tracking__seed46__2022-01-17,station_v0_bogota_grid,base,Optimal_Oracle_Tracking,46,2022-01-17,weekday,-0.1098038335967239,34,96,34,9,0.942975937994854,1.0,27,0.1098038335967225,0.942975937994854,9
station_v0_bogota_grid__MPC_TrackingG2V__seed46__2022-03-05,station_v0_bogota_grid,base,MPC_TrackingG2V,46,2022-03-05,weekend,-0.0329232065796836,28,96,28,9,0.9473794253927148,1.0,27,0.0329232065796825,0.9473794253927148,9
station_v0_bogota_grid__ChargeAsFastAsPossible__seed47__2022-01-17,station_v0_bogota_grid,base,ChargeAsFastAsPossible,47,2022-01-17,weekday,-0.284039625567724,102,96,102,23,0.9433744829986398,1.0,27,0.2840396255677198,0.9433744829986398,23
station_v0_bogota_grid__TD3_vanilla_extended_ts102__seed47__2022-01-17,station_v0_bogota_grid,base,TD3_vanilla_extended_ts102,47,2022-01-17,weekday,-0.2677417496269401,96,96,96,22,0.9433744829986398,1.0,27,0.2677417496269361,0.9433744829986398,22
station_v0_bogota_grid__RoundRobin__seed47__2022-03-05,station_v0_bogota_grid,base,RoundRobin,47,2022-03-05,weekend,-0.0004722998808465,2,96,2,1,0.9497014781694908,1.0,27,0.0004722998808465,0.9497014781694908,1
station_v0_bogota_grid__Optimal_Oracle_Tracking__seed47__2022-03-05,station_v0_bogota_grid,base,Optimal_Oracle_Tracking,47,2022-03-05,weekend,-0.0020844860881457,7,96,7,3,0.949403485413515,1.0,27,0.0020844860881454,0.949403485413515,3
station_v0_bogota_grid__MPC_TrackingG2V__seed48__2022-01-17,station_v0_bogota_grid,base,MPC_TrackingG2V,48,2022-01-17,weekday,-1.1477459185600565,211,96,211,42,0.9349776379679484,1.0,27,1.1477459185600476,0.9349776379679484,42
station_v0_bogota_grid__ChargeAsFastAsPossible__seed48__2022-03-05,station_v0_bogota_grid,base,ChargeAsFastAsPossible,48,2022-03-05,weekend,-0.0021442543905988,3,96,3,1,0.9489920048623346,1.0,27,0.0021442543905987,0.9489920048623346,1
station_v0_bogota_grid__TD3_vanilla_extended_ts102__seed48__2022-03-05,station_v0_bogota_grid,base,TD3_vanilla_extended_ts102,48,2022-03-05,weekend,-0.0021442543905988,3,96,3,1,0.9489920048623346,1.0,27,0.0021442543905987,0.9489920048623346,1
station_v0_bogota_grid__RoundRobin__seed49__2022-01-17,station_v0_bogota_grid,base,RoundRobin,49,2022-01-17,weekday,-1.6958414118725869,231,96,231,42,0.9290420885155238,1.0,27,1.695841411872577,0.9290420885155238,42
station_v0_bogota_grid__Optimal_Oracle_Tracking__seed49__2022-01-17,station_v0_bogota_grid,base,Optimal_Oracle_Tracking,49,2022-01-17,weekday,-1.69187747881734,229,96,229,41,0.9291387326778456,1.0,27,1.6918774788173303,0.9291387326778456,41
station_v0_bogota_grid__MPC_TrackingG2V__seed49__2022-03-05,station_v0_bogota_grid,base,MPC_TrackingG2V,49,2022-03-05,weekend,-0.1371211121894572,47,96,47,11,0.9441099011429138,1.0,27,0.1371211121894553,0.9441099011429138,11
station_v0_bogota_grid_spawn1.3__ChargeAsFastAsPossible__seed0__2022-01-17,station_v0_bogota_grid_spawn1.3,spawn1.3,ChargeAsFastAsPossible,0,2022-01-17,weekday,-0.4275175806638835,129,96,129,30,0.9408116309674642,1.0,27,0.4275175806638781,0.9408116309674642,30
station_v0_bogota_grid_spawn1.3__TD3_vanilla_extended_ts102__seed0__2022-01-17,station_v0_bogota_grid_spawn1.3,spawn1.3,TD3_vanilla_extended_ts102,0,2022-01-17,weekday,-0.4189055677438888,127,96,127,30,0.9408116309674642,1.0,27,0.4189055677438835,0.9408116309674642,30
station_v0_bogota_grid_spawn1.3__RoundRobin__seed0__2022-03-05,station_v0_bogota_grid_spawn1.3,spawn1.3,RoundRobin,0,2022-03-05,weekend,-0.4250893279023787,94,96,94,20,0.9397074971292502,1.0,27,0.4250893279023748,0.9397074971292502,20
station_v0_bogota_grid_spawn1.3__Optimal_Oracle_Tracking__seed0__2022-03-05,station_v0_bogota_grid_spawn1.3,spawn1.3,Optimal_Oracle_Tracking,0,2022-03-05,weekend,-0.4430412104498566,94,96,94,20,0.9397784359012836,1.0,27,0.4430412104498528,0.9397784359012836,20
station_v0_bogota_grid_spawn1.3__MPC_TrackingG2V__seed1__2022-01-17,station_v0_bogota_grid_spawn1.3,spawn1.3,MPC_TrackingG2V,1,2022-01-17,weekday,-1.0125607932668412,143,96,143,27,0.931653858460098,1.0,27,1.0125607932668357,0.931653858460098,27
station_v0_bogota_grid_spawn1.3__ChargeAsFastAsPossible__seed1__2022-03-05,station_v0_bogota_grid_spawn1.3,spawn1.3,ChargeAsFastAsPossible,1,2022-03-05,weekend,0.0,0,96,0,0,0.9501970321230748,1.0005362828408395,27,0.0,0.9501970321230748,0
station_v0_bogota_grid_spawn1.3__TD3_vanilla_extended_ts102__seed1__2022-03-05,station_v0_bogota_grid_spawn1.3,spawn1.3,TD3_vanilla_extended_ts102,1,2022-03-05,weekend,0.0,0,96,0,0,0.9501970321230748,1.0005362828408395,27,0.0,0.9501970321230748,0
station_v0_bogota_grid_spawn1.3__RoundRobin__seed2__2022-01-17,station_v0_bogota_grid_spawn1.3,spawn1.3,RoundRobin,2,2022-01-17,weekday,-0.4567856532682934,95,96,95,19,0.940886977109407,1.0,27,0.4567856532682894,0.940886977109407,19
station_v0_bogota_grid_spawn1.3__Optimal_Oracle_Tracking__seed2__2022-01-17,station_v0_bogota_grid_spawn1.3,spawn1.3,Optimal_Oracle_Tracking,2,2022-01-17,weekday,-0.4485712138672978,96,96,96,19,0.9410826074859624,1.0,27,0.4485712138672938,0.9410826074859624,19
station_v0_bogota_grid_spawn1.3__MPC_TrackingG2V__seed2__2022-03-05,station_v0_bogota_grid_spawn1.3,spawn1.3,MPC_TrackingG2V,2,2022-03-05,weekend,-0.2300584791935618,66,96,66,14,0.943265424716322,1.0,27,0.230058479193559,0.943265424716322,14
station_v0_bogota_grid_spawn1.3__ChargeAsFastAsPossible__seed3__2022-01-17,station_v0_bogota_grid_spawn1.3,spawn1.3,ChargeAsFastAsPossible,3,2022-01-17,weekday,-0.697506406425249,119,96,119,22,0.9384669322481622,1.0,27,0.697506406425244,0.9384669322481622,22
station_v0_bogota_grid_spawn1.3__TD3_vanilla_extended_ts102__seed3__2022-01-17,station_v0_bogota_grid_spawn1.3,spawn1.3,TD3_vanilla_extended_ts102,3,2022-01-17,weekday,-0.6892225654319135,118,96,118,22,0.9384669322481622,1.0,27,0.6892225654319086,0.9384669322481622,22
station_v0_bogota_grid_spawn1.3__RoundRobin__seed3__2022-03-05,station_v0_bogota_grid_spawn1.3,spawn1.3,RoundRobin,3,2022-03-05,weekend,-0.368532388663833,81,96,81,18,0.9403281416129564,1.0,27,0.3685323886638296,0.9403281416129564,18
station_v0_bogota_grid_spawn1.3__Optimal_Oracle_Tracking__seed3__2022-03-05,station_v0_bogota_grid_spawn1.3,spawn1.3,Optimal_Oracle_Tracking,3,2022-03-05,weekend,-0.3610903842358569,80,96,80,17,0.9402827317585126,1.0,27,0.3610903842358536,0.9402827317585126,17
station_v0_bogota_grid_spawn1.3__MPC_TrackingG2V__seed4__2022-01-17,station_v0_bogota_grid_spawn1.3,spawn1.3,MPC_TrackingG2V,4,2022-01-17,weekday,0.0,0,96,0,0,0.9619745264885208,1.0,27,0.0,0.9619745264885208,0
station_v0_bogota_grid_spawn1.3__ChargeAsFastAsPossible__seed4__2022-03-05,station_v0_bogota_grid_spawn1.3,spawn1.3,ChargeAsFastAsPossible,4,2022-03-05,weekend,-0.0346787989306367,22,96,22,7,0.9465412475949628,1.0,27,0.0346787989306358,0.9465412475949628,7
station_v0_bogota_grid_spawn1.3__TD3_vanilla_extended_ts102__seed4__2022-03-05,station_v0_bogota_grid_spawn1.3,spawn1.3,TD3_vanilla_extended_ts102,4,2022-03-05,weekend,-0.0285659978843468,22,96,22,7,0.94690119240265,1.0,27,0.0285659978843458,0.94690119240265,7
station_v0_bogota_grid_spawn1.3__RoundRobin__seed5__2022-01-17,station_v0_bogota_grid_spawn1.3,spawn1.3,RoundRobin,5,2022-01-17,weekday,-1.7217910041598512,264,96,264,48,0.9309807228905644,1.0,27,1.72179100415984,0.9309807228905644,48
station_v0_bogota_grid_spawn1.3__Optimal_Oracle_Tracking__seed5__2022-01-17,station_v0_bogota_grid_spawn1.3,spawn1.3,Optimal_Oracle_Tracking,5,2022-01-17,weekday,-1.7102742153076451,264,96,264,49,0.9312058602311416,1.0,27,1.7102742153076345,0.9312058602311416,49
station_v0_bogota_grid_spawn1.3__MPC_TrackingG2V__seed5__2022-03-05,station_v0_bogota_grid_spawn1.3,spawn1.3,MPC_TrackingG2V,5,2022-03-05,weekend,-0.0456213782196537,29,96,29,8,0.9465812304618596,1.0,27,0.0456213782196525,0.9465812304618596,8
station_v0_bogota_grid_spawn1.3__ChargeAsFastAsPossible__seed6__2022-01-17,station_v0_bogota_grid_spawn1.3,spawn1.3,ChargeAsFastAsPossible,6,2022-01-17,weekday,-0.2653599302895509,86,96,86,20,0.941298105767794,1.0,27,0.2653599302895474,0.941298105767794,20
station_v0_bogota_grid_spawn1.3__TD3_vanilla_extended_ts102__seed6__2022-01-17,station_v0_bogota_grid_spawn1.3,spawn1.3,TD3_vanilla_extended_ts102,6,2022-01-17,weekday,-0.2653599302895509,86,96,86,20,0.941298105767794,1.0,27,0.2653599302895474,0.941298105767794,20
station_v0_bogota_grid_spawn1.3__RoundRobin__seed6__2022-03-05,station_v0_bogota_grid_spawn1.3,spawn1.3,RoundRobin,6,2022-03-05,weekend,-0.0029195264816568,8,96,8,4,0.949436651482414,1.0,27,0.0029195264816564,0.949436651482414,4
station_v0_bogota_grid_spawn1.3__Optimal_Oracle_Tracking__seed6__2022-03-05,station_v0_bogota_grid_spawn1.3,spawn1.3,Optimal_Oracle_Tracking,6,2022-03-05,weekend,-0.0041637486710315,11,96,11,5,0.9491185644382854,1.0,27,0.004163748671031,0.9491185644382854,5
station_v0_bogota_grid_spawn1.3__MPC_TrackingG2V__seed7__2022-01-17,station_v0_bogota_grid_spawn1.3,spawn1.3,MPC_TrackingG2V,7,2022-01-17,weekday,-0.3761967312028931,80,96,80,17,0.9381238922983808,1.0,27,0.3761967312028897,0.9381238922983808,17
station_v0_bogota_grid_spawn1.3__ChargeAsFastAsPossible__seed7__2022-03-05,station_v0_bogota_grid_spawn1.3,spawn1.3,ChargeAsFastAsPossible,7,2022-03-05,weekend,0.0,0,96,0,0,0.9504733634445368,1.0,27,0.0,0.9504733634445368,0
station_v0_bogota_grid_spawn1.3__TD3_vanilla_extended_ts102__seed7__2022-03-05,station_v0_bogota_grid_spawn1.3,spawn1.3,TD3_vanilla_extended_ts102,7,2022-03-05,weekend,0.0,0,96,0,0,0.9504733634445368,1.0,27,0.0,0.9504733634445368,0
station_v0_bogota_grid_spawn1.3__RoundRobin__seed8__2022-01-17,station_v0_bogota_grid_spawn1.3,spawn1.3,RoundRobin,8,2022-01-17,weekday,-0.2622378475114242,73,96,73,16,0.9426147308749936,1.0,27,0.2622378475114212,0.9426147308749936,16
station_v0_bogota_grid_spawn1.3__Optimal_Oracle_Tracking__seed8__2022-01-17,station_v0_bogota_grid_spawn1.3,spawn1.3,Optimal_Oracle_Tracking,8,2022-01-17,weekday,-0.2506397535066781,80,96,80,19,0.9430343911612572,1.0,27,0.2506397535066748,0.9430343911612572,19
station_v0_bogota_grid_spawn1.3__MPC_TrackingG2V__seed8__2022-03-05,station_v0_bogota_grid_spawn1.3,spawn1.3,MPC_TrackingG2V,8,2022-03-05,weekend,0.0,0,96,0,0,0.9508266164773264,1.0,27,0.0,0.9508266164773264,0
station_v0_bogota_grid_spawn1.3__ChargeAsFastAsPossible__seed9__2022-01-17,station_v0_bogota_grid_spawn1.3,spawn1.3,ChargeAsFastAsPossible,9,2022-01-17,weekday,-0.1420881270481245,41,96,41,9,0.9432145032082446,1.0,27,0.1420881270481228,0.9432145032082446,9
station_v0_bogota_grid_spawn1.3__TD3_vanilla_extended_ts102__seed9__2022-01-17,station_v0_bogota_grid_spawn1.3,spawn1.3,TD3_vanilla_extended_ts102,9,2022-01-17,weekday,-0.1420880296654059,41,96,41,9,0.9432145032082446,1.0,27,0.1420880296654042,0.9432145032082446,9
station_v0_bogota_grid_spawn1.3__RoundRobin__seed9__2022-03-05,station_v0_bogota_grid_spawn1.3,spawn1.3,RoundRobin,9,2022-03-05,weekend,0.0,0,96,0,0,0.95262469255843,1.0,27,0.0,0.95262469255843,0
station_v0_bogota_grid_spawn1.3__Optimal_Oracle_Tracking__seed9__2022-03-05,station_v0_bogota_grid_spawn1.3,spawn1.3,Optimal_Oracle_Tracking,9,2022-03-05,weekend,0.0,0,96,0,0,0.95266071112025,1.0,27,0.0,0.95266071112025,0
station_v0_bogota_grid_spawn1.3__MPC_TrackingG2V__seed10__2022-01-17,station_v0_bogota_grid_spawn1.3,spawn1.3,MPC_TrackingG2V,10,2022-01-17,weekday,-0.1599052960134749,58,96,58,16,0.9433240933055378,1.0,27,0.1599052960134724,0.9433240933055378,16
station_v0_bogota_grid_spawn1.3__ChargeAsFastAsPossible__seed10__2022-03-05,station_v0_bogota_grid_spawn1.3,spawn1.3,ChargeAsFastAsPossible,10,2022-03-05,weekend,-0.0818751307811106,38,96,38,11,0.9448249725538018,1.0,27,0.081875130781109,0.9448249725538018,11
station_v0_bogota_grid_spawn1.3__TD3_vanilla_extended_ts102__seed10__2022-03-05,station_v0_bogota_grid_spawn1.3,spawn1.3,TD3_vanilla_extended_ts102,10,2022-03-05,weekend,-0.0850472693356282,35,96,35,10,0.9435207624875678,1.0,27,0.0850472693356267,0.9435207624875678,10
station_v0_bogota_grid_spawn1.3__RoundRobin__seed11__2022-01-17,station_v0_bogota_grid_spawn1.3,spawn1.3,RoundRobin,11,2022-01-17,weekday,-1.2595648392304009,184,96,184,35,0.9318214473144576,1.0,27,1.259564839230393,0.9318214473144576,35
station_v0_bogota_grid_spawn1.3__Optimal_Oracle_Tracking__seed11__2022-01-17,station_v0_bogota_grid_spawn1.3,spawn1.3,Optimal_Oracle_Tracking,11,2022-01-17,weekday,-1.2524050101214257,184,96,184,37,0.93206877659871,1.0,27,1.252405010121418,0.93206877659871,37
station_v0_bogota_grid_spawn1.3__MPC_TrackingG2V__seed11__2022-03-05,station_v0_bogota_grid_spawn1.3,spawn1.3,MPC_TrackingG2V,11,2022-03-05,weekend,-0.0832973698194065,38,96,38,10,0.9449389385265814,1.0,27,0.0832973698194049,0.9449389385265814,10
station_v0_bogota_grid_spawn1.3__ChargeAsFastAsPossible__seed12__2022-01-17,station_v0_bogota_grid_spawn1.3,spawn1.3,ChargeAsFastAsPossible,12,2022-01-17,weekday,-0.1319330682247371,53,96,53,13,0.9443697151303898,1.0,27,0.1319330682247349,0.9443697151303898,13
station_v0_bogota_grid_spawn1.3__TD3_vanilla_extended_ts102__seed12__2022-01-17,station_v0_bogota_grid_spawn1.3,spawn1.3,TD3_vanilla_extended_ts102,12,2022-01-17,weekday,-0.1356979951603187,54,96,54,13,0.9443697151303898,1.0,27,0.1356979951603164,0.9443697151303898,13
station_v0_bogota_grid_spawn1.3__RoundRobin__seed12__2022-03-05,station_v0_bogota_grid_spawn1.3,spawn1.3,RoundRobin,12,2022-03-05,weekend,-0.0735633543709388,36,96,36,10,0.9461351235149916,1.0,27,0.0735633543709373,0.9461351235149916,10
station_v0_bogota_grid_spawn1.3__Optimal_Oracle_Tracking__seed12__2022-03-05,station_v0_bogota_grid_spawn1.3,spawn1.3,Optimal_Oracle_Tracking,12,2022-03-05,weekend,-0.0876005814504611,39,96,39,10,0.9455423199630012,1.0,27,0.0876005814504595,0.9455423199630012,10
station_v0_bogota_grid_spawn1.3__MPC_TrackingG2V__seed13__2022-01-17,station_v0_bogota_grid_spawn1.3,spawn1.3,MPC_TrackingG2V,13,2022-01-17,weekday,-0.4310627676954787,112,96,112,27,0.9400281807961616,1.0,27,0.431062767695474,0.9400281807961616,27
station_v0_bogota_grid_spawn1.3__ChargeAsFastAsPossible__seed13__2022-03-05,station_v0_bogota_grid_spawn1.3,spawn1.3,ChargeAsFastAsPossible,13,2022-03-05,weekend,-0.1038934829887123,40,96,40,10,0.9455973944725294,1.0,27,0.1038934829887107,0.9455973944725294,10
station_v0_bogota_grid_spawn1.3__TD3_vanilla_extended_ts102__seed13__2022-03-05,station_v0_bogota_grid_spawn1.3,spawn1.3,TD3_vanilla_extended_ts102,13,2022-03-05,weekend,-0.1122599967502875,41,96,41,10,0.9442860472753284,1.0,27,0.1122599967502858,0.9442860472753284,10
station_v0_bogota_grid_spawn1.3__RoundRobin__seed14__2022-01-17,station_v0_bogota_grid_spawn1.3,spawn1.3,RoundRobin,14,2022-01-17,weekday,-0.3160477079603189,84,96,84,21,0.9395342989449276,1.0,27,0.3160477079603154,0.9395342989449276,21
station_v0_bogota_grid_spawn1.3__Optimal_Oracle_Tracking__seed14__2022-01-17,station_v0_bogota_grid_spawn1.3,spawn1.3,Optimal_Oracle_Tracking,14,2022-01-17,weekday,-0.3087994594265253,78,96,78,19,0.9397951045968166,1.0,27,0.3087994594265221,0.9397951045968166,19
station_v0_bogota_grid_spawn1.3__MPC_TrackingG2V__seed14__2022-03-05,station_v0_bogota_grid_spawn1.3,spawn1.3,MPC_TrackingG2V,14,2022-03-05,weekend,0.0,0,96,0,0,0.9500936467559208,1.0,27,0.0,0.9500936467559208,0
station_v0_bogota_grid_spawn1.3__ChargeAsFastAsPossible__seed15__2022-01-17,station_v0_bogota_grid_spawn1.3,spawn1.3,ChargeAsFastAsPossible,15,2022-01-17,weekday,-0.0434205068521635,24,96,24,7,0.9461346488629044,1.0,27,0.0434205068521625,0.9461346488629044,7
station_v0_bogota_grid_spawn1.3__TD3_vanilla_extended_ts102__seed15__2022-01-17,station_v0_bogota_grid_spawn1.3,spawn1.3,TD3_vanilla_extended_ts102,15,2022-01-17,weekday,-0.0393814590394908,22,96,22,6,0.946846668624842,1.0,27,0.0393814590394899,0.946846668624842,6
station_v0_bogota_grid_spawn1.3__RoundRobin__seed15__2022-03-05,station_v0_bogota_grid_spawn1.3,spawn1.3,RoundRobin,15,2022-03-05,weekend,0.0,0,96,0,0,0.9516052289726856,1.0,27,0.0,0.9516052289726856,0
station_v0_bogota_grid_spawn1.3__Optimal_Oracle_Tracking__seed15__2022-03-05,station_v0_bogota_grid_spawn1.3,spawn1.3,Optimal_Oracle_Tracking,15,2022-03-05,weekend,0.0,0,96,0,0,0.9510274805017292,1.0,27,0.0,0.9510274805017292,0
station_v0_bogota_grid_spawn1.3__MPC_TrackingG2V__seed16__2022-01-17,station_v0_bogota_grid_spawn1.3,spawn1.3,MPC_TrackingG2V,16,2022-01-17,weekday,0.0,0,96,0,0,0.9589548944792392,1.0,27,0.0,0.9589548944792392,0
station_v0_bogota_grid_spawn1.3__ChargeAsFastAsPossible__seed16__2022-03-05,station_v0_bogota_grid_spawn1.3,spawn1.3,ChargeAsFastAsPossible,16,2022-03-05,weekend,-0.2129726043450928,62,96,62,14,0.9436291838591644,1.0,27,0.2129726043450902,0.9436291838591644,14
station_v0_bogota_grid_spawn1.3__TD3_vanilla_extended_ts102__seed16__2022-03-05,station_v0_bogota_grid_spawn1.3,spawn1.3,TD3_vanilla_extended_ts102,16,2022-03-05,weekend,-0.2133963325940852,63,96,63,14,0.9436291838591644,1.0,27,0.2133963325940826,0.9436291838591644,14
station_v0_bogota_grid_spawn1.3__RoundRobin__seed17__2022-01-17,station_v0_bogota_grid_spawn1.3,spawn1.3,RoundRobin,17,2022-01-17,weekday,-0.2680817130522941,79,96,79,18,0.9416386367616176,1.0,27,0.2680817130522909,0.9416386367616176,18
station_v0_bogota_grid_spawn1.3__Optimal_Oracle_Tracking__seed17__2022-01-17,station_v0_bogota_grid_spawn1.3,spawn1.3,Optimal_Oracle_Tracking,17,2022-01-17,weekday,-0.2676509558542418,79,96,79,18,0.9416059037143824,1.0,27,0.2676509558542386,0.9416059037143824,18
station_v0_bogota_grid_spawn1.3__MPC_TrackingG2V__seed17__2022-03-05,station_v0_bogota_grid_spawn1.3,spawn1.3,MPC_TrackingG2V,17,2022-03-05,weekend,0.0,0,96,0,0,0.9508042412248155,1.0,27,0.0,0.9508042412248155,0
station_v0_bogota_grid_spawn1.3__ChargeAsFastAsPossible__seed18__2022-01-17,station_v0_bogota_grid_spawn1.3,spawn1.3,ChargeAsFastAsPossible,18,2022-01-17,weekday,-0.723858361634921,147,96,147,32,0.9381800193216664,1.0,27,0.723858361634915,0.9381800193216664,32
station_v0_bogota_grid_spawn1.3__TD3_vanilla_extended_ts102__seed18__2022-01-17,station_v0_bogota_grid_spawn1.3,spawn1.3,TD3_vanilla_extended_ts102,18,2022-01-17,weekday,-0.7227260933157138,145,96,145,32,0.9381800193216664,1.0,27,0.7227260933157077,0.9381800193216664,32
station_v0_bogota_grid_spawn1.3__RoundRobin__seed18__2022-03-05,station_v0_bogota_grid_spawn1.3,spawn1.3,RoundRobin,18,2022-03-05,weekend,-0.0129132270787039,14,96,14,5,0.9482715775387603,1.0,27,0.0129132270787033,0.9482715775387603,5
station_v0_bogota_grid_spawn1.3__Optimal_Oracle_Tracking__seed18__2022-03-05,station_v0_bogota_grid_spawn1.3,spawn1.3,Optimal_Oracle_Tracking,18,2022-03-05,weekend,-0.0099223611299713,13,96,13,5,0.9483750998822582,1.0,27,0.0099223611299708,0.9483750998822582,5
station_v0_bogota_grid_spawn1.3__MPC_TrackingG2V__seed19__2022-01-17,station_v0_bogota_grid_spawn1.3,spawn1.3,MPC_TrackingG2V,19,2022-01-17,weekday,-0.0581184610553375,34,96,34,10,0.9461534225228588,1.0,27,0.0581184610553361,0.9461534225228588,10
station_v0_bogota_grid_spawn1.3__ChargeAsFastAsPossible__seed19__2022-03-05,station_v0_bogota_grid_spawn1.3,spawn1.3,ChargeAsFastAsPossible,19,2022-03-05,weekend,-0.0231317124607011,19,96,19,7,0.9474178829678116,1.0,27,0.0231317124607003,0.9474178829678116,7
station_v0_bogota_grid_spawn1.3__TD3_vanilla_extended_ts102__seed19__2022-03-05,station_v0_bogota_grid_spawn1.3,spawn1.3,TD3_vanilla_extended_ts102,19,2022-03-05,weekend,-0.0231317124607011,19,96,19,7,0.9474178829678116,1.0,27,0.0231317124607003,0.9474178829678116,7
station_v0_bogota_grid_spawn1.3__RoundRobin__seed20__2022-01-17,station_v0_bogota_grid_spawn1.3,spawn1.3,RoundRobin,20,2022-01-17,weekday,-0.3656271710231937,76,96,76,17,0.9383926136053266,1.0,27,0.3656271710231906,0.9383926136053266,17
station_v0_bogota_grid_spawn1.3__Optimal_Oracle_Tracking__seed20__2022-01-17,station_v0_bogota_grid_spawn1.3,spawn1.3,Optimal_Oracle_Tracking,20,2022-01-17,weekday,-0.3580293504611455,75,96,75,17,0.938617164001781,1.0,27,0.3580293504611423,0.938617164001781,17
station_v0_bogota_grid_spawn1.3__MPC_TrackingG2V__seed20__2022-03-05,station_v0_bogota_grid_spawn1.3,spawn1.3,MPC_TrackingG2V,20,2022-03-05,weekend,-1.8824386215473687,192,96,192,29,0.9286404917937372,1.0,27,1.8824386215473607,0.9286404917937372,29
station_v0_bogota_grid_spawn1.3__ChargeAsFastAsPossible__seed21__2022-01-17,station_v0_bogota_grid_spawn1.3,spawn1.3,ChargeAsFastAsPossible,21,2022-01-17,weekday,-0.2072581401376166,54,96,54,12,0.9394511842117071,1.0,27,0.2072581401376144,0.9394511842117071,12
station_v0_bogota_grid_spawn1.3__TD3_vanilla_extended_ts102__seed21__2022-01-17,station_v0_bogota_grid_spawn1.3,spawn1.3,TD3_vanilla_extended_ts102,21,2022-01-17,weekday,-0.2032850832302347,54,96,54,12,0.940773003675076,1.0,27,0.2032850832302325,0.940773003675076,12
station_v0_bogota_grid_spawn1.3__RoundRobin__seed21__2022-03-05,station_v0_bogota_grid_spawn1.3,spawn1.3,RoundRobin,21,2022-03-05,weekend,-0.621047518307011,106,96,106,21,0.9382400930203796,1.0,27,0.6210475183070066,0.9382400930203796,21
station_v0_bogota_grid_spawn1.3__Optimal_Oracle_Tracking__seed21__2022-03-05,station_v0_bogota_grid_spawn1.3,spawn1.3,Optimal_Oracle_Tracking,21,2022-03-05,weekend,-0.6294927447022802,106,96,106,21,0.9383442419428248,1.0,27,0.6294927447022759,0.9383442419428248,21
station_v0_bogota_grid_spawn1.3__MPC_TrackingG2V__seed22__2022-01-17,station_v0_bogota_grid_spawn1.3,spawn1.3,MPC_TrackingG2V,22,2022-01-17,weekday,-0.7095781812521077,136,96,136,28,0.9360982390012698,1.0,27,0.709578181252102,0.9360982390012698,28
station_v0_bogota_grid_spawn1.3__ChargeAsFastAsPossible__seed22__2022-03-05,station_v0_bogota_grid_spawn1.3,spawn1.3,ChargeAsFastAsPossible,22,2022-03-05,weekend,-0.4748906810306135,95,96,95,19,0.9386869802178625,1.0,27,0.4748906810306096,0.9386869802178625,19
station_v0_bogota_grid_spawn1.3__TD3_vanilla_extended_ts102__seed22__2022-03-05,station_v0_bogota_grid_spawn1.3,spawn1.3,TD3_vanilla_extended_ts102,22,2022-03-05,weekend,-0.4736880357422027,95,96,95,19,0.9386869802178625,1.0,27,0.4736880357421987,0.9386869802178625,19
station_v0_bogota_grid_spawn1.3__RoundRobin__seed23__2022-01-17,station_v0_bogota_grid_spawn1.3,spawn1.3,RoundRobin,23,2022-01-17,weekday,0.0,0,96,0,0,0.9550135633139496,1.0,27,0.0,0.9550135633139496,0
station_v0_bogota_grid_spawn1.3__Optimal_Oracle_Tracking__seed23__2022-01-17,station_v0_bogota_grid_spawn1.3,spawn1.3,Optimal_Oracle_Tracking,23,2022-01-17,weekday,0.0,0,96,0,0,0.9552758387954198,1.0,27,0.0,0.9552758387954198,0
station_v0_bogota_grid_spawn1.3__MPC_TrackingG2V__seed23__2022-03-05,station_v0_bogota_grid_spawn1.3,spawn1.3,MPC_TrackingG2V,23,2022-03-05,weekend,-0.0315985340813208,23,96,23,7,0.947521817117456,1.0,27,0.0315985340813198,0.947521817117456,7
station_v0_bogota_grid_spawn1.3__ChargeAsFastAsPossible__seed24__2022-01-17,station_v0_bogota_grid_spawn1.3,spawn1.3,ChargeAsFastAsPossible,24,2022-01-17,weekday,-0.4259035102527284,83,96,83,17,0.9365773416836528,1.0,27,0.4259035102527249,0.9365773416836528,17
station_v0_bogota_grid_spawn1.3__TD3_vanilla_extended_ts102__seed24__2022-01-17,station_v0_bogota_grid_spawn1.3,spawn1.3,TD3_vanilla_extended_ts102,24,2022-01-17,weekday,-0.424882624930834,83,96,83,17,0.9365773416836528,1.0,27,0.4248826249308305,0.9365773416836528,17
station_v0_bogota_grid_spawn1.3__RoundRobin__seed24__2022-03-05,station_v0_bogota_grid_spawn1.3,spawn1.3,RoundRobin,24,2022-03-05,weekend,-0.3048532665120281,72,96,72,15,0.9407931527350964,1.0,27,0.3048532665120251,0.9407931527350964,15
station_v0_bogota_grid_spawn1.3__Optimal_Oracle_Tracking__seed24__2022-03-05,station_v0_bogota_grid_spawn1.3,spawn1.3,Optimal_Oracle_Tracking,24,2022-03-05,weekend,-0.3033149513339414,70,96,70,15,0.9404267250778736,1.0,27,0.3033149513339385,0.9404267250778736,15
station_v0_bogota_grid_spawn1.3__MPC_TrackingG2V__seed25__2022-01-17,station_v0_bogota_grid_spawn1.3,spawn1.3,MPC_TrackingG2V,25,2022-01-17,weekday,-0.430258381679345,92,96,92,18,0.9407637274324664,1.0,27,0.4302583816793411,0.9407637274324664,18
station_v0_bogota_grid_spawn1.3__ChargeAsFastAsPossible__seed25__2022-03-05,station_v0_bogota_grid_spawn1.3,spawn1.3,ChargeAsFastAsPossible,25,2022-03-05,weekend,-0.1557570954125137,51,96,51,12,0.94233021400655,1.0,27,0.1557570954125116,0.94233021400655,12
station_v0_bogota_grid_spawn1.3__TD3_vanilla_extended_ts102__seed25__2022-03-05,station_v0_bogota_grid_spawn1.3,spawn1.3,TD3_vanilla_extended_ts102,25,2022-03-05,weekend,-0.1589951577030011,50,96,50,12,0.9433427419497196,1.0,27,0.1589951577029991,0.9433427419497196,12
station_v0_bogota_grid_spawn1.3__RoundRobin__seed26__2022-01-17,station_v0_bogota_grid_spawn1.3,spawn1.3,RoundRobin,26,2022-01-17,weekday,-1.3600646210434342,165,96,165,30,0.9309447054773088,1.0,27,1.3600646210434273,0.9309447054773088,30
station_v0_bogota_grid_spawn1.3__Optimal_Oracle_Tracking__seed26__2022-01-17,station_v0_bogota_grid_spawn1.3,spawn1.3,Optimal_Oracle_Tracking,26,2022-01-17,weekday,-1.3597791651658089,164,96,164,27,0.9312048888033112,1.0,27,1.359779165165802,0.9312048888033112,27
station_v0_bogota_grid_spawn1.3__MPC_TrackingG2V__seed26__2022-03-05,station_v0_bogota_grid_spawn1.3,spawn1.3,MPC_TrackingG2V,26,2022-03-05,weekend,-0.213681224567307,68,96,68,15,0.9439313672343468,1.0,27,0.2136812245673042,0.9439313672343468,15
station_v0_bogota_grid_spawn1.3__ChargeAsFastAsPossible__seed27__2022-01-17,station_v0_bogota_grid_spawn1.3,spawn1.3,ChargeAsFastAsPossible,27,2022-01-17,weekday,-0.4845612581252166,83,96,83,17,0.9374808178004276,1.0,27,0.4845612581252132,0.9374808178004276,17
station_v0_bogota_grid_spawn1.3__TD3_vanilla_extended_ts102__seed27__2022-01-17,station_v0_bogota_grid_spawn1.3,spawn1.3,TD3_vanilla_extended_ts102,27,2022-01-17,weekday,-0.4845612581252166,83,96,83,17,0.9374808178004276,1.0,27,0.4845612581252132,0.9374808178004276,17
station_v0_bogota_grid_spawn1.3__RoundRobin__seed27__2022-03-05,station_v0_bogota_grid_spawn1.3,spawn1.3,RoundRobin,27,2022-03-05,weekend,-0.0017450826760095,4,96,4,2,0.9494446149253468,1.0,27,0.0017450826760093,0.9494446149253468,2
station_v0_bogota_grid_spawn1.3__Optimal_Oracle_Tracking__seed27__2022-03-05,station_v0_bogota_grid_spawn1.3,spawn1.3,Optimal_Oracle_Tracking,27,2022-03-05,weekend,-0.0007747041656148,3,96,3,2,0.949580368881238,1.0,27,0.0007747041656147,0.949580368881238,2
station_v0_bogota_grid_spawn1.3__MPC_TrackingG2V__seed28__2022-01-17,station_v0_bogota_grid_spawn1.3,spawn1.3,MPC_TrackingG2V,28,2022-01-17,weekday,-0.1959909896215012,62,96,62,14,0.9420924057746068,1.0,27,0.1959909896214986,0.9420924057746068,14
station_v0_bogota_grid_spawn1.3__ChargeAsFastAsPossible__seed28__2022-03-05,station_v0_bogota_grid_spawn1.3,spawn1.3,ChargeAsFastAsPossible,28,2022-03-05,weekend,-0.0043573630601079,6,96,6,2,0.9486359673438692,1.0,27,0.0043573630601077,0.9486359673438692,2
station_v0_bogota_grid_spawn1.3__TD3_vanilla_extended_ts102__seed28__2022-03-05,station_v0_bogota_grid_spawn1.3,spawn1.3,TD3_vanilla_extended_ts102,28,2022-03-05,weekend,-0.0043573630601079,6,96,6,2,0.9486359673438692,1.0,27,0.0043573630601077,0.9486359673438692,2
station_v0_bogota_grid_spawn1.3__RoundRobin__seed29__2022-01-17,station_v0_bogota_grid_spawn1.3,spawn1.3,RoundRobin,29,2022-01-17,weekday,-0.021580783874451,19,96,19,6,0.947231669838369,1.0,27,0.0215807838744502,0.947231669838369,6
station_v0_bogota_grid_spawn1.3__Optimal_Oracle_Tracking__seed29__2022-01-17,station_v0_bogota_grid_spawn1.3,spawn1.3,Optimal_Oracle_Tracking,29,2022-01-17,weekday,-0.0192316167757741,15,96,15,5,0.947562261188602,1.0,27,0.0192316167757735,0.947562261188602,5
station_v0_bogota_grid_spawn1.3__MPC_TrackingG2V__seed29__2022-03-05,station_v0_bogota_grid_spawn1.3,spawn1.3,MPC_TrackingG2V,29,2022-03-05,weekend,-0.0317427557795644,26,96,26,8,0.9472039945544594,1.0,27,0.0317427557795633,0.9472039945544594,8
station_v0_bogota_grid_spawn1.3__ChargeAsFastAsPossible__seed30__2022-01-17,station_v0_bogota_grid_spawn1.3,spawn1.3,ChargeAsFastAsPossible,30,2022-01-17,weekday,-0.2218560735315863,67,96,67,15,0.9410714112456858,1.0,27,0.2218560735315835,0.9410714112456858,15
station_v0_bogota_grid_spawn1.3__TD3_vanilla_extended_ts102__seed30__2022-01-17,station_v0_bogota_grid_spawn1.3,spawn1.3,TD3_vanilla_extended_ts102,30,2022-01-17,weekday,-0.1857397665541302,55,96,55,12,0.9431236074708944,1.0,27,0.1857397665541279,0.9431236074708944,12
station_v0_bogota_grid_spawn1.3__RoundRobin__seed30__2022-03-05,station_v0_bogota_grid_spawn1.3,spawn1.3,RoundRobin,30,2022-03-05,weekend,-0.1512637926478356,50,96,50,11,0.9443271519000151,1.0,27,0.1512637926478335,0.9443271519000151,11
station_v0_bogota_grid_spawn1.3__Optimal_Oracle_Tracking__seed30__2022-03-05,station_v0_bogota_grid_spawn1.3,spawn1.3,Optimal_Oracle_Tracking,30,2022-03-05,weekend,-0.1506000967384238,52,96,52,12,0.9446626990881506,1.0,27,0.1506000967384216,0.9446626990881506,12
station_v0_bogota_grid_spawn1.3__MPC_TrackingG2V__seed31__2022-01-17,station_v0_bogota_grid_spawn1.3,spawn1.3,MPC_TrackingG2V,31,2022-01-17,weekday,-1.378214663724037,208,96,208,39,0.9315521729893368,1.0,27,1.378214663724028,0.9315521729893368,39
station_v0_bogota_grid_spawn1.3__ChargeAsFastAsPossible__seed31__2022-03-05,station_v0_bogota_grid_spawn1.3,spawn1.3,ChargeAsFastAsPossible,31,2022-03-05,weekend,-0.0110458857697843,13,96,13,5,0.9478601497137928,1.0,27,0.0110458857697838,0.9478601497137928,5
station_v0_bogota_grid_spawn1.3__TD3_vanilla_extended_ts102__seed31__2022-03-05,station_v0_bogota_grid_spawn1.3,spawn1.3,TD3_vanilla_extended_ts102,31,2022-03-05,weekend,-0.0110458857697843,13,96,13,5,0.9478601497137928,1.0,27,0.0110458857697838,0.9478601497137928,5
station_v0_bogota_grid_spawn1.3__RoundRobin__seed32__2022-01-17,station_v0_bogota_grid_spawn1.3,spawn1.3,RoundRobin,32,2022-01-17,weekday,-0.7782032687032207,134,96,134,28,0.9348426420560524,1.0,27,0.7782032687032151,0.9348426420560524,28
station_v0_bogota_grid_spawn1.3__Optimal_Oracle_Tracking__seed32__2022-01-17,station_v0_bogota_grid_spawn1.3,spawn1.3,Optimal_Oracle_Tracking,32,2022-01-17,weekday,-0.7700760510386011,130,96,130,27,0.9348883041341864,1.0,27,0.7700760510385957,0.9348883041341864,27
station_v0_bogota_grid_spawn1.3__MPC_TrackingG2V__seed32__2022-03-05,station_v0_bogota_grid_spawn1.3,spawn1.3,MPC_TrackingG2V,32,2022-03-05,weekend,-0.0111734866658801,17,96,17,7,0.9488695862913384,1.0,27,0.0111734866658794,0.9488695862913384,7
station_v0_bogota_grid_spawn1.3__ChargeAsFastAsPossible__seed33__2022-01-17,station_v0_bogota_grid_spawn1.3,spawn1.3,ChargeAsFastAsPossible,33,2022-01-17,weekday,-0.4557702004812961,79,96,79,15,0.9366615739210916,1.0,27,0.4557702004812928,0.9366615739210916,15
station_v0_bogota_grid_spawn1.3__TD3_vanilla_extended_ts102__seed33__2022-01-17,station_v0_bogota_grid_spawn1.3,spawn1.3,TD3_vanilla_extended_ts102,33,2022-01-17,weekday,-0.4557702004812961,79,96,79,15,0.9366615739210916,1.0,27,0.4557702004812928,0.9366615739210916,15
station_v0_bogota_grid_spawn1.3__RoundRobin__seed33__2022-03-05,station_v0_bogota_grid_spawn1.3,spawn1.3,RoundRobin,33,2022-03-05,weekend,-0.7662906760352095,124,96,124,21,0.9373169523575166,1.0,27,0.7662906760352044,0.9373169523575166,21
station_v0_bogota_grid_spawn1.3__Optimal_Oracle_Tracking__seed33__2022-03-05,station_v0_bogota_grid_spawn1.3,spawn1.3,Optimal_Oracle_Tracking,33,2022-03-05,weekend,-0.7735877670395142,125,96,125,21,0.9376184548896522,1.0,27,0.7735877670395089,0.9376184548896522,21
station_v0_bogota_grid_spawn1.3__MPC_TrackingG2V__seed34__2022-01-17,station_v0_bogota_grid_spawn1.3,spawn1.3,MPC_TrackingG2V,34,2022-01-17,weekday,-0.0694034196062961,37,96,37,11,0.9461809339177084,1.0,27,0.0694034196062945,0.9461809339177084,11
station_v0_bogota_grid_spawn1.3__ChargeAsFastAsPossible__seed34__2022-03-05,station_v0_bogota_grid_spawn1.3,spawn1.3,ChargeAsFastAsPossible,34,2022-03-05,weekend,-0.2770006338081074,72,96,72,15,0.9421589498772608,1.0,27,0.2770006338081044,0.9421589498772608,15
station_v0_bogota_grid_spawn1.3__TD3_vanilla_extended_ts102__seed34__2022-03-05,station_v0_bogota_grid_spawn1.3,spawn1.3,TD3_vanilla_extended_ts102,34,2022-03-05,weekend,-0.2901352668572902,72,96,72,15,0.9410933773082304,1.0,27,0.2901352668572872,0.9410933773082304,15
station_v0_bogota_grid_spawn1.3__RoundRobin__seed35__2022-01-17,station_v0_bogota_grid_spawn1.3,spawn1.3,RoundRobin,35,2022-01-17,weekday,-0.1268726846047428,51,96,51,14,0.9437538111459616,1.0,27,0.1268726846047407,0.9437538111459616,14
station_v0_bogota_grid_spawn1.3__Optimal_Oracle_Tracking__seed35__2022-01-17,station_v0_bogota_grid_spawn1.3,spawn1.3,Optimal_Oracle_Tracking,35,2022-01-17,weekday,-0.1214995577748323,50,96,50,14,0.9440112849808155,1.0,27,0.1214995577748302,0.9440112849808155,14
station_v0_bogota_grid_spawn1.3__MPC_TrackingG2V__seed35__2022-03-05,station_v0_bogota_grid_spawn1.3,spawn1.3,MPC_TrackingG2V,35,2022-03-05,weekend,-0.2078954332525793,60,96,60,14,0.94282515597597,1.0,27,0.2078954332525768,0.94282515597597,14
station_v0_bogota_grid_spawn1.3__ChargeAsFastAsPossible__seed36__2022-01-17,station_v0_bogota_grid_spawn1.3,spawn1.3,ChargeAsFastAsPossible,36,2022-01-17,weekday,-0.772843807857182,173,96,173,37,0.9375272463988804,1.0,27,0.7728438078571748,0.9375272463988804,37
station_v0_bogota_grid_spawn1.3__TD3_vanilla_extended_ts102__seed36__2022-01-17,station_v0_bogota_grid_spawn1.3,spawn1.3,TD3_vanilla_extended_ts102,36,2022-01-17,weekday,-0.7679238205780414,170,96,170,36,0.9375272463988804,1.0,27,0.7679238205780343,0.9375272463988804,36
station_v0_bogota_grid_spawn1.3__RoundRobin__seed36__2022-03-05,station_v0_bogota_grid_spawn1.3,spawn1.3,RoundRobin,36,2022-03-05,weekend,-0.6697719004909168,112,96,112,21,0.937753735981119,1.0,27,0.6697719004909122,0.937753735981119,21
station_v0_bogota_grid_spawn1.3__Optimal_Oracle_Tracking__seed36__2022-03-05,station_v0_bogota_grid_spawn1.3,spawn1.3,Optimal_Oracle_Tracking,36,2022-03-05,weekend,-0.6739242553137917,112,96,112,21,0.9379731830678412,1.0,27,0.6739242553137871,0.9379731830678412,21
station_v0_bogota_grid_spawn1.3__MPC_TrackingG2V__seed37__2022-01-17,station_v0_bogota_grid_spawn1.3,spawn1.3,MPC_TrackingG2V,37,2022-01-17,weekday,-0.0700116144282836,30,96,30,8,0.945895256431523,1.0,27,0.0700116144282824,0.945895256431523,8
station_v0_bogota_grid_spawn1.3__ChargeAsFastAsPossible__seed37__2022-03-05,station_v0_bogota_grid_spawn1.3,spawn1.3,ChargeAsFastAsPossible,37,2022-03-05,weekend,-0.0007817534054545,2,96,2,1,0.9495177303480208,1.0,27,0.0007817534054544,0.9495177303480208,1
station_v0_bogota_grid_spawn1.3__TD3_vanilla_extended_ts102__seed37__2022-03-05,station_v0_bogota_grid_spawn1.3,spawn1.3,TD3_vanilla_extended_ts102,37,2022-03-05,weekend,-0.0007817534054545,2,96,2,1,0.9495177303480208,1.0,27,0.0007817534054544,0.9495177303480208,1
station_v0_bogota_grid_spawn1.3__RoundRobin__seed38__2022-01-17,station_v0_bogota_grid_spawn1.3,spawn1.3,RoundRobin,38,2022-01-17,weekday,-0.0331445232830586,20,96,20,6,0.9466567751963784,1.0,27,0.0331445232830578,0.9466567751963784,6
station_v0_bogota_grid_spawn1.3__Optimal_Oracle_Tracking__seed38__2022-01-17,station_v0_bogota_grid_spawn1.3,spawn1.3,Optimal_Oracle_Tracking,38,2022-01-17,weekday,-0.0270354322157046,17,96,17,5,0.9470280242314324,1.0,27,0.0270354322157039,0.9470280242314324,5
station_v0_bogota_grid_spawn1.3__MPC_TrackingG2V__seed38__2022-03-05,station_v0_bogota_grid_spawn1.3,spawn1.3,MPC_TrackingG2V,38,2022-03-05,weekend,-0.339444108975668,79,96,79,16,0.9414730795656872,1.0,27,0.3394441089756648,0.9414730795656872,16
station_v0_bogota_grid_spawn1.3__ChargeAsFastAsPossible__seed39__2022-01-17,station_v0_bogota_grid_spawn1.3,spawn1.3,ChargeAsFastAsPossible,39,2022-01-17,weekday,0.0,0,96,0,0,0.9507554458200804,1.0,27,0.0,0.9507554458200804,0
station_v0_bogota_grid_spawn1.3__TD3_vanilla_extended_ts102__seed39__2022-01-17,station_v0_bogota_grid_spawn1.3,spawn1.3,TD3_vanilla_extended_ts102,39,2022-01-17,weekday,0.0,0,96,0,0,0.9511386113327116,1.0,27,0.0,0.9511386113327116,0
station_v0_bogota_grid_spawn1.3__RoundRobin__seed39__2022-03-05,station_v0_bogota_grid_spawn1.3,spawn1.3,RoundRobin,39,2022-03-05,weekend,0.0,0,96,0,0,0.950728017847899,1.0036176427796724,27,0.0,0.950728017847899,0
station_v0_bogota_grid_spawn1.3__Optimal_Oracle_Tracking__seed39__2022-03-05,station_v0_bogota_grid_spawn1.3,spawn1.3,Optimal_Oracle_Tracking,39,2022-03-05,weekend,0.0,0,96,0,0,0.9508962949059508,1.0038819125032443,27,0.0,0.9508962949059508,0
station_v0_bogota_grid_spawn1.3__MPC_TrackingG2V__seed40__2022-01-17,station_v0_bogota_grid_spawn1.3,spawn1.3,MPC_TrackingG2V,40,2022-01-17,weekday,-1.01545629414036,178,96,178,35,0.9364686529532812,1.0,27,1.0154562941403524,0.9364686529532812,35
station_v0_bogota_grid_spawn1.3__ChargeAsFastAsPossible__seed40__2022-03-05,station_v0_bogota_grid_spawn1.3,spawn1.3,ChargeAsFastAsPossible,40,2022-03-05,weekend,-0.071020496672864,37,96,37,10,0.9464978213084356,1.0,27,0.0710204966728624,0.9464978213084356,10
station_v0_bogota_grid_spawn1.3__TD3_vanilla_extended_ts102__seed40__2022-03-05,station_v0_bogota_grid_spawn1.3,spawn1.3,TD3_vanilla_extended_ts102,40,2022-03-05,weekend,-0.071020496672864,37,96,37,10,0.9464978213084356,1.0,27,0.0710204966728624,0.9464978213084356,10
station_v0_bogota_grid_spawn1.3__RoundRobin__seed41__2022-01-17,station_v0_bogota_grid_spawn1.3,spawn1.3,RoundRobin,41,2022-01-17,weekday,-0.0436218250142192,24,96,24,7,0.9465142050610342,1.0,27,0.0436218250142182,0.9465142050610342,7
station_v0_bogota_grid_spawn1.3__Optimal_Oracle_Tracking__seed41__2022-01-17,station_v0_bogota_grid_spawn1.3,spawn1.3,Optimal_Oracle_Tracking,41,2022-01-17,weekday,-0.0408615165983866,24,96,24,7,0.9466685575721008,1.0,27,0.0408615165983856,0.9466685575721008,7
station_v0_bogota_grid_spawn1.3__MPC_TrackingG2V__seed41__2022-03-05,station_v0_bogota_grid_spawn1.3,spawn1.3,MPC_TrackingG2V,41,2022-03-05,weekend,-0.8302182482095913,141,96,141,28,0.937095795834113,1.0,27,0.8302182482095855,0.937095795834113,28
station_v0_bogota_grid_spawn1.3__ChargeAsFastAsPossible__seed42__2022-01-17,station_v0_bogota_grid_spawn1.3,spawn1.3,ChargeAsFastAsPossible,42,2022-01-17,weekday,-0.3036775395414792,87,96,87,20,0.9411378062571698,1.0,27,0.3036775395414756,0.9411378062571698,20
station_v0_bogota_grid_spawn1.3__TD3_vanilla_extended_ts102__seed42__2022-01-17,station_v0_bogota_grid_spawn1.3,spawn1.3,TD3_vanilla_extended_ts102,42,2022-01-17,weekday,-0.2701928222123938,82,96,82,19,0.9411378062571698,1.0,27,0.2701928222123904,0.9411378062571698,19
station_v0_bogota_grid_spawn1.3__RoundRobin__seed42__2022-03-05,station_v0_bogota_grid_spawn1.3,spawn1.3,RoundRobin,42,2022-03-05,weekend,-0.4460553997166572,92,96,92,19,0.9396175206986194,1.0,27,0.4460553997166534,0.9396175206986194,19
station_v0_bogota_grid_spawn1.3__Optimal_Oracle_Tracking__seed42__2022-03-05,station_v0_bogota_grid_spawn1.3,spawn1.3,Optimal_Oracle_Tracking,42,2022-03-05,weekend,-0.4529320171896797,95,96,95,19,0.9394903966256296,1.0,27,0.4529320171896758,0.9394903966256296,19
station_v0_bogota_grid_spawn1.3__MPC_TrackingG2V__seed43__2022-01-17,station_v0_bogota_grid_spawn1.3,spawn1.3,MPC_TrackingG2V,43,2022-01-17,weekday,-0.8751217338597583,167,96,167,34,0.9343826217785453,1.0,27,0.8751217338597513,0.9343826217785453,34
station_v0_bogota_grid_spawn1.3__ChargeAsFastAsPossible__seed43__2022-03-05,station_v0_bogota_grid_spawn1.3,spawn1.3,ChargeAsFastAsPossible,43,2022-03-05,weekend,-0.0284723309170259,18,96,18,5,0.9462251801330592,1.0,27,0.0284723309170251,0.9462251801330592,5
station_v0_bogota_grid_spawn1.3__TD3_vanilla_extended_ts102__seed43__2022-03-05,station_v0_bogota_grid_spawn1.3,spawn1.3,TD3_vanilla_extended_ts102,43,2022-03-05,weekend,-0.0283477081295143,18,96,18,5,0.9466164177614772,1.0,27,0.0283477081295135,0.9466164177614772,5
station_v0_bogota_grid_spawn1.3__RoundRobin__seed44__2022-01-17,station_v0_bogota_grid_spawn1.3,spawn1.3,RoundRobin,44,2022-01-17,weekday,0.0,0,96,0,0,0.9560140363324292,1.0,27,0.0,0.9560140363324292,0
station_v0_bogota_grid_spawn1.3__Optimal_Oracle_Tracking__seed44__2022-01-17,station_v0_bogota_grid_spawn1.3,spawn1.3,Optimal_Oracle_Tracking,44,2022-01-17,weekday,0.0,0,96,0,0,0.9556136141928212,1.0,27,0.0,0.9556136141928212,0
station_v0_bogota_grid_spawn1.3__MPC_TrackingG2V__seed44__2022-03-05,station_v0_bogota_grid_spawn1.3,spawn1.3,MPC_TrackingG2V,44,2022-03-05,weekend,-0.9995819973169532,133,96,133,22,0.934974899667524,1.0,27,0.9995819973169476,0.934974899667524,22
station_v0_bogota_grid_spawn1.3__ChargeAsFastAsPossible__seed45__2022-01-17,station_v0_bogota_grid_spawn1.3,spawn1.3,ChargeAsFastAsPossible,45,2022-01-17,weekday,-0.263428471068203,74,96,74,16,0.9417024892685966,1.0,27,0.2634284710681999,0.9417024892685966,16
station_v0_bogota_grid_spawn1.3__TD3_vanilla_extended_ts102__seed45__2022-01-17,station_v0_bogota_grid_spawn1.3,spawn1.3,TD3_vanilla_extended_ts102,45,2022-01-17,weekday,-0.2615780207526916,76,96,76,17,0.9417024892685966,1.0,27,0.2615780207526884,0.9417024892685966,17
station_v0_bogota_grid_spawn1.3__RoundRobin__seed45__2022-03-05,station_v0_bogota_grid_spawn1.3,spawn1.3,RoundRobin,45,2022-03-05,weekend,-0.3456787044587032,75,96,75,16,0.94081805956643,1.0,27,0.3456787044587001,0.94081805956643,16
station_v0_bogota_grid_spawn1.3__Optimal_Oracle_Tracking__seed45__2022-03-05,station_v0_bogota_grid_spawn1.3,spawn1.3,Optimal_Oracle_Tracking,45,2022-03-05,weekend,-0.3547096357386124,79,96,79,16,0.9411586268561244,1.0,27,0.3547096357386091,0.9411586268561244,16
station_v0_bogota_grid_spawn1.3__MPC_TrackingG2V__seed46__2022-01-17,station_v0_bogota_grid_spawn1.3,spawn1.3,MPC_TrackingG2V,46,2022-01-17,weekday,-1.4298122351641127,186,96,186,35,0.9285559492276736,1.0,27,1.4298122351641047,0.9285559492276736,35
station_v0_bogota_grid_spawn1.3__ChargeAsFastAsPossible__seed46__2022-03-05,station_v0_bogota_grid_spawn1.3,spawn1.3,ChargeAsFastAsPossible,46,2022-03-05,weekend,-0.0851424098343997,46,96,46,12,0.9466483373358794,1.0,27,0.0851424098343978,0.9466483373358794,12
station_v0_bogota_grid_spawn1.3__TD3_vanilla_extended_ts102__seed46__2022-03-05,station_v0_bogota_grid_spawn1.3,spawn1.3,TD3_vanilla_extended_ts102,46,2022-03-05,weekend,-0.0876175521506494,46,96,46,12,0.9466483373358794,1.0,27,0.0876175521506474,0.9466483373358794,12
station_v0_bogota_grid_spawn1.3__RoundRobin__seed47__2022-01-17,station_v0_bogota_grid_spawn1.3,spawn1.3,RoundRobin,47,2022-01-17,weekday,-0.1840873452298795,54,96,54,13,0.9427892158655904,1.0,27,0.1840873452298772,0.9427892158655904,13
station_v0_bogota_grid_spawn1.3__Optimal_Oracle_Tracking__seed47__2022-01-17,station_v0_bogota_grid_spawn1.3,spawn1.3,Optimal_Oracle_Tracking,47,2022-01-17,weekday,-0.1768079326999698,53,96,53,12,0.942845199257352,1.0,27,0.1768079326999676,0.942845199257352,12
station_v0_bogota_grid_spawn1.3__MPC_TrackingG2V__seed47__2022-03-05,station_v0_bogota_grid_spawn1.3,spawn1.3,MPC_TrackingG2V,47,2022-03-05,weekend,-0.3353282312771832,68,96,68,14,0.9403552028858516,1.0,27,0.3353282312771805,0.9403552028858516,14
station_v0_bogota_grid_spawn1.3__ChargeAsFastAsPossible__seed48__2022-01-17,station_v0_bogota_grid_spawn1.3,spawn1.3,ChargeAsFastAsPossible,48,2022-01-17,weekday,-0.0811208452686684,43,96,43,13,0.9444439662816436,1.0,27,0.0811208452686667,0.9444439662816436,13
station_v0_bogota_grid_spawn1.3__TD3_vanilla_extended_ts102__seed48__2022-01-17,station_v0_bogota_grid_spawn1.3,spawn1.3,TD3_vanilla_extended_ts102,48,2022-01-17,weekday,-0.0810865258751527,42,96,42,12,0.9444439662816436,1.0,27,0.0810865258751509,0.9444439662816436,12
station_v0_bogota_grid_spawn1.3__RoundRobin__seed48__2022-03-05,station_v0_bogota_grid_spawn1.3,spawn1.3,RoundRobin,48,2022-03-05,weekend,-0.430520853239319,89,96,89,18,0.9394917806775638,1.0,27,0.4305208532393153,0.9394917806775638,18
station_v0_bogota_grid_spawn1.3__Optimal_Oracle_Tracking__seed48__2022-03-05,station_v0_bogota_grid_spawn1.3,spawn1.3,Optimal_Oracle_Tracking,48,2022-03-05,weekend,-0.4428188955179429,89,96,89,18,0.9397987238774262,1.0,27,0.4428188955179393,0.9397987238774262,18
station_v0_bogota_grid_spawn1.3__MPC_TrackingG2V__seed49__2022-01-17,station_v0_bogota_grid_spawn1.3,spawn1.3,MPC_TrackingG2V,49,2022-01-17,weekday,-0.3676406083800762,118,96,118,28,0.941654372071436,1.0,27,0.3676406083800713,0.941654372071436,28
station_v0_bogota_grid_spawn1.3__ChargeAsFastAsPossible__seed49__2022-03-05,station_v0_bogota_grid_spawn1.3,spawn1.3,ChargeAsFastAsPossible,49,2022-03-05,weekend,-0.0234517712261437,19,96,19,6,0.947771158496752,1.0,27,0.0234517712261429,0.947771158496752,6
station_v0_bogota_grid_spawn1.3__TD3_vanilla_extended_ts102__seed49__2022-03-05,station_v0_bogota_grid_spawn1.3,spawn1.3,TD3_vanilla_extended_ts102,49,2022-03-05,weekend,-0.0139489767278669,14,96,14,5,0.9479399536942152,1.0,27,0.0139489767278663,0.9479399536942152,5
station_v0_bogota_grid_spawn1.6__RoundRobin__seed0__2022-01-17,station_v0_bogota_grid_spawn1.6,spawn1.6,RoundRobin,0,2022-01-17,weekday,-0.7606582439049279,168,96,168,36,0.9378480371244688,1.0,27,0.7606582439049208,0.9378480371244688,36
station_v0_bogota_grid_spawn1.6__Optimal_Oracle_Tracking__seed0__2022-01-17,station_v0_bogota_grid_spawn1.6,spawn1.6,Optimal_Oracle_Tracking,0,2022-01-17,weekday,-0.7600573984270347,166,96,166,36,0.9381778208997704,1.0,27,0.7600573984270278,0.9381778208997704,36
station_v0_bogota_grid_spawn1.6__MPC_TrackingG2V__seed0__2022-03-05,station_v0_bogota_grid_spawn1.6,spawn1.6,MPC_TrackingG2V,0,2022-03-05,weekend,-0.3309374382889944,81,96,81,17,0.9415736616405084,1.0,27,0.330937438288991,0.9415736616405084,17
station_v0_bogota_grid_spawn1.6__ChargeAsFastAsPossible__seed1__2022-01-17,station_v0_bogota_grid_spawn1.6,spawn1.6,ChargeAsFastAsPossible,1,2022-01-17,weekday,-0.0059187579272345,8,96,8,4,0.948574683778496,1.0,27,0.0059187579272341,0.948574683778496,4
station_v0_bogota_grid_spawn1.6__TD3_vanilla_extended_ts102__seed1__2022-01-17,station_v0_bogota_grid_spawn1.6,spawn1.6,TD3_vanilla_extended_ts102,1,2022-01-17,weekday,-0.0053514511622712,8,96,8,4,0.9485747488464285,1.0,27,0.0053514511622708,0.9485747488464285,4
station_v0_bogota_grid_spawn1.6__RoundRobin__seed1__2022-03-05,station_v0_bogota_grid_spawn1.6,spawn1.6,RoundRobin,1,2022-03-05,weekend,-0.0024043778505473,3,96,3,1,0.9490451544452602,1.0004541088060692,27,0.0024043778505472,0.9490451544452602,1
station_v0_bogota_grid_spawn1.6__Optimal_Oracle_Tracking__seed1__2022-03-05,station_v0_bogota_grid_spawn1.6,spawn1.6,Optimal_Oracle_Tracking,1,2022-03-05,weekend,-0.0012696858404073,3,96,3,1,0.9494383507918968,1.0003409198030244,27,0.0012696858404072,0.9494383507918968,1
station_v0_bogota_grid_spawn1.6__MPC_TrackingG2V__seed2__2022-01-17,station_v0_bogota_grid_spawn1.6,spawn1.6,MPC_TrackingG2V,2,2022-01-17,weekday,0.0,0,96,0,0,0.951010001982976,1.0,27,0.0,0.951010001982976,0
station_v0_bogota_grid_spawn1.6__ChargeAsFastAsPossible__seed2__2022-03-05,station_v0_bogota_grid_spawn1.6,spawn1.6,ChargeAsFastAsPossible,2,2022-03-05,weekend,0.0,0,96,0,0,0.9517405360621076,1.0,27,0.0,0.9517405360621076,0
station_v0_bogota_grid_spawn1.6__TD3_vanilla_extended_ts102__seed2__2022-03-05,station_v0_bogota_grid_spawn1.6,spawn1.6,TD3_vanilla_extended_ts102,2,2022-03-05,weekend,0.0,0,96,0,0,0.9517405360621076,1.0,27,0.0,0.9517405360621076,0
station_v0_bogota_grid_spawn1.6__RoundRobin__seed3__2022-01-17,station_v0_bogota_grid_spawn1.6,spawn1.6,RoundRobin,3,2022-01-17,weekday,-0.6298827217334383,111,96,111,21,0.936329383643246,1.0,27,0.6298827217334336,0.936329383643246,21
station_v0_bogota_grid_spawn1.6__Optimal_Oracle_Tracking__seed3__2022-01-17,station_v0_bogota_grid_spawn1.6,spawn1.6,Optimal_Oracle_Tracking,3,2022-01-17,weekday,-0.6172490258791334,108,96,108,20,0.9363325717368992,1.0,27,0.6172490258791289,0.9363325717368992,20
station_v0_bogota_grid_spawn1.6__MPC_TrackingG2V__seed3__2022-03-05,station_v0_bogota_grid_spawn1.6,spawn1.6,MPC_TrackingG2V,3,2022-03-05,weekend,-0.1455259662899172,52,96,52,12,0.9431051451249493,1.0,27,0.1455259662899151,0.9431051451249493,12
station_v0_bogota_grid_spawn1.6__ChargeAsFastAsPossible__seed4__2022-01-17,station_v0_bogota_grid_spawn1.6,spawn1.6,ChargeAsFastAsPossible,4,2022-01-17,weekday,-0.5501184772434664,101,96,101,20,0.9361621395018688,1.0,27,0.5501184772434622,0.9361621395018688,20
station_v0_bogota_grid_spawn1.6__TD3_vanilla_extended_ts102__seed4__2022-01-17,station_v0_bogota_grid_spawn1.6,spawn1.6,TD3_vanilla_extended_ts102,4,2022-01-17,weekday,-0.5512587132879051,100,96,100,20,0.9361621395018688,1.0,27,0.5512587132879009,0.9361621395018688,20
station_v0_bogota_grid_spawn1.6__RoundRobin__seed4__2022-03-05,station_v0_bogota_grid_spawn1.6,spawn1.6,RoundRobin,4,2022-03-05,weekend,-0.6806389288798966,108,96,108,19,0.9374791229699048,1.0,27,0.6806389288798922,0.9374791229699048,19
station_v0_bogota_grid_spawn1.6__Optimal_Oracle_Tracking__seed4__2022-03-05,station_v0_bogota_grid_spawn1.6,spawn1.6,Optimal_Oracle_Tracking,4,2022-03-05,weekend,-0.6916518859814648,106,96,106,19,0.9369100797395036,1.0,27,0.6916518859814603,0.9369100797395036,19
station_v0_bogota_grid_spawn1.6__MPC_TrackingG2V__seed5__2022-01-17,station_v0_bogota_grid_spawn1.6,spawn1.6,MPC_TrackingG2V,5,2022-01-17,weekday,-0.0730877904365232,29,96,29,7,0.945013250842916,1.0,27,0.073087790436522,0.945013250842916,7
station_v0_bogota_grid_spawn1.6__ChargeAsFastAsPossible__seed5__2022-03-05,station_v0_bogota_grid_spawn1.6,spawn1.6,ChargeAsFastAsPossible,5,2022-03-05,weekend,-0.0565166775967875,27,96,27,8,0.944912141905601,1.0,27,0.0565166775967864,0.944912141905601,8
station_v0_bogota_grid_spawn1.6__TD3_vanilla_extended_ts102__seed5__2022-03-05,station_v0_bogota_grid_spawn1.6,spawn1.6,TD3_vanilla_extended_ts102,5,2022-03-05,weekend,-0.0553751584121832,28,96,28,8,0.9459404930079792,1.0,27,0.0553751584121821,0.9459404930079792,8
station_v0_bogota_grid_spawn1.6__RoundRobin__seed6__2022-01-17,station_v0_bogota_grid_spawn1.6,spawn1.6,RoundRobin,6,2022-01-17,weekday,-0.0249760673395615,22,96,22,7,0.9475611930767646,1.0,27,0.0249760673395605,0.9475611930767646,7
station_v0_bogota_grid_spawn1.6__Optimal_Oracle_Tracking__seed6__2022-01-17,station_v0_bogota_grid_spawn1.6,spawn1.6,Optimal_Oracle_Tracking,6,2022-01-17,weekday,-0.0215778632749486,20,96,20,6,0.9477800910300918,1.0,27,0.0215778632749478,0.9477800910300918,6
station_v0_bogota_grid_spawn1.6__MPC_TrackingG2V__seed6__2022-03-05,station_v0_bogota_grid_spawn1.6,spawn1.6,MPC_TrackingG2V,6,2022-03-05,weekend,-0.0031382096230857,6,96,6,2,0.949212514629845,1.0,27,0.0031382096230855,0.949212514629845,2
station_v0_bogota_grid_spawn1.6__ChargeAsFastAsPossible__seed7__2022-01-17,station_v0_bogota_grid_spawn1.6,spawn1.6,ChargeAsFastAsPossible,7,2022-01-17,weekday,-0.1420072458199009,40,96,40,9,0.9433087312965944,1.0,27,0.1420072458198993,0.9433087312965944,9
station_v0_bogota_grid_spawn1.6__TD3_vanilla_extended_ts102__seed7__2022-01-17,station_v0_bogota_grid_spawn1.6,spawn1.6,TD3_vanilla_extended_ts102,7,2022-01-17,weekday,-0.1420072458199009,40,96,40,9,0.9433087312965944,1.0,27,0.1420072458198993,0.9433087312965944,9
station_v0_bogota_grid_spawn1.6__RoundRobin__seed7__2022-03-05,station_v0_bogota_grid_spawn1.6,spawn1.6,RoundRobin,7,2022-03-05,weekend,-4.426314500798056e-05,1,96,1,1,0.949955736854992,1.0,27,4.426314500793893e-05,0.949955736854992,1
station_v0_bogota_grid_spawn1.6__Optimal_Oracle_Tracking__seed7__2022-03-05,station_v0_bogota_grid_spawn1.6,spawn1.6,Optimal_Oracle_Tracking,7,2022-03-05,weekend,-0.000625068801496,2,96,2,1,0.9496369563575696,1.0,27,0.0006250688014959,0.9496369563575696,1
station_v0_bogota_grid_spawn1.6__MPC_TrackingG2V__seed8__2022-01-17,station_v0_bogota_grid_spawn1.6,spawn1.6,MPC_TrackingG2V,8,2022-01-17,weekday,-1.0734345217213093,194,96,194,40,0.934244642086783,1.0,27,1.073434521721301,0.934244642086783,40
station_v0_bogota_grid_spawn1.6__ChargeAsFastAsPossible__seed8__2022-03-05,station_v0_bogota_grid_spawn1.6,spawn1.6,ChargeAsFastAsPossible,8,2022-03-05,weekend,0.0,0,96,0,0,0.9511532941330536,1.0,27,0.0,0.9511532941330536,0
station_v0_bogota_grid_spawn1.6__TD3_vanilla_extended_ts102__seed8__2022-03-05,station_v0_bogota_grid_spawn1.6,spawn1.6,TD3_vanilla_extended_ts102,8,2022-03-05,weekend,-0.0001435057708489,1,96,1,1,0.9498564942291512,1.0,27,0.0001435057708488,0.9498564942291512,1
station_v0_bogota_grid_spawn1.6__RoundRobin__seed9__2022-01-17,station_v0_bogota_grid_spawn1.6,spawn1.6,RoundRobin,9,2022-01-17,weekday,-0.1696628955426862,51,96,51,12,0.9421430216943838,1.0,27,0.1696628955426841,0.9421430216943838,12
station_v0_bogota_grid_spawn1.6__Optimal_Oracle_Tracking__seed9__2022-01-17,station_v0_bogota_grid_spawn1.6,spawn1.6,Optimal_Oracle_Tracking,9,2022-01-17,weekday,-0.1691067518233634,50,96,50,12,0.9421841058067127,1.0,27,0.1691067518233613,0.9421841058067127,12
station_v0_bogota_grid_spawn1.6__MPC_TrackingG2V__seed9__2022-03-05,station_v0_bogota_grid_spawn1.6,spawn1.6,MPC_TrackingG2V,9,2022-03-05,weekend,-0.4839444578616694,93,96,93,18,0.940533024520911,1.0,27,0.4839444578616655,0.940533024520911,18
station_v0_bogota_grid_spawn1.6__ChargeAsFastAsPossible__seed10__2022-01-17,station_v0_bogota_grid_spawn1.6,spawn1.6,ChargeAsFastAsPossible,10,2022-01-17,weekday,-0.0448418334223876,25,96,25,7,0.9455640479051158,1.0,27,0.0448418334223865,0.9455640479051158,7
station_v0_bogota_grid_spawn1.6__TD3_vanilla_extended_ts102__seed10__2022-01-17,station_v0_bogota_grid_spawn1.6,spawn1.6,TD3_vanilla_extended_ts102,10,2022-01-17,weekday,-0.0471149823787724,26,96,26,7,0.9455640479051158,1.0,27,0.0471149823787713,0.9455640479051158,7
station_v0_bogota_grid_spawn1.6__RoundRobin__seed10__2022-03-05,station_v0_bogota_grid_spawn1.6,spawn1.6,RoundRobin,10,2022-03-05,weekend,-0.1718272946379955,52,96,52,12,0.943493079209531,1.0,27,0.1718272946379934,0.943493079209531,12
station_v0_bogota_grid_spawn1.6__Optimal_Oracle_Tracking__seed10__2022-03-05,station_v0_bogota_grid_spawn1.6,spawn1.6,Optimal_Oracle_Tracking,10,2022-03-05,weekend,-0.1643246391048806,50,96,50,12,0.9437241915647332,1.0,27,0.1643246391048786,0.9437241915647332,12
station_v0_bogota_grid_spawn1.6__MPC_TrackingG2V__seed11__2022-01-17,station_v0_bogota_grid_spawn1.6,spawn1.6,MPC_TrackingG2V,11,2022-01-17,weekday,-0.0135770097424489,17,96,17,6,0.9484322908369768,1.0,27,0.0135770097424482,0.9484322908369768,6
station_v0_bogota_grid_spawn1.6__ChargeAsFastAsPossible__seed11__2022-03-05,station_v0_bogota_grid_spawn1.6,spawn1.6,ChargeAsFastAsPossible,11,2022-03-05,weekend,-0.0042670500261028,8,96,8,4,0.9486300158762292,1.0,27,0.0042670500261025,0.9486300158762292,4
station_v0_bogota_grid_spawn1.6__TD3_vanilla_extended_ts102__seed11__2022-03-05,station_v0_bogota_grid_spawn1.6,spawn1.6,TD3_vanilla_extended_ts102,11,2022-03-05,weekend,-0.0042670500261028,8,96,8,4,0.9486300158762292,1.0,27,0.0042670500261025,0.9486300158762292,4
station_v0_bogota_grid_spawn1.6__RoundRobin__seed12__2022-01-17,station_v0_bogota_grid_spawn1.6,spawn1.6,RoundRobin,12,2022-01-17,weekday,-0.4944511947301327,93,96,93,18,0.939322769454309,1.0,27,0.4944511947301289,0.939322769454309,18
station_v0_bogota_grid_spawn1.6__Optimal_Oracle_Tracking__seed12__2022-01-17,station_v0_bogota_grid_spawn1.6,spawn1.6,Optimal_Oracle_Tracking,12,2022-01-17,weekday,-0.4970232751867964,94,96,94,18,0.9393099939232958,1.0,27,0.4970232751867925,0.9393099939232958,18
station_v0_bogota_grid_spawn1.6__MPC_TrackingG2V__seed12__2022-03-05,station_v0_bogota_grid_spawn1.6,spawn1.6,MPC_TrackingG2V,12,2022-03-05,weekend,-1.3473104493461243,162,96,162,26,0.9320558868490104,1.0,27,1.3473104493461174,0.9320558868490104,26
station_v0_bogota_grid_spawn1.6__ChargeAsFastAsPossible__seed13__2022-01-17,station_v0_bogota_grid_spawn1.6,spawn1.6,ChargeAsFastAsPossible,13,2022-01-17,weekday,-0.0019447955771209,3,96,3,1,0.9490687162063658,1.0,27,0.0019447955771207,0.9490687162063658,1
station_v0_bogota_grid_spawn1.6__TD3_vanilla_extended_ts102__seed13__2022-01-17,station_v0_bogota_grid_spawn1.6,spawn1.6,TD3_vanilla_extended_ts102,13,2022-01-17,weekday,-0.0019447955771209,3,96,3,1,0.9490687162063658,1.0,27,0.0019447955771207,0.9490687162063658,1
station_v0_bogota_grid_spawn1.6__RoundRobin__seed13__2022-03-05,station_v0_bogota_grid_spawn1.6,spawn1.6,RoundRobin,13,2022-03-05,weekend,-0.1574849493258725,51,96,51,11,0.9428743933314994,1.0,27,0.1574849493258704,0.9428743933314994,11
station_v0_bogota_grid_spawn1.6__Optimal_Oracle_Tracking__seed13__2022-03-05,station_v0_bogota_grid_spawn1.6,spawn1.6,Optimal_Oracle_Tracking,13,2022-03-05,weekend,-0.1635720665230647,51,96,51,11,0.94322061078561,1.0,27,0.1635720665230626,0.94322061078561,11
station_v0_bogota_grid_spawn1.6__MPC_TrackingG2V__seed14__2022-01-17,station_v0_bogota_grid_spawn1.6,spawn1.6,MPC_TrackingG2V,14,2022-01-17,weekday,-0.3606597599432378,78,96,78,17,0.9391038099594182,1.0,27,0.3606597599432346,0.9391038099594182,17
station_v0_bogota_grid_spawn1.6__ChargeAsFastAsPossible__seed14__2022-03-05,station_v0_bogota_grid_spawn1.6,spawn1.6,ChargeAsFastAsPossible,14,2022-03-05,weekend,-0.2941102423395691,82,96,82,18,0.9416570963719832,1.0,27,0.2941102423395657,0.9416570963719832,18
station_v0_bogota_grid_spawn1.6__TD3_vanilla_extended_ts102__seed14__2022-03-05,station_v0_bogota_grid_spawn1.6,spawn1.6,TD3_vanilla_extended_ts102,14,2022-03-05,weekend,-0.2941102423395691,82,96,82,18,0.9416570963719832,1.0,27,0.2941102423395657,0.9416570963719832,18
station_v0_bogota_grid_spawn1.6__RoundRobin__seed15__2022-01-17,station_v0_bogota_grid_spawn1.6,spawn1.6,RoundRobin,15,2022-01-17,weekday,-0.2156218000919072,61,96,61,14,0.9424993488901792,1.0,27,0.2156218000919046,0.9424993488901792,14
station_v0_bogota_grid_spawn1.6__Optimal_Oracle_Tracking__seed15__2022-01-17,station_v0_bogota_grid_spawn1.6,spawn1.6,Optimal_Oracle_Tracking,15,2022-01-17,weekday,-0.2161915947621023,60,96,60,14,0.9423249286655,1.0,27,0.2161915947620998,0.9423249286655,14
station_v0_bogota_grid_spawn1.6__MPC_TrackingG2V__seed15__2022-03-05,station_v0_bogota_grid_spawn1.6,spawn1.6,MPC_TrackingG2V,15,2022-03-05,weekend,-0.0172484896820041,17,96,17,6,0.948297138913479,1.0,27,0.0172484896820034,0.948297138913479,6
station_v0_bogota_grid_spawn1.6__ChargeAsFastAsPossible__seed16__2022-01-17,station_v0_bogota_grid_spawn1.6,spawn1.6,ChargeAsFastAsPossible,16,2022-01-17,weekday,-1.078669651941906,131,96,131,22,0.92808255829106,1.0,27,1.0786696519419008,0.92808255829106,22
station_v0_bogota_grid_spawn1.6__TD3_vanilla_extended_ts102__seed16__2022-01-17,station_v0_bogota_grid_spawn1.6,spawn1.6,TD3_vanilla_extended_ts102,16,2022-01-17,weekday,-1.065268259082408,125,96,125,20,0.92808255829106,1.0,27,1.0652682590824027,0.92808255829106,20
station_v0_bogota_grid_spawn1.6__RoundRobin__seed16__2022-03-05,station_v0_bogota_grid_spawn1.6,spawn1.6,RoundRobin,16,2022-03-05,weekend,-0.2719583992716834,71,96,71,15,0.942232932145645,1.0,27,0.2719583992716804,0.942232932145645,15
station_v0_bogota_grid_spawn1.6__Optimal_Oracle_Tracking__seed16__2022-03-05,station_v0_bogota_grid_spawn1.6,spawn1.6,Optimal_Oracle_Tracking,16,2022-03-05,weekend,-0.2813263611385352,71,96,71,15,0.9422630318797868,1.0,27,0.2813263611385322,0.9422630318797868,15
station_v0_bogota_grid_spawn1.6__MPC_TrackingG2V__seed17__2022-01-17,station_v0_bogota_grid_spawn1.6,spawn1.6,MPC_TrackingG2V,17,2022-01-17,weekday,-0.2075463664147354,63,96,63,15,0.9426901997750552,1.0,27,0.2075463664147327,0.9426901997750552,15
station_v0_bogota_grid_spawn1.6__ChargeAsFastAsPossible__seed17__2022-03-05,station_v0_bogota_grid_spawn1.6,spawn1.6,ChargeAsFastAsPossible,17,2022-03-05,weekend,-0.1657524891138331,55,96,55,13,0.9441205609620272,1.0,27,0.1657524891138309,0.9441205609620272,13
station_v0_bogota_grid_spawn1.6__TD3_vanilla_extended_ts102__seed17__2022-03-05,station_v0_bogota_grid_spawn1.6,spawn1.6,TD3_vanilla_extended_ts102,17,2022-03-05,weekend,-0.1650030668025233,56,96,56,13,0.9447059099068617,1.0,27,0.1650030668025209,0.9447059099068617,13
station_v0_bogota_grid_spawn1.6__RoundRobin__seed18__2022-01-17,station_v0_bogota_grid_spawn1.6,spawn1.6,RoundRobin,18,2022-01-17,weekday,-0.7488397938452385,113,96,113,20,0.9325590176588257,1.0,27,0.7488397938452338,0.9325590176588257,20
station_v0_bogota_grid_spawn1.6__Optimal_Oracle_Tracking__seed18__2022-01-17,station_v0_bogota_grid_spawn1.6,spawn1.6,Optimal_Oracle_Tracking,18,2022-01-17,weekday,-0.7619941587265207,112,96,112,20,0.9329048966242915,1.0,27,0.761994158726516,0.9329048966242915,20
station_v0_bogota_grid_spawn1.6__MPC_TrackingG2V__seed18__2022-03-05,station_v0_bogota_grid_spawn1.6,spawn1.6,MPC_TrackingG2V,18,2022-03-05,weekend,-0.0135849311186443,17,96,17,7,0.9482243144605907,1.0,27,0.0135849311186436,0.9482243144605907,7
station_v0_bogota_grid_spawn1.6__ChargeAsFastAsPossible__seed19__2022-01-17,station_v0_bogota_grid_spawn1.6,spawn1.6,ChargeAsFastAsPossible,19,2022-01-17,weekday,-0.0531970385263214,26,96,26,8,0.9458448174779436,1.0,27,0.0531970385263204,0.9458448174779436,8
station_v0_bogota_grid_spawn1.6__TD3_vanilla_extended_ts102__seed19__2022-01-17,station_v0_bogota_grid_spawn1.6,spawn1.6,TD3_vanilla_extended_ts102,19,2022-01-17,weekday,-0.0506087779338826,26,96,26,8,0.945690624447054,1.0,27,0.0506087779338815,0.945690624447054,8
station_v0_bogota_grid_spawn1.6__RoundRobin__seed19__2022-03-05,station_v0_bogota_grid_spawn1.6,spawn1.6,RoundRobin,19,2022-03-05,weekend,-0.0291248380419673,23,96,23,7,0.947409135007896,1.0,27,0.0291248380419664,0.947409135007896,7
station_v0_bogota_grid_spawn1.6__Optimal_Oracle_Tracking__seed19__2022-03-05,station_v0_bogota_grid_spawn1.6,spawn1.6,Optimal_Oracle_Tracking,19,2022-03-05,weekend,-0.0283184387767389,25,96,25,8,0.947592777681066,1.0,27,0.0283184387767378,0.947592777681066,8
station_v0_bogota_grid_spawn1.6__MPC_TrackingG2V__seed20__2022-01-17,station_v0_bogota_grid_spawn1.6,spawn1.6,MPC_TrackingG2V,20,2022-01-17,weekday,-0.016568911184459,13,96,13,4,0.9473645952357078,1.0,27,0.0165689111844584,0.9473645952357078,4
station_v0_bogota_grid_spawn1.6__ChargeAsFastAsPossible__seed20__2022-03-05,station_v0_bogota_grid_spawn1.6,spawn1.6,ChargeAsFastAsPossible,20,2022-03-05,weekend,0.0,0,96,0,0,0.9556023887518356,1.0,27,0.0,0.9556023887518356,0
station_v0_bogota_grid_spawn1.6__TD3_vanilla_extended_ts102__seed20__2022-03-05,station_v0_bogota_grid_spawn1.6,spawn1.6,TD3_vanilla_extended_ts102,20,2022-03-05,weekend,0.0,0,96,0,0,0.9546158186067278,1.0,27,0.0,0.9546158186067278,0
station_v0_bogota_grid_spawn1.6__RoundRobin__seed21__2022-01-17,station_v0_bogota_grid_spawn1.6,spawn1.6,RoundRobin,21,2022-01-17,weekday,-0.0526383807205864,23,96,23,6,0.9464708932295176,1.0,27,0.0526383807205854,0.9464708932295176,6
station_v0_bogota_grid_spawn1.6__Optimal_Oracle_Tracking__seed21__2022-01-17,station_v0_bogota_grid_spawn1.6,spawn1.6,Optimal_Oracle_Tracking,21,2022-01-17,weekday,-0.0539341010291172,23,96,23,6,0.9466184074708044,1.0,27,0.0539341010291163,0.9466184074708044,6
station_v0_bogota_grid_spawn1.6__MPC_TrackingG2V__seed21__2022-03-05,station_v0_bogota_grid_spawn1.6,spawn1.6,MPC_TrackingG2V,21,2022-03-05,weekend,0.0,0,96,0,0,0.9538710717687024,1.0,27,0.0,0.9538710717687024,0
station_v0_bogota_grid_spawn1.6__ChargeAsFastAsPossible__seed22__2022-01-17,station_v0_bogota_grid_spawn1.6,spawn1.6,ChargeAsFastAsPossible,22,2022-01-17,weekday,-0.0407324661504981,21,96,21,6,0.9461986701524358,1.0,27,0.0407324661504973,0.9461986701524358,6
station_v0_bogota_grid_spawn1.6__TD3_vanilla_extended_ts102__seed22__2022-01-17,station_v0_bogota_grid_spawn1.6,spawn1.6,TD3_vanilla_extended_ts102,22,2022-01-17,weekday,-0.0407324661504981,21,96,21,6,0.9461986701524358,1.0,27,0.0407324661504973,0.9461986701524358,6
station_v0_bogota_grid_spawn1.6__RoundRobin__seed22__2022-03-05,station_v0_bogota_grid_spawn1.6,spawn1.6,RoundRobin,22,2022-03-05,weekend,-0.026636715261002,23,96,23,8,0.9472047385850606,1.0,27,0.026636715261001,0.9472047385850606,8
station_v0_bogota_grid_spawn1.6__Optimal_Oracle_Tracking__seed22__2022-03-05,station_v0_bogota_grid_spawn1.6,spawn1.6,Optimal_Oracle_Tracking,22,2022-03-05,weekend,-0.0256581145274654,24,96,24,9,0.9473733577423668,1.0,27,0.0256581145274644,0.9473733577423668,9
station_v0_bogota_grid_spawn1.6__MPC_TrackingG2V__seed23__2022-01-17,station_v0_bogota_grid_spawn1.6,spawn1.6,MPC_TrackingG2V,23,2022-01-17,weekday,-1.5438411109212844,230,96,230,43,0.9312220717748946,1.0,27,1.5438411109212746,0.9312220717748946,43
station_v0_bogota_grid_spawn1.6__ChargeAsFastAsPossible__seed23__2022-03-05,station_v0_bogota_grid_spawn1.6,spawn1.6,ChargeAsFastAsPossible,23,2022-03-05,weekend,-0.0567888437356127,34,96,34,10,0.9468651118173896,1.0,27,0.0567888437356113,0.9468651118173896,10
station_v0_bogota_grid_spawn1.6__TD3_vanilla_extended_ts102__seed23__2022-03-05,station_v0_bogota_grid_spawn1.6,spawn1.6,TD3_vanilla_extended_ts102,23,2022-03-05,weekend,-0.0567888437356127,34,96,34,10,0.9468651118173896,1.0,27,0.0567888437356113,0.9468651118173896,10
station_v0_bogota_grid_spawn1.6__RoundRobin__seed24__2022-01-17,station_v0_bogota_grid_spawn1.6,spawn1.6,RoundRobin,24,2022-01-17,weekday,-0.8053630798079908,159,96,159,33,0.9346929899224716,1.0,27,0.8053630798079842,0.9346929899224716,33
station_v0_bogota_grid_spawn1.6__Optimal_Oracle_Tracking__seed24__2022-01-17,station_v0_bogota_grid_spawn1.6,spawn1.6,Optimal_Oracle_Tracking,24,2022-01-17,weekday,-0.7949716063458433,159,96,159,34,0.934837624760014,1.0,27,0.7949716063458367,0.934837624760014,34
station_v0_bogota_grid_spawn1.6__MPC_TrackingG2V__seed24__2022-03-05,station_v0_bogota_grid_spawn1.6,spawn1.6,MPC_TrackingG2V,24,2022-03-05,weekend,-0.2989293059795249,70,96,70,15,0.9403945008463994,1.0,27,0.2989293059795219,0.9403945008463994,15
station_v0_bogota_grid_spawn1.6__ChargeAsFastAsPossible__seed25__2022-01-17,station_v0_bogota_grid_spawn1.6,spawn1.6,ChargeAsFastAsPossible,25,2022-01-17,weekday,-0.104251170697205,37,96,37,10,0.9437565748035588,1.0,27,0.1042511706972034,0.9437565748035588,10
station_v0_bogota_grid_spawn1.6__TD3_vanilla_extended_ts102__seed25__2022-01-17,station_v0_bogota_grid_spawn1.6,spawn1.6,TD3_vanilla_extended_ts102,25,2022-01-17,weekday,-0.0953373575467532,38,96,38,10,0.9450677915795062,1.0,27,0.0953373575467516,0.9450677915795062,10
station_v0_bogota_grid_spawn1.6__RoundRobin__seed25__2022-03-05,station_v0_bogota_grid_spawn1.6,spawn1.6,RoundRobin,25,2022-03-05,weekend,-0.1634899153778893,49,96,49,12,0.9437847512209068,1.0,27,0.1634899153778872,0.9437847512209068,12
station_v0_bogota_grid_spawn1.6__Optimal_Oracle_Tracking__seed25__2022-03-05,station_v0_bogota_grid_spawn1.6,spawn1.6,Optimal_Oracle_Tracking,25,2022-03-05,weekend,-0.1835939872310434,53,96,53,12,0.9439782708532852,1.0,27,0.1835939872310412,0.9439782708532852,12
station_v0_bogota_grid_spawn1.6__MPC_TrackingG2V__seed26__2022-01-17,station_v0_bogota_grid_spawn1.6,spawn1.6,MPC_TrackingG2V,26,2022-01-17,weekday,-0.3008275680900725,75,96,75,16,0.9412667668067513,1.0,27,0.3008275680900694,0.9412667668067513,16
station_v0_bogota_grid_spawn1.6__ChargeAsFastAsPossible__seed26__2022-03-05,station_v0_bogota_grid_spawn1.6,spawn1.6,ChargeAsFastAsPossible,26,2022-03-05,weekend,0.0,0,96,0,0,0.9514004236464612,1.0,27,0.0,0.9514004236464612,0
station_v0_bogota_grid_spawn1.6__TD3_vanilla_extended_ts102__seed26__2022-03-05,station_v0_bogota_grid_spawn1.6,spawn1.6,TD3_vanilla_extended_ts102,26,2022-03-05,weekend,-0.0006623697283155,2,96,2,1,0.9495509106271846,1.0,27,0.0006623697283154,0.9495509106271846,1
station_v0_bogota_grid_spawn1.6__RoundRobin__seed27__2022-01-17,station_v0_bogota_grid_spawn1.6,spawn1.6,RoundRobin,27,2022-01-17,weekday,-0.5769242224861946,106,96,106,20,0.9374229394238444,1.0,27,0.5769242224861901,0.9374229394238444,20
station_v0_bogota_grid_spawn1.6__Optimal_Oracle_Tracking__seed27__2022-01-17,station_v0_bogota_grid_spawn1.6,spawn1.6,Optimal_Oracle_Tracking,27,2022-01-17,weekday,-0.5768767879111116,106,96,106,20,0.9376181589536826,1.0,27,0.5768767879111072,0.9376181589536826,20
station_v0_bogota_grid_spawn1.6__MPC_TrackingG2V__seed27__2022-03-05,station_v0_bogota_grid_spawn1.6,spawn1.6,MPC_TrackingG2V,27,2022-03-05,weekend,-0.0025197909464149,8,96,8,4,0.9493993784143298,1.0,27,0.0025197909464146,0.9493993784143298,4
station_v0_bogota_grid_spawn1.6__ChargeAsFastAsPossible__seed28__2022-01-17,station_v0_bogota_grid_spawn1.6,spawn1.6,ChargeAsFastAsPossible,28,2022-01-17,weekday,-0.0612269777897446,31,96,31,10,0.945947694253384,1.0,27,0.0612269777897434,0.945947694253384,10
station_v0_bogota_grid_spawn1.6__TD3_vanilla_extended_ts102__seed28__2022-01-17,station_v0_bogota_grid_spawn1.6,spawn1.6,TD3_vanilla_extended_ts102,28,2022-01-17,weekday,-0.0615489766895815,30,96,30,9,0.945947694253384,1.0,27,0.0615489766895802,0.945947694253384,9
station_v0_bogota_grid_spawn1.6__RoundRobin__seed28__2022-03-05,station_v0_bogota_grid_spawn1.6,spawn1.6,RoundRobin,28,2022-03-05,weekend,-0.4627936768151642,94,96,94,19,0.940537162597092,1.0,27,0.4627936768151602,0.940537162597092,19
station_v0_bogota_grid_spawn1.6__Optimal_Oracle_Tracking__seed28__2022-03-05,station_v0_bogota_grid_spawn1.6,spawn1.6,Optimal_Oracle_Tracking,28,2022-03-05,weekend,-0.4764389834692934,94,96,94,19,0.9402756334262586,1.0,27,0.4764389834692895,0.9402756334262586,19
station_v0_bogota_grid_spawn1.6__MPC_TrackingG2V__seed29__2022-01-17,station_v0_bogota_grid_spawn1.6,spawn1.6,MPC_TrackingG2V,29,2022-01-17,weekday,-0.3288039085086359,85,96,85,19,0.9414762249950244,1.0,27,0.3288039085086324,0.9414762249950244,19
station_v0_bogota_grid_spawn1.6__ChargeAsFastAsPossible__seed29__2022-03-05,station_v0_bogota_grid_spawn1.6,spawn1.6,ChargeAsFastAsPossible,29,2022-03-05,weekend,0.0,0,96,0,0,0.952954917455949,1.0,27,0.0,0.952954917455949,0
station_v0_bogota_grid_spawn1.6__TD3_vanilla_extended_ts102__seed29__2022-03-05,station_v0_bogota_grid_spawn1.6,spawn1.6,TD3_vanilla_extended_ts102,29,2022-03-05,weekend,0.0,0,96,0,0,0.952954917455949,1.0,27,0.0,0.952954917455949,0
station_v0_bogota_grid_spawn1.6__RoundRobin__seed30__2022-01-17,station_v0_bogota_grid_spawn1.6,spawn1.6,RoundRobin,30,2022-01-17,weekday,-0.2244964031845245,50,96,50,10,0.9415290694951788,1.0,27,0.2244964031845224,0.9415290694951788,10
station_v0_bogota_grid_spawn1.6__Optimal_Oracle_Tracking__seed30__2022-01-17,station_v0_bogota_grid_spawn1.6,spawn1.6,Optimal_Oracle_Tracking,30,2022-01-17,weekday,-0.2151497217478449,49,96,49,10,0.9418394041088504,1.0,27,0.2151497217478428,0.9418394041088504,10
station_v0_bogota_grid_spawn1.6__MPC_TrackingG2V__seed30__2022-03-05,station_v0_bogota_grid_spawn1.6,spawn1.6,MPC_TrackingG2V,30,2022-03-05,weekend,-0.2102629137976049,61,96,61,13,0.942735376433111,1.0,27,0.2102629137976024,0.942735376433111,13
station_v0_bogota_grid_spawn1.6__ChargeAsFastAsPossible__seed31__2022-01-17,station_v0_bogota_grid_spawn1.6,spawn1.6,ChargeAsFastAsPossible,31,2022-01-17,weekday,-2.284448074786804,309,96,309,55,0.930180729109525,1.0,27,2.284448074786791,0.930180729109525,55
station_v0_bogota_grid_spawn1.6__TD3_vanilla_extended_ts102__seed31__2022-01-17,station_v0_bogota_grid_spawn1.6,spawn1.6,TD3_vanilla_extended_ts102,31,2022-01-17,weekday,-2.2631168098394148,307,96,307,55,0.930180729109525,1.0,27,2.263116809839402,0.930180729109525,55
station_v0_bogota_grid_spawn1.6__RoundRobin__seed31__2022-03-05,station_v0_bogota_grid_spawn1.6,spawn1.6,RoundRobin,31,2022-03-05,weekend,-0.0328288991583062,22,96,22,6,0.9464745960047009,1.0,27,0.0328288991583053,0.9464745960047009,6
station_v0_bogota_grid_spawn1.6__Optimal_Oracle_Tracking__seed31__2022-03-05,station_v0_bogota_grid_spawn1.6,spawn1.6,Optimal_Oracle_Tracking,31,2022-03-05,weekend,-0.0311438365524935,24,96,24,7,0.9467598203412508,1.0,27,0.0311438365524925,0.9467598203412508,7
station_v0_bogota_grid_spawn1.6__MPC_TrackingG2V__seed32__2022-01-17,station_v0_bogota_grid_spawn1.6,spawn1.6,MPC_TrackingG2V,32,2022-01-17,weekday,-0.3713864285254095,79,96,79,17,0.939016841199069,1.0,27,0.3713864285254062,0.939016841199069,17
station_v0_bogota_grid_spawn1.6__ChargeAsFastAsPossible__seed32__2022-03-05,station_v0_bogota_grid_spawn1.6,spawn1.6,ChargeAsFastAsPossible,32,2022-03-05,weekend,-0.0816459792706123,35,96,35,9,0.9438554223600916,1.0,27,0.0816459792706109,0.9438554223600916,9
station_v0_bogota_grid_spawn1.6__TD3_vanilla_extended_ts102__seed32__2022-03-05,station_v0_bogota_grid_spawn1.6,spawn1.6,TD3_vanilla_extended_ts102,32,2022-03-05,weekend,-0.0810635924476028,34,96,34,9,0.945148784819952,1.0,27,0.0810635924476014,0.945148784819952,9
station_v0_bogota_grid_spawn1.6__RoundRobin__seed33__2022-01-17,station_v0_bogota_grid_spawn1.6,spawn1.6,RoundRobin,33,2022-01-17,weekday,-0.1812538614249608,55,96,55,13,0.9426333547191108,1.0,27,0.1812538614249585,0.9426333547191108,13
station_v0_bogota_grid_spawn1.6__Optimal_Oracle_Tracking__seed33__2022-01-17,station_v0_bogota_grid_spawn1.6,spawn1.6,Optimal_Oracle_Tracking,33,2022-01-17,weekday,-0.1774255861142794,59,96,59,14,0.94239946163903,1.0,27,0.1774255861142769,0.94239946163903,14
station_v0_bogota_grid_spawn1.6__MPC_TrackingG2V__seed33__2022-03-05,station_v0_bogota_grid_spawn1.6,spawn1.6,MPC_TrackingG2V,33,2022-03-05,weekend,-0.0429992752277039,27,96,27,7,0.9472401088261544,1.0,27,0.0429992752277028,0.9472401088261544,7
station_v0_bogota_grid_spawn1.6__ChargeAsFastAsPossible__seed34__2022-01-17,station_v0_bogota_grid_spawn1.6,spawn1.6,ChargeAsFastAsPossible,34,2022-01-17,weekday,-0.4980377598167699,126,96,126,28,0.940928224645758,1.0,27,0.4980377598167647,0.940928224645758,28
station_v0_bogota_grid_spawn1.6__TD3_vanilla_extended_ts102__seed34__2022-01-17,station_v0_bogota_grid_spawn1.6,spawn1.6,TD3_vanilla_extended_ts102,34,2022-01-17,weekday,-0.4775227325585536,126,96,126,28,0.9409284361950184,1.0,27,0.4775227325585484,0.9409284361950184,28
station_v0_bogota_grid_spawn1.6__RoundRobin__seed34__2022-03-05,station_v0_bogota_grid_spawn1.6,spawn1.6,RoundRobin,34,2022-03-05,weekend,-0.1048627103860413,44,96,44,11,0.9454455270694756,1.0,27,0.1048627103860395,0.9454455270694756,11
station_v0_bogota_grid_spawn1.6__Optimal_Oracle_Tracking__seed34__2022-03-05,station_v0_bogota_grid_spawn1.6,spawn1.6,Optimal_Oracle_Tracking,34,2022-03-05,weekend,-0.1182231873122297,45,96,45,12,0.944703455931668,1.0,27,0.1182231873122279,0.944703455931668,12
station_v0_bogota_grid_spawn1.6__MPC_TrackingG2V__seed35__2022-01-17,station_v0_bogota_grid_spawn1.6,spawn1.6,MPC_TrackingG2V,35,2022-01-17,weekday,-0.1197299548277698,32,96,32,7,0.9434001764134872,1.0,27,0.1197299548277684,0.9434001764134872,7
station_v0_bogota_grid_spawn1.6__ChargeAsFastAsPossible__seed35__2022-03-05,station_v0_bogota_grid_spawn1.6,spawn1.6,ChargeAsFastAsPossible,35,2022-03-05,weekend,0.0,0,96,0,0,0.9537062305296508,1.0,27,0.0,0.9537062305296508,0
station_v0_bogota_grid_spawn1.6__TD3_vanilla_extended_ts102__seed35__2022-03-05,station_v0_bogota_grid_spawn1.6,spawn1.6,TD3_vanilla_extended_ts102,35,2022-03-05,weekend,0.0,0,96,0,0,0.9537062305296508,1.0,27,0.0,0.9537062305296508,0
station_v0_bogota_grid_spawn1.6__RoundRobin__seed36__2022-01-17,station_v0_bogota_grid_spawn1.6,spawn1.6,RoundRobin,36,2022-01-17,weekday,-0.7873831743942173,156,96,156,32,0.9365641623786148,1.0,27,0.7873831743942108,0.9365641623786148,32
station_v0_bogota_grid_spawn1.6__Optimal_Oracle_Tracking__seed36__2022-01-17,station_v0_bogota_grid_spawn1.6,spawn1.6,Optimal_Oracle_Tracking,36,2022-01-17,weekday,-0.7750453748757025,154,96,154,32,0.9366631878031868,1.0,27,0.775045374875696,0.9366631878031868,32
station_v0_bogota_grid_spawn1.6__MPC_TrackingG2V__seed36__2022-03-05,station_v0_bogota_grid_spawn1.6,spawn1.6,MPC_TrackingG2V,36,2022-03-05,weekend,-0.0774563634299117,34,96,34,9,0.946254295174898,1.0,27,0.0774563634299103,0.946254295174898,9
station_v0_bogota_grid_spawn1.6__ChargeAsFastAsPossible__seed37__2022-01-17,station_v0_bogota_grid_spawn1.6,spawn1.6,ChargeAsFastAsPossible,37,2022-01-17,weekday,-0.0023523986783286,7,96,7,4,0.949235053830339,1.0,27,0.0023523986783283,0.949235053830339,4
station_v0_bogota_grid_spawn1.6__TD3_vanilla_extended_ts102__seed37__2022-01-17,station_v0_bogota_grid_spawn1.6,spawn1.6,TD3_vanilla_extended_ts102,37,2022-01-17,weekday,-0.0023458372168307,7,96,7,4,0.9492422899585156,1.0,27,0.0023458372168304,0.9492422899585156,4
station_v0_bogota_grid_spawn1.6__RoundRobin__seed37__2022-03-05,station_v0_bogota_grid_spawn1.6,spawn1.6,RoundRobin,37,2022-03-05,weekend,-0.1618232180614894,56,96,56,14,0.9435252669719096,1.0,27,0.1618232180614871,0.9435252669719096,14
station_v0_bogota_grid_spawn1.6__Optimal_Oracle_Tracking__seed37__2022-03-05,station_v0_bogota_grid_spawn1.6,spawn1.6,Optimal_Oracle_Tracking,37,2022-03-05,weekend,-0.1685512259284202,59,96,59,14,0.9438537563620336,1.0,27,0.1685512259284177,0.9438537563620336,14
station_v0_bogota_grid_spawn1.6__MPC_TrackingG2V__seed38__2022-01-17,station_v0_bogota_grid_spawn1.6,spawn1.6,MPC_TrackingG2V,38,2022-01-17,weekday,-0.0612416481570391,24,96,24,7,0.9453173711367316,1.0,27,0.0612416481570381,0.9453173711367316,7
station_v0_bogota_grid_spawn1.6__ChargeAsFastAsPossible__seed38__2022-03-05,station_v0_bogota_grid_spawn1.6,spawn1.6,ChargeAsFastAsPossible,38,2022-03-05,weekend,-0.2712140681663599,71,96,71,15,0.9422218061569392,1.0,27,0.2712140681663569,0.9422218061569392,15
station_v0_bogota_grid_spawn1.6__TD3_vanilla_extended_ts102__seed38__2022-03-05,station_v0_bogota_grid_spawn1.6,spawn1.6,TD3_vanilla_extended_ts102,38,2022-03-05,weekend,-0.2741864744416131,70,96,70,15,0.941362318841166,1.0,27,0.2741864744416102,0.941362318841166,15
station_v0_bogota_grid_spawn1.6__RoundRobin__seed39__2022-01-17,station_v0_bogota_grid_spawn1.6,spawn1.6,RoundRobin,39,2022-01-17,weekday,-0.0082066186295191,12,96,12,5,0.9483379611453204,1.0,27,0.0082066186295186,0.9483379611453204,5
station_v0_bogota_grid_spawn1.6__Optimal_Oracle_Tracking__seed39__2022-01-17,station_v0_bogota_grid_spawn1.6,spawn1.6,Optimal_Oracle_Tracking,39,2022-01-17,weekday,-0.0068353750971156,11,96,11,5,0.9481906913117686,1.0,27,0.0068353750971151,0.9481906913117686,5
station_v0_bogota_grid_spawn1.6__MPC_TrackingG2V__seed39__2022-03-05,station_v0_bogota_grid_spawn1.6,spawn1.6,MPC_TrackingG2V,39,2022-03-05,weekend,-0.0249094086930554,21,96,21,6,0.9479908508280868,1.0,27,0.0249094086930545,0.9479908508280868,6
station_v0_bogota_grid_spawn1.6__ChargeAsFastAsPossible__seed40__2022-01-17,station_v0_bogota_grid_spawn1.6,spawn1.6,ChargeAsFastAsPossible,40,2022-01-17,weekday,-0.1479433707166508,45,96,45,11,0.9427135934564036,1.0,27,0.1479433707166489,0.9427135934564036,11
station_v0_bogota_grid_spawn1.6__TD3_vanilla_extended_ts102__seed40__2022-01-17,station_v0_bogota_grid_spawn1.6,spawn1.6,TD3_vanilla_extended_ts102,40,2022-01-17,weekday,-0.1475205950234412,43,96,43,10,0.9427135934564036,1.0,27,0.1475205950234395,0.9427135934564036,10
station_v0_bogota_grid_spawn1.6__RoundRobin__seed40__2022-03-05,station_v0_bogota_grid_spawn1.6,spawn1.6,RoundRobin,40,2022-03-05,weekend,-0.1739264589957918,54,96,54,13,0.9433126047386028,1.0,27,0.1739264589957896,0.9433126047386028,13
station_v0_bogota_grid_spawn1.6__Optimal_Oracle_Tracking__seed40__2022-03-05,station_v0_bogota_grid_spawn1.6,spawn1.6,Optimal_Oracle_Tracking,40,2022-03-05,weekend,-0.1894304971506584,56,96,56,13,0.9436598347145052,1.0,27,0.189430497150656,0.9436598347145052,13
station_v0_bogota_grid_spawn1.6__MPC_TrackingG2V__seed41__2022-01-17,station_v0_bogota_grid_spawn1.6,spawn1.6,MPC_TrackingG2V,41,2022-01-17,weekday,-0.0299147420104188,17,96,17,5,0.9468499013233536,1.0,27,0.0299147420104181,0.9468499013233536,5
station_v0_bogota_grid_spawn1.6__ChargeAsFastAsPossible__seed41__2022-03-05,station_v0_bogota_grid_spawn1.6,spawn1.6,ChargeAsFastAsPossible,41,2022-03-05,weekend,-0.14009467112257,44,96,44,10,0.9435180409261844,1.0,27,0.1400946711225682,0.9435180409261844,10
station_v0_bogota_grid_spawn1.6__TD3_vanilla_extended_ts102__seed41__2022-03-05,station_v0_bogota_grid_spawn1.6,spawn1.6,TD3_vanilla_extended_ts102,41,2022-03-05,weekend,-0.140040015974782,45,96,45,10,0.9435344958278578,1.0,27,0.1400400159747801,0.9435344958278578,10
station_v0_bogota_grid_spawn1.6__RoundRobin__seed42__2022-01-17,station_v0_bogota_grid_spawn1.6,spawn1.6,RoundRobin,42,2022-01-17,weekday,-0.2664950380742256,75,96,75,19,0.9403474034779394,1.0,27,0.2664950380742225,0.9403474034779394,19
station_v0_bogota_grid_spawn1.6__Optimal_Oracle_Tracking__seed42__2022-01-17,station_v0_bogota_grid_spawn1.6,spawn1.6,Optimal_Oracle_Tracking,42,2022-01-17,weekday,-0.2563834254288237,72,96,72,18,0.9405442700305662,1.0,27,0.2563834254288207,0.9405442700305662,18
station_v0_bogota_grid_spawn1.6__MPC_TrackingG2V__seed42__2022-03-05,station_v0_bogota_grid_spawn1.6,spawn1.6,MPC_TrackingG2V,42,2022-03-05,weekend,-0.3697210549286095,83,96,83,17,0.9413660414219264,1.0,27,0.3697210549286061,0.9413660414219264,17
station_v0_bogota_grid_spawn1.6__ChargeAsFastAsPossible__seed43__2022-01-17,station_v0_bogota_grid_spawn1.6,spawn1.6,ChargeAsFastAsPossible,43,2022-01-17,weekday,-1.5398403742626066,228,96,228,40,0.9304609534529892,1.0,27,1.5398403742625968,0.9304609534529892,40
station_v0_bogota_grid_spawn1.6__TD3_vanilla_extended_ts102__seed43__2022-01-17,station_v0_bogota_grid_spawn1.6,spawn1.6,TD3_vanilla_extended_ts102,43,2022-01-17,weekday,-1.5167189110430868,226,96,226,40,0.9308312386424268,1.0,27,1.5167189110430774,0.9308312386424268,40
station_v0_bogota_grid_spawn1.6__RoundRobin__seed43__2022-03-05,station_v0_bogota_grid_spawn1.6,spawn1.6,RoundRobin,43,2022-03-05,weekend,-0.0048672210816257,12,96,12,6,0.9492105530092376,1.0,27,0.0048672210816252,0.9492105530092376,6
station_v0_bogota_grid_spawn1.6__Optimal_Oracle_Tracking__seed43__2022-03-05,station_v0_bogota_grid_spawn1.6,spawn1.6,Optimal_Oracle_Tracking,43,2022-03-05,weekend,-0.0033353180962464,10,96,10,4,0.949424425801241,1.0,27,0.0033353180962459,0.949424425801241,4
station_v0_bogota_grid_spawn1.6__MPC_TrackingG2V__seed44__2022-01-17,station_v0_bogota_grid_spawn1.6,spawn1.6,MPC_TrackingG2V,44,2022-01-17,weekday,-1.6631286582821825,242,96,242,44,0.930983956582738,1.0,27,1.6631286582821725,0.930983956582738,44
station_v0_bogota_grid_spawn1.6__ChargeAsFastAsPossible__seed44__2022-03-05,station_v0_bogota_grid_spawn1.6,spawn1.6,ChargeAsFastAsPossible,44,2022-03-05,weekend,-0.1296608364753,52,96,52,14,0.9450052224755354,1.0,27,0.1296608364752979,0.9450052224755354,14
station_v0_bogota_grid_spawn1.6__TD3_vanilla_extended_ts102__seed44__2022-03-05,station_v0_bogota_grid_spawn1.6,spawn1.6,TD3_vanilla_extended_ts102,44,2022-03-05,weekend,-0.1335043365993597,48,96,48,13,0.9428609404233304,1.0,27,0.1335043365993578,0.9428609404233304,13
station_v0_bogota_grid_spawn1.6__RoundRobin__seed45__2022-01-17,station_v0_bogota_grid_spawn1.6,spawn1.6,RoundRobin,45,2022-01-17,weekday,-0.1675553617061358,42,96,42,9,0.941654074381128,1.0,27,0.167555361706134,0.941654074381128,9
station_v0_bogota_grid_spawn1.6__Optimal_Oracle_Tracking__seed45__2022-01-17,station_v0_bogota_grid_spawn1.6,spawn1.6,Optimal_Oracle_Tracking,45,2022-01-17,weekday,-0.1604733706036165,42,96,42,9,0.9420421161203512,1.0,27,0.1604733706036147,0.9420421161203512,9
station_v0_bogota_grid_spawn1.6__MPC_TrackingG2V__seed45__2022-03-05,station_v0_bogota_grid_spawn1.6,spawn1.6,MPC_TrackingG2V,45,2022-03-05,weekend,-0.1275054027528334,57,96,57,15,0.9446318490086224,1.0,27,0.127505402752831,0.9446318490086224,15
station_v0_bogota_grid_spawn1.6__ChargeAsFastAsPossible__seed46__2022-01-17,station_v0_bogota_grid_spawn1.6,spawn1.6,ChargeAsFastAsPossible,46,2022-01-17,weekday,0.0,0,96,0,0,0.9521083259796504,1.0,27,0.0,0.9521083259796504,0
station_v0_bogota_grid_spawn1.6__TD3_vanilla_extended_ts102__seed46__2022-01-17,station_v0_bogota_grid_spawn1.6,spawn1.6,TD3_vanilla_extended_ts102,46,2022-01-17,weekday,0.0,0,96,0,0,0.9521083259796504,1.0,27,0.0,0.9521083259796504,0
station_v0_bogota_grid_spawn1.6__RoundRobin__seed46__2022-03-05,station_v0_bogota_grid_spawn1.6,spawn1.6,RoundRobin,46,2022-03-05,weekend,-0.0245848107138115,23,96,23,7,0.947773014936012,1.0,27,0.0245848107138105,0.947773014936012,7
station_v0_bogota_grid_spawn1.6__Optimal_Oracle_Tracking__seed46__2022-03-05,station_v0_bogota_grid_spawn1.6,spawn1.6,Optimal_Oracle_Tracking,46,2022-03-05,weekend,-0.0267539457203247,24,96,24,7,0.9479006939944784,1.0,27,0.0267539457203237,0.9479006939944784,7
station_v0_bogota_grid_spawn1.6__MPC_TrackingG2V__seed47__2022-01-17,station_v0_bogota_grid_spawn1.6,spawn1.6,MPC_TrackingG2V,47,2022-01-17,weekday,-0.2764472952976963,71,96,71,16,0.9421550567080944,1.0,27,0.2764472952976934,0.9421550567080944,16
station_v0_bogota_grid_spawn1.6__ChargeAsFastAsPossible__seed47__2022-03-05,station_v0_bogota_grid_spawn1.6,spawn1.6,ChargeAsFastAsPossible,47,2022-03-05,weekend,-0.2258157718023854,59,96,59,13,0.9416194164867222,1.0,27,0.225815771802383,0.9416194164867222,13
station_v0_bogota_grid_spawn1.6__TD3_vanilla_extended_ts102__seed47__2022-03-05,station_v0_bogota_grid_spawn1.6,spawn1.6,TD3_vanilla_extended_ts102,47,2022-03-05,weekend,-0.2258157718023854,59,96,59,13,0.9416194164867222,1.0,27,0.225815771802383,0.9416194164867222,13
station_v0_bogota_grid_spawn1.6__RoundRobin__seed48__2022-01-17,station_v0_bogota_grid_spawn1.6,spawn1.6,RoundRobin,48,2022-01-17,weekday,-0.1160016816819309,35,96,35,8,0.9433470629830628,1.0,27,0.1160016816819294,0.9433470629830628,8
station_v0_bogota_grid_spawn1.6__Optimal_Oracle_Tracking__seed48__2022-01-17,station_v0_bogota_grid_spawn1.6,spawn1.6,Optimal_Oracle_Tracking,48,2022-01-17,weekday,-0.1222645316354287,36,96,36,8,0.9425707402862192,1.0,27,0.1222645316354272,0.9425707402862192,8
station_v0_bogota_grid_spawn1.6__MPC_TrackingG2V__seed48__2022-03-05,station_v0_bogota_grid_spawn1.6,spawn1.6,MPC_TrackingG2V,48,2022-03-05,weekend,-0.694911532390088,122,96,122,22,0.9388231917863408,1.0,27,0.6949115323900829,0.9388231917863408,22
station_v0_bogota_grid_spawn1.6__ChargeAsFastAsPossible__seed49__2022-01-17,station_v0_bogota_grid_spawn1.6,spawn1.6,ChargeAsFastAsPossible,49,2022-01-17,weekday,-0.863196769135713,172,96,172,37,0.9355993128440504,1.0,27,0.8631967691357058,0.9355993128440504,37
station_v0_bogota_grid_spawn1.6__TD3_vanilla_extended_ts102__seed49__2022-01-17,station_v0_bogota_grid_spawn1.6,spawn1.6,TD3_vanilla_extended_ts102,49,2022-01-17,weekday,-0.8284051670617578,169,96,169,37,0.9365470665931755,1.0,27,0.8284051670617508,0.9365470665931755,37
station_v0_bogota_grid_spawn1.6__RoundRobin__seed49__2022-03-05,station_v0_bogota_grid_spawn1.6,spawn1.6,RoundRobin,49,2022-03-05,weekend,0.0,0,96,0,0,0.9524338982139632,1.0,27,0.0,0.9524338982139632,0
station_v0_bogota_grid_spawn1.6__Optimal_Oracle_Tracking__seed49__2022-03-05,station_v0_bogota_grid_spawn1.6,spawn1.6,Optimal_Oracle_Tracking,49,2022-03-05,weekend,0.0,0,96,0,0,0.952619013464559,1.0,27,0.0,0.952619013464559,0
station_v0_bogota_grid_load1.3__MPC_TrackingG2V__seed0__2022-01-17,station_v0_bogota_grid_load1.3,load1.3,MPC_TrackingG2V,0,2022-01-17,weekday,-1.837412126196733,242,96,242,39,0.9280212529951828,1.0,27,1.837412126196723,0.9280212529951828,39
station_v0_bogota_grid_load1.3__ChargeAsFastAsPossible__seed0__2022-03-05,station_v0_bogota_grid_load1.3,load1.3,ChargeAsFastAsPossible,0,2022-03-05,weekend,-0.5961862163725663,110,96,110,20,0.9392821122584925,1.0,27,0.5961862163725618,0.9392821122584925,20
station_v0_bogota_grid_load1.3__TD3_vanilla_extended_ts102__seed0__2022-03-05,station_v0_bogota_grid_load1.3,load1.3,TD3_vanilla_extended_ts102,0,2022-03-05,weekend,-0.6188566582592848,110,96,110,20,0.9377280528200284,1.0,27,0.6188566582592803,0.9377280528200284,20
station_v0_bogota_grid_load1.3__RoundRobin__seed1__2022-01-17,station_v0_bogota_grid_load1.3,load1.3,RoundRobin,1,2022-01-17,weekday,-6.744675259047141,601,96,601,70,0.9091845097578354,1.0,27,6.744675259047116,0.9091845097578354,70
station_v0_bogota_grid_load1.3__Optimal_Oracle_Tracking__seed1__2022-01-17,station_v0_bogota_grid_load1.3,load1.3,Optimal_Oracle_Tracking,1,2022-01-17,weekday,-6.734316962185038,602,96,602,69,0.909070582509608,1.0,27,6.734316962185014,0.909070582509608,69
station_v0_bogota_grid_load1.3__MPC_TrackingG2V__seed1__2022-03-05,station_v0_bogota_grid_load1.3,load1.3,MPC_TrackingG2V,1,2022-03-05,weekend,-4.902743249694076,453,96,453,48,0.9157618410090496,1.0,27,4.902743249694058,0.9157618410090496,48
station_v0_bogota_grid_load1.3__ChargeAsFastAsPossible__seed2__2022-01-17,station_v0_bogota_grid_load1.3,load1.3,ChargeAsFastAsPossible,2,2022-01-17,weekday,-2.6123395107040435,358,96,358,52,0.9213151863533686,1.0,27,2.612339510704029,0.9213151863533686,52
station_v0_bogota_grid_load1.3__TD3_vanilla_extended_ts102__seed2__2022-01-17,station_v0_bogota_grid_load1.3,load1.3,TD3_vanilla_extended_ts102,2,2022-01-17,weekday,-2.612385077535333,356,96,356,52,0.9213151863533686,1.0,27,2.612385077535319,0.9213151863533686,52
station_v0_bogota_grid_load1.3__RoundRobin__seed2__2022-03-05,station_v0_bogota_grid_load1.3,load1.3,RoundRobin,2,2022-03-05,weekend,-0.489430064039835,102,96,102,20,0.9404285667755364,1.0,27,0.4894300640398308,0.9404285667755364,20
station_v0_bogota_grid_load1.3__Optimal_Oracle_Tracking__seed2__2022-03-05,station_v0_bogota_grid_load1.3,load1.3,Optimal_Oracle_Tracking,2,2022-03-05,weekend,-0.4848072883458009,101,96,101,19,0.9406736632453964,1.0,27,0.4848072883457966,0.9406736632453964,19
station_v0_bogota_grid_load1.3__MPC_TrackingG2V__seed3__2022-01-17,station_v0_bogota_grid_load1.3,load1.3,MPC_TrackingG2V,3,2022-01-17,weekday,-0.6919796407178864,115,96,115,22,0.9334558285214408,1.0,27,0.6919796407178816,0.9334558285214408,22
station_v0_bogota_grid_load1.3__ChargeAsFastAsPossible__seed3__2022-03-05,station_v0_bogota_grid_load1.3,load1.3,ChargeAsFastAsPossible,3,2022-03-05,weekend,-3.4819067545980205,458,96,458,66,0.9271875924683946,1.0,27,3.4819067545980014,0.9271875924683946,66
station_v0_bogota_grid_load1.3__TD3_vanilla_extended_ts102__seed3__2022-03-05,station_v0_bogota_grid_load1.3,load1.3,TD3_vanilla_extended_ts102,3,2022-03-05,weekend,-3.468265961799395,458,96,458,66,0.9271875924683946,1.0,27,3.4682659617993754,0.9271875924683946,66
station_v0_bogota_grid_load1.3__RoundRobin__seed4__2022-01-17,station_v0_bogota_grid_load1.3,load1.3,RoundRobin,4,2022-01-17,weekday,-1.1438330141647666,161,96,161,27,0.93455928925052,1.0,27,1.14383301416476,0.93455928925052,27
station_v0_bogota_grid_load1.3__Optimal_Oracle_Tracking__seed4__2022-01-17,station_v0_bogota_grid_load1.3,load1.3,Optimal_Oracle_Tracking,4,2022-01-17,weekday,-1.14696332727956,161,96,161,27,0.934804604884529,1.0,27,1.1469633272795532,0.934804604884529,27
station_v0_bogota_grid_load1.3__MPC_TrackingG2V__seed4__2022-03-05,station_v0_bogota_grid_load1.3,load1.3,MPC_TrackingG2V,4,2022-03-05,weekend,-4.981565671064372,440,96,440,49,0.9137963946320932,1.0,27,4.981565671064353,0.9137963946320932,49
station_v0_bogota_grid_load1.3__ChargeAsFastAsPossible__seed5__2022-01-17,station_v0_bogota_grid_load1.3,load1.3,ChargeAsFastAsPossible,5,2022-01-17,weekday,-6.077247156549562,545,96,545,70,0.917126895714118,1.0,27,6.0772471565495385,0.917126895714118,70
station_v0_bogota_grid_load1.3__TD3_vanilla_extended_ts102__seed5__2022-01-17,station_v0_bogota_grid_load1.3,load1.3,TD3_vanilla_extended_ts102,5,2022-01-17,weekday,-6.061795636815697,541,96,541,70,0.917126895714118,1.0,27,6.061795636815675,0.917126895714118,70
station_v0_bogota_grid_load1.3__RoundRobin__seed5__2022-03-05,station_v0_bogota_grid_load1.3,load1.3,RoundRobin,5,2022-03-05,weekend,-1.2119953288762326,155,96,155,25,0.9330797026070476,1.0,27,1.2119953288762262,0.9330797026070476,25
station_v0_bogota_grid_load1.3__Optimal_Oracle_Tracking__seed5__2022-03-05,station_v0_bogota_grid_load1.3,load1.3,Optimal_Oracle_Tracking,5,2022-03-05,weekend,-1.2135782295743918,156,96,156,25,0.9332150211987869,1.0,27,1.213578229574385,0.9332150211987869,25
station_v0_bogota_grid_load1.3__MPC_TrackingG2V__seed6__2022-01-17,station_v0_bogota_grid_load1.3,load1.3,MPC_TrackingG2V,6,2022-01-17,weekday,-8.361867885783418,700,96,700,71,0.9081091994516852,1.0,27,8.36186788578339,0.9081091994516852,71
station_v0_bogota_grid_load1.3__ChargeAsFastAsPossible__seed6__2022-03-05,station_v0_bogota_grid_load1.3,load1.3,ChargeAsFastAsPossible,6,2022-03-05,weekend,-6.240966680030247,636,96,636,70,0.920965150070698,1.0,27,6.24096668003022,0.920965150070698,70
station_v0_bogota_grid_load1.3__TD3_vanilla_extended_ts102__seed6__2022-03-05,station_v0_bogota_grid_load1.3,load1.3,TD3_vanilla_extended_ts102,6,2022-03-05,weekend,-6.241480858786123,636,96,636,70,0.920965150070698,1.0,27,6.2414808587860975,0.920965150070698,70
station_v0_bogota_grid_load1.3__RoundRobin__seed7__2022-01-17,station_v0_bogota_grid_load1.3,load1.3,RoundRobin,7,2022-01-17,weekday,-6.06226539638511,534,96,534,61,0.9162586470948751,1.0,27,6.062265396385087,0.9162586470948751,61
station_v0_bogota_grid_load1.3__Optimal_Oracle_Tracking__seed7__2022-01-17,station_v0_bogota_grid_load1.3,load1.3,Optimal_Oracle_Tracking,7,2022-01-17,weekday,-6.049813814742589,534,96,534,61,0.9160089483498828,1.0,27,6.049813814742567,0.9160089483498828,61
station_v0_bogota_grid_load1.3__MPC_TrackingG2V__seed7__2022-03-05,station_v0_bogota_grid_load1.3,load1.3,MPC_TrackingG2V,7,2022-03-05,weekend,-0.2675556318735264,66,96,66,15,0.9421792251736232,1.0,27,0.2675556318735237,0.9421792251736232,15
station_v0_bogota_grid_load1.3__ChargeAsFastAsPossible__seed8__2022-01-17,station_v0_bogota_grid_load1.3,load1.3,ChargeAsFastAsPossible,8,2022-01-17,weekday,-4.8766705715016645,495,96,495,66,0.9182250189562656,1.0,27,4.876670571501643,0.9182250189562656,66
station_v0_bogota_grid_load1.3__TD3_vanilla_extended_ts102__seed8__2022-01-17,station_v0_bogota_grid_load1.3,load1.3,TD3_vanilla_extended_ts102,8,2022-01-17,weekday,-4.866304698883792,496,96,496,66,0.9182250189562656,1.0,27,4.866304698883773,0.9182250189562656,66
station_v0_bogota_grid_load1.3__RoundRobin__seed8__2022-03-05,station_v0_bogota_grid_load1.3,load1.3,RoundRobin,8,2022-03-05,weekend,-1.9792621616145545,231,96,231,33,0.9265903452535752,1.0,27,1.9792621616145447,0.9265903452535752,33
station_v0_bogota_grid_load1.3__Optimal_Oracle_Tracking__seed8__2022-03-05,station_v0_bogota_grid_load1.3,load1.3,Optimal_Oracle_Tracking,8,2022-03-05,weekend,-1.9788169152110864,229,96,229,33,0.9267980414220596,1.0,27,1.9788169152110768,0.9267980414220596,33
station_v0_bogota_grid_load1.3__MPC_TrackingG2V__seed9__2022-01-17,station_v0_bogota_grid_load1.3,load1.3,MPC_TrackingG2V,9,2022-01-17,weekday,-2.9512283618416584,339,96,339,54,0.9273020691607248,1.0,27,2.951228361841644,0.9273020691607248,54
station_v0_bogota_grid_load1.3__ChargeAsFastAsPossible__seed9__2022-03-05,station_v0_bogota_grid_load1.3,load1.3,ChargeAsFastAsPossible,9,2022-03-05,weekend,-0.5502537364459256,96,96,96,19,0.9383057386506316,1.0,27,0.5502537364459216,0.9383057386506316,19
station_v0_bogota_grid_load1.3__TD3_vanilla_extended_ts102__seed9__2022-03-05,station_v0_bogota_grid_load1.3,load1.3,TD3_vanilla_extended_ts102,9,2022-03-05,weekend,-0.5573481627959866,97,96,97,19,0.9383057386506316,1.0,27,0.5573481627959826,0.9383057386506316,19
station_v0_bogota_grid_load1.3__RoundRobin__seed10__2022-01-17,station_v0_bogota_grid_load1.3,load1.3,RoundRobin,10,2022-01-17,weekday,-1.1906216457565226,167,96,167,24,0.9296181590725624,1.0,27,1.1906216457565155,0.9296181590725624,24
station_v0_bogota_grid_load1.3__Optimal_Oracle_Tracking__seed10__2022-01-17,station_v0_bogota_grid_load1.3,load1.3,Optimal_Oracle_Tracking,10,2022-01-17,weekday,-1.181753448308617,167,96,167,24,0.9297752230159482,1.0,27,1.18175344830861,0.9297752230159482,24
station_v0_bogota_grid_load1.3__MPC_TrackingG2V__seed10__2022-03-05,station_v0_bogota_grid_load1.3,load1.3,MPC_TrackingG2V,10,2022-03-05,weekend,-5.777307929911506,587,96,587,72,0.9168283275188632,1.0,27,5.7773079299114825,0.9168283275188632,72
station_v0_bogota_grid_load1.3__ChargeAsFastAsPossible__seed11__2022-01-17,station_v0_bogota_grid_load1.3,load1.3,ChargeAsFastAsPossible,11,2022-01-17,weekday,-1.4988515172670125,227,96,227,41,0.9342937165392738,1.0,27,1.498851517267003,0.9342937165392738,41
station_v0_bogota_grid_load1.3__TD3_vanilla_extended_ts102__seed11__2022-01-17,station_v0_bogota_grid_load1.3,load1.3,TD3_vanilla_extended_ts102,11,2022-01-17,weekday,-1.4771357881782785,226,96,226,42,0.9342937165392738,1.0,27,1.477135788178269,0.9342937165392738,42
station_v0_bogota_grid_load1.3__RoundRobin__seed11__2022-03-05,station_v0_bogota_grid_load1.3,load1.3,RoundRobin,11,2022-03-05,weekend,-1.1322143552650357,141,96,141,23,0.9355832902376572,1.0,27,1.1322143552650297,0.9355832902376572,23
station_v0_bogota_grid_load1.3__Optimal_Oracle_Tracking__seed11__2022-03-05,station_v0_bogota_grid_load1.3,load1.3,Optimal_Oracle_Tracking,11,2022-03-05,weekend,-1.1434581994720736,142,96,142,23,0.9351293257750048,1.0,27,1.1434581994720676,0.9351293257750048,23
station_v0_bogota_grid_load1.3__MPC_TrackingG2V__seed12__2022-01-17,station_v0_bogota_grid_load1.3,load1.3,MPC_TrackingG2V,12,2022-01-17,weekday,-6.3936319660633165,610,96,610,65,0.912335313397622,1.0,27,6.393631966063291,0.912335313397622,65
station_v0_bogota_grid_load1.3__ChargeAsFastAsPossible__seed12__2022-03-05,station_v0_bogota_grid_load1.3,load1.3,ChargeAsFastAsPossible,12,2022-03-05,weekend,-0.0527098458984607,32,96,32,8,0.9473406095370508,1.0,27,0.0527098458984593,0.9473406095370508,8
station_v0_bogota_grid_load1.3__TD3_vanilla_extended_ts102__seed12__2022-03-05,station_v0_bogota_grid_load1.3,load1.3,TD3_vanilla_extended_ts102,12,2022-03-05,weekend,-0.0527098458984607,32,96,32,8,0.9473406095370508,1.0,27,0.0527098458984593,0.9473406095370508,8
station_v0_bogota_grid_load1.3__RoundRobin__seed13__2022-01-17,station_v0_bogota_grid_load1.3,load1.3,RoundRobin,13,2022-01-17,weekday,-3.180132589620131,374,96,374,52,0.9214065938921114,1.0,27,3.180132589620116,0.9214065938921114,52
station_v0_bogota_grid_load1.3__Optimal_Oracle_Tracking__seed13__2022-01-17,station_v0_bogota_grid_load1.3,load1.3,Optimal_Oracle_Tracking,13,2022-01-17,weekday,-3.1664332116935654,375,96,375,52,0.9217935042637156,1.0,27,3.1664332116935503,0.9217935042637156,52
station_v0_bogota_grid_load1.3__MPC_TrackingG2V__seed13__2022-03-05,station_v0_bogota_grid_load1.3,load1.3,MPC_TrackingG2V,13,2022-03-05,weekend,-2.1970015161305416,252,96,252,42,0.9290742269195984,1.0,27,2.1970015161305314,0.9290742269195984,42
station_v0_bogota_grid_load1.3__ChargeAsFastAsPossible__seed14__2022-01-17,station_v0_bogota_grid_load1.3,load1.3,ChargeAsFastAsPossible,14,2022-01-17,weekday,-3.5875078698863208,385,96,385,58,0.9249832494470832,1.0,27,3.5875078698863048,0.9249832494470832,58
station_v0_bogota_grid_load1.3__TD3_vanilla_extended_ts102__seed14__2022-01-17,station_v0_bogota_grid_load1.3,load1.3,TD3_vanilla_extended_ts102,14,2022-01-17,weekday,-3.5870835273737662,383,96,383,58,0.924983263026822,1.0,27,3.5870835273737502,0.924983263026822,58
station_v0_bogota_grid_load1.3__RoundRobin__seed14__2022-03-05,station_v0_bogota_grid_load1.3,load1.3,RoundRobin,14,2022-03-05,weekend,-2.5765053800100617,220,96,220,32,0.923376146878475,1.0,27,2.576505380010052,0.923376146878475,32
station_v0_bogota_grid_load1.3__Optimal_Oracle_Tracking__seed14__2022-03-05,station_v0_bogota_grid_load1.3,load1.3,Optimal_Oracle_Tracking,14,2022-03-05,weekend,-2.5854313567971547,221,96,221,32,0.9236722782543482,1.0,27,2.5854313567971454,0.9236722782543482,32
station_v0_bogota_grid_load1.3__MPC_TrackingG2V__seed15__2022-01-17,station_v0_bogota_grid_load1.3,load1.3,MPC_TrackingG2V,15,2022-01-17,weekday,-7.322642525953038,652,96,652,67,0.9093217953544972,1.0,27,7.322642525953011,0.9093217953544972,67
station_v0_bogota_grid_load1.3__ChargeAsFastAsPossible__seed15__2022-03-05,station_v0_bogota_grid_load1.3,load1.3,ChargeAsFastAsPossible,15,2022-03-05,weekend,-6.2764492041363615,641,96,641,70,0.919799008523436,1.0,27,6.276449204136335,0.919799008523436,70
station_v0_bogota_grid_load1.3__TD3_vanilla_extended_ts102__seed15__2022-03-05,station_v0_bogota_grid_load1.3,load1.3,TD3_vanilla_extended_ts102,15,2022-03-05,weekend,-6.28291677664618,640,96,640,70,0.919799008523436,1.0,27,6.282916776646154,0.919799008523436,70
station_v0_bogota_grid_load1.3__RoundRobin__seed16__2022-01-17,station_v0_bogota_grid_load1.3,load1.3,RoundRobin,16,2022-01-17,weekday,-2.530169070646873,341,96,341,53,0.92514378446235,1.0,27,2.53016907064686,0.92514378446235,53
station_v0_bogota_grid_load1.3__Optimal_Oracle_Tracking__seed16__2022-01-17,station_v0_bogota_grid_load1.3,load1.3,Optimal_Oracle_Tracking,16,2022-01-17,weekday,-2.513264471880184,342,96,342,53,0.9253355004867576,1.0,27,2.513264471880169,0.9253355004867576,53
station_v0_bogota_grid_load1.3__MPC_TrackingG2V__seed16__2022-03-05,station_v0_bogota_grid_load1.3,load1.3,MPC_TrackingG2V,16,2022-03-05,weekend,-1.715615172408334,171,96,171,25,0.927583409339284,1.0,27,1.7156151724083268,0.927583409339284,25
station_v0_bogota_grid_load1.3__ChargeAsFastAsPossible__seed17__2022-01-17,station_v0_bogota_grid_load1.3,load1.3,ChargeAsFastAsPossible,17,2022-01-17,weekday,-2.6169673979617585,330,96,330,46,0.9232740864484016,1.0,27,2.6169673979617447,0.9232740864484016,46
station_v0_bogota_grid_load1.3__TD3_vanilla_extended_ts102__seed17__2022-01-17,station_v0_bogota_grid_load1.3,load1.3,TD3_vanilla_extended_ts102,17,2022-01-17,weekday,-2.606507549512252,334,96,334,47,0.9232740864484016,1.0,27,2.6065075495122376,0.9232740864484016,47
station_v0_bogota_grid_load1.3__RoundRobin__seed17__2022-03-05,station_v0_bogota_grid_load1.3,load1.3,RoundRobin,17,2022-03-05,weekend,-0.8544471303626551,121,96,121,20,0.9350799383757386,1.0,27,0.8544471303626501,0.9350799383757386,20
station_v0_bogota_grid_load1.3__Optimal_Oracle_Tracking__seed17__2022-03-05,station_v0_bogota_grid_load1.3,load1.3,Optimal_Oracle_Tracking,17,2022-03-05,weekend,-0.8554388565097641,121,96,121,20,0.9348409740889244,1.0,27,0.855438856509759,0.9348409740889244,20
station_v0_bogota_grid_load1.3__MPC_TrackingG2V__seed18__2022-01-17,station_v0_bogota_grid_load1.3,load1.3,MPC_TrackingG2V,18,2022-01-17,weekday,-6.8508219005954425,613,96,613,70,0.9088941604731752,1.0,27,6.850821900595417,0.9088941604731752,70
station_v0_bogota_grid_load1.3__ChargeAsFastAsPossible__seed18__2022-03-05,station_v0_bogota_grid_load1.3,load1.3,ChargeAsFastAsPossible,18,2022-03-05,weekend,-1.4981711468176906,175,96,175,29,0.9302023059551268,1.0,27,1.4981711468176837,0.9302023059551268,29
station_v0_bogota_grid_load1.3__TD3_vanilla_extended_ts102__seed18__2022-03-05,station_v0_bogota_grid_load1.3,load1.3,TD3_vanilla_extended_ts102,18,2022-03-05,weekend,-1.498208770852768,175,96,175,29,0.930039491179746,1.0,27,1.4982087708527607,0.930039491179746,29
station_v0_bogota_grid_load1.3__RoundRobin__seed19__2022-01-17,station_v0_bogota_grid_load1.3,load1.3,RoundRobin,19,2022-01-17,weekday,-8.262239437205306,682,96,682,67,0.9035159931654412,1.0,27,8.262239437205276,0.9035159931654412,67
station_v0_bogota_grid_load1.3__Optimal_Oracle_Tracking__seed19__2022-01-17,station_v0_bogota_grid_load1.3,load1.3,Optimal_Oracle_Tracking,19,2022-01-17,weekday,-8.251698616186625,681,96,681,67,0.9035465924185284,1.0,27,8.251698616186598,0.9035465924185284,67
station_v0_bogota_grid_load1.3__MPC_TrackingG2V__seed19__2022-03-05,station_v0_bogota_grid_load1.3,load1.3,MPC_TrackingG2V,19,2022-03-05,weekend,-0.4148284388815105,82,96,82,16,0.939034522868893,1.0,27,0.4148284388815071,0.939034522868893,16
station_v0_bogota_grid_load1.3__ChargeAsFastAsPossible__seed20__2022-01-17,station_v0_bogota_grid_load1.3,load1.3,ChargeAsFastAsPossible,20,2022-01-17,weekday,-8.206120346433991,659,96,659,70,0.9109893831697486,1.0,27,8.206120346433963,0.9109893831697486,70
station_v0_bogota_grid_load1.3__TD3_vanilla_extended_ts102__seed20__2022-01-17,station_v0_bogota_grid_load1.3,load1.3,TD3_vanilla_extended_ts102,20,2022-01-17,weekday,-8.203131909671756,659,96,659,70,0.9111955466019508,1.0,27,8.203131909671729,0.9111955466019508,70
station_v0_bogota_grid_load1.3__RoundRobin__seed20__2022-03-05,station_v0_bogota_grid_load1.3,load1.3,RoundRobin,20,2022-03-05,weekend,-0.6316586286888962,98,96,98,19,0.9373618255970382,1.0,27,0.6316586286888921,0.9373618255970382,19
station_v0_bogota_grid_load1.3__Optimal_Oracle_Tracking__seed20__2022-03-05,station_v0_bogota_grid_load1.3,load1.3,Optimal_Oracle_Tracking,20,2022-03-05,weekend,-0.6272326424356325,98,96,98,19,0.9375986976605266,1.0,27,0.6272326424356285,0.9375986976605266,19
station_v0_bogota_grid_load1.3__MPC_TrackingG2V__seed21__2022-01-17,station_v0_bogota_grid_load1.3,load1.3,MPC_TrackingG2V,21,2022-01-17,weekday,-5.2690659054623294,519,96,519,62,0.9162462873841944,1.0,27,5.269065905462308,0.9162462873841944,62
station_v0_bogota_grid_load1.3__ChargeAsFastAsPossible__seed21__2022-03-05,station_v0_bogota_grid_load1.3,load1.3,ChargeAsFastAsPossible,21,2022-03-05,weekend,-3.486625371502797,383,96,383,49,0.9200926137251672,1.0,27,3.48662537150278,0.9200926137251672,49
station_v0_bogota_grid_load1.3__TD3_vanilla_extended_ts102__seed21__2022-03-05,station_v0_bogota_grid_load1.3,load1.3,TD3_vanilla_extended_ts102,21,2022-03-05,weekend,-3.4800323282445453,379,96,379,48,0.9200926137251672,1.0,27,3.4800323282445293,0.9200926137251672,48
station_v0_bogota_grid_load1.3__RoundRobin__seed22__2022-01-17,station_v0_bogota_grid_load1.3,load1.3,RoundRobin,22,2022-01-17,weekday,-4.0795213783458415,462,96,462,66,0.923805373802958,1.0,27,4.079521378345822,0.923805373802958,66
station_v0_bogota_grid_load1.3__Optimal_Oracle_Tracking__seed22__2022-01-17,station_v0_bogota_grid_load1.3,load1.3,Optimal_Oracle_Tracking,22,2022-01-17,weekday,-4.072973594079138,460,96,460,66,0.92395151629092,1.0,27,4.072973594079119,0.92395151629092,66
station_v0_bogota_grid_load1.3__MPC_TrackingG2V__seed22__2022-03-05,station_v0_bogota_grid_load1.3,load1.3,MPC_TrackingG2V,22,2022-03-05,weekend,-2.146348694773545,208,96,208,30,0.9276602276806613,1.0,27,2.1463486947735366,0.9276602276806613,30
station_v0_bogota_grid_load1.3__ChargeAsFastAsPossible__seed23__2022-01-17,station_v0_bogota_grid_load1.3,load1.3,ChargeAsFastAsPossible,23,2022-01-17,weekday,-6.227742920972222,567,96,567,68,0.9125682423906064,1.0,27,6.227742920972198,0.9125682423906064,68
station_v0_bogota_grid_load1.3__TD3_vanilla_extended_ts102__seed23__2022-01-17,station_v0_bogota_grid_load1.3,load1.3,TD3_vanilla_extended_ts102,23,2022-01-17,weekday,-6.189753226730904,567,96,567,68,0.9125682423906064,1.0,27,6.18975322673088,0.9125682423906064,68
station_v0_bogota_grid_load1.3__RoundRobin__seed23__2022-03-05,station_v0_bogota_grid_load1.3,load1.3,RoundRobin,23,2022-03-05,weekend,-0.8001562816317549,139,96,139,26,0.9388008590800808,1.0,27,0.8001562816317491,0.9388008590800808,26
station_v0_bogota_grid_load1.3__Optimal_Oracle_Tracking__seed23__2022-03-05,station_v0_bogota_grid_load1.3,load1.3,Optimal_Oracle_Tracking,23,2022-03-05,weekend,-0.8143085147224254,139,96,139,26,0.938425609284752,1.0,27,0.8143085147224196,0.938425609284752,26
station_v0_bogota_grid_load1.3__MPC_TrackingG2V__seed24__2022-01-17,station_v0_bogota_grid_load1.3,load1.3,MPC_TrackingG2V,24,2022-01-17,weekday,-6.212928043234834,563,96,563,68,0.9150944915868868,1.0,27,6.212928043234811,0.9150944915868868,68
station_v0_bogota_grid_load1.3__ChargeAsFastAsPossible__seed24__2022-03-05,station_v0_bogota_grid_load1.3,load1.3,ChargeAsFastAsPossible,24,2022-03-05,weekend,-1.413955600138833,156,96,156,24,0.9311106206583588,1.0,27,1.4139556001388265,0.9311106206583588,24
station_v0_bogota_grid_load1.3__TD3_vanilla_extended_ts102__seed24__2022-03-05,station_v0_bogota_grid_load1.3,load1.3,TD3_vanilla_extended_ts102,24,2022-03-05,weekend,-1.4054245314179945,155,96,155,24,0.9311106206583588,1.0,27,1.4054245314179878,0.9311106206583588,24
station_v0_bogota_grid_load1.3__RoundRobin__seed25__2022-01-17,station_v0_bogota_grid_load1.3,load1.3,RoundRobin,25,2022-01-17,weekday,-0.9642704103037107,141,96,141,27,0.930455469203751,1.0,27,0.9642704103037048,0.930455469203751,27
station_v0_bogota_grid_load1.3__Optimal_Oracle_Tracking__seed25__2022-01-17,station_v0_bogota_grid_load1.3,load1.3,Optimal_Oracle_Tracking,25,2022-01-17,weekday,-0.9453388153556294,139,96,139,27,0.930662725595794,1.0,27,0.9453388153556236,0.930662725595794,27
station_v0_bogota_grid_load1.3__MPC_TrackingG2V__seed25__2022-03-05,station_v0_bogota_grid_load1.3,load1.3,MPC_TrackingG2V,25,2022-03-05,weekend,-3.351143442944568,267,96,267,34,0.919086730022482,1.0,27,3.351143442944557,0.919086730022482,34
station_v0_bogota_grid_load1.3__ChargeAsFastAsPossible__seed26__2022-01-17,station_v0_bogota_grid_load1.3,load1.3,ChargeAsFastAsPossible,26,2022-01-17,weekday,-6.860192026039516,634,96,634,73,0.9159855585245192,1.0,27,6.860192026039488,0.9159855585245192,73
station_v0_bogota_grid_load1.3__TD3_vanilla_extended_ts102__seed26__2022-01-17,station_v0_bogota_grid_load1.3,load1.3,TD3_vanilla_extended_ts102,26,2022-01-17,weekday,-6.856845700217638,629,96,629,72,0.9159855585245192,1.0,27,6.8568457002176135,0.9159855585245192,72
station_v0_bogota_grid_load1.3__RoundRobin__seed26__2022-03-05,station_v0_bogota_grid_load1.3,load1.3,RoundRobin,26,2022-03-05,weekend,-0.6073718059719777,96,96,96,17,0.9368279926319272,1.0,27,0.6073718059719737,0.9368279926319272,17
station_v0_bogota_grid_load1.3__Optimal_Oracle_Tracking__seed26__2022-03-05,station_v0_bogota_grid_load1.3,load1.3,Optimal_Oracle_Tracking,26,2022-03-05,weekend,-0.6021223957030721,96,96,96,17,0.9370469388237622,1.0,27,0.6021223957030681,0.9370469388237622,17
station_v0_bogota_grid_load1.3__MPC_TrackingG2V__seed27__2022-01-17,station_v0_bogota_grid_load1.3,load1.3,MPC_TrackingG2V,27,2022-01-17,weekday,-3.4438407554632198,426,96,426,62,0.923290120314959,1.0,27,3.4438407554632016,0.923290120314959,62
station_v0_bogota_grid_load1.3__ChargeAsFastAsPossible__seed27__2022-03-05,station_v0_bogota_grid_load1.3,load1.3,ChargeAsFastAsPossible,27,2022-03-05,weekend,-0.462375870885097,92,96,92,19,0.9390548328608148,1.0,27,0.4623758708850931,0.9390548328608148,19
station_v0_bogota_grid_load1.3__TD3_vanilla_extended_ts102__seed27__2022-03-05,station_v0_bogota_grid_load1.3,load1.3,TD3_vanilla_extended_ts102,27,2022-03-05,weekend,-0.462375870885097,92,96,92,19,0.9390548328608148,1.0,27,0.4623758708850931,0.9390548328608148,19
station_v0_bogota_grid_load1.3__RoundRobin__seed28__2022-01-17,station_v0_bogota_grid_load1.3,load1.3,RoundRobin,28,2022-01-17,weekday,-1.0117202044210307,136,96,136,24,0.9331943804747654,1.0,27,1.011720204421025,0.9331943804747654,24
station_v0_bogota_grid_load1.3__Optimal_Oracle_Tracking__seed28__2022-01-17,station_v0_bogota_grid_load1.3,load1.3,Optimal_Oracle_Tracking,28,2022-01-17,weekday,-1.0133267966737969,137,96,137,24,0.9333900424735292,1.0,27,1.013326796673791,0.9333900424735292,24
station_v0_bogota_grid_load1.3__MPC_TrackingG2V__seed28__2022-03-05,station_v0_bogota_grid_load1.3,load1.3,MPC_TrackingG2V,28,2022-03-05,weekend,-0.516175274693808,106,96,106,21,0.9399096199634728,1.0,27,0.5161752746938035,0.9399096199634728,21
station_v0_bogota_grid_load1.3__ChargeAsFastAsPossible__seed29__2022-01-17,station_v0_bogota_grid_load1.3,load1.3,ChargeAsFastAsPossible,29,2022-01-17,weekday,-4.909982311403242,447,96,447,58,0.9112928246135166,1.0,27,4.909982311403224,0.9112928246135166,58
station_v0_bogota_grid_load1.3__TD3_vanilla_extended_ts102__seed29__2022-01-17,station_v0_bogota_grid_load1.3,load1.3,TD3_vanilla_extended_ts102,29,2022-01-17,weekday,-4.893804973235835,445,96,445,58,0.9112928246135166,1.0,27,4.893804973235817,0.9112928246135166,58
station_v0_bogota_grid_load1.3__RoundRobin__seed29__2022-03-05,station_v0_bogota_grid_load1.3,load1.3,RoundRobin,29,2022-03-05,weekend,-3.501966209017395,296,96,296,39,0.9155463458715598,1.0,27,3.501966209017381,0.9155463458715598,39
station_v0_bogota_grid_load1.3__Optimal_Oracle_Tracking__seed29__2022-03-05,station_v0_bogota_grid_load1.3,load1.3,Optimal_Oracle_Tracking,29,2022-03-05,weekend,-3.5209056388654787,293,96,293,39,0.915893852924636,1.0,27,3.5209056388654663,0.915893852924636,39
station_v0_bogota_grid_load1.3__MPC_TrackingG2V__seed30__2022-01-17,station_v0_bogota_grid_load1.3,load1.3,MPC_TrackingG2V,30,2022-01-17,weekday,-0.5418308586911105,104,96,104,24,0.9343195426598238,1.0,27,0.5418308586911061,0.9343195426598238,24
station_v0_bogota_grid_load1.3__ChargeAsFastAsPossible__seed30__2022-03-05,station_v0_bogota_grid_load1.3,load1.3,ChargeAsFastAsPossible,30,2022-03-05,weekend,-1.7284526219432523,188,96,188,30,0.9271382025805248,1.0,27,1.7284526219432443,0.9271382025805248,30
station_v0_bogota_grid_load1.3__TD3_vanilla_extended_ts102__seed30__2022-03-05,station_v0_bogota_grid_load1.3,load1.3,TD3_vanilla_extended_ts102,30,2022-03-05,weekend,-1.7347790783112975,189,96,189,30,0.9284885389751716,1.0,27,1.7347790783112895,0.9284885389751716,30
station_v0_bogota_grid_load1.3__RoundRobin__seed31__2022-01-17,station_v0_bogota_grid_load1.3,load1.3,RoundRobin,31,2022-01-17,weekday,-2.2455068835265366,250,96,250,47,0.9262248190723432,1.0,27,2.2455068835265264,0.9262248190723432,47
station_v0_bogota_grid_load1.3__Optimal_Oracle_Tracking__seed31__2022-01-17,station_v0_bogota_grid_load1.3,load1.3,Optimal_Oracle_Tracking,31,2022-01-17,weekday,-2.2402841431068854,247,96,247,46,0.9261617411555072,1.0,27,2.240284143106875,0.9261617411555072,46
station_v0_bogota_grid_load1.3__MPC_TrackingG2V__seed31__2022-03-05,station_v0_bogota_grid_load1.3,load1.3,MPC_TrackingG2V,31,2022-03-05,weekend,-0.0456139857998886,40,96,40,14,0.9469857571488722,1.0,27,0.0456139857998869,0.9469857571488722,14
station_v0_bogota_grid_load1.3__ChargeAsFastAsPossible__seed32__2022-01-17,station_v0_bogota_grid_load1.3,load1.3,ChargeAsFastAsPossible,32,2022-01-17,weekday,-5.073126346213301,489,96,489,63,0.9186220807723816,1.0,27,5.0731263462132805,0.9186220807723816,63
station_v0_bogota_grid_load1.3__TD3_vanilla_extended_ts102__seed32__2022-01-17,station_v0_bogota_grid_load1.3,load1.3,TD3_vanilla_extended_ts102,32,2022-01-17,weekday,-5.060758605037617,490,96,490,63,0.9186220807723816,1.0,27,5.060758605037597,0.9186220807723816,63
station_v0_bogota_grid_load1.3__RoundRobin__seed32__2022-03-05,station_v0_bogota_grid_load1.3,load1.3,RoundRobin,32,2022-03-05,weekend,-0.2178895856149916,62,96,62,13,0.9435299219920584,1.0,27,0.217889585614989,0.9435299219920584,13
station_v0_bogota_grid_load1.3__Optimal_Oracle_Tracking__seed32__2022-03-05,station_v0_bogota_grid_load1.3,load1.3,Optimal_Oracle_Tracking,32,2022-03-05,weekend,-0.2294066998308554,62,96,62,13,0.9432835596620418,1.0,27,0.2294066998308528,0.9432835596620418,13
station_v0_bogota_grid_load1.3__MPC_TrackingG2V__seed33__2022-01-17,station_v0_bogota_grid_load1.3,load1.3,MPC_TrackingG2V,33,2022-01-17,weekday,-3.608821480433794,382,96,382,61,0.9214274712587568,1.0,27,3.608821480433778,0.9214274712587568,61
station_v0_bogota_grid_load1.3__ChargeAsFastAsPossible__seed33__2022-03-05,station_v0_bogota_grid_load1.3,load1.3,ChargeAsFastAsPossible,33,2022-03-05,weekend,-1.2823846579979945,167,96,167,29,0.9290815771628232,1.0,27,1.2823846579979876,0.9290815771628232,29
station_v0_bogota_grid_load1.3__TD3_vanilla_extended_ts102__seed33__2022-03-05,station_v0_bogota_grid_load1.3,load1.3,TD3_vanilla_extended_ts102,33,2022-03-05,weekend,-1.2814541709661775,168,96,168,29,0.9309998460290304,1.0,27,1.2814541709661704,0.9309998460290304,29
station_v0_bogota_grid_load1.3__RoundRobin__seed34__2022-01-17,station_v0_bogota_grid_load1.3,load1.3,RoundRobin,34,2022-01-17,weekday,-1.7871147836493697,290,96,290,43,0.9304187208131962,1.0,27,1.7871147836493575,0.9304187208131962,43
station_v0_bogota_grid_load1.3__Optimal_Oracle_Tracking__seed34__2022-01-17,station_v0_bogota_grid_load1.3,load1.3,Optimal_Oracle_Tracking,34,2022-01-17,weekday,-1.7742134146606408,288,96,288,43,0.9305941942429656,1.0,27,1.7742134146606283,0.9305941942429656,43
station_v0_bogota_grid_load1.3__MPC_TrackingG2V__seed34__2022-03-05,station_v0_bogota_grid_load1.3,load1.3,MPC_TrackingG2V,34,2022-03-05,weekend,-4.006248450765278,340,96,340,37,0.9144845960931296,1.0,27,4.0062484507652645,0.9144845960931296,37
station_v0_bogota_grid_load1.3__ChargeAsFastAsPossible__seed35__2022-01-17,station_v0_bogota_grid_load1.3,load1.3,ChargeAsFastAsPossible,35,2022-01-17,weekday,-0.7769972922598969,123,96,123,22,0.934624139107225,1.0,27,0.7769972922598918,0.934624139107225,22
station_v0_bogota_grid_load1.3__TD3_vanilla_extended_ts102__seed35__2022-01-17,station_v0_bogota_grid_load1.3,load1.3,TD3_vanilla_extended_ts102,35,2022-01-17,weekday,-0.7737665843315475,120,96,120,21,0.9339867076657256,1.0,27,0.7737665843315424,0.9339867076657256,21
station_v0_bogota_grid_load1.3__RoundRobin__seed35__2022-03-05,station_v0_bogota_grid_load1.3,load1.3,RoundRobin,35,2022-03-05,weekend,-3.000277954978352,283,96,283,40,0.9217046688195256,1.0,27,3.000277954978341,0.9217046688195256,40
station_v0_bogota_grid_load1.3__Optimal_Oracle_Tracking__seed35__2022-03-05,station_v0_bogota_grid_load1.3,load1.3,Optimal_Oracle_Tracking,35,2022-03-05,weekend,-3.0169782028769365,282,96,282,40,0.9219790148056922,1.0,27,3.016978202876925,0.9219790148056922,40
station_v0_bogota_grid_load1.3__MPC_TrackingG2V__seed36__2022-01-17,station_v0_bogota_grid_load1.3,load1.3,MPC_TrackingG2V,36,2022-01-17,weekday,-4.480853067620761,431,96,431,61,0.9238912760520432,1.0,27,4.480853067620744,0.9238912760520432,61
station_v0_bogota_grid_load1.3__ChargeAsFastAsPossible__seed36__2022-03-05,station_v0_bogota_grid_load1.3,load1.3,ChargeAsFastAsPossible,36,2022-03-05,weekend,-3.2741543023563766,340,96,340,35,0.9205381850496897,1.0,27,3.274154302356363,0.9205381850496897,35
station_v0_bogota_grid_load1.3__TD3_vanilla_extended_ts102__seed36__2022-03-05,station_v0_bogota_grid_load1.3,load1.3,TD3_vanilla_extended_ts102,36,2022-03-05,weekend,-3.274153556519011,340,96,340,35,0.9205381850496897,1.0,27,3.2741535565189968,0.9205381850496897,35
station_v0_bogota_grid_load1.3__RoundRobin__seed37__2022-01-17,station_v0_bogota_grid_load1.3,load1.3,RoundRobin,37,2022-01-17,weekday,-3.851743919455019,447,96,447,65,0.923156358995536,1.0,27,3.851743919455,0.923156358995536,65
station_v0_bogota_grid_load1.3__Optimal_Oracle_Tracking__seed37__2022-01-17,station_v0_bogota_grid_load1.3,load1.3,Optimal_Oracle_Tracking,37,2022-01-17,weekday,-3.845586419885051,446,96,446,65,0.9230473990266496,1.0,27,3.845586419885032,0.9230473990266496,65
station_v0_bogota_grid_load1.3__MPC_TrackingG2V__seed37__2022-03-05,station_v0_bogota_grid_load1.3,load1.3,MPC_TrackingG2V,37,2022-03-05,weekend,-2.4164146731530343,218,96,218,34,0.9213105954408382,1.0,27,2.4164146731530254,0.9213105954408382,34
station_v0_bogota_grid_load1.3__ChargeAsFastAsPossible__seed38__2022-01-17,station_v0_bogota_grid_load1.3,load1.3,ChargeAsFastAsPossible,38,2022-01-17,weekday,-2.710767623497517,367,96,367,50,0.9254366309265516,1.0,27,2.7107676234975018,0.9254366309265516,50
station_v0_bogota_grid_load1.3__TD3_vanilla_extended_ts102__seed38__2022-01-17,station_v0_bogota_grid_load1.3,load1.3,TD3_vanilla_extended_ts102,38,2022-01-17,weekday,-2.698737531195924,373,96,373,52,0.9254263413012808,1.0,27,2.698737531195908,0.9254263413012808,52
station_v0_bogota_grid_load1.3__RoundRobin__seed38__2022-03-05,station_v0_bogota_grid_load1.3,load1.3,RoundRobin,38,2022-03-05,weekend,-0.5393464148443756,100,96,100,18,0.9394880906226596,1.0,27,0.5393464148443715,0.9394880906226596,18
station_v0_bogota_grid_load1.3__Optimal_Oracle_Tracking__seed38__2022-03-05,station_v0_bogota_grid_load1.3,load1.3,Optimal_Oracle_Tracking,38,2022-03-05,weekend,-0.5393484404981477,101,96,101,18,0.9396793542619044,1.0,27,0.5393484404981435,0.9396793542619044,18
station_v0_bogota_grid_load1.3__MPC_TrackingG2V__seed39__2022-01-17,station_v0_bogota_grid_load1.3,load1.3,MPC_TrackingG2V,39,2022-01-17,weekday,-2.4087035772951944,313,96,313,51,0.9265424636214696,1.0,27,2.408703577295181,0.9265424636214696,51
station_v0_bogota_grid_load1.3__ChargeAsFastAsPossible__seed39__2022-03-05,station_v0_bogota_grid_load1.3,load1.3,ChargeAsFastAsPossible,39,2022-03-05,weekend,-1.1141227081704703,141,96,141,23,0.9320606475939416,1.0,27,1.1141227081704643,0.9320606475939416,23
station_v0_bogota_grid_load1.3__TD3_vanilla_extended_ts102__seed39__2022-03-05,station_v0_bogota_grid_load1.3,load1.3,TD3_vanilla_extended_ts102,39,2022-03-05,weekend,-1.1141227081704703,141,96,141,23,0.9320606475939416,1.0,27,1.1141227081704643,0.9320606475939416,23
station_v0_bogota_grid_load1.3__RoundRobin__seed40__2022-01-17,station_v0_bogota_grid_load1.3,load1.3,RoundRobin,40,2022-01-17,weekday,-1.8713199648515209,264,96,264,48,0.9294323770490784,1.0,27,1.8713199648515095,0.9294323770490784,48
station_v0_bogota_grid_load1.3__Optimal_Oracle_Tracking__seed40__2022-01-17,station_v0_bogota_grid_load1.3,load1.3,Optimal_Oracle_Tracking,40,2022-01-17,weekday,-1.843851628221072,264,96,264,48,0.9297758822495228,1.0,27,1.8438516282210609,0.9297758822495228,48
station_v0_bogota_grid_load1.3__MPC_TrackingG2V__seed40__2022-03-05,station_v0_bogota_grid_load1.3,load1.3,MPC_TrackingG2V,40,2022-03-05,weekend,-0.8496872591148661,132,96,132,25,0.9354694895458772,1.0,27,0.8496872591148605,0.9354694895458772,25
station_v0_bogota_grid_load1.3__ChargeAsFastAsPossible__seed41__2022-01-17,station_v0_bogota_grid_load1.3,load1.3,ChargeAsFastAsPossible,41,2022-01-17,weekday,-7.113993843741226,616,96,616,66,0.910150291184591,1.0,27,7.113993843741199,0.910150291184591,66
station_v0_bogota_grid_load1.3__TD3_vanilla_extended_ts102__seed41__2022-01-17,station_v0_bogota_grid_load1.3,load1.3,TD3_vanilla_extended_ts102,41,2022-01-17,weekday,-7.109744518910548,619,96,619,66,0.910150291184591,1.0,27,7.109744518910523,0.910150291184591,66
station_v0_bogota_grid_load1.3__RoundRobin__seed41__2022-03-05,station_v0_bogota_grid_load1.3,load1.3,RoundRobin,41,2022-03-05,weekend,-1.763913687891537,221,96,221,39,0.929425678573897,1.0,27,1.7639136878915274,0.929425678573897,39
station_v0_bogota_grid_load1.3__Optimal_Oracle_Tracking__seed41__2022-03-05,station_v0_bogota_grid_load1.3,load1.3,Optimal_Oracle_Tracking,41,2022-03-05,weekend,-1.7606151093926548,222,96,222,39,0.9295297871255136,1.0,27,1.7606151093926456,0.9295297871255136,39
station_v0_bogota_grid_load1.3__MPC_TrackingG2V__seed42__2022-01-17,station_v0_bogota_grid_load1.3,load1.3,MPC_TrackingG2V,42,2022-01-17,weekday,-3.782265712119942,387,96,387,55,0.9222736451791884,1.0,27,3.7822657121199255,0.9222736451791884,55
station_v0_bogota_grid_load1.3__ChargeAsFastAsPossible__seed42__2022-03-05,station_v0_bogota_grid_load1.3,load1.3,ChargeAsFastAsPossible,42,2022-03-05,weekend,-1.9033706200410927,222,96,222,33,0.9270989138550744,1.0,27,1.9033706200410836,0.9270989138550744,33
station_v0_bogota_grid_load1.3__TD3_vanilla_extended_ts102__seed42__2022-03-05,station_v0_bogota_grid_load1.3,load1.3,TD3_vanilla_extended_ts102,42,2022-03-05,weekend,-1.8945207365570091,219,96,219,33,0.9290950900315272,1.0,27,1.8945207365570005,0.9290950900315272,33
station_v0_bogota_grid_load1.3__RoundRobin__seed43__2022-01-17,station_v0_bogota_grid_load1.3,load1.3,RoundRobin,43,2022-01-17,weekday,-7.002304893465506,599,96,599,66,0.911658085211814,1.0,27,7.00230489346548,0.911658085211814,66
station_v0_bogota_grid_load1.3__Optimal_Oracle_Tracking__seed43__2022-01-17,station_v0_bogota_grid_load1.3,load1.3,Optimal_Oracle_Tracking,43,2022-01-17,weekday,-6.99865677525357,597,96,597,66,0.9118322780714508,1.0,27,6.9986567752535445,0.9118322780714508,66
station_v0_bogota_grid_load1.3__MPC_TrackingG2V__seed43__2022-03-05,station_v0_bogota_grid_load1.3,load1.3,MPC_TrackingG2V,43,2022-03-05,weekend,-1.3257404013340126,164,96,164,26,0.9318702778304496,1.0,27,1.3257404013340055,0.9318702778304496,26
station_v0_bogota_grid_load1.3__ChargeAsFastAsPossible__seed44__2022-01-17,station_v0_bogota_grid_load1.3,load1.3,ChargeAsFastAsPossible,44,2022-01-17,weekday,-8.589686050831638,618,96,618,70,0.9093157110084482,1.0,27,8.589686050831611,0.9093157110084482,70
station_v0_bogota_grid_load1.3__TD3_vanilla_extended_ts102__seed44__2022-01-17,station_v0_bogota_grid_load1.3,load1.3,TD3_vanilla_extended_ts102,44,2022-01-17,weekday,-8.577554143607,617,96,617,70,0.9093157110084482,1.0,27,8.577554143606973,0.9093157110084482,70
station_v0_bogota_grid_load1.3__RoundRobin__seed44__2022-03-05,station_v0_bogota_grid_load1.3,load1.3,RoundRobin,44,2022-03-05,weekend,-1.821444529218829,180,96,180,27,0.9291099337845952,1.0,27,1.8214445292188215,0.9291099337845952,27
station_v0_bogota_grid_load1.3__Optimal_Oracle_Tracking__seed44__2022-03-05,station_v0_bogota_grid_load1.3,load1.3,Optimal_Oracle_Tracking,44,2022-03-05,weekend,-1.835751452645688,180,96,180,27,0.9292270151482775,1.0,27,1.8357514526456804,0.9292270151482775,27
station_v0_bogota_grid_load1.3__MPC_TrackingG2V__seed45__2022-01-17,station_v0_bogota_grid_load1.3,load1.3,MPC_TrackingG2V,45,2022-01-17,weekday,-1.6425831130217294,213,96,213,33,0.923833291307918,1.0,27,1.6425831130217208,0.923833291307918,33
station_v0_bogota_grid_load1.3__ChargeAsFastAsPossible__seed45__2022-03-05,station_v0_bogota_grid_load1.3,load1.3,ChargeAsFastAsPossible,45,2022-03-05,weekend,-1.5887677325543987,216,96,216,40,0.9316043410007628,1.0,27,1.58876773255439,0.9316043410007628,40
station_v0_bogota_grid_load1.3__TD3_vanilla_extended_ts102__seed45__2022-03-05,station_v0_bogota_grid_load1.3,load1.3,TD3_vanilla_extended_ts102,45,2022-03-05,weekend,-1.5887677325543987,216,96,216,40,0.9316043410007628,1.0,27,1.58876773255439,0.9316043410007628,40
station_v0_bogota_grid_load1.3__RoundRobin__seed46__2022-01-17,station_v0_bogota_grid_load1.3,load1.3,RoundRobin,46,2022-01-17,weekday,-1.6493150052853849,203,96,203,30,0.9249526603657348,1.0,27,1.6493150052853762,0.9249526603657348,30
station_v0_bogota_grid_load1.3__Optimal_Oracle_Tracking__seed46__2022-01-17,station_v0_bogota_grid_load1.3,load1.3,Optimal_Oracle_Tracking,46,2022-01-17,weekday,-1.647911967368181,203,96,203,29,0.9247687957208156,1.0,27,1.6479119673681724,0.9247687957208156,29
station_v0_bogota_grid_load1.3__MPC_TrackingG2V__seed46__2022-03-05,station_v0_bogota_grid_load1.3,load1.3,MPC_TrackingG2V,46,2022-03-05,weekend,-1.5572527150255129,180,96,180,29,0.9304154231391808,1.0,27,1.5572527150255056,0.9304154231391808,29
station_v0_bogota_grid_load1.3__ChargeAsFastAsPossible__seed47__2022-01-17,station_v0_bogota_grid_load1.3,load1.3,ChargeAsFastAsPossible,47,2022-01-17,weekday,-4.23631465148914,408,96,408,54,0.9251164656197152,1.0,27,4.236314651489123,0.9251164656197152,54
station_v0_bogota_grid_load1.3__TD3_vanilla_extended_ts102__seed47__2022-01-17,station_v0_bogota_grid_load1.3,load1.3,TD3_vanilla_extended_ts102,47,2022-01-17,weekday,-4.232506759499114,408,96,408,54,0.9251164656197152,1.0,27,4.232506759499097,0.9251164656197152,54
station_v0_bogota_grid_load1.3__RoundRobin__seed47__2022-03-05,station_v0_bogota_grid_load1.3,load1.3,RoundRobin,47,2022-03-05,weekend,-1.4503966858195063,179,96,179,29,0.9333742714129776,1.0,27,1.450396685819499,0.9333742714129776,29
station_v0_bogota_grid_load1.3__Optimal_Oracle_Tracking__seed47__2022-03-05,station_v0_bogota_grid_load1.3,load1.3,Optimal_Oracle_Tracking,47,2022-03-05,weekend,-1.4630004756605262,180,96,180,28,0.9330676976617176,1.0,27,1.4630004756605186,0.9330676976617176,28
station_v0_bogota_grid_load1.3__MPC_TrackingG2V__seed48__2022-01-17,station_v0_bogota_grid_load1.3,load1.3,MPC_TrackingG2V,48,2022-01-17,weekday,-8.465196025685787,712,96,712,75,0.913777405875264,1.0,27,8.465196025685756,0.913777405875264,75
station_v0_bogota_grid_load1.3__ChargeAsFastAsPossible__seed48__2022-03-05,station_v0_bogota_grid_load1.3,load1.3,ChargeAsFastAsPossible,48,2022-03-05,weekend,-1.0505261503554228,145,96,145,25,0.9328074172806824,1.0,27,1.0505261503554169,0.9328074172806824,25
station_v0_bogota_grid_load1.3__TD3_vanilla_extended_ts102__seed48__2022-03-05,station_v0_bogota_grid_load1.3,load1.3,TD3_vanilla_extended_ts102,48,2022-03-05,weekend,-1.0505261503554228,145,96,145,25,0.9328074172806824,1.0,27,1.0505261503554169,0.9328074172806824,25
station_v0_bogota_grid_load1.3__RoundRobin__seed49__2022-01-17,station_v0_bogota_grid_load1.3,load1.3,RoundRobin,49,2022-01-17,weekday,-10.383973069977465,792,96,792,69,0.9056636927529008,1.0,27,10.38397306997743,0.9056636927529008,69
station_v0_bogota_grid_load1.3__Optimal_Oracle_Tracking__seed49__2022-01-17,station_v0_bogota_grid_load1.3,load1.3,Optimal_Oracle_Tracking,49,2022-01-17,weekday,-10.3784542990343,794,96,794,69,0.9057645794143532,1.0,27,10.378454299034267,0.9057645794143532,69
station_v0_bogota_grid_load1.3__MPC_TrackingG2V__seed49__2022-03-05,station_v0_bogota_grid_load1.3,load1.3,MPC_TrackingG2V,49,2022-03-05,weekend,-1.9526547197584632,177,96,177,25,0.9261139912852652,1.0,27,1.952654719758456,0.9261139912852652,25
station_v0_bogota_grid_load1.6__ChargeAsFastAsPossible__seed0__2022-01-17,station_v0_bogota_grid_load1.6,load1.6,ChargeAsFastAsPossible,0,2022-01-17,weekday,-8.164168049778086,717,96,717,68,0.9084370347774152,1.0,27,8.164168049778056,0.9084370347774152,68
station_v0_bogota_grid_load1.6__TD3_vanilla_extended_ts102__seed0__2022-01-17,station_v0_bogota_grid_load1.6,load1.6,TD3_vanilla_extended_ts102,0,2022-01-17,weekday,-8.158882554206546,718,96,718,68,0.9083359225340312,1.0,27,8.158882554206514,0.9083359225340312,68
station_v0_bogota_grid_load1.6__RoundRobin__seed0__2022-03-05,station_v0_bogota_grid_load1.6,load1.6,RoundRobin,0,2022-03-05,weekend,-3.4380505887549115,396,96,396,46,0.923094542402866,1.0,27,3.438050588754895,0.923094542402866,46
station_v0_bogota_grid_load1.6__Optimal_Oracle_Tracking__seed0__2022-03-05,station_v0_bogota_grid_load1.6,load1.6,Optimal_Oracle_Tracking,0,2022-03-05,weekend,-3.4499813022681187,395,96,395,46,0.9233293529265916,1.0,27,3.4499813022681014,0.9233293529265916,46
station_v0_bogota_grid_load1.6__MPC_TrackingG2V__seed1__2022-01-17,station_v0_bogota_grid_load1.6,load1.6,MPC_TrackingG2V,1,2022-01-17,weekday,-19.48521496128546,1149,96,1149,75,0.8858449156596849,1.0,27,19.485214961285408,0.8858449156596849,75
station_v0_bogota_grid_load1.6__ChargeAsFastAsPossible__seed1__2022-03-05,station_v0_bogota_grid_load1.6,load1.6,ChargeAsFastAsPossible,1,2022-03-05,weekend,-15.502004137576757,953,96,953,79,0.8946792039731668,1.0,27,15.502004137576709,0.8946792039731668,79
station_v0_bogota_grid_load1.6__TD3_vanilla_extended_ts102__seed1__2022-03-05,station_v0_bogota_grid_load1.6,load1.6,TD3_vanilla_extended_ts102,1,2022-03-05,weekend,-15.479735611521116,955,96,955,80,0.8946792039731668,1.0,27,15.479735611521072,0.8946792039731668,80
station_v0_bogota_grid_load1.6__RoundRobin__seed2__2022-01-17,station_v0_bogota_grid_load1.6,load1.6,RoundRobin,2,2022-01-17,weekday,-10.085247440957914,756,96,756,61,0.902639082312124,1.0,27,10.085247440957884,0.902639082312124,61
station_v0_bogota_grid_load1.6__Optimal_Oracle_Tracking__seed2__2022-01-17,station_v0_bogota_grid_load1.6,load1.6,Optimal_Oracle_Tracking,2,2022-01-17,weekday,-10.085285404291776,758,96,758,61,0.9028219403021396,1.0,27,10.085285404291744,0.9028219403021396,61
station_v0_bogota_grid_load1.6__MPC_TrackingG2V__seed2__2022-03-05,station_v0_bogota_grid_load1.6,load1.6,MPC_TrackingG2V,2,2022-03-05,weekend,-2.93476912054786,336,96,336,39,0.9259345847756764,1.0,27,2.934769120547846,0.9259345847756764,39
station_v0_bogota_grid_load1.6__ChargeAsFastAsPossible__seed3__2022-01-17,station_v0_bogota_grid_load1.6,load1.6,ChargeAsFastAsPossible,3,2022-01-17,weekday,-3.936913323292496,422,96,422,57,0.9167174995775974,1.0,27,3.93691332329248,0.9167174995775974,57
station_v0_bogota_grid_load1.6__TD3_vanilla_extended_ts102__seed3__2022-01-17,station_v0_bogota_grid_load1.6,load1.6,TD3_vanilla_extended_ts102,3,2022-01-17,weekday,-3.922218146760009,421,96,421,57,0.9167174995775974,1.0,27,3.9222181467599913,0.9167174995775974,57
station_v0_bogota_grid_load1.6__RoundRobin__seed3__2022-03-05,station_v0_bogota_grid_load1.6,load1.6,RoundRobin,3,2022-03-05,weekend,-13.435198795341089,1000,96,1000,74,0.9078543957101154,1.0,27,13.435198795341044,0.9078543957101154,74
station_v0_bogota_grid_load1.6__Optimal_Oracle_Tracking__seed3__2022-03-05,station_v0_bogota_grid_load1.6,load1.6,Optimal_Oracle_Tracking,3,2022-03-05,weekend,-13.436992889598272,1001,96,1001,74,0.9080475868600022,1.0,27,13.436992889598226,0.9080475868600022,74
station_v0_bogota_grid_load1.6__MPC_TrackingG2V__seed4__2022-01-17,station_v0_bogota_grid_load1.6,load1.6,MPC_TrackingG2V,4,2022-01-17,weekday,-5.138843695365639,506,96,506,59,0.9186963311919564,1.0,27,5.138843695365618,0.9186963311919564,59
station_v0_bogota_grid_load1.6__ChargeAsFastAsPossible__seed4__2022-03-05,station_v0_bogota_grid_load1.6,load1.6,ChargeAsFastAsPossible,4,2022-03-05,weekend,-15.562411768286848,980,96,980,80,0.8911344569308782,1.0,27,15.562411768286804,0.8911344569308782,80
station_v0_bogota_grid_load1.6__TD3_vanilla_extended_ts102__seed4__2022-03-05,station_v0_bogota_grid_load1.6,load1.6,TD3_vanilla_extended_ts102,4,2022-03-05,weekend,-15.525781080608477,979,96,979,80,0.8911344569308782,1.0,27,15.525781080608434,0.8911344569308782,80
station_v0_bogota_grid_load1.6__RoundRobin__seed5__2022-01-17,station_v0_bogota_grid_load1.6,load1.6,RoundRobin,5,2022-01-17,weekday,-18.746864701562497,1242,96,1242,79,0.8969308450101388,1.0,27,18.74686470156244,0.8969308450101388,79
station_v0_bogota_grid_load1.6__Optimal_Oracle_Tracking__seed5__2022-01-17,station_v0_bogota_grid_load1.6,load1.6,Optimal_Oracle_Tracking,5,2022-01-17,weekday,-18.740445891650094,1239,96,1239,79,0.8972015007907441,1.0,27,18.74044589165004,0.8972015007907441,79
station_v0_bogota_grid_load1.6__MPC_TrackingG2V__seed5__2022-03-05,station_v0_bogota_grid_load1.6,load1.6,MPC_TrackingG2V,5,2022-03-05,weekend,-4.686919319588937,404,96,404,42,0.9164364718959488,1.0,27,4.686919319588919,0.9164364718959488,42
station_v0_bogota_grid_load1.6__ChargeAsFastAsPossible__seed6__2022-01-17,station_v0_bogota_grid_load1.6,load1.6,ChargeAsFastAsPossible,6,2022-01-17,weekday,-22.79681661156193,1280,96,1280,78,0.8843346041021937,1.0,27,22.796816611561876,0.8843346041021937,78
station_v0_bogota_grid_load1.6__TD3_vanilla_extended_ts102__seed6__2022-01-17,station_v0_bogota_grid_load1.6,load1.6,TD3_vanilla_extended_ts102,6,2022-01-17,weekday,-22.77999788335336,1282,96,1282,78,0.8843346041021937,1.0,27,22.779997883353303,0.8843346041021937,78
station_v0_bogota_grid_load1.6__RoundRobin__seed6__2022-03-05,station_v0_bogota_grid_load1.6,load1.6,RoundRobin,6,2022-03-05,weekend,-20.089228921536435,1329,96,1329,81,0.9001085437805317,1.0,27,20.089228921536375,0.9001085437805317,81
station_v0_bogota_grid_load1.6__Optimal_Oracle_Tracking__seed6__2022-03-05,station_v0_bogota_grid_load1.6,load1.6,Optimal_Oracle_Tracking,6,2022-03-05,weekend,-20.09786532818371,1329,96,1329,81,0.9002254671892805,1.0,27,20.09786532818365,0.9002254671892805,81
station_v0_bogota_grid_load1.6__MPC_TrackingG2V__seed7__2022-01-17,station_v0_bogota_grid_load1.6,load1.6,MPC_TrackingG2V,7,2022-01-17,weekday,-17.706243704411147,1129,96,1129,70,0.8943471149558532,1.0,27,17.706243704411094,0.8943471149558532,70
station_v0_bogota_grid_load1.6__ChargeAsFastAsPossible__seed7__2022-03-05,station_v0_bogota_grid_load1.6,load1.6,ChargeAsFastAsPossible,7,2022-03-05,weekend,-1.9208757576884543,233,96,233,30,0.9282128926670258,1.0,27,1.9208757576884448,0.9282128926670258,30
station_v0_bogota_grid_load1.6__TD3_vanilla_extended_ts102__seed7__2022-03-05,station_v0_bogota_grid_load1.6,load1.6,TD3_vanilla_extended_ts102,7,2022-03-05,weekend,-1.930279188510296,230,96,230,29,0.9282128926670258,1.0,27,1.9302791885102863,0.9282128926670258,29
station_v0_bogota_grid_load1.6__RoundRobin__seed8__2022-01-17,station_v0_bogota_grid_load1.6,load1.6,RoundRobin,8,2022-01-17,weekday,-15.427332444231048,1050,96,1050,76,0.8996003944086507,1.0,27,15.427332444231,0.8996003944086507,76
station_v0_bogota_grid_load1.6__Optimal_Oracle_Tracking__seed8__2022-01-17,station_v0_bogota_grid_load1.6,load1.6,Optimal_Oracle_Tracking,8,2022-01-17,weekday,-15.42100837074681,1051,96,1051,76,0.900098809861253,1.0,27,15.421008370746764,0.900098809861253,76
station_v0_bogota_grid_load1.6__MPC_TrackingG2V__seed8__2022-03-05,station_v0_bogota_grid_load1.6,load1.6,MPC_TrackingG2V,8,2022-03-05,weekend,-8.193120377015617,668,96,668,69,0.9080599351870544,1.0,27,8.193120377015589,0.9080599351870544,69
station_v0_bogota_grid_load1.6__ChargeAsFastAsPossible__seed9__2022-01-17,station_v0_bogota_grid_load1.6,load1.6,ChargeAsFastAsPossible,9,2022-01-17,weekday,-10.415138615953026,783,96,783,69,0.9088016862592928,1.0,27,10.415138615952992,0.9088016862592928,69
station_v0_bogota_grid_load1.6__TD3_vanilla_extended_ts102__seed9__2022-01-17,station_v0_bogota_grid_load1.6,load1.6,TD3_vanilla_extended_ts102,9,2022-01-17,weekday,-10.390174943649734,776,96,776,69,0.9088016862592928,1.0,27,10.3901749436497,0.9088016862592928,69
station_v0_bogota_grid_load1.6__RoundRobin__seed9__2022-03-05,station_v0_bogota_grid_load1.6,load1.6,RoundRobin,9,2022-03-05,weekend,-2.867527300199301,322,96,322,43,0.9220706678994444,1.0,27,2.867527300199287,0.9220706678994444,43
station_v0_bogota_grid_load1.6__Optimal_Oracle_Tracking__seed9__2022-03-05,station_v0_bogota_grid_load1.6,load1.6,Optimal_Oracle_Tracking,9,2022-03-05,weekend,-2.898013075042852,323,96,323,43,0.9219733924174538,1.0,27,2.898013075042839,0.9219733924174538,43
station_v0_bogota_grid_load1.6__MPC_TrackingG2V__seed10__2022-01-17,station_v0_bogota_grid_load1.6,load1.6,MPC_TrackingG2V,10,2022-01-17,weekday,-5.507575778019419,529,96,529,51,0.9119679857625216,1.0,27,5.507575778019397,0.9119679857625216,51
station_v0_bogota_grid_load1.6__ChargeAsFastAsPossible__seed10__2022-03-05,station_v0_bogota_grid_load1.6,load1.6,ChargeAsFastAsPossible,10,2022-03-05,weekend,-19.156586986875396,1323,96,1323,96,0.8962592574013596,1.0,27,19.156586986875336,0.8962592574013596,96
station_v0_bogota_grid_load1.6__TD3_vanilla_extended_ts102__seed10__2022-03-05,station_v0_bogota_grid_load1.6,load1.6,TD3_vanilla_extended_ts102,10,2022-03-05,weekend,-19.15406210753885,1320,96,1320,96,0.8962592574013596,1.0,27,19.1540621075388,0.8962592574013596,96
station_v0_bogota_grid_load1.6__RoundRobin__seed11__2022-01-17,station_v0_bogota_grid_load1.6,load1.6,RoundRobin,11,2022-01-17,weekday,-6.918856012907448,606,96,606,64,0.9173782568940788,1.0,27,6.918856012907423,0.9173782568940788,64
station_v0_bogota_grid_load1.6__Optimal_Oracle_Tracking__seed11__2022-01-17,station_v0_bogota_grid_load1.6,load1.6,Optimal_Oracle_Tracking,11,2022-01-17,weekday,-6.898895535952145,607,96,607,64,0.9176063776468782,1.0,27,6.8988955359521205,0.9176063776468782,64
station_v0_bogota_grid_load1.6__MPC_TrackingG2V__seed11__2022-03-05,station_v0_bogota_grid_load1.6,load1.6,MPC_TrackingG2V,11,2022-03-05,weekend,-4.157485519794979,358,96,358,32,0.9192786981471928,1.0,27,4.157485519794964,0.9192786981471928,32
station_v0_bogota_grid_load1.6__ChargeAsFastAsPossible__seed12__2022-01-17,station_v0_bogota_grid_load1.6,load1.6,ChargeAsFastAsPossible,12,2022-01-17,weekday,-19.213068377439267,1233,96,1233,76,0.890761523778844,1.0,27,19.21306837743921,0.890761523778844,76
station_v0_bogota_grid_load1.6__TD3_vanilla_extended_ts102__seed12__2022-01-17,station_v0_bogota_grid_load1.6,load1.6,TD3_vanilla_extended_ts102,12,2022-01-17,weekday,-19.204129959323293,1234,96,1234,76,0.890761523778844,1.0,27,19.204129959323243,0.890761523778844,76
station_v0_bogota_grid_load1.6__RoundRobin__seed12__2022-03-05,station_v0_bogota_grid_load1.6,load1.6,RoundRobin,12,2022-03-05,weekend,-1.2828321837410614,219,96,219,26,0.9336855407891914,1.0,27,1.2828321837410523,0.9336855407891914,26
station_v0_bogota_grid_load1.6__Optimal_Oracle_Tracking__seed12__2022-03-05,station_v0_bogota_grid_load1.6,load1.6,Optimal_Oracle_Tracking,12,2022-03-05,weekend,-1.2892202340427117,218,96,218,26,0.9339393953147068,1.0,27,1.2892202340427024,0.9339393953147068,26
station_v0_bogota_grid_load1.6__MPC_TrackingG2V__seed13__2022-01-17,station_v0_bogota_grid_load1.6,load1.6,MPC_TrackingG2V,13,2022-01-17,weekday,-11.999512564505205,968,96,968,75,0.901479172784774,1.0,27,11.999512564505162,0.901479172784774,75
station_v0_bogota_grid_load1.6__ChargeAsFastAsPossible__seed13__2022-03-05,station_v0_bogota_grid_load1.6,load1.6,ChargeAsFastAsPossible,13,2022-03-05,weekend,-9.440694361086134,810,96,810,73,0.9103198273857284,1.0,27,9.4406943610861,0.9103198273857284,73
station_v0_bogota_grid_load1.6__TD3_vanilla_extended_ts102__seed13__2022-03-05,station_v0_bogota_grid_load1.6,load1.6,TD3_vanilla_extended_ts102,13,2022-03-05,weekend,-9.441816983418729,810,96,810,73,0.9103198273857284,1.0,27,9.441816983418695,0.9103198273857284,73
station_v0_bogota_grid_load1.6__RoundRobin__seed14__2022-01-17,station_v0_bogota_grid_load1.6,load1.6,RoundRobin,14,2022-01-17,weekday,-11.911496119962308,882,96,882,69,0.9074970875127466,1.0,27,11.91149611996227,0.9074970875127466,69
station_v0_bogota_grid_load1.6__Optimal_Oracle_Tracking__seed14__2022-01-17,station_v0_bogota_grid_load1.6,load1.6,Optimal_Oracle_Tracking,14,2022-01-17,weekday,-11.89341693534867,881,96,881,69,0.907563023037587,1.0,27,11.893416935348634,0.907563023037587,69
station_v0_bogota_grid_load1.6__MPC_TrackingG2V__seed14__2022-03-05,station_v0_bogota_grid_load1.6,load1.6,MPC_TrackingG2V,14,2022-03-05,weekend,-8.502040652483904,625,96,625,55,0.9035346031119634,1.0,27,8.50204065248388,0.9035346031119634,55
station_v0_bogota_grid_load1.6__ChargeAsFastAsPossible__seed15__2022-01-17,station_v0_bogota_grid_load1.6,load1.6,ChargeAsFastAsPossible,15,2022-01-17,weekday,-20.71778269112071,1259,96,1259,93,0.8860082597423403,1.0,27,20.71778269112065,0.8860082597423403,93
station_v0_bogota_grid_load1.6__TD3_vanilla_extended_ts102__seed15__2022-01-17,station_v0_bogota_grid_load1.6,load1.6,TD3_vanilla_extended_ts102,15,2022-01-17,weekday,-20.71779644446808,1259,96,1259,93,0.8838098394811201,1.0,27,20.71779644446801,0.8838098394811201,93
station_v0_bogota_grid_load1.6__RoundRobin__seed15__2022-03-05,station_v0_bogota_grid_load1.6,load1.6,RoundRobin,15,2022-03-05,weekend,-19.738022423872447,1296,96,1296,79,0.8982738648176122,1.0,27,19.73802242387239,0.8982738648176122,79
station_v0_bogota_grid_load1.6__Optimal_Oracle_Tracking__seed15__2022-03-05,station_v0_bogota_grid_load1.6,load1.6,Optimal_Oracle_Tracking,15,2022-03-05,weekend,-19.74211605867273,1296,96,1296,79,0.8985410185508511,1.0,27,19.742116058672668,0.8985410185508511,79
station_v0_bogota_grid_load1.6__MPC_TrackingG2V__seed16__2022-01-17,station_v0_bogota_grid_load1.6,load1.6,MPC_TrackingG2V,16,2022-01-17,weekday,-10.526649444306283,885,96,885,67,0.9063963066285,1.0,27,10.526649444306244,0.9063963066285,67
station_v0_bogota_grid_load1.6__ChargeAsFastAsPossible__seed16__2022-03-05,station_v0_bogota_grid_load1.6,load1.6,ChargeAsFastAsPossible,16,2022-03-05,weekend,-6.470628134456412,547,96,547,52,0.9062891003992573,1.0,27,6.47062813445639,0.9062891003992573,52
station_v0_bogota_grid_load1.6__TD3_vanilla_extended_ts102__seed16__2022-03-05,station_v0_bogota_grid_load1.6,load1.6,TD3_vanilla_extended_ts102,16,2022-03-05,weekend,-6.467674258795807,547,96,547,52,0.9072383034891178,1.0,27,6.467674258795784,0.9072383034891178,52
station_v0_bogota_grid_load1.6__RoundRobin__seed17__2022-01-17,station_v0_bogota_grid_load1.6,load1.6,RoundRobin,17,2022-01-17,weekday,-10.512841452418307,860,96,860,65,0.9036347181346394,1.0,27,10.512841452418272,0.9036347181346394,65
station_v0_bogota_grid_load1.6__Optimal_Oracle_Tracking__seed17__2022-01-17,station_v0_bogota_grid_load1.6,load1.6,Optimal_Oracle_Tracking,17,2022-01-17,weekday,-10.510076369452404,860,96,860,65,0.9031768174838356,1.0,27,10.51007636945237,0.9031768174838356,65
station_v0_bogota_grid_load1.6__MPC_TrackingG2V__seed17__2022-03-05,station_v0_bogota_grid_load1.6,load1.6,MPC_TrackingG2V,17,2022-03-05,weekend,-3.942299864515552,413,96,413,49,0.9183252804555848,1.0,27,3.9422998645155354,0.9183252804555848,49
station_v0_bogota_grid_load1.6__ChargeAsFastAsPossible__seed18__2022-01-17,station_v0_bogota_grid_load1.6,load1.6,ChargeAsFastAsPossible,18,2022-01-17,weekday,-19.957444313436028,1254,96,1254,88,0.8862062563507968,1.0,27,19.95744431343597,0.8862062563507968,88
station_v0_bogota_grid_load1.6__TD3_vanilla_extended_ts102__seed18__2022-01-17,station_v0_bogota_grid_load1.6,load1.6,TD3_vanilla_extended_ts102,18,2022-01-17,weekday,-19.9438742856306,1256,96,1256,88,0.8862062563507968,1.0,27,19.94387428563054,0.8862062563507968,88
station_v0_bogota_grid_load1.6__RoundRobin__seed18__2022-03-05,station_v0_bogota_grid_load1.6,load1.6,RoundRobin,18,2022-03-05,weekend,-6.673211554962929,646,96,646,71,0.9138128850023678,1.0,27,6.673211554962903,0.9138128850023678,71
station_v0_bogota_grid_load1.6__Optimal_Oracle_Tracking__seed18__2022-03-05,station_v0_bogota_grid_load1.6,load1.6,Optimal_Oracle_Tracking,18,2022-03-05,weekend,-6.680882288628126,647,96,647,71,0.9140505427934889,1.0,27,6.6808822886281,0.9140505427934889,71
station_v0_bogota_grid_load1.6__MPC_TrackingG2V__seed19__2022-01-17,station_v0_bogota_grid_load1.6,load1.6,MPC_TrackingG2V,19,2022-01-17,weekday,-22.46819906600756,1265,96,1265,72,0.878235861163822,1.0,27,22.468199066007507,0.878235861163822,72
station_v0_bogota_grid_load1.6__ChargeAsFastAsPossible__seed19__2022-03-05,station_v0_bogota_grid_load1.6,load1.6,ChargeAsFastAsPossible,19,2022-03-05,weekend,-2.793108227995418,305,96,305,47,0.9205020206317946,1.0,27,2.793108227995405,0.9205020206317946,47
station_v0_bogota_grid_load1.6__TD3_vanilla_extended_ts102__seed19__2022-03-05,station_v0_bogota_grid_load1.6,load1.6,TD3_vanilla_extended_ts102,19,2022-03-05,weekend,-2.785036874764652,298,96,298,47,0.9227443041420412,1.0,27,2.7850368747646392,0.9227443041420412,47
station_v0_bogota_grid_load1.6__RoundRobin__seed20__2022-01-17,station_v0_bogota_grid_load1.6,load1.6,RoundRobin,20,2022-01-17,weekday,-22.798111235515652,1375,96,1375,95,0.8890695930391601,1.0,27,22.79811123551559,0.8890695930391601,95
station_v0_bogota_grid_load1.6__Optimal_Oracle_Tracking__seed20__2022-01-17,station_v0_bogota_grid_load1.6,load1.6,Optimal_Oracle_Tracking,20,2022-01-17,weekday,-22.79031828404159,1377,96,1377,95,0.8893310941262931,1.0,27,22.79031828404153,0.8893310941262931,95
station_v0_bogota_grid_load1.6__MPC_TrackingG2V__seed20__2022-03-05,station_v0_bogota_grid_load1.6,load1.6,MPC_TrackingG2V,20,2022-03-05,weekend,-2.8000399029148766,259,96,259,27,0.9204406931924314,1.0,27,2.800039902914865,0.9204406931924314,27
station_v0_bogota_grid_load1.6__ChargeAsFastAsPossible__seed21__2022-01-17,station_v0_bogota_grid_load1.6,load1.6,ChargeAsFastAsPossible,21,2022-01-17,weekday,-16.0615958748972,1007,96,1007,72,0.8945380082795191,1.0,27,16.061595874897154,0.8945380082795191,72
station_v0_bogota_grid_load1.6__TD3_vanilla_extended_ts102__seed21__2022-01-17,station_v0_bogota_grid_load1.6,load1.6,TD3_vanilla_extended_ts102,21,2022-01-17,weekday,-16.028608833564753,1010,96,1010,72,0.8949738480279561,1.0,27,16.02860883356471,0.8949738480279561,72
station_v0_bogota_grid_load1.6__RoundRobin__seed21__2022-03-05,station_v0_bogota_grid_load1.6,load1.6,RoundRobin,21,2022-03-05,weekend,-12.708388816057646,922,96,922,87,0.8984441770732858,1.0,27,12.708388816057605,0.8984441770732858,87
station_v0_bogota_grid_load1.6__Optimal_Oracle_Tracking__seed21__2022-03-05,station_v0_bogota_grid_load1.6,load1.6,Optimal_Oracle_Tracking,21,2022-03-05,weekend,-12.70700003338046,921,96,921,87,0.8987691914869228,1.0,27,12.70700003338042,0.8987691914869228,87
station_v0_bogota_grid_load1.6__MPC_TrackingG2V__seed22__2022-01-17,station_v0_bogota_grid_load1.6,load1.6,MPC_TrackingG2V,22,2022-01-17,weekday,-14.31028316653108,1121,96,1121,88,0.9043905041492462,1.0,27,14.310283166531027,0.9043905041492462,88
station_v0_bogota_grid_load1.6__ChargeAsFastAsPossible__seed22__2022-03-05,station_v0_bogota_grid_load1.6,load1.6,ChargeAsFastAsPossible,22,2022-03-05,weekend,-8.023282383164984,695,96,695,71,0.9094393470321857,1.0,27,8.023282383164954,0.9094393470321857,71
station_v0_bogota_grid_load1.6__TD3_vanilla_extended_ts102__seed22__2022-03-05,station_v0_bogota_grid_load1.6,load1.6,TD3_vanilla_extended_ts102,22,2022-03-05,weekend,-8.020651840025254,694,96,694,71,0.9094393470321857,1.0,27,8.020651840025225,0.9094393470321857,71
station_v0_bogota_grid_load1.6__RoundRobin__seed23__2022-01-17,station_v0_bogota_grid_load1.6,load1.6,RoundRobin,23,2022-01-17,weekday,-18.751713521450515,1253,96,1253,96,0.8909433986741857,1.0,27,18.751713521450466,0.8909433986741857,96
station_v0_bogota_grid_load1.6__Optimal_Oracle_Tracking__seed23__2022-01-17,station_v0_bogota_grid_load1.6,load1.6,Optimal_Oracle_Tracking,23,2022-01-17,weekday,-18.748979887867588,1252,96,1252,96,0.8912366932034214,1.0,27,18.748979887867527,0.8912366932034214,96
station_v0_bogota_grid_load1.6__MPC_TrackingG2V__seed23__2022-03-05,station_v0_bogota_grid_load1.6,load1.6,MPC_TrackingG2V,23,2022-03-05,weekend,-3.783586310466083,361,96,361,46,0.92305745879817,1.0,27,3.783586310466068,0.92305745879817,46
station_v0_bogota_grid_load1.6__ChargeAsFastAsPossible__seed24__2022-01-17,station_v0_bogota_grid_load1.6,load1.6,ChargeAsFastAsPossible,24,2022-01-17,weekday,-17.980348840659108,1060,96,1060,76,0.8937373742096912,1.0,27,17.980348840659065,0.8937373742096912,76
station_v0_bogota_grid_load1.6__TD3_vanilla_extended_ts102__seed24__2022-01-17,station_v0_bogota_grid_load1.6,load1.6,TD3_vanilla_extended_ts102,24,2022-01-17,weekday,-17.975649094193763,1057,96,1057,76,0.8937373742096912,1.0,27,17.975649094193713,0.8937373742096912,76
station_v0_bogota_grid_load1.6__RoundRobin__seed24__2022-03-05,station_v0_bogota_grid_load1.6,load1.6,RoundRobin,24,2022-03-05,weekend,-5.844646593498417,543,96,543,58,0.9131992177583804,1.0,27,5.844646593498394,0.9131992177583804,58
station_v0_bogota_grid_load1.6__Optimal_Oracle_Tracking__seed24__2022-03-05,station_v0_bogota_grid_load1.6,load1.6,Optimal_Oracle_Tracking,24,2022-03-05,weekend,-5.851172582623537,547,96,547,59,0.913480570861622,1.0,27,5.851172582623516,0.913480570861622,59
station_v0_bogota_grid_load1.6__MPC_TrackingG2V__seed25__2022-01-17,station_v0_bogota_grid_load1.6,load1.6,MPC_TrackingG2V,25,2022-01-17,weekday,-4.617569552790959,444,96,444,60,0.9131118337880164,1.0,27,4.6175695527909415,0.9131118337880164,60
station_v0_bogota_grid_load1.6__ChargeAsFastAsPossible__seed25__2022-03-05,station_v0_bogota_grid_load1.6,load1.6,ChargeAsFastAsPossible,25,2022-03-05,weekend,-10.441582154279851,705,96,705,57,0.8956654946388245,1.0,27,10.44158215427982,0.8956654946388245,57
station_v0_bogota_grid_load1.6__TD3_vanilla_extended_ts102__seed25__2022-03-05,station_v0_bogota_grid_load1.6,load1.6,TD3_vanilla_extended_ts102,25,2022-03-05,weekend,-10.44480792108912,707,96,707,57,0.8967266300668798,1.0,27,10.444807921089092,0.8967266300668798,57
station_v0_bogota_grid_load1.6__RoundRobin__seed26__2022-01-17,station_v0_bogota_grid_load1.6,load1.6,RoundRobin,26,2022-01-17,weekday,-20.68029493375268,1328,96,1328,96,0.894244075045146,1.0,27,20.68029493375262,0.894244075045146,96
station_v0_bogota_grid_load1.6__Optimal_Oracle_Tracking__seed26__2022-01-17,station_v0_bogota_grid_load1.6,load1.6,Optimal_Oracle_Tracking,26,2022-01-17,weekday,-20.67102881533099,1329,96,1329,96,0.894427875394849,1.0,27,20.671028815330928,0.894427875394849,96
station_v0_bogota_grid_load1.6__MPC_TrackingG2V__seed26__2022-03-05,station_v0_bogota_grid_load1.6,load1.6,MPC_TrackingG2V,26,2022-03-05,weekend,-2.8673998209905824,295,96,295,33,0.9209647668182628,1.0,27,2.86739982099057,0.9209647668182628,33
station_v0_bogota_grid_load1.6__ChargeAsFastAsPossible__seed27__2022-01-17,station_v0_bogota_grid_load1.6,load1.6,ChargeAsFastAsPossible,27,2022-01-17,weekday,-12.946915232395238,999,96,999,69,0.902882827800055,1.0,27,12.946915232395195,0.902882827800055,69
station_v0_bogota_grid_load1.6__TD3_vanilla_extended_ts102__seed27__2022-01-17,station_v0_bogota_grid_load1.6,load1.6,TD3_vanilla_extended_ts102,27,2022-01-17,weekday,-12.933531730319771,1000,96,1000,69,0.904194711686775,1.0,27,12.933531730319729,0.904194711686775,69
station_v0_bogota_grid_load1.6__RoundRobin__seed27__2022-03-05,station_v0_bogota_grid_load1.6,load1.6,RoundRobin,27,2022-03-05,weekend,-2.902562503259804,326,96,326,51,0.9243952609962294,1.0,27,2.902562503259791,0.9243952609962294,51
station_v0_bogota_grid_load1.6__Optimal_Oracle_Tracking__seed27__2022-03-05,station_v0_bogota_grid_load1.6,load1.6,Optimal_Oracle_Tracking,27,2022-03-05,weekend,-2.8994079399637256,324,96,324,51,0.9248094901378594,1.0,27,2.8994079399637123,0.9248094901378594,51
station_v0_bogota_grid_load1.6__MPC_TrackingG2V__seed28__2022-01-17,station_v0_bogota_grid_load1.6,load1.6,MPC_TrackingG2V,28,2022-01-17,weekday,-4.150557527296523,419,96,419,49,0.9167139777511693,1.0,27,4.150557527296505,0.9167139777511693,49
station_v0_bogota_grid_load1.6__ChargeAsFastAsPossible__seed28__2022-03-05,station_v0_bogota_grid_load1.6,load1.6,ChargeAsFastAsPossible,28,2022-03-05,weekend,-3.1150487700242446,343,96,343,52,0.9230003286663384,1.0,27,3.115048770024229,0.9230003286663384,52
station_v0_bogota_grid_load1.6__TD3_vanilla_extended_ts102__seed28__2022-03-05,station_v0_bogota_grid_load1.6,load1.6,TD3_vanilla_extended_ts102,28,2022-03-05,weekend,-3.113810786132538,341,96,341,52,0.9250996533490592,1.0,27,3.1138107861325235,0.9250996533490592,52
station_v0_bogota_grid_load1.6__RoundRobin__seed29__2022-01-17,station_v0_bogota_grid_load1.6,load1.6,RoundRobin,29,2022-01-17,weekday,-14.61212471092582,931,96,931,69,0.8875796507486334,1.0,27,14.61212471092578,0.8875796507486334,69
station_v0_bogota_grid_load1.6__Optimal_Oracle_Tracking__seed29__2022-01-17,station_v0_bogota_grid_load1.6,load1.6,Optimal_Oracle_Tracking,29,2022-01-17,weekday,-14.606587904864526,932,96,932,69,0.8879461560872697,1.0,27,14.606587904864488,0.8879461560872697,69
station_v0_bogota_grid_load1.6__MPC_TrackingG2V__seed29__2022-03-05,station_v0_bogota_grid_load1.6,load1.6,MPC_TrackingG2V,29,2022-03-05,weekend,-11.30490162146966,777,96,777,77,0.8938138243655491,1.0,27,11.304901621469623,0.8938138243655491,77
station_v0_bogota_grid_load1.6__ChargeAsFastAsPossible__seed30__2022-01-17,station_v0_bogota_grid_load1.6,load1.6,ChargeAsFastAsPossible,30,2022-01-17,weekday,-3.4427365008323267,381,96,381,56,0.9187690182607908,1.0,27,3.4427365008323108,0.9187690182607908,56
station_v0_bogota_grid_load1.6__TD3_vanilla_extended_ts102__seed30__2022-01-17,station_v0_bogota_grid_load1.6,load1.6,TD3_vanilla_extended_ts102,30,2022-01-17,weekday,-3.423105662057714,383,96,383,56,0.9187736917323588,1.0,27,3.423105662057698,0.9187736917323588,56
station_v0_bogota_grid_load1.6__RoundRobin__seed30__2022-03-05,station_v0_bogota_grid_load1.6,load1.6,RoundRobin,30,2022-03-05,weekend,-6.7264342020658034,579,96,579,60,0.9100296438447096,1.0,27,6.72643420206578,0.9100296438447096,60
station_v0_bogota_grid_load1.6__Optimal_Oracle_Tracking__seed30__2022-03-05,station_v0_bogota_grid_load1.6,load1.6,Optimal_Oracle_Tracking,30,2022-03-05,weekend,-6.724116855039532,577,96,577,60,0.910282137882116,1.0,27,6.724116855039508,0.910282137882116,60
station_v0_bogota_grid_load1.6__MPC_TrackingG2V__seed31__2022-01-17,station_v0_bogota_grid_load1.6,load1.6,MPC_TrackingG2V,31,2022-01-17,weekday,-8.875971564236185,788,96,788,86,0.9075502268341172,1.0,27,8.87597156423615,0.9075502268341172,86
station_v0_bogota_grid_load1.6__ChargeAsFastAsPossible__seed31__2022-03-05,station_v0_bogota_grid_load1.6,load1.6,ChargeAsFastAsPossible,31,2022-03-05,weekend,-1.369899396384862,191,96,191,36,0.9333109995450628,1.0,27,1.369899396384854,0.9333109995450628,36
station_v0_bogota_grid_load1.6__TD3_vanilla_extended_ts102__seed31__2022-03-05,station_v0_bogota_grid_load1.6,load1.6,TD3_vanilla_extended_ts102,31,2022-03-05,weekend,-1.3698534282834691,191,96,191,36,0.9333109995450628,1.0,27,1.3698534282834611,0.9333109995450628,36
station_v0_bogota_grid_load1.6__RoundRobin__seed32__2022-01-17,station_v0_bogota_grid_load1.6,load1.6,RoundRobin,32,2022-01-17,weekday,-15.234076555599438,992,96,992,75,0.8990338928691114,1.0,27,15.234076555599394,0.8990338928691114,75
station_v0_bogota_grid_load1.6__Optimal_Oracle_Tracking__seed32__2022-01-17,station_v0_bogota_grid_load1.6,load1.6,Optimal_Oracle_Tracking,32,2022-01-17,weekday,-15.2223278859681,988,96,988,75,0.8993118769134171,1.0,27,15.222327885968056,0.8993118769134171,75
station_v0_bogota_grid_load1.6__MPC_TrackingG2V__seed32__2022-03-05,station_v0_bogota_grid_load1.6,load1.6,MPC_TrackingG2V,32,2022-03-05,weekend,-1.893462531299876,259,96,259,27,0.9293228265297514,1.0,27,1.893462531299865,0.9293228265297514,27
station_v0_bogota_grid_load1.6__ChargeAsFastAsPossible__seed33__2022-01-17,station_v0_bogota_grid_load1.6,load1.6,ChargeAsFastAsPossible,33,2022-01-17,weekday,-12.417948204991552,916,96,916,76,0.9009791879790876,1.0,27,12.417948204991514,0.9009791879790876,76
station_v0_bogota_grid_load1.6__TD3_vanilla_extended_ts102__seed33__2022-01-17,station_v0_bogota_grid_load1.6,load1.6,TD3_vanilla_extended_ts102,33,2022-01-17,weekday,-12.395390243155957,913,96,913,76,0.9009791879790876,1.0,27,12.395390243155916,0.9009791879790876,76
station_v0_bogota_grid_load1.6__RoundRobin__seed33__2022-03-05,station_v0_bogota_grid_load1.6,load1.6,RoundRobin,33,2022-03-05,weekend,-6.032871742554094,582,96,582,62,0.9149678503779636,1.0,27,6.03287174255407,0.9149678503779636,62
station_v0_bogota_grid_load1.6__Optimal_Oracle_Tracking__seed33__2022-03-05,station_v0_bogota_grid_load1.6,load1.6,Optimal_Oracle_Tracking,33,2022-03-05,weekend,-6.036177839993718,584,96,584,62,0.9145278333925148,1.0,27,6.036177839993693,0.9145278333925148,62
station_v0_bogota_grid_load1.6__MPC_TrackingG2V__seed34__2022-01-17,station_v0_bogota_grid_load1.6,load1.6,MPC_TrackingG2V,34,2022-01-17,weekday,-8.875179082954647,877,96,877,70,0.9129546076247116,1.0,27,8.87517908295461,0.9129546076247116,70
station_v0_bogota_grid_load1.6__ChargeAsFastAsPossible__seed34__2022-03-05,station_v0_bogota_grid_load1.6,load1.6,ChargeAsFastAsPossible,34,2022-03-05,weekend,-12.620409428890651,827,96,827,75,0.8917343203403105,1.0,27,12.62040942889062,0.8917343203403105,75
station_v0_bogota_grid_load1.6__TD3_vanilla_extended_ts102__seed34__2022-03-05,station_v0_bogota_grid_load1.6,load1.6,TD3_vanilla_extended_ts102,34,2022-03-05,weekend,-12.623330540091771,826,96,826,75,0.8917343203403105,1.0,27,12.623330540091736,0.8917343203403105,75
station_v0_bogota_grid_load1.6__RoundRobin__seed35__2022-01-17,station_v0_bogota_grid_load1.6,load1.6,RoundRobin,35,2022-01-17,weekday,-4.184786800044464,447,96,447,50,0.9186911689614148,1.0,27,4.184786800044444,0.9186911689614148,50
station_v0_bogota_grid_load1.6__Optimal_Oracle_Tracking__seed35__2022-01-17,station_v0_bogota_grid_load1.6,load1.6,Optimal_Oracle_Tracking,35,2022-01-17,weekday,-4.152410819512759,444,96,444,50,0.9188961728081346,1.0,27,4.15241081951274,0.9188961728081346,50
station_v0_bogota_grid_load1.6__MPC_TrackingG2V__seed35__2022-03-05,station_v0_bogota_grid_load1.6,load1.6,MPC_TrackingG2V,35,2022-03-05,weekend,-10.878640127685737,828,96,828,72,0.9023360726105244,1.0,27,10.878640127685696,0.9023360726105244,72
station_v0_bogota_grid_load1.6__ChargeAsFastAsPossible__seed36__2022-01-17,station_v0_bogota_grid_load1.6,load1.6,ChargeAsFastAsPossible,36,2022-01-17,weekday,-14.857161223496622,1073,96,1073,73,0.9046459462946492,1.0,27,14.857161223496576,0.9046459462946492,73
station_v0_bogota_grid_load1.6__TD3_vanilla_extended_ts102__seed36__2022-01-17,station_v0_bogota_grid_load1.6,load1.6,TD3_vanilla_extended_ts102,36,2022-01-17,weekday,-14.84527559194359,1072,96,1072,73,0.9046459462946492,1.0,27,14.845275591943544,0.9046459462946492,73
station_v0_bogota_grid_load1.6__RoundRobin__seed36__2022-03-05,station_v0_bogota_grid_load1.6,load1.6,RoundRobin,36,2022-03-05,weekend,-11.152340929495068,748,96,748,60,0.8998690644406492,1.0,27,11.152340929495036,0.8998690644406492,60
station_v0_bogota_grid_load1.6__Optimal_Oracle_Tracking__seed36__2022-03-05,station_v0_bogota_grid_load1.6,load1.6,Optimal_Oracle_Tracking,36,2022-03-05,weekend,-11.165729639729602,748,96,748,60,0.8994423768442666,1.0,27,11.16572963972957,0.8994423768442666,60
station_v0_bogota_grid_load1.6__MPC_TrackingG2V__seed37__2022-01-17,station_v0_bogota_grid_load1.6,load1.6,MPC_TrackingG2V,37,2022-01-17,weekday,-13.262096936072645,978,96,978,82,0.9034952081947464,1.0,27,13.262096936072602,0.9034952081947464,82
station_v0_bogota_grid_load1.6__ChargeAsFastAsPossible__seed37__2022-03-05,station_v0_bogota_grid_load1.6,load1.6,ChargeAsFastAsPossible,37,2022-03-05,weekend,-9.164819188344785,764,96,764,83,0.9002995740236408,1.0,27,9.164819188344753,0.9002995740236408,83
station_v0_bogota_grid_load1.6__TD3_vanilla_extended_ts102__seed37__2022-03-05,station_v0_bogota_grid_load1.6,load1.6,TD3_vanilla_extended_ts102,37,2022-03-05,weekend,-9.159526259121154,763,96,763,83,0.9002995740236408,1.0,27,9.159526259121122,0.9002995740236408,83
station_v0_bogota_grid_load1.6__RoundRobin__seed38__2022-01-17,station_v0_bogota_grid_load1.6,load1.6,RoundRobin,38,2022-01-17,weekday,-11.855182061237596,1018,96,1018,71,0.905997634590981,1.0,27,11.855182061237551,0.905997634590981,71
station_v0_bogota_grid_load1.6__Optimal_Oracle_Tracking__seed38__2022-01-17,station_v0_bogota_grid_load1.6,load1.6,Optimal_Oracle_Tracking,38,2022-01-17,weekday,-11.846191319577123,1021,96,1021,71,0.9062182611785676,1.0,27,11.84619131957708,0.9062182611785676,71
station_v0_bogota_grid_load1.6__MPC_TrackingG2V__seed38__2022-03-05,station_v0_bogota_grid_load1.6,load1.6,MPC_TrackingG2V,38,2022-03-05,weekend,-3.187414596532311,360,96,360,40,0.923765123479526,1.0,27,3.1874145965322964,0.923765123479526,40
station_v0_bogota_grid_load1.6__ChargeAsFastAsPossible__seed39__2022-01-17,station_v0_bogota_grid_load1.6,load1.6,ChargeAsFastAsPossible,39,2022-01-17,weekday,-9.41550084251824,700,96,700,67,0.9072630568449817,1.0,27,9.41550084251821,0.9072630568449817,67
station_v0_bogota_grid_load1.6__TD3_vanilla_extended_ts102__seed39__2022-01-17,station_v0_bogota_grid_load1.6,load1.6,TD3_vanilla_extended_ts102,39,2022-01-17,weekday,-9.408066739466046,699,96,699,67,0.9068498404964416,1.0,27,9.408066739466015,0.9068498404964416,67
station_v0_bogota_grid_load1.6__RoundRobin__seed39__2022-03-05,station_v0_bogota_grid_load1.6,load1.6,RoundRobin,39,2022-03-05,weekend,-4.393411419213535,415,96,415,51,0.9150643454358592,1.0,27,4.393411419213519,0.9150643454358592,51
station_v0_bogota_grid_load1.6__Optimal_Oracle_Tracking__seed39__2022-03-05,station_v0_bogota_grid_load1.6,load1.6,Optimal_Oracle_Tracking,39,2022-03-05,weekend,-4.410866364111721,415,96,415,51,0.9153242955129368,1.0,27,4.410866364111704,0.9153242955129368,51
station_v0_bogota_grid_load1.6__MPC_TrackingG2V__seed40__2022-01-17,station_v0_bogota_grid_load1.6,load1.6,MPC_TrackingG2V,40,2022-01-17,weekday,-7.375618332439799,564,96,564,65,0.9116492797992825,1.0,27,7.375618332439776,0.9116492797992825,65
station_v0_bogota_grid_load1.6__ChargeAsFastAsPossible__seed40__2022-03-05,station_v0_bogota_grid_load1.6,load1.6,ChargeAsFastAsPossible,40,2022-03-05,weekend,-4.583161429615663,489,96,489,61,0.9196211538310493,1.0,27,4.583161429615642,0.9196211538310493,61
station_v0_bogota_grid_load1.6__TD3_vanilla_extended_ts102__seed40__2022-03-05,station_v0_bogota_grid_load1.6,load1.6,TD3_vanilla_extended_ts102,40,2022-03-05,weekend,-4.563825411214245,488,96,488,61,0.9196211538310493,1.0,27,4.563825411214224,0.9196211538310493,61
station_v0_bogota_grid_load1.6__RoundRobin__seed41__2022-01-17,station_v0_bogota_grid_load1.6,load1.6,RoundRobin,41,2022-01-17,weekday,-19.965781295173084,1218,96,1218,94,0.8867237013001353,1.0,27,19.96578129517303,0.8867237013001353,94
station_v0_bogota_grid_load1.6__Optimal_Oracle_Tracking__seed41__2022-01-17,station_v0_bogota_grid_load1.6,load1.6,Optimal_Oracle_Tracking,41,2022-01-17,weekday,-19.95607359631646,1218,96,1218,94,0.8868410480764546,1.0,27,19.956073596316408,0.8868410480764546,94
station_v0_bogota_grid_load1.6__MPC_TrackingG2V__seed41__2022-03-05,station_v0_bogota_grid_load1.6,load1.6,MPC_TrackingG2V,41,2022-03-05,weekend,-7.692857536401612,684,96,684,67,0.9115502850896104,1.0,27,7.692857536401584,0.9115502850896104,67
station_v0_bogota_grid_load1.6__ChargeAsFastAsPossible__seed42__2022-01-17,station_v0_bogota_grid_load1.6,load1.6,ChargeAsFastAsPossible,42,2022-01-17,weekday,-13.053118178936035,965,96,965,75,0.9017581603954844,1.0,27,13.053118178935994,0.9017581603954844,75
station_v0_bogota_grid_load1.6__TD3_vanilla_extended_ts102__seed42__2022-01-17,station_v0_bogota_grid_load1.6,load1.6,TD3_vanilla_extended_ts102,42,2022-01-17,weekday,-13.03646856819026,958,96,958,75,0.9017581603954844,1.0,27,13.036468568190216,0.9017581603954844,75
station_v0_bogota_grid_load1.6__RoundRobin__seed42__2022-03-05,station_v0_bogota_grid_load1.6,load1.6,RoundRobin,42,2022-03-05,weekend,-8.471145022404174,763,96,763,73,0.9098474257894582,1.0,27,8.471145022404142,0.9098474257894582,73
station_v0_bogota_grid_load1.6__Optimal_Oracle_Tracking__seed42__2022-03-05,station_v0_bogota_grid_load1.6,load1.6,Optimal_Oracle_Tracking,42,2022-03-05,weekend,-8.47145259678474,765,96,765,73,0.9101546496591432,1.0,27,8.471452596784708,0.9101546496591432,73
station_v0_bogota_grid_load1.6__MPC_TrackingG2V__seed43__2022-01-17,station_v0_bogota_grid_load1.6,load1.6,MPC_TrackingG2V,43,2022-01-17,weekday,-19.43755498952973,1125,96,1125,73,0.889117641343285,1.0,27,19.437554989529676,0.889117641343285,73
station_v0_bogota_grid_load1.6__ChargeAsFastAsPossible__seed43__2022-03-05,station_v0_bogota_grid_load1.6,load1.6,ChargeAsFastAsPossible,43,2022-03-05,weekend,-5.595235805256939,507,96,507,50,0.9153664716424464,1.0,27,5.595235805256919,0.9153664716424464,50
station_v0_bogota_grid_load1.6__TD3_vanilla_extended_ts102__seed43__2022-03-05,station_v0_bogota_grid_load1.6,load1.6,TD3_vanilla_extended_ts102,43,2022-03-05,weekend,-5.596764717899551,509,96,509,50,0.9144017510023584,1.0,27,5.5967647178995295,0.9144017510023584,50
station_v0_bogota_grid_load1.6__RoundRobin__seed44__2022-01-17,station_v0_bogota_grid_load1.6,load1.6,RoundRobin,44,2022-01-17,weekday,-23.019955276186803,1364,96,1364,96,0.8853123043186955,1.0,27,23.019955276186742,0.8853123043186955,96
station_v0_bogota_grid_load1.6__Optimal_Oracle_Tracking__seed44__2022-01-17,station_v0_bogota_grid_load1.6,load1.6,Optimal_Oracle_Tracking,44,2022-01-17,weekday,-23.01783028012649,1364,96,1364,96,0.8854407433185698,1.0,27,23.017830280126425,0.8854407433185698,96
station_v0_bogota_grid_load1.6__MPC_TrackingG2V__seed44__2022-03-05,station_v0_bogota_grid_load1.6,load1.6,MPC_TrackingG2V,44,2022-03-05,weekend,-6.128106255532998,504,96,504,52,0.9114038569353032,1.0,27,6.128106255532978,0.9114038569353032,52
station_v0_bogota_grid_load1.6__ChargeAsFastAsPossible__seed45__2022-01-17,station_v0_bogota_grid_load1.6,load1.6,ChargeAsFastAsPossible,45,2022-01-17,weekday,-7.1833252662622336,602,96,602,58,0.903826814442848,1.0,27,7.18332526626221,0.903826814442848,58
station_v0_bogota_grid_load1.6__TD3_vanilla_extended_ts102__seed45__2022-01-17,station_v0_bogota_grid_load1.6,load1.6,TD3_vanilla_extended_ts102,45,2022-01-17,weekday,-7.180283358445262,601,96,601,58,0.9044678777185852,1.0,27,7.180283358445237,0.9044678777185852,58
station_v0_bogota_grid_load1.6__RoundRobin__seed45__2022-03-05,station_v0_bogota_grid_load1.6,load1.6,RoundRobin,45,2022-03-05,weekend,-7.696350130082822,718,96,718,77,0.9143954752133864,1.0,27,7.696350130082791,0.9143954752133864,77
station_v0_bogota_grid_load1.6__Optimal_Oracle_Tracking__seed45__2022-03-05,station_v0_bogota_grid_load1.6,load1.6,Optimal_Oracle_Tracking,45,2022-03-05,weekend,-7.721070657637237,717,96,717,76,0.9144862210238706,1.0,27,7.721070657637208,0.9144862210238706,76
station_v0_bogota_grid_load1.6__MPC_TrackingG2V__seed46__2022-01-17,station_v0_bogota_grid_load1.6,load1.6,MPC_TrackingG2V,46,2022-01-17,weekday,-6.956126470312992,631,96,631,61,0.9058516638416032,1.0,27,6.956126470312967,0.9058516638416032,61
station_v0_bogota_grid_load1.6__ChargeAsFastAsPossible__seed46__2022-03-05,station_v0_bogota_grid_load1.6,load1.6,ChargeAsFastAsPossible,46,2022-03-05,weekend,-6.664905908006315,628,96,628,68,0.91209998387836,1.0,27,6.664905908006289,0.91209998387836,68
station_v0_bogota_grid_load1.6__TD3_vanilla_extended_ts102__seed46__2022-03-05,station_v0_bogota_grid_load1.6,load1.6,TD3_vanilla_extended_ts102,46,2022-03-05,weekend,-6.65849546748965,625,96,625,67,0.91209998387836,1.0,27,6.658495467489624,0.91209998387836,67
station_v0_bogota_grid_load1.6__RoundRobin__seed47__2022-01-17,station_v0_bogota_grid_load1.6,load1.6,RoundRobin,47,2022-01-17,weekday,-13.066321617562464,885,96,885,63,0.9069027149890466,1.0,27,13.066321617562428,0.9069027149890466,63
station_v0_bogota_grid_load1.6__Optimal_Oracle_Tracking__seed47__2022-01-17,station_v0_bogota_grid_load1.6,load1.6,Optimal_Oracle_Tracking,47,2022-01-17,weekday,-13.051184345113384,886,96,886,63,0.9070257991155326,1.0,27,13.051184345113349,0.9070257991155326,63
station_v0_bogota_grid_load1.6__MPC_TrackingG2V__seed47__2022-03-05,station_v0_bogota_grid_load1.6,load1.6,MPC_TrackingG2V,47,2022-03-05,weekend,-5.616317115630407,460,96,460,39,0.916337628695711,1.0,27,5.616317115630388,0.916337628695711,39
station_v0_bogota_grid_load1.6__ChargeAsFastAsPossible__seed48__2022-01-17,station_v0_bogota_grid_load1.6,load1.6,ChargeAsFastAsPossible,48,2022-01-17,weekday,-24.15787178256921,1474,96,1474,96,0.8910328459148468,1.0,27,24.15787178256914,0.8910328459148468,96
station_v0_bogota_grid_load1.6__TD3_vanilla_extended_ts102__seed48__2022-01-17,station_v0_bogota_grid_load1.6,load1.6,TD3_vanilla_extended_ts102,48,2022-01-17,weekday,-24.15238209123134,1476,96,1476,96,0.8910328459148468,1.0,27,24.152382091231267,0.8910328459148468,96
station_v0_bogota_grid_load1.6__RoundRobin__seed48__2022-03-05,station_v0_bogota_grid_load1.6,load1.6,RoundRobin,48,2022-03-05,weekend,-5.121184560357801,515,96,515,57,0.9167139728371968,1.0,27,5.1211845603577775,0.9167139728371968,57
station_v0_bogota_grid_load1.6__Optimal_Oracle_Tracking__seed48__2022-03-05,station_v0_bogota_grid_load1.6,load1.6,Optimal_Oracle_Tracking,48,2022-03-05,weekend,-5.119261427171498,516,96,516,57,0.9169418423721478,1.0,27,5.119261427171477,0.9169418423721478,57
station_v0_bogota_grid_load1.6__MPC_TrackingG2V__seed49__2022-01-17,station_v0_bogota_grid_load1.6,load1.6,MPC_TrackingG2V,49,2022-01-17,weekday,-27.506729754222363,1478,96,1478,79,0.8810921604365269,1.0,27,27.5067297542223,0.8810921604365269,79
station_v0_bogota_grid_load1.6__ChargeAsFastAsPossible__seed49__2022-03-05,station_v0_bogota_grid_load1.6,load1.6,ChargeAsFastAsPossible,49,2022-03-05,weekend,-7.048757135093635,573,96,573,52,0.9064623947015245,1.0,27,7.048757135093611,0.9064623947015245,52
station_v0_bogota_grid_load1.6__TD3_vanilla_extended_ts102__seed49__2022-03-05,station_v0_bogota_grid_load1.6,load1.6,TD3_vanilla_extended_ts102,49,2022-03-05,weekend,-7.0314802674898935,572,96,572,52,0.9064622999116216,1.0,27,7.031480267489872,0.9064622999116216,52
